Date,equity,pm_usage
2007-02-16,1000000.0,0.6099345124318873
2007-02-20,1002781.6978438041,0.6082425653992064
2007-02-21,1013494.828040675,0.6018131474938405
2007-02-22,1013714.2973606951,0.6016828548437285
2007-02-23,1012119.744308614,0.6026307814482345
2007-02-26,1003971.3185690944,0.6075218496293238
2007-02-27,964791.9526242587,0.6321927859916844
2007-02-28,974838.0031384173,0.6256778156660381
2007-03-01,973457.8310768243,0.6265649039539668
2007-03-02,968538.3970926846,0.6297473742525455
2007-03-05,960457.1884227226,0.6350460174425172
2007-03-06,981286.7646421087,0.621566023724309
2007-03-07,987195.0069924261,0.6178460264807304
2007-03-08,1000234.4824807048,0.6097915270019232
2007-03-09,1000230.8442307991,0.609793745063862
2007-03-12,1003827.4556385424,0.6076089162593219
2007-03-13,989109.8608807273,0.6166499158028683
2007-03-14,991304.219454145,0.6152848948506884
2007-03-15,997127.1158424814,0.6116918322059153
2007-03-16,994539.2276399725,0.9821266677403133
2007-03-19,1008463.3388344604,0.9685661936981996
2007-03-20,1019785.0006969867,0.9578131634721908
2007-03-21,1018915.8413640927,0.9586302007743943
2007-03-22,1017981.8899482532,0.9595096997538165
2007-03-23,1014034.9113247927,0.9632444471788174
2007-03-26,1015431.8387879977,0.961919313801426
2007-03-27,1009321.1406974372,0.9677430286500599
2007-03-28,990238.708404407,0.9863919570998706
2007-03-29,991058.1330491209,0.9855763905331462
2007-03-30,991309.115398359,0.9853268596108462
2007-04-02,997769.5077028798,0.9789470313918793
2007-04-03,1017924.3427282505,0.9595639445669806
2007-04-04,1025521.6987457826,0.9524552223260191
2007-04-05,1023290.4234526083,0.9545320421190359
2007-04-09,1018349.9939763464,0.9591628647878783
2007-04-10,1016751.064153521,0.9606712321390676
2007-04-11,1020196.3585884931,0.9574269593850402
2007-04-12,1027533.4390020937,0.9505904727807898
2007-04-13,1031496.2458884153,0.9469384900550912
2007-04-16,1037278.5684229075,0.9416597694331578
2007-04-17,1044994.4149415932,0.9347069071499912
2007-04-18,1049630.3841469153,0.9305785277671181
2007-04-19,1048102.6347324506,0.9319349701171296
2007-04-20,1058737.508719714,0.6006293366075545
2007-04-23,1060906.1236927959,0.5994015806887691
2007-04-24,1074885.291331424,0.5916062045245573
2007-04-25,1076479.1044105294,0.5907302844044287
2007-04-26,1070571.7042989228,0.5939899260837362
2007-04-27,1077917.647936903,0.5899419206290611
2007-04-30,1065711.6287964105,0.5966987600783122
2007-05-01,1071302.3929062474,0.5935847914786715
2007-05-02,1078693.089326687,0.589517828375805
2007-05-03,1080758.3189528591,0.5883913140913737
2007-05-04,1087580.4672379822,0.5847004673767356
2007-05-07,1085550.0436098725,0.5857940969623241
2007-05-08,1083995.8878970663,0.5866339666080367
2007-05-09,1092940.1859119094,0.5818331283822981
2007-05-10,1089348.6585056016,0.5837514027659555
2007-05-11,1101094.8393385718,0.5775241012716466
2007-05-14,1099412.13606131,0.5784080297512693
2007-05-15,1100095.7533189147,0.5780485976655784
2007-05-16,1106940.7072368467,0.5744741370034325
2007-05-17,1109701.699735034,0.5730448170492071
2007-05-18,1122415.2000530416,0.633644842568031
2007-05-21,1118549.6563254315,0.635834626305275
2007-05-22,1120724.3330085187,0.6346008396412399
2007-05-23,1110558.6896841524,0.6404097409168411
2007-05-24,1100495.9664435347,0.64626552429083
2007-05-25,1103574.4096358398,0.6444627535068181
2007-05-29,1108535.8058835391,0.6415783765926396
2007-05-30,1119672.971622324,0.6351967232924088
2007-05-31,1123869.059176417,0.6328251471348082
2007-06-01,1121382.3494159079,0.6342284619550347
2007-06-04,1125715.0917726567,0.6317873926817774
2007-06-05,1110868.8718032378,0.6402309226462399
2007-06-06,1091505.805453232,0.6515884745461833
2007-06-07,1043002.1969395513,0.6818898414792064
2007-06-08,1066996.1603978274,0.6665559156917682
2007-06-11,1069906.166704223,0.6647429698666184
2007-06-12,1042443.5527798726,0.6822552653685582
2007-06-13,1072878.1692915203,0.6629015512574246
2007-06-14,1074973.8136090378,0.6616092352480679
2007-06-15,1073204.7314048985,0.6842742385894549
2007-06-18,1073805.8302808164,0.6838911931039148
2007-06-19,1079937.1903199921,0.6800083903167461
2007-06-20,1057473.191569776,0.6944538701189675
2007-06-21,1065524.8468491645,0.6892062185168771
2007-06-22,1047573.4549899189,0.7010165701838582
2007-06-25,1048625.3605561515,0.7003133607632825
2007-06-26,1047347.2284987663,0.7011679894215258
2007-06-27,1060730.2388296875,0.6923215003683876
2007-06-28,1063150.7121345876,0.6907452932597213
2007-06-29,1057540.1596514885,0.6944098942537531
2007-07-02,1095711.72233039,0.6702185761696668
2007-07-03,1102708.6420045441,0.6659658974810693
2007-07-05,1105616.5047547964,0.6642143521505723
2007-07-06,1105120.2505631878,0.6645126175712027
2007-07-09,1126187.3206948563,0.6520818845479313
2007-07-10,1096161.9027810793,0.6699433254973757
2007-07-11,1110505.818742205,0.6612899617801684
2007-07-12,1141250.128298639,0.6434753716325721
2007-07-13,1151748.500949987,0.6376099902252672
2007-07-16,1155724.5509597762,0.6354164145970853
2007-07-17,1155135.1392959384,0.6357406380004056
2007-07-18,1154155.3830865081,0.6362803147603947
2007-07-19,1155550.521543004,0.6355121102382348
2007-07-20,1142687.127693577,0.8758866072249771
2007-07-23,1135366.1599955738,0.8815344218107427
2007-07-24,1102139.3912990694,0.9081104979066965
2007-07-25,1115904.6745451759,0.8969084673859952
2007-07-26,1075578.7290560747,0.930535649653036
2007-07-27,1029052.1077073014,0.9726080379205272
2007-07-30,1031433.214105854,0.9703627318835445
2007-07-31,1007589.1500641139,0.993325852438462
2007-08-01,1025674.4822654116,0.9758109114546439
2007-08-02,1032938.4823897588,0.9689486532437322
2007-08-03,1000548.9324944185,1.000315245852071
2007-08-06,1043817.314065805,0.9588501147740918
2007-08-07,1029970.4115284875,0.9717408774004368
2007-08-08,1005861.8522293929,0.9950316230572469
2007-08-09,977887.9481698811,1.0234959468191633
2007-08-10,988346.9405390585,1.0126649968171053
2007-08-13,987939.3106827936,1.0130828286440539
2007-08-14,963376.3149480328,1.038913180514689
2007-08-15,954289.3401447942,1.0488059640730352
2007-08-16,947342.6992766757,1.056496611162329
2007-08-17,982244.2277014762,0.7232444163732555
2007-08-20,1001996.2672731956,0.7089873250059334
2007-08-21,1033954.5432536182,0.687073390058792
2007-08-22,1056373.5172910094,0.6724919184094349
2007-08-23,1043754.7756267509,0.6806221823257026
2007-08-24,1055667.2816029142,0.6729418118569378
2007-08-27,1048867.1983002182,0.6773046715077213
2007-08-28,1011929.1560095464,0.7020280510558304
2007-08-29,1047851.7536562798,0.677961029049327
2007-08-30,1047732.398233701,0.6780382609123967
2007-08-31,1075018.4570347227,0.6608283314125531
2007-09-04,1108045.788510272,0.6411311342603127
2007-09-05,1093958.0562313306,0.6493874688827467
2007-09-06,1100774.3332675754,0.6453662950980791
2007-09-07,1083184.0459481531,0.6558466733860636
2007-09-10,1088618.86330392,0.6525724265367827
2007-09-11,1103709.1013342324,0.6436502628647116
2007-09-12,1101331.1934201675,0.645039982018314
2007-09-13,1103883.3594554036,0.6435486567624568
2007-09-14,1115052.7048400196,0.6371023092597916
2007-09-17,1135298.537182922,0.6257408337393916
2007-09-18,1170380.5324634782,0.6069843384225305
2007-09-19,1165597.8140839601,0.6094749360509539
2007-09-20,1156197.7260074222,0.614430073005863
2007-09-21,1163079.4180842282,0.5617975472137305
2007-09-24,1163265.7462108885,0.5617075603084377
2007-09-25,1174240.0272055317,0.5564579210006122
2007-09-26,1186284.8475185307,0.5508079831427549
2007-09-27,1194643.67327822,0.5469540239571661
2007-09-28,1187940.656403845,0.5500402404548747
2007-10-01,1206859.3575265566,0.5414178215709068
2007-10-02,1207534.5719291652,0.5411150781799913
2007-10-03,1196051.0679957948,0.5463104225051282
2007-10-04,1204840.6350614096,0.5423249725148824
2007-10-05,1210054.2182581942,0.5399883364193774
2007-10-08,1212661.7906611834,0.5388272058429654
2007-10-09,1228699.217941376,0.5317942379659498
2007-10-10,1239210.777087859,0.5272833131987569
2007-10-11,1223767.5229253198,0.533937330460082
2007-10-12,1237810.6854370963,0.5278797250516206
2007-10-15,1231811.4415748757,0.5304506373630518
2007-10-16,1222590.4300225652,0.534451397826198
2007-10-17,1226987.2861574956,0.5325362142429081
2007-10-18,1232451.7189322703,0.5301750602129681
2007-10-19,1160124.4739061468,0.5596717831447219
2007-10-22,1165388.8513398217,0.5571435939467008
2007-10-23,1205145.6488003195,0.5387638694353916
2007-10-24,1186933.7517125686,0.5470304741474058
2007-10-25,1166906.6217590002,0.5564189292217269
2007-10-26,1175502.6153684272,0.552350053919178
2007-10-29,1182229.8002427984,0.5492070432055925
2007-10-30,1166417.924569083,0.5566520535259748
2007-10-31,1187384.8718795124,0.5468226422264633
2007-11-01,1149184.9243571658,0.5649995220256536
2007-11-02,1166120.5974216964,0.5567939837581718
2007-11-05,1152348.935682726,0.5634481994780555
2007-11-06,1184768.6685722596,0.5480301346619255
2007-11-07,1120982.022767782,0.5792144029016152
2007-11-08,1123432.4507194532,0.5779510219462478
2007-11-09,1092931.0233554763,0.5940804306089352
2007-11-12,1059731.7613389199,0.6126917741528671
2007-11-13,1117529.353408969,0.5810039181523611
2007-11-14,1108687.9707868847,0.5856372127137419
2007-11-15,1104713.496831625,0.5877441842098242
2007-11-16,1145621.1105815023,0.6084461166578381
2007-11-19,1156598.9280358749,0.6026710720528474
2007-11-20,1154902.4787916392,0.603556342370889
2007-11-21,1164126.99632177,0.5987737747659685
2007-11-23,1161386.0066519731,0.600186942069327
2007-11-26,1163245.8917830393,0.5992273179887263
2007-11-27,1168608.5429156828,0.5964775117554897
2007-11-28,1145748.2039524,0.6083786241078094
2007-11-29,1156102.580568961,0.6029298157534699
2007-11-30,1145986.4760236691,0.6082521307870635
2007-12-03,1158881.7901207143,0.6014838802687089
2007-12-04,1161017.7750037517,0.6003772990403203
2007-12-05,1155828.010884871,0.603073043160559
2007-12-06,1151555.5212619626,0.6053105586525915
2007-12-07,1143503.2837102516,0.6095729901473355
2007-12-10,1134514.9726222563,0.6144023946051892
2007-12-11,1131418.0977727368,0.6160841136152376
2007-12-12,1143874.1767180103,0.6093753404719027
2007-12-13,1142111.4909473285,0.6103158241726342
2007-12-14,1137707.1830681607,0.6126784872841875
2007-12-17,1138938.7299264746,0.6120159913602671
2007-12-18,1144526.7084164165,0.6090279158788714
2007-12-19,1141228.093267728,0.6107882552195723
2007-12-20,1140620.9102472235,0.6111133941455389
2007-12-21,1147696.0979020619,0.5612330442187339
2007-12-24,1152453.4349147668,0.5589162697156388
2007-12-26,1155915.3622712146,0.5572423344196407
2007-12-27,1151473.4695685965,0.5593919372756889
2007-12-28,1160999.4716880824,0.5548021257296392
2007-12-31,1152878.8141767217,0.5587100456204585
2008-01-02,1149244.2143741285,0.5604770220351493
2008-01-03,1163873.5995206307,0.5534320695381652
2008-01-04,1116704.3228617806,0.5768088845692257
2008-01-07,1116300.32530333,0.5770176360814993
2008-01-08,1099595.2911409354,0.5857836788253202
2008-01-09,1107932.5726566482,0.5813756096357251
2008-01-10,1105909.0989486703,0.5824393482935188
2008-01-11,1093265.8813224954,0.5891750450351152
2008-01-14,1123491.8724338796,0.5733241073370067
2008-01-15,1090117.3463849528,0.5908767317569833
2008-01-16,1068644.3859948735,0.6027495987487704
2008-01-17,1037778.8442668058,0.6206765327911581
2008-01-18,1072158.2970053235,0.5569950978477759
2008-01-22,1062204.9756170558,0.5622143835297583
2008-01-23,1071206.453575825,0.5574900277675681
2008-01-24,1050767.4737219294,0.5683340324891155
2008-01-25,1058951.5876740299,0.5639416593732074
2008-01-28,1061994.468790417,0.5623258247559091
2008-01-29,1060015.0324020404,0.5633758930715663
2008-01-30,1056814.1365042238,0.5650822551675794
2008-01-31,1084194.0901967946,0.550811815844143
2008-02-01,1066279.5942155381,0.5600659703031599
2008-02-04,1071695.0725978583,0.5572358507734528
2008-02-05,1067714.4119607548,0.5593133415255758
2008-02-06,1066541.2087167583,0.5599285903517114
2008-02-07,1063541.0058953871,0.5615081244996452
2008-02-08,1075212.6370378246,0.5554128504237219
2008-02-11,1092834.7859013143,0.5464567226932254
2008-02-12,1093285.94003314,0.5462312224839211
2008-02-13,1087920.156525333,0.5489253158578453
2008-02-14,1079303.5490379278,0.5533076548123156
2008-02-15,1093597.111362043,0.5328890725828096
2008-02-19,1087364.1671832802,0.5359436774181753
2008-02-20,1091535.0308884415,0.5338957834258636
2008-02-21,1093583.7244494238,0.5328955958505677
2008-02-22,1096984.2560492817,0.5312436776000349
2008-02-25,1093154.1762679024,0.5331049938834416
2008-02-26,1094741.0744651083,0.5323322236152497
2008-02-27,1097619.5806114012,0.5309361829426764
2008-02-28,1103357.0982196808,0.5281752855836784
2008-02-29,1093101.1444470554,0.5331308574814003
2008-03-03,1101698.088436243,0.5289706468313295
2008-03-04,1103286.4486946457,0.5282091075644577
2008-03-05,1098338.6160224252,0.5305886016858941
2008-03-06,1097025.485789763,0.5312237117567217
2008-03-07,1101901.315115356,0.5288730873253836
2008-03-10,1106658.8332799019,0.5265994658225102
2008-03-11,1095238.5327124917,0.5320904378790142
2008-03-12,1110727.8825513094,0.5246703171926884
2008-03-13,1113199.1046219328,0.5235055867664203
2008-03-14,1093196.990162756,0.5330841153946061
2008-03-17,1119331.248607358,0.52063761391279
2008-03-18,1121439.2331031389,0.5196589643474349
2008-03-19,1169366.2795687106,0.4983604886125982
2008-03-20,1187422.779397878,0.48794228120374317
2008-03-24,1169002.5638618076,0.49563088879690614
2008-03-25,1174005.4690069794,0.4935188080705996
2008-03-26,1178975.9785484816,0.4914381550385965
2008-03-27,1188190.4298984848,0.48762703784964107
2008-03-28,1203908.1897353665,0.48126076778333693
2008-03-31,1212165.8944656386,0.47798224845131865
2008-04-01,1206311.3919385248,0.48030200461061084
2008-04-02,1208214.7178104192,0.4795453748342787
2008-04-03,1204278.855250487,0.4811126403213126
2008-04-04,1205231.220988715,0.480732468295488
2008-04-07,1199661.4583087568,0.48296440276534347
2008-04-08,1199586.542751505,0.4829945644469533
2008-04-09,1208877.0029602058,0.4792826551534312
2008-04-10,1207393.625204037,0.4798714914821405
2008-04-11,1233937.4023756208,0.46954876205001966
2008-04-14,1232219.686748684,0.47020331355155454
2008-04-15,1219997.4298831834,0.4749139346860489
2008-04-16,1204816.3519638998,0.4808980047359535
2008-04-17,1205013.2885120786,0.4808194110855916
2008-04-18,1187816.0751954243,0.3189334894411866
2008-04-21,1191126.226033509,0.3180471703137146
2008-04-22,1193267.2195794303,0.3174765211516768
2008-04-23,1192969.0483666484,0.3175558713741081
2008-04-24,1190823.5513591247,0.31812800917821615
2008-04-25,1189280.0724864006,0.31854088405298114
2008-04-28,1193904.4666404957,0.31730706791172836
2008-04-29,1196208.0137651428,0.3166960272101888
2008-04-30,1198271.7382142192,0.316150597226792
2008-05-01,1200361.6807084153,0.3156001493256895
2008-05-02,1197837.3183646793,0.316265255613848
2008-05-05,1201931.8237949735,0.3151878652154179
2008-05-06,1198734.7372215358,0.31602848729860405
2008-05-07,1202357.1029770009,0.3150763818323432
2008-05-08,1207127.1128327746,0.31383134522378353
2008-05-09,1208742.8949837282,0.31341183244887766
2008-05-12,1213633.8983397866,0.31214876759346055
2008-05-13,1206248.0601021934,0.31406004967528545
2008-05-14,1206772.5854330247,0.3139235430513819
2008-05-15,1216502.97399401,0.31141257668497646
2008-05-16,1212007.5361581428,0.28116904426619965
2008-05-19,1214803.9946552569,0.2805217978244502
2008-05-20,1231270.5037778425,0.2767702138071384
2008-05-21,1215697.5328917024,0.28031561417618994
2008-05-22,1199166.226804047,0.2841799518430754
2008-05-23,1187323.0310404245,0.2870145627398463
2008-05-27,1177765.2176625393,0.2893437465077684
2008-05-28,1191927.4220289378,0.2859058314179325
2008-05-29,1158093.3662941214,0.294258658674044
2008-05-30,1173935.78455475,0.2902875992610337
2008-06-02,1186554.531085915,0.2872004544731216
2008-06-03,1177571.8869077768,0.2893912502275159
2008-06-04,1158898.8365624,0.2940541398728615
2008-06-05,1194726.005783272,0.2852361118243166
2008-06-06,1183706.205329958,0.28789153850048826
2008-06-09,1206843.5377962135,0.28237214677165556
2008-06-10,1182256.0634486733,0.2882446629970793
2008-06-11,1183607.9791893058,0.2879154302579371
2008-06-12,1163569.0100041975,0.2928739057632577
2008-06-13,1181952.1500973972,0.2883187788582939
2008-06-16,1191171.1964583113,0.2860873412640003
2008-06-17,1199891.5121326072,0.2840081766886896
2008-06-18,1207949.8140519445,0.28211354198723537
2008-06-19,1185870.0926114107,0.28736621549716734
2008-06-20,1176654.4907741959,0.20116899146124975
2008-06-23,1177159.6627285169,0.20108266083356777
2008-06-24,1177664.5031612774,0.2009964608528064
2008-06-25,1178143.5323391987,0.20091473637122625
2008-06-26,1177620.9380728926,0.20100389654649947
2008-06-27,1177404.2009038036,0.2010408974468529
2008-06-30,1177526.8798947793,0.2010199522821482
2008-07-01,1178361.6284522018,0.2008775502290526
2008-07-02,1177334.4457721973,0.20105280878972578
2008-07-03,1177276.1997062578,0.2010627559331073
2008-07-07,1176568.0290709988,0.20118377463842474
2008-07-08,1180102.177506736,0.20058127314661636
2008-07-09,1177673.343971536,0.20099495196956457
2008-07-10,1179786.0245385773,0.20063502388068458
2008-07-11,1181519.0031580294,0.20034074490102438
2008-07-14,1178469.0860252015,0.20085923340235454
2008-07-15,1178367.9662021457,0.2008764698265644
2008-07-16,1185681.6116511875,0.19963740255510634
2008-07-17,1184717.4367622402,0.19979987620870962
2008-07-18,1188606.177477605,0.2405732247880048
2008-07-21,1189943.6041863328,0.24030283461564342
2008-07-22,1188641.1606909316,0.24056614441360608
2008-07-23,1186890.8832494272,0.2409209011159274
2008-07-24,1190821.1334460927,0.24012575279986456
2008-07-25,1192007.1614414582,0.23988683152955573
2008-07-28,1192710.470179341,0.23974537682706418
2008-07-29,1195081.4056625373,0.23926974326925107
2008-07-30,1195725.9680412842,0.23914076365435116
2008-07-31,1196249.0941652206,0.2390361861199765
2008-08-01,1196807.4595385408,0.23892466481532876
2008-08-04,1197522.6418008273,0.23878197466790765
2008-08-05,1191749.7264839113,0.23993865051043609
2008-08-06,1194794.5093949195,0.23932719716258422
2008-08-07,1196069.862884906,0.23907200573470747
2008-08-08,1191397.6234794732,0.2400095614456777
2008-08-11,1192162.181079028,0.23985563848361643
2008-08-12,1196554.966229288,0.2389750819553549
2008-08-13,1200604.8667862667,0.23816896718413488
2008-08-14,1200916.4897919227,0.2381071652769758
2008-08-15,1201523.5394662598,0.34239891412188117
2008-08-18,1203906.311096216,0.34172123811738
2008-08-19,1201022.3928951973,0.3425417857642109
2008-08-20,1202343.2431520778,0.342165481902318
2008-08-21,1201956.7318614188,0.34227551150531726
2008-08-22,1204123.64854249,0.3416595593842034
2008-08-25,1208823.1454159545,0.3403313021968687
2008-08-26,1210058.1500073886,0.33998395465756304
2008-08-27,1211733.8813553753,0.3395137839547393
2008-08-28,1212775.1186994873,0.33922229180154145
2008-08-29,1212679.7963947533,0.339248956260509
2008-09-02,1217695.8171815774,0.33785149739393444
2008-09-03,1216651.8978063897,0.33814138287777873
2008-09-04,1219043.7518147463,0.3374779244737441
2008-09-05,1216977.9707537468,0.33805078242321995
2008-09-08,1217441.656412848,0.33792202939507116
2008-09-09,1222191.6661177725,0.33660870599119547
2008-09-10,1221670.5763636492,0.33675228262407364
2008-09-11,1223879.6880923377,0.336144442307378
2008-09-12,1221510.4531527315,0.33679642621419886
2008-09-15,1224105.942113472,0.33608231203814437
2008-09-16,1220880.6610313863,0.33697016288027704
2008-09-17,1209973.332958012,0.34000778694798134
2008-09-18,1210319.7443826387,0.33991047168694594
2008-09-19,1201449.1943767308,0.33534322111068193
2008-09-22,1197813.7366506634,0.3363610138331799
2008-09-23,1192859.259711317,0.3377580712586594
2008-09-24,1201841.4409048802,0.3352337747147247
2008-09-25,1209281.001899621,0.33317139871562307
2008-09-26,1215942.327963084,0.3313461778389203
2008-09-29,1193530.7167188497,0.3375680551823067
2008-09-30,1217841.565475895,0.33082943977666474
2008-10-01,1219366.595720364,0.330415679958091
2008-10-02,1211921.5159324664,0.3324454905259541
2008-10-03,1211280.4267563422,0.3326214425193321
2008-10-06,1222550.1989817037,0.3295552552187318
2008-10-07,1206701.7611285318,0.3338835293207234
2008-10-08,1206808.3173035355,0.3338540487882552
2008-10-09,1180917.9362871859,0.3411734469118492
2008-10-10,1187822.9028505923,0.33919016199825236
2008-10-13,1182748.9515218486,0.3406452758421102
2008-10-14,1192160.794989719,0.33795595739801293
2008-10-15,1208544.0972865561,0.3333745485561676
2008-10-16,1198444.328388413,0.33618402899441857
2008-10-17,1193154.9210389655,0.49582839483642827
2008-10-20,1205949.6815072892,0.4905678059058882
2008-10-21,1235867.388847608,0.478692208102988
2008-10-22,1210592.0445292515,0.4886865827042371
2008-10-23,1214585.3075715601,0.48707989928906664
2008-10-24,1183113.938431313,0.5000364462566776
2008-10-27,1206068.343319749,0.4905195402621495
2008-10-28,1220513.8106350203,0.48471396565527786
2008-10-29,1198823.5380129386,0.4934838785952754
2008-10-30,1192628.0721164325,0.4960474293046655
2008-10-31,1218624.4526931462,0.4854654672179818
2008-11-03,1252273.4954854518,0.4724208341250551
2008-11-04,1279056.383759959,0.4625285458885301
2008-11-05,1270824.080805952,0.4655247710719685
2008-11-06,1225947.5102303058,0.4825655946548624
2008-11-07,1273988.7903486306,0.4643683631847675
2008-11-10,1272676.1450241036,0.46484731532288687
2008-11-11,1265048.9927488698,0.46764994295155854
2008-11-12,1201145.3369190367,0.492529980433011
2008-11-13,1279335.2180519074,0.4624277366418378
2008-11-14,1254273.1233929938,0.47166767608762117
2008-11-17,1238457.250436458,0.47769116703983394
2008-11-18,1252257.8943430292,0.4724267197375554
2008-11-19,1220109.3257180685,0.48487465575411637
2008-11-20,1095355.1513531362,0.5400988789426956
2008-11-21,1175954.849092079,0.3743765227300567
2008-11-24,1098080.4291026935,0.4009268133941659
2008-11-25,1112175.2253596468,0.3958457959250769
2008-11-26,1096604.268233061,0.4014665089713794
2008-11-28,1080718.566955419,0.40736774656412655
2008-12-01,1123358.948122408,0.3919049098478084
2008-12-02,1130667.818872844,0.3893715554136171
2008-12-03,1131876.409264584,0.3889557938367896
2008-12-04,1128577.67207783,0.3900926787609531
2008-12-05,1129061.7373344956,0.3899254334222583
2008-12-08,1131127.1219714629,0.38921344801928304
2008-12-09,1128542.6364232334,0.3901047892049121
2008-12-10,1136427.1981534506,0.38739823193777057
2008-12-11,1130480.232585886,0.389436165799736
2008-12-12,1127222.0038065142,0.3905618288180696
2008-12-15,1122584.587865505,0.39217524634623513
2008-12-16,1157356.390601282,0.38039266976520336
2008-12-17,1156286.5878327698,0.3807446111744688
2008-12-18,1144069.7209788791,0.3848103653280487
2008-12-19,1126777.7916629387,0.41557336072703666
2008-12-22,1121042.862013046,0.4176993133278671
2008-12-23,1123726.2254991215,0.4167018825835192
2008-12-24,1125482.2824164848,0.41605171488668263
2008-12-26,1131295.5747544388,0.41391378533023726
2008-12-29,1128831.2008527631,0.4148174087677725
2008-12-30,1144968.6510705561,0.40897087726911113
2008-12-31,1142563.901647372,0.4098316365490027
2009-01-02,1126240.790689404,0.41577150956086545
2009-01-05,1100734.3320741793,0.42540585864310065
2009-01-06,1101439.7875143783,0.42513339265751143
2009-01-07,1091413.5334394039,0.4290388742004309
2009-01-08,1099986.8329740427,0.42569494437303507
2009-01-09,1096146.0110849037,0.4271865508231881
2009-01-12,1089053.5793440507,0.42996859158756334
2009-01-13,1094057.6512778539,0.42800197332108797
2009-01-14,1087041.2857938942,0.4307645346993189
2009-01-15,1123834.575712738,0.4166617078647767
2009-01-16,1143465.4709276978,0.369787491362776
2009-01-20,1149626.5368619927,0.3678057302926268
2009-01-21,1138902.005977003,0.3712691923758424
2009-01-22,1124425.7155694386,0.37604905517495374
2009-01-23,1117678.302398552,0.37831925970727914
2009-01-26,1118554.3533037796,0.37802296035539457
2009-01-27,1130514.954884337,0.374023559907325
2009-01-28,1116160.8703711345,0.37883358857913596
2009-01-29,1115293.2613856413,0.3791282908218892
2009-01-30,1115219.9839813688,0.37915320208373593
2009-02-02,1135956.1199650264,0.37223200836959
2009-02-03,1125882.5985465269,0.37556245073880584
2009-02-04,1125411.2274714983,0.37571975259596146
2009-02-05,1124449.6263816892,0.37604105869548116
2009-02-06,1120623.2482490777,0.37732505426330887
2009-02-09,1139415.1381799567,0.371101992404393
2009-02-10,1140772.6231363318,0.37066039224520897
2009-02-11,1154022.8768828814,0.36640454571960923
2009-02-12,1152025.7088995478,0.367039749797093
2009-02-13,1139045.0610605692,0.37122256389102065
2009-02-17,1136359.2523218805,0.3720999561453273
2009-02-18,1133044.4175914617,0.3731885717712176
2009-02-19,1118004.4566720566,0.3782088930244218
2009-02-20,1114970.987467799,0.29357852160953246
2009-02-23,1121752.659764524,0.29180366214333714
2009-02-24,1113591.2173849815,0.29394227345558765
2009-02-25,1107440.4512947295,0.2955748399434277
2009-02-26,1096766.4465545325,0.29845144804221696
2009-02-27,1109887.2576217533,0.2949232292653915
2009-03-02,1124572.8325941078,0.2910718849425209
2009-03-03,1125593.1900786555,0.2908080264020106
2009-03-04,1131990.727809263,0.28916450117201964
2009-03-05,1135972.700516887,0.2881508807292425
2009-03-06,1136921.99302181,0.2879102842124699
2009-03-09,1145651.8233583441,0.2857164170339143
2009-03-10,1129676.6309427475,0.2897568429517299
2009-03-11,1137338.2022808401,0.2878049233569047
2009-03-12,1125094.7523657754,0.2909368597178377
2009-03-13,1126849.8067993969,0.29048372920969845
2009-03-16,1124407.918827296,0.2911145756423596
2009-03-17,1119546.3490517351,0.2923787250215853
2009-03-18,1113716.4083167848,0.293909231913921
2009-03-19,1139489.7232250634,0.2872615061519646
2009-03-20,1162227.10646495,0.28735358942992784
2009-03-23,1160417.49383094,0.28780170287928974
2009-03-24,1166168.0758632605,0.2863825015345576
2009-03-25,1160482.0464843593,0.2877856937013488
2009-03-26,1167237.9122415294,0.2861200165561071
2009-03-27,1171357.2107177714,0.28511382157353665
2009-03-30,1176280.2948924222,0.28392053511872
2009-03-31,1179850.0974875488,0.28306149356315724
2009-04-01,1182717.1057132976,0.2823753281001585
2009-04-02,1180642.5063359898,0.2828715118955918
2009-04-03,1171581.4783045815,0.28505924424373535
2009-04-06,1173334.3162830481,0.28463339573450036
2009-04-07,1176126.600565895,0.2839576373961545
2009-04-08,1181463.7679774822,0.2826748816404055
2009-04-09,1176004.0486852247,0.28398722874197724
2009-04-13,1188782.7364107345,0.28093453963153175
2009-04-14,1194603.2592705765,0.2795657287754129
2009-04-15,1194327.0078961533,0.279630393156529
2009-04-16,1191695.9769690575,0.28024776220599246
2009-04-17,1182760.9310793725,0.21907044806011483
2009-04-20,1189933.7861125527,0.21774990351862183
2009-04-21,1187107.9250041903,0.21826824811959883
2009-04-22,1183954.5167308103,0.21884959553599878
2009-04-23,1185369.5757832231,0.21858833937791367
2009-04-24,1181556.4208708785,0.2192937743324847
2009-04-27,1185332.0585742353,0.2185952579661282
2009-04-28,1178008.9213761222,0.2199541636890771
2009-04-29,1176442.3898000629,0.22024705108049727
2009-04-30,1174294.548621859,0.22064989352428097
2009-05-01,1170302.8335170122,0.22140249489175504
2009-05-04,1174357.3011414204,0.22063810295871275
2009-05-05,1174860.0292475817,0.22054369088162598
2009-05-06,1174374.977899415,0.2206347819016196
2009-05-07,1165758.3916290433,0.2222655817707445
2009-05-08,1167419.6281011144,0.22194929816368864
2009-05-11,1175110.3180824954,0.2204967168889813
2009-05-12,1177643.9748346712,0.22002232648957656
2009-05-13,1183932.6410725934,0.21885363924489468
2009-05-14,1189947.6184158684,0.21774737232929398
2009-05-15,1191174.6387143815,0.29389592601143455
2009-05-18,1191654.058126845,0.29377768749144384
2009-05-19,1192012.6505999963,0.29368931052039304
2009-05-20,1192639.1288425238,0.29353503924197
2009-05-21,1192984.615668533,0.29345003186828034
2009-05-22,1193542.5762152623,0.29331284904507665
2009-05-26,1194719.1434196685,0.2930239926383486
2009-05-27,1196050.4322406251,0.2926978361861155
2009-05-28,1195419.5567497746,0.29285230571108867
2009-05-29,1196100.1770895838,0.2926856631173956
2009-06-01,1193329.7421616828,0.29336516229968146
2009-06-02,1196026.6982991607,0.2927036444789577
2009-06-03,1195466.6536841034,0.29284076842080325
2009-06-04,1196560.2569091835,0.29257312489267273
2009-06-05,1196694.4910919513,0.2925403067301324
2009-06-08,1199503.7932103612,0.29185516166592407
2009-06-09,1201912.4141666256,0.29127028671971605
2009-06-10,1200580.540641792,0.2915934097175662
2009-06-11,1199052.9137644942,0.2919649078598199
2009-06-12,1197225.6098070915,0.2924105286577587
2009-06-15,1200743.5925010885,0.2915538135474013
2009-06-16,1200124.9732654737,0.2917040985604583
2009-06-17,1200933.4391156205,0.29150772397852676
2009-06-18,1196481.560955294,0.29259236824910817
2009-06-19,1198950.3671399977,0.26854336545057134
2009-06-22,1185617.7552807073,0.27156321265089634
2009-06-23,1173859.08712682,0.2742834895013156
2009-06-24,1173509.7572532033,0.27436513809105284
2009-06-25,1194044.370106056,0.2696467356329274
2009-06-26,1192932.7854882798,0.26989799468725917
2009-06-29,1204913.4812231767,0.26721434494460355
2009-06-30,1197195.821390493,0.2689369281510005
2009-07-01,1200863.3941184613,0.2681155643322172
2009-07-02,1174617.2144400633,0.27410646008066153
2009-07-06,1189692.8000849478,0.2706330294484285
2009-07-07,1173356.4602292173,0.27440098342926034
2009-07-08,1194286.9244400666,0.2695919715866659
2009-07-09,1188093.843915278,0.27099725181551604
2009-07-10,1184178.4422432121,0.2718932849259261
2009-07-13,1206729.25817577,0.2668122649870112
2009-07-14,1214473.8255683072,0.2651108322151848
2009-07-15,1215986.4428831327,0.26478104956217613
2009-07-16,1233673.9048240369,0.26098482373743387
2009-07-17,1227214.8262865678,0.2324920530117568
2009-07-20,1239599.214355371,0.23016930887472725
2009-07-21,1232338.8749277294,0.23152535414949327
2009-07-22,1235714.1822349185,0.23089295125981618
2009-07-23,1253641.0031925226,0.2275912272518532
2009-07-24,1245674.5659467187,0.22904673680399648
2009-07-27,1242690.1318125657,0.22959681351430006
2009-07-28,1248594.7723790829,0.22851104358396754
2009-07-29,1248480.8573912694,0.22853189358946902
2009-07-30,1264773.0436146625,0.22558805778656218
2009-07-31,1259647.2599329562,0.2265060255559294
2009-08-03,1266102.9953834903,0.22535109346567075
2009-08-04,1252211.0114076901,0.22785113040100713
2009-08-05,1229364.3830321266,0.23208553817552277
2009-08-06,1215243.2938315745,0.2347823648960403
2009-08-07,1222633.9597832127,0.23336313552129762
2009-08-10,1210594.1144531495,0.23568402575516778
2009-08-11,1213998.6812420161,0.23502306786522056
2009-08-12,1217370.7573674335,0.23437206185799195
2009-08-13,1218715.5614194127,0.23411344162827216
2009-08-14,1209542.6492201912,0.23588890778988147
2009-08-17,1194762.1078373254,0.23880711698021015
2009-08-18,1202869.5602960524,0.23719753485124997
2009-08-19,1206082.105980273,0.2365657305046671
2009-08-20,1198652.237514572,0.23803208763989983
2009-08-21,1210108.7917297033,0.4206776038815653
2009-08-24,1188931.651700008,0.4281706742460546
2009-08-25,1202440.6654530368,0.4233603216912744
2009-08-26,1202347.697571218,0.4233930567415708
2009-08-27,1201970.1350998452,0.4235260528320703
2009-08-28,1204081.2683728663,0.42278347841819097
2009-08-31,1191089.8790101008,0.42739483888818325
2009-09-01,1148175.0987359146,0.44336936718216974
2009-09-02,1142919.644855878,0.44540809953884447
2009-09-03,1167295.4790315584,0.4361069464290326
2009-09-04,1176821.1522618942,0.4325769178795134
2009-09-08,1188603.678745728,0.42828881993538703
2009-09-09,1193450.5749136503,0.4265494337523782
2009-09-10,1199662.17948748,0.4243408483197752
2009-09-11,1188943.256262861,0.4281664951286115
2009-09-14,1181100.331024795,0.43100967256454087
2009-09-15,1192610.738156979,0.4268498099619335
2009-09-16,1218255.9957629791,0.4178642819829062
2009-09-17,1199277.7272356716,0.42447687919149574
2009-09-18,1200859.7712537767,0.1875
2009-09-21,1199549.5512348465,0.18770479875407942
2009-09-22,1216726.6634914223,0.1850548803327597
2009-09-23,1210137.1528296985,0.18606255215252437
2009-09-24,1192680.6710935235,0.18878582722703252
2009-09-25,1182510.5039514794,0.19040947742762876
2009-09-28,1203760.3227381243,0.1870482045777368
2009-09-29,1201920.605633651,0.18733450949647248
2009-09-30,1200812.463547729,0.18750738682779636
2009-10-01,1170564.4674643492,0.19235267545564777
2009-10-02,1162569.7484152953,0.19367543961728018
2009-10-05,1187010.6893481773,0.18968759854532213
2009-10-06,1199053.7889742283,0.18778240741201863
2009-10-07,1203565.4660101843,0.1870784876010873
2009-10-08,1203932.4564235061,0.18702146113658588
2009-10-09,1211100.4812079305,0.18591455507103033
2009-10-12,1225142.081754101,0.18378375085092816
2009-10-13,1222043.0700814321,0.18424981297515095
2009-10-14,1245934.969243349,0.1807166607153041
2009-10-15,1242283.713519278,0.18124781373187426
2009-10-16,1222682.9643307917,0.2464506405917456
2009-10-19,1247101.6046295497,0.24162505980372637
2009-10-20,1246550.020646046,0.24173197610134256
2009-10-21,1238176.3437584792,0.24336678803380224
2009-10-22,1247140.9464866174,0.24161743758701257
2009-10-23,1224688.0540862218,0.24604714547066484
2009-10-26,1208564.5667939116,0.2493296660180192
2009-10-27,1179707.6445088573,0.2554285387591855
2009-10-28,1151215.3864240155,0.2617503234872087
2009-10-29,1178092.30276515,0.25577876970477725
2009-10-30,1144127.5870923363,0.26337185048193346
2009-11-02,1157599.3592238803,0.2603068128872906
2009-11-03,1165218.1149566346,0.2586048019096859
2009-11-04,1163380.1113368312,0.25901336705307854
2009-11-05,1179413.8286234997,0.2554921711844121
2009-11-06,1191851.1780678956,0.2528260284043385
2009-11-09,1211737.8045680511,0.24867673407891544
2009-11-10,1210128.9937733565,0.2490073383502238
2009-11-11,1217106.9820352904,0.2475797150518695
2009-11-12,1213740.75800471,0.248266359857027
2009-11-13,1219687.14069008,0.24705597833018858
2009-11-16,1234261.2747626528,0.2441387459538368
2009-11-17,1241104.5268271952,0.24279260391570048
2009-11-18,1238659.6971265934,0.24327182074217552
2009-11-19,1228050.66895644,0.24537342588315184
2009-11-20,1224758.2806145223,0.44652145620080835
2009-11-23,1226714.023004415,0.4458095698739938
2009-11-24,1226423.5556114607,0.44591515586255615
2009-11-25,1226110.1441773728,0.4460291382067559
2009-11-27,1195065.092551495,0.45761595277324185
2009-11-30,1194696.4144619629,0.4577571710552803
2009-12-01,1213553.7505730947,0.4506441108980406
2009-12-02,1226298.2066096342,0.44596073614587173
2009-12-03,1220561.8913972501,0.44805663261200757
2009-12-04,1229140.49512949,0.4449294878177298
2009-12-07,1216781.1724647845,0.4494488107883855
2009-12-08,1204504.1287323073,0.4540298683156571
2009-12-09,1207560.3340968057,0.45288076753782586
2009-12-10,1217156.0466526456,0.44931038420093783
2009-12-11,1210747.7635244934,0.4516885080687835
2009-12-14,1224819.0162268775,0.44649931435477824
2009-12-15,1221167.333611883,0.44783449073802933
2009-12-16,1235449.1999876518,0.442657497337374
2009-12-17,1217770.6809610846,0.44908360786152896
2009-12-18,1232849.4001434173,0.19000922181463595
2009-12-21,1257531.8937061862,0.18627977255153658
2009-12-22,1272987.9897951677,0.18401804024371374
2009-12-23,1297729.700027552,0.1805096663279865
2009-12-24,1307632.7704858535,0.17914261589578728
2009-12-28,1302661.9564757545,0.17982620431293098
2009-12-29,1297753.5310647797,0.18050635157485714
2009-12-30,1296210.317127066,0.1807212549079934
2009-12-31,1286517.5170588533,0.1820828337195313
2010-01-04,1310845.297230367,0.17870358586999913
2010-01-05,1343764.357572364,0.17432576910961603
2010-01-06,1342221.8948000062,0.17452610186395118
2010-01-07,1340637.9978501494,0.17473229575138088
2010-01-08,1348786.5614852668,0.17367666747653182
2010-01-11,1346173.3070386543,0.1740138167285507
2010-01-12,1312387.8449090852,0.17849354216787885
2010-01-13,1334059.3091425137,0.17559395862726737
2010-01-14,1332461.567016026,0.17580451169071054
2010-01-15,1311344.6074027834,0.25687602019438216
2010-01-19,1316701.2868320483,0.25583098248764663
2010-01-20,1304434.2071389954,0.258236852429536
2010-01-21,1283276.882331763,0.2624943911098257
2010-01-22,1240549.999496906,0.27153519325266956
2010-01-25,1261027.155015844,0.2671258763248118
2010-01-26,1265053.8695172702,0.26627560451756155
2010-01-27,1272273.90103829,0.26476451617697194
2010-01-28,1250362.379137157,0.26940428588826
2010-01-29,1230578.366242185,0.273735499577844
2010-02-01,1259471.9735789923,0.26745572026963776
2010-02-02,1274975.500926526,0.26420349536771504
2010-02-03,1276887.848329405,0.26380780762672895
2010-02-04,1244615.2505146277,0.2706482856559153
2010-02-05,1237779.3177330086,0.2721430056449298
2010-02-08,1235247.0854051039,0.2727008934755101
2010-02-09,1243696.303554097,0.2708482632700367
2010-02-10,1242236.0847471026,0.2711666389256185
2010-02-11,1252396.9717402002,0.2689666227673289
2010-02-12,1251883.8141777657,0.2690768744176438
2010-02-16,1265773.57370984,0.2661242032931003
2010-02-17,1268294.751434609,0.2655951887145841
2010-02-18,1283780.9095113631,0.26239133278684257
2010-02-19,1285325.4230611357,0.47053566901160737
2010-02-22,1288634.1865834617,0.4693274973878926
2010-02-23,1266257.5087658197,0.4776212213163257
2010-02-24,1285571.8919517456,0.4704454582617771
2010-02-25,1286814.794159554,0.46999106676629476
2010-02-26,1290905.6718814448,0.4685016659321349
2010-03-01,1303127.4595546813,0.4641076768072822
2010-03-02,1314146.0429845846,0.4602163215164003
2010-03-03,1314164.630291709,0.4602098122998877
2010-03-04,1316219.6263819549,0.4594912928780427
2010-03-05,1330948.9779235371,0.4544061927762673
2010-03-08,1329208.9076734444,0.4550010569040528
2010-03-09,1330564.014552971,0.45453766314346794
2010-03-10,1344072.7803611008,0.449969277463691
2010-03-11,1352377.592886182,0.4472060621375578
2010-03-12,1354523.798702355,0.4464974763950947
2010-03-15,1354352.9349210924,0.4465538060601133
2010-03-16,1379297.5379447665,0.4384778781950653
2010-03-17,1405264.8933313545,0.4303754122854131
2010-03-18,1391974.252892829,0.4344846584488247
2010-03-19,1372770.2630048036,0.1875
2010-03-22,1397300.6726544122,0.1842083306411324
2010-03-23,1412113.2146026117,0.1822760538260631
2010-03-24,1402633.931244644,0.18350791220699947
2010-03-25,1385652.573128585,0.18575682628167367
2010-03-26,1394908.4093404626,0.1845242473196511
2010-03-29,1406018.262241792,0.1830662027838844
2010-03-30,1397803.2229425625,0.18414210247101234
2010-03-31,1395281.0362279469,0.1844749678597009
2010-04-01,1414424.005878454,0.18197826340874435
2010-04-05,1427446.455309799,0.18031809414353012
2010-04-06,1428382.3973847015,0.1801999414055209
2010-04-07,1422128.0674239704,0.18099243676390028
2010-04-08,1430650.2583167288,0.17991428919619057
2010-04-09,1439415.2889581188,0.17881873722468833
2010-04-12,1441360.5947581162,0.17857739780696283
2010-04-13,1441348.2807819715,0.17857892346030138
2010-04-14,1470659.884918063,0.1750196812689572
2010-04-15,1470034.5247553382,0.17509413553143557
2010-04-16,1430913.6700541195,0.3365323355319897
2010-04-19,1429610.7312313253,0.33683904912577517
2010-04-20,1454856.1711160939,0.3309940383718779
2010-04-21,1458568.3131039091,0.33015163911192
2010-04-22,1467640.6930588493,0.3281107709846355
2010-04-23,1476689.0015961018,0.3261002951924708
2010-04-26,1477414.0808245349,0.32594025302589147
2010-04-27,1427069.9608238563,0.3374387609209872
2010-04-28,1434052.217364883,0.3357958054085541
2010-04-29,1454825.4317502677,0.3310010320266558
2010-04-30,1413506.8042865072,0.340676619219413
2010-05-03,1429660.6924961745,0.3368272778677185
2010-05-04,1374760.798253532,0.35027818653231413
2010-05-05,1350538.865480772,0.3565604305334371
2010-05-06,1308878.7947498187,0.3679093291598538
2010-05-07,1287439.869566685,0.37403589147044136
2010-05-10,1314460.1706445352,0.36634713632429056
2010-05-11,1317539.6687492146,0.3654908696488163
2010-05-12,1319038.5160585255,0.36507555576686246
2010-05-13,1321004.5147370293,0.3645322282822213
2010-05-14,1315020.4844338347,0.36619104038922135
2010-05-17,1314855.6855214392,0.3662369373540743
2010-05-18,1308410.4730137284,0.3680410156139977
2010-05-19,1308939.684823586,0.36789221452389925
2010-05-20,1288630.459608787,0.3736903126394795
2010-05-21,1296193.91587127,0.44901899491329617
2010-05-24,1313369.414570246,0.4431469797152932
2010-05-25,1327707.6667643175,0.43836132296776237
2010-05-26,1330479.3099458935,0.43744813238840674
2010-05-27,1308208.8719649543,0.44489507890513597
2010-05-28,1312263.6935068637,0.4435203779523015
2010-06-01,1311973.6549261566,0.44361842719319355
2010-06-02,1314993.8618615502,0.44259954833045834
2010-06-03,1311254.894277922,0.44386159537482595
2010-06-04,1323519.845092939,0.43974836605217466
2010-06-07,1332044.9952955723,0.43693395596452933
2010-06-08,1334379.4136328814,0.4361695656954831
2010-06-09,1336891.275935997,0.43535005410949434
2010-06-10,1309403.960879817,0.44448902455295636
2010-06-11,1322951.8017238092,0.4399371833190593
2010-06-14,1311023.900087126,0.44393980100482416
2010-06-15,1308252.9198431752,0.4448800996270778
2010-06-16,1314418.0963484999,0.4427934238992201
2010-06-17,1322616.786449673,0.44004861822415225
2010-06-18,1324006.934079429,0.5422128250626725
2010-06-21,1317979.5365998768,0.5446924782927938
2010-06-22,1289364.8453707069,0.5567807612463425
2010-06-23,1297987.4757287677,0.5530820239438031
2010-06-24,1261493.320921091,0.5690823155572463
2010-06-25,1296591.1878298703,0.5536776332186301
2010-06-28,1286543.9786098807,0.5580015546032585
2010-06-29,1215835.5287927757,0.5904528393265361
2010-06-30,1204442.542864349,0.596038013089868
2010-07-01,1213839.5059188837,0.5914237727716113
2010-07-02,1206267.0885015118,0.5951364726543106
2010-07-06,1199377.3950014452,0.5985551696419206
2010-07-07,1217465.3264809572,0.589662411335214
2010-07-08,1219035.7392222364,0.5889027835950092
2010-07-09,1226124.3584116928,0.5854981472350209
2010-07-12,1226674.5843821994,0.585235521522877
2010-07-13,1235478.0988825886,0.5810653711944096
2010-07-14,1242806.4047357065,0.5776390734665074
2010-07-15,1248705.5526436125,0.5749101848790014
2010-07-16,1271350.139708465,0.5124581907453669
2010-07-19,1266129.9482225413,0.5145710306540795
2010-07-20,1274121.5051807964,0.5113435333676597
2010-07-21,1278876.4322181854,0.5094423323360739
2010-07-22,1271592.925606123,0.5123603468368747
2010-07-23,1270221.211691595,0.5129136455934532
2010-07-26,1270499.9846220594,0.5128011021524552
2010-07-27,1268955.8895677163,0.5134250904661586
2010-07-28,1266835.4121593095,0.5142844809558726
2010-07-29,1269860.1116920402,0.5130594987590815
2010-07-30,1278459.6675492034,0.5096084052833798
2010-08-02,1278865.6021397868,0.5094466465504758
2010-08-03,1281513.4067319436,0.5083940511089383
2010-08-04,1277049.50069561,0.5101711343561774
2010-08-05,1281356.0467469885,0.5084564856527459
2010-08-06,1285479.3269418462,0.5068255698431339
2010-08-09,1285600.9184269584,0.5067776345368917
2010-08-10,1288598.6948274963,0.5055986747573783
2010-08-11,1293465.2792762443,0.50369639049254
2010-08-12,1295782.895269057,0.5027954874057732
2010-08-13,1303684.2338694313,0.49974815639606857
2010-08-16,1317914.2538385545,0.49435218604038283
2010-08-17,1321428.4590372248,0.4930375064523385
2010-08-18,1325982.527922619,0.49134417586902784
2010-08-19,1326127.3437209886,0.4912905200874472
2010-08-20,1325572.763814276,0.5087841864607902
2010-08-23,1328162.3376284433,0.507792188593516
2010-08-24,1337347.9104940956,0.5043044184236644
2010-08-25,1342417.2325178683,0.5024000317448626
2010-08-26,1351749.4421206785,0.4989315617351054
2010-08-27,1344911.2854717837,0.5014683626476099
2010-08-30,1348129.315088248,0.5002713409489797
2010-08-31,1353033.556690116,0.49845804407221495
2010-09-01,1349886.1411118587,0.4996202566212884
2010-09-02,1340224.1699947088,0.503222129052105
2010-09-03,1331333.2442933612,0.506582753133156
2010-09-07,1340836.1601460213,0.5029924462645607
2010-09-08,1339188.8789522366,0.5036111565976361
2010-09-09,1329739.5759754542,0.5071898832048276
2010-09-10,1326137.3536504742,0.5085675766354931
2010-09-13,1331734.4009595583,0.5064301558523068
2010-09-14,1334706.7585835506,0.5053023489201199
2010-09-15,1325897.0717714615,0.5086597403301875
2010-09-16,1322508.3096093512,0.5099631173062679
2010-09-17,1325666.31095663,0.5573030606308328
2010-09-20,1347649.6071342726,0.5482121528921318
2010-09-21,1339797.7684984207,0.5514249313158085
2010-09-22,1332434.996707642,0.5544719962300866
2010-09-23,1332514.2452411049,0.5544390201529419
2010-09-24,1354523.8838516339,0.5454299486920221
2010-09-27,1352616.0091397709,0.5461992815989009
2010-09-28,1368322.9790140938,0.5399294638782102
2010-09-29,1367044.2258194024,0.5404345218081601
2010-09-30,1357961.269806416,0.5440493104612876
2010-10-01,1361779.642474023,0.5425238191467591
2010-10-04,1351394.0834349906,0.5466931530389931
2010-10-05,1384594.520847353,0.5335842958696535
2010-10-06,1366506.4403760484,0.5406472085620069
2010-10-07,1361406.8870879144,0.5426723630373455
2010-10-08,1382003.5330507653,0.5345846626313775
2010-10-11,1371296.5023909162,0.5387586792376325
2010-10-12,1378834.0123429713,0.5358135104427251
2010-10-13,1386756.9231935053,0.5327522654582952
2010-10-14,1381115.0083371515,0.5349285816253784
2010-10-15,1377538.165618012,0.29333221548181654
2010-10-18,1375521.5716598958,0.29376225742783096
2010-10-19,1355023.718302217,0.2982060878888365
2010-10-20,1370768.0253009251,0.294780965541403
2010-10-21,1368250.1724748642,0.2953234212283004
2010-10-22,1387792.7344362896,0.29116474816797594
2010-10-25,1405963.7455104808,0.28740166545672624
2010-10-26,1388675.8311554624,0.29097958858783696
2010-10-27,1387045.7216271334,0.29132155900201323
2010-10-28,1377596.8759254254,0.29331971427420916
2010-10-29,1397748.1265960569,0.2890909415958497
2010-11-01,1396615.415104142,0.28932540602192774
2010-11-02,1419771.2914059109,0.2846066295870495
2010-11-03,1416790.1301490963,0.2852054891072441
2010-11-04,1442147.9699908926,0.2801906118094392
2010-11-05,1433392.8965204426,0.2819019984069847
2010-11-08,1444019.7992449033,0.27982741112191517
2010-11-09,1425261.2264739885,0.28351035903162103
2010-11-10,1439416.9653975158,0.2807222172207047
2010-11-11,1434975.5697066751,0.28159108110397074
2010-11-12,1411496.3401712503,0.28627514682926086
2010-11-15,1395466.0721155584,0.2895637021249109
2010-11-16,1388652.0046596157,0.2909845812166134
2010-11-17,1386649.7096504925,0.29140475725000303
2010-11-18,1409853.8032801803,0.2866086689920337
2010-11-19,1438055.6997165738,0.2967644241419918
2010-11-22,1455437.5520658381,0.29322025600119533
2010-11-23,1440791.7844899918,0.2962008641391323
2010-11-24,1452783.5715452284,0.29375591792835193
2010-11-26,1461953.7461502606,0.29191331992156955
2010-11-29,1460971.1700299475,0.29210964621687235
2010-11-30,1460374.0182961372,0.29222909081087073
2010-12-01,1469374.093442105,0.2904391560428128
2010-12-02,1479931.913638612,0.28836716586592276
2010-12-03,1480125.4810015096,0.2883294538796355
2010-12-06,1501443.5621604314,0.28423563986409617
2010-12-07,1483843.5514733975,0.28760698605101503
2010-12-08,1488060.084662675,0.2867920294409619
2010-12-09,1491708.4678186171,0.28609060068859915
2010-12-10,1487469.18805313,0.2869059574733556
2010-12-13,1488351.364339372,0.2867359024459415
2010-12-14,1463627.6660744152,0.29157946484785846
2010-12-15,1448189.03201028,0.29468789099865844
2010-12-16,1470371.281020132,0.2902421838070809
2010-12-17,1478989.7307910188,0.3039046904289512
2010-12-20,1488430.5548336527,0.301977082386538
2010-12-21,1501867.6852487777,0.29927530946854974
2010-12-22,1499035.159119285,0.29984080996987206
2010-12-23,1493855.1573968497,0.3008805198135003
2010-12-27,1496036.8228223706,0.30044174677177027
2010-12-28,1491161.2705385983,0.30142408146189037
2010-12-29,1497042.0373217156,0.3002400100185366
2010-12-30,1496428.9684190375,0.30036301472999755
2010-12-31,1494994.748777461,0.3006511672707882
2011-01-03,1528223.4240435727,0.29411400794680337
2011-01-04,1529330.6688466584,0.29390106759750706
2011-01-05,1549179.510358446,0.2901354641462076
2011-01-06,1541380.3213437924,0.29160351281232644
2011-01-07,1545749.828367673,0.29077921150946473
2011-01-10,1553273.4615937546,0.2893707562752385
2011-01-11,1544232.907235002,0.29106484791108106
2011-01-12,1545469.2331438288,0.2908320053510974
2011-01-13,1555410.1040167992,0.28897325221360903
2011-01-14,1567429.1072841487,0.2867574132666407
2011-01-18,1568742.2812450507,0.28651737232894225
2011-01-19,1549254.0062532225,0.29012151297943917
2011-01-20,1529973.4434688175,0.29377759346239474
2011-01-21,1528717.0488177424,0.29679220492558445
2011-01-24,1526847.365243765,0.29715563844426185
2011-01-25,1524064.4172445,0.2976982458827151
2011-01-26,1540553.2153673696,0.29451193188270053
2011-01-27,1562282.8570834077,0.2904155938016077
2011-01-28,1547111.4997676346,0.2932634808118835
2011-01-31,1552315.3511197437,0.2922803689976209
2011-02-01,1569373.7998617543,0.2891034014113893
2011-02-02,1569978.3088994285,0.28899208419255584
2011-02-03,1571254.9434708522,0.28875727997629475
2011-02-04,1582653.3852799914,0.28667761864085156
2011-02-07,1592999.8392912105,0.28481566189474594
2011-02-08,1596315.6731568158,0.28422404869878093
2011-02-09,1593034.1945341227,0.28480951958387585
2011-02-10,1585559.84558285,0.28615211522285133
2011-02-11,1604559.2628527884,0.28276381815856694
2011-02-14,1630014.5895911667,0.27834800162110696
2011-02-15,1621450.3737631608,0.2798181868329089
2011-02-16,1629252.4211701513,0.2784782135232848
2011-02-17,1636551.4862735404,0.27723619295293883
2011-02-18,1628608.8081319313,0.1875
2011-02-22,1579927.2961243265,0.19327734401058644
2011-02-23,1554561.6696468396,0.19643103100188286
2011-02-24,1579426.9885446157,0.19333856755614834
2011-02-25,1591396.6035254025,0.19188438058009388
2011-02-28,1569338.9053087982,0.1945813937905597
2011-03-01,1553890.4193127558,0.19651588537355905
2011-03-02,1559670.459420551,0.1957876099276677
2011-03-03,1584264.6369538878,0.1927481964830508
2011-03-04,1584539.728115126,0.1927147335636577
2011-03-07,1563224.3530902006,0.19534249893247224
2011-03-08,1562356.5757304407,0.19545099772244487
2011-03-09,1559739.3460519034,0.1957789628745927
2011-03-10,1542211.6436553402,0.1980040500802892
2011-03-11,1545156.0740434893,0.19762673600061353
2011-03-14,1536011.1057703074,0.19880334873724592
2011-03-15,1534393.9448670568,0.19901287576522242
2011-03-16,1514314.2822085565,0.20165176747813393
2011-03-17,1518631.4883417787,0.20107850645067935
2011-03-18,1510152.2863652636,0.19678861244461857
2011-03-21,1536233.224143055,0.19344769293065026
2011-03-22,1522144.3852647264,0.19523822831183246
2011-03-23,1542490.5424717416,0.192662946599125
2011-03-24,1568563.5844032166,0.18946045666803835
2011-03-25,1570845.6920498558,0.18918521056392631
2011-03-28,1570147.0234510247,0.1892693923405435
2011-03-29,1585965.8108406095,0.1873815759347131
2011-03-30,1608978.0711330369,0.18470156824736264
2011-03-31,1613553.7889640864,0.1841777913116121
2011-04-01,1609868.706182686,0.1845993849514364
2011-04-04,1608864.5985232366,0.18471459517890335
2011-04-05,1608075.7058054425,0.18480521280248963
2011-04-06,1602587.4705317873,0.18543809837429648
2011-04-07,1602896.0610263492,0.1854023977222833
2011-04-08,1600210.29932357,0.18571357348437936
2011-04-11,1588132.2392592903,0.1871259619743596
2011-04-12,1573658.1996438475,0.18884709086200985
2011-04-13,1589366.0579149849,0.18698069682181717
2011-04-14,1582064.780211073,0.18784361849850406
2011-04-15,1584770.8487936177,0.27137733067930275
2011-04-18,1569183.9590075663,0.27407295378929575
2011-04-19,1585660.6751999722,0.2712250416563729
2011-04-20,1607792.6310294154,0.2674915125146612
2011-04-21,1622313.9579127056,0.2650971968689222
2011-04-25,1619607.416763313,0.26554020328176525
2011-04-26,1608869.1329116141,0.26731253268914046
2011-04-27,1605281.4477726724,0.2679099564009215
2011-04-28,1597043.168835558,0.2692919584619367
2011-04-29,1605063.9903416198,0.26794625340292455
2011-05-02,1598415.0154308728,0.2690608374747117
2011-05-03,1588749.8902769824,0.2706976631853654
2011-05-04,1573758.5501469858,0.2732762803060337
2011-05-05,1568146.8708857636,0.27425421092162144
2011-05-06,1568099.2055004311,0.27426254740479594
2011-05-09,1585616.0907193392,0.2712326679838854
2011-05-10,1600106.8988561465,0.2687763442501408
2011-05-11,1575156.0535775295,0.27303382525636005
2011-05-12,1579875.1119150422,0.27221827816673144
2011-05-13,1567715.8576254905,0.2743296118311791
2011-05-16,1558039.4746072968,0.2760333673781815
2011-05-17,1556663.3596531425,0.27627738522721684
2011-05-18,1582357.0345685927,0.2717913045466617
2011-05-19,1583898.5252360152,0.2715267902783737
2011-05-20,1573171.0886515002,0.292631647016934
2011-05-23,1572729.8263999943,0.29271375094683794
2011-05-24,1573704.1067688223,0.29253253183454936
2011-05-25,1599138.747356737,0.28787973993654614
2011-05-26,1619962.6632752093,0.28417917100679674
2011-05-27,1624623.2155576306,0.2833639469773914
2011-05-31,1626350.5483459097,0.28306298859106566
2011-06-01,1617555.5993500694,0.28460205441870634
2011-06-02,1619056.938336602,0.2843381451331039
2011-06-03,1611913.3057638225,0.28559826701930796
2011-06-06,1576286.0251976883,0.2920533706144962
2011-06-07,1577150.5856311715,0.2918932731634354
2011-06-08,1570206.4288025592,0.29318415608741477
2011-06-09,1579986.8194723665,0.2913692956408635
2011-06-10,1557497.0414690326,0.2955765786092922
2011-06-13,1538629.0450260036,0.2992011935558719
2011-06-14,1555384.5058785526,0.2959780330661577
2011-06-15,1536661.785723822,0.29958423576900883
2011-06-16,1523681.9504885362,0.3021363130041063
2011-06-17,1516447.8492444686,0.29092659957614475
2011-06-20,1537115.0612406225,0.28701495895770757
2011-06-21,1569627.93239935,0.2810698045751942
2011-06-22,1559429.4468006701,0.282907968116395
2011-06-23,1575374.9329904679,0.2800444560697608
2011-06-24,1565161.9890189592,0.2818717930223818
2011-06-27,1574940.7337076087,0.2801216622143425
2011-06-28,1597396.4943561808,0.2761837889177689
2011-06-29,1598818.15757428,0.27593820730970453
2011-06-30,1599290.0945871498,0.2758567802729617
2011-07-01,1621229.2606096931,0.2721237686330306
2011-07-05,1648949.5966223092,0.2675491216462587
2011-07-06,1659971.3642042475,0.26577266676328526
2011-07-07,1673694.9135882028,0.26359344981781935
2011-07-08,1685090.8919972095,0.2618108128828353
2011-07-11,1657450.5728578975,0.2661768763665424
2011-07-12,1651157.7503380866,0.26719131840971444
2011-07-13,1670006.5387594039,0.264175622056538
2011-07-14,1649889.6141262662,0.2673966866861484
2011-07-15,1670257.2727987801,0.34123618657216637
2011-07-18,1653575.4440159374,0.3446786927242184
2011-07-19,1704359.1134433546,0.3344085280318625
2011-07-20,1683271.542334051,0.33859790772318143
2011-07-21,1687214.7054727895,0.33780657584096324
2011-07-22,1699406.4997340392,0.33538310136714267
2011-07-25,1689181.4698265265,0.33741325757191415
2011-07-26,1684227.875701789,0.33840564604524964
2011-07-27,1645515.332923328,0.3463670079279893
2011-07-28,1645661.0412177215,0.34633634028459537
2011-07-29,1654717.757079261,0.3444407482338885
2011-08-01,1666263.2346763362,0.3420541307658348
2011-08-02,1641418.5432737102,0.3472314996682973
2011-08-03,1652286.8236472853,0.34494750802778923
2011-08-04,1591796.9509912978,0.358055857569863
2011-08-05,1587552.755623667,0.359013091278581
2011-08-08,1546922.7375699028,0.36844259155414166
2011-08-09,1587319.598266568,0.35906582580262886
2011-08-10,1597302.2053820374,0.3568217839078004
2011-08-11,1589903.951991404,0.3584821722409077
2011-08-12,1606213.646009744,0.35484209948047274
2011-08-15,1603925.978414408,0.3553482081060372
2011-08-16,1609723.5296561457,0.3540683924065086
2011-08-17,1623397.9069757503,0.35108596599465497
2011-08-18,1619179.0478347952,0.3520007395886428
2011-08-19,1620670.8313960875,0.4435750544188607
2011-08-22,1628318.531783777,0.4414917217972438
2011-08-23,1637832.8266171475,0.43892706297528866
2011-08-24,1606388.9915111887,0.44751872431302864
2011-08-25,1599163.3998101458,0.4495407738301958
2011-08-26,1621679.9002700273,0.44329904570678647
2011-08-29,1637041.9296995292,0.439139119890184
2011-08-30,1649141.4360701956,0.4359172212327944
2011-08-31,1644615.0452876645,0.4371169741462731
2011-09-01,1660395.7621646824,0.4329625313511722
2011-09-02,1660890.2950651739,0.43283361602361
2011-09-06,1660413.2779570078,0.4329579640052683
2011-09-07,1665944.9817162415,0.4315203443819535
2011-09-08,1670697.6483914955,0.43029278991546294
2011-09-09,1661009.1372066566,0.43280264757636805
2011-09-12,1678806.083645722,0.4282145265225801
2011-09-13,1682730.7273695157,0.4272157990217271
2011-09-14,1700641.944786053,0.4227163480446901
2011-09-15,1688610.5106916772,0.42572822310404385
2011-09-16,1695648.0074018342,0.4801983417800195
2011-09-19,1717161.2836995765,0.47418222686845213
2011-09-20,1725944.9893955656,0.4717690114110233
2011-09-21,1741141.0976114308,0.46765156627109267
2011-09-22,1737561.9479117112,0.4686148671565686
2011-09-23,1741719.2196210138,0.4674963405261898
2011-09-26,1735782.625995565,0.46909523646714707
2011-09-27,1720377.228054179,0.4732958261240786
2011-09-28,1719282.4904951071,0.47359719295604163
2011-09-29,1742546.8743834943,0.46727429452079006
2011-09-30,1850976.2224474768,0.43990157816306585
2011-10-03,1786198.05372386,0.4558550266581104
2011-10-04,1797551.9165711347,0.45297571318560176
2011-10-05,1799289.6616116278,0.45253823148610317
2011-10-06,1790577.0877005598,0.4547401879483463
2011-10-07,1792766.198250659,0.4541849139009199
2011-10-10,1777903.724692683,0.45798169500865443
2011-10-11,1782042.781712416,0.4569179650190673
2011-10-12,1771559.565345572,0.45962178033687656
2011-10-13,1778992.1243437347,0.4577014986490335
2011-10-14,1757358.1295412697,0.46333604272767176
2011-10-17,1759507.0277308433,0.4627701671911212
2011-10-18,1769858.014405172,0.46006366316939484
2011-10-19,1770242.1556486906,0.4599638296934471
2011-10-20,1773570.5152160537,0.45910064156528035
2011-10-21,1784251.1997573765,0.2915920922086963
2011-10-24,1789144.1609624538,0.2907946445652839
2011-10-25,1800186.8286149232,0.2890108582582132
2011-10-26,1795134.640602179,0.28982424415173885
2011-10-27,1766935.0692087868,0.294449722250463
2011-10-28,1778607.4076614648,0.29251735831191217
2011-10-31,1793076.9104064663,0.2901568456677025
2011-11-01,1778469.9960927782,0.2925399593505364
2011-11-02,1789319.447639958,0.2907661575183516
2011-11-03,1798394.6383451028,0.2892988720439524
2011-11-04,1799299.0796803322,0.2891534521629183
2011-11-07,1808133.7747731728,0.2877406238531202
2011-11-08,1801937.0081025264,0.28873014873643543
2011-11-09,1814053.717155409,0.28680161752815303
2011-11-10,1807876.1835685533,0.28778162193395673
2011-11-11,1805458.141705504,0.28816704654900493
2011-11-14,1816692.8821663994,0.2863849720942957
2011-11-15,1817750.4493433244,0.28621835332296713
2011-11-16,1820185.3057014872,0.2858354799005588
2011-11-17,1820627.416827553,0.28576606918822944
2011-11-18,1819231.5094929393,0.47839368702183527
2011-11-21,1827973.0073559345,0.4761059741420808
2011-11-22,1851254.550061486,0.47011842285207106
2011-11-23,1857483.8451640639,0.46854182427398466
2011-11-25,1851461.6929010716,0.4700658256714626
2011-11-28,1862678.301590278,0.4672352003185909
2011-11-29,1866509.4201625963,0.4662761730379113
2011-11-30,1867127.7208504782,0.46612176534779304
2011-12-01,1854667.1257157675,0.46925340795952797
2011-12-02,1878764.7324479981,0.46323462131345666
2011-12-05,1884877.9848657167,0.46173220567093054
2011-12-06,1883283.3544367293,0.4621231676700751
2011-12-07,1892123.4853149657,0.4599640964911723
2011-12-08,1890132.6625748512,0.4604485635347096
2011-12-09,1889612.3874900595,0.46057534081296053
2011-12-12,1907708.7656745915,0.45620635866023984
2011-12-13,1911463.2132151504,0.4553102897066667
2011-12-14,1907817.3461087646,0.45618039439033903
2011-12-15,1911903.8876012205,0.45520534531919565
2011-12-16,1889783.6121652937,0.2985583811729141
2011-12-19,1899762.75670522,0.2969901025924359
2011-12-20,1883526.9417291337,0.29955012774981066
2011-12-21,1869047.4738932154,0.3018707357068488
2011-12-22,1875442.8890986813,0.3008413315567962
2011-12-23,1861481.6376159238,0.30309766404023203
2011-12-27,1868443.6248622143,0.3019682951669356
2011-12-28,1878320.3702864863,0.30038045955340265
2011-12-29,1879989.9044159974,0.30011370523313496
2011-12-30,1882313.465422254,0.2997432395717386
2012-01-03,1883034.674986083,0.29962843675161854
2012-01-04,1874296.8965351505,0.301025273561611
2012-01-05,1873783.4590922906,0.30110775782410343
2012-01-06,1882927.964783417,0.2996454174390417
2012-01-09,1885290.1847292166,0.29926996946425494
2012-01-10,1882942.1146354994,0.2996431656765998
2012-01-11,1890321.8204655729,0.298473376282675
2012-01-12,1889663.8937238979,0.29857729614725337
2012-01-13,1895396.497151429,0.2976742527820002
2012-01-17,1904963.191983969,0.2961793374220326
2012-01-18,1902866.909588489,0.29650562168700884
2012-01-19,1891447.92311431,0.2982956755617078
2012-01-20,1882743.0541012639,0.2906741380637239
2012-01-23,1881032.9807407765,0.29093839398330357
2012-01-24,1886005.7688140383,0.2901712834051828
2012-01-25,1895298.3354532428,0.28874858601903153
2012-01-26,1895168.99146035,0.2887682929133645
2012-01-27,1897385.4693065768,0.28843096107737803
2012-01-30,1903747.7049479242,0.28746703831814624
2012-01-31,1913066.379402562,0.28606676712245344
2012-02-01,1923072.367905634,0.2845783255896704
2012-02-02,1933522.6023922744,0.2830402467337273
2012-02-03,1940932.5630414102,0.28195967488370277
2012-02-06,1941656.3773682986,0.28185456542424103
2012-02-07,1945920.6050029353,0.2812369184227444
2012-02-08,1947935.6279619215,0.2809459956430582
2012-02-09,1946597.3859991033,0.28113913970220444
2012-02-10,1958482.3338137222,0.27943306150771746
2012-02-13,1986014.6471461672,0.2755592539222951
2012-02-14,1999293.5903934827,0.2737290396347643
2012-02-15,1988776.3467109527,0.27517660060238386
2012-02-16,2003065.2601323198,0.2732136218119006
2012-02-17,2012847.1736765555,0.2025
2012-02-21,2002154.1659290763,0.20358150216687224
2012-02-22,2018228.1965521649,0.20196009220653424
2012-02-23,2019196.7718679768,0.2018632152885361
2012-02-24,2026433.490829648,0.20114232937525384
2012-02-27,2040726.1115044514,0.19973359010387387
2012-02-28,2045388.580991822,0.19927829677813783
2012-02-29,2033742.4446350704,0.20041945515015375
2012-03-01,2046019.8539872812,0.19921681203394437
2012-03-02,2050750.4798328038,0.19875726309849942
2012-03-05,2053979.954632057,0.19844475684891424
2012-03-06,2041332.3832075808,0.19967426962042858
2012-03-07,2051778.1002842938,0.1986577167448202
2012-03-08,2062173.5427236606,0.19765628072754435
2012-03-09,2075184.498776458,0.19641701878065637
2012-03-12,2074553.9278798588,0.19647672070210337
2012-03-13,2075858.9920464093,0.19635319847408494
2012-03-14,2055553.9206928366,0.19829280495454868
2012-03-15,2055599.9495438132,0.19828836479586362
2012-03-16,2047858.4856120327,0.2296070991125882
2012-03-19,2043233.5904074705,0.23012681882383643
2012-03-20,2045661.6809404881,0.22985367065110304
2012-03-21,2064796.3105457088,0.22772359862954522
2012-03-22,2067715.4890079857,0.22740210090512158
2012-03-23,2076261.5371614848,0.22646609680845134
2012-03-26,2104312.102714729,0.22344729456618054
2012-03-27,2109576.6905854167,0.2228896670942991
2012-03-28,2096533.88424804,0.22427629231622154
2012-03-29,2103225.9456213987,0.2235626881901912
2012-03-30,2080263.4938960792,0.22603042722912198
2012-04-02,2107537.81651332,0.22310529499886914
2012-04-03,2103894.4933063667,0.22349164740458607
2012-04-04,2100057.843188033,0.22389995008931582
2012-04-05,2117470.640762352,0.22205873234926643
2012-04-09,2118592.3071579016,0.22194116569093722
2012-04-10,2086345.5486335799,0.22537150980691045
2012-04-11,2098175.241392639,0.22410084581990644
2012-04-12,2113837.8841103385,0.22244035354318262
2012-04-13,2131612.560420052,0.2205855111783632
2012-04-16,2127390.201783271,0.22102332044226408
2012-04-17,2144535.22918482,0.21925629379994385
2012-04-18,2156930.047005815,0.2179963355451412
2012-04-19,2146286.5948031405,0.21907738109765543
2012-04-20,2157615.5444331975,0.3143568499528314
2012-04-23,2139858.118714714,0.31696551281852026
2012-04-24,2123170.7078508413,0.3194567556199221
2012-04-25,2167317.528284209,0.31294963340892623
2012-04-26,2200694.3432691763,0.3082032850367182
2012-04-27,2211274.332471304,0.30672866590879455
2012-04-30,2195694.65784927,0.30890507636506015
2012-05-01,2202512.0512362365,0.30794892839591304
2012-05-02,2219517.3230533074,0.30558951665410955
2012-05-03,2196412.0920935874,0.3088041758642727
2012-05-04,2174698.1612030067,0.3118875244655012
2012-05-07,2174432.5332065686,0.311925624547694
2012-05-08,2159635.043080029,0.31406289138092536
2012-05-09,2149685.3610829613,0.31551651150268384
2012-05-10,2152304.929330776,0.3151324966616963
2012-05-11,2155767.6773779104,0.3146263083331232
2012-05-14,2134139.557267114,0.31781484188683284
2012-05-15,2151417.3555916483,0.3152625055266224
2012-05-16,2159858.7423056667,0.3140303635011028
2012-05-17,2114347.91474216,0.32078979113520006
2012-05-18,2099861.713304295,0.29095633614288596
2012-05-21,2141314.907906436,0.285323783182869
2012-05-22,2138550.4838902093,0.28569261053792705
2012-05-23,2171914.233812799,0.2813039580468081
2012-05-24,2171510.917863274,0.281356204789853
2012-05-25,2171191.865060103,0.281397549586355
2012-05-29,2195298.350141392,0.2783075341310171
2012-05-30,2198525.7505324404,0.27789898315349565
2012-05-31,2197694.565064261,0.2780040867470936
2012-06-01,2129322.087232668,0.28693079087146167
2012-06-04,2161221.7776216953,0.28269568483715607
2012-06-05,2152546.5569457035,0.28383500860332483
2012-06-06,2167181.167107285,0.28191831849722576
2012-06-07,2159990.964949414,0.28285677135878645
2012-06-08,2175561.1702518202,0.2808324026297186
2012-06-11,2168592.889938068,0.28173479372017557
2012-06-12,2183242.2542074462,0.2798443779348402
2012-06-13,2169782.2816075017,0.2815803574804289
2012-06-14,2189668.3322460544,0.27902311117731693
2012-06-15,2208039.361947624,0.3146784625147663
2012-06-18,2252488.603594324,0.3084687889124176
2012-06-19,2251419.773421602,0.3086152301726503
2012-06-20,2251272.5911748502,0.3086354066200235
2012-06-21,2218687.1374910963,0.31316827859536467
2012-06-22,2236235.8939837064,0.3107107051895065
2012-06-25,2226824.049812745,0.3120239480295679
2012-06-26,2252609.6634647734,0.30845221116606897
2012-06-27,2230553.6608594963,0.311502226457098
2012-06-28,2215160.780759122,0.3136668171561129
2012-06-29,2254928.655697152,0.30813499568346514
2012-07-02,2281044.520171945,0.3046071330240359
2012-07-03,2272451.743932785,0.3057589378717806
2012-07-05,2316035.138566488,0.3000051337821346
2012-07-06,2319071.945114093,0.2996122794092877
2012-07-09,2318579.7512546987,0.299675881846963
2012-07-10,2290637.8006033995,0.3033314264728949
2012-07-11,2278056.490241788,0.3050066732612135
2012-07-12,2303156.237381766,0.30168271709592737
2012-07-13,2319843.567154947,0.2995126229316803
2012-07-16,2336341.2232621177,0.2973976680596414
2012-07-17,2336618.550409785,0.2973623707078373
2012-07-18,2332217.027160723,0.29792357379178014
2012-07-19,2324140.799692267,0.29895883746878127
2012-07-20,2311067.8254721444,0.239220685333692
2012-07-23,2312044.717115563,0.23911960913620095
2012-07-24,2305532.0458053895,0.23979507466310807
2012-07-25,2296390.95177282,0.2407496113130414
2012-07-26,2329430.514052008,0.23733493045920853
2012-07-27,2330788.740979824,0.23719662762300828
2012-07-30,2334774.5974592734,0.23679169272430609
2012-07-31,2318147.828503757,0.2384900661917367
2012-08-01,2301980.686988286,0.2401650162345193
2012-08-02,2312821.834685424,0.23903926397222366
2012-08-03,2332113.643359733,0.2370618733080379
2012-08-06,2336118.4896963295,0.23665547424093072
2012-08-07,2353878.485398575,0.23486991044419966
2012-08-08,2354553.6143011437,0.2348025654222297
2012-08-09,2335673.323078622,0.23670057948573905
2012-08-10,2321846.634263035,0.23811014082657986
2012-08-13,2320335.503545057,0.2382652113099282
2012-08-14,2318475.3303446523,0.23845637770055855
2012-08-15,2305788.4190539783,0.23976841261476967
2012-08-16,2313201.4905227,0.23900003148327834
2012-08-17,2338755.257747128,0.22767176930886843
2012-08-20,2318548.349279682,0.22965600336828543
2012-08-21,2308812.5102696363,0.23062442062457578
2012-08-22,2350583.248555228,0.2265261389227486
2012-08-23,2340073.888613574,0.2275434763417575
2012-08-24,2359589.808390088,0.22566148811898898
2012-08-27,2348159.2791398442,0.2267599784401151
2012-08-28,2349942.842878595,0.22658787175412853
2012-08-29,2355324.295841315,0.22607016301401126
2012-08-30,2337487.012191537,0.22779529671588872
2012-08-31,2369027.677981654,0.22476248482050482
2012-09-04,2379182.5009056698,0.223803153944271
2012-09-05,2364414.243265769,0.22520104039648006
2012-09-06,2385307.94421998,0.22322843002387682
2012-09-07,2378645.379516102,0.22385369088520024
2012-09-10,2362171.4566656863,0.22541485970849515
2012-09-11,2363812.264574787,0.22525839107087045
2012-09-12,2384206.78571998,0.22333152925362262
2012-09-13,2418285.566907705,0.22018431354762713
2012-09-14,2424150.4736806625,0.21965160714765528
2012-09-17,2415582.0156759745,0.220430746733599
2012-09-18,2406355.6758047263,0.22127591231235622
2012-09-19,2438359.99153513,0.21837158965870274
2012-09-20,2446201.276986718,0.21767160066550745
2012-09-21,2450944.3836719436,0.6118445609932022
2012-09-24,2431115.2231087056,0.616835013080522
2012-09-25,2397537.280844027,0.6254738987493857
2012-09-26,2363717.4286701228,0.6344231219254577
2012-09-27,2398001.4585689036,0.6253528266581851
2012-09-28,2369659.3083574404,0.6328323169316603
2012-10-01,2365344.365886916,0.6339867513896742
2012-10-02,2380518.9031056445,0.6299454242896908
2012-10-03,2435138.0075463187,0.615816017736724
2012-10-04,2434497.4104648875,0.6159780593729012
2012-10-05,2440679.2999113915,0.6144178755893728
2012-10-08,2418683.5690132193,0.6200054482771072
2012-10-09,2357587.9187582303,0.636072563196867
2012-10-10,2359428.8642860325,0.6355762672676701
2012-10-11,2363440.850202026,0.6344973644330172
2012-10-12,2343880.8803672246,0.6397923217887964
2012-10-15,2386972.494286131,0.6282422583570647
2012-10-16,2392915.196252035,0.6266820457303698
2012-10-17,2436284.329962617,0.6155262635004204
2012-10-18,2436818.769847976,0.6153912670904406
2012-10-19,2424496.9276869753,0.34409187833240196
2012-10-22,2429605.482425049,0.3433683813662883
2012-10-23,2401665.8604646404,0.34736293486619746
2012-10-24,2409535.8502323544,0.3462283832707869
2012-10-25,2376790.449962252,0.35099842389226976
2012-10-26,2380610.2602445157,0.35043522906318236
2012-10-31,2403784.3768594824,0.347056795064492
2012-11-01,2441266.309757545,0.34172826558271013
2012-11-02,2405886.2866526833,0.3467535878512542
2012-11-05,2446821.8411372583,0.3409523684287525
2012-11-06,2456338.3844701517,0.33963142339564184
2012-11-07,2438573.165235914,0.34210566808162246
2012-11-08,2398383.3452917635,0.34783834848447154
2012-11-09,2379870.0598462964,0.35054422337361935
2012-11-12,2359230.2544799563,0.35361097132201796
2012-11-13,2360432.36266044,0.35343088624605506
2012-11-14,2310192.2950709686,0.3611169960348782
2012-11-15,2299309.8021578686,0.3628261407297172
2012-11-16,2332963.2988069095,0.23084338768154944
2012-11-19,2328035.99366104,0.23133196939382122
2012-11-20,2319204.04855015,0.23221292303710137
2012-11-21,2318835.4992003813,0.23224983032173743
2012-11-23,2317519.612707517,0.23238170166082542
2012-11-26,2324165.162893001,0.23171724618871392
2012-11-27,2328405.346107701,0.23129527345124004
2012-11-28,2328037.6926906994,0.2313318005649924
2012-11-29,2328981.363566045,0.23123806813494827
2012-11-30,2326436.9149362775,0.231490975652809
2012-12-03,2328790.341468862,0.23125703574226664
2012-12-04,2333223.0915388605,0.23081768442387293
2012-12-05,2330575.7833162895,0.23107987094372967
2012-12-06,2332440.488530139,0.2308951306074667
2012-12-07,2321457.3176620817,0.23198753090824767
2012-12-10,2325583.0161881903,0.2315759736309192
2012-12-11,2322185.8718770724,0.23191474797751185
2012-12-12,2312123.6394074457,0.2329240279604295
2012-12-13,2314431.046409346,0.23269181083135987
2012-12-14,2319573.6057393304,0.23217592660167174
2012-12-17,2307831.613583965,0.23335721205281773
2012-12-18,2301634.695285183,0.2339855027109683
2012-12-19,2304003.121824102,0.23374497461919028
2012-12-20,2302793.0816052677,0.23386779973209293
2012-12-21,2312903.1231410406,0.20485356739133515
2012-12-24,2311929.6478435984,0.2049398242926359
2012-12-26,2308764.5201038774,0.2052207800666847
2012-12-27,2314848.119402893,0.20468144403712302
2012-12-28,2300171.83003817,0.2059874178174507
2012-12-31,2330784.02358557,0.20328200768989346
2013-01-02,2380693.183757349,0.19902037735841863
2013-01-03,2355498.901741429,0.2011490879727075
2013-01-04,2376084.0294342833,0.19940643930796093
2013-01-07,2374752.158744756,0.19951827564879307
2013-01-08,2387449.451677044,0.1984571675321466
2013-01-09,2400635.6262355526,0.1973670850452972
2013-01-10,2403064.251585849,0.1971676185908573
2013-01-11,2404184.27383298,0.19707576534914073
2013-01-14,2403237.340120367,0.19715341797338748
2013-01-15,2421650.5134802363,0.19565434944825266
2013-01-16,2434881.871215627,0.19459114686719992
2013-01-17,2454555.513118065,0.19303146874202
2013-01-18,2463537.658696264,0.2263124605367269
2013-01-22,2472533.070537309,0.22548910500245867
2013-01-23,2483217.169844274,0.22451893291290437
2013-01-24,2506214.395920496,0.22245872901853891
2013-01-25,2535861.622702637,0.21985792291388623
2013-01-28,2515813.1497932267,0.22160996702408597
2013-01-29,2533919.212074981,0.2200264580289788
2013-01-30,2527469.649655776,0.22058791852965295
2013-01-31,2505871.375363658,0.22248918066815335
2013-02-01,2526127.4544012393,0.22070512245653431
2013-02-04,2497961.6522102114,0.22319368620856672
2013-02-05,2534236.865466222,0.2199988788584963
2013-02-06,2526916.3125365055,0.22063622225968926
2013-02-07,2522298.623564937,0.22104015121589551
2013-02-08,2533745.3118596594,0.2200415592501823
2013-02-11,2528515.717567503,0.22049665947926014
2013-02-12,2559254.3164911587,0.21784832619871636
2013-02-13,2562765.641995954,0.21754984538118724
2013-02-14,2573549.083771832,0.21663828861088424
2013-02-15,2570472.805228921,0.23955499234838948
2013-02-19,2556958.2768482026,0.24082113453465376
2013-02-20,2488281.661820054,0.24746780183154693
2013-02-21,2483300.1494222777,0.24796422346755462
2013-02-22,2508493.4766058847,0.24547386665781729
2013-02-25,2458565.653645715,0.25045887722186944
2013-02-26,2492601.660247705,0.24703890838585282
2013-02-27,2528775.1472689784,0.24350507946638714
2013-02-28,2529498.8968318193,0.2434354068940709
2013-03-01,2531070.4246403505,0.24328425917894184
2013-03-04,2545151.4576623854,0.24193829067992514
2013-03-05,2577752.8806639975,0.23887844246332207
2013-03-06,2570045.731034966,0.23959480010512688
2013-03-07,2592071.5026873825,0.23755887619224464
2013-03-08,2609231.3763992866,0.23599654624654764
2013-03-11,2612753.3936479143,0.2356784205832081
2013-03-12,2603057.9576863977,0.23655623624133765
2013-03-13,2618190.574035495,0.2351889886454115
2013-03-14,2651903.3436367693,0.2321991088649192
2013-03-15,2646999.080040964,0.23930903230020395
2013-03-18,2647146.8488815073,0.23929567360865667
2013-03-19,2635667.131368033,0.24033793220896713
2013-03-20,2667038.628495788,0.23751091625598236
2013-03-21,2633045.1558718723,0.2405772597296686
2013-03-22,2640321.5202470333,0.23991426176190328
2013-03-25,2631160.7843845724,0.240749555140659
2013-03-26,2653956.224345256,0.23868170188089993
2013-03-27,2658373.0784670324,0.23828513517350866
2013-03-28,2658108.54707877,0.2383088489897405
2013-04-01,2639571.144543643,0.2399824644444849
2013-04-02,2604007.837126003,0.24325993928008355
2013-04-03,2537292.996516077,0.24965614503879371
2013-04-04,2540063.728931058,0.24938381707875887
2013-04-05,2542371.3720139693,0.24915745800045636
2013-04-08,2552509.9772152314,0.24816780110502176
2013-04-09,2573498.6891496056,0.2461438162043333
2013-04-10,2579302.9719925877,0.24558991139174852
2013-04-11,2596246.4132643812,0.2439871597348366
2013-04-12,2582777.222600066,0.2452595534764869
2013-04-15,2501864.128082018,0.25319152276656604
2013-04-16,2545525.9765341245,0.2488486836055045
2013-04-17,2513346.0836807713,0.25203484408977633
2013-04-18,2502605.1715059625,0.25311655052760446
2013-04-19,2520050.3447549995,0.28242932321462627
2013-04-22,2541216.4481296474,0.28007693475295375
2013-04-23,2579693.597630005,0.2758994765850567
2013-04-24,2575347.4135493576,0.27636508751843375
2013-04-25,2575180.1746535855,0.2763830353857408
2013-04-26,2570138.3584506204,0.2769252133822875
2013-04-29,2575878.2132736365,0.2763081381985866
2013-04-30,2565059.174351297,0.27747356491919456
2013-05-01,2539107.7385464734,0.28030953650804025
2013-05-02,2596596.9192948667,0.27410342669944304
2013-05-03,2608175.7721776315,0.2728865596131559
2013-05-06,2628397.5626841066,0.2707870846635236
2013-05-07,2640146.78279575,0.2695820239896875
2013-05-08,2633483.717632708,0.27026410247781374
2013-05-09,2620415.5118267764,0.27161192952936153
2013-05-10,2629663.5936912457,0.27065671633567384
2013-05-13,2629554.870550303,0.2706679070693782
2013-05-14,2659736.3310176395,0.267596492567977
2013-05-15,2651547.469270222,0.26842291966654075
2013-05-16,2626780.1235480793,0.2709538217361621
2013-05-17,2654183.1294973493,0.3180642086244017
2013-05-20,2674570.507554497,0.31563970897133314
2013-05-21,2674170.4102106676,0.3156869335643076
2013-05-22,2636371.3132713083,0.32021310973085065
2013-05-23,2630760.684141257,0.3208960289382535
2013-05-24,2632012.8792452775,0.32074336082651866
2013-05-28,2638990.698271671,0.31989527556148517
2013-05-29,2628929.370598101,0.3211195652760159
2013-05-30,2660687.314653114,0.31728668452642833
2013-05-31,2643297.1333238618,0.3193741051601932
2013-06-03,2619742.3494416256,0.32224568068983805
2013-06-04,2583049.039815899,0.32682331756581007
2013-06-05,2545797.325299113,0.33160560278639806
2013-06-06,2592521.4146925234,0.3256291932029945
2013-06-07,2619335.466152466,0.3222957378070615
2013-06-10,2619849.40791118,0.32223251232630884
2013-06-11,2574540.204685477,0.3279034660602418
2013-06-12,2527248.0781568997,0.3340394890095161
2013-06-13,2562521.1025392464,0.32944144568849765
2013-06-14,2557576.3317632424,0.33007838168638515
2013-06-17,2566717.166017456,0.328902875550438
2013-06-18,2572738.3261652226,0.3281331210570994
2013-06-19,2541087.147592587,0.3322202693550293
2013-06-20,2461914.8413770483,0.3429040852426954
2013-06-21,2440812.472175637,0.28646572296618356
2013-06-24,2436109.833402698,0.28701871314645677
2013-06-25,2476046.7197877443,0.2823893038361612
2013-06-26,2498132.0197641877,0.27989277745724334
2013-06-27,2515115.3896019775,0.2780027955605341
2013-06-28,2497414.853284439,0.2799731524568763
2013-07-01,2532717.618827323,0.2760706934989513
2013-07-02,2516912.9690389754,0.27780424594246034
2013-07-03,2513324.1436594483,0.278200928133611
2013-07-05,2498059.6850655028,0.27990088213138004
2013-07-08,2510848.570202465,0.2784752205945618
2013-07-09,2545790.9719845667,0.2746529927873868
2013-07-10,2546717.04307946,0.27455311981624636
2013-07-11,2603615.2817465654,0.26855315928151485
2013-07-12,2650770.799795277,0.2637757702479115
2013-07-15,2671605.4304418783,0.26171870348048504
2013-07-16,2654894.1128161917,0.2633661003997565
2013-07-17,2663352.995736826,0.26252964236655113
2013-07-18,2656728.772022367,0.2631842274717477
2013-07-19,2681014.0602997835,0.3389741466077747
2013-07-22,2693881.3346123025,0.33735504287324364
2013-07-23,2667326.520351626,0.3407136120004387
2013-07-24,2651177.1975073447,0.3427890274509071
2013-07-25,2659390.5405096714,0.3417303473446942
2013-07-26,2658579.122264043,0.34183464600430463
2013-07-29,2653610.092585591,0.3424747500293325
2013-07-30,2675764.9583428977,0.3396391190115521
2013-07-31,2688243.41517545,0.3380625608541669
2013-08-01,2722079.6384888976,0.3338603471712023
2013-08-02,2716625.6107378956,0.3345306212020564
2013-08-05,2739809.6827741335,0.3316998472001108
2013-08-06,2708978.4817115352,0.33547496197141696
2013-08-07,2674567.396867215,0.3397911954651271
2013-08-08,2682880.7517431416,0.33873829559628965
2013-08-09,2689429.9644970456,0.33791341106869804
2013-08-12,2696570.0556573425,0.33701866978272416
2013-08-13,2718867.413661188,0.3342547888018543
2013-08-14,2706470.327678103,0.33578585504509273
2013-08-15,2651180.3518119627,0.34278861960954254
2013-08-16,2649405.6315831756,0.29134401583945857
2013-08-19,2621634.8156057782,0.2944302050378287
2013-08-20,2663162.273840181,0.28983906984386837
2013-08-21,2647261.75700883,0.2915799596505654
2013-08-22,2690050.318825799,0.2869420214526125
2013-08-23,2696753.36355355,0.2862287989421439
2013-08-26,2714802.318397562,0.28432584982789244
2013-08-27,2638270.5263775713,0.2925736646699938
2013-08-28,2666224.0570303635,0.28950623045268287
2013-08-29,2686822.929076926,0.2872866938642311
2013-08-30,2670879.499215166,0.28900161033844385
2013-09-03,2709599.770112773,0.28487176770796435
2013-09-04,2734146.095764662,0.28231427628860645
2013-09-05,2752775.954665579,0.2804036685168199
2013-09-06,2742575.1929345364,0.28144660473910443
2013-09-09,2780697.7175112846,0.2775880569226191
2013-09-10,2826679.7789291246,0.2730724866845533
2013-09-11,2824952.382236503,0.27323946454701603
2013-09-12,2802490.949618357,0.2754294269525599
2013-09-13,2846049.5312595014,0.27121399955099346
2013-09-16,2869187.9915394597,0.26902680429767295
2013-09-17,2885302.275146487,0.26752430167959806
2013-09-18,2908242.2942135157,0.2654140880314319
2013-09-19,2915850.3849039497,0.2647215646897967
2013-09-20,2883208.739266001,0.19776588280445043
2013-09-23,2862726.612424086,0.1991808505764425
2013-09-24,2875762.4995810543,0.1982779599196787
2013-09-25,2871818.12568919,0.19855028998175447
2013-09-26,2898955.332476219,0.1966916548325688
2013-09-27,2889358.937834315,0.197344924565805
2013-09-30,2880344.222234249,0.197962561984397
2013-10-01,2919324.8223222373,0.1953192454880268
2013-10-02,2918453.063318839,0.19537758848930076
2013-10-03,2908853.246856593,0.1960223748814504
2013-10-04,2941451.0543147204,0.1938500118144202
2013-10-07,2903779.9506215276,0.19636485247733773
2013-10-08,2843622.9719811943,0.2005189602309269
2013-10-09,2848298.116039014,0.20018983210345848
2013-10-10,2918723.4963875925,0.19535948586296897
2013-10-11,2907170.525954666,0.19613583604394966
2013-10-14,2936029.417218126,0.19420797294691597
2013-10-15,2924449.859086553,0.19497695262539
2013-10-16,2963741.2378929136,0.1923920733497753
2013-10-17,2988175.6064430666,0.19081887972078634
2013-10-18,2987677.9670822592,0.24025659855756204
2013-10-21,2996590.086624763,0.23954205453741811
2013-10-22,3005017.093898999,0.2388703037376737
2013-10-23,2996700.73489567,0.2395332098390352
2013-10-24,3001100.044612787,0.2391820783332699
2013-10-25,3000798.738080453,0.239206094313317
2013-10-28,2998415.13493555,0.23939625223776245
2013-10-29,3043710.6355714574,0.23583363594673204
2013-10-30,3013394.1021008547,0.23820626231932912
2013-10-31,3025051.8616131074,0.23728827762106003
2013-11-01,3034167.933553943,0.23657535168654298
2013-11-04,3069738.5332917054,0.2338340344533652
2013-11-05,3097507.9394955356,0.23173769364848146
2013-11-06,3050993.1521823397,0.2352707168297362
2013-11-07,3001185.2455222425,0.23917528817240602
2013-11-08,3050948.152844864,0.23527418690718568
2013-11-11,3076527.094351079,0.23331806414919953
2013-11-12,3090286.6669449657,0.23227921009223923
2013-11-13,3102589.0480705225,0.23135817694030597
2013-11-14,3122151.529091291,0.22990855481171196
2013-11-15,3116549.020330974,0.21397046972220918
2013-11-18,3086116.8758349824,0.21608042877899303
2013-11-19,3050384.0781701785,0.2186116373229071
2013-11-20,3047021.9364223327,0.21885285754637265
2013-11-21,3070717.7450003847,0.21716403563246606
2013-11-22,3094705.2762675215,0.2154807641640068
2013-11-25,3091670.8578236853,0.2156922545959254
2013-11-26,3094641.8696162584,0.2154851791865661
2013-11-27,3115182.8673941363,0.21406430574983604
2013-11-29,3113301.2680027843,0.21419368072281045
2013-12-02,3121339.015439907,0.2136421114444458
2013-12-03,3111920.9150963547,0.21428869048616606
2013-12-04,3106686.881628609,0.2146497163057929
2013-12-05,3103258.3435078184,0.21488686534512794
2013-12-06,3135865.9728828007,0.2126524103896809
2013-12-09,3149049.5837936797,0.21176213331933366
2013-12-10,3153653.232138541,0.21145300662632094
2013-12-11,3110147.6005094917,0.21441087158798147
2013-12-12,3126219.3831868274,0.2133085929218223
2013-12-13,3133993.9726089207,0.21277943213061914
2013-12-16,3141638.3722427706,0.21226168603118223
2013-12-17,3137991.050947049,0.21250840010880637
2013-12-18,3142027.9429700184,0.21223536833417414
2013-12-19,3143594.1391053232,0.2121296287892612
2013-12-20,3154446.9649172453,0.18749999999999997
2013-12-23,3175478.817830718,0.18625814872417568
2013-12-24,3180005.1072514295,0.18599303648074905
2013-12-26,3193437.651067914,0.18521069472710525
2013-12-27,3153410.1217947532,0.18756165011145348
2013-12-30,3150429.3309160513,0.18773911229108725
2013-12-31,3161622.7642648444,0.18707443930601642
2014-01-02,3157223.796219584,0.18733509060402623
2014-01-03,3163866.2583211134,0.18694178502849784
2014-01-06,3152951.2186743505,0.18758894917843374
2014-01-07,3140413.016954365,0.18833790419566912
2014-01-08,3189584.100496018,0.18543446019498425
2014-01-09,3192251.802859989,0.1852794962452793
2014-01-10,3215555.7982695345,0.1839367260366869
2014-01-13,3174660.4536553253,0.18630616236170197
2014-01-14,3164094.1524281614,0.18692832053309516
2014-01-15,3165381.332280188,0.18685230745830078
2014-01-16,3112021.3313141833,0.19005615416916657
2014-01-17,3072944.986205327,0.5963224733646789
2014-01-21,3078546.738594813,0.5952373994243692
2014-01-22,3110470.2644334906,0.5891283307353193
2014-01-23,3124358.261246257,0.5865096130034102
2014-01-24,3029029.5976842847,0.6049680584463366
2014-01-27,2996774.757451509,0.6114794413998266
2014-01-28,3026178.029001433,0.6055381200729357
2014-01-29,2983026.9178931434,0.6142975591992936
2014-01-30,3044006.821656784,0.6019914744114074
2014-01-31,3027465.84238237,0.6052805382753873
2014-02-03,2963020.765239887,0.61844526241084
2014-02-04,2986354.8863068614,0.6136129912388636
2014-02-05,2982193.975664123,0.6144691356904329
2014-02-06,3017313.8029517154,0.6073170622475271
2014-02-07,3092964.972607329,0.5924626275811992
2014-02-10,3099644.5251807463,0.5911859052872184
2014-02-11,3107066.201077396,0.5897737724584464
2014-02-12,3125270.7637100797,0.5863383665715375
2014-02-13,3143161.0788160632,0.5830010326348868
2014-02-14,3140681.686165393,0.5834612793647657
2014-02-18,3160787.8970436803,0.5797498011180932
2014-02-19,3135504.7587086237,0.5844246128467883
2014-02-20,3171463.3594220323,0.5777983053922144
2014-02-21,3182860.867749724,0.2349602569401778
2014-02-24,3197376.2125553247,0.23389359198792514
2014-02-25,3214050.0659742677,0.23268019848490434
2014-02-26,3219470.1163910576,0.23228847613272094
2014-02-27,3223792.0407537897,0.2319770623654901
2014-02-28,3214745.75303198,0.2326298453263321
2014-03-03,3215295.42797214,0.2325900757937421
2014-03-04,3265427.685084626,0.2290192524266332
2014-03-05,3266920.733430327,0.2289145860316178
2014-03-06,3244968.2404552097,0.23046321315810578
2014-03-07,3213949.486689599,0.23268748012016868
2014-03-10,3232095.833313426,0.23138107465230956
2014-03-11,3212462.861027614,0.232795160486957
2014-03-12,3228614.3787143,0.2316305757112808
2014-03-13,3197067.1155740866,0.2339162051519911
2014-03-14,3204160.4808532703,0.23339836183615892
2014-03-17,3219980.6664800798,0.23225164519662156
2014-03-18,3253423.97880919,0.22986423293192704
2014-03-19,3219740.7882723734,0.23226894848656016
2014-03-20,3228507.735334327,0.23163822688312982
2014-03-21,3183152.9874945944,0.21298261850733152
2014-03-24,3149376.777013204,0.21526679923924244
2014-03-25,3132908.3677736768,0.2163983681615963
2014-03-26,3088140.9355569975,0.2195354009203447
2014-03-27,3086759.21049042,0.21963367148366622
2014-03-28,3054589.1433478915,0.22194679106433934
2014-03-31,3094619.8731949115,0.21907577866295613
2014-04-01,3155541.8838586994,0.2148462239889546
2014-04-02,3149437.5745243714,0.21526264367644082
2014-04-03,3093184.5932162693,0.21917743282210655
2014-04-04,3017517.178307326,0.22467353732393094
2014-04-07,2999505.357679472,0.22602268625735206
2014-04-08,3018886.4558500433,0.2245716320573369
2014-04-09,3078739.1644321666,0.22020581224232227
2014-04-10,3007375.8521210533,0.22543117046972438
2014-04-11,2982126.9199558254,0.22733984051761166
2014-04-14,2992676.499759561,0.22653843756266423
2014-04-15,2998831.3525381507,0.2260734861972899
2014-04-16,3052841.8383986256,0.22207382310432994
2014-04-17,3051007.1623740657,0.29580127811021756
2014-04-21,3069543.0010619345,0.2940150432300352
2014-04-22,3135596.353202653,0.28782142740786276
2014-04-23,3121328.292552766,0.28913710240186796
2014-04-24,3130562.1547263693,0.28828426766455945
2014-04-25,3043192.699785561,0.29656085144304895
2014-04-28,3004915.6771183475,0.3003384837138418
2014-04-29,3023232.3027607766,0.2985188459813468
2014-04-30,3058183.3487690235,0.29510716501577533
2014-05-01,3092471.1984698633,0.29183515713912694
2014-05-02,3118641.9471721617,0.2893861602073345
2014-05-05,3129854.917246359,0.2883494098019366
2014-05-06,3101915.708185661,0.29094659657323585
2014-05-07,3102437.929497045,0.2908976226641173
2014-05-08,3083626.0302465227,0.2926722661248019
2014-05-09,3085844.0716780582,0.29246189930228994
2014-05-12,3138030.4084688025,0.2875981748672876
2014-05-13,3142340.8907353943,0.2872036642537751
2014-05-14,3129066.3171878457,0.2884220807965374
2014-05-15,3117448.282850778,0.2894969655529891
2014-05-16,3112014.647535581,0.2477612330642087
2014-05-19,3136947.3041661126,0.2457920110303725
2014-05-20,3111977.359221304,0.2477642017871966
2014-05-21,3120636.062787239,0.2470767404061313
2014-05-22,3128515.547335582,0.2464544525098979
2014-05-23,3175506.4486597325,0.2428074383891493
2014-05-27,3228080.818635436,0.23885293761425233
2014-05-28,3259612.620791409,0.23654239815775793
2014-05-29,3275852.9829975837,0.2353697160370591
2014-05-30,3275290.846647394,0.23541011241078993
2014-06-02,3291400.1071369667,0.2342579331863675
2014-06-03,3266650.2882212144,0.23603279150127396
2014-06-04,3293025.157081548,0.23414233102021834
2014-06-05,3305344.329091647,0.23326967166509563
2014-06-06,3327767.333383701,0.2316978650076771
2014-06-09,3309624.562158199,0.23296799135564278
2014-06-10,3294800.2977389363,0.23401618207829467
2014-06-11,3288761.2788705146,0.23444589649635425
2014-06-12,3269861.516934419,0.2358009910799407
2014-06-13,3294236.2433495573,0.2340562514130163
2014-06-16,3316179.6308308057,0.23250748518533232
2014-06-17,3329337.6581843277,0.23158858173844205
2014-06-18,3343768.78845323,0.23058908530094946
2014-06-19,3325616.580075049,0.23184770938623792
2014-06-20,3338525.891373875,0.21285746855071028
2014-06-23,3318790.8537887717,0.21412321572405887
2014-06-24,3316325.2476787344,0.21428241105912427
2014-06-25,3351025.5824748883,0.21206348696509
2014-06-26,3347384.281876793,0.21229417063833927
2014-06-27,3355787.8699319474,0.21176254205342773
2014-06-30,3369209.4892530926,0.21091896250309553
2014-07-01,3413228.5698394915,0.20819882272410029
2014-07-02,3382906.509528706,0.21006497457946274
2014-07-03,3393397.9132804843,0.2094155145047114
2014-07-07,3348165.3444901365,0.21224464648924393
2014-07-08,3338752.5898644687,0.21284301570775974
2014-07-09,3344081.3467369457,0.21250385270150748
2014-07-10,3337251.863268407,0.21293872894354346
2014-07-11,3346827.819195401,0.21232946787794024
2014-07-14,3369810.2209579344,0.2108813622527491
2014-07-15,3365599.998761668,0.21114516585165038
2014-07-16,3386007.5475696605,0.20987258886617316
2014-07-17,3342607.4068598035,0.21259755736508845
2014-07-18,3368103.5121662524,0.6869908534673256
2014-07-21,3366896.6631625355,0.6872371022566457
2014-07-22,3403994.970253642,0.6797472753659732
2014-07-23,3407464.957650565,0.6790550556343171
2014-07-24,3414156.4914255748,0.6777241500793785
2014-07-25,3430290.077769971,0.6745366292443777
2014-07-28,3419652.885088016,0.6766348469107373
2014-07-29,3403107.3503942555,0.6799245713248883
2014-07-30,3380904.2067180425,0.6843897859606998
2014-07-31,3279080.2320274855,0.7056418698723672
2014-08-01,3296417.247793236,0.7019306515091152
2014-08-04,3316955.044813709,0.6975844638013007
2014-08-05,3276139.836144506,0.7062751964557259
2014-08-06,3259231.9405291784,0.7099391355417639
2014-08-07,3245749.869514975,0.7128880534269755
2014-08-08,3286077.8870984768,0.7041392157726568
2014-08-11,3298606.4080482647,0.7014648066964935
2014-08-12,3284843.7604489774,0.70440376320155
2014-08-13,3325592.5516404705,0.6957726391490732
2014-08-14,3329030.0256300336,0.6950542015467353
2014-08-15,3351215.098897159,0.316636636527242
2014-08-18,3370455.8080343166,0.31482907287040185
2014-08-19,3372709.9958808753,0.3146186533944687
2014-08-20,3394852.552482594,0.31256658744077975
2014-08-21,3398317.0199128715,0.312247936545164
2014-08-22,3412404.467170665,0.31095888175117525
2014-08-25,3435742.7843815265,0.3088465999311175
2014-08-26,3440430.3041477585,0.30842580241048023
2014-08-27,3449765.18782934,0.3075912183639899
2014-08-28,3445098.793016355,0.308007851427983
2014-08-29,3477811.3243466485,0.3051107084980953
2014-09-02,3468567.598925265,0.3059238279002814
2014-09-03,3473427.64758438,0.30549577675299117
2014-09-04,3434233.3027435127,0.3089823502516291
2014-09-05,3442195.4806727148,0.3082676399850275
2014-09-08,3433773.939771307,0.30902368525307655
2014-09-09,3412050.9494779147,0.31099109975379147
2014-09-10,3428659.2426268887,0.30948467085959913
2014-09-11,3434278.2474555424,0.3089783065714862
2014-09-12,3379087.778258634,0.3140248335723724
2014-09-15,3354763.5952327163,0.3163017145834076
2014-09-16,3392841.3295883425,0.31275187199009147
2014-09-17,3381325.508877968,0.3138170147795732
2014-09-18,3399883.4300172944,0.3121040762237861
2014-09-19,3384867.9291636394,0.29200818116335947
2014-09-22,3331276.908364266,0.2967057841969052
2014-09-23,3336218.4154819846,0.296266312447192
2014-09-24,3372083.8891648953,0.2931152248759871
2014-09-25,3338180.864108593,0.29609214350858726
2014-09-26,3381781.143450886,0.2922747172410615
2014-09-29,3389058.582871115,0.2916471059157405
2014-09-30,3376349.7279243404,0.29274488933967757
2014-10-01,3337645.2364413543,0.2961396605851129
2014-10-02,3321306.888581993,0.29759644640825567
2014-10-03,3372337.9761712016,0.29309314026569067
2014-10-06,3353186.8632987468,0.294767088077191
2014-10-07,3312460.600402973,0.29839121025409865
2014-10-08,3341680.4658090873,0.2957820586337683
2014-10-09,3235572.409946158,0.30548199893004685
2014-10-10,3155140.453298691,0.3132694541188752
2014-10-13,3083257.713567362,0.3205729845818375
2014-10-14,3109994.637707854,0.31781698768514416
2014-10-15,3123563.7476865174,0.31643635517454427
2014-10-16,3133357.9259099476,0.31544724568490556
2014-10-17,3124575.8256430435,0.7029515146310477
2014-10-20,3142965.0497842007,0.6988386044465059
2014-10-21,3121253.8517225487,0.7036996712084718
2014-10-22,3139891.254825717,0.6995227321454637
2014-10-23,3115898.5272506624,0.7049091265347999
2014-10-24,3103219.963004004,0.7077891143395237
2014-10-27,3111039.151142481,0.7060101793989737
2014-10-28,3108368.435112344,0.706616784678535
2014-10-29,3109337.900793414,0.7063964674456478
2014-10-30,3113120.149860576,0.7055382392850154
2014-10-31,3109597.842641613,0.7063374173650261
2014-11-03,3119094.7706889156,0.7041867819650149
2014-11-04,3117297.14619059,0.7045928592015737
2014-11-05,3117165.8830219717,0.7046225294516519
2014-11-06,3123085.0721714813,0.7032870570151197
2014-11-07,3142311.734244519,0.6989838994263257
2014-11-10,3139735.782738866,0.699557370811419
2014-11-11,3147071.5041027796,0.6979267253228578
2014-11-12,3156994.8390533132,0.695732942621463
2014-11-13,3172310.954809299,0.6923739004480316
2014-11-14,3185740.2966757226,0.6894552300786333
2014-11-17,3194160.2995219314,0.6876377837217724
2014-11-18,3205854.487910394,0.6851294459864846
2014-11-19,3181242.454592369,0.6904300255532628
2014-11-20,3187596.815078321,0.6890536779386782
2014-11-21,3211401.899591106,0.3108121448033576
2014-11-24,3234657.368512164,0.3085775705191927
2014-11-25,3261369.905470824,0.3060501387969338
2014-11-26,3286329.1325402185,0.3037257292199333
2014-11-28,3300309.70428201,0.30243910471263996
2014-12-01,3241633.752713871,0.30791347461811536
2014-12-02,3255275.4007902024,0.30662312380549867
2014-12-03,3279305.930932153,0.3043762104726116
2014-12-04,3310147.6695643617,0.30154023683446457
2014-12-05,3309839.0605617445,0.3015683524104898
2014-12-08,3304025.6577383047,0.30209895915903523
2014-12-09,3309725.1320338207,0.3015787331028699
2014-12-10,3288254.619649812,0.3035478780362171
2014-12-11,3315770.4182256544,0.3010288971609856
2014-12-12,3279885.7433992056,0.3043224033783061
2014-12-15,3251847.869317523,0.30694631248139304
2014-12-16,3233885.0812608683,0.30865126222986256
2014-12-17,3267495.601993981,0.30547637512606735
2014-12-18,3287369.9150679475,0.30362956954202636
2014-12-19,3296236.721037522,0.28125
2014-12-22,3311468.5020705527,0.27995633273036985
2014-12-23,3262893.4810615215,0.28412407060563905
2014-12-24,3291683.5402026046,0.28163903560873343
2014-12-26,3308182.256048852,0.2802344326999235
2014-12-29,3335799.4757513185,0.27791436041970147
2014-12-30,3328774.9254753175,0.27850082944836735
2014-12-31,3319022.6273650597,0.27931914960392795
2015-01-02,3335762.26624686,0.2779174604774417
2015-01-05,3293601.441365418,0.2814750340306725
2015-01-06,3244742.8020312074,0.2857134245621748
2015-01-07,3286799.1527774585,0.2820575686860573
2015-01-08,3335031.9883988174,0.2779783165548877
2015-01-09,3330141.6573333405,0.27838652921874957
2015-01-12,3301745.976502604,0.2807807094759617
2015-01-13,3305204.2117670374,0.2804869286113405
2015-01-14,3300559.9473720915,0.2808816057196398
2015-01-15,3290821.239881738,0.2817128340356521
2015-01-16,3309726.943081463,0.6339949893849994
2015-01-20,3323893.9965431932,0.6312927850071139
2015-01-21,3347291.6887230976,0.6268800251903484
2015-01-22,3388215.93166186,0.6193083146023032
2015-01-23,3422948.5370445997,0.613024202799704
2015-01-26,3448522.8683160273,0.6084780000808981
2015-01-27,3439248.9847461074,0.6101187519289429
2015-01-28,3421931.654601465,0.6132063728755457
2015-01-29,3446891.915419713,0.6087659113299095
2015-01-30,3384622.670712431,0.6199657989363099
2015-02-02,3394268.501831495,0.6182039803315328
2015-02-03,3373923.6676373617,0.621931763979586
2015-02-04,3441173.191856716,0.6097775907099855
2015-02-05,3420876.3987447284,0.6133955318923996
2015-02-06,3349905.2926240065,0.6263909319366235
2015-02-09,3312194.75534055,0.6335226196354606
2015-02-10,3364943.40931348,0.6235915564993966
2015-02-11,3379238.1052235835,0.6209536684918934
2015-02-12,3382913.6831838307,0.6202789945770404
2015-02-13,3350128.4542130344,0.6263492062542702
2015-02-17,3309891.060608746,0.63396355339872
2015-02-18,3344143.5829552542,0.6274701567364656
2015-02-19,3331454.44862,0.629860119809048
2015-02-20,3360936.926424473,0.6323022654420842
2015-02-23,3374011.1657578098,0.629852104270924
2015-02-24,3394696.708135855,0.6260141082686386
2015-02-25,3374164.4749933593,0.6298234861803328
2015-02-26,3410604.747237939,0.6230941988534948
2015-02-27,3434234.7184351883,0.6188068687263363
2015-03-02,3440954.717651154,0.6175983722438502
2015-03-03,3423595.2853289885,0.6207299214638149
2015-03-04,3427543.097344317,0.6200149705579816
2015-03-05,3441094.086135401,0.6175733587606793
2015-03-06,3341140.025985165,0.6360487785780654
2015-03-09,3371793.4918033276,0.6302663664759531
2015-03-10,3364725.7156739645,0.6315902727781425
2015-03-11,3368706.7561144526,0.6308438776182833
2015-03-12,3420381.634929247,0.6213131338573888
2015-03-13,3429859.0676963227,0.6195963130384537
2015-03-16,3465845.657186581,0.6131629168712707
2015-03-17,3457143.539083806,0.6147063344524423
2015-03-18,3408222.9646256207,0.6235296383608478
2015-03-19,3454635.2116773,0.6151526579138741
2015-03-20,3420574.65336439,0.28622257042591637
2015-03-23,3422348.900595213,0.2860741841515395
2015-03-24,3416114.016947608,0.286596309362794
2015-03-25,3326879.595905275,0.2942834693581047
2015-03-26,3297468.285763164,0.29690828986793544
2015-03-27,3357211.4240534627,0.29162466879658233
2015-03-30,3384001.916193719,0.28931593239784903
2015-03-31,3355604.524159372,0.2917643192369217
2015-04-01,3354273.407895294,0.29188010354648325
2015-04-02,3351381.6050188635,0.29213195780317086
2015-04-06,3351475.355973431,0.2921237859841972
2015-04-07,3349393.1113182697,0.2923053929714319
2015-04-08,3374903.6777453762,0.290095885128713
2015-04-09,3370471.4257444725,0.29047736828192844
2015-04-10,3385055.241845659,0.28922590612904775
2015-04-13,3383569.34805929,0.28935291962650145
2015-04-14,3371499.760865864,0.29038877029855004
2015-04-15,3368252.2216234705,0.2906687519819408
2015-04-16,3367818.779060938,0.29070616142020705
2015-04-17,3357180.1236754116,0.7183981445306407
2015-04-20,3360004.6422717543,0.7177942379487042
2015-04-21,3371243.7420459418,0.7154012454287547
2015-04-22,3346368.3477478446,0.7207192159006447
2015-04-23,3360419.78458392,0.7177055624918556
2015-04-24,3359114.732397981,0.7179843988186285
2015-04-27,3333978.9678793056,0.7233974763907006
2015-04-28,3288880.5160146626,0.7333169934145489
2015-04-29,3230577.94775213,0.7465512396571989
2015-04-30,3191016.925036029,0.7558066999836835
2015-05-01,3253999.0074319434,0.741177844921025
2015-05-04,3249074.04784693,0.7423013252965992
2015-05-05,3185084.904925409,0.7572143423787454
2015-05-06,3172568.5803779755,0.7602016822016894
2015-05-07,3249812.12152175,0.7421327392225437
2015-05-08,3267228.4440272646,0.7381767185923276
2015-05-11,3240531.7309329333,0.7442580946458498
2015-05-12,3228807.6558297924,0.7469605590623949
2015-05-13,3206358.79111138,0.7521902971025876
2015-05-14,3234780.6096497346,0.7455813122252868
2015-05-15,3251177.4139795443,0.28369452601302714
2015-05-18,3278658.5116186375,0.28131665197051475
2015-05-19,3257940.189680165,0.28310563783975823
2015-05-20,3226701.4983534715,0.28584647074228603
2015-05-21,3237603.408325988,0.2848839462768188
2015-05-22,3244441.919449509,0.2842834787437593
2015-05-26,3217003.9041229915,0.28670814923820603
2015-05-27,3282693.509309453,0.28097086518357595
2015-05-28,3284171.184657857,0.28084444554898413
2015-05-29,3292144.8928987808,0.2801642289295024
2015-06-01,3311500.8298422024,0.27852665085611256
2015-06-02,3292251.287169266,0.28015517498247555
2015-06-03,3273997.5965624223,0.28171713883101523
2015-06-04,3285872.9113724465,0.28069899850689656
2015-06-05,3292542.165979043,0.2801304247439839
2015-06-08,3253253.3413702794,0.2835134982308797
2015-06-09,3251809.1309098206,0.2836394137269444
2015-06-10,3285834.321106278,0.28070229515791634
2015-06-11,3289664.849536311,0.2803754417636779
2015-06-12,3279975.4484289545,0.28120370104750936
2015-06-15,3283505.8641327494,0.2809013516675409
2015-06-16,3314565.460533599,0.2782691265040522
2015-06-17,3322297.4595456743,0.27762150941454733
2015-06-18,3355673.7525527924,0.27486022285137973
2015-06-19,3345280.682094488,0.6260868289284026
2015-06-22,3341319.7906292845,0.6268290093039935
2015-06-23,3345359.8473368045,0.6260720130886169
2015-06-24,3321297.2969088843,0.6306078579828621
2015-06-25,3327816.871658799,0.6293724248966799
2015-06-26,3307311.368661297,0.6332745667595694
2015-06-29,3172516.4166895775,0.6601813510277941
2015-06-30,3208896.9421980283,0.652696615645542
2015-07-01,3262907.820138087,0.6418925356093401
2015-07-02,3263584.9089132706,0.6417593635783174
2015-07-06,3255375.291392264,0.6433777941566392
2015-07-07,3280465.839670116,0.6384569376703518
2015-07-08,3187920.741914544,0.6569912942283951
2015-07-09,3209267.586059979,0.6526212345849673
2015-07-10,3286490.5188362184,0.6372865408020845
2015-07-13,3330172.947318828,0.6289271480072058
2015-07-14,3367827.862153475,0.6218952570778797
2015-07-15,3373856.6324522523,0.6207839876721918
2015-07-16,3404504.941157129,0.6151955160376771
2015-07-17,3403228.250144946,0.3619125933660017
2015-07-20,3427120.459943518,0.3593895155487754
2015-07-21,3433417.8772470574,0.358730339813446
2015-07-22,3430651.965561503,0.3590195607687668
2015-07-23,3436798.6477954215,0.35837745764258505
2015-07-24,3353505.2857024116,0.36727872983459947
2015-07-27,3338501.210368394,0.3689293740559962
2015-07-28,3367402.236346216,0.36576300524252675
2015-07-29,3361874.6146314754,0.3663643957647753
2015-07-30,3366876.0112503967,0.3658201720855699
2015-07-31,3363312.009783968,0.36620782081574105
2015-08-03,3352727.3560893675,0.367363949111276
2015-08-04,3346606.414840142,0.36803585756744295
2015-08-05,3380953.824822855,0.36429694862541656
2015-08-06,3324447.336774949,0.37048899773555843
2015-08-07,3319038.576832073,0.37109275270972963
2015-08-10,3343467.099031099,0.3683814212448277
2015-08-11,3321696.9220249457,0.37079576816886595
2015-08-12,3329500.728312837,0.3699266834071317
2015-08-13,3339129.6423343765,0.36885994068961614
2015-08-14,3336991.335705114,0.36909630200347593
2015-08-17,3371217.0974078705,0.3653491087160864
2015-08-18,3366842.7408112525,0.36582378704436364
2015-08-19,3356040.7916847235,0.3670012488757926
2015-08-20,3292131.430883058,0.3741257564240145
2015-08-21,3165365.900316379,0.5947585275328442
2015-08-24,3016794.3538517924,0.6240492858159645
2015-08-25,3067805.235401068,0.6136727130686707
2015-08-26,2866280.2948253555,0.656819350631427
2015-08-27,3130412.926462394,0.6013993700512728
2015-08-28,3127104.7605890012,0.6020355907808619
2015-08-31,3131498.418571458,0.6011909029906748
2015-09-01,3064431.3519731653,0.6143483556133944
2015-09-02,3161820.0097747664,0.5954255321791562
2015-09-03,3163219.326907881,0.5951621330712965
2015-09-04,3126309.3187364386,0.6021887695795077
2015-09-08,3165522.4557528095,0.5947291128999833
2015-09-09,3159397.39121347,0.5958821030904757
2015-09-10,3170036.908242689,0.5938821586208222
2015-09-11,3197093.444997904,0.5888562203023376
2015-09-14,3204823.8205708237,0.5874358365320447
2015-09-15,3219166.0255571418,0.5848186601835854
2015-09-16,3233213.2703855634,0.5822778160719166
2015-09-17,3257257.4962534853,0.5779795929981754
2015-09-18,3244017.5013644127,0.4775547181821964
2015-09-21,3275337.3315510023,0.4729881861996148
2015-09-22,3251190.433458013,0.47650111408406426
2015-09-23,3263398.865669334,0.47471851508548274
2015-09-24,3259680.4633327117,0.47526003885003204
2015-09-25,3271885.7459676014,0.47348715203502567
2015-09-28,3215449.5626872573,0.481797594221158
2015-09-29,3224740.14095056,0.48040952012509663
2015-09-30,3270866.0738584637,0.47363475870312616
2015-10-01,3283395.1746047693,0.471827416822794
2015-10-02,3312482.198494554,0.4676842835098913
2015-10-05,3312702.329302207,0.467653205643901
2015-10-06,3330389.729652106,0.465169541525107
2015-10-07,3322528.861500593,0.46627009974038675
2015-10-08,3306562.6671043416,0.46852154929786144
2015-10-09,3309748.335120309,0.46807059231767295
2015-10-12,3308402.9224885385,0.4682609403805355
2015-10-13,3323097.2187927,0.46619035244627194
2015-10-14,3334714.0537776616,0.46456632822452065
2015-10-15,3320270.405862729,0.46658725774464643
2015-10-16,3286796.309435892,0.27333940709188465
2015-10-19,3285643.3590695006,0.2734353233965821
2015-10-20,3276248.9440611936,0.2742193800875654
2015-10-21,3288952.8223767993,0.27316018288269467
2015-10-22,3282867.1964757154,0.2736665544733214
2015-10-23,3257622.9926935076,0.2757872708008382
2015-10-26,3269661.5830791844,0.27477184767450097
2015-10-27,3271700.0493085776,0.27460064826018094
2015-10-28,3267284.3671324016,0.27497176661164324
2015-10-29,3257785.2660344653,0.2757735335781019
2015-10-30,3269651.435728168,0.27477270042790375
2015-11-02,3267539.0088335024,0.2749503378610712
2015-11-03,3256521.066902985,0.27588059035878054
2015-11-04,3260837.0077118487,0.2755154435282315
2015-11-05,3259255.5601425692,0.2756491284205103
2015-11-06,3236818.0474200533,0.27755991881257924
2015-11-09,3236123.4355378305,0.27761949516109513
2015-11-10,3247096.318999634,0.2766813380915611
2015-11-11,3244550.758486325,0.2768984125469917
2015-11-12,3247118.72077468,0.27667942927527556
2015-11-13,3246926.067228748,0.27669584580957063
2015-11-16,3256252.397665096,0.2759033529149058
2015-11-17,3264498.9765349375,0.27520638263658104
2015-11-18,3254403.5221337313,0.27606009775455354
2015-11-19,3263850.946205035,0.2752610242503896
2015-11-20,3258766.412602126,0.5274917177855153
2015-11-23,3260804.5201872755,0.5271620185151462
2015-11-24,3248575.9921982405,0.5291464004454597
2015-11-25,3272695.612239914,0.5252466151805452
2015-11-27,3295213.4923819755,0.5216573362603775
2015-11-30,3253678.904770009,0.5283165128326468
2015-12-01,3291398.168919048,0.5222620310959756
2015-12-02,3284120.805383352,0.523419324291447
2015-12-03,3251946.3051381214,0.5285979938012003
2015-12-04,3343176.822375872,0.5141733100505366
2015-12-07,3318695.054007417,0.5179663285933819
2015-12-08,3331674.5411765445,0.5159484432228487
2015-12-09,3271094.8434301335,0.5255036540128837
2015-12-10,3285331.013349101,0.5232265138156956
2015-12-11,3171172.0102646174,0.5420621420979929
2015-12-14,3223756.2460372513,0.5332203062679615
2015-12-15,3258008.1407468696,0.5276144867002013
2015-12-16,3291891.1467893855,0.5221838196326047
2015-12-17,3314242.960860823,0.5186621237927471
2015-12-18,3362476.339216978,0.5669099395454233
2015-12-21,3349848.342268207,0.5690470324091439
2015-12-22,3342895.2602784457,0.5702306263791331
2015-12-23,3332529.250913829,0.5720043590512218
2015-12-24,3333075.2804813692,0.5719106524090009
2015-12-28,3337686.735102089,0.5711204823810728
2015-12-29,3317677.363137653,0.5745649891602562
2015-12-30,3315870.768487295,0.574878030924599
2015-12-31,3316225.4949105945,0.5748165379929343
2016-01-04,3302640.0047102855,0.5771810598399237
2016-01-05,3317813.6050385954,0.5745413953615512
2016-01-06,3316579.212339966,0.574755233071459
2016-01-07,3251009.199514156,0.5863475435484116
2016-01-08,3218892.2659818423,0.5921979055757457
2016-01-11,3216602.1594850086,0.5926195294520374
2016-01-12,3283564.331702723,0.5805341591099341
2016-01-13,3204714.18644992,0.5948178674554639
2016-01-14,3271092.8259710814,0.5827475279985422
2016-01-15,3125982.0939360093,0.6406052837143601
2016-01-19,3142960.652373628,0.6371446758837219
2016-01-20,3169108.465076049,0.6318876959371702
2016-01-21,3167457.074723949,0.6322171378901514
2016-01-22,3173736.254872052,0.6309663076438019
2016-01-25,3211958.1827718606,0.6234578821458219
2016-01-26,3227487.396851646,0.6204580839340561
2016-01-27,3248756.4658850417,0.6163960479033169
2016-01-28,3258942.5025360486,0.6144694619845432
2016-01-29,3244794.5566982916,0.6171486703335486
2016-02-01,3262647.5941694034,0.6137716649970232
2016-02-02,3267317.7104115514,0.6128943750375745
2016-02-03,3272119.125005041,0.6119950312532713
2016-02-04,3282768.6795322006,0.6100096722188932
2016-02-05,3243455.015146544,0.6174035517127127
2016-02-08,3196781.879047548,0.6264176668720731
2016-02-09,3211537.846415953,0.6235394823095987
2016-02-10,3254555.7425642572,0.6152976948534626
2016-02-11,3234332.0142538403,0.6191450467505166
2016-02-12,3265988.748507635,0.6131437675916431
2016-02-16,3272512.9539538133,0.6119213810146921
2016-02-17,3275071.684635859,0.6114433023149349
2016-02-18,3297001.736215938,0.6073762789310012
2016-02-19,3305076.4749330175,0.576337254612156
2016-02-22,3289459.940906437,0.579073384709231
2016-02-23,3305630.121388032,0.5762407262450395
2016-02-24,3298388.1639750274,0.5775059232417679
2016-02-25,3291957.157434967,0.5786341105758294
2016-02-26,3285627.4502757196,0.5797488396580901
2016-02-29,3295074.9186055907,0.5780866137793939
2016-03-01,3276404.8148119436,0.5813807540615062
2016-03-02,3296344.213343327,0.5778640149701263
2016-03-03,3311509.2709102253,0.5752176865633657
2016-03-04,3302994.19539565,0.5767005901801006
2016-03-07,3306401.6151088374,0.5761062700737326
2016-03-08,3305758.402499987,0.5762183650219506
2016-03-09,3308927.291385488,0.5756665330196901
2016-03-10,3305990.4392645815,0.5761779221206246
2016-03-11,3304096.3883760623,0.5765082122142118
2016-03-14,3306083.734465381,0.5761616628122531
2016-03-15,3304060.4628084167,0.576514480678427
2016-03-16,3310017.6095965845,0.5754769087401543
2016-03-17,3329722.2284815144,0.5720713534458397
2016-03-18,3322880.681362331,0.22916006033607167
2016-03-21,3308992.7340810094,0.23012185236545663
2016-03-22,3301196.074110748,0.23066534684271317
2016-03-23,3333993.6458033915,0.22839621736803495
2016-03-24,3334035.309703135,0.2283933632059706
2016-03-28,3356210.5155568034,0.22688431905596027
2016-03-29,3407954.4185264423,0.22343947245626886
2016-03-30,3399435.957724816,0.2239993772202723
2016-03-31,3403206.22769505,0.22375121767048894
2016-04-01,3443545.5648270776,0.2211300890594712
2016-04-04,3430986.478573782,0.2219395331884528
2016-04-05,3413345.4764846335,0.2230865708368875
2016-04-06,3421164.6039669653,0.22257670284195172
2016-04-07,3413069.124794898,0.2231046338612664
2016-04-08,3408223.4864718067,0.22342183265066168
2016-04-11,3395867.576157244,0.22423475602433185
2016-04-12,3410262.2120419187,0.22328826643937805
2016-04-13,3409586.1560753975,0.22333254024794907
2016-04-14,3391305.826851522,0.22453638106047974
2016-04-15,3423829.2976057027,0.6230756808907313
2016-04-18,3428779.484237652,0.6221761360467375
2016-04-19,3396722.5032744794,0.62804799885854
2016-04-20,3371565.5599351567,0.6327341802899232
2016-04-21,3332168.407447322,0.6402151722258153
2016-04-22,3329675.207480481,0.64069455365094
2016-04-25,3345001.877093573,0.6377589159121511
2016-04-26,3332484.281717553,0.6401544885186401
2016-04-27,3344482.948756834,0.6378578702732722
2016-04-28,3327426.4849156216,0.6411275442238373
2016-04-29,3366723.432686644,0.6336441984356675
2016-05-02,3406810.722905012,0.6261882283381518
2016-05-03,3418863.421460678,0.6239806941301775
2016-05-04,3442974.3878574753,0.619610990538573
2016-05-05,3450202.7785712155,0.6183128667419204
2016-05-06,3483593.581982403,0.6123862387085095
2016-05-09,3518746.1113225752,0.6062684556850485
2016-05-10,3548474.6555971387,0.6011892370414336
2016-05-11,3552764.6975618363,0.600463287738514
2016-05-12,3565933.607680065,0.5982457907417965
2016-05-13,3606135.1172266216,0.5915764943660716
2016-05-16,3625452.114019257,0.5884244788698307
2016-05-17,3585050.697851236,0.5950556772148137
2016-05-18,3541092.401804973,0.6024425597513116
2016-05-19,3529782.694941175,0.6043728340321697
2016-05-20,3545439.4613186405,0.28646956539497814
2016-05-23,3548199.5853076023,0.28624672237261034
2016-05-24,3585753.257651996,0.2832488541844694
2016-05-25,3577387.4832931976,0.2839112358841208
2016-05-26,3587495.659254906,0.2831112837720063
2016-05-27,3599588.002628884,0.2821602085784234
2016-05-31,3613203.400104281,0.2810969627640789
2016-06-01,3616863.0131924935,0.28081254333203626
2016-06-02,3637820.6432309123,0.27919477105284185
2016-06-03,3636982.1884454335,0.27925913545710357
2016-06-06,3617151.025414357,0.28079018389944305
2016-06-07,3632879.2643449265,0.27957452690112955
2016-06-08,3648426.0812955787,0.27838319291300784
2016-06-09,3671046.668725977,0.27666782617357394
2016-06-10,3636084.482538567,0.2793280812081306
2016-06-13,3627943.470736874,0.2799548862352767
2016-06-14,3630430.2984071444,0.2797631184556218
2016-06-15,3632524.9563163756,0.27960179594969786
2016-06-16,3647409.7405025754,0.2784607636317297
2016-06-17,3602046.803624497,0.5919678023211731
2016-06-20,3598096.619735372,0.5926176963964973
2016-06-21,3598869.8930452364,0.5924903632443701
2016-06-22,3582313.3974404465,0.5952286954355025
2016-06-23,3602739.950685296,0.5918539110195851
2016-06-24,3599742.762085476,0.5923466956189599
2016-06-27,3647117.3676483626,0.5846523473892177
2016-06-28,3720564.8301325496,0.57311075805757
2016-06-29,3750898.8243218972,0.5684759387198572
2016-06-30,3781610.8071681494,0.563859116902716
2016-07-01,3773791.5627212287,0.565027425272537
2016-07-05,3750262.787798225,0.5685723510195583
2016-07-06,3771092.6502278955,0.5654318066332156
2016-07-07,3752359.270842011,0.5682546835983333
2016-07-08,3802209.4693504325,0.5608043816070659
2016-07-11,3808370.7674231734,0.559897095219633
2016-07-12,3801452.488731378,0.5609160541977969
2016-07-13,3822351.756568029,0.5578491635511122
2016-07-14,3821104.8829653803,0.5580311966063661
2016-07-15,3780607.7187477294,0.6750649690206154
2016-07-18,3783180.1828294103,0.6746059424076383
2016-07-19,3804455.711213671,0.6708333665215318
2016-07-20,3792149.5578259965,0.673010331902274
2016-07-21,3783359.822329321,0.6745739111233243
2016-07-22,3843275.840274843,0.664057418359288
2016-07-25,3840473.0797689697,0.6645420445673492
2016-07-26,3859368.853433846,0.6612883944131883
2016-07-27,3875246.7507636403,0.6585789232731099
2016-07-28,3909526.4276481345,0.6528043433820304
2016-07-29,3920841.3803472095,0.6509204491994853
2016-08-01,3917937.0906514223,0.6514029637242585
2016-08-02,3858201.3923153793,0.6614884950326397
2016-08-03,3850538.630375482,0.6628048897893187
2016-08-04,3882331.704962114,0.6573770678259037
2016-08-05,3887483.3695217697,0.6565059165383637
2016-08-08,3893534.2153480225,0.6554856568295013
2016-08-09,3919559.9319716026,0.6511332590472113
2016-08-10,3898009.475643482,0.6547331012103881
2016-08-11,3908852.154118827,0.6529169515522053
2016-08-12,3949344.567540283,0.6462226298286909
2016-08-15,3938683.914324555,0.6479717306721743
2016-08-16,3896950.6225374886,0.6549110008670591
2016-08-17,3928108.3865883346,0.6497162454196306
2016-08-18,3968723.22454734,0.6430672254366204
2016-08-19,3954201.573485239,0.2850871997092781
2016-08-22,3972155.237999126,0.28379863981317444
2016-08-23,3969728.484071146,0.2839721301328992
2016-08-24,3915460.819057027,0.2879079387499573
2016-08-25,3913766.3203837383,0.2880325909596971
2016-08-26,3907924.5295479926,0.28846315867858263
2016-08-29,3956509.460857847,0.2849209043535333
2016-08-30,3912369.685299906,0.28813541263918535
2016-08-31,3904459.207933713,0.28871917815924747
2016-09-01,3937492.2831822904,0.28629700646926676
2016-09-02,3942382.577768067,0.2859418718081722
2016-09-06,3966847.1487270794,0.28417839442910336
2016-09-07,3958011.656206806,0.28481276751753637
2016-09-08,3916550.142322628,0.2878278619464862
2016-09-09,3785821.108896336,0.29776691006923006
2016-09-12,3830526.8406611113,0.2942916994353624
2016-09-13,3769921.654498786,0.29902272699107385
2016-09-14,3764941.456518491,0.29941826896648627
2016-09-15,3798465.2126182546,0.2967757213956143
2016-09-16,3795930.19259733,0.29002978358432385
2016-09-19,3818996.5978475753,0.2882780290720084
2016-09-20,3819524.90847914,0.28823815491193494
2016-09-21,3902411.8549666163,0.28211599727974446
2016-09-22,3925717.9348397898,0.2804411398204884
2016-09-23,3902171.807818557,0.2821333520103673
2016-09-26,3901420.956242181,0.28218765024541587
2016-09-27,3936429.3293387247,0.2796780330983736
2016-09-28,3954451.3676331104,0.27840342690044373
2016-09-29,3923993.020241978,0.28056441654738573
2016-09-30,3944519.777389863,0.27910439657846137
2016-10-03,3922491.428626528,0.280671821033322
2016-10-04,3847074.2002802547,0.28617405200554824
2016-10-05,3844342.5264414544,0.2863773986547685
2016-10-06,3836817.114938388,0.28693909020938135
2016-10-07,3809451.7211848428,0.2890003320262015
2016-10-10,3825770.772829197,0.28776758400662183
2016-10-11,3783087.3703137203,0.2910143764850208
2016-10-12,3798204.7492701137,0.28985609911413185
2016-10-13,3829053.374621752,0.2875208842887855
2016-10-14,3790808.952256197,0.2904216029153767
2016-10-17,3794494.998772414,0.290139481700826
2016-10-18,3824962.2313726563,0.28782841389393665
2016-10-19,3829442.757957786,0.2874916487450837
2016-10-20,3849695.2215887066,0.2859792136495074
2016-10-21,3843888.507210574,0.3747512472471315
2016-10-24,3869768.3822096176,0.3722450209109306
2016-10-25,3852238.4572845334,0.3739389522037781
2016-10-26,3774993.8789103604,0.38159055578968865
2016-10-27,3734500.9699617764,0.3857281130578528
2016-10-28,3747483.18868559,0.3843918544331951
2016-10-31,3786950.899118118,0.3803857115473909
2016-11-01,3778897.4105841946,0.38119637974860615
2016-11-02,3766005.882660538,0.38250126453292155
2016-11-03,3720851.6971808113,0.38714308701083316
2016-11-04,3730422.6873474605,0.38614981011182803
2016-11-07,3773074.523279743,0.3817846701591045
2016-11-08,3758305.058586801,0.3832850154260057
2016-11-09,3707008.559103584,0.3885888012906057
2016-11-10,3628415.783900946,0.3970057728079275
2016-11-11,3696658.4574955017,0.38967679295209273
2016-11-14,3656364.156889908,0.3939711556469703
2016-11-15,3719212.6606113636,0.3873136988405733
2016-11-16,3764170.924080844,0.38268772630398734
2016-11-17,3771839.8362815734,0.38190964486344153
2016-11-18,3759486.7215679567,0.2965535394207567
2016-11-21,3765634.3043166297,0.2960694012183531
2016-11-22,3786131.5644102157,0.2944665484333179
2016-11-23,3801764.501697608,0.2932556956614438
2016-11-25,3816965.9104799833,0.292087778574401
2016-11-28,3822530.9580400437,0.29166254136970027
2016-11-29,3830918.1517655984,0.2910239920350381
2016-11-30,3823800.9609083687,0.2915656711957793
2016-12-01,3745219.878261113,0.29768321485144733
2016-12-02,3785974.460079707,0.29447876773654785
2016-12-05,3824045.942137322,0.2915469925194425
2016-12-06,3833097.5648121154,0.29085852234000265
2016-12-07,3871373.3534143604,0.2879828401729937
2016-12-08,3855516.603238552,0.2891672396767352
2016-12-09,3817619.4743260336,0.2920377741113493
2016-12-12,3808124.7542779176,0.2927659059577515
2016-12-13,3842598.564588597,0.29013936141041535
2016-12-14,3828255.5159067092,0.29122640561839735
2016-12-15,3848214.392121732,0.28971595136923095
2016-12-16,3854568.9291449697,0.5737710057335479
2016-12-19,3844941.951896572,0.5752076153071365
2016-12-20,3878451.9220522544,0.570237799924698
2016-12-21,3884067.2674605814,0.5694133852091529
2016-12-22,3874183.397241518,0.5708660805060282
2016-12-23,3895180.020668988,0.5677888773841446
2016-12-27,3922623.3950830377,0.5638165249095946
2016-12-28,3863786.9169571195,0.5724021377676141
2016-12-29,3888399.5333689647,0.5687789724706087
2016-12-30,3840027.7563477107,0.575943725273566
2017-01-03,3854481.2241515983,0.5737840613380062
2017-01-04,3917301.6360724955,0.564582484733597
2017-01-05,3901895.465674005,0.5668116715583922
2017-01-06,3904627.0506220344,0.5664151434878946
2017-01-09,3882783.1340859192,0.5696017044396315
2017-01-10,3915889.983390001,0.5647860130202557
2017-01-11,3932302.885107186,0.5624286723998142
2017-01-12,3898099.6123885014,0.5673636158799044
2017-01-13,3909171.194231758,0.5657567247011888
2017-01-17,3879056.7301068637,0.5701488905741953
2017-01-18,3909160.200729391,0.5657583157457029
2017-01-19,3893295.7780427635,0.5680636707896437
2017-01-20,3921223.512158092,0.631358615086
2017-01-23,3881808.255983924,0.6377693288333938
2017-01-24,3959574.558514234,0.6252434976266136
2017-01-25,3958413.1025671596,0.6254269531578761
2017-01-26,3947149.999011257,0.6272115948719823
2017-01-27,3955351.067777124,0.6259111273958589
2017-01-30,3889524.4554815018,0.6365040956587368
2017-01-31,3925034.0149719017,0.6307456793075759
2017-02-01,3935618.1868910864,0.6290493966932433
2017-02-02,3954064.11446744,0.6261148464994573
2017-02-03,3998071.332917629,0.6192231303367293
2017-02-06,3990106.8933404316,0.620459128603994
2017-02-07,3958143.010943926,0.625469630388215
2017-02-08,3969391.0262018433,0.6236972446747565
2017-02-09,3991734.1551787946,0.6202061935579737
2017-02-10,3991434.179731446,0.620252805031941
2017-02-13,3986822.5964321047,0.6209702554345786
2017-02-14,3994268.9091317197,0.61981261212004
2017-02-15,3974833.2344366615,0.6228432993440203
2017-02-16,3939380.2882260764,0.6284486556116707
2017-02-17,3981161.0896758093,0.2176445146454805
2017-02-21,4014378.717951505,0.21584357978315466
2017-02-22,3972120.18423964,0.21813989328065325
2017-02-23,3938384.92119902,0.22000842742008297
2017-02-24,3920832.5563257104,0.22099333767518942
2017-02-27,3962259.5994668654,0.2186827620291591
2017-02-28,3953290.3575174133,0.21917891040821358
2017-03-01,4042203.4815617437,0.21435780683489783
2017-03-02,3980783.9124646406,0.2176651363503671
2017-03-03,4002100.881090494,0.21650575506029363
2017-03-06,4007954.556860377,0.2161895452643848
2017-03-07,3989652.974092389,0.21718126331152396
2017-03-08,3918001.9919368844,0.22115299452913653
2017-03-09,3923843.4537618514,0.22082376203292656
2017-03-10,3922290.570072755,0.22091118891069086
2017-03-13,3942516.9816209003,0.2197778417004372
2017-03-14,3902646.7625999735,0.22202313603978585
2017-03-15,3954792.1266705957,0.21909568071721178
2017-03-16,3947158.5105821653,0.21951940130222114
2017-03-17,3938674.5606425353,0.6121157226928725
2017-03-20,3932155.680250798,0.6131305119094281
2017-03-21,3828427.287290944,0.6297428275948127
2017-03-22,3844347.0161355054,0.6271350153928865
2017-03-23,3839739.7067826767,0.6278875156253377
2017-03-24,3868479.963744347,0.623222725136251
2017-03-27,3863290.7743758317,0.6240598406754034
2017-03-28,3889763.277363611,0.6198126860752835
2017-03-29,3898387.765266792,0.6184414610111887
2017-03-30,3929042.2727668043,0.6136163618931951
2017-03-31,3910203.1476685465,0.6165727288561077
2017-04-03,3908857.3214420327,0.616785015895723
2017-04-04,3894419.266366286,0.6190716664642189
2017-04-05,3857924.0159358107,0.6249279703750006
2017-04-06,3880184.580646359,0.6213427673428172
2017-04-07,3878422.463239582,0.621625067405868
2017-04-10,3848799.2557713585,0.6264095539731004
2017-04-11,3837045.2421563542,0.6283284332047226
2017-04-12,3802782.9397758264,0.6339895448468225
2017-04-13,3779367.6341465623,0.6379174662335172
2017-04-17,3793218.0483741625,0.6355881983038387
2017-04-18,3777573.2862217333,0.6382204771336427
2017-04-19,3782984.8542299466,0.6373075013620424
2017-04-20,3788653.529980256,0.6363539463457619
2017-04-21,3752910.081854287,0.4124919210659878
2017-04-24,3779904.3069453463,0.40954610581213624
2017-04-25,3803917.918351453,0.40696069749130714
2017-04-26,3751598.1392368106,0.41263617045265616
2017-04-27,3763868.1735188384,0.4112909958280292
2017-04-28,3764822.1343917027,0.41118677961186395
2017-05-01,3798270.437171956,0.40756578944510397
2017-05-02,3713091.822263657,0.4169153803226538
2017-05-03,3710138.973036741,0.4172471976123624
2017-05-04,3716118.9058616604,0.4165757685552426
2017-05-05,3729571.8536265157,0.4150731370805255
2017-05-08,3729876.659519812,0.41503921726229015
2017-05-09,3752764.1873161965,0.41250795733026824
2017-05-10,3828090.1994886445,0.4043909648364022
2017-05-11,3838083.070889761,0.40333808848309105
2017-05-12,3843257.3333269265,0.402795065484704
2017-05-15,3896520.538896401,0.3972890874817347
2017-05-16,3905675.567116471,0.39635782917701423
2017-05-17,3815132.535108149,0.405764432822805
2017-05-18,3872536.2167445533,0.39974967375601517
2017-05-19,3902257.473024649,0.2302186810148314
2017-05-22,3924169.8853223776,0.22893314883746446
2017-05-23,3924079.9104593284,0.22893839802432714
2017-05-24,3938460.365552103,0.2281024778813707
2017-05-25,3966816.809018244,0.2264719072425086
2017-05-26,3984190.096992316,0.22548436358450602
2017-05-30,4017303.0174537445,0.2236257918600853
2017-05-31,4011334.41519168,0.22395853235713714
2017-06-01,4011857.418314159,0.22392933615210908
2017-06-02,4030344.4188575232,0.22290218280517682
2017-06-05,4033970.5193342343,0.22270181800145405
2017-06-06,4054433.9666172825,0.2215778024298516
2017-06-07,4085646.3500437597,0.2198850540283257
2017-06-08,4137379.1780811953,0.21713566239694876
2017-06-09,4009843.723207192,0.22404179076122666
2017-06-12,3994627.188004241,0.22489522204169457
2017-06-13,4028467.054118645,0.22300606070528017
2017-06-14,3985352.390326457,0.22541860303259512
2017-06-15,3959452.2794482,0.2268931420345855
2017-06-16,3954008.7226188746,0.5631438261114613
2017-06-19,3998258.081122639,0.5569114237639392
2017-06-20,4012729.5185269793,0.5549029881662865
2017-06-21,4095240.226917674,0.543722828736134
2017-06-22,4118670.3549247626,0.5406297199461986
2017-06-23,4124352.5297532706,0.5398848872569315
2017-06-26,4120544.5085677225,0.5403838244930558
2017-06-27,4012922.7610685383,0.5548762667788747
2017-06-28,4074687.456759614,0.5464653729060347
2017-06-29,3988411.9529095795,0.558286262006939
2017-06-30,3943363.918609535,0.5646639890438594
2017-07-03,3900383.924897003,0.5708862623292871
2017-07-05,3979005.4157609507,0.5596060743505804
2017-07-06,3948237.927328884,0.5639669243641823
2017-07-07,3991975.8443031744,0.5577878442604568
2017-07-10,4024803.0303595588,0.5532384029075736
2017-07-11,4060074.828076081,0.5484321582291684
2017-07-12,4121956.464450447,0.5401987186758297
2017-07-13,4089961.2192744063,0.5444246243803543
2017-07-14,4124125.083144996,0.5399146620537647
2017-07-17,4120628.3997634104,0.5403728229076739
2017-07-18,4144741.134947421,0.5372291122740845
2017-07-19,4120320.8548879107,0.5404131568764101
2017-07-20,4113714.8820008547,0.5412809745945883
2017-07-21,4159600.8246612637,0.6710291420377151
2017-07-24,4148117.455612197,0.6728867739305325
2017-07-25,4125006.612610533,0.6766567025756561
2017-07-26,4152047.095270993,0.6722499308283123
2017-07-27,4126613.491268282,0.676393216495292
2017-07-28,4155068.0451719644,0.6717611702737593
2017-07-31,4114545.237175654,0.6783771259512975
2017-08-01,4129664.265576457,0.6758935334909596
2017-08-02,4113526.1608585226,0.6785451856733236
2017-08-03,4135038.404014602,0.6750151026123248
2017-08-04,4129396.5708520506,0.6759373493681881
2017-08-07,4187648.2428579936,0.6665348211498461
2017-08-08,4160530.271091452,0.6708792367131576
2017-08-09,4168046.6437060996,0.6696694186008337
2017-08-10,4046746.108400632,0.6897426470115201
2017-08-11,4084889.2227205355,0.6833020971699381
2017-08-14,4123062.4305824656,0.6769757721562089
2017-08-15,4114256.4296541656,0.678424745835894
2017-08-16,4130785.1136195436,0.6757101364069887
2017-08-17,4081631.7195663876,0.6838474326851676
2017-08-18,4097125.092345689,0.2337952643959798
2017-08-21,4078019.2255692054,0.2348906150864609
2017-08-22,4140997.4485217244,0.23131828892343698
2017-08-23,4156687.9785590577,0.23044511620052407
2017-08-24,4139895.7942334614,0.2313798442856036
2017-08-25,4127280.291611208,0.23208708315141421
2017-08-28,4151178.2336798743,0.23075097967528824
2017-08-29,4174170.0234644,0.2294799777785173
2017-08-30,4242648.033025366,0.22577608059212687
2017-08-31,4260479.816632173,0.2248311189009589
2017-09-01,4270174.7739530215,0.22432066482881194
2017-09-05,4247562.774562787,0.22551484111425793
2017-09-06,4251783.16974834,0.22529099109375805
2017-09-07,4276565.049346331,0.2239854727276453
2017-09-08,4220620.105963137,0.22695443327747106
2017-09-11,4250897.02167171,0.22533795557617717
2017-09-12,4261020.225747085,0.22480260441862063
2017-09-13,4245308.639538527,0.22563458291515123
2017-09-14,4237821.916172571,0.22603319893477017
2017-09-15,4273978.266424263,0.5557360346274156
2017-09-18,4330903.952977828,0.5484314036180002
2017-09-19,4355335.329609659,0.5453549621583903
2017-09-20,4368808.747972366,0.5436730859341796
2017-09-21,4356173.592706031,0.545250018925649
2017-09-22,4376562.874628794,0.5427098391835243
2017-09-25,4288266.084776745,0.5538844108340897
2017-09-26,4289973.43849512,0.5536639720313918
2017-09-27,4340915.772926169,0.5471665100438643
2017-09-28,4362381.438018774,0.5444741060848411
2017-09-29,4411408.495786262,0.5384229857958404
2017-10-02,4415413.723246858,0.5379345816137425
2017-10-03,4438387.315468964,0.5351501716824391
2017-10-04,4428962.897667407,0.5362889210738974
2017-10-05,4413691.182070496,0.5381445225517908
2017-10-06,4424636.240585365,0.5368133344114507
2017-10-09,4461417.934295751,0.5323876330006526
2017-10-10,4498893.069964586,0.527952920180224
2017-10-11,4537808.566195258,0.5234252831996115
2017-10-12,4588814.647497296,0.5176072507443275
2017-10-13,4630181.17258571,0.5129828931812512
2017-10-16,4658774.30453118,0.5098344711732921
2017-10-17,4648623.7829479175,0.5109477223300148
2017-10-18,4681617.064245881,0.5073468635455293
2017-10-19,4648624.756504632,0.5109476153227576
2017-10-20,4686140.884869863,0.6662185857090378
2017-10-23,4657841.849402948,0.670266242111995
2017-10-24,4665904.541193114,0.6691080207896789
2017-10-25,4550048.272255343,0.6861452815321025
2017-10-26,4535207.361978031,0.6883906078750148
2017-10-27,4623814.165616588,0.6751988814703974
2017-10-30,4640792.428401864,0.6727286774656308
2017-10-31,4677387.197704485,0.6674654076710768
2017-11-01,4646049.305554927,0.671967503448267
2017-11-02,4686263.949475047,0.6662010903378636
2017-11-03,4744728.479962719,0.6579921624463176
2017-11-06,4752904.811605248,0.6568602310587566
2017-11-07,4811483.101155237,0.6488631648735725
2017-11-08,4807453.146230673,0.6494070889071746
2017-11-09,4772313.666285285,0.6541888004569122
2017-11-10,4811995.884545495,0.6487940197077245
2017-11-13,4835928.352535061,0.6455832107427122
2017-11-14,4839819.3537808675,0.645064190321979
2017-11-15,4828548.788968207,0.6465698679247321
2017-11-16,4904880.159268601,0.6365077333952315
2017-11-17,4916864.477623064,0.5512066211798865
2017-11-20,4948321.301527405,0.5477025622150795
2017-11-21,5006719.368379679,0.5413141932073416
2017-11-22,4979789.6639085105,0.5442415118759942
2017-11-24,4977330.381771642,0.544510419769511
2017-11-27,4932431.654368124,0.5494669658747074
2017-11-28,4928300.801507049,0.5499275236367976
2017-11-29,4781134.084997876,0.56685468496147
2017-11-30,4753488.551555857,0.5701514216591397
2017-12-01,4760248.97805269,0.5693417020843943
2017-12-04,4729211.866572566,0.5730782066810224
2017-12-05,4756763.212033976,0.5697589168730434
2017-12-06,4805597.637070125,0.5639690336543397
2017-12-07,4834991.082982843,0.5605404868374675
2017-12-08,4841601.79142136,0.5597751265525649
2017-12-11,4817370.469844355,0.5625907894099706
2017-12-12,4816650.351437686,0.5626749001411462
2017-12-13,4823240.582610442,0.5619060897109954
2017-12-14,4824603.187808779,0.5617473914452495
2017-12-15,4889501.745152686,0.6216289302733076
2017-12-18,4871818.310336937,0.6238852817970801
2017-12-19,4840896.354185767,0.6278704432043077
2017-12-20,4854130.308492743,0.6261586620554727
2017-12-21,4828447.566137757,0.6294892297732819
2017-12-22,4842575.047604222,0.6276527899990836
2017-12-26,4832602.136094951,0.6289480602400279
2017-12-27,4871711.316365015,0.623898983751073
2017-12-28,4878394.324111309,0.6230442923374032
2017-12-29,4854473.664232483,0.6261143740058354
2018-01-02,4894841.682784475,0.6209507756090923
2018-01-03,4973405.282439137,0.6111417764687128
2018-01-04,4978247.575102241,0.6105473248478028
2018-01-05,4987487.389135864,0.6094162254985377
2018-01-08,5030161.862083769,0.6042461103129642
2018-01-09,4993979.773686777,0.6086239586759227
2018-01-10,5016878.623574703,0.6058459786382105
2018-01-11,5047311.272883608,0.6021930439951341
2018-01-12,5070941.099372509,0.5993869145482373
2018-01-16,5070427.289703339,0.599447653175314
2018-01-17,5214842.028638723,0.5828471356786528
2018-01-18,5169471.700345613,0.587962545419395
2018-01-19,5181689.834610311,0.7497502018237617
2018-01-22,5213952.281577467,0.7451109617964949
2018-01-23,5226574.648727096,0.7433114918263686
2018-01-24,5229888.76983217,0.7428404637775665
2018-01-25,5227366.291143694,0.7431989233027754
2018-01-26,5195934.886570312,0.7476947044368324
2018-01-29,5084114.447491389,0.764139564404209
2018-01-30,5040710.216480815,0.7707193693827374
2018-01-31,5092031.809720369,0.7629514395159602
2018-02-01,5009876.8355535045,0.7754627761937771
2018-02-02,4764686.696507083,0.8153679867629551
2018-02-05,4624118.524160329,0.8401542864848319
2018-02-06,4700134.247740643,0.8265663903440044
2018-02-07,4681300.670653468,0.8298917913223693
2018-02-08,4575687.878586062,0.8490467668191815
2018-02-09,4613124.620104456,0.8421565249627371
2018-02-12,4641379.913406033,0.8370297350720994
2018-02-13,4659396.51428928,0.8337931720069136
2018-02-14,4670716.428077655,0.8317723970423461
2018-02-15,4712403.588895307,0.8244143197840872
2018-02-16,4733368.355642194,0.6100824538888786
2018-02-20,4766589.698727741,0.6058304079205578
2018-02-21,4753098.562021513,0.6075499895255666
2018-02-22,4787953.623065095,0.6031271831161793
2018-02-23,4890196.874891553,0.5905171213856693
2018-02-26,4906135.62721066,0.5885986856037972
2018-02-27,4866065.739665795,0.5934455340442006
2018-02-28,4829079.81515444,0.5979907336606741
2018-03-01,4678844.1744195195,0.6171919546622695
2018-03-02,4752626.219263414,0.6076103712649452
2018-03-05,4852490.526518431,0.5951057432856149
2018-03-06,4901451.550382674,0.5891611804965611
2018-03-07,4927747.190851489,0.5860172751823269
2018-03-08,4981515.306476897,0.5796920824102558
2018-03-09,5056932.659765611,0.5710467542005992
2018-03-12,5109548.458974814,0.5651663752200828
2018-03-13,5053016.806196043,0.5714892889390717
2018-03-14,5038156.925609598,0.5731748780772147
2018-03-15,5036089.620656953,0.5734101652451237
2018-03-16,5053014.695633921,0.49377945601663276
2018-03-19,4945843.012465751,0.504479184107837
2018-03-20,4993147.414726369,0.4996998166517985
2018-03-21,4990478.887847617,0.4999670179408952
2018-03-22,4759446.707145519,0.5242363243416988
2018-03-23,4642503.140690121,0.5374417145323177
2018-03-26,4768019.886389824,0.523293716701201
2018-03-27,4610358.202172505,0.541188935488447
2018-03-28,4545632.144802321,0.548895020136451
2018-03-29,4628869.369471377,0.5390246836754241
2018-04-02,4513590.01507555,0.5527916446377562
2018-04-03,4557997.811284391,0.5474058898135111
2018-04-04,4572066.236200437,0.5457215006857975
2018-04-05,4621971.021002595,0.5398291846306164
2018-04-06,4512470.121180155,0.5529288351280266
2018-04-09,4531329.883124901,0.5506275005371076
2018-04-10,4644687.533051577,0.537188956178263
2018-04-11,4617203.23960288,0.5403866189500394
2018-04-12,4691972.187245539,0.5317752851213985
2018-04-13,4674148.097053098,0.5338031221619259
2018-04-16,4694077.252270614,0.5315368098058577
2018-04-17,4809186.449387507,0.5188143304304492
2018-04-18,4828295.977097536,0.5167609565547074
2018-04-19,4767933.188630351,0.5233032320175842
2018-04-20,4738483.548734764,0.6469021610246781
2018-04-23,4694004.924506284,0.6530319624619517
2018-04-24,4599113.824724667,0.6665056279271182
2018-04-25,4609987.462556409,0.664933532369427
2018-04-26,4707884.650389012,0.6511067019033944
2018-04-27,4663139.887564375,0.6573543409733464
2018-04-30,4640405.6541373655,0.6605748454175261
2018-05-01,4713650.599463983,0.6503102389483391
2018-05-02,4656931.408303974,0.6582307057798776
2018-05-03,4714564.9151999,0.6501841215026377
2018-05-04,4796410.819259804,0.6390893864528177
2018-05-07,4869681.643880269,0.6294734382705721
2018-05-08,4872536.351102782,0.6291046442296195
2018-05-09,4959120.810985382,0.6181207041510488
2018-05-10,5002288.721219737,0.6127865500152431
2018-05-11,5011307.34973673,0.611683745124402
2018-05-14,5029374.703406984,0.6094863533591749
2018-05-15,4992459.055513885,0.6139930670579897
2018-05-16,5061241.633371886,0.6056488643902634
2018-05-17,5038672.230702453,0.6083617086617001
2018-05-18,5071520.370155201,0.521849169354202
2018-05-21,5117236.483420992,0.517187099150656
2018-05-22,5117555.132433229,0.5171548960470214
2018-05-23,5153223.589686315,0.5135753662669056
2018-05-24,5202292.548424541,0.5087312310665597
2018-05-25,5190099.795473708,0.5099263591880223
2018-05-29,5153282.717934651,0.5135694735547339
2018-05-30,5177670.759226904,0.5111504411152584
2018-05-31,5127397.219655723,0.5161622123565667
2018-06-01,5217464.878336126,0.5072518462975089
2018-06-04,5066778.7067235755,0.5223375335134395
2018-06-05,5100949.228608483,0.5188384698450291
2018-06-06,5100736.980269969,0.5188600593925019
2018-06-07,5087433.130840937,0.5202169000481659
2018-06-08,5099884.70981979,0.518946769018613
2018-06-11,5085288.015711765,0.5204363419242791
2018-06-12,5098690.5263811145,0.519068313488494
2018-06-13,5162456.308903684,0.5126568699407436
2018-06-14,5178544.379976351,0.5110642100049925
2018-06-15,5134991.973858872,0.5436507197973729
2018-06-18,5140257.790460893,0.5430937895610485
2018-06-19,5130033.870927835,0.5441761502906418
2018-06-20,5138643.547157538,0.5432643959681377
2018-06-21,5100289.2295545675,0.547349759414706
2018-06-22,5034631.446323374,0.5544878731452633
2018-06-25,4916033.628926445,0.5678647245852431
2018-06-26,4971556.031978796,0.5615228038837912
2018-06-27,4866019.053896828,0.5737014285849319
2018-06-28,4895056.841848636,0.5702981952887466
2018-06-29,4899286.708811755,0.5698058204516014
2018-07-02,4922775.362269269,0.5670870347119059
2018-07-03,4866313.237004243,0.5736667466274067
2018-07-05,4898233.1039496735,0.5699283850927955
2018-07-06,4941962.472406193,0.5648853260884609
2018-07-09,4956529.871262943,0.5632251101577215
2018-07-10,4983244.779772777,0.5602056904917683
2018-07-11,4928910.398854837,0.5663811789702461
2018-07-12,4987060.816282781,0.5597770281099003
2018-07-13,4997153.070802739,0.5586465019558949
2018-07-16,4997602.916650259,0.5585962168865671
2018-07-17,5015755.881591464,0.5565745520007923
2018-07-18,5036990.618927622,0.5542281679564555
2018-07-19,5030301.604123209,0.5549651496947761
2018-07-20,5024194.8607598655,0.6866412169184563
2018-07-23,5004870.901213189,0.689292359647352
2018-07-24,4942255.078293274,0.6980253383479643
2018-07-25,4950806.575212386,0.696819643591027
2018-07-26,4965169.246803963,0.6948039637215242
2018-07-27,4969397.896845791,0.6942127285515415
2018-07-30,4934285.125403605,0.6991528023921045
2018-07-31,4985829.505300412,0.6919248380956712
2018-08-01,4917972.330771543,0.7014718752365148
2018-08-02,4993539.818142308,0.6908564663275293
2018-08-03,4976383.568176764,0.6932382172645797
2018-08-06,5026819.404322101,0.6862827159180266
2018-08-07,5040950.572897007,0.6843588770292218
2018-08-08,5108937.474532973,0.675251809289948
2018-08-09,5181686.586957837,0.6657715041875956
2018-08-10,5179087.483040827,0.6661056188998946
2018-08-13,5163706.683096969,0.6680897047309734
2018-08-14,5230509.11569854,0.6595570711985809
2018-08-15,5050046.742079082,0.6831262064333552
2018-08-16,5119051.0654829545,0.6739177298873333
2018-08-17,5177768.293898521,0.5491241514413404
2018-08-20,5248462.408500191,0.541727728894869
2018-08-21,5301929.678090676,0.5362646797252139
2018-08-22,5323751.54142239,0.5340665503685867
2018-08-23,5339216.235890595,0.5325196611507237
2018-08-24,5360840.505001513,0.5303716120810238
2018-08-27,5365528.032447952,0.5299082594578697
2018-08-28,5365354.994962286,0.5299253494720321
2018-08-29,5342707.259215119,0.5321717029962434
2018-08-30,5343829.9278130755,0.5320599006994365
2018-08-31,5364215.477697865,0.5300379212147386
2018-09-04,5345109.962800885,0.5319324841835472
2018-09-05,5251576.57236412,0.5414064865223801
2018-09-06,5228815.750348315,0.5437632069092321
2018-09-07,5218880.722139935,0.5447983527742073
2018-09-10,5267207.725018946,0.5397997894105601
2018-09-11,5278611.233824504,0.5386336471471675
2018-09-12,5302917.742243521,0.5361647604105595
2018-09-13,5274187.397862918,0.5390854374835017
2018-09-14,5255793.858934625,0.5409720580866237
2018-09-17,5174677.651950818,0.5494521228148427
2018-09-18,5208684.950527355,0.54586477157906
2018-09-19,5172509.956158587,0.5496823872444432
2018-09-20,5162493.959771862,0.5507488517957605
2018-09-21,5122143.065371607,0.6260406181949083
2018-09-24,5099462.610282037,0.6288250069061005
2018-09-25,5095412.654662892,0.6293248120333356
2018-09-26,5082738.622025236,0.6308940611725367
2018-09-27,5093928.933568253,0.6295081170050324
2018-09-28,5106721.0995357465,0.627931220175608
2018-10-01,5100310.673199903,0.6287204479479599
2018-10-02,5023851.951752652,0.638289034375168
2018-10-03,5043844.6008284995,0.6357590022898957
2018-10-04,4939368.278818285,0.6492064227887824
2018-10-05,4920334.648791317,0.6517177875118157
2018-10-08,4868513.015157083,0.6586548297487791
2018-10-09,4847977.0674773995,0.6614448803068627
2018-10-10,4715683.493102349,0.6800010254756099
2018-10-11,4704110.922771762,0.6816738941263243
2018-10-12,4758625.744015136,0.6738646373190815
2018-10-15,4748157.240763165,0.6753503408856358
2018-10-16,4758330.9396408945,0.673906386883214
2018-10-17,4734925.169776804,0.6772376534261386
2018-10-18,4711683.225872466,0.6805783532984058
2018-10-19,4722702.034692667,0.7741147197534082
2018-10-22,4743817.489996226,0.7706690170468329
2018-10-23,4727153.6463551875,0.7733857275580224
2018-10-24,4435673.100352816,0.824207077337185
2018-10-25,4480369.268057074,0.81598478681878
2018-10-26,4265967.13793278,0.8569951534686604
2018-10-29,4287559.070850326,0.8526793687625882
2018-10-30,4373341.362121138,0.8359542188336725
2018-10-31,4403038.861031891,0.8303158971456749
2018-11-01,4466090.677306146,0.8185935813265073
2018-11-02,4429996.401516027,0.8252632351606073
2018-11-05,4532201.545005745,0.8066528210983015
2018-11-06,4546865.0785068115,0.8040513846224716
2018-11-07,4586471.539886032,0.797108001275379
2018-11-08,4590459.080956106,0.7964155866745047
2018-11-09,4595357.5362211075,0.7955666416048501
2018-11-12,4471863.870175224,0.8175367739719932
2018-11-13,4513152.233577293,0.8100575768008498
2018-11-14,4404935.340249073,0.8299584170191803
2018-11-15,4469673.164331001,0.8179374705157361
2018-11-16,4500484.1811689865,0.6117031744025715
2018-11-19,4481981.124098182,0.6142284815007001
2018-11-20,4499977.247983914,0.6117720842262062
2018-11-21,4525759.5002124915,0.6082869537898271
2018-11-23,4543353.437712197,0.6059313891626001
2018-11-26,4576761.870572485,0.6015083453807205
2018-11-27,4569221.300976051,0.6025010124551321
2018-11-28,4533846.407310123,0.6072019677444093
2018-11-29,4534746.296289174,0.607081472721506
2018-11-30,4520926.570199654,0.6089372205503549
2018-12-03,4300673.737178115,0.640123066339829
2018-12-04,4431991.583251486,0.6211565180703582
2018-12-06,4448276.211351987,0.6188825354289107
2018-12-07,4377635.065500764,0.6288693367030839
2018-12-10,4439084.180222908,0.6201640582160322
2018-12-11,4481172.854297665,0.614339269981385
2018-12-12,4493082.615588824,0.6127108480975144
2018-12-13,4528177.321984794,0.6079621587705287
2018-12-14,4540759.386600443,0.6062775464591842
2018-12-17,4476744.263529045,0.6149470011939997
2018-12-18,4484832.440000538,0.6138379742832257
2018-12-19,4516568.081483946,0.6095248450378998
2018-12-20,4519088.526160407,0.6091848929342947
2018-12-21,4666281.1752186315,0.5338522551474794
2018-12-24,4542592.0963076465,0.5483883817275913
2018-12-26,4640045.836833015,0.5368707155364996
2018-12-27,4624513.786399628,0.5386738679142576
2018-12-28,4663470.047562522,0.5341740599030402
2018-12-31,4706881.185328474,0.5292474210540015
2019-01-02,4764228.482202768,0.5228768388939483
2019-01-03,4705155.8264392335,0.5294414936365486
2019-01-04,4803990.956042796,0.5185490046373236
2019-01-07,4824252.945411299,0.5163710851671177
2019-01-08,4830344.296023995,0.515719910606207
2019-01-09,4836074.3863034565,0.5151088526673426
2019-01-10,4829380.057996407,0.5158228796712669
2019-01-11,4839999.190623549,0.5146911456862788
2019-01-14,4823560.593934912,0.5164452026735151
2019-01-15,4821644.24259628,0.5166504626233742
2019-01-16,4798266.845095673,0.5191676096732437
2019-01-17,4802574.049807594,0.5187019924539212
2019-01-18,4793494.739141652,0.33509361494417794
2019-01-22,4814874.072282698,0.3336057093583248
2019-01-23,4811465.549155531,0.33384204125431066
2019-01-24,4829803.029243151,0.332574531638112
2019-01-25,4822449.952393345,0.33308162784721
2019-01-28,4820920.632520007,0.3331872898963784
2019-01-29,4844037.005116032,0.33159727695275926
2019-01-30,4833807.856026658,0.33229899247075434
2019-01-31,4825675.354974886,0.33285900152792913
2019-02-01,4809598.29162384,0.3339716506370762
2019-02-04,4809528.745885409,0.3339764798638644
2019-02-05,4802652.221621156,0.33445467342473373
2019-02-06,4798580.400552632,0.33473847393906087
2019-02-07,4797992.489132767,0.3347794903791539
2019-02-08,4802147.9493390005,0.3344897944212596
2019-02-11,4808269.197240454,0.3340639665675833
2019-02-12,4813770.977205678,0.3336821564550815
2019-02-13,4809271.505201994,0.333994343762343
2019-02-14,4816303.347065944,0.33350670931751064
2019-02-15,4800465.112922664,0.5913478695239994
2019-02-19,4789435.229649018,0.5927097206947995
2019-02-20,4766955.688673752,0.595504762923628
2019-02-21,4771158.642574784,0.5949801777538792
2019-02-22,4761228.326874622,0.5962211056394598
2019-02-25,4724686.9398196265,0.6008323627384033
2019-02-26,4732135.710228997,0.599886603233898
2019-02-27,4690010.957346748,0.6052746663212593
2019-02-28,4718998.605604159,0.6015566128542364
2019-03-01,4730047.428197249,0.6001514488688808
2019-03-04,4719405.424120222,0.601504757938929
2019-03-05,4726695.088498923,0.6005770975492762
2019-03-06,4706922.4233128335,0.6030999795516351
2019-03-07,4682769.34865186,0.6062106855782593
2019-03-08,4697061.8552548075,0.6043660706906117
2019-03-11,4745070.52465477,0.5982513436842198
2019-03-12,4855747.854064872,0.5846153677182221
2019-03-13,4795636.550058555,0.5919432775230729
2019-03-14,4783793.959660874,0.5934086712740326
2019-03-15,4815291.282724033,0.5240630564476065
2019-03-18,4811162.635230944,0.5245127755255647
2019-03-19,4841540.80189478,0.5212217289013183
2019-03-20,4846224.553907403,0.5207179814388125
2019-03-21,4918509.789008357,0.5130652119366118
2019-03-22,4893710.122765261,0.515665252743643
2019-03-25,4939106.858819185,0.5109256267262015
2019-03-26,4968242.254349078,0.5079293919496071
2019-03-27,4964082.145906793,0.5083550580222922
2019-03-28,4984815.498342144,0.5062406558776642
2019-03-29,5007993.937680981,0.5038976282144664
2019-04-01,4973890.174734183,0.507352631171583
2019-04-02,4992991.018734602,0.5054117377422039
2019-04-03,5011582.23075965,0.5035368374924102
2019-04-04,4992858.634616371,0.5054251385797083
2019-04-05,4996973.89770735,0.5050088951770754
2019-04-08,4986391.954188933,0.5060806070790193
2019-04-09,4970575.685847305,0.5076909450338052
2019-04-10,5022497.30263742,0.502442533116886
2019-04-11,5008385.876804491,0.5038581949120814
2019-04-12,5049789.984960176,0.4997269737604293
2019-04-15,5067411.031690024,0.49798925951113515
2019-04-16,5111716.420268023,0.49367297788744635
2019-04-17,5125192.575563343,0.4923749166698378
2019-04-18,5117237.226753642,0.7239148920929538
2019-04-22,5102217.003816797,0.7260459976610634
2019-04-23,5117186.510310991,0.7239220668144604
2019-04-24,5148765.931315032,0.7194819660161298
2019-04-25,5082692.668272881,0.7288349850352438
2019-04-26,5081920.587626628,0.7289457147045795
2019-04-29,5058936.709972055,0.7322574776468931
2019-04-30,5072919.7253386,0.730239080330046
2019-05-01,5029139.665855216,0.7365960146166391
2019-05-02,5098680.227428716,0.7265496304104512
2019-05-03,5111622.504464372,0.7247100566569682
2019-05-06,5087244.829499883,0.728182809944216
2019-05-07,4989585.703021954,0.7424352351690849
2019-05-08,4977282.584620951,0.7442704270530229
2019-05-09,4984935.595227411,0.7431278025670085
2019-05-10,5028725.304300748,0.7366567093357106
2019-05-13,4940154.09762775,0.7498641057772416
2019-05-14,4977719.9812542405,0.7442050273559173
2019-05-15,5007836.372428577,0.7397294878113037
2019-05-16,5046681.731688273,0.7340356360416166
2019-05-17,5038491.603146734,0.6175090882271588
2019-05-20,4947685.19291276,0.62884242521252
2019-05-21,5028080.243344183,0.6187877291771293
2019-05-22,5089590.347428396,0.6113093871044809
2019-05-23,5005108.245309161,0.6216277857357612
2019-05-24,5028617.835146413,0.6187215767628016
2019-05-28,5034942.978046902,0.6179443083000397
2019-05-29,4985502.871197982,0.6240723225482182
2019-05-30,5109187.928840876,0.6089645554700119
2019-05-31,5038930.893240694,0.6174552542629438
2019-06-03,4991650.047020279,0.6233037826352844
2019-06-04,5075248.571573284,0.6130368418457293
2019-06-05,5109210.520121812,0.6089618628251701
2019-06-06,5160248.1037990665,0.6029389078421888
2019-06-07,5196549.127716595,0.5987270166088993
2019-06-10,5187938.559205613,0.5997207407899112
2019-06-11,5184321.460175846,0.6001391657132702
2019-06-12,5207000.00902603,0.5975253217795378
2019-06-13,5212821.975718141,0.5968579725899247
2019-06-14,5217036.754662905,0.5963757784758735
2019-06-17,5191013.0713592,0.599365540623591
2019-06-18,5262923.682965565,0.5911760350942737
2019-06-19,5277965.107517841,0.5894912703131806
2019-06-20,5299695.989288456,0.5870741193811504
2019-06-21,5208440.081830235,0.3125702923514134
2019-06-24,5230278.29598527,0.3112652036741796
2019-06-25,5216077.036135329,0.3121126524386436
2019-06-26,5163124.282944569,0.3153136647224059
2019-06-27,5203763.663135109,0.3128511870371288
2019-06-28,5209746.15055684,0.31249193185708063
2019-07-01,5239545.887853143,0.31071464472650245
2019-07-02,5289949.513485484,0.30775409763784767
2019-07-03,5366001.993879272,0.3033922911190637
2019-07-05,5362459.199543306,0.30359273208291176
2019-07-08,5393889.642761577,0.3018236832593013
2019-07-09,5406951.405982169,0.30109455714199646
2019-07-10,5418854.312458272,0.3004331811116637
2019-07-11,5353230.102058464,0.30411613325690673
2019-07-12,5390300.288146015,0.30202466505487496
2019-07-15,5483344.474015521,0.2968997564875382
2019-07-16,5489509.760122656,0.2965663074139649
2019-07-17,5505674.713037687,0.29569557300893745
2019-07-18,5526278.573007555,0.2945931185996097
2019-07-19,5500584.256935877,0.7251168618300735
2019-07-22,5520476.994096267,0.7225039428452867
2019-07-23,5516907.374453229,0.7229714265443055
2019-07-24,5524276.080950331,0.7220070713654674
2019-07-25,5524112.017672176,0.7220285146031498
2019-07-26,5567392.498930459,0.7164155204411196
2019-07-29,5565391.927677503,0.7166730477301211
2019-07-30,5552959.767539903,0.7182775603627833
2019-07-31,5459980.464000903,0.7305092794596838
2019-08-01,5400085.540125574,0.73861170623762
2019-08-02,5321384.421446354,0.7495354739917768
2019-08-05,5238228.736987915,0.761434178400303
2019-08-06,5333935.21690616,0.7477718105722956
2019-08-07,5351725.784060467,0.7452860171761343
2019-08-08,5426605.970795785,0.7350020281712745
2019-08-09,5400411.05657254,0.7385671855047011
2019-08-12,5383771.033926917,0.7408499301858299
2019-08-13,5429027.53938861,0.7346741871695169
2019-08-14,5370927.834885888,0.7426214831475187
2019-08-15,5423859.598451221,0.7353741965887505
2019-08-16,5431316.503938326,0.5864402602631993
2019-08-19,5425733.574167719,0.5870436910699188
2019-08-20,5433823.066671856,0.5861697418300847
2019-08-21,5470088.039026652,0.5822836198278384
2019-08-22,5491203.718516958,0.5800445271044563
2019-08-23,5421618.5202572895,0.587489262153075
2019-08-26,5489318.141407285,0.5802437720115149
2019-08-27,5504610.498101165,0.5786317969709442
2019-08-28,5542380.505633271,0.5746885586263925
2019-08-29,5550994.821057552,0.5737967277610577
2019-08-30,5423557.370093864,0.5872792425327062
2019-09-03,5436321.423897909,0.5859003572047098
2019-09-04,5505009.104440707,0.5785898994375964
2019-09-05,5496515.898995554,0.5794839354005074
2019-09-06,5505293.998899358,0.5785599578838457
2019-09-09,5357620.584683686,0.5945069483358072
2019-09-10,5235273.0761170685,0.6084004822349742
2019-09-11,5246042.787364967,0.6071514841268127
2019-09-12,5239134.544052127,0.6079520648610605
2019-09-13,5150000.929494843,0.6184741920918115
2019-09-16,5185260.250300137,0.6142686211279437
2019-09-17,5260194.691323876,0.6055180180678389
2019-09-18,5248719.081489493,0.6068419007933483
2019-09-19,5229896.123680081,0.6090259899655781
2019-09-20,5182570.940176773,0.5778362388350892
2019-09-23,5180992.19161128,0.5780123167173581
2019-09-24,5152509.472501293,0.581207529175877
2019-09-25,5140822.628810583,0.5825288121758536
2019-09-26,5157134.431577066,0.580686297652318
2019-09-27,5086933.793626179,0.5886998771873236
2019-09-30,5144357.2197701875,0.5821285676000467
2019-10-01,5082154.349406955,0.5892535121286177
2019-10-02,5020845.207861552,0.5964488399042386
2019-10-03,5096302.292850124,0.5876176740475485
2019-10-04,5165427.818603879,0.5797539729007741
2019-10-07,5119538.287213175,0.5849506599154537
2019-10-08,5082010.294898635,0.5892702150906425
2019-10-09,5121411.455811323,0.5847367128000787
2019-10-10,5098877.533545936,0.5873208916796979
2019-10-11,5055695.346940516,0.5923373728165849
2019-10-14,5071908.620858999,0.5904438591917273
2019-10-15,5055596.451415895,0.592348959879714
2019-10-16,5013467.839768313,0.5973265203404937
2019-10-17,5048155.613906984,0.5932220653653878
2019-10-18,5079532.162919435,0.7157129638977282
2019-10-21,5081271.426246113,0.7154679832214145
2019-10-22,5035606.21758892,0.721956178153581
2019-10-23,5008108.582474735,0.7259201671982214
2019-10-24,5144156.451818679,0.7067217052178898
2019-10-25,5164784.885058564,0.7038990200839088
2019-10-28,5171906.763191075,0.7029297290142573
2019-10-29,5155947.612731244,0.7051055000171135
2019-10-30,5237303.127440499,0.6941524924324155
2019-10-31,5224919.260307956,0.6957977412501934
2019-11-01,5219312.893530247,0.6965451379708203
2019-11-04,5135884.826729649,0.7078599194078613
2019-11-05,5071255.790233147,0.7168810192021033
2019-11-06,5126225.284611412,0.7091937668932338
2019-11-07,5009256.368659385,0.7257538348970276
2019-11-08,4975191.363692758,0.7307230523970285
2019-11-11,5013439.203444749,0.7251483207453584
2019-11-12,5038709.482537573,0.7215115362646426
2019-11-13,5090921.424126864,0.7141117916901307
2019-11-14,5159153.4032416465,0.7046673621398085
2019-11-15,5181402.305051221,0.6370008723530055
2019-11-18,5202843.152404498,0.634375800239941
2019-11-19,5209618.09508767,0.6335508146828867
2019-11-20,5202519.69242237,0.6344152417408174
2019-11-21,5133304.337176245,0.6429694347997862
2019-11-22,5130812.85966298,0.6432816550916457
2019-11-25,5212332.001417845,0.6332209436067565
2019-11-26,5253489.745764806,0.6282600610366289
2019-11-27,5248778.077407355,0.62882403097519
2019-11-29,5228857.957278951,0.6312196306145369
2019-12-02,5149940.867626346,0.640892366177936
2019-12-03,5133222.106354316,0.6429797347447337
2019-12-04,5167643.176498427,0.6386969215173144
2019-12-05,5177781.754995904,0.6374462935107067
2019-12-06,5171706.564523079,0.638195100041193
2019-12-09,5165931.923817086,0.638908494537561
2019-12-10,5188206.870165839,0.6361654172482911
2019-12-11,5256205.484644686,0.627935456095019
2019-12-12,5223147.331536631,0.6319097622234771
2019-12-13,5303204.640849626,0.6223704367178106
2019-12-16,5278894.421606841,0.6252365599168104
2019-12-17,5312805.361417001,0.6212457569590306
2019-12-18,5262725.351291246,0.6271575216289192
2019-12-19,5299355.928852632,0.6228224396778926
2019-12-20,5292693.941669992,0.6104464590412446
2019-12-23,5264674.064463442,0.6136954037269119
2019-12-24,5284055.246704905,0.6114444540481029
2019-12-26,5291467.076311313,0.6105879955193377
2019-12-27,5266007.893608384,0.6135399605843749
2019-12-30,5246336.035827153,0.6158405129632722
2019-12-31,5241395.855511698,0.6164209620007939
2020-01-02,5333591.631023971,0.6057655889304011
2020-01-03,5320360.101323486,0.607272104509952
2020-01-06,5283215.046474706,0.6115416932796174
2020-01-07,5333273.548232152,0.6058017175122135
2020-01-08,5291996.3034239365,0.6105269335488933
2020-01-09,5338171.272235416,0.605245899899446
2020-01-10,5342528.509520071,0.6047522759540188
2020-01-13,5349861.481337414,0.6039233514273717
2020-01-14,5380498.824598099,0.6004845239833
2020-01-15,5411258.294883865,0.5970711615330193
2020-01-16,5455476.823512868,0.5922316930311992
2020-01-17,5443917.70783095,0.7384799391240398
2020-01-21,5432433.800694236,0.7400410506542241
2020-01-22,5464182.223940241,0.7357412056760223
2020-01-23,5511090.086110501,0.7294789151800256
2020-01-24,5475766.208552681,0.7341847449944144
2020-01-27,5356941.606240825,0.7504700093784352
2020-01-28,5405136.733694136,0.7437784121934068
2020-01-29,5377425.320602144,0.7476113154138814
2020-01-30,5413211.914775164,0.7426688776957405
2020-01-31,5290892.2083845325,0.7598385790404859
2020-02-03,5348356.054392154,0.7516747158547551
2020-02-04,5430180.773599894,0.7403480998313261
2020-02-05,5406698.112152525,0.7435636194369917
2020-02-06,5404557.881613217,0.7438580741548608
2020-02-07,5382452.428595573,0.7469130606927198
2020-02-10,5418816.051335917,0.7419008099535256
2020-02-11,5460583.659803365,0.7362260644533463
2020-02-12,5509800.1787269795,0.7296496945564622
2020-02-13,5534758.0479529705,0.726359487197848
2020-02-14,5523635.750589718,0.7278220720919318
2020-02-18,5504794.49385994,0.7303131882506148
2020-02-19,5581887.917207233,0.7202265751489161
2020-02-20,5552989.739054353,0.7239746886620227
2020-02-21,5447435.291175927,0.6182692065050349
2020-02-24,5214508.234187881,0.6458866960610717
2020-02-25,5046169.59845098,0.6674332737442538
2020-02-26,5046602.209942608,0.6673760591487488
2020-02-27,4800733.765449245,0.7015555661932636
2020-02-28,4808700.311972619,0.7003933030672179
2020-03-02,4934514.631163408,0.6825355170076366
2020-03-03,4878955.154280144,0.6903079426766706
2020-03-04,5011706.184764948,0.6720229340660808
2020-03-05,4936327.398192064,0.6822848695563409
2020-03-06,4904660.946299537,0.6866899734433091
2020-03-09,4729461.0605539,0.7121279680371058
2020-03-10,4785480.710133249,0.7037916771519249
2020-03-11,4622360.517594155,0.7286280423483347
2020-03-12,4461503.104053119,0.7548983865780954
2020-03-13,4572469.419136256,0.7365782438844783
2020-03-16,4641032.9378184825,0.725696529218339
2020-03-17,4525862.331864125,0.744163487088581
2020-03-18,4203931.527094315,0.8011504167601785
2020-03-19,4453370.782938159,0.756276910035504
2020-03-20,4731959.696441636,0.5066409312424631
2020-03-23,4796068.3702233145,0.49986870122440846
2020-03-24,4810873.580697495,0.49833038158101234
2020-03-25,4642515.826777392,0.5164020019876066
2020-03-26,4390179.724023335,0.5460834448503892
2020-03-27,4578814.2783460915,0.5235863089151014
2020-03-30,4829840.8830185,0.4963733848119424
2020-03-31,4874591.841371238,0.49181645258171935
2020-04-01,4835189.548977091,0.4958242987007979
2020-04-02,4987488.850273657,0.48068367452599947
2020-04-03,5056822.35713256,0.47409307622315355
2020-04-06,5193047.035330777,0.46165660562985605
2020-04-07,5254997.62171881,0.4562141869101071
2020-04-08,5233308.192148304,0.45810496519274263
2020-04-09,5201479.342906423,0.4609081972951563
2020-04-13,5345732.2658384135,0.44847073291108597
2020-04-14,5435406.12177072,0.441071819381544
2020-04-15,5427081.269842318,0.4417483999233808
2020-04-16,5462683.997426396,0.43886933022969465
2020-04-17,5470975.780803808,0.5386664500379185
2020-04-20,5440483.430034874,0.5416855211468083
2020-04-21,5495280.297587358,0.5362840369367287
2020-04-22,5550715.31258555,0.5309281662143603
2020-04-23,5569383.319356366,0.5291485489688998
2020-04-24,5658174.419771224,0.5208448668162783
2020-04-27,5644655.752284136,0.5220922641556107
2020-04-28,5692342.384320856,0.5177185248389836
2020-04-29,5649869.525522437,0.5216104706093204
2020-04-30,5617930.347439556,0.5245759416423103
2020-05-01,5680176.9657188915,0.5188273393373116
2020-05-04,5723996.855224148,0.5148554719067211
2020-05-05,5716485.520407255,0.5155319805444138
2020-05-06,5690491.712635979,0.5178868981647066
2020-05-07,5718131.075253726,0.515383621554749
2020-05-08,5648689.20474785,0.5217194636256444
2020-05-11,5672049.0604908345,0.5195708060102697
2020-05-12,5703633.112976286,0.5166936658994162
2020-05-13,5709204.375682338,0.5161894562124167
2020-05-14,5753165.862164801,0.5122451138546017
2020-05-15,5842209.527284457,0.5324579238208872
2020-05-18,5698641.592838609,0.5458723284745077
2020-05-19,5733588.477663238,0.5425451735057707
2020-05-20,5745211.762554169,0.5414475364858511
2020-05-21,5766002.187812153,0.539495243688907
2020-05-22,5797395.460522709,0.536573841927288
2020-05-26,5778996.523010766,0.5382821642197229
2020-05-27,5810807.578124191,0.5353353580551149
2020-05-28,5769916.762777988,0.5391292254841462
2020-05-29,5814212.662999024,0.5350218397102705
2020-06-01,5803789.725838802,0.5359826772454106
2020-06-02,5822870.146334795,0.5342263655634735
2020-06-03,5809945.707596392,0.535414771838103
2020-06-04,5777531.742766402,0.5384186351410691
2020-06-05,5827734.905447687,0.5337804148429298
2020-06-08,5903336.174911643,0.5269445383518325
2020-06-09,5925027.611321284,0.5250154023722421
2020-06-10,5962162.0051382845,0.5217454260289492
2020-06-11,5885696.013715196,0.528523856511733
2020-06-12,5905566.388128571,0.5267455398821206
2020-06-15,5951628.366952708,0.5226688502086722
2020-06-16,5990537.363156845,0.5192740762383329
2020-06-17,5969982.366065365,0.5210619671352024
2020-06-18,5997388.557164371,0.5186808768140371
2020-06-19,5976263.481676846,0.4998567124104154
2020-06-22,6027996.2472274145,0.4955669004975596
2020-06-23,6007504.2320414,0.4972573136971907
2020-06-24,5928015.378287336,0.5039250450312538
2020-06-25,6025757.0706822155,0.49575105358689836
2020-06-26,5930545.393436958,0.503710066827122
2020-06-29,6030966.980618336,0.4953227941803679
2020-06-30,6160761.089647991,0.48488739832306915
2020-07-01,6127770.083448481,0.487497960231609
2020-07-02,6212756.057215015,0.48082934352141826
2020-07-06,6209520.004130242,0.4810799247707446
2020-07-07,6210377.7158192005,0.48101348309945174
2020-07-08,6320954.237955893,0.47259880454623465
2020-07-09,6401203.144212678,0.46667405316611515
2020-07-10,6352784.837159569,0.47023085041001783
2020-07-13,6138991.439899188,0.4866068711277543
2020-07-14,6279872.52470264,0.47569045465470844
2020-07-15,6282733.877105042,0.47547381042755343
2020-07-16,6272618.220593081,0.4762405922684964
2020-07-17,6346687.12433946,0.2892037457549818
2020-07-20,6464478.013658959,0.28393409113862583
2020-07-21,6447292.607425971,0.28469092396702755
2020-07-22,6503780.4098459985,0.28221827519194304
2020-07-23,6472315.819623876,0.2835902543458627
2020-07-24,6452847.007282815,0.2844458713219637
2020-07-27,6567885.459906606,0.27946371791934177
2020-07-28,6514983.062719882,0.28173299482494824
2020-07-29,6622617.0912732305,0.2771541316970516
2020-07-30,6748983.042107037,0.2719647801812888
2020-07-31,6792678.251393654,0.27021531442583774
2020-08-03,6900458.313337498,0.2659947508046214
2020-08-04,6969241.245006467,0.26336951541303444
2020-08-05,6960459.875109988,0.2637017844262599
2020-08-06,6982714.390667878,0.26286134399925337
2020-08-07,6925845.931083373,0.26501971134763186
2020-08-10,6897431.98304661,0.266111459164132
2020-08-11,6778337.977416019,0.2707869828281408
2020-08-12,6947233.610694377,0.26420382447891066
2020-08-13,6928877.570455032,0.2649037554539077
2020-08-14,6902901.304432683,0.2659006131690211
2020-08-17,7015753.80146919,0.2616234465225264
2020-08-18,7007262.241104057,0.2619404877880935
2020-08-19,6995382.042582267,0.2623853391167092
2020-08-20,6985213.089091813,0.2627673151961822
2020-08-21,7032547.121602523,0.21201073179111057
2020-08-24,7012457.492765584,0.21261811043340897
2020-08-25,7040209.003840201,0.2117799998257355
2020-08-26,7041554.488823915,0.21173953336196408
2020-08-27,6943686.354300805,0.21472390680246284
2020-08-28,6993889.707505756,0.21318258136188833
2020-08-31,7112830.401244905,0.20961774392166935
2020-09-01,7176658.852426322,0.20775342569088992
2020-09-02,7319608.858043165,0.20369605678697683
2020-09-03,6960746.436589741,0.21419764032331115
2020-09-04,6840074.67817303,0.21797648881878226
2020-09-08,6665375.012872671,0.22368965868040971
2020-09-09,6832532.622526139,0.2182171010337851
2020-09-10,6765606.567436023,0.2203757263661664
2020-09-11,6741475.95176691,0.22116454501564176
2020-09-14,6803374.926264738,0.21915232921390834
2020-09-15,6855409.367120312,0.2174889028155469
2020-09-16,6802695.233915065,0.2191742258528812
2020-09-17,6767252.631278256,0.2203221222620133
2020-09-18,6711342.339994312,0.2858315137665013
2020-09-21,6788100.175532879,0.28259941527677823
2020-09-22,6897140.42212754,0.2781316637097046
2020-09-23,6714515.424616903,0.2856964381097146
2020-09-24,6732242.29654975,0.2849441621298918
2020-09-25,6882985.766742122,0.27870363319867353
2020-09-28,6965256.789870754,0.2754116895209808
2020-09-29,7006796.033501886,0.2737789328066176
2020-09-30,7013490.599365894,0.27351760343404846
2020-10-01,7116279.1406929605,0.2695668765262893
2020-10-02,6934473.286690048,0.2766342966707762
2020-10-05,7077609.034654828,0.27103971567982243
2020-10-06,6977862.13101716,0.2749141648870835
2020-10-07,7079411.467146739,0.27097070841948634
2020-10-08,7086029.505641773,0.2707176337494022
2020-10-09,7129345.431088219,0.2690728284928925
2020-10-12,7266996.247401977,0.2639760741766728
2020-10-13,7280922.839382817,0.2634711536935333
2020-10-14,7212659.373226284,0.2659647490863983
2020-10-15,7189817.617700513,0.2668097081799569
2020-10-16,7169268.33959553,0.3664311707202891
2020-10-19,7100163.855013518,0.36999757252516136
2020-10-20,7070119.298859539,0.3715698816156686
2020-10-21,6975197.009560706,0.3766264074383962
2020-10-22,6942493.243588122,0.37840056860151094
2020-10-23,7046937.914080718,0.37279218618298193
2020-10-26,7029113.94967265,0.3737374880667906
2020-10-27,7017084.886163039,0.3743781689268359
2020-10-28,6748895.28751306,0.38925531942190617
2020-10-29,6802188.683784136,0.3862056042562523
2020-10-30,6636600.714553359,0.3958417123279794
2020-11-02,6696013.641404487,0.3923294562367217
2020-11-03,6751335.052944411,0.38911465218130153
2020-11-04,6930861.142331586,0.3790356402959386
2020-11-05,7010145.842715774,0.3747487498588418
2020-11-06,7044633.446137464,0.37291413541556057
2020-11-09,6839145.764025492,0.3841186431066249
2020-11-10,6674522.084177091,0.39359273334545936
2020-11-11,6817830.449104857,0.38531955443843713
2020-11-12,6903937.102447039,0.38051380710794147
2020-11-13,6915489.657230741,0.3798781461756786
2020-11-16,6973481.509215427,0.3767190588251028
2020-11-17,6984132.156522166,0.37614457057955525
2020-11-18,6951077.9834686555,0.37793323526705325
2020-11-19,7031280.696168465,0.3736223178115248
2020-11-20,7048192.903312778,0.19497985745228738
2020-11-23,7077744.458208469,0.19416576222815524
2020-11-24,7057793.815069352,0.19471462096978884
2020-11-25,7145215.450830742,0.19233228963366955
2020-11-27,7237679.225356049,0.18987518026077538
2020-11-30,7296338.614271508,0.18834866639770934
2020-12-01,7317683.171629867,0.18779928227994888
2020-12-02,7316260.219863543,0.18783580767850003
2020-12-03,7319925.562281809,0.1877417517283821
2020-12-04,7353696.596849002,0.18687956859316254
2020-12-07,7360495.61641284,0.18670694464103174
2020-12-08,7406993.0868173335,0.1855348899987491
2020-12-09,7245728.332854725,0.1896642524330897
2020-12-10,7338358.756067,0.18727016397882984
2020-12-11,7347044.1728136735,0.1870487797894721
2020-12-14,7402033.133907928,0.18565921318142034
2020-12-15,7477818.39977267,0.18377761722936828
2020-12-16,7550317.779975214,0.18201295463734246
2020-12-17,7632717.161419235,0.18004802464455769
2020-12-18,7610992.662604799,0.19077728198719576
2020-12-21,7575104.610435702,0.1916811143962166
2020-12-22,7683802.986580968,0.1889695110522773
2020-12-23,7606387.352922191,0.19089278865589304
2020-12-24,7615405.721909137,0.1906667282635894
2020-12-28,7514913.769571327,0.1932163878281015
2020-12-29,7473455.914492857,0.19428822622482353
2020-12-30,7531759.595707928,0.19278423254821853
2020-12-31,7533210.036199543,0.19274711396853084
2021-01-04,7485981.355758302,0.19396314583115215
2021-01-05,7592017.2159224115,0.191254109691823
2021-01-06,7527592.681845035,0.1928909486426068
2021-01-07,7685284.210215951,0.18893309000415395
2021-01-08,7750159.634164802,0.1873515594434216
2021-01-11,7718497.640555575,0.18812009292675236
2021-01-12,7713430.065993135,0.1882436841941189
2021-01-13,7697396.372528486,0.18863579619965323
2021-01-14,7641943.188790535,0.19000461761166765
2021-01-15,7584965.481761883,0.29889908050041414
2021-01-19,7739722.914874692,0.29292252875989594
2021-01-20,7711208.964311651,0.2940056764923094
2021-01-21,7735225.394903907,0.2930928437611703
2021-01-22,7745912.068807034,0.29268847722346725
2021-01-25,7718736.02900772,0.2937189715525819
2021-01-26,7590735.382873253,0.2986718800975839
2021-01-27,7335433.149210993,0.30906684881585533
2021-01-28,7468046.770176907,0.3035786033343632
2021-01-29,7373807.790101541,0.30745840855376944
2021-02-01,7513968.3917745175,0.30172328254771835
2021-02-02,7627056.2128989175,0.2972495737335474
2021-02-03,7579639.972410027,0.29910908913595097
2021-02-04,7704303.21059949,0.2942692085387948
2021-02-05,7757699.2392640775,0.2922437617394763
2021-02-08,7834438.5658513885,0.289381196759647
2021-02-09,7832260.506359552,0.2894616702655844
2021-02-10,7815540.012681634,0.29008094187315364
2021-02-11,7833674.148623371,0.2894094348466635
2021-02-12,7900605.512522942,0.2869576521106456
2021-02-16,7896735.151062747,0.2870982962903213
2021-02-17,7836684.0559273325,0.2892982787038914
2021-02-18,7793574.411858237,0.29089851309772113
2021-02-19,7790988.93558163,0.28211407059541527
2021-02-22,7544376.308841494,0.2913358921406042
2021-02-23,7486565.212075401,0.2935855816811174
2021-02-24,7631509.320320718,0.2880095549026212
2021-02-25,7324231.634868082,0.3000925847452888
2021-02-26,7500874.478226435,0.29302551441981667
2021-03-01,7714898.287965332,0.28489651069145133
2021-03-02,7560487.289394131,0.29071507145631487
2021-03-03,7255059.140086984,0.3029537816495901
2021-03-04,6970837.919950866,0.315306083403567
2021-03-05,7069916.456365799,0.3108873515190874
2021-03-08,7033914.646032566,0.31247857177517974
2021-03-09,7075005.706048604,0.3106637215432481
2021-03-10,7132736.083880611,0.3081492959690396
2021-03-11,7233207.771920384,0.30386899863616523
2021-03-12,7198821.793294756,0.3053204629440922
2021-03-15,7205344.447690644,0.30504407090284635
2021-03-16,7153922.84682972,0.3072366937189994
2021-03-17,7171243.149535687,0.30649464210721744
2021-03-18,7135364.045886942,0.3080358042625371
2021-03-19,7125816.153411016,0.2791030748857185
2021-03-22,7133295.428576057,0.2788104347283914
2021-03-23,6944174.587775923,0.28640368619020007
2021-03-24,6843383.386151119,0.290621917151701
2021-03-25,6883661.7963107675,0.28892139944371403
2021-03-26,6970815.048947453,0.28530913322505075
2021-03-29,6828469.698421656,0.29125664860855144
2021-03-30,6936173.272667174,0.28673407097896325
2021-03-31,7027954.796956932,0.282989469475315
2021-04-01,7188146.336391063,0.27668290354893754
2021-04-05,7133156.131382961,0.27881587937452673
2021-04-06,7200853.002679671,0.27619466731888936
2021-04-07,7145039.930410849,0.27835214622418164
2021-04-08,7215342.676620758,0.2756400199718292
2021-04-09,7218144.827033026,0.27553301397318136
2021-04-12,7249133.022813702,0.2743551805751502
2021-04-13,7313575.230282534,0.27193775094462325
2021-04-14,7401802.807000058,0.26869632322634257
2021-04-15,7361895.228317897,0.2701528801764491
2021-04-16,7367471.82965145,0.5602774526520262
2021-04-19,7151568.7867702795,0.5771920081141869
2021-04-20,7026895.524693976,0.587432719711945
2021-04-21,7171781.507749553,0.5755652685099656
2021-04-22,7112519.013497479,0.5803609581034886
2021-04-23,7233457.226419972,0.5706577394452428
2021-04-26,7295947.003607545,0.5657700566028833
2021-04-27,7308822.806053753,0.564773351159051
2021-04-28,7229485.343966236,0.57097125906034
2021-04-29,7196689.283407495,0.5735732343926108
2021-04-30,7070674.9509087205,0.5837955185130056
2021-05-03,7091858.2011304265,0.5820517320192203
2021-05-04,7083582.887185206,0.5827317072367805
2021-05-05,7213194.101139965,0.5722608169590667
2021-05-06,7133419.644874081,0.5786605239422363
2021-05-07,7267645.723867578,0.5679732482895432
2021-05-10,7115752.629524323,0.5800972243014322
2021-05-11,7070994.0305018965,0.5837691746586986
2021-05-12,6768196.546200318,0.6098860044955476
2021-05-13,6857394.04465288,0.6019529171466225
2021-05-14,7069578.586449757,0.5838860546956045
2021-05-17,7115764.702305977,0.5800962400941937
2021-05-18,7080632.284758712,0.5829745400121907
2021-05-19,7015307.973626488,0.5884030130567227
2021-05-20,7078956.059652796,0.5831125824794477
2021-05-21,7069864.62638504,0.27566415960292145
2021-05-24,7153672.899423459,0.27243463856111233
2021-05-25,7141390.166936504,0.2729032086444441
2021-05-26,7237223.08325121,0.2692895145444843
2021-05-27,7327900.579433774,0.26595725059488273
2021-05-28,7305985.534418327,0.26675501635714893
2021-06-01,7317332.801121462,0.26634134919217595
2021-06-02,7301239.16670777,0.26692842765999186
2021-06-03,7229781.495190628,0.26956669327216887
2021-06-04,7254126.946094766,0.26866200512082883
2021-06-07,7289971.82142155,0.2673409909503348
2021-06-08,7359331.599388697,0.2648213719437157
2021-06-09,7274706.294343416,0.2679019897001566
2021-06-10,7254760.740662596,0.26863853411668204
2021-06-11,7310175.057780331,0.2666021367935097
2021-06-14,7230739.18626043,0.26953098992176266
2021-06-15,7185939.8687286135,0.27121132744514165
2021-06-16,7174387.200746094,0.27164804968097894
2021-06-17,7051309.386473217,0.27638955886370775
2021-06-18,6983284.7448807545,0.571015843033338
2021-06-21,7043650.437716499,0.5661221068535413
2021-06-22,7092283.164292102,0.5622401324606364
2021-06-23,7183561.924782248,0.5550959631855342
2021-06-24,7268099.483707006,0.5486394668480958
2021-06-25,7209856.105669458,0.5530715408597845
2021-06-28,7218030.0529505545,0.5524452234872468
2021-06-29,7206282.415327402,0.5533458163197406
2021-06-30,7252238.771972923,0.5498393463202457
2021-07-01,7185711.233453449,0.554929929159359
2021-07-02,7128175.626756358,0.5594090878979163
2021-07-06,7036537.748723611,0.5666943556812801
2021-07-07,6988040.702994647,0.5706272180170767
2021-07-08,6912980.441449142,0.5768230157040679
2021-07-09,7069311.350603606,0.564067138647028
2021-07-12,7097838.260166334,0.5618000973787315
2021-07-13,6992279.93232365,0.5702812622398541
2021-07-14,6909040.608928779,0.5771519450307863
2021-07-15,6828174.92462045,0.5839871224391026
2021-07-16,6511378.958561961,0.6177066414589552
2021-07-19,6390329.161664608,0.6294076448969806
2021-07-20,6545889.324938424,0.614450050726706
2021-07-21,6710636.915166424,0.5993651688514978
2021-07-22,6667423.232263659,0.6032498444521671
2021-07-23,6593409.568327154,0.6100215656374415
2021-07-26,6671499.367727536,0.6028812724192529
2021-07-27,6613312.306970397,0.6081857080181322
2021-07-28,6662397.75021733,0.60370487901726
2021-07-29,6720494.849052464,0.5984859921925102
2021-07-30,6732976.561310794,0.5973765081660674
2021-08-02,6676094.570585863,0.6024663049982611
2021-08-03,6794976.6275878735,0.5919258075781811
2021-08-04,6696780.981106546,0.6006052817177875
2021-08-05,6725405.222293623,0.5980490237862751
2021-08-06,6816675.585785838,0.5900415792335438
2021-08-09,6826113.518137456,0.589225774970305
2021-08-10,6910319.048696452,0.5820457781205547
2021-08-11,7010248.654619165,0.5737488391527421
2021-08-12,7052443.182522177,0.5703161193453784
2021-08-13,7000236.626713414,0.5745694384688521
2021-08-16,6914035.747544466,0.5817328944514473
2021-08-17,6726716.513488636,0.5979324414362527
2021-08-18,6608346.983199417,0.6086426814429342
2021-08-19,6576085.733675571,0.6116285873772715
2021-08-20,6782067.44241677,0.5097439432513918
2021-08-23,7012236.750915528,0.4930121335454112
2021-08-24,7037525.56996454,0.49124053150855207
2021-08-25,7072106.044905984,0.4888385128196088
2021-08-26,7012465.082341872,0.49299608067921713
2021-08-27,7162347.8655690085,0.48267940434917117
2021-08-30,7080257.085384087,0.4882757447651163
2021-08-31,7024568.770225669,0.49214662345505716
2021-09-01,7014647.45686966,0.4928427013261721
2021-09-02,7045319.765115311,0.49069707504437504
2021-09-03,7048280.499835321,0.49049095046304986
2021-09-07,7001244.859957426,0.49378615812551785
2021-09-08,6899320.891807161,0.5010808825546412
2021-09-09,7020055.778065459,0.49246301037897117
2021-09-10,6951253.603859008,0.4973373147507059
2021-09-13,6957749.117463099,0.4968730178582415
2021-09-14,6964873.273855562,0.49636478160652037
2021-09-15,7090337.763033141,0.48758153941815924
2021-09-16,7071132.1675515855,0.4889058384962207
2021-09-17,6988559.450239473,0.5684340913219069
2021-09-20,6755293.8386136005,0.5880625677655629
2021-09-21,6783080.181362892,0.5856536167242855
2021-09-22,6963156.3965899125,0.5705078580012194
2021-09-23,7127014.497986855,0.5573912389076954
2021-09-24,7092031.986634958,0.5601406547844544
2021-09-27,7094736.175431462,0.5599271547971849
2021-09-28,6847481.237029204,0.5801455021539415
2021-09-29,6832356.173073925,0.5814297937806027
2021-09-30,6664356.234044279,0.596086898904451
2021-10-01,6864669.017783147,0.5786929319469035
2021-10-04,6795094.444206836,0.5846181349448041
2021-10-05,6877944.99257707,0.5775759249359083
2021-10-06,6827460.761853506,0.5818466893199022
2021-10-07,6863526.228046764,0.5787892853840688
2021-10-08,6837416.016515828,0.5809995225024062
2021-10-11,6807527.342484453,0.5835504201289329
2021-10-12,6907970.231409409,0.5750655123966129
2021-10-13,6984247.509082888,0.5687850316844856
2021-10-14,7093407.329657218,0.5600320489332408
2021-10-15,7056320.636457002,0.6286246464099627
2021-10-18,7180613.387045,0.6177434748194316
2021-10-19,7158689.607238967,0.619635339484839
2021-10-20,7112388.809625143,0.6236690911842729
2021-10-21,7080858.919861797,0.6264461861548687
2021-10-22,7147258.940171897,0.6206263271247063
2021-10-25,7284065.737467019,0.6089699386198312
2021-10-26,7256787.903575812,0.6112590203804026
2021-10-27,7175628.9304811265,0.6181725822255816
2021-10-28,7294510.501489432,0.6080979750652749
2021-10-29,7324341.652480384,0.6056212661169257
2021-11-01,7386000.958665368,0.6005654602365013
2021-11-02,7456163.644556305,0.5949141242744366
2021-11-03,7403138.197052388,0.599175234472084
2021-11-04,7554545.178827746,0.5871666606058228
2021-11-05,7579526.299831325,0.5852314365802543
2021-11-08,7676661.013723616,0.5778263566827087
2021-11-09,7675605.701104894,0.5779058015460046
2021-11-10,7415105.8689483255,0.598208190610396
2021-11-11,7516818.7719278205,0.5901136105095258
2021-11-12,7540302.265594074,0.5882757625365072
2021-11-15,7507938.175264055,0.5908116131886101
2021-11-16,7538452.815277039,0.5884200874825123
2021-11-17,7496716.014995163,0.5916960247894582
2021-11-18,7598112.621131523,0.5837998574424293
2021-11-19,7479421.910838569,0.5774807158337891
2021-11-22,7469495.019407496,0.5782481824904674
2021-11-23,7569611.295805398,0.5706002263930545
2021-11-24,7676050.26275946,0.5626880715006246
2021-11-26,7669472.113061331,0.563170692248587
2021-11-29,7948867.450021734,0.543375763434346
2021-11-30,7788856.989827765,0.5545386087759577
2021-12-01,7542163.013089105,0.5726768185198539
2021-12-02,7672793.180423831,0.5629269312398432
2021-12-03,7632436.965750236,0.5659033855734467
2021-12-06,7685954.275485033,0.5619629995549789
2021-12-07,7864204.972343724,0.5492255014058656
2021-12-08,7811477.3928353,0.5529327810710405
2021-12-09,7727275.76118823,0.5589579112457885
2021-12-10,7842741.628113843,0.5507285747640707
2021-12-13,7730431.7230641935,0.5587297157295023
2021-12-14,7643379.212249415,0.565093239410642
2021-12-15,7656731.981478096,0.5641077589684911
2021-12-16,7617354.256409924,0.5670239001237737
2021-12-17,7623131.770476624,0.2887952743640666
2021-12-20,7444575.677200883,0.29572194932619583
2021-12-21,7627407.143629771,0.2886333966067211
2021-12-22,7732146.273941854,0.2847235881436437
2021-12-23,7728033.1512192,0.2848751277446202
2021-12-27,7950601.549681533,0.27690035998048634
2021-12-28,7890790.360974909,0.278999229539312
2021-12-29,7847124.986711151,0.2805517224329215
2021-12-30,7847440.890370238,0.2805404286472252
2021-12-31,7874734.120121026,0.27956809685079176
2022-01-03,7778789.714499198,0.2830163189865796
2022-01-04,7929604.983169088,0.27763355625419617
2022-01-05,7734304.103507984,0.28464415178214963
2022-01-06,7798016.385142437,0.28231851825328225
2022-01-07,7697112.549107137,0.2860195192837093
2022-01-10,7622401.251567732,0.28882295204748404
2022-01-11,7744180.460138663,0.28428113762328444
2022-01-12,7774561.373859087,0.28317024270598184
2022-01-13,7732036.081992569,0.2847276458390362
2022-01-14,7686022.649736056,0.2864322070718633
2022-01-18,7517312.853874715,0.29286055721805937
2022-01-19,7392289.178311907,0.29781362417845325
2022-01-20,7328580.8826669045,0.3004025562950578
2022-01-21,7259715.930489069,0.39454606165186645
2022-01-24,7288872.830689152,0.39296780114285
2022-01-25,7292478.199603863,0.3927735196028929
2022-01-26,7285038.988733685,0.3931746053130815
2022-01-27,7299137.608897784,0.3924151704708446
2022-01-28,7299267.946480616,0.3924081634058676
2022-01-31,7378647.763430393,0.38818661913658614
2022-02-01,7349606.926289783,0.3897204786340492
2022-02-02,7297278.101917271,0.3925151664883403
2022-02-03,7322458.234841237,0.39116540336919786
2022-02-04,7288949.527692159,0.3929636661913716
2022-02-07,7327066.625853782,0.390919378155923
2022-02-08,7337712.681007812,0.3903522055993579
2022-02-09,7369984.933829103,0.38864290155307324
2022-02-10,7372364.080362002,0.3885174820266246
2022-02-11,7355280.787362779,0.3894198483906912
2022-02-14,7400315.296589274,0.38705003966599894
2022-02-15,7433949.0586424675,0.38529889113994453
2022-02-16,7435067.856667728,0.38524091296854746
2022-02-17,7446343.536476696,0.3846575591167316
2022-02-18,7469571.861676618,0.5194553886298222
2022-02-22,7488874.073405458,0.5181165174194454
2022-02-23,7498375.399375764,0.5174600026865326
2022-02-24,7547121.616977048,0.5141177724733375
2022-02-25,7520658.323408287,0.5159268228193068
2022-02-28,7516893.21832903,0.5161852432391134
2022-03-01,7452185.22426318,0.5206673260981983
2022-03-02,7508237.214612114,0.5167803365022031
2022-03-03,7562520.888212396,0.5130708941714778
2022-03-04,7669323.986777728,0.5059258626959953
2022-03-07,7826184.295758922,0.49578558435025327
2022-03-08,7863988.423751616,0.49340222101376857
2022-03-09,7905158.611561999,0.49083257464696617
2022-03-10,7903900.046983713,0.49091073156806175
2022-03-11,7977753.424585184,0.48636616698984586
2022-03-14,7875319.333532769,0.49269232014304165
2022-03-15,7867124.338802449,0.4932055459156822
2022-03-16,7835832.139090936,0.49517514993063116
2022-03-17,7676452.111679555,0.5054560750013812
2022-03-18,7731141.346517437,0.2830881328009135
2022-03-21,7890753.948700363,0.2773618823288782
2022-03-22,7861995.946868431,0.2783764304886619
2022-03-23,7946291.25895499,0.2754233763756328
2022-03-24,8074038.897876613,0.27106562104638093
2022-03-25,8106638.093175813,0.2699755858162615
2022-03-28,8027214.750560007,0.27264679421375604
2022-03-29,8055082.825315609,0.2717035213253452
2022-03-30,8005321.079239612,0.27339245316234656
2022-03-31,7943730.389151858,0.2755121663235646
2022-04-01,7965326.1264498085,0.27476519271923777
2022-04-04,8071387.128125397,0.2711546768187129
2022-04-05,7865496.793494084,0.2782525281830703
2022-04-06,7713490.341031697,0.28373593165254835
2022-04-07,7769292.898482884,0.2816980125222116
2022-04-08,7807696.475235235,0.2803124295555588
2022-04-11,7652811.070968685,0.285985678714597
2022-04-12,7758031.3302462455,0.28210692571875623
2022-04-13,7865395.625440404,0.27825610718507454
2022-04-14,7789488.129406833,0.3314053898294643
2022-04-18,7820676.911612695,0.33008374841120136
2022-04-19,7820494.540582958,0.33009144584168804
2022-04-20,7817619.882905345,0.33021282548450975
2022-04-21,7822249.284802776,0.33001739731222896
2022-04-22,7821209.035325901,0.330061290836026
2022-04-25,7848972.451880653,0.32889379672615887
2022-04-26,7843008.857056879,0.3291438779614953
2022-04-27,7866216.338100112,0.32817281385901315
2022-04-28,7878918.503534771,0.32764374310254774
2022-04-29,7876068.462945976,0.3277623045359456
2022-05-02,7903550.383573767,0.32662262208933796
2022-05-03,7915815.117874318,0.3261165542218066
2022-05-04,7891214.007079476,0.3271332329578344
2022-05-05,7893832.06426499,0.3270247364121525
2022-05-06,7842729.307518952,0.3291556101041446
2022-05-09,7865010.522034493,0.328223127339223
2022-05-10,7889018.937829381,0.3272242556953901
2022-05-11,7859437.847339911,0.3284558514540296
2022-05-12,7882162.134261002,0.3275089126722315
2022-05-13,7929932.961354143,0.3255359613604141
2022-05-16,7938454.187675438,0.32518652738537407
2022-05-17,7926120.209053887,0.3256925560060612
2022-05-18,7984037.798694553,0.3233299259329842
2022-05-19,7997554.225459101,0.3227834757131473
2022-05-20,8029526.763784222,0.5073536680432252
2022-05-23,7950746.834301184,0.51238077895801
2022-05-24,8032120.509678344,0.507189832541533
2022-05-25,8002051.924731584,0.5090956537868032
2022-05-26,7937338.070597857,0.5132463579128267
2022-05-27,7866201.877146346,0.5178877836955598
2022-05-31,7856010.808555488,0.5185596042995056
2022-06-01,7846025.647613613,0.5192195436547205
2022-06-02,7887806.289129546,0.5164693080598884
2022-06-03,7845327.875655218,0.5192657236032905
2022-06-06,7801337.343331218,0.5221937825492919
2022-06-07,7822870.374005609,0.5207564054485574
2022-06-08,7805697.960436602,0.5219020614050648
2022-06-09,7756906.454031132,0.5251848633729601
2022-06-10,7754503.365478555,0.5253476159921384
2022-06-13,7482249.471821013,0.54446324886648
2022-06-14,7563208.070081592,0.5386351689003877
2022-06-15,7619430.991212753,0.5346606407952731
2022-06-16,7789926.751826293,0.5229586857542784
2022-06-17,7872931.873922343,0.4729466866246821
2022-06-21,7806033.483548775,0.47699988113561825
2022-06-22,7847553.337401203,0.4744761690305999
2022-06-23,7832880.910236397,0.47536495019698277
2022-06-24,7730112.715038645,0.48168470254638546
2022-06-27,7760440.159246291,0.47980230082143344
2022-06-28,7737503.268883319,0.4812246165720582
2022-06-29,7722682.755741106,0.4821481292916452
2022-06-30,7697977.725584467,0.48369548166115506
2022-07-01,7691814.150452161,0.4840830746768028
2022-07-05,7628083.191867456,0.48812748237501397
2022-07-06,7625461.973497395,0.4882952740089084
2022-07-07,7629118.142347645,0.4880612640044433
2022-07-08,7615849.840581761,0.4889115622990004
2022-07-11,7620088.86557728,0.48863958274997626
2022-07-12,7620275.271600629,0.48862762972226725
2022-07-13,7596646.728553827,0.4901474527962234
2022-07-14,7639804.676134122,0.4873785655051024
2022-07-15,7539003.411142084,0.3326739620134323
2022-07-18,7561409.011601787,0.33168819866366733
2022-07-19,7548321.449954144,0.33226329205053323
2022-07-20,7537449.897172474,0.3327425281272193
2022-07-21,7537746.220745753,0.33272944736646815
2022-07-22,7553998.126126948,0.332013602934705
2022-07-25,7587216.464498092,0.33055998153643407
2022-07-26,7608207.62294994,0.32964796161082893
2022-07-27,7593504.1378076365,0.3302862669067466
2022-07-28,7597118.673206515,0.3301291242511095
2022-07-29,7563254.136173498,0.3316072803136447
2022-08-01,7573185.070998278,0.3311724341746234
2022-08-02,7604262.588766887,0.3298189804915879
2022-08-03,7568362.720847515,0.3313834480354511
2022-08-04,7573145.7234578375,0.33117415483618495
2022-08-05,7613845.682296384,0.3294038570086937
2022-08-08,7633849.420905003,0.32854068715964896
2022-08-09,7656804.526087264,0.327555721955861
2022-08-10,7655093.662058542,0.327628928545726
2022-08-11,7634351.234483865,0.32851909185011163
2022-08-12,7649504.606733609,0.327868308257463
2022-08-15,7701380.0064840065,0.32565983399154924
2022-08-16,7725909.964721216,0.3246258558370242
2022-08-17,7763123.582003201,0.3230697164517178
2022-08-18,7778976.451542864,0.3224113287963459
2022-08-19,7714955.186460786,0.28452970337490635
2022-08-22,7730278.015309088,0.2839657133167949
2022-08-23,7733976.860582811,0.28382990411338826
2022-08-24,7732536.314558752,0.2838827806888412
2022-08-25,7746577.274530928,0.28336823257046806
2022-08-26,7748382.087946661,0.2833022282379596
2022-08-29,7764944.329650295,0.2826979586154024
2022-08-30,7776325.715832692,0.28228420348765276
2022-08-31,7774670.525264894,0.28234430045890485
2022-09-01,7732973.746996735,0.2838667222434202
2022-09-02,7759804.623882681,0.28288520357823516
2022-09-06,7743300.255810663,0.28348815598454014
2022-09-07,7780816.338995662,0.28212128588010443
2022-09-08,7764453.418580464,0.2827158323213571
2022-09-09,7771605.761164616,0.28245564407341095
2022-09-12,7751752.787199747,0.2831790397623549
2022-09-13,7741982.228540735,0.28353641818784403
2022-09-14,7726518.081335064,0.284103898760965
2022-09-15,7722827.12220294,0.28423968010929906
2022-09-16,7708381.259751267,0.46462923853268756
2022-09-19,7687640.830591827,0.46588275830807097
2022-09-20,7696162.850241108,0.46536688278700683
2022-09-21,7717715.415097082,0.4640672948411401
2022-09-22,7775682.503793116,0.46060771042165516
2022-09-23,7807557.224319289,0.45872725772434286
2022-09-26,7757158.461737948,0.46170763852559565
2022-09-27,7693448.2513139425,0.46553108541754196
2022-09-28,7793382.79378101,0.45956158061373276
2022-09-29,7803453.475385606,0.4589684972602324
2022-09-30,7772164.225817871,0.46081621681906515
2022-10-03,7754123.777569548,0.46188833423039155
2022-10-04,7654347.651853294,0.4679091514964958
2022-10-05,7719905.6092552105,0.4639356355269484
2022-10-06,7779922.246656979,0.4603566978547699
2022-10-07,7886706.536234681,0.454123568384705
2022-10-10,7873187.027441548,0.4549033704590806
2022-10-11,7893791.096895969,0.45371599920426303
2022-10-12,7873322.082040949,0.4548955672990138
2022-10-13,7878077.983828461,0.4546209522665034
2022-10-14,7970171.476363559,0.4493679120530001
2022-10-17,7904549.458689525,0.45309847623265354
2022-10-18,7858735.733283223,0.45573988445359953
2022-10-19,7930467.962366305,0.45161765132069265
2022-10-20,8091454.522603859,0.44263232340151837
2022-10-21,7847386.742609359,0.5355904153215529
2022-10-24,7821462.667141219,0.5373656186227386
2022-10-25,7741327.215209927,0.5429282354071142
2022-10-26,7813901.065706411,0.5378856334781386
2022-10-27,7911368.548448836,0.5312589217559666
2022-10-28,7822522.536636192,0.537292811235587
2022-10-31,7830570.318383993,0.5367406145112521
2022-11-01,7823258.859449747,0.5372422413948622
2022-11-02,7838957.899900835,0.5361663091360861
2022-11-03,7902192.436077616,0.5318758254322159
2022-11-04,7930382.056799849,0.5299852005313131
2022-11-07,7970050.841931109,0.527347341694577
2022-11-08,7968932.462791489,0.527421350888285
2022-11-09,8041619.92555731,0.5226540378146155
2022-11-10,7978976.832439115,0.5267574042295061
2022-11-11,8047329.61957029,0.522283207393638
2022-11-14,8018089.161303425,0.5241878757032624
2022-11-15,8025503.5546403825,0.5237036026521739
2022-11-16,7962902.426873663,0.5278207491879491
2022-11-17,7917283.967531181,0.5308619902859942
2022-11-18,7952265.439633658,0.5256115336018015
2022-11-21,8031362.746109209,0.5204350202410363
2022-11-22,7965812.840596444,0.5247176298233849
2022-11-23,7892127.904248336,0.529616661570381
2022-11-25,7913265.655117316,0.5282019605434926
2022-11-28,7934361.606207985,0.5267975724807021
2022-11-29,7935962.027615722,0.5266913348110147
2022-11-30,7931977.070009047,0.526955940044048
2022-12-01,7918983.2530684825,0.5278205925886815
2022-12-02,7902197.200000507,0.528941802836075
2022-12-05,7973846.054970293,0.5241890054710898
2022-12-06,7947197.497948433,0.5259467169921807
2022-12-07,7929823.632664414,0.5270990411586293
2022-12-08,7939337.951081985,0.5264673778957629
2022-12-09,7957373.222893001,0.5252741471657192
2022-12-12,7903510.167176547,0.5288539326100019
2022-12-13,8009125.706926498,0.5218799886883596
2022-12-14,8050729.662313268,0.5191830565247724
2022-12-15,8044881.412150447,0.5195604781720659
2022-12-16,8081183.862138956,0.19076305843102012
2022-12-19,8083050.074450035,0.19071901511013703
2022-12-20,8084842.545399595,0.1906767312570881
2022-12-21,8078721.117487365,0.19082121128653276
2022-12-22,8079011.28189577,0.19081435778404934
2022-12-23,8081372.913955632,0.1907585958102334
2022-12-27,8081287.21064615,0.19076061883485151
2022-12-28,8084952.271666006,0.19067414345630593
2022-12-29,8085922.067641386,0.19065127469558996
2022-12-30,8087726.55825319,0.19060873759535063
2023-01-03,8086410.027924667,0.19063977017755449
2023-01-04,8084659.689570593,0.1906810439125497
2023-01-05,8084816.892175621,0.1906773362767142
2023-01-06,8082726.246232956,0.19072665612094758
2023-01-09,8083466.869801595,0.19070918135931794
2023-01-10,8084139.596533396,0.19069331137553447
2023-01-11,8084237.4277039245,0.19069100370582157
2023-01-12,8086940.9248295985,0.19062725493045612
2023-01-13,8087124.365383654,0.1906229309250764
2023-01-17,8089716.408521161,0.190561853028769
2023-01-18,8090377.001776228,0.19054629332435027
2023-01-19,8094282.416960085,0.19045435652886394
2023-01-20,8093002.149514201,0.5439008711296172
2023-01-23,8132634.251759971,0.5412503234388112
2023-01-24,8082798.0135951415,0.5445875192935533
2023-01-25,8029879.753890843,0.5481764427470748
2023-01-26,8246038.567834204,0.5338067343445321
2023-01-27,8283211.404583447,0.5314111525318482
2023-01-30,8188729.656996371,0.5375425864027384
2023-01-31,8253650.494940505,0.5333144312171857
2023-02-01,8215330.872121682,0.5358020252248022
2023-02-02,8089893.515188859,0.5441098712746009
2023-02-03,8125059.814720112,0.5417548940624346
2023-02-06,8077146.080464679,0.5449685910498481
2023-02-07,8178726.210980597,0.5382000577626478
2023-02-08,8223594.346438175,0.5352636248505076
2023-02-09,8210824.220918264,0.536096109323646
2023-02-10,8410371.692787481,0.5233765022477546
2023-02-13,8359331.54861378,0.5265721180666154
2023-02-14,8419598.243694924,0.5228029641997409
2023-02-15,8411589.437623037,0.5233007330917122
2023-02-16,8495910.349375023,0.5181070348156915
2023-02-17,8573826.196906386,0.3340675447563398
2023-02-21,8491215.356983844,0.33731768025555126
2023-02-22,8485688.751397913,0.33753737035149384
2023-02-23,8560966.812028475,0.33456934592290954
2023-02-24,8548392.50739834,0.33506148252893203
2023-02-27,8617805.663597658,0.33236268936382296
2023-02-28,8568503.748191707,0.33427505559212367
2023-03-01,8765488.933712361,0.32676295508766795
2023-03-02,8810641.482238453,0.32508836871210517
2023-03-03,8982358.688267605,0.31887360170878654
2023-03-06,9007127.15394495,0.31799673945022766
2023-03-07,8950981.982759772,0.3199913788548371
2023-03-08,8886228.687463718,0.3223231325127651
2023-03-09,8810847.138717677,0.32508078073239177
2023-03-10,8696570.806675572,0.32935246897196385
2023-03-13,8604333.446868878,0.3328830855352776
2023-03-14,8667710.749992479,0.3304490827373985
2023-03-15,8413601.103974476,0.3404293870569968
2023-03-16,8502104.741211526,0.3368856481953852
2023-03-17,8375886.077650312,0.5139703824148311
2023-03-20,8497524.62927932,0.5066131088999382
2023-03-21,8563868.375425508,0.5026884092177669
2023-03-22,8538658.398140863,0.504172572512131
2023-03-23,8484322.154404182,0.5074014508228335
2023-03-24,8540332.234692354,0.5040737587356947
2023-03-27,8580696.266939178,0.5017025701025789
2023-03-28,8679512.861767717,0.49599066663704666
2023-03-29,8756873.225354178,0.491608963565745
2023-03-30,8802266.685650786,0.4890737265903127
2023-03-31,8976189.458099019,0.47959742722550514
2023-04-03,9032421.502156643,0.4766116560620105
2023-04-04,8831363.429899223,0.48746237255034075
2023-04-05,8964061.073875416,0.4802463230576625
2023-04-06,8965439.51889912,0.48017248471958934
2023-04-10,9025076.856862085,0.476999524621198
2023-04-11,9050136.102081649,0.4756787435940101
2023-04-12,8981199.753312947,0.4793298767021628
2023-04-13,9042522.818089183,0.4760792377301062
2023-04-14,8981413.350208914,0.4793184772297396
2023-04-17,8929496.53867805,0.48210527343239323
2023-04-18,8974413.16064386,0.47969235350917755
2023-04-19,8940673.483946368,0.4815025823415714
2023-04-20,9040019.995764114,0.4762110451536795
2023-04-21,9013245.323867137,0.5906916278822859
2023-04-24,8982266.731323838,0.592728841406027
2023-04-25,8836515.686641954,0.6025054152176491
2023-04-26,8766485.119561732,0.6073184954112656
2023-04-27,8918830.02537288,0.5969447267983887
2023-04-28,8954000.771887375,0.59459996581341
2023-05-01,9069290.888553407,0.5870413264147369
2023-05-02,9008020.45693628,0.5910342431291773
2023-05-03,8862851.978910005,0.6007150481048942
2023-05-04,8746897.26953042,0.6086785278024996
2023-05-05,8942088.325977433,0.5953920783124812
2023-05-08,8986829.265078582,0.5924279182142587
2023-05-09,8994627.960538665,0.5919142599577445
2023-05-10,9065310.336445129,0.5872990945994744
2023-05-11,9035115.619662523,0.5892618065972621
2023-05-12,9039832.997082273,0.5889543041974213
2023-05-15,9039736.717569385,0.5889605769723144
2023-05-16,8925545.599559305,0.5964955860088097
2023-05-17,9030597.845541637,0.5895565990114305
2023-05-18,9144901.74670377,0.5821876166987255
2023-05-19,9087655.181075308,0.5135092410383004
2023-05-22,9074910.858453328,0.51423038613154
2023-05-23,8885054.10177133,0.525218514304986
2023-05-24,8833356.708888922,0.5282923659310408
2023-05-25,9013477.337917112,0.5177352468864304
2023-05-26,9288965.260171453,0.5023804895536477
2023-05-30,9281004.900908308,0.5028113835383335
2023-05-31,9319625.632020246,0.5007277222400797
2023-06-01,9425545.44511591,0.49510078138447433
2023-06-02,9529007.007783458,0.48972520547419107
2023-06-05,9508059.521004537,0.49080413353982977
2023-06-06,9568485.264909463,0.4877046664810761
2023-06-07,9548533.143079188,0.4887237489701888
2023-06-08,9569729.030018032,0.48764128014635827
2023-06-09,9609890.616408518,0.485603333182974
2023-06-12,9621211.317009415,0.48503195295187523
2023-06-13,9685052.81558447,0.48183474098795015
2023-06-14,9703759.04870156,0.4809058934203635
2023-06-15,9695200.844088716,0.481330401494162
2023-06-16,9417775.305272102,0.4973392791599463
2023-06-20,9463557.15769096,0.4949333008263027
2023-06-21,9370403.86461099,0.49985354412563715
2023-06-22,9359209.116092993,0.5004514295508804
2023-06-23,9283267.642477553,0.5045453564413589
2023-06-26,9167760.878470674,0.5109022414201216
2023-06-27,9312744.854904551,0.502948341717709
2023-06-28,9344705.47757176,0.501228165280975
2023-06-29,9280993.442070233,0.5046689894621441
2023-06-30,9441096.636541322,0.49611075513048214
2023-07-03,9411295.37691562,0.4976817105435925
2023-07-05,9275413.855756141,0.5049725709767308
2023-07-06,9074676.762964647,0.5161428559890864
2023-07-07,9106795.29711662,0.5143224843428025
2023-07-10,9247704.433863007,0.5064856489642169
2023-07-11,9332546.354151292,0.5018812019648758
2023-07-12,9505513.3053232,0.49274872709834305
2023-07-13,9644605.816010032,0.48564240685080357
2023-07-14,9623966.614044743,0.48668389754999986
2023-07-17,9716881.772486776,0.4820301091731478
2023-07-18,9793782.086725047,0.4782452315294061
2023-07-19,9826501.919867884,0.47665279260204363
2023-07-20,9666410.140378283,0.4845469531702567
2023-07-21,9622226.317228984,0.7405497013362199
2023-07-24,9618894.855890146,0.7408061874228704
2023-07-25,9726062.094627302,0.7326435669529308
2023-07-26,9749646.356947813,0.7308713121000007
2023-07-27,9751831.856113566,0.7307075153214635
2023-07-28,9950411.360398864,0.7161248482422341
2023-07-31,10027561.412705883,0.7106151268626933
2023-08-01,9938941.475388713,0.7169512812866977
2023-08-02,9648405.140254326,0.7385403827710337
2023-08-03,9545733.44353484,0.7464839519732848
2023-08-04,9570466.494413216,0.7445548061396073
2023-08-07,9653475.11059688,0.738152504023274
2023-08-08,9656093.160487758,0.7379523692430384
2023-08-09,9717720.22310177,0.7332724817981019
2023-08-10,9669557.614487033,0.736924801475673
2023-08-11,9629169.89629721,0.7400156921266454
2023-08-14,9744279.806774233,0.7312738310798116
2023-08-15,9580551.75504721,0.7437710277656473
2023-08-16,9442292.460106872,0.7546617365983163
2023-08-17,9233454.621690858,0.7717303130156666
2023-08-18,9271573.656319106,0.495079247939209
2023-08-21,9372616.700567476,0.4897419642377489
2023-08-22,9331881.422448417,0.49187977270494704
2023-08-23,9481665.741899319,0.48410942105874816
2023-08-24,9314236.80072935,0.4928115755682756
2023-08-25,9352159.60469707,0.4908132353385053
2023-08-28,9369440.663173059,0.48990797615328924
2023-08-29,9475114.225307956,0.48444415590507117
2023-08-30,9485825.614564681,0.483897121820966
2023-08-31,9594858.385176372,0.478398276317975
2023-09-01,9549050.151178716,0.480693225013259
2023-09-05,9487890.41779431,0.4837918136548778
2023-09-06,9487357.784504963,0.48381897439139887
2023-09-07,9490779.353402533,0.4836445503643311
2023-09-08,9529785.037252424,0.48166497932957114
2023-09-11,9591633.376618154,0.4785591288521349
2023-09-12,9576714.419230083,0.4793046458361938
2023-09-13,9535835.480353136,0.4813593651485124
2023-09-14,9602603.770763092,0.47801240398557837
2023-09-15,9405201.573887393,0.5632360831244595
2023-09-18,9396968.207660554,0.5637295751574275
2023-09-19,9422712.58112056,0.5621893748607123
2023-09-20,9291807.25666392,0.5701096405839856
2023-09-21,9071037.978302585,0.583984865694896
2023-09-22,9053900.340634752,0.5850902590232122
2023-09-25,9058703.159902886,0.5847800509592067
2023-09-26,8983799.384129208,0.5896557424056731
2023-09-27,9020292.484564554,0.5872701915749532
2023-09-28,9113239.070577785,0.5812805803125366
2023-09-29,9034439.211011536,0.5863506048074036
2023-10-02,9031203.597789774,0.5865606768923656
2023-10-03,8839849.135863815,0.5992578395914773
2023-10-04,8952569.105804972,0.591712706471873
2023-10-05,8953213.026281888,0.5916701501374008
2023-10-06,9121318.417323034,0.580765702183109
2023-10-09,9137216.525692943,0.5797552110729475
2023-10-10,9176056.638877718,0.5773012421292368
2023-10-11,9302559.607868997,0.5694506801108085
2023-10-12,9158339.142819667,0.5784180748127864
2023-10-13,9081255.150770834,0.5833278338207123
2023-10-16,9102398.48207551,0.5819728619774122
2023-10-17,9094416.7451621,0.5824836318712066
2023-10-18,8941153.044129614,0.5924682050879728
2023-10-19,8971227.483311934,0.5904820611590041
2023-10-20,8982501.974865904,0.6594775913685068
2023-10-23,9070759.1927509,0.6530609666698601
2023-10-24,9100903.644986082,0.6508978666212966
2023-10-25,8884081.3489609,0.6667834899486008
2023-10-26,8759098.251200484,0.6762977873933013
2023-10-27,8787526.419053871,0.6741099240399459
2023-10-30,8937123.953260921,0.6628260722159951
2023-10-31,8916363.310637701,0.6643693802584355
2023-11-01,9047798.645951543,0.65471823574434
2023-11-02,9137688.252316393,0.6482776171911705
2023-11-03,9266990.324889554,0.6392322166277888
2023-11-06,9293817.941434538,0.6373870032936181
2023-11-07,9384021.341579497,0.6312601550254305
2023-11-08,9481331.035237277,0.6247813460822988
2023-11-09,9446733.039954837,0.6270695638156556
2023-11-10,9725743.20033469,0.609080318575918
2023-11-13,9720563.160441916,0.6094048944565591
2023-11-14,9957537.398858275,0.5949019852565792
2023-11-15,10011483.445290146,0.5916964053548154
2023-11-16,10008435.445566896,0.591876602398557
2023-11-17,9990903.588022582,0.5467327518964601
2023-11-20,10084971.380125942,0.5416330901420555
2023-11-21,10068647.126801552,0.5425112374900557
2023-11-22,10092755.704033908,0.5412153402691191
2023-11-24,10117414.119754044,0.5398962766530104
2023-11-27,10078063.792851027,0.5420043298879075
2023-11-28,10101014.48442835,0.5407728323756519
2023-11-29,10099716.668311138,0.540842321819827
2023-11-30,10139356.487288542,0.5387278985071509
2023-12-01,10210223.472783884,0.5349887029575913
2023-12-04,10175696.018329235,0.5368039889136426
2023-12-05,10195938.895783454,0.535738225625378
2023-12-06,10151542.200804481,0.5380812200316645
2023-12-07,10292317.722370159,0.5307214915003527
2023-12-08,10420551.293569708,0.5241905210890812
2023-12-11,10444595.331230048,0.5229838054404075
2023-12-12,10541055.039939027,0.5181980543613023
2023-12-13,10562956.246676395,0.5171236238274223
2023-12-14,10527982.008876339,0.5188415223360365
2023-12-15,10728731.282100094,0.5154743197177678
2023-12-18,10765507.710288499,0.5137133898283257
2023-12-19,10854534.842906244,0.5094999960030115
2023-12-20,10729924.23072928,0.5154170094917249
2023-12-21,10907656.796838477,0.5070186532343255
2023-12-22,10870011.889988894,0.5087745547149473
2023-12-26,10923955.425367333,0.5062621773641405
2023-12-27,11064065.088987881,0.499851131984003
2023-12-28,11067441.5871508,0.499698635454829
2023-12-29,11005948.278312415,0.5024905913807617
2024-01-02,10767389.186194327,0.513623624394129
2024-01-03,10691586.77667873,0.5172651706983815
2024-01-04,10611308.029684417,0.5211784865357223
2024-01-05,10677727.066732347,0.517936581869171
2024-01-08,11027465.057439277,0.5015101322261193
2024-01-09,11073963.348966314,0.49940434917472515
2024-01-10,11190379.908074364,0.4942089101983802
2024-01-11,11300615.157354178,0.489388000747573
2024-01-12,11324830.926996563,0.48834154741257446
2024-01-16,11271945.387120496,0.49063274076845576
2024-01-17,11190118.581877006,0.49422045160737044
2024-01-18,11284794.997758266,0.49007407402384334
2024-01-19,11549102.797804978,0.6684616003572907
2024-01-22,11540498.882327188,0.6689599659104845
2024-01-23,11431316.893329974,0.6753492892333496
2024-01-24,11540333.098374063,0.6689695759301161
2024-01-25,11430008.05957915,0.6754266225071964
2024-01-26,11400621.788144274,0.6771676038705093
2024-01-29,11531567.385419004,0.6694780926895711
2024-01-30,11507924.052823171,0.6708535530365831
2024-01-31,11392794.864926679,0.6776328223620012
2024-02-01,11528573.612118455,0.6696519446947394
2024-02-02,11848667.41036679,0.6515611816529664
2024-02-05,11855444.704271665,0.6511887096171027
2024-02-06,11816937.344645778,0.6533107110371157
2024-02-07,11978684.181744969,0.6444891293383249
2024-02-08,12078321.37424174,0.6391725720575339
2024-02-09,12192040.52999076,0.6332108001052905
2024-02-12,12156591.084043214,0.6350572858410161
2024-02-13,11999048.924783202,0.6433953046867059
2024-02-14,12200164.487054247,0.6327891519088543
2024-02-15,12344219.608466612,0.6254046010017936
2024-02-16,12104232.557449613,0.5783082560547718
2024-02-20,11869685.425973628,0.5897357318217127
2024-02-21,11557609.162424995,0.6056596587413373
2024-02-22,11984367.511895213,0.5840923698503214
2024-02-23,11968488.897642754,0.5848672861750117
2024-02-26,12043449.362865338,0.5812269732925305
2024-02-27,12085063.878979214,0.5792255375129504
2024-02-28,12047478.679282999,0.5810325801378946
2024-02-29,12280983.719742943,0.5699850908463376
2024-03-01,12616456.311835218,0.5548291412552628
2024-03-04,12733069.502404701,0.5497478530104698
2024-03-05,12523188.028045975,0.5589613128464941
2024-03-06,12683543.841372479,0.5518944633081831
2024-03-07,12933781.637757696,0.541216623044337
2024-03-08,12704755.471974572,0.550973030265819
2024-03-11,12495671.364172649,0.5601921991362767
2024-03-12,12804191.6495856,0.5466942242626168
2024-03-13,12772434.997331211,0.548053493530616
2024-03-14,12739512.684455162,0.5494698105463245
2024-03-15,12765092.981090425,0.4895910601811951
2024-03-18,12842492.749300113,0.4866403686514977
2024-03-19,12822890.524551546,0.4873842909254785
2024-03-20,12989306.22679023,0.48114004680509725
2024-03-21,13191835.281729857,0.4737532930371814
2024-03-22,13234573.432058817,0.472223410751167
2024-03-25,13157385.081226233,0.47499372917503296
2024-03-26,13101386.19687639,0.4770239814328677
2024-03-27,13101185.432411604,0.47703129141751127
2024-03-28,13123754.124988487,0.47621094897105715
2024-04-01,13052989.962198414,0.4787926309621561
2024-04-02,12911497.675023379,0.484039540820525
2024-04-03,12995088.77725413,0.4809259492603599
2024-04-04,12665877.2139639,0.4934261796753753
2024-04-05,13009321.22488356,0.4803998070221785
2024-04-08,12935620.778430233,0.483136875529371
2024-04-09,12929338.79752795,0.48337161735745615
2024-04-10,12712154.46260283,0.49162991405659523
2024-04-11,12988633.404798722,0.48116497025888927
2024-04-12,12741942.214030944,0.4904805955752717
2024-04-15,12365152.678738685,0.5054264648644108
2024-04-16,12396748.45010762,0.5041382771519687
2024-04-17,12318817.299728299,0.5073275505158628
2024-04-18,12381777.25651942,0.5047478464881066
2024-04-19,12246719.927861173,0.6753860813603819
2024-04-22,12362093.971749965,0.6690827784109932
2024-04-23,12651773.24115965,0.6537632333377262
2024-04-24,12579418.909371955,0.657523550267809
2024-04-25,12609019.552839808,0.6559799631473646
2024-04-26,12895532.414092792,0.6414054042900209
2024-04-29,12970063.735566732,0.6377196249941821
2024-04-30,12770217.43360971,0.6476995575523454
2024-05-01,12514833.713365247,0.6609168264667344
2024-05-02,12688291.891667455,0.651881612766813
2024-05-03,12967654.374979762,0.6378381118450471
2024-05-06,13260273.213156592,0.6237627271050241
2024-05-07,12995205.798543042,0.636485817140625
2024-05-08,13061187.71313736,0.6332704470112435
2024-05-09,13153800.03602241,0.6288117623002434
2024-05-10,13201442.945706913,0.6265424329456393
2024-05-13,13167195.781788755,0.6281720359194516
2024-05-14,13228516.843165673,0.6252601315520484
2024-05-15,13386802.379484704,0.6178670564579322
2024-05-16,13301988.806075852,0.6218065811195279
2024-05-17,13129915.355795309,0.5598090531368904
2024-05-20,13074750.066675778,0.5621710124944722
2024-05-21,13175366.530540138,0.5578778750524794
2024-05-22,13155653.413241599,0.558713828360439
2024-05-23,13078312.150748465,0.5620178963746969
2024-05-24,13469967.106399244,0.5456765725584715
2024-05-28,13421560.334612146,0.5476446329522607
2024-05-29,13202507.321173074,0.5567310287575136
2024-05-30,13117956.078091597,0.5603194155658894
2024-05-31,13010405.084796011,0.5649513166722844
2024-06-03,12903717.158640789,0.569622333838378
2024-06-04,12908106.389407923,0.5694286413014632
2024-06-05,13222998.614997841,0.5558682789816272
2024-06-06,13157019.561530836,0.5586558147702624
2024-06-07,13104539.344007965,0.5608930836974579
2024-06-10,13213474.587415649,0.5562689385345755
2024-06-11,13362171.999963064,0.5500786461299562
2024-06-12,13611143.935845232,0.540016733181277
2024-06-13,13867792.56508885,0.5300227450473259
2024-06-14,13921503.350040931,0.5279778554285001
2024-06-17,13855495.613175975,0.5304931478673001
2024-06-18,13996260.130310582,0.5251578217796518
2024-06-20,13932505.138086466,0.5275609382696267
2024-06-21,13829325.509416012,0.548961444832531
2024-06-24,13653902.961343333,0.5560143890140463
2024-06-25,13862390.012978494,0.5476520647305906
2024-06-26,13652209.52465451,0.5560833577157184
2024-06-27,13749722.403556267,0.5521396207057122
2024-06-28,13470859.856965773,0.5635695563102969
2024-07-01,13460625.407471279,0.5639980523114925
2024-07-02,13650432.452820556,0.556155751031882
2024-07-03,13982028.44287447,0.5429660326987328
2024-07-05,13955934.368521508,0.5439812421181989
2024-07-08,14142298.432264276,0.5368127782813942
2024-07-09,14108921.826366702,0.5380826831516583
2024-07-10,14225595.867643585,0.5336694914816202
2024-07-11,14190557.633065999,0.5349871871855484
2024-07-12,14317727.24181778,0.5302354476019855
2024-07-15,13963107.63093952,0.5437017828242273
2024-07-16,13933054.674934097,0.5448745224811443
2024-07-17,13401042.780799966,0.5665056545887099
2024-07-18,13368782.58780119,0.5678726886946133
2024-07-19,13058797.676081289,0.7064756758610212
2024-07-22,13059603.11854033,0.7064321044369547
2024-07-23,13036704.910574807,0.7076729110174426
2024-07-24,12235282.414397009,0.7540261517205472
2024-07-25,11871019.289880943,0.7771635012004423
2024-07-26,12087040.770538725,0.7632739137133453
2024-07-29,12093958.598924546,0.7628373157290499
2024-07-30,11719979.918315457,0.7871790718450223
2024-07-31,12518810.678953627,0.7369488324998765
2024-08-01,12123251.446618332,0.7609941074607746
2024-08-02,11824185.417582141,0.7802417323753686
2024-08-05,11761995.939455034,0.784367122861744
2024-08-06,11908460.34982711,0.7747200429882443
2024-08-07,11667053.793324703,0.7907500108913831
2024-08-08,12111696.941495948,0.7617200924614919
2024-08-09,12274076.805736149,0.751642918661738
2024-08-12,12249006.139763797,0.7531813445821136
2024-08-13,12359453.55998708,0.7464507123526508
2024-08-14,12361255.98959419,0.7463418702685353
2024-08-15,12503347.4291793,0.7378602383399838
2024-08-16,12408146.318915479,0.5301631403665431
2024-08-19,12472991.55008562,0.5274069009145312
2024-08-20,12362871.595333954,0.5321046787420017
2024-08-21,12421360.429557573,0.5295991414040387
2024-08-22,12187717.909031281,0.5397517293774203
2024-08-23,12362359.332335053,0.5321267277320961
2024-08-26,12146864.76934718,0.5415670581238666
2024-08-27,12171722.738777885,0.540461030845359
2024-08-28,11860171.263140926,0.5546582484021948
2024-08-29,11944058.48072497,0.5507626933658906
2024-08-30,12056124.086020077,0.545643174508451
2024-09-03,11497184.029072473,0.5721698288841337
2024-09-04,11557805.178636089,0.5691687752899195
2024-09-05,11561679.731209066,0.5689780353287697
2024-09-06,11215538.05219557,0.5865382282998012
2024-09-09,11471488.928076925,0.5734514377172992
2024-09-10,11490030.699136926,0.572526043734411
2024-09-11,11655081.18614457,0.5644183608419692
2024-09-12,11658884.36834666,0.5642342449526038
2024-09-13,11769719.555048667,0.5589208636447065
2024-09-16,11815172.249069018,0.5567707080260413
2024-09-17,11862052.768259427,0.5545702710214011
2024-09-18,11895605.796994377,0.55300603692045
2024-09-19,12053475.432990082,0.5457630751508419
2024-09-20,12382717.56637338,0.5998393974499752
2024-09-23,12454215.518317902,0.5963958013157803
2024-09-24,12526276.31050555,0.5929648731744173
2024-09-25,12641949.81090978,0.5875392605495638
2024-09-26,12623672.764872726,0.5883899228182756
2024-09-27,12592207.12996468,0.5898602021985215
2024-09-30,12561205.515100196,0.5913160034582384
2024-10-01,12518746.637124188,0.5933215248386009
2024-10-02,12652648.015078321,0.5870424779820805
2024-10-03,12705639.007499404,0.5845941191483973
2024-10-04,12826039.884224212,0.5791064046933528
2024-10-07,12820429.432285925,0.5793598321364698
2024-10-08,12892692.052123083,0.5761125615796816
2024-10-09,12898193.089861045,0.5758668514309434
2024-10-10,12908420.186707227,0.5754106030306818
2024-10-11,13099055.932199782,0.5670364247814365
2024-10-14,13095344.209420541,0.5671971446510987
2024-10-15,13055596.147446338,0.5689239893698359
2024-10-16,13297464.75435191,0.5585757872661974
2024-10-17,13143471.107585311,0.5651202626009516
2024-10-18,13020469.651478307,0.7837309707047068
2024-10-21,12981703.783388006,0.7860713423489513
2024-10-22,12851633.966682274,0.7940270743346289
2024-10-23,12756013.695000648,0.7999791755463265
2024-10-24,12897242.465030063,0.791219157634134
2024-10-25,12869511.955383612,0.7929240327342385
2024-10-28,12905350.150089577,0.7907220804011612
2024-10-29,12891295.911363399,0.7915841346865045
2024-10-30,12780457.604851082,0.798449134959841
2024-10-31,12715250.49709742,0.8025437895473405
2024-11-01,12588840.737510208,0.8106024638613786
2024-11-04,12750574.466906525,0.8003204361865932
2024-11-05,13123834.789413156,0.7775581971830486
2024-11-06,13390543.385780508,0.7620710396129653
2024-11-07,13452994.126742212,0.7585333958259454
2024-11-08,13830407.816817485,0.7378340143069213
2024-11-11,14030084.148227757,0.7273331514745961
2024-11-12,13926949.35408255,0.732719352927991
2024-11-13,13888099.196104445,0.7347690403771455
2024-11-14,13736273.356236702,0.7428903789506404
2024-11-15,13451841.861930534,0.5980491368626294
2024-11-18,13447594.52696082,0.5982380267795221
2024-11-19,13621776.659787292,0.5905883362843041
2024-11-20,13573681.900731986,0.5926809301687191
2024-11-21,13737549.695010798,0.5856111601664942
2024-11-22,13866322.224006684,0.5801727584847348
2024-11-25,13723846.434086831,0.5861958929209948
2024-11-26,14028713.762339937,0.5734568792996949
2024-11-27,13877833.039076703,0.5796915406092369
2024-11-29,13945791.12365039,0.5768666935715837
2024-12-02,13795518.114939276,0.5831504368094951
2024-12-03,13913401.272871125,0.5782096165390067
2024-12-04,14086801.887287978,0.5710921811145706
2024-12-05,14116980.936301999,0.5698713096688169
2024-12-06,14348556.245714165,0.5606739993191369
2024-12-09,13816980.11389531,0.582244625701507
2024-12-10,13706681.329366682,0.5869299957754146
2024-12-11,14022783.596021676,0.5736993913977609
2024-12-12,14044114.537352232,0.5728280265262531
2024-12-13,14198710.163275756,0.5665910721628624
2024-12-16,14479669.966698859,0.5555970842734785
2024-12-17,14351801.225447211,0.5605472294638374
2024-12-18,13194980.777316831,0.6096911053155809
2024-12-19,13252154.106239006,0.607060735201735
2024-12-20,14125275.596763633,0.538498912920884
2024-12-23,14256435.724342734,0.5335446882124382
2024-12-24,14447337.140518198,0.526494639086984
2024-12-26,14359137.935839273,0.5297285664050919
2024-12-27,14179222.355375784,0.5364501213764568
2024-12-30,14009264.751504466,0.5429582271794989
2024-12-31,13895367.114380118,0.5474087507694062
2025-01-02,14193438.194355158,0.5359128246030093
2025-01-03,14563156.549179556,0.5223074769455549
2025-01-06,14673396.01638255,0.518383443415053
2025-01-07,14475963.275750907,0.5254534989258283
2025-01-08,14552604.020852888,0.5226862177150969
2025-01-10,14820199.291250972,0.5132485335777862
2025-01-13,14621702.078466533,0.5202161494431736
2025-01-14,14878214.15169649,0.5112472152914792
2025-01-15,15111783.872780416,0.5033453110235356
2025-01-16,15299824.315978143,0.497159012840522
2025-01-17,15384283.765557813,0.7177312865577152
2025-01-21,15591851.679680595,0.708176424883037
2025-01-22,15668053.745681375,0.7047321868465158
2025-01-23,15620411.859038536,0.7068816033447675
2025-01-24,15641735.182784658,0.7059179592795689
2025-01-27,14501291.282794021,0.7614343829451936
2025-01-28,14990247.129157146,0.736597714813233
2025-01-29,14941162.237517748,0.7390175947689333
2025-01-30,14985645.89293212,0.7368238819142632
2025-01-31,14950944.922376491,0.7385340416375274
2025-02-03,14822142.3135944,0.7449518123770548
2025-02-04,15272818.286208972,0.7229694986807558
2025-02-05,15266211.256800335,0.7232823910323013
2025-02-06,15469983.49588149,0.7137552398011535
2025-02-07,15492150.75863777,0.7127339484265184
2025-02-10,15708293.684739096,0.7029268742632485
2025-02-11,15545718.108037088,0.710278013732554
2025-02-12,15488854.069254916,0.7128856486381719
2025-02-13,15647236.55896116,0.7056697671959947
2025-02-14,15877302.753255837,0.6954444310484995
2025-02-18,16207442.041664213,0.6812784985710791
2025-02-19,15982279.951285636,0.6908765090762012
2025-02-20,15739309.35282745,0.7015416961633838
2025-02-21,15071475.424543908,0.5310261906018381
2025-02-24,14483996.62524457,0.5525649023899597
2025-02-25,14153365.420390982,0.5654731538206608
2025-02-26,14617622.356334165,0.5475136781035207
2025-02-27,13865017.120136198,0.5772331986392927
2025-02-28,14271309.34898738,0.5607998527488053
2025-03-03,13699287.442785095,0.5842163846018018
2025-03-04,13703604.313707182,0.5840323463980446
2025-03-05,13830568.297953662,0.5786709561767558
2025-03-06,13406087.042646948,0.5969936011891327
2025-03-07,13580971.223985272,0.5893060260160264
2025-03-10,13414482.522662582,0.5966199715810001
2025-03-11,13493873.672361113,0.5931097604565296
2025-03-12,13676903.940134551,0.5851725080819743
2025-03-13,13500123.10541703,0.5928352000163143
2025-03-14,13663767.302620238,0.5857351054207434
2025-03-17,13734055.114197174,0.5827374446147042
2025-03-18,13665394.799046332,0.5856653466025952
2025-03-19,13819283.174039723,0.5791435113276713
2025-03-20,13790785.978762751,0.5803402499153857
2025-03-21,13621912.924146889,0.5904455608743223
2025-03-24,13470323.478132434,0.5970901908729956
2025-03-25,13468502.156983295,0.5971709342979069
2025-03-26,13585609.65305948,0.5920233410259808
2025-03-27,13645668.118729701,0.5894176779544764
2025-03-28,13747869.795036523,0.5850359464113416
2025-03-31,13686695.740132121,0.5876508230613628
2025-04-01,13682631.638586883,0.5878253708151245
2025-04-02,13643523.629123382,0.5895103226493891
2025-04-03,13774125.417654173,0.5839207770222893
2025-04-04,13302021.437369728,0.604644794368146
2025-04-07,13246122.871777782,0.6071963920714882
2025-04-08,13356441.56835673,0.6021812003980216
2025-04-09,12794421.96863669,0.6286331681411718
2025-04-10,13278331.397861533,0.6057235488168649
2025-04-11,13348898.824950332,0.6025214605451934
2025-04-14,13527297.690164404,0.5945753690722052
2025-04-15,13773712.433830976,0.5839382849988858
2025-04-16,13735012.391667465,0.5855836010427253
2025-04-17,14165875.752395181,0.650975464633791
2025-04-21,14199922.341912013,0.64941464663097
2025-04-22,14229100.0061744,0.6480829810640506
2025-04-23,14172111.074344551,0.6506890541207884
2025-04-24,13948593.753017947,0.6611159313364326
2025-04-25,13877417.023380967,0.6645067691143961
2025-04-28,13984787.485801335,0.6594049111738506
2025-04-29,13993984.209876822,0.6589715560313024
2025-04-30,13965649.06988741,0.6603085544905755
2025-05-01,14067116.581039587,0.6555456832062815
2025-05-02,14022274.575653005,0.6576420608587721
2025-05-05,14053632.594028972,0.6561746572041482
2025-05-06,14119445.108277041,0.6531161443769583
2025-05-07,14134281.409552697,0.6524305893349155
2025-05-08,14178628.048949746,0.6503899755338515
2025-05-09,14179216.005915122,0.6503630063899887
2025-05-12,14392531.093475487,0.6407238233475429
2025-05-13,14244630.251596738,0.6473764068973511
2025-05-14,14155299.390759377,0.651461851515477
2025-05-15,14382930.228171045,0.6411515180542348
2025-05-16,14523732.239698872,0.5814523278651095
2025-05-19,14568120.054123025,0.5796806924083805
2025-05-20,14587392.40688979,0.578914838547419
2025-05-21,14420962.508746877,0.5855959971423761
2025-05-22,14384496.292662036,0.5870805447925503
2025-05-23,14376446.836623589,0.5874092545975557
2025-05-27,14407064.056385847,0.5861609198800858
2025-05-28,14457246.621201685,0.5841262960595821
2025-05-29,14280223.841249645,0.5913673352702467
2025-05-30,14429933.271992097,0.585231945351651
2025-06-02,14510109.527861597,0.5819982201958606
2025-06-03,14551826.015937254,0.5803297751645454
2025-06-04,14505574.454799453,0.5821801781361581
2025-06-05,14583822.904150952,0.5790565324033669
2025-06-06,14754559.84738943,0.572355801014059
2025-06-09,14707113.149805231,0.5742022811712906
2025-06-10,14609128.233126003,0.5780535145768552
2025-06-11,14733278.923012303,0.573182518581943
2025-06-12,14690421.688101739,0.5748546977996023
2025-06-13,14802369.95526263,0.5705071515970375
2025-06-16,14928852.022926487,0.5656736303028217
2025-06-17,14745589.624056354,0.5727039837244133
2025-06-18,14743536.756524693,0.5727837261520856
2025-06-20,14883371.276625916,0.7246043418212164
2025-06-23,14943079.199228428,0.7217090469906075
2025-06-24,15118102.424465103,0.7133537758368435
2025-06-25,14945532.038772667,0.721590601124291
2025-06-26,15027556.03943785,0.7176519867686847
2025-06-27,15005973.102436531,0.7186841782509408
2025-06-30,14996498.201773334,0.7191382483348709
2025-07-01,14652850.813980844,0.7360039070138052
2025-07-02,14660558.5325994,0.7356169564754061
2025-07-03,14862398.697478445,0.7256268431158441
2025-07-07,14801312.684280897,0.7286215539134983
2025-07-08,14800377.9321201,0.7286675716959526
2025-07-09,14946179.364741089,0.7215593487002916
2025-07-10,14855801.376324333,0.7259490871470352
2025-07-11,14879706.241905544,0.7247828198118522
2025-07-14,14917925.250495661,0.7229259610093564
2025-07-15,14794034.079185782,0.7289800327791233
2025-07-16,14760121.817148462,0.7306549079730975
2025-07-17,14859869.335099505,0.7257503551869625
2025-07-18,14777380.317683103,0.6421821692681775
2025-07-21,14757871.952560391,0.6430310670139806
2025-07-22,14463492.393130118,0.656118860546991
2025-07-23,14716673.428995539,0.6448311973691947
2025-07-24,14601531.672032759,0.6499160746736566
2025-07-25,14750128.435534993,0.6433686452280988
2025-07-28,14804364.158537708,0.6410116670250802
2025-07-29,14784567.89860312,0.6418699696598654
2025-07-30,15043580.606745938,0.6308185794713754
2025-07-31,15023256.752578866,0.6316719673237035
2025-08-01,14822209.868058048,0.640239898974924
2025-08-04,15071956.292746924,0.6296309493066514
2025-08-05,15242002.91770358,0.6226065038662498
2025-08-06,15198969.155518673,0.6243693273806609
2025-08-07,15210084.3437117,0.623913052292439
2025-08-08,15197043.56688254,0.6244484400367681
2025-08-11,15092555.813481906,0.6287715789020681
2025-08-12,15279566.705008259,0.6210758676422478
2025-08-13,15138121.16031293,0.6268789929750064
2025-08-14,14841924.58804715,0.6393894600537946
2025-08-15,14559206.39945838,0.5434063306767895
2025-08-18,14656707.699820446,0.5397914108086246
2025-08-19,14295363.48515603,0.553435730075062
2025-08-20,14196803.451333243,0.5572779079612264
2025-08-21,14101394.110042198,0.5610484229684461
2025-08-22,14451809.768038558,0.5474445798887297
2025-08-25,14338142.473942107,0.5517845105440995
2025-08-26,14568115.93595013,0.5430739954212012
2025-08-27,14535057.05575846,0.5443091758598448
2025-08-28,14681500.351172099,0.5388798649903713
2025-08-29,14482051.465357594,0.5463013956289897
2025-09-02,14287647.743705388,0.5537346013154092
2025-09-03,14378904.611689854,0.5502202803865681
2025-09-04,14579201.920982433,0.5426610434491178
2025-09-05,14544599.579712324,0.5439520616388253
2025-09-08,14586552.25841812,0.5423875900852325
2025-09-09,14749732.514007473,0.5363870103801736
2025-09-10,15075486.677135354,0.5247966514470805
2025-09-11,15099217.10376187,0.5239718637547502
2025-09-12,15167631.395152945,0.5216084648275389
2025-09-15,15159661.677815894,0.5218826841415076
2025-09-16,15053436.983041799,0.5255653533480993
2025-09-17,15152307.803488597,0.5221359696292724
2025-09-18,15736569.687486658,0.5027502870200992
2025-09-19,15717088.747037506,0.518773034247998
2025-09-22,15612521.594293622,0.5222475927159553
2025-09-23,15665918.247972948,0.5204675327538318
2025-09-24,15401009.063819833,0.5294199740457407
2025-09-25,15288257.683654597,0.5333244629676223
2025-09-26,15437266.841579396,0.5281765161229481
2025-09-29,15532855.307556778,0.5249261425154049
2025-09-30,15561309.539054818,0.5239663023463612
2025-10-01,15585124.227186978,0.5231656610489135
2025-10-02,15745592.107984608,0.5178339285641098
2025-10-03,15557363.303001864,0.5240992101323775
2025-10-06,15785190.699185528,0.5165348949041468
2025-10-07,15833560.110643629,0.5149569497869719
2025-10-08,16206918.777756425,0.5030938903720749
2025-10-09,16249743.113650447,0.5017680440742693
2025-10-10,15467848.932150796,0.5271322376247153
2025-10-13,15824430.625573229,0.5152540405257301
2025-10-14,15888691.315795364,0.5131701319378018
2025-10-15,15816955.126569647,0.5154975628115126
2025-10-16,15631846.146034673,0.521601974755492
2025-10-17,15521627.370181706,0.3901341589320313
2025-10-20,15505801.850855535,0.3905323373513974
2025-10-21,15559916.487449503,0.3891741349773031
2025-10-22,15455880.196946643,0.39179373559834674
2025-10-23,15764951.000749644,0.38411264576935816
2025-10-24,15935840.60884859,0.3799935747324072
2025-10-27,16173641.714529738,0.37440652799191215
2025-10-28,16207387.359232819,0.3736269705352977
2025-10-29,16627767.425701462,0.36418100423766164
2025-10-30,16369002.836120492,0.36993805303520944
2025-10-31,16606332.146490853,0.36465108525496104
2025-11-03,16709629.536880653,0.362396845840107
2025-11-04,16357969.689405723,0.3701875693805758
2025-11-05,16620221.477870941,0.36434635046138697
2025-11-06,16247323.161686212,0.3727085981524707
2025-11-07,16425332.086960819,0.3686693825891888
2025-11-10,16789171.532005075,0.3606799196600409
2025-11-11,16598498.214426355,0.36482318828453814
2025-11-12,16489400.234229393,0.3672369493920063
2025-11-13,16025653.203996655,0.3778639761037662
2025-11-14,16186209.168476194,0.3741158276340449
2025-11-17,16269070.428364484,0.3722103894002869
2025-11-18,16040030.025836285,0.3775252932549618
2025-11-19,16144241.833341112,0.37508835049883693
2025-11-20,15653197.393211903,0.38685495922694013
2025-11-21,15630001.242815915,0.2323969717275411
2025-11-24,16291671.783530416,0.2229583928028893
2025-11-25,16458109.842980025,0.2207036525811897
2025-11-26,16938210.213019606,0.21444797952360364
2025-11-28,17049067.799503848,0.21305358155909435
2025-12-01,16916664.488460038,0.21472110884542256
2025-12-02,16920855.83755525,0.21466792175288293
2025-12-03,16985932.448855437,0.21384548466003594
2025-12-04,17087607.380762234,0.21257305812266925
2025-12-05,17298340.982535884,0.20998342908116432
2025-12-08,17545027.267617587,0.20703102374952057
2025-12-09,17720924.37882823,0.20497604296917082
2025-12-10,18111495.372565426,0.20055577312684433
2025-12-11,18207019.774280645,0.19950354324650235
2025-12-12,17643459.22604098,0.20587600823578342
2025-12-15,17557141.655873254,0.20688817280875646
2025-12-16,17640186.17124137,0.20591420757508405
2025-12-17,17276001.78037269,0.21025495384324755
2025-12-18,17692597.625252828,0.20530422009618363
2025-12-19,18006696.114578873,0.5036472273715565
2025-12-22,18065760.401508804,0.5020006006208523
2025-12-23,18051801.125276867,0.5023887926358226
2025-12-24,18202041.06577078,0.49824206743958327
2025-12-26,18068673.362007547,0.5019196700571824
2025-12-29,17956046.95017142,0.5050678803300439
2025-12-30,17854370.962218743,0.5079441102361206
2025-12-31,17563453.900764596,0.5163575811153536
2026-01-02,18186844.103945952,0.4986583994670162
2026-01-05,18367190.889193863,0.4937620906180863
2026-01-06,19195272.421070583,0.47246125886053036
2026-01-07,18833376.35979445,0.4815399214126261
2026-01-08,18370113.561207734,0.493683533420334
2026-01-09,19108153.56374167,0.4746153280575779
2026-01-12,19385076.032775916,0.4678352850871515
2026-01-13,19795395.242936987,0.45813798921068083
2026-01-14,19749991.478044726,0.4591912144524972
2026-01-15,20046575.366563432,0.452397599410244
2026-01-16,20085669.034185644,0.6061443244968094
2026-01-20,19843220.751214974,0.6135503122922972
2026-01-21,20434279.856237836,0.595803442766123
2026-01-22,20598440.376540333,0.5910551510811904
2026-01-23,20529835.040175546,0.5930303027261361
2026-01-26,20486044.943809006,0.5942979390207886
2026-01-27,20908193.92693545,0.5822987069728899
2026-01-28,21213076.256326742,0.5739296904267638
2026-01-29,21290746.067181148,0.5718359633981986
2026-01-30,20036655.59214287,0.6076270679407768
2026-02-02,20457162.257848572,0.5951370055796456
2026-02-03,20383695.60844752,0.5972819905997512
2026-02-04,19614288.72640644,0.6207114853164244
2026-02-05,19006083.257835902,0.6405746057001754
2026-02-06,19842057.54164752,0.6135862807190531
2026-02-09,19925563.19268965,0.6110148140384645
2026-02-10,19781983.83174722,0.6154496127559324
2026-02-11,19764457.507115845,0.6159953686768085
2026-02-12,19783472.507984605,0.6154033011079925
2026-02-13,19870731.034746338,0.6127008748447065
2026-02-17,19789579.59077705,0.615213387073014
2026-02-18,20142642.293709394,0.6044298514199982
2026-02-19,19896394.708687846,0.6119105730987914
2026-02-20,19986284.05999344,0.3147881496536723
2026-02-23,20015285.627534587,0.31433203076767574
2026-02-24,19973233.708488293,0.31499382971843265
2026-02-25,20200876.609694995,0.31144417637195854
2026-02-26,20087749.959707912,0.3131981127959789
2026-02-27,20082517.0411137,0.31327972309536356
2026-03-02,19893681.537012238,0.3162534479097181
2026-03-03,19053532.18340811,0.3301983756679318
2026-03-04,19434595.059244387,0.3237240271031729
2026-03-05,18918175.11622168,0.33256090183367226
2026-03-06,18565524.17031249,0.33887787492466603
2026-03-09,18989040.75201497,0.33131981019264606
2026-03-10,18972441.405907806,0.3316096881310665
2026-03-11,18872276.92069069,0.33336970436250707
2026-03-12,18748988.72145979,0.33556185195721694
2026-03-13,18751927.080704194,0.33550927062701424
2026-03-16,18981892.683835067,0.33144457628589374
2026-03-17,19113566.62931834,0.3291612444559436
2026-03-18,19027342.955338955,0.33065286059463594
2026-03-19,19061140.649959594,0.3300665733092608
2026-03-20,18703055.04424677,0.5231237801459304
2026-03-23,18600554.01519751,0.5260065290006842
2026-03-24,18736474.27321432,0.5221907127431662
2026-03-25,18740023.208018858,0.5220918216812668
2026-03-26,18978066.65712334,0.5155431810727356
2026-03-27,19032439.94070321,0.514070339142354
2026-03-30,19137248.32333299,0.5112549458374679
2026-03-31,19305267.93106937,0.5068053388307375
2026-04-01,19325357.11154689,0.5062785023091677
2026-04-02,19346257.53475024,0.5057315523402647
2026-04-06,19321261.720164873,0.5063858145874903
2026-04-07,19256854.294088602,0.508079497596201
2026-04-08,19478804.10082872,0.5022902229715184
2026-04-09,19597295.993158255,0.4992532060769785
2026-04-10,19615506.971357528,0.4987897008887077
2026-04-13,19572611.811225694,0.4998828439141807
2026-04-14,19655280.159719244,0.4977803814302659
2026-04-15,19867012.591162346,0.49247529341055074
2026-04-16,19911479.31488748,0.49137548749120014
2026-04-17,20112854.806421913,0.7136956611277588
2026-04-20,19970671.776545532,0.7187768828635219
2026-04-21,19990402.708024316,0.7180674355536575
2026-04-22,20757099.620368443,0.6915444580778629
2026-04-23,20565602.6010325,0.6979837881101156
2026-04-24,21142198.508025482,0.6789481804736165
2026-04-27,21260008.390197188,0.675185867511446
2026-04-28,20591727.328143507,0.6970982559883221
2026-04-29,20806530.111062292,0.6899015420453993
2026-04-30,21738042.112819277,0.6603380899593921
2026-05-01,22258410.578051243,0.644900369588414
2026-05-04,22618829.22642637,0.6346242356109703
2026-05-05,23522351.582419496,0.6102475408523512
2026-05-06,23791873.66746355,0.6033344581795704
2026-05-07,23066620.435744323,0.6223043054019333
2026-05-08,23939986.235731926,0.5996017318844982
2026-05-11,24689164.561651964,0.5814071663863318
2026-05-12,24399965.652136598,0.5882982547140985
2026-05-13,24525968.002872873,0.5852758678701075
2026-05-14,24378290.905920666,0.5888213108799065
2026-05-15,23692264.365516488,0.5841231903098938
2026-05-18,22600310.98160904,0.6123456025942531
2026-05-19,22620489.909053233,0.611799351052611
2026-05-20,23015772.701604012,0.6012920455147883
2026-05-21,24057960.441007715,0.5752441517553356
2026-05-22,23875801.14454889,0.5796329498250385
2026-05-26,24856380.882442243,0.5567665346094883
2026-05-27,24979573.406252448,0.5540207121145999
2026-05-28,24945430.500058964,0.5547790023835504
2026-05-29,24899586.213277552,0.5558004429596197
2026-06-01,25240026.529118307,0.5483037440901747
2026-06-02,26636711.635420553,0.5195536609874931
2026-06-03,27096092.438418973,0.5107452699426355
2026-06-04,26571870.369093858,0.5208214873329913
2026-06-05,24321079.95682718,0.5690208276695418
2026-06-08,24950609.89126465,0.5546638381651778
2026-06-09,24573207.78532477,0.563182518446604
2026-06-10,24173746.842962056,0.5724888713674954
2026-06-11,25158867.49845797,0.5500724962162599
2026-06-12,25585332.77582954,0.5409036954143037
2026-06-15,26083079.5084003,0.5305815612145743
2026-06-16,25895433.61417034,0.5344263105630291
2026-06-17,25435056.6168365,0.5440994787363741
2026-06-18,26061708.8942141,0.5035290448994921
2026-06-22,26765108.65937086,0.49029606249544333
2026-06-23,24942632.051283613,0.5261203934280421
2026-06-24,24969110.838718083,0.5255624628652557
2026-06-25,26419568.04865248,0.4967086276272995
2026-06-26,25380559.73111034,0.5170424737271203
2026-06-29,26110643.843580283,0.5025853619913199
2026-06-30,26483659.712475684,0.4955065701048274
2026-07-01,25343412.42635261,0.5178003327723474
2026-07-02,24152485.556436226,0.5433323770047848
2026-07-06,24309155.847899556,0.5398306494088362
2026-07-07,23944404.471521568,0.5480540308931026
2026-07-08,23997859.317158353,0.5468332493544317
2026-07-09,24242731.325497467,0.5413097728864485
2026-07-10,24396867.60916429,0.5378898470975367
2026-07-13,24242124.98762033,0.5413233119890946
2026-07-14,24416243.723979924,0.5374629912898479
2026-07-15,24494771.874695048,0.5357399307526967
2026-07-16,24195953.48161109,0.5423562827530465
2026-07-17,24045728.380307317,0.5858202462641935
2026-07-20,24376962.555617362,0.577860120563195
2026-07-21,26556671.21671585,0.5304307308096257
2026-07-22,26271775.415966373,0.5361828159048834
2026-07-23,26301802.841366936,0.5355706833601012
2026-07-24,24600841.625479084,0.5726013254263701
2026-07-27,23988119.24708006,0.5872271342434737
2026-07-28,22815931.173539232,0.6173964329665547
2026-07-29,22320553.487325747,0.631098800007457
2026-07-30,22660017.356641106,0.6216444718311361
2026-07-31,22993468.183502935,0.6126293958325141
2026-08-03,22994567.235451832,0.6126001145016438
2026-08-04,22951461.131845348,0.6137506645190635
2026-08-05,22864783.39539957,0.6160773219565141
2026-08-06,22836667.687795732,0.6168358148365739
2026-08-07,22907803.720620874,0.6149203430040455
2026-08-10,22714803.13313383,0.6201451290945047
2026-08-11,22720048.895241488,0.6200019456958047
2026-08-12,22930295.70161063,0.6143171769199689
2026-08-13,23073305.272587888,0.6105096064450245
2026-08-14,23251293.546713214,0.6058361653321775
2026-08-17,23202676.302150138,0.6071055915238613
2026-08-18,23142644.88357022,0.6086804076293814
2026-08-19,22956183.20382627,0.6136244164058442
2026-08-20,23189017.47667442,0.6074631896553173
2026-08-21,23130368.88410304,0.5638306771656879
2026-08-24,22176732.704407062,0.5880763286840845
2026-08-25,22607826.873805575,0.576862677859877
2026-08-26,23014396.636577282,0.5666718861657515
2026-08-27,23366398.779876623,0.5581352810877961
2026-08-28,22916846.57992445,0.5690840363019514
2026-08-31,22966887.503777884,0.5678440994179436
2026-09-01,22441555.470530003,0.5811367027629645
2026-09-02,22749804.314904716,0.5732625815366534
2026-09-03,22593362.660255015,0.5772319838851634
2026-09-04,23550848.056131918,0.5537639884530756
2026-09-08,24104283.6862013,0.5410495379492134
2026-09-09,24190839.841378883,0.5391136329507691
2026-09-10,23294792.802126355,0.5598509358634661
2026-09-11,23636926.371587392,0.5517473526800234
2026-09-14,22602938.187233064,0.576987444861586
2026-09-15,22504106.19672005,0.5795214187585365
2026-09-16,22791620.79140105,0.572210799327461
2026-09-17,23547842.846045185,0.5538346606218449
2026-09-18,24067146.40602255,0.6035262614575129
2026-09-21,24776091.420780577,0.5862569138808815
2026-09-22,25547966.78467606,0.5685444566606274
2026-09-23,25484007.668447692,0.5699713751209281
2026-09-24,25453281.980593227,0.570659410658793
2026-09-25,25431541.052607555,0.5711472562488741
2026-09-28,24818749.84515687,0.5852492565096644
2026-09-29,25040525.991720498,0.5800658859634203
2026-09-30,24920537.08088413,0.5828588223132342
2026-10-01,25404204.75450641,0.5717618415825756
2026-10-02,25409824.96876038,0.5716353777420773
