Date,book_base,book_adds_realistic,dips_realistic
2007-02-16,0.0,0.0,0.0
2007-02-20,-1303.1319086049916,-1303.1319086049916,0.0
2007-02-21,-716.3129443471553,-716.3129443471553,0.0
2007-02-22,1067.7350155257154,1067.7350155257154,0.0
2007-02-23,375.9153441748349,375.9153441748349,0.0
2007-02-26,-69.78948197548743,-69.78948197548743,0.0
2007-02-27,-2316.021001963876,-2316.021001963876,0.0
2007-02-28,-1297.1140856716083,-1297.1140856716083,0.0
2007-03-01,-1526.9966336893847,-1526.996633689385,-2.2737367544323206e-13
2007-03-02,-1946.1688399632694,-1946.1688399632694,0.0
2007-03-05,-1909.4618765731575,-1909.4618765731575,0.0
2007-03-06,-1603.6655926131643,-1603.6655926131643,0.0
2007-03-07,-865.6863683754345,-865.6863683754345,0.0
2007-03-08,-556.6092808591202,-556.6092808591202,0.0
2007-03-09,-273.31112907174975,-273.31112907174975,0.0
2007-03-12,-778.4528094580164,-778.4528094580164,0.0
2007-03-13,-740.2219388036755,-740.2219388036756,-1.1368683772161603e-13
2007-03-14,-940.0933948572492,-940.0933948572492,0.0
2007-03-15,-874.0068680717376,-874.0068680717377,-1.1368683772161603e-13
2007-03-16,-705.1764320133952,-705.1764320133952,0.0
2007-03-19,-1321.44379728497,-1321.44379728497,0.0
2007-03-20,-389.63721550710034,-389.63721550710034,0.0
2007-03-21,-4059.9523557426874,-4059.9523557426874,0.0
2007-03-22,-3309.428677463089,-3309.428677463089,0.0
2007-03-23,-4136.566866079811,-4136.566866079811,0.0
2007-03-26,-5605.111631659558,-5605.111631659558,0.0
2007-03-27,-4174.09842266771,-4174.09842266771,0.0
2007-03-28,-6454.636898499099,-6454.636898499099,0.0
2007-03-29,-7390.711284499033,-7390.711284499033,0.0
2007-03-30,-6537.480126094306,-6537.480126094306,0.0
2007-04-02,-6937.2321908464655,-6937.2321908464655,0.0
2007-04-03,-3950.8714358662255,-3950.8714358662255,0.0
2007-04-04,-2296.509930138127,-2296.509930138127,0.0
2007-04-05,-2963.4871661242796,-2963.4871661242796,0.0
2007-04-09,-3755.1036765148165,-3755.1036765148165,0.0
2007-04-10,-4208.090112341801,-4208.090112341801,0.0
2007-04-11,-2787.3405179298716,-2787.3405179298716,0.0
2007-04-12,-2149.6295931945783,-2149.629593194579,-4.547473508864641e-13
2007-04-13,-635.2386000003899,-635.2386000003899,0.0
2007-04-16,-2012.4296074348968,-2012.4296074348968,0.0
2007-04-17,-851.585757301888,-851.5857573018875,4.547473508864641e-13
2007-04-18,657.2156916890526,657.2156916890526,0.0
2007-04-19,1461.9750500376103,1461.9750500376103,0.0
2007-04-20,1955.981535170693,1955.981535170693,0.0
2007-04-23,80.12756417761557,80.12756417761557,0.0
2007-04-24,1573.5614884733232,1573.5614884733222,-9.094947017729282e-13
2007-04-25,2368.2341070345137,2368.2341070345137,0.0
2007-04-26,2629.5955137653505,2629.595513765351,4.547473508864641e-13
2007-04-27,3333.582725826185,3333.582725826185,0.0
2007-04-30,2082.4046275076685,2082.404627507669,4.547473508864641e-13
2007-05-01,2801.4025334772887,2801.4025334772887,0.0
2007-05-02,2509.7049263567897,2509.7049263567897,0.0
2007-05-03,2366.939275719924,2366.939275719924,0.0
2007-05-04,3138.101092453231,3138.101092453231,0.0
2007-05-07,1771.033171147923,1771.033171147923,0.0
2007-05-08,1617.8945881680115,1617.894588168012,4.547473508864641e-13
2007-05-09,2061.719363214099,2061.719363214099,0.0
2007-05-10,3503.8666918483796,3503.8666918483796,0.0
2007-05-11,4657.441264512599,4657.441264512599,0.0
2007-05-14,4104.565553457825,4104.565553457825,0.0
2007-05-15,4999.820503371768,4999.820503371768,0.0
2007-05-16,6133.300645147334,6133.300645147334,0.0
2007-05-17,6871.911281543551,6871.911281543551,0.0
2007-05-18,10394.738333156332,10394.738333156332,0.0
2007-05-21,9193.459529701388,9193.459529701388,0.0
2007-05-22,9477.147160445224,9477.147160445224,0.0
2007-05-23,9170.211840628646,9170.211840628646,0.0
2007-05-24,9240.75978190964,9240.75978190964,0.0
2007-05-25,9429.268765114248,9429.268765114248,0.0
2007-05-29,8768.02246938285,8768.02246938285,0.0
2007-05-30,8843.57900372683,8843.57900372683,0.0
2007-05-31,9027.179502353189,9027.179502353189,0.0
2007-06-01,8900.761197075364,8900.761197075364,0.0
2007-06-04,9459.266811743495,9459.266811743495,0.0
2007-06-05,8803.62939341634,8803.62939341634,0.0
2007-06-06,6973.405339973513,6973.405339973513,0.0
2007-06-07,2416.0322022992186,2416.0322022992186,0.0
2007-06-08,5869.186131939525,5869.186131939525,0.0
2007-06-11,6342.118325382122,6342.118325382122,0.0
2007-06-12,4232.638265655492,4232.638265655492,0.0
2007-06-13,6943.586580481845,6943.586580481846,9.094947017729282e-13
2007-06-14,7288.410109123215,7288.410109123215,0.0
2007-06-15,5305.436353761819,5305.436353761819,0.0
2007-06-18,5322.075824826723,5322.075824826723,0.0
2007-06-19,5460.399447303847,5460.399447303847,0.0
2007-06-20,3596.587486356264,3596.587486356264,0.0
2007-06-21,3882.9774891235866,3882.9774891235866,0.0
2007-06-22,1112.4743179678935,1112.4743179678917,-1.8189894035458565e-12
2007-06-25,1811.1733496858506,1811.1733496858506,0.0
2007-06-26,3501.6149858805584,3501.6149858805584,0.0
2007-06-27,5213.389088994125,5213.389088994125,0.0
2007-06-28,5264.662918605957,5264.662918605958,9.094947017729282e-13
2007-06-29,3229.766522049322,3229.766522049322,0.0
2007-07-02,7260.007792556891,7260.007792556891,0.0
2007-07-03,8362.768160761101,8362.768160761101,0.0
2007-07-05,9073.066025455599,9073.066025455599,0.0
2007-07-06,9150.005356310867,9150.005356310867,0.0
2007-07-09,10337.878829089808,10337.878829089808,0.0
2007-07-10,5407.8813046657015,5407.8813046657015,0.0
2007-07-11,7603.562935096212,7603.562935096212,0.0
2007-07-12,11320.587262336048,11320.587262336048,0.0
2007-07-13,11996.054188774084,11996.054188774084,0.0
2007-07-16,12796.292607173324,12796.292607173324,0.0
2007-07-17,13105.661995205679,13105.661995205679,0.0
2007-07-18,12847.755066097248,12847.755066097248,0.0
2007-07-19,12168.52421287261,12168.52421287261,0.0
2007-07-20,11773.707523362245,11773.707523362245,0.0
2007-07-23,11037.955746004356,11037.955746004358,1.8189894035458565e-12
2007-07-24,8420.386909174267,8420.386909174267,0.0
2007-07-25,9246.4156773719,9246.4156773719,0.0
2007-07-26,2411.1538082880434,2411.1538082880434,0.0
2007-07-27,-4902.598140231101,-6313.65932924638,-1411.0611890152795
2007-07-30,-8684.851142665138,-8648.815903144074,36.035239521064796
2007-07-31,-9728.996515339477,-11329.36746934615,-1600.3709540066739
2007-08-01,-7153.646216433728,-6922.015656379401,231.63056005432736
2007-08-02,-7770.539221306215,-5900.2808993312065,1870.2583219750086
2007-08-03,-8677.315118476516,-10760.487424551742,-2083.1723060752265
2007-08-06,-1200.4467216955982,181.87184743804391,1382.318569133642
2007-08-07,-5527.230332645588,-6046.110996567062,-518.8806639214745
2007-08-08,-5736.768917425419,-6400.424202631926,-663.655285206507
2007-08-09,-5757.7700124352705,-6270.042797651375,-512.2727852161042
2007-08-10,-2863.8280280850595,-2303.5145113208564,560.3135167642031
2007-08-13,-4639.376051014637,-4950.589860398788,-311.2138093841513
2007-08-14,-7754.755178991007,-9921.134188520024,-2166.379009529017
2007-08-15,-6874.082420946448,-8846.451519971015,-1972.3690990245668
2007-08-16,-7842.679944030824,-10326.503001430654,-2483.82305739983
2007-08-17,-1229.888130095902,-609.7672896136064,620.1208404822955
2007-08-20,949.0584072835027,1569.1792477658018,620.1208404822992
2007-08-21,4333.716621994621,4953.83746247692,620.1208404822992
2007-08-22,4013.4631987435278,4633.584039225825,620.1208404822974
2007-08-23,2961.573342228776,3581.6941827110713,620.1208404822955
2007-08-24,1524.2384075904265,2144.359248072724,620.1208404822974
2007-08-27,3240.6957734043244,3860.816613886622,620.1208404822974
2007-08-28,1106.056692954151,1726.1775334364502,620.1208404822992
2007-08-29,4149.8078320266195,4769.928672508919,620.1208404822992
2007-08-30,4498.247845340053,5118.368685822352,620.1208404822992
2007-08-31,5567.468902738763,6187.589743221062,620.1208404822992
2007-09-04,9156.662479877934,9776.783320360235,620.120840482301
2007-09-05,10411.834280769806,11031.955121252104,620.1208404822974
2007-09-06,11110.291452134494,11730.412292616791,620.1208404822974
2007-09-07,12568.459179672882,13188.580020155176,620.1208404822937
2007-09-10,16004.390515061916,16624.511355544208,620.1208404822919
2007-09-11,16970.49471357139,17590.615554053686,620.1208404822974
2007-09-12,17822.155486890697,18442.276327372994,620.1208404822974
2007-09-13,17385.67987899459,18005.800719476887,620.1208404822974
2007-09-14,18717.25094989722,19337.37179037952,620.1208404822974
2007-09-17,24009.723720374517,24629.844560856814,620.1208404822974
2007-09-18,22922.664843956365,23542.785684438655,620.1208404822901
2007-09-19,21118.876023327466,21738.996863809763,620.1208404822974
2007-09-20,20682.08737125853,21302.208211740828,620.1208404822974
2007-09-21,18495.031423520064,19115.15226400236,620.1208404822974
2007-09-24,18236.672911996488,18856.793752478785,620.1208404822974
2007-09-25,19287.817854901543,19907.93869538384,620.1208404822974
2007-09-26,19704.636922933045,20324.757763415342,620.1208404822974
2007-09-27,19723.64056469442,20343.761405176716,620.1208404822974
2007-09-28,19254.673167695524,19874.79400817782,620.1208404822974
2007-10-01,18930.847213223577,19550.968053705874,620.1208404822974
2007-10-02,19279.344979240093,19899.46581972239,620.1208404822974
2007-10-03,19340.68034616369,19960.801186645986,620.1208404822974
2007-10-04,19441.727151610074,20061.84799209237,620.1208404822974
2007-10-05,18246.70902503666,18866.829865518957,620.1208404822974
2007-10-08,18110.374298537732,18730.49513902003,620.1208404822974
2007-10-09,18664.587223287206,19284.708063769503,620.1208404822974
2007-10-10,19387.10163218202,20007.222472664318,620.1208404822974
2007-10-11,18938.78118677193,19558.902027254226,620.1208404822974
2007-10-12,19029.745681850596,19649.866522332886,620.1208404822901
2007-10-15,18676.172722061747,19296.293562544044,620.1208404822974
2007-10-16,18691.233685062034,19311.35452554433,620.1208404822974
2007-10-17,19272.817570457584,19892.93841093988,620.1208404822974
2007-10-18,19615.60021830804,20235.72105879034,620.1208404822974
2007-10-19,14248.347886659554,14868.468727141852,620.1208404822974
2007-10-22,15596.156527194318,16216.277367676608,620.1208404822901
2007-10-23,16572.791354836314,17192.91219531861,620.1208404822974
2007-10-24,15821.301670289136,16441.42251077143,620.1208404822937
2007-10-25,14875.931558127635,15496.052398609929,620.1208404822937
2007-10-26,14711.926200037818,15332.04704052012,620.120840482301
2007-10-29,14729.958519333508,15350.079359815805,620.1208404822974
2007-10-30,13588.067372027323,14208.188212509616,620.1208404822937
2007-10-31,15759.24914673518,16379.369987217477,620.1208404822974
2007-11-01,10349.995754355798,10970.116594838095,620.1208404822974
2007-11-02,12417.621901015747,13037.742741498048,620.120840482301
2007-11-05,11406.892855979499,12027.0136964618,620.120840482301
2007-11-06,14860.546130332048,15480.666970814345,620.1208404822974
2007-11-07,6058.041013350128,6678.161853832426,620.1208404822974
2007-11-08,8838.624559728778,9458.745400211075,620.1208404822974
2007-11-09,5827.868278827984,6447.989119310281,620.1208404822974
2007-11-12,4929.030247489107,5549.151087971404,620.1208404822974
2007-11-13,13711.427420910106,14331.548261392396,620.1208404822901
2007-11-14,11455.187995999237,12075.308836481534,620.1208404822974
2007-11-15,10987.816678376523,11607.937518858816,620.1208404822937
2007-11-16,19280.053685477702,19900.17452596,620.1208404822974
2007-11-19,21111.5653221251,21731.686162607395,620.1208404822937
2007-11-20,20637.118265817408,21257.239106299705,620.1208404822974
2007-11-21,22402.33848149574,23022.459321978036,620.1208404822974
2007-11-23,21470.232903775293,22090.35374425759,620.1208404822974
2007-11-26,22072.066925610532,22692.18776609283,620.1208404822974
2007-11-27,24307.411341868225,24927.532182350522,620.1208404822974
2007-11-28,19812.533152165008,20432.653992647305,620.1208404822974
2007-11-29,20913.008920239285,21533.129760721582,620.1208404822974
2007-11-30,19049.057245437867,19669.178085920168,620.120840482301
2007-12-03,20812.86610453355,21432.986945015844,620.1208404822937
2007-12-04,21200.237584447255,21820.358424929553,620.1208404822974
2007-12-05,21306.24875576084,21926.369596243137,620.1208404822974
2007-12-06,21613.040000210167,22233.160840692464,620.1208404822974
2007-12-07,22104.56535972911,22724.686200211407,620.1208404822974
2007-12-10,21296.835611498915,21916.956451981212,620.1208404822974
2007-12-11,19896.900800345233,20517.02164082753,620.1208404822974
2007-12-12,22484.154102955246,23104.274943437544,620.1208404822974
2007-12-13,22744.168444760027,23364.289285242325,620.1208404822974
2007-12-14,22231.300054042134,22851.42089452443,620.1208404822974
2007-12-17,20738.626259777237,21358.747100259527,620.1208404822901
2007-12-18,21343.841851504054,21963.96269198635,620.1208404822974
2007-12-19,21271.036623958964,21891.15746444126,620.1208404822974
2007-12-20,20612.60163394781,21232.72247442999,620.1208404821809
2007-12-21,21506.12439470517,22126.245235187467,620.1208404822974
2007-12-24,19491.243125965935,20111.363966448233,620.1208404822974
2007-12-26,18679.990765436203,19300.1116059185,620.1208404822974
2007-12-27,18916.326392464573,19536.44723294687,620.1208404822974
2007-12-28,18444.2612654852,19064.382105967496,620.1208404822974
2007-12-31,17666.593586511328,18286.714426993625,620.1208404822974
2008-01-02,16838.42873364023,17458.54957412253,620.120840482301
2008-01-03,18258.835443991935,18878.956284474232,620.1208404822974
2008-01-04,16450.97548139235,17071.096321874647,620.1208404822974
2008-01-07,20029.262199740624,20649.38304022292,620.1208404822974
2008-01-08,17108.788850932502,17728.909691414796,620.1208404822937
2008-01-09,19899.099120147992,20519.219960630406,620.1208404824138
2008-01-10,20233.892843255075,20854.01368373749,620.1208404824138
2008-01-11,19557.162459899904,20177.283300382318,620.1208404824138
2008-01-14,20899.75909919897,21519.879939681385,620.1208404824138
2008-01-15,16791.117404669756,17411.23824515217,620.1208404824138
2008-01-16,20231.541104902048,20851.66194538446,620.1208404824138
2008-01-17,19072.685723568662,19692.806564051076,620.1208404824138
2008-01-18,29096.622340251575,29716.74318073399,620.1208404824138
2008-01-22,25385.404656201717,26005.52549668413,620.1208404824138
2008-01-23,27563.35651518661,28183.47735566902,620.1208404824101
2008-01-24,24212.535896830028,24832.65673731244,620.1208404824138
2008-01-25,24371.6588923448,24991.779732827214,620.1208404824138
2008-01-28,24933.784456488444,25553.905296970857,620.1208404824138
2008-01-29,25041.672363763675,25661.79320424609,620.1208404824138
2008-01-30,25029.32645628508,25649.447296767496,620.1208404824138
2008-01-31,30592.419503989047,31212.54034447146,620.1208404824138
2008-02-01,25234.59815841657,25854.718998898985,620.1208404824138
2008-02-04,27388.83827458229,28008.959115064703,620.1208404824138
2008-02-05,25585.492275149907,26205.613115632324,620.1208404824174
2008-02-06,25261.76606766647,25881.88690814888,620.1208404824101
2008-02-07,27413.46134732617,28033.582187808584,620.1208404824138
2008-02-08,28149.952184456983,28770.073024939396,620.1208404824138
2008-02-11,31265.756343500805,31885.87718398322,620.1208404824138
2008-02-12,31901.831797777908,32521.95263826032,620.1208404824138
2008-02-13,32358.904634627863,32979.02547511028,620.1208404824138
2008-02-14,33054.60933584522,33674.730176327634,620.1208404824138
2008-02-15,35348.683129211655,35968.80396969407,620.1208404824138
2008-02-19,34383.018063733005,35003.13890421542,620.1208404824138
2008-02-20,34484.210671471315,35104.33151195373,620.1208404824138
2008-02-21,33968.22147818911,34588.34231867152,620.1208404824138
2008-02-22,35056.523263152456,35676.64410363487,620.1208404824138
2008-02-25,34740.49506346334,35360.615903945756,620.1208404824138
2008-02-26,34928.2852203782,35548.40606086061,620.1208404824065
2008-02-27,35374.58995473874,35994.71079522115,620.1208404824138
2008-02-28,35504.86303527537,36124.98387575778,620.1208404824138
2008-02-29,32863.78443089919,33483.905271381605,620.1208404824138
2008-03-03,34459.08998425584,35079.21082473826,620.1208404824138
2008-03-04,35836.35230708157,36456.473147563986,620.1208404824138
2008-03-05,36408.20209995238,37028.322940434795,620.1208404824138
2008-03-06,34929.85087474575,35549.97171522817,620.1208404824138
2008-03-07,35697.62054351403,36317.74138399644,620.1208404824138
2008-03-10,34533.853339537745,35153.97418002016,620.1208404824138
2008-03-11,32564.317864915123,33184.43870539754,620.1208404824138
2008-03-12,34374.1534781669,34994.27431864932,620.1208404824138
2008-03-13,35338.2612052341,35958.38204571651,620.1208404824138
2008-03-14,29656.318807551637,30276.43964803405,620.1208404824138
2008-03-17,35652.32923284604,36272.45007332845,620.1208404824138
2008-03-18,36523.29229948274,37143.41313996515,620.1208404824138
2008-03-19,46447.045319052064,47067.16615953448,620.1208404824138
2008-03-20,50729.875817281776,51349.99665776419,620.1208404824138
2008-03-24,48411.72938551637,49031.85022599879,620.1208404824138
2008-03-25,48752.87664488447,49372.99748536688,620.1208404824138
2008-03-26,50336.82378044934,50956.944620931754,620.1208404824138
2008-03-27,53448.00015148544,54068.12099196785,620.1208404824138
2008-03-28,55201.52302553214,55821.64386601455,620.1208404824138
2008-03-31,56246.531621914124,56866.65246239654,620.1208404824138
2008-04-01,56752.899271305534,57373.02011178795,620.1208404824138
2008-04-02,56717.57790543628,57337.69874591869,620.1208404824138
2008-04-03,55356.19260181778,55976.31344230019,620.1208404824138
2008-04-04,54242.39298071643,54862.51382119884,620.1208404824065
2008-04-07,53070.99303187325,53691.113872355665,620.1208404824138
2008-04-08,53361.38027988642,53981.501120368834,620.1208404824138
2008-04-09,53909.72819452838,54529.84903501079,620.1208404824065
2008-04-10,53755.05109104351,54375.171931525925,620.1208404824138
2008-04-11,58700.13023157709,59320.2510720595,620.1208404824138
2008-04-14,58327.32788331923,58947.448723801645,620.1208404824138
2008-04-15,57795.53837103699,58415.65921151941,620.1208404824138
2008-04-16,56506.785845564096,57126.90668604651,620.1208404824138
2008-04-17,56922.47212284873,57542.592963331146,620.1208404824138
2008-04-18,53397.233246821444,54017.35408730386,620.1208404824138
2008-04-21,53467.22781855601,54087.34865903843,620.1208404824138
2008-04-22,53589.72418192518,54209.84502240759,620.1208404824138
2008-04-23,53596.77151441644,54216.89235489885,620.1208404824138
2008-04-24,53752.68864384189,54372.8094843243,620.1208404824138
2008-04-25,54004.96465465171,54625.08549513412,620.1208404824065
2008-04-28,54374.891380876186,54995.0122213586,620.1208404824138
2008-04-29,54439.43803689454,55059.558877376956,620.1208404824138
2008-04-30,54388.30698591075,55008.42782639316,620.1208404824138
2008-05-01,54693.0941635581,55313.21500404051,620.1208404824138
2008-05-02,54804.03458777687,55424.155428259284,620.1208404824138
2008-05-05,55265.424712862936,55885.54555334535,620.1208404824138
2008-05-06,55325.145356852445,55945.26619733486,620.1208404824138
2008-05-07,55361.96912966622,55982.089970148634,620.1208404824138
2008-05-08,55310.61300073436,55930.733841216774,620.1208404824138
2008-05-09,55238.48833669361,55858.609177176026,620.1208404824138
2008-05-12,55757.69026658172,56377.81110706413,620.1208404824138
2008-05-13,55804.978164380416,56425.09900486283,620.1208404824138
2008-05-14,55596.57311090117,56216.69395138358,620.1208404824138
2008-05-15,55446.7566461144,56066.877486596815,620.1208404824138
2008-05-16,55146.26306400995,55766.383904492366,620.1208404824138
2008-05-19,55220.158463231055,55840.27930371347,620.1208404824138
2008-05-20,55113.62384856958,55733.74468905199,620.1208404824138
2008-05-21,54790.27365081245,55410.394491294865,620.1208404824138
2008-05-22,55003.09586044552,55623.21670092794,620.1208404824138
2008-05-23,54886.31689462974,55506.43773511215,620.1208404824138
2008-05-27,55654.37084158487,56274.49168206728,620.1208404824138
2008-05-28,55930.180149324355,56550.30098980677,620.1208404824138
2008-05-29,56076.918450728874,56697.03929121129,620.1208404824138
2008-05-30,55996.219959140406,56616.34079962282,620.1208404824138
2008-06-02,56818.24033130077,57438.36117178318,620.1208404824138
2008-06-03,57161.83494563867,57781.95578612108,620.1208404824065
2008-06-04,57191.07190061431,57811.19274109672,620.1208404824065
2008-06-05,57198.52202630451,57818.64286678692,620.1208404824065
2008-06-06,57092.388505315874,57712.50934579829,620.1208404824138
2008-06-09,57074.623911302886,57694.7447517853,620.1208404824138
2008-06-10,57807.43834274926,58427.55918323167,620.1208404824138
2008-06-11,57267.11810443236,57887.238944914774,620.1208404824138
2008-06-12,57721.606944586616,58341.72778506903,620.1208404824138
2008-06-13,58297.983469211606,58918.10430969403,620.120840482421
2008-06-16,58982.61953911069,59602.7403795931,620.1208404824138
2008-06-17,58488.415995587246,59108.53683606966,620.1208404824138
2008-06-18,57876.51612768497,58496.63696816738,620.1208404824138
2008-06-19,57250.930050058756,57871.05089054117,620.1208404824138
2008-06-20,55674.36079003662,56294.48163051903,620.1208404824138
2008-06-23,55767.68451545283,56387.80535593524,620.1208404824138
2008-06-24,55860.93142804236,56481.05226852477,620.1208404824138
2008-06-25,55948.32702411607,56568.44786459848,620.1208404824065
2008-06-26,55808.72177674482,56428.84261722723,620.1208404824138
2008-06-27,55738.431622590986,56358.5524630734,620.1208404824138
2008-06-30,55745.06209355814,56365.18293404055,620.1208404824138
2008-07-01,55912.962222702685,56533.0830631851,620.1208404824138
2008-07-02,55658.88886879629,56279.009709278704,620.1208404824138
2008-07-03,55624.40512405592,56244.525964538334,620.1208404824138
2008-07-07,55442.62647045741,56062.74731093983,620.1208404824138
2008-07-08,56222.28815199458,56842.408992476994,620.1208404824138
2008-07-09,55650.55013560807,56270.67097609048,620.1208404824065
2008-07-10,56108.05939511361,56728.180235596024,620.1208404824138
2008-07-11,56479.51463314332,57099.635473625734,620.1208404824138
2008-07-14,55767.01457625639,56387.135416738805,620.1208404824138
2008-07-15,55722.80241270678,56342.92325318919,620.1208404824138
2008-07-16,57359.006000869325,57979.12684135174,620.1208404824138
2008-07-17,57119.19520004117,57739.31604052358,620.1208404824138
2008-07-18,57979.20498294255,58599.325823424966,620.1208404824138
2008-07-21,58257.99005396024,58878.11089444265,620.1208404824138
2008-07-22,57944.51217228198,58564.63301276439,620.1208404824065
2008-07-23,57530.55996651796,58150.680807000375,620.1208404824138
2008-07-24,58391.046159327496,59011.16699980991,620.1208404824138
2008-07-25,58635.85777643637,59255.97861691879,620.1208404824138
2008-07-28,58772.36846518982,59392.489305672236,620.1208404824138
2008-07-29,59283.01354474586,59903.13438522827,620.1208404824138
2008-07-30,59406.34095140663,60026.46179188904,620.1208404824138
2008-07-31,59502.422143534524,60122.54298401694,620.1208404824138
2008-08-01,59606.51354486018,60226.63438534259,620.1208404824138
2008-08-04,59745.78551308287,60365.90635356528,620.1208404824138
2008-08-05,58429.43543818197,59049.556278664386,620.1208404824138
2008-08-06,59091.35557627061,59711.47641675302,620.1208404824138
2008-08-07,59356.2982688949,59976.41910937731,620.1208404824138
2008-08-08,58286.88244924171,58907.00328972412,620.1208404824065
2008-08-11,58437.22348717984,59057.34432766226,620.1208404824138
2008-08-12,59401.564457408145,60021.685297890566,620.120840482421
2008-08-13,60288.97675916646,60909.09759964887,620.1208404824138
2008-08-14,60337.69578155188,60957.8166220343,620.1208404824138
2008-08-15,60492.69280848594,61112.81364896835,620.1208404824138
2008-08-18,60602.650661573396,61222.77150205581,620.1208404824138
2008-08-19,60328.365474707214,60948.48631518963,620.1208404824138
2008-08-20,60320.92602224183,60941.04686272424,620.1208404824065
2008-08-21,60396.7382284503,61016.85906893271,620.1208404824138
2008-08-22,60920.9896122606,61541.110452743014,620.1208404824138
2008-08-25,60943.128442710964,61563.24928319338,620.1208404824138
2008-08-26,61110.166318291565,61730.28715877398,620.1208404824138
2008-08-27,61288.876799600315,61908.99764008273,620.1208404824138
2008-08-28,61488.0474633798,62108.168303862214,620.1208404824138
2008-08-29,61897.153811314485,62517.274651796906,620.120840482421
2008-09-02,62052.70825766842,62672.82909815083,620.1208404824138
2008-09-03,61370.40869979211,61990.529540274525,620.1208404824138
2008-09-04,61062.245259447256,61682.36609992967,620.1208404824138
2008-09-05,60638.53473118495,61258.65557166736,620.1208404824138
2008-09-08,60290.701913525925,60910.822754008346,620.120840482421
2008-09-09,60301.07005214912,60921.19089263154,620.1208404824138
2008-09-10,60813.418847599765,61433.53968808218,620.1208404824138
2008-09-11,61338.52405483881,61958.644895321224,620.1208404824138
2008-09-12,62131.059497096925,62751.18033757934,620.1208404824138
2008-09-15,59365.55822804477,59985.679068527184,620.1208404824138
2008-09-16,58652.072968706256,59272.19380918867,620.1208404824138
2008-09-17,55683.59349736444,56157.424335716176,473.830838351736
2008-09-18,57294.641094609746,59040.452089161496,1745.81099455175
2008-09-19,58818.45573317516,61969.03144928848,3150.5757161133224
2008-09-22,57631.87313917547,60782.448855288676,3150.575716113206
2008-09-23,56768.941722486285,59919.51743859949,3150.575716113206
2008-09-24,58179.41139552649,61329.9871116397,3150.575716113206
2008-09-25,59869.28471254406,63019.860428657266,3150.575716113206
2008-09-26,60585.87906447332,63736.45478058653,3150.575716113206
2008-09-29,54015.40846200823,57366.32513682684,3350.9166748186108
2008-09-30,60030.394553919556,66748.22701402265,6717.832460103091
2008-10-01,59569.75080638821,66062.7140098256,6492.9632034373935
2008-10-02,57718.34219434578,62957.36524537043,5239.023051024647
2008-10-03,57653.63204916159,62741.71151396632,5088.07946480473
2008-10-06,58439.04325743986,63919.82832638372,5480.785068943864
2008-10-07,55106.543799766456,58921.07913987327,3814.5353401068132
2008-10-08,56218.58855314809,60589.14626994601,4370.557716797921
2008-10-09,51162.60148529033,53005.16566815926,1842.5641828689259
2008-10-10,53328.2411258854,56253.62512905151,2925.3840031661093
2008-10-13,53211.80534082814,56078.97145146562,2867.1661106374813
2008-10-14,56093.87111917185,60402.07011898118,4308.198999809334
2008-10-15,58055.10250676493,63343.917200370925,5288.814693605993
2008-10-16,56043.3231005345,60326.24809102528,4282.924990490777
2008-10-17,55219.115929218475,59089.937334051356,3870.821404832881
2008-10-20,57090.95889367559,60961.78029850847,3870.821404832881
2008-10-21,63346.96761948883,67217.78902432171,3870.821404832881
2008-10-22,57241.83817870321,61112.65958353609,3870.821404832881
2008-10-23,58210.12716670184,62080.94857153471,3870.8214048328737
2008-10-24,50851.559445864754,54722.380850697635,3870.821404832881
2008-10-27,55594.57257401827,59465.39397885115,3870.821404832881
2008-10-28,60431.2547567765,64302.07616160938,3870.821404832881
2008-10-29,56202.24704678159,60073.06845161447,3870.821404832881
2008-10-30,56273.822603909066,60144.64400874195,3870.821404832881
2008-10-31,64800.35615185904,68671.17755669192,3870.821404832881
2008-11-03,71633.33884733089,75504.16025216389,3870.8214048329974
2008-11-04,76537.01138008852,80407.8327849214,3870.821404832881
2008-11-05,74776.04899948032,78646.8704043132,3870.821404832881
2008-11-06,64371.33999426046,68242.16139909334,3870.821404832881
2008-11-07,74926.94995296688,78797.77135779976,3870.821404832881
2008-11-10,73685.28754006478,77556.10894489766,3870.821404832881
2008-11-11,71619.69678730692,75490.5181921398,3870.821404832881
2008-11-12,56952.769053183845,60823.590458016726,3870.821404832881
2008-11-13,76172.65808651829,80043.47949135117,3870.821404832881
2008-11-14,68591.29574742705,72462.11715226003,3870.821404832983
2008-11-17,64208.39084791276,68079.21225274564,3870.821404832881
2008-11-18,66773.07460507425,70643.89600990724,3870.8214048329974
2008-11-19,59055.38471365464,62926.20611848752,3870.821404832881
2008-11-20,30109.07889114658,24870.678828954115,-5238.400062192464
2008-11-21,48720.088653237326,59455.85973852861,10735.771085291286
2008-11-24,32044.530708631384,44305.86366002762,12261.332951396238
2008-11-25,32216.160927658784,41381.11741457542,9164.956486916635
2008-11-26,28340.063294886844,34916.04214739718,6575.978852510336
2008-11-28,23604.036798043293,26716.353331397637,3112.316533354344
2008-12-01,32700.261660415796,43562.82225111744,10862.560590701643
2008-12-02,33779.64840340149,44758.939826923655,10979.291423522169
2008-12-03,33610.54113227234,43618.16667504411,10007.62554277177
2008-12-04,31172.164968146593,39804.49585149239,8632.3308833458
2008-12-05,32370.315599870875,41408.798161422135,9038.48256155126
2008-12-08,32552.75279069692,40831.52460351598,8278.77181281906
2008-12-09,29956.114817568683,37563.96605216828,7607.851234599599
2008-12-10,31881.03241162526,41298.59642151976,9417.5640098945
2008-12-11,30300.17917183938,40005.58827301918,9705.409101179801
2008-12-12,29509.851249811596,39212.04312454583,9702.191874734235
2008-12-15,27508.709913568924,36429.286893994664,8920.57698042574
2008-12-16,32653.920889071887,45198.47891460813,12544.558025536244
2008-12-17,29332.419856174034,38570.67730073631,9238.257444562274
2008-12-18,24115.80711720791,28356.9148011636,4241.107683955688
2008-12-19,20364.930135858354,20397.980701981578,33.05056612322369
2008-12-22,19000.858076810604,19033.908642933937,33.05056612333283
2008-12-23,19510.336163370528,19543.386729493737,33.05056612320914
2008-12-24,19893.45280578616,19926.503371909377,33.05056612321641
2008-12-26,20336.13498749759,20369.18555362092,33.05056612332919
2008-12-29,18987.779994793003,19020.83056091622,33.05056612321641
2008-12-30,21642.987698594923,21676.038264718372,33.050566123449244
2008-12-31,22919.67545665917,22952.72602278262,33.050566123449244
2009-01-02,22389.58004880976,22422.630614933325,33.05056612356566
2009-01-05,21069.545464853058,21102.596030976507,33.050566123449244
2009-01-06,23458.56751094305,23491.61807706661,33.05056612356202
2009-01-07,20599.897290988243,20632.947857111576,33.05056612333283
2009-01-08,22585.074081943487,22618.124648067052,33.05056612356566
2009-01-09,21418.18379080505,21451.2343569285,33.050566123449244
2009-01-12,18373.305706277606,18406.356272401055,33.050566123449244
2009-01-13,19370.32396542828,19403.374531551846,33.05056612356566
2009-01-14,16111.035896084974,16144.086462208536,33.05056612356202
2009-01-15,24601.307952182717,24634.358518306282,33.05056612356566
2009-01-16,31022.27975321992,31055.33031934325,33.05056612333283
2009-01-20,31871.425423237262,31904.47598936071,33.050566123449244
2009-01-21,33553.24242364301,33586.292989766574,33.05056612356566
2009-01-22,33789.48089318443,33822.53145930788,33.050566123449244
2009-01-23,33821.19286763645,33854.2434337599,33.050566123449244
2009-01-26,35802.92703355686,35835.97759968031,33.050566123449244
2009-01-27,36692.22494163504,36725.27550775849,33.050566123449244
2009-01-28,35295.800582636846,35328.851148760295,33.050566123449244
2009-01-29,37604.522756320424,37637.57332244387,33.050566123449244
2009-01-30,37935.803438059986,37968.854004183435,33.050566123449244
2009-02-02,40481.86475563911,40514.91532176256,33.050566123449244
2009-02-03,40485.43304892164,40518.48361504509,33.050566123449244
2009-02-04,40724.07253399445,40757.1231001179,33.050566123449244
2009-02-05,40397.05613515363,40430.10670127708,33.050566123449244
2009-02-06,39822.561549712904,39855.61211583635,33.050566123449244
2009-02-09,43850.38904177025,43883.43960789393,33.050566123682074
2009-02-10,42219.841825585114,42252.89239170856,33.050566123449244
2009-02-11,44141.03705703886,44174.08762316231,33.050566123449244
2009-02-12,44507.36802980583,44540.41859592928,33.050566123449244
2009-02-13,43936.96829102095,43970.0188571444,33.050566123449244
2009-02-17,40491.77977670613,40524.83034282958,33.050566123449244
2009-02-18,40506.87471158593,40539.92527770938,33.050566123449244
2009-02-19,38559.678803956835,38592.729370080284,33.050566123449244
2009-02-20,37228.209665909875,37261.260232033324,33.050566123449244
2009-02-23,37408.02597143338,37441.07653755683,33.050566123449244
2009-02-24,35302.430169428,35335.48073555145,33.050566123449244
2009-02-25,34627.37140375469,34660.42196987814,33.050566123449244
2009-02-26,33038.67913335364,33071.729699477204,33.05056612356566
2009-02-27,36703.11338402447,36736.16395014792,33.050566123449244
2009-03-02,38134.40376366768,38167.45432979113,33.050566123449244
2009-03-03,38577.72289245436,38610.77345857781,33.050566123449244
2009-03-04,40226.45204507257,40259.50261119602,33.050566123449244
2009-03-05,39367.025933766505,39400.076499889954,33.050566123449244
2009-03-06,39471.41530684941,39504.465872972854,33.05056612344197
2009-03-09,41225.0226013076,41258.07316743105,33.050566123449244
2009-03-10,39960.4018054381,39993.45237156155,33.050566123449244
2009-03-11,39660.26467051986,39693.315236643306,33.050566123449244
2009-03-12,35672.04408808518,35705.09465420863,33.050566123449244
2009-03-13,36403.714835024904,36436.765401148354,33.050566123449244
2009-03-16,36765.6030225968,36798.65358872025,33.050566123449244
2009-03-17,36327.11708093249,36360.16764705593,33.05056612344197
2009-03-18,29462.23301743949,29059.35469377844,-402.87832366104703
2009-03-19,34772.47391537228,37269.14300212159,2496.669086749316
2009-03-20,38661.84628520278,43518.2185595046,4856.3722743018225
2009-03-23,38675.301138129784,43531.67341243161,4856.37227430183
2009-03-24,38809.42590770009,43665.79818200192,4856.37227430183
2009-03-25,38856.968092345865,43713.340366647695,4856.37227430183
2009-03-26,38884.17440282763,43740.54667712946,4856.37227430183
2009-03-27,38989.64646592224,43846.01874022407,4856.37227430183
2009-03-30,39175.928694603266,44032.300968905096,4856.37227430183
2009-03-31,39264.17568873777,44120.5479630396,4856.37227430183
2009-04-01,39307.657342554536,44164.029616856365,4856.37227430183
2009-04-02,39243.71937907743,44100.09165337926,4856.37227430183
2009-04-03,39158.18953527441,44014.56180957623,4856.3722743018225
2009-04-06,39316.164412476355,44172.536686778185,4856.37227430183
2009-04-07,39403.57536442974,44259.947638731566,4856.37227430183
2009-04-08,39527.86653537722,44384.23880967905,4856.37227430183
2009-04-09,39296.15792009607,44152.5301943979,4856.37227430183
2009-04-13,39768.32975752815,44624.70203182998,4856.37227430183
2009-04-14,40217.77432688838,45074.14660119021,4856.37227430183
2009-04-15,39718.29126861179,44574.66354291362,4856.37227430183
2009-04-16,39421.31611666363,44277.68839096546,4856.37227430183
2009-04-17,39833.56580295344,44689.93807725527,4856.37227430183
2009-04-20,39935.0250022111,44791.39727651293,4856.37227430183
2009-04-21,40299.21562969149,45155.58790399332,4856.37227430183
2009-04-22,40196.24787619361,45052.62015049544,4856.37227430183
2009-04-23,40523.56544921687,45379.9377235187,4856.37227430183
2009-04-24,40665.17859869264,45521.55087299447,4856.37227430183
2009-04-27,41092.10141704441,45948.47369134624,4856.37227430183
2009-04-28,41061.82984138117,45918.202115683,4856.37227430183
2009-04-29,41572.30285348743,46428.67512778926,4856.37227430183
2009-04-30,41469.91218251991,46326.28445682174,4856.37227430183
2009-05-01,41231.87340593827,46088.2456802401,4856.37227430183
2009-05-04,41828.41932047508,46684.79159477691,4856.37227430183
2009-05-05,42058.21580449538,46914.58807879721,4856.37227430183
2009-05-06,42173.823330400744,47030.195604702574,4856.37227430183
2009-05-07,42566.68422823958,47423.05650254141,4856.37227430183
2009-05-08,42712.50152782281,47568.87380212464,4856.37227430183
2009-05-11,43113.01841006894,47969.39068437077,4856.37227430183
2009-05-12,43337.26539854426,48193.63767284609,4856.37227430183
2009-05-13,43717.56327989488,48573.93555419671,4856.37227430183
2009-05-14,44697.01328366157,49553.3855579634,4856.37227430183
2009-05-15,45001.35213053809,49857.724404839915,4856.3722743018225
2009-05-18,45106.77434865944,49963.14662296127,4856.37227430183
2009-05-19,45185.14718853752,50041.51946283935,4856.37227430183
2009-05-20,45323.49124223995,50179.86351654178,4856.37227430183
2009-05-21,45398.930111281574,50255.3023855834,4856.37227430183
2009-05-22,45521.935173230944,50378.307447532774,4856.37227430183
2009-05-26,45783.42686326336,50639.79913756519,4856.37227430183
2009-05-27,46079.5558602016,50935.928134503425,4856.3722743018225
2009-05-28,45936.41775416187,50792.7900284637,4856.37227430183
2009-05-29,46086.882444836665,50943.254719138495,4856.37227430183
2009-06-01,45464.446533032926,50320.818807334756,4856.37227430183
2009-06-02,46065.98809801717,50922.360372319,4856.37227430183
2009-06-03,45938.3892600399,50794.76153434173,4856.37227430183
2009-06-04,46180.99032472796,51037.36259902979,4856.37227430183
2009-06-05,46208.81871178956,51065.19098609139,4856.37227430183
2009-06-08,46835.510946568334,51691.883220870164,4856.37227430183
2009-06-09,47372.50320915668,52228.87548345851,4856.37227430183
2009-06-10,47072.1159770831,51928.48825138493,4856.37227430183
2009-06-11,46727.90568636195,51584.27796066378,4856.37227430183
2009-06-12,46316.60707165161,51172.97934595344,4856.37227430183
2009-06-15,47101.950582552,51958.32285685383,4856.37227430183
2009-06-16,46961.23855624837,51817.6108305502,4856.37227430183
2009-06-17,47140.00613305159,51996.37840735342,4856.37227430183
2009-06-18,46141.14754215093,50997.519816452754,4856.3722743018225
2009-06-19,46989.41285704193,51845.78513134376,4856.37227430183
2009-06-22,47040.61773093697,51896.9900052388,4856.37227430183
2009-06-23,47094.20203218609,51950.57430648792,4856.37227430183
2009-06-24,47138.67299885,51995.04527315183,4856.37227430183
2009-06-25,47196.84852046566,52053.22079476749,4856.37227430183
2009-06-26,47237.00952135376,52093.38179565559,4856.37227430183
2009-06-29,47189.821455865866,52046.193730167695,4856.37227430183
2009-06-30,46656.39281765744,51512.76509195927,4856.37227430183
2009-07-01,45326.47426805948,50182.84654236131,4856.37227430183
2009-07-02,45389.177456364036,50245.549730665865,4856.37227430183
2009-07-06,44790.458634083625,49646.830908385455,4856.37227430183
2009-07-07,44165.44804684562,49021.82032114745,4856.37227430183
2009-07-08,43977.61264549056,48833.98491979239,4856.37227430183
2009-07-09,42904.24134869524,47760.61362299707,4856.37227430183
2009-07-10,43580.020698975306,48436.392973277136,4856.37227430183
2009-07-13,44299.14642174565,49155.51869604748,4856.37227430183
2009-07-14,44201.48693311587,49057.8592074177,4856.37227430183
2009-07-15,44046.171017627465,48902.543291929294,4856.37227430183
2009-07-16,43621.076793022454,48477.44906732428,4856.37227430183
2009-07-17,43799.14479440288,48655.51706870471,4856.37227430183
2009-07-20,43939.580491381,48795.95276568283,4856.37227430183
2009-07-21,43900.89296994638,48757.26524424821,4856.37227430183
2009-07-22,44318.51472431817,49174.88699862,4856.37227430183
2009-07-23,43856.45068580378,48712.82296010561,4856.37227430183
2009-07-24,43695.21097670705,48551.58325100888,4856.37227430183
2009-07-27,44142.853567501064,48999.225841802894,4856.37227430183
2009-07-28,44744.842273594106,49601.21454789594,4856.372274301837
2009-07-29,44852.71700533829,49709.08927964012,4856.37227430183
2009-07-30,44817.85413275729,49674.22640705912,4856.37227430183
2009-07-31,44991.848416241584,49848.220690543414,4856.37227430183
2009-08-03,45770.67610853189,50627.04838283372,4856.37227430183
2009-08-04,45594.6590320454,50451.03130634723,4856.37227430183
2009-08-05,40997.77856830647,45854.1508426083,4856.37227430183
2009-08-06,39808.40408662358,44664.7763609254,4856.3722743018225
2009-08-07,37337.75186030078,41439.16829797381,4101.416437673033
2009-08-10,36393.280740728136,40101.31922294886,3708.038482220727
2009-08-11,39564.06036210316,45330.70037801273,5766.640015909565
2009-08-12,39079.69701842033,44202.30117880006,5122.604160379728
2009-08-13,39042.56816896028,43857.42577081837,4814.857601858093
2009-08-14,39325.04689196544,44570.327641542885,5245.280749577447
2009-08-17,39780.54328593309,45253.57223249448,5473.02894656139
2009-08-18,38893.66254662606,43923.2511235337,5029.588576907641
2009-08-19,38193.34663668857,42872.7772586277,4679.430621939129
2009-08-20,33652.60195559904,35567.466773941065,1914.8648183420228
2009-08-21,32934.67754246236,33382.950388124795,448.2728456624318
2009-08-24,31574.49936722463,32022.772212887066,448.27284566243543
2009-08-25,32208.869288411574,32657.142134074005,448.2728456624318
2009-08-26,31909.517082529954,32357.78992819239,448.27284566243543
2009-08-27,31845.038371727456,32293.311217389884,448.27284566242815
2009-08-28,31685.515576536418,32133.78842219885,448.2728456624318
2009-08-31,31138.616038501612,31586.888884164044,448.2728456624318
2009-09-01,28181.182982999948,28629.45582866238,448.2728456624318
2009-09-02,28705.763297260506,29154.036142922938,448.2728456624318
2009-09-03,30483.44916206086,30931.722007723292,448.2728456624318
2009-09-04,31414.424809634802,31862.697655297234,448.2728456624318
2009-09-08,30980.65996051964,31428.93280618207,448.2728456624318
2009-09-09,30446.261700940086,30894.534546602517,448.2728456624318
2009-09-10,30321.859089988284,30770.131935650716,448.2728456624318
2009-09-11,29861.90114462131,30310.173990283743,448.2728456624318
2009-09-14,28456.773712977534,28905.046558639966,448.2728456624318
2009-09-15,29047.949804841308,29496.22265050374,448.2728456624318
2009-09-16,29989.458331012167,30437.7311766746,448.2728456624318
2009-09-17,29866.193447061698,30314.46629272413,448.2728456624318
2009-09-18,29143.583642226295,29591.856487888726,448.2728456624318
2009-09-21,29143.583642226295,29591.856487888726,448.2728456624318
2009-09-22,29143.583642226295,29591.856487888726,448.2728456624318
2009-09-23,29143.583642226295,29591.856487888726,448.2728456624318
2009-09-24,29143.583642226295,29591.856487888726,448.2728456624318
2009-09-25,29143.583642226295,29591.856487888726,448.2728456624318
2009-09-28,29143.583642226295,29591.856487888726,448.2728456624318
2009-09-29,29143.583642226295,29591.856487888726,448.2728456624318
2009-09-30,29143.583642226295,29591.856487888726,448.2728456624318
2009-10-01,29143.583642226295,29591.856487888726,448.2728456624318
2009-10-02,29143.583642226295,29591.856487888726,448.2728456624318
2009-10-05,29143.583642226295,29591.856487888726,448.2728456624318
2009-10-06,29143.583642226295,29591.856487888726,448.2728456624318
2009-10-07,29143.583642226295,29591.856487888726,448.2728456624318
2009-10-08,29143.583642226295,29591.856487888726,448.2728456624318
2009-10-09,29143.583642226295,29591.856487888726,448.2728456624318
2009-10-12,29143.583642226295,29591.856487888726,448.2728456624318
2009-10-13,29143.583642226295,29591.856487888726,448.2728456624318
2009-10-14,29143.583642226295,29591.856487888726,448.2728456624318
2009-10-15,29143.583642226295,29591.856487888726,448.2728456624318
2009-10-16,29143.583642226295,29591.856487888726,448.2728456624318
2009-10-19,29266.76667574956,29715.03952141211,448.2728456625482
2009-10-20,29475.48695472523,29923.759800387663,448.2728456624318
2009-10-21,29633.86004303617,30082.132888698834,448.2728456626646
2009-10-22,29425.00406692992,29873.276912592468,448.2728456625482
2009-10-23,29782.17316004506,30230.446005707723,448.2728456626646
2009-10-26,30059.699243657058,30507.972089319606,448.2728456625482
2009-10-27,30104.94767512777,30553.220520790317,448.2728456625482
2009-10-28,29683.19428743422,30131.46713309677,448.2728456625482
2009-10-29,30406.5747182786,30854.847563941148,448.2728456625482
2009-10-30,29675.295745299663,30123.56859096221,448.2728456625482
2009-11-02,29583.22889422474,30031.50173988717,448.2728456624318
2009-11-03,29471.263473550323,29919.53631921287,448.2728456625482
2009-11-04,29530.712251093006,29978.985096755554,448.2728456625482
2009-11-05,29405.6415440524,29853.914389714948,448.2728456625482
2009-11-06,29756.249088976998,30204.521934639546,448.2728456625482
2009-11-09,30367.763310010312,30816.03615567286,448.2728456625482
2009-11-10,30522.67488806625,30970.947733728797,448.2728456625482
2009-11-11,30525.406850265805,30973.679695928353,448.2728456625482
2009-11-12,30741.9858919573,31190.25873761985,448.2728456625482
2009-11-13,30827.792269587517,31276.065115250065,448.2728456625482
2009-11-16,31406.859742522473,31855.13258818502,448.2728456625482
2009-11-17,31926.024380314164,32374.297225976712,448.2728456625482
2009-11-18,32427.196758781793,32875.46960444434,448.2728456625482
2009-11-19,32851.04240362812,33299.31524929067,448.2728456625482
2009-11-20,33011.44603941217,33459.71888507472,448.2728456625482
2009-11-23,31047.82777035167,31496.100616014213,448.27284566254457
2009-11-24,32139.29096938041,32587.56381504296,448.2728456625482
2009-11-25,31568.18888911407,32016.461734776618,448.2728456625482
2009-11-27,31113.96589611203,31562.238741774578,448.2728456625482
2009-11-30,30137.826106690918,30586.098952353466,448.2728456625482
2009-12-01,31022.184045215603,31470.45689087815,448.2728456625482
2009-12-02,31263.769197466547,31712.0420431291,448.27284566255184
2009-12-03,32043.397735487553,32491.6705811501,448.2728456625482
2009-12-04,31964.700743767666,32412.973589430214,448.2728456625482
2009-12-07,31329.989187995783,31778.262033658335,448.27284566255184
2009-12-08,30724.038179019815,31172.311024682363,448.2728456625482
2009-12-09,31262.85761949001,31711.130465152557,448.2728456625482
2009-12-10,31200.187443726343,31648.460289388895,448.27284566255184
2009-12-11,30669.57701906352,31117.84986472607,448.27284566255184
2009-12-14,29608.765761872986,30057.038607535535,448.2728456625482
2009-12-15,30550.903861660045,30999.176707322593,448.2728456625482
2009-12-16,30600.48091803689,31048.75376369944,448.2728456625482
2009-12-17,31289.608324800734,31737.881170463283,448.2728456625482
2009-12-18,33665.497866821126,34113.770712483674,448.2728456625482
2009-12-21,33717.60292629001,34165.87577195256,448.2728456625482
2009-12-22,33760.24420998746,34208.51705565001,448.2728456625482
2009-12-23,33787.913245498086,34236.186091160635,448.2728456625482
2009-12-24,33821.41146175109,34269.68430741364,448.2728456625482
2009-12-28,33950.46059176687,34398.733437429415,448.2728456625482
2009-12-29,33987.61266133178,34435.885506994324,448.27284566254093
2009-12-30,34022.6021252746,34470.87497093715,448.2728456625482
2009-12-31,34053.21487176919,34501.48771743174,448.2728456625482
2010-01-04,34228.58735015162,34676.860195814166,448.2728456625482
2010-01-05,34218.9857400622,34667.25858572475,448.2728456625482
2010-01-06,34159.88685274834,34608.15969841089,448.2728456625482
2010-01-07,34203.319986266666,34651.592831929214,448.2728456625482
2010-01-08,34332.7084847322,34780.981330394745,448.2728456625482
2010-01-11,34447.14569291903,34895.41853858158,448.2728456625482
2010-01-12,34635.95973591611,35084.23258157866,448.2728456625482
2010-01-13,34774.08963133826,35222.3624770008,448.27284566254093
2010-01-14,34875.81862553663,35324.09147119918,448.2728456625482
2010-01-15,35169.71739590529,35617.99024156784,448.2728456625482
2010-01-19,35296.093393299845,35744.36623896239,448.2728456625482
2010-01-20,35571.982398890075,36020.25524455262,448.2728456625482
2010-01-21,35419.811262273346,35868.084107935894,448.2728456625482
2010-01-22,34741.75930546702,35190.03215112956,448.27284566254093
2010-01-25,35675.95195417304,36124.22479983559,448.2728456625482
2010-01-26,35936.16348151455,36384.4363271771,448.2728456625482
2010-01-27,35469.51926633797,35917.79211200052,448.2728456625482
2010-01-28,35295.861804968794,35744.13465063134,448.2728456625482
2010-01-29,35059.58141398069,35507.85425964324,448.2728456625482
2010-02-01,35437.84631415561,35886.11915981816,448.2728456625482
2010-02-02,35261.24066181097,35709.513507473515,448.2728456625482
2010-02-03,35420.89404516935,35869.1668908319,448.2728456625482
2010-02-04,35610.5387891751,36058.81163483765,448.2728456625482
2010-02-05,34946.36847642821,35394.641322090756,448.2728456625482
2010-02-08,35308.79826194432,35757.07110760687,448.2728456625482
2010-02-09,35160.67927443946,35608.95212010201,448.2728456625482
2010-02-10,35219.63736399391,35667.91020965646,448.2728456625482
2010-02-11,35138.03171195148,35586.30455761403,448.2728456625482
2010-02-12,34916.101647639756,35364.37449330231,448.2728456625555
2010-02-16,35649.80324964679,36098.07609530934,448.2728456625482
2010-02-17,35653.67192585429,36101.944771516835,448.2728456625482
2010-02-18,35728.46892418794,36176.74176985049,448.2728456625482
2010-02-19,36070.43922509963,36518.71207076218,448.2728456625482
2010-02-22,35309.81669453904,35758.08954020159,448.2728456625482
2010-02-23,35414.65907648101,35862.93192214356,448.2728456625482
2010-02-24,35694.694222993916,36142.967068656464,448.2728456625482
2010-02-25,37174.652654260164,37622.92549992271,448.2728456625482
2010-02-26,37305.78969982022,37754.06254548277,448.2728456625482
2010-03-01,36644.270766769994,37092.54361243255,448.2728456625555
2010-03-02,36580.49436102796,37028.76720669051,448.2728456625482
2010-03-03,36743.69836014556,37191.971205808106,448.2728456625482
2010-03-04,36995.76973406226,37444.0425797248,448.27284566254093
2010-03-05,35465.2755975239,35913.548443186446,448.2728456625482
2010-03-08,35514.64585289627,35962.91869855882,448.2728456625482
2010-03-09,35626.59855863161,36074.87140429416,448.2728456625482
2010-03-10,35727.236097686575,36175.50894334912,448.2728456625482
2010-03-11,35678.308014813694,36126.58086047624,448.2728456625482
2010-03-12,35419.100099521806,35867.372945184354,448.2728456625482
2010-03-15,34992.575302360936,35440.84814802348,448.27284566254093
2010-03-16,35792.16619930196,36240.4390449645,448.27284566254093
2010-03-17,36139.460287535796,36587.733133198344,448.2728456625482
2010-03-18,36573.93389326485,37022.206738927285,448.2728456624318
2010-03-19,37390.71827489219,37838.99112055474,448.2728456625482
2010-03-22,37390.71827489219,37838.99112055474,448.2728456625482
2010-03-23,37390.71827489219,37838.99112055474,448.2728456625482
2010-03-24,37390.71827489219,37838.99112055474,448.2728456625482
2010-03-25,37390.71827489219,37838.99112055474,448.2728456625482
2010-03-26,37390.71827489219,37838.99112055474,448.2728456625482
2010-03-29,37390.71827489219,37838.99112055474,448.2728456625482
2010-03-30,37390.71827489219,37838.99112055474,448.2728456625482
2010-03-31,37390.71827489219,37838.99112055474,448.2728456625482
2010-04-01,37390.71827489219,37838.99112055474,448.2728456625482
2010-04-05,37390.71827489219,37838.99112055474,448.2728456625482
2010-04-06,37390.71827489219,37838.99112055474,448.2728456625482
2010-04-07,37390.71827489219,37838.99112055474,448.2728456625482
2010-04-08,37390.71827489219,37838.99112055474,448.2728456625482
2010-04-09,37390.71827489219,37838.99112055474,448.2728456625482
2010-04-12,37390.71827489219,37838.99112055474,448.2728456625482
2010-04-13,37390.71827489219,37838.99112055474,448.2728456625482
2010-04-14,37390.71827489219,37838.99112055474,448.2728456625482
2010-04-15,37390.71827489219,37838.99112055474,448.2728456625482
2010-04-16,37390.71827489219,37838.99112055474,448.2728456625482
2010-04-19,37410.27045747044,37858.54330313299,448.2728456625482
2010-04-20,37323.46130080393,37771.73414646648,448.2728456625482
2010-04-21,37548.16132892936,37996.43417459191,448.2728456625482
2010-04-22,37707.64500657318,38155.917852235725,448.2728456625482
2010-04-23,37687.15447228344,38135.427317945985,448.2728456625482
2010-04-26,38184.71796508983,38632.99081075238,448.2728456625482
2010-04-27,37790.857441004715,38239.13028666726,448.2728456625482
2010-04-28,38023.44605183776,38471.71889750031,448.2728456625482
2010-04-29,38414.31939208263,38862.59223774518,448.2728456625482
2010-04-30,38289.14145429793,38737.41429996048,448.2728456625482
2010-05-03,38628.67175017961,39076.94459584216,448.2728456625482
2010-05-04,38823.13417239289,39271.40701805544,448.2728456625482
2010-05-05,38704.40434243751,39152.67718810006,448.2728456625482
2010-05-06,37758.341732210596,38206.614577873144,448.2728456625482
2010-05-07,37242.31257552293,37690.585421185475,448.2728456625482
2010-05-10,36740.48015175305,37188.752997415606,448.2728456625555
2010-05-11,36968.89519678488,37417.16804244742,448.27284566254093
2010-05-12,36157.95076068316,36606.22360634571,448.2728456625482
2010-05-13,37008.68534386449,37456.95818952704,448.2728456625482
2010-05-14,37498.70315724972,37946.97600291227,448.2728456625482
2010-05-17,37552.34055990807,38000.61340557062,448.2728456625482
2010-05-18,37602.10199262912,38050.37483829167,448.2728456625482
2010-05-19,38087.597457989235,38535.87030365178,448.2728456625482
2010-05-20,36349.51195084897,36797.78479651152,448.2728456625482
2010-05-21,36512.19698421785,36960.4698298804,448.2728456625482
2010-05-24,39893.0179213885,40341.29076705105,448.2728456625482
2010-05-25,42188.63695228123,42636.90979794378,448.2728456625482
2010-05-26,42852.17610958929,43300.44895525172,448.2728456624318
2010-05-27,41166.34231933835,41614.6151650009,448.2728456625482
2010-05-28,41097.321182110114,41545.59402777266,448.2728456625482
2010-06-01,39670.90518768295,40119.178033345495,448.2728456625482
2010-06-02,41041.07491719304,41489.347762855585,448.2728456625482
2010-06-03,41026.023548205616,41474.296393868164,448.2728456625482
2010-06-04,40759.5207610901,41207.793606752646,448.2728456625482
2010-06-07,41521.15754600009,41969.43039166264,448.2728456625482
2010-06-08,42291.10358632484,42739.376431987504,448.2728456626646
2010-06-09,42669.8691336537,43118.14197931625,448.2728456625482
2010-06-10,39837.94271544053,40286.215561103076,448.2728456625482
2010-06-11,39978.056334770285,40426.32918043283,448.2728456625482
2010-06-14,37439.427505508414,37887.70035117096,448.2728456625482
2010-06-15,37002.55591163831,37450.82875730086,448.2728456625482
2010-06-16,37152.7175837456,37600.99042940815,448.2728456625482
2010-06-17,37494.74424731033,37943.01709297288,448.2728456625482
2010-06-18,37215.33971444424,37663.61256010679,448.2728456625482
2010-06-21,35511.46764061961,35959.74048628216,448.2728456625482
2010-06-22,34451.97321631736,34900.24606197991,448.2728456625482
2010-06-23,35733.915450337925,36182.18829600047,448.2728456625482
2010-06-24,33410.599998200196,33858.872843862744,448.2728456625482
2010-06-25,37287.987092995434,37736.25993865798,448.2728456625482
2010-06-28,38303.596960244,38751.86980590655,448.2728456625482
2010-06-29,34526.85946946137,34975.13231512392,448.2728456625482
2010-06-30,34048.70361802669,34496.976463689236,448.2728456625482
2010-07-01,36089.49434123072,36537.76718689327,448.2728456625482
2010-07-02,36573.78865060606,37022.06149626861,448.2728456625482
2010-07-06,34418.26005177421,34866.53289743676,448.2728456625482
2010-07-07,35232.09421937901,35680.36706504144,448.2728456624318
2010-07-08,36009.58248504368,36457.85533070611,448.2728456624318
2010-07-09,36497.99610730598,36946.268952968414,448.2728456624318
2010-07-12,35900.34882891993,36348.62167458236,448.2728456624318
2010-07-13,35553.934755272814,36002.207600935246,448.2728456624318
2010-07-14,36524.966728850384,36973.239574512816,448.2728456624318
2010-07-15,37103.78585208545,37552.05869774788,448.2728456624318
2010-07-16,44897.40575629438,45345.67860195681,448.2728456624318
2010-07-19,44415.651967605576,44863.92481326801,448.2728456624318
2010-07-20,45941.14930360742,46389.42214926984,448.2728456624245
2010-07-21,45250.0720988604,45698.34494452283,448.2728456624318
2010-07-22,44891.09810184257,45339.370947505,448.2728456624318
2010-07-23,45662.94320846291,46111.21605412534,448.2728456624318
2010-07-26,45888.162808048546,46336.43565371097,448.2728456624245
2010-07-27,46514.76402654883,46963.03687221126,448.2728456624318
2010-07-28,45750.608796921566,46198.88164258399,448.2728456624245
2010-07-29,46412.9375924886,46861.21043815103,448.2728456624318
2010-07-30,46687.040763840894,47135.313609503326,448.2728456624318
2010-08-02,48169.50489521016,48617.77774087258,448.2728456624245
2010-08-03,48155.48347966955,48603.75632533198,448.2728456624318
2010-08-04,47973.74737648282,48422.02022214525,448.2728456624318
2010-08-05,48417.09324716858,48865.36609283101,448.2728456624318
2010-08-06,48205.08725477476,48653.36010043719,448.2728456624318
2010-08-09,48596.74674081954,49045.01958648197,448.2728456624318
2010-08-10,49014.59567502141,49462.86852068384,448.2728456624318
2010-08-11,48699.631193382316,49147.90403904475,448.2728456624318
2010-08-12,49432.61490060866,49880.887746271095,448.2728456624318
2010-08-13,49833.836802535574,50282.109648198006,448.2728456624318
2010-08-16,50268.68516120908,50716.958006871515,448.2728456624318
2010-08-17,51600.8746926511,52049.147538313526,448.2728456624245
2010-08-18,52275.519076538156,52723.79192220059,448.2728456624318
2010-08-19,50681.619716673624,51129.892562336056,448.2728456624318
2010-08-20,50886.987561482354,51335.260407144786,448.2728456624318
2010-08-23,50955.472966410685,51403.74581207312,448.2728456624318
2010-08-24,51565.4927178151,52013.76556347753,448.2728456624318
2010-08-25,52588.20733275416,53036.48017841659,448.2728456624318
2010-08-26,53987.53677665687,54435.8096223193,448.2728456624318
2010-08-27,54420.81339830498,54869.08624396741,448.2728456624318
2010-08-30,53351.781128512,53800.05397417443,448.2728456624318
2010-08-31,54117.02962209936,54565.302467761794,448.2728456624318
2010-09-01,53796.59945664578,54244.87230230821,448.2728456624318
2010-09-02,52596.58532758418,53044.85817324661,448.2728456624318
2010-09-03,52336.10557259247,52784.3784182549,448.2728456624318
2010-09-07,52244.80770397233,52693.08054963476,448.2728456624318
2010-09-08,51951.254610646865,52399.5274563093,448.2728456624318
2010-09-09,51996.883883988485,52445.15672965092,448.2728456624318
2010-09-10,51878.94339056162,52327.21623622405,448.2728456624318
2010-09-13,51797.16605005751,52245.43889571994,448.2728456624318
2010-09-14,51394.40489506174,51842.677740724175,448.2728456624318
2010-09-15,51076.560766484705,51524.83361214714,448.2728456624318
2010-09-16,51601.191569262766,52049.4644149252,448.2728456624318
2010-09-17,52056.38179881335,52504.654644475784,448.2728456624318
2010-09-20,51445.041760112625,51893.31460577506,448.2728456624318
2010-09-21,50950.48961187748,51398.76245753991,448.2728456624318
2010-09-22,51468.8423145907,51917.11516025313,448.2728456624318
2010-09-23,51902.10984056955,52350.382686231984,448.2728456624318
2010-09-24,52011.039379831636,52459.31222549407,448.2728456624318
2010-09-27,51011.59727112402,51459.87011678645,448.2728456624318
2010-09-28,51869.06649244984,52317.33933811227,448.2728456624318
2010-09-29,51695.71252048458,52143.98536614701,448.2728456624318
2010-09-30,51646.97866491845,52095.251510580885,448.2728456624318
2010-10-01,52284.57596642,52732.84881208243,448.2728456624318
2010-10-04,51186.16930868593,51634.44215434836,448.2728456624318
2010-10-05,53567.268618085654,54015.541463748086,448.2728456624318
2010-10-06,53771.66678777512,54219.93963343755,448.2728456624318
2010-10-07,53219.11446100252,53667.387306664954,448.2728456624318
2010-10-08,54022.380403159535,54470.65324882197,448.2728456624318
2010-10-11,53286.22025206662,53734.49309772905,448.2728456624318
2010-10-12,53635.73059160006,54084.003437262494,448.2728456624318
2010-10-13,54310.91104284348,54759.18388850591,448.2728456624318
2010-10-14,53794.26575297711,54242.53859863954,448.2728456624318
2010-10-15,56814.2805558414,57262.55340150383,448.2728456624318
2010-10-18,56704.510281457915,57152.78312712035,448.2728456624318
2010-10-19,56834.19602703361,57282.468872696045,448.2728456624318
2010-10-20,56821.33298121521,57269.60582687764,448.2728456624318
2010-10-21,56875.29617181432,57323.56901747675,448.2728456624318
2010-10-22,56875.21384127822,57323.486686940654,448.2728456624318
2010-10-25,56921.30913627765,57369.58198194008,448.2728456624318
2010-10-26,56964.24035848805,57412.513204150484,448.2728456624318
2010-10-27,56852.39592444699,57300.66877010942,448.2728456624318
2010-10-28,56873.41697219282,57321.68981785525,448.2728456624318
2010-10-29,56882.37077749858,57330.64362316101,448.2728456624318
2010-11-01,57054.59862928081,57502.87147494324,448.2728456624318
2010-11-02,57132.89135011716,57581.164195779595,448.2728456624318
2010-11-03,57163.25191006728,57611.52475572971,448.2728456624318
2010-11-04,57044.8189808937,57493.091826556134,448.2728456624318
2010-11-05,56733.979730363586,57182.25257602602,448.2728456624318
2010-11-08,57032.386775072315,57480.65962073475,448.2728456624318
2010-11-09,57288.245845975005,57736.51869163744,448.2728456624318
2010-11-10,57346.56324803911,57794.83609370154,448.2728456624318
2010-11-11,57517.61997876351,57965.892824425944,448.2728456624318
2010-11-12,57397.03708388645,57845.30992954888,448.2728456624318
2010-11-15,57442.70106692368,57890.97391258611,448.2728456624318
2010-11-16,57459.331898700795,57907.60474436323,448.2728456624318
2010-11-17,57586.97463864635,58035.247484308784,448.2728456624318
2010-11-18,57538.95245536661,57987.225301029044,448.2728456624318
2010-11-19,57768.122500752215,58216.39534641465,448.2728456624318
2010-11-22,57776.9266116427,58225.199457305134,448.2728456624318
2010-11-23,57744.044440943166,58192.3172866056,448.2728456624318
2010-11-24,57801.86631681665,58250.139162479085,448.2728456624318
2010-11-26,57880.72466791036,58328.9975135728,448.27284566243907
2010-11-29,57971.93284607505,58420.20569173747,448.2728456624245
2010-11-30,58006.57549027692,58454.84833593934,448.2728456624245
2010-12-01,57995.59123310319,58443.86407876562,448.2728456624318
2010-12-02,57983.770636919304,58432.043482581736,448.2728456624318
2010-12-03,58005.22727322008,58453.50011888251,448.2728456624318
2010-12-06,58133.41087669961,58581.68372236204,448.2728456624318
2010-12-07,58177.80058151961,58626.07342718204,448.2728456624318
2010-12-08,58209.95293298329,58658.22577864572,448.2728456624318
2010-12-09,58272.5903902658,58720.863235928235,448.2728456624318
2010-12-10,58327.500356985605,58775.77320264804,448.2728456624318
2010-12-13,58479.9329208174,58928.205766479834,448.2728456624318
2010-12-14,58512.89756198053,58961.17040764296,448.2728456624318
2010-12-15,58546.29714042891,58994.569986091345,448.2728456624318
2010-12-16,58704.27167442709,59152.54452008952,448.2728456624318
2010-12-17,58711.32501469983,59159.597860362264,448.2728456624318
2010-12-20,58770.96636509395,59219.23921075638,448.2728456624318
2010-12-21,58792.815475219744,59241.088320882176,448.2728456624318
2010-12-22,58797.860518191825,59246.13336385426,448.2728456624318
2010-12-23,58830.09541629801,59278.36826196045,448.27284566243907
2010-12-27,59069.1604581658,59517.433303828235,448.2728456624318
2010-12-28,59076.494012519135,59524.76685818157,448.2728456624318
2010-12-29,59181.06589094538,59629.33873660781,448.2728456624318
2010-12-30,59206.953277194756,59655.22612285719,448.2728456624318
2010-12-31,59325.54972272797,59773.8225683904,448.2728456624318
2011-01-03,59461.674006445915,59909.94685210835,448.2728456624318
2011-01-04,59564.83311730286,60013.10596296529,448.2728456624318
2011-01-05,59835.88499017025,60284.15783583268,448.2728456624318
2011-01-06,59911.576060930616,60359.84890659305,448.2728456624318
2011-01-07,60003.30036032748,60451.5732059899,448.2728456624245
2011-01-10,60329.10593071452,60777.37877637695,448.2728456624318
2011-01-11,60153.24979733734,60601.52264299977,448.2728456624318
2011-01-12,60162.230286226724,60610.503131889156,448.2728456624318
2011-01-13,60288.892365349806,60737.16521101224,448.2728456624318
2011-01-14,60275.80759036227,60724.0804360247,448.2728456624318
2011-01-18,60457.781042145914,60906.053887808346,448.2728456624318
2011-01-19,60510.35156544682,60958.62441110925,448.2728456624318
2011-01-20,60434.51757514838,60882.79042081081,448.2728456624318
2011-01-21,60365.23719298106,60813.51003864349,448.2728456624318
2011-01-24,60424.31082102598,60872.58366668841,448.2728456624318
2011-01-25,60467.86884457909,60916.14169024152,448.2728456624318
2011-01-26,60435.77411517652,60884.046960838954,448.2728456624318
2011-01-27,60235.41353729775,60683.68638296018,448.2728456624318
2011-01-28,60520.574912684155,60968.84775834659,448.2728456624318
2011-01-31,60592.88791206537,61041.160757727805,448.2728456624318
2011-02-01,60449.19005946454,60897.46290512697,448.2728456624318
2011-02-02,60582.52309325326,61030.79593891569,448.2728456624318
2011-02-03,60405.978028162266,60854.2508738247,448.2728456624318
2011-02-04,60410.079245599336,60858.35209126177,448.2728456624318
2011-02-07,60609.586244803504,61057.859090465936,448.2728456624318
2011-02-08,60515.783696438535,60964.05654210097,448.2728456624318
2011-02-09,60612.266855968046,61060.53970163048,448.2728456624318
2011-02-10,60521.882416981854,60970.155262644286,448.2728456624318
2011-02-11,60567.619426438,61015.892272100435,448.2728456624318
2011-02-14,60492.68211286806,60940.95495853049,448.2728456624318
2011-02-15,60482.83222967818,60931.1050753406,448.2728456624245
2011-02-16,60632.25876024959,61080.53160591202,448.2728456624318
2011-02-17,60549.77429324214,60998.04713890457,448.2728456624318
2011-02-18,60512.83380271995,60961.10664838238,448.2728456624318
2011-02-22,60512.83380271995,60961.10664838238,448.2728456624318
2011-02-23,60512.83380271995,60961.10664838238,448.2728456624318
2011-02-24,60512.83380271995,60961.10664838238,448.2728456624318
2011-02-25,60512.83380271995,60961.10664838238,448.2728456624318
2011-02-28,60512.83380271995,60961.10664838238,448.2728456624318
2011-03-01,60512.83380271995,60961.10664838238,448.2728456624318
2011-03-02,60512.83380271995,60961.10664838238,448.2728456624318
2011-03-03,60512.83380271995,60961.10664838238,448.2728456624318
2011-03-04,60512.83380271995,60961.10664838238,448.2728456624318
2011-03-07,60512.83380271995,60961.10664838238,448.2728456624318
2011-03-08,60512.83380271995,60961.10664838238,448.2728456624318
2011-03-09,60512.83380271995,60961.10664838238,448.2728456624318
2011-03-10,60512.83380271995,60961.10664838238,448.2728456624318
2011-03-11,60512.83380271995,60961.10664838238,448.2728456624318
2011-03-14,60512.83380271995,60961.10664838238,448.2728456624318
2011-03-15,60512.83380271995,60961.10664838238,448.2728456624318
2011-03-16,60512.83380271995,60961.10664838238,448.2728456624318
2011-03-17,60512.83380271995,60961.10664838238,448.2728456624318
2011-03-18,60512.83380271995,60961.10664838238,448.2728456624318
2011-03-21,60518.02761228138,60966.30045794381,448.2728456624318
2011-03-22,60516.16644262092,60964.43928828335,448.2728456624318
2011-03-23,60553.73537810927,61002.0082237717,448.2728456624318
2011-03-24,60544.863951597246,60993.13679725968,448.2728456624318
2011-03-25,60401.24891508778,60849.52176075021,448.2728456624318
2011-03-28,60503.01650694024,60951.289352602675,448.2728456624318
2011-03-29,60599.50799445214,61047.780840114574,448.2728456624318
2011-03-30,60650.95372436789,61099.226570030325,448.2728456624318
2011-03-31,60646.85539904225,61095.12824470468,448.2728456624318
2011-04-01,60657.67006824294,61105.94291390537,448.2728456624318
2011-04-04,60661.5441933329,61109.81703899533,448.2728456624318
2011-04-05,60636.784738633665,61085.0575842961,448.2728456624318
2011-04-06,60492.077550528455,60940.35039619089,448.2728456624318
2011-04-07,60550.404554326204,60998.677399988635,448.2728456624318
2011-04-08,60393.04147700698,60841.31432266941,448.2728456624318
2011-04-11,60521.86659897108,60970.1394446335,448.2728456624245
2011-04-12,60442.76184917556,60891.03469483799,448.2728456624318
2011-04-13,60469.971839977545,60918.24468563998,448.2728456624318
2011-04-14,60347.512494468945,60795.78534013138,448.2728456624318
2011-04-15,60143.65850533673,60591.93135099916,448.2728456624318
2011-04-18,60272.57513709471,60720.84798275714,448.2728456624318
2011-04-19,60358.0772137997,60806.35005946213,448.2728456624318
2011-04-20,59935.759293857845,60384.03213952028,448.2728456624318
2011-04-21,59842.669350307086,60290.94219596952,448.2728456624318
2011-04-25,60069.88449131569,60518.157336978125,448.2728456624318
2011-04-26,59970.82259483368,60419.09544049611,448.2728456624318
2011-04-27,59923.335830843425,60371.60867650586,448.2728456624318
2011-04-28,59553.89000992582,60002.16285558825,448.2728456624318
2011-04-29,59451.19725638105,59899.47010204347,448.2728456624245
2011-05-02,59872.70424581773,60320.97709148016,448.2728456624318
2011-05-03,59625.18852172105,60073.46136738348,448.2728456624318
2011-05-04,59540.3927767746,59988.66562243702,448.2728456624245
2011-05-05,59278.50514766353,59726.77799332596,448.2728456624318
2011-05-06,59557.760729156085,60006.03357481852,448.2728456624318
2011-05-09,60257.3498914683,60705.62273713073,448.2728456624318
2011-05-10,60329.19340792147,60777.4662535839,448.2728456624318
2011-05-11,59778.28026823432,60226.55311389675,448.2728456624318
2011-05-12,59231.44746206666,59679.72030772909,448.2728456624318
2011-05-13,59286.742388703045,59735.01523436548,448.2728456624318
2011-05-16,59094.46418912744,59542.73703478987,448.2728456624318
2011-05-17,59323.9680155745,59772.24086123693,448.2728456624318
2011-05-18,59909.62037061842,60357.89321628085,448.2728456624318
2011-05-19,60070.845973028685,60519.11881869112,448.2728456624318
2011-05-20,59751.22501650883,60199.497862171265,448.2728456624318
2011-05-23,59767.9864981299,60216.259343792335,448.2728456624318
2011-05-24,59779.46544391115,60227.73828957358,448.2728456624318
2011-05-25,59782.8282810949,60231.101126757334,448.2728456624318
2011-05-26,59802.4633307053,60250.73617636773,448.2728456624318
2011-05-27,59811.796066234005,60260.06891189644,448.2728456624318
2011-05-31,59851.12945551623,60299.40230117866,448.2728456624318
2011-06-01,59910.59818684041,60358.87103250285,448.27284566243907
2011-06-02,59910.276672040694,60358.549517703126,448.2728456624318
2011-06-03,59882.40139549493,60330.674241157365,448.2728456624318
2011-06-06,59951.3709142526,60399.64375991502,448.2728456624245
2011-06-07,59972.79961461049,60421.07246027293,448.27284566243907
2011-06-08,60059.35284037923,60507.62568604166,448.2728456624318
2011-06-09,59994.806354235974,60443.079199898406,448.2728456624318
2011-06-10,60055.49734201783,60503.77018768026,448.2728456624318
2011-06-13,60133.54657670844,60581.81942237087,448.2728456624318
2011-06-14,60158.83665947418,60607.109505136614,448.2728456624318
2011-06-15,60221.44475194102,60669.71759760345,448.2728456624318
2011-06-16,60320.68836209655,60768.961207758985,448.2728456624318
2011-06-17,60451.1339905787,60899.406836241134,448.2728456624318
2011-06-20,60467.63312713697,60915.9059727994,448.2728456624318
2011-06-21,60477.67108713894,60925.94393280137,448.2728456624318
2011-06-22,60510.14238679723,60958.415232459665,448.2728456624318
2011-06-23,60291.94880320004,60740.22164886247,448.2728456624318
2011-06-24,60401.054929763195,60849.32777542563,448.2728456624318
2011-06-27,60573.95284555631,61022.225691218744,448.2728456624318
2011-06-28,60640.26074648567,61088.5335921481,448.2728456624318
2011-06-29,60650.73779330065,61099.01063896308,448.2728456624318
2011-06-30,60609.84217380558,61058.11501946801,448.2728456624318
2011-07-01,60607.91020573431,61056.18305139674,448.2728456624318
2011-07-05,60694.621826141956,61142.89467180439,448.2728456624318
2011-07-06,60668.11273740337,61116.3855830658,448.2728456624318
2011-07-07,60766.18338431383,61214.45622997626,448.2728456624318
2011-07-08,60784.7342014258,61233.007047088235,448.2728456624318
2011-07-11,60719.411806425895,61167.68465208833,448.2728456624318
2011-07-12,60594.370371247525,61042.64321690996,448.2728456624318
2011-07-13,60662.86117116443,61111.134016826865,448.2728456624318
2011-07-14,60633.31649448805,61081.58934015047,448.2728456624245
2011-07-15,60736.81018036057,61185.083026023,448.2728456624318
2011-07-18,60850.755868682754,61299.028714345186,448.2728456624318
2011-07-19,60713.566765190684,61161.839610853116,448.2728456624318
2011-07-20,60867.43241190247,61315.7052575649,448.2728456624318
2011-07-21,60585.10256717645,61033.37541283888,448.2728456624318
2011-07-22,60636.963536310825,61085.236381973256,448.2728456624318
2011-07-25,60767.051360288984,61215.324205951416,448.2728456624318
2011-07-26,60790.83513304766,61239.10797871009,448.2728456624318
2011-07-27,60156.801092257374,60605.073937919806,448.2728456624318
2011-07-28,60205.73443265667,60654.0072783191,448.2728456624318
2011-07-29,60282.095176966744,60730.368022629176,448.2728456624318
2011-08-01,60472.052604771336,60920.32545043377,448.2728456624318
2011-08-02,60125.95021204476,60574.22305770719,448.2728456624318
2011-08-03,60323.26538075472,60771.53822641715,448.2728456624318
2011-08-04,58678.07502946805,59126.34787513048,448.2728456624318
2011-08-05,58779.61453033576,59227.887375998194,448.2728456624318
2011-08-08,58300.68432528189,58748.95717094431,448.2728456624245
2011-08-09,59120.92579366022,59569.198639322654,448.2728456624318
2011-08-10,58369.56933679677,58817.84218245919,448.2728456624245
2011-08-11,59905.03400729516,60353.30685295758,448.2728456624245
2011-08-12,59647.39694338071,60095.66978904314,448.2728456624318
2011-08-15,59657.88371240756,60106.15655806998,448.2728456624245
2011-08-16,59900.96081011521,60349.23365577764,448.2728456624318
2011-08-17,60216.29277545108,60664.56562111352,448.27284566243907
2011-08-18,61029.749948978075,61478.02279464051,448.2728456624318
2011-08-19,61221.128993705264,61669.401839367696,448.2728456624318
2011-08-22,62065.08196753054,62513.35481319297,448.2728456624318
2011-08-23,64998.420289780595,65446.69313544303,448.2728456624318
2011-08-24,64198.042395917,64646.31524157943,448.2728456624318
2011-08-25,60902.287969102385,61350.560814764816,448.2728456624318
2011-08-26,62820.78125422878,63269.05409989122,448.27284566243907
2011-08-29,66286.39609706902,66734.66894273146,448.2728456624318
2011-08-30,66186.4503918254,66634.72323748784,448.2728456624318
2011-08-31,67048.09922421351,67496.37206987594,448.2728456624318
2011-09-01,67001.16219768696,67449.4350433494,448.2728456624318
2011-09-02,65369.07640727889,65817.34925294132,448.2728456624318
2011-09-06,63228.05043545738,63676.32328111981,448.2728456624318
2011-09-07,65552.11180366494,66000.38464932737,448.2728456624318
2011-09-08,65006.95840838086,65455.23125404329,448.2728456624318
2011-09-09,62332.01120514667,62780.2840508091,448.2728456624318
2011-09-12,64147.073410405195,64595.34625606763,448.2728456624318
2011-09-13,66138.87339929421,66587.14624495665,448.2728456624318
2011-09-14,67485.69953365147,67933.9723793139,448.2728456624318
2011-09-15,66738.59143807634,67186.86428373877,448.2728456624318
2011-09-16,66534.36997656606,66982.64282222849,448.2728456624318
2011-09-19,68040.307364351,68488.58021001343,448.2728456624318
2011-09-20,69060.45568476128,69508.72853042372,448.2728456624318
2011-09-21,71077.29553891171,71525.56838457414,448.2728456624318
2011-09-22,72421.19565149758,72869.46849716,448.2728456624318
2011-09-23,71707.168217342,72155.44106300443,448.2728456624318
2011-09-26,72318.11192943575,72766.38477509818,448.2728456624318
2011-09-27,71873.14852547646,72321.42137113889,448.2728456624318
2011-09-28,71595.73881610692,72044.01166176936,448.2728456624318
2011-09-29,74124.97173930914,74573.24458497157,448.2728456624318
2011-09-30,88258.64891877805,88706.92176444049,448.2728456624318
2011-10-03,75362.0613277551,75810.33417341753,448.2728456624318
2011-10-04,78184.85444682895,78633.12729249138,448.2728456624318
2011-10-05,79041.82739100547,79490.1002366679,448.2728456624318
2011-10-06,79408.13979931106,79856.41264497349,448.2728456624318
2011-10-07,80456.68011298822,80904.95295865065,448.2728456624318
2011-10-10,79280.66035753151,79728.93320319394,448.2728456624318
2011-10-11,80161.12553992064,80609.39838558307,448.2728456624318
2011-10-12,80392.44025303947,80840.7130987019,448.2728456624318
2011-10-13,79870.41540914192,80318.68825480435,448.2728456624318
2011-10-14,78380.42581106036,78828.69865672279,448.2728456624318
2011-10-17,76953.94344165944,77402.21628732188,448.2728456624318
2011-10-18,78500.63144826435,78948.90429392678,448.2728456624318
2011-10-19,78365.51595567097,78813.7888013334,448.2728456624318
2011-10-20,78728.70511105563,79176.97795671807,448.2728456624318
2011-10-21,80411.6033569586,80859.87620262103,448.2728456624318
2011-10-24,80466.641556032,80914.91440169443,448.2728456624318
2011-10-25,80539.11356774578,80987.38641340821,448.2728456624318
2011-10-26,80399.04077893053,80847.31362459296,448.2728456624318
2011-10-27,80089.94718434196,80538.22003000439,448.2728456624318
2011-10-28,80055.00440148846,80503.2772471509,448.2728456624318
2011-10-31,80111.27837471175,80559.55122037418,448.2728456624318
2011-11-01,80019.35404537758,80467.62689104001,448.2728456624318
2011-11-02,80323.29884802061,80771.57169368304,448.2728456624318
2011-11-03,80585.48595576407,81033.7588014265,448.2728456624318
2011-11-04,80602.00930350507,81050.2821491675,448.2728456624318
2011-11-07,80838.02700588526,81286.2998515477,448.2728456624318
2011-11-08,80888.93397813244,81337.20682379487,448.2728456624318
2011-11-09,80967.5018565976,81415.77470226004,448.2728456624318
2011-11-10,80830.02403715532,81278.29688281775,448.2728456624318
2011-11-11,80781.17437100271,81229.44721666514,448.2728456624318
2011-11-14,80885.69922192185,81333.97206758428,448.2728456624318
2011-11-15,81009.33807099378,81457.61091665621,448.2728456624318
2011-11-16,81115.15573346568,81563.42857912811,448.2728456624318
2011-11-17,81003.47623294895,81451.74907861138,448.2728456624318
2011-11-18,81014.99310206319,81463.26594772562,448.2728456624318
2011-11-21,81249.07799825957,81697.350843922,448.2728456624318
2011-11-22,83771.87170272949,84220.14454839192,448.2728456624318
2011-11-23,84169.88667612639,84618.15952178882,448.2728456624318
2011-11-25,83505.63779630978,83953.91064197221,448.2728456624318
2011-11-28,84575.03011388716,85023.30295954959,448.2728456624318
2011-11-29,85858.80647795065,86307.07932361308,448.2728456624318
2011-11-30,88134.28083576786,88582.55368143029,448.2728456624318
2011-12-01,87034.6198989657,87482.89274462813,448.2728456624318
2011-12-02,87910.33191155281,88358.60475721525,448.2728456624318
2011-12-05,88356.36595705559,88804.63880271802,448.2728456624318
2011-12-06,89003.15476283105,89451.42760849348,448.2728456624318
2011-12-07,89545.12243435357,89993.395280016,448.2728456624318
2011-12-08,87686.17615695496,88134.44900261739,448.2728456624318
2011-12-09,89868.95297145762,90317.22581712005,448.2728456624318
2011-12-12,89774.26910460414,90222.54195026658,448.2728456624318
2011-12-13,89205.13775650726,89653.4106021697,448.2728456624318
2011-12-14,88987.12969790562,89435.40254356805,448.2728456624318
2011-12-15,88801.70482513006,89249.97767079249,448.2728456624318
2011-12-16,87468.47719693196,87916.75004259439,448.2728456624318
2011-12-19,87510.1831216825,87958.45596734493,448.2728456624318
2011-12-20,87501.96262645687,87950.2354721193,448.2728456624318
2011-12-21,87453.28882352622,87901.56166918867,448.27284566244634
2011-12-22,87539.24813723413,87987.52098289656,448.2728456624318
2011-12-23,87411.86824987095,87860.14109553338,448.2728456624318
2011-12-27,87475.30560637068,87923.5784520331,448.2728456624318
2011-12-28,87537.88218446018,87986.15503012261,448.2728456624318
2011-12-29,87556.2455377233,88004.51838338573,448.2728456624318
2011-12-30,87640.07202455646,88088.34487021889,448.2728456624318
2012-01-03,87844.75018784532,88293.02303350775,448.2728456624318
2012-01-04,87883.3960997822,88331.66894544463,448.2728456624318
2012-01-05,87936.5174302411,88384.79027590354,448.2728456624318
2012-01-06,88019.95519965804,88468.22804532049,448.27284566244634
2012-01-09,88139.17579731613,88587.44864297856,448.2728456624318
2012-01-10,87910.51656457677,88358.7894102392,448.2728456624318
2012-01-11,87788.54306335689,88236.81590901932,448.2728456624318
2012-01-12,87568.84265515895,88017.11550082138,448.2728456624318
2012-01-13,87728.30609348661,88176.57893914904,448.2728456624318
2012-01-17,87715.30790784198,88163.58075350442,448.2728456624318
2012-01-18,87806.59556983237,88254.8684154948,448.2728456624318
2012-01-19,87877.05134687026,88325.32419253269,448.2728456624318
2012-01-20,88531.01546593092,88979.28831159335,448.2728456624318
2012-01-23,88554.35517434229,89002.62802000472,448.2728456624318
2012-01-24,88578.0778719039,89026.35071756633,448.2728456624318
2012-01-25,88598.04506775935,89046.31791342178,448.2728456624318
2012-01-26,88617.1195372591,89065.39238292153,448.2728456624318
2012-01-27,88619.60123052367,89067.8740761861,448.2728456624318
2012-01-30,88698.6163644077,89146.88921007013,448.2728456624318
2012-01-31,88738.8645479331,89187.13739359553,448.2728456624318
2012-02-01,88741.47252285073,89189.74536851316,448.2728456624318
2012-02-02,88761.92048317811,89210.19332884054,448.2728456624318
2012-02-03,88736.20789416775,89184.48073983018,448.2728456624318
2012-02-06,88813.33375798527,89261.6066036477,448.2728456624318
2012-02-07,88842.03030603693,89290.30315169937,448.2728456624318
2012-02-08,88841.28955852624,89289.56240418868,448.2728456624318
2012-02-09,88926.6391242455,89374.91196990793,448.2728456624318
2012-02-10,88953.68241973512,89401.95526539756,448.2728456624318
2012-02-13,89062.81930273154,89511.09214839397,448.2728456624318
2012-02-14,89074.64914836467,89522.9219940271,448.2728456624318
2012-02-15,89160.61869726365,89608.89154292608,448.2728456624318
2012-02-16,89188.14213941724,89636.41498507967,448.2728456624318
2012-02-17,89261.28860795766,89709.56145362009,448.2728456624318
2012-02-21,89261.28860795766,89709.56145362009,448.2728456624318
2012-02-22,89261.28860795766,89709.56145362009,448.2728456624318
2012-02-23,89261.28860795766,89709.56145362009,448.2728456624318
2012-02-24,89261.28860795766,89709.56145362009,448.2728456624318
2012-02-27,89261.28860795766,89709.56145362009,448.2728456624318
2012-02-28,89261.28860795766,89709.56145362009,448.2728456624318
2012-02-29,89261.28860795766,89709.56145362009,448.2728456624318
2012-03-01,89261.28860795766,89709.56145362009,448.2728456624318
2012-03-02,89261.28860795766,89709.56145362009,448.2728456624318
2012-03-05,89261.28860795766,89709.56145362009,448.2728456624318
2012-03-06,89261.28860795766,89709.56145362009,448.2728456624318
2012-03-07,89261.28860795766,89709.56145362009,448.2728456624318
2012-03-08,89261.28860795766,89709.56145362009,448.2728456624318
2012-03-09,89261.28860795766,89709.56145362009,448.2728456624318
2012-03-12,89261.28860795766,89709.56145362009,448.2728456624318
2012-03-13,89261.28860795766,89709.56145362009,448.2728456624318
2012-03-14,89261.28860795766,89709.56145362009,448.2728456624318
2012-03-15,89261.28860795766,89709.56145362009,448.2728456624318
2012-03-16,89261.28860795766,89709.56145362009,448.2728456624318
2012-03-19,89317.15953405865,89765.43237972108,448.2728456624318
2012-03-20,89341.57363211329,89789.84647777572,448.2728456624318
2012-03-21,89405.13478594797,89853.4076316104,448.2728456624318
2012-03-22,89410.28002077376,89858.55286643619,448.2728456624318
2012-03-23,89423.20598998491,89871.47883564734,448.2728456624318
2012-03-26,89575.09279195277,90023.3656376152,448.2728456624318
2012-03-27,89615.7838021362,90064.05664779863,448.2728456624318
2012-03-28,89695.25595908414,90143.52880474657,448.2728456624318
2012-03-29,89757.92236095446,90206.19520661689,448.2728456624318
2012-03-30,89755.90683719132,90204.17968285375,448.2728456624318
2012-04-02,89954.82365561428,90403.09650127671,448.2728456624318
2012-04-03,90025.73346025136,90474.00630591379,448.2728456624318
2012-04-04,89984.79594880703,90433.06879446947,448.2728456624318
2012-04-05,90068.4447776418,90516.71762330423,448.2728456624318
2012-04-09,90291.22580537747,90739.4986510399,448.2728456624318
2012-04-10,90155.81770675664,90604.09055241907,448.2728456624318
2012-04-11,90412.10583192471,90860.37867758714,448.2728456624318
2012-04-12,90607.95743744972,91056.23028311215,448.2728456624318
2012-04-13,90718.66377539409,91166.93662105652,448.2728456624318
2012-04-16,90991.80379094707,91440.0766366095,448.2728456624318
2012-04-17,91141.26093965012,91589.53378531255,448.2728456624318
2012-04-18,91297.28703178826,91745.5598774507,448.2728456624318
2012-04-19,91367.17619642813,91815.44904209056,448.2728456624318
2012-04-20,91474.37619902578,91922.64904468821,448.2728456624318
2012-04-23,91433.55337628105,91881.82622194348,448.2728456624318
2012-04-24,91234.93464260234,91683.20748826477,448.2728456624318
2012-04-25,91277.0231515154,91725.29599717783,448.2728456624318
2012-04-26,91512.6762785766,91960.94912423904,448.2728456624318
2012-04-27,91516.46306678944,91964.73591245187,448.2728456624318
2012-04-30,91715.00036590488,92163.27321156731,448.2728456624318
2012-05-01,91980.55653336912,92428.82937903155,448.2728456624318
2012-05-02,92103.3058984197,92551.57874408213,448.2728456624318
2012-05-03,92127.58134775248,92575.85419341491,448.2728456624318
2012-05-04,91749.61600873189,92197.88885439432,448.2728456624318
2012-05-07,92202.81576879497,92651.0886144574,448.2728456624318
2012-05-08,92067.00423896115,92515.27708462358,448.2728456624318
2012-05-09,92191.54222085222,92639.81506651465,448.2728456624318
2012-05-10,91386.99688634241,91835.26973200485,448.2728456624318
2012-05-11,91268.00255064841,91716.27539631084,448.2728456624318
2012-05-14,91621.23702850833,92069.50987417076,448.2728456624318
2012-05-15,91624.38362525718,92072.65647091961,448.2728456624318
2012-05-16,91845.00399239,92293.27683805244,448.2728456624318
2012-05-17,91969.52324166463,92417.79608732706,448.2728456624318
2012-05-18,91928.45235275885,92376.72519842128,448.2728456624318
2012-05-21,91925.23319237295,92373.50603803538,448.2728456624318
2012-05-22,91941.7856017215,92390.05844738393,448.2728456624318
2012-05-23,91934.7157133097,92382.98855897214,448.2728456624318
2012-05-24,91917.78057183896,92366.05341750139,448.2728456624318
2012-05-25,91956.36481518752,92404.63766084996,448.2728456624318
2012-05-29,92028.96416732471,92477.23701298714,448.2728456624318
2012-05-30,92060.6458125707,92508.91865823313,448.2728456624318
2012-05-31,92006.46160764957,92454.734453312,448.2728456624318
2012-06-01,91996.32115556428,92444.59400122671,448.2728456624318
2012-06-04,92093.80415161571,92542.07699727814,448.2728456624318
2012-06-05,92097.88255556778,92546.15540123021,448.2728456624318
2012-06-06,92043.36211427778,92491.63495994022,448.2728456624318
2012-06-07,92094.69779100025,92542.97063666268,448.2728456624318
2012-06-08,91984.66162385175,92432.93446951418,448.2728456624318
2012-06-11,92165.98220037471,92614.25504603714,448.2728456624318
2012-06-12,92218.40494683909,92666.67779250152,448.2728456624318
2012-06-13,92177.80248956557,92626.075335228,448.2728456624318
2012-06-14,91983.1522555115,92431.42510117393,448.2728456624318
2012-06-15,91918.31076182087,92366.5836074833,448.2728456624318
2012-06-18,91961.58684445347,92409.8596901159,448.2728456624318
2012-06-19,91976.00418030622,92424.27702596865,448.2728456624318
2012-06-20,92026.71110181592,92474.98394747835,448.2728456624318
2012-06-21,92111.08802714327,92559.3608728057,448.2728456624318
2012-06-22,92181.52598115487,92629.7988268173,448.2728456624318
2012-06-25,92233.48501013464,92681.75785579707,448.2728456624318
2012-06-26,92312.1564321256,92760.42927778803,448.2728456624318
2012-06-27,92430.79558789532,92879.06843355775,448.2728456624318
2012-06-28,92528.8445156304,92977.11736129283,448.2728456624318
2012-06-29,92333.67427819164,92781.94712385407,448.2728456624318
2012-07-02,92296.37320518459,92744.64605084702,448.2728456624318
2012-07-03,92210.95131367038,92659.2241593328,448.2728456624318
2012-07-05,92489.26915745914,92937.54200312158,448.2728456624318
2012-07-06,92539.02867949882,92987.30152516125,448.2728456624318
2012-07-09,92645.07574305998,93093.34858872241,448.2728456624318
2012-07-10,92461.62125808524,92909.89410374768,448.2728456624318
2012-07-11,92363.44141030929,92811.71425597172,448.2728456624318
2012-07-12,92384.41205198143,92832.68489764386,448.2728456624318
2012-07-13,92247.83896510664,92696.11181076907,448.2728456624318
2012-07-16,92214.66169643786,92662.9345421003,448.2728456624318
2012-07-17,92353.6983299522,92801.97117561463,448.2728456624318
2012-07-18,92416.22665347124,92864.49949913367,448.2728456624318
2012-07-19,92511.30754477263,92959.58039043506,448.2728456624318
2012-07-20,92603.94167397369,93052.21451963612,448.2728456624318
2012-07-23,92652.49400142685,93100.76684708928,448.2728456624318
2012-07-24,92278.06930855976,92726.34215422219,448.2728456624318
2012-07-25,92434.67128315556,92882.944128818,448.2728456624318
2012-07-26,92436.90494587144,92885.17779153388,448.2728456624318
2012-07-27,92470.21623712184,92918.48908278428,448.2728456624318
2012-07-30,92593.84379341814,93042.11663908057,448.2728456624318
2012-07-31,92599.42069315829,93047.69353882072,448.2728456624318
2012-08-01,92727.7985272276,93176.07137289003,448.2728456624318
2012-08-02,92687.93074833846,93136.2035940009,448.2728456624318
2012-08-03,92742.91976244224,93191.19260810467,448.2728456624318
2012-08-06,92918.31234834495,93366.58519400738,448.2728456624318
2012-08-07,93080.44089570653,93528.71374136896,448.2728456624318
2012-08-08,93009.24946323119,93457.52230889362,448.2728456624318
2012-08-09,92845.88389913819,93294.15674480062,448.2728456624318
2012-08-10,92859.11008132657,93307.382926989,448.2728456624318
2012-08-13,93102.00854171196,93550.28138737439,448.2728456624318
2012-08-14,92985.96081563493,93434.23366129736,448.2728456624318
2012-08-15,92987.36675628426,93435.63960194669,448.2728456624318
2012-08-16,92528.6295091171,92976.90235477954,448.2728456624318
2012-08-17,92658.63583011844,93106.90867578087,448.2728456624318
2012-08-20,92580.27877814777,93028.5516238102,448.2728456624318
2012-08-21,92646.00747590896,93094.2803215714,448.2728456624318
2012-08-22,92757.63695002126,93205.90979568369,448.2728456624318
2012-08-23,92773.54169911204,93221.81454477448,448.2728456624318
2012-08-24,92842.43716858781,93290.71001425025,448.2728456624318
2012-08-27,92953.34359799034,93401.61644365278,448.2728456624318
2012-08-28,92988.37292565487,93436.6457713173,448.2728456624318
2012-08-29,92989.01120692643,93437.28405258886,448.2728456624318
2012-08-30,93009.09157919826,93457.36442486069,448.2728456624318
2012-08-31,92980.23576764914,93428.50861331157,448.2728456624318
2012-09-04,93098.3576815956,93546.63052725804,448.2728456624318
2012-09-05,93126.46318038774,93574.73602605017,448.2728456624318
2012-09-06,93129.86021392059,93578.13305958302,448.2728456624318
2012-09-07,93246.29475382727,93694.5675994897,448.2728456624318
2012-09-10,93378.6263858279,93826.89923149033,448.2728456624318
2012-09-11,93414.43797194457,93862.710817607,448.2728456624318
2012-09-12,93455.1558257934,93903.42867145583,448.2728456624318
2012-09-13,93412.48721726809,93860.76006293052,448.2728456624318
2012-09-14,93321.19947862893,93769.47232429136,448.2728456624318
2012-09-17,93335.73983741447,93784.0126830769,448.2728456624318
2012-09-18,93524.04622750578,93972.31907316821,448.2728456624318
2012-09-19,93486.5039072634,93934.77675292583,448.2728456624318
2012-09-20,93469.41650092497,93917.6893465874,448.2728456624318
2012-09-21,93410.46335326007,93858.7361989225,448.2728456624318
2012-09-24,92339.73919607128,92788.01204173372,448.2728456624318
2012-09-25,91182.84017819457,91631.113023857,448.2728456624318
2012-09-26,90543.05044218234,90991.32328784477,448.2728456624318
2012-09-27,91656.48944315047,92104.7622888129,448.2728456624318
2012-09-28,90705.32780080009,91153.60064646252,448.2728456624318
2012-10-01,90193.14606503746,90641.4189106999,448.2728456624318
2012-10-02,90345.21715054556,90793.489996208,448.2728456624318
2012-10-03,90607.21501381078,91055.48785947321,448.2728456624318
2012-10-04,90542.62285553315,90990.89570119558,448.2728456624318
2012-10-05,91385.89884455479,91834.17169021722,448.2728456624318
2012-10-08,90485.45481628727,90933.7276619497,448.2728456624318
2012-10-09,89481.76232482318,89930.03517048561,448.2728456624318
2012-10-10,89146.58980015526,89594.86264581769,448.2728456624318
2012-10-11,89869.36880324304,90317.64164890547,448.2728456624318
2012-10-12,89304.18112021754,89752.45396587998,448.2728456624318
2012-10-15,89833.1585023579,90281.43134802033,448.2728456624318
2012-10-16,90242.89191470365,90691.16476036608,448.2728456624318
2012-10-17,92439.31779076322,92887.59063642565,448.2728456624318
2012-10-18,93564.9484246308,94013.22127029323,448.2728456624318
2012-10-19,92871.63196664653,93319.90481230896,448.2728456624318
2012-10-22,93052.49166129227,93500.7645069547,448.2728456624318
2012-10-23,92979.12563729798,93427.39848296042,448.2728456624318
2012-10-24,92953.08706227224,93401.35990793467,448.2728456624318
2012-10-25,93236.09235962643,93684.36520528886,448.2728456624318
2012-10-26,93279.83073627786,93728.10358194029,448.2728456624318
2012-10-31,93600.1905918445,94048.46343750693,448.2728456624318
2012-11-01,93001.86343162693,93450.13627728936,448.2728456624318
2012-11-02,92916.11444694875,93364.38729261118,448.2728456624318
2012-11-05,93012.83881637314,93461.11166203558,448.2728456624318
2012-11-06,92910.79303730559,93359.06588296802,448.2728456624318
2012-11-07,92735.30078868498,93183.57363434741,448.2728456624318
2012-11-08,92512.70871968637,92960.9815653488,448.2728456624318
2012-11-09,92306.88103791652,92755.15388357895,448.2728456624318
2012-11-12,92416.35147678759,92864.62432245002,448.2728456624318
2012-11-13,92088.4183388874,92536.69118454983,448.2728456624318
2012-11-14,92497.12136510736,92945.3942107698,448.2728456624318
2012-11-15,92692.17789035151,93140.45073601394,448.2728456624318
2012-11-16,93207.2309159562,93655.50376161863,448.2728456624318
2012-11-19,93204.2030339688,93652.47587963124,448.2728456624318
2012-11-20,93190.01515175635,93638.28799741878,448.2728456624318
2012-11-21,93201.62077311263,93649.89361877507,448.2728456624318
2012-11-23,93144.48948900308,93592.76233466552,448.2728456624318
2012-11-26,93435.50584361097,93883.7786892734,448.2728456624318
2012-11-27,93530.68320781132,93978.95605347375,448.2728456624318
2012-11-28,93629.456258527,94077.72910418944,448.2728456624318
2012-11-29,93719.84867518675,94168.12152084918,448.2728456624318
2012-11-30,93696.34653063118,94144.61937629362,448.2728456624318
2012-12-03,93872.44330019783,94320.71614586026,448.2728456624318
2012-12-04,93806.62782993447,94254.9006755969,448.2728456624318
2012-12-05,93549.8726657927,93998.14551145514,448.2728456624318
2012-12-06,93547.21549991425,93995.48834557668,448.2728456624318
2012-12-07,93209.81054038997,93658.0833860524,448.2728456624318
2012-12-10,93243.63267494156,93691.90552060399,448.2728456624318
2012-12-11,93606.92043121648,94055.19327687891,448.2728456624318
2012-12-12,93596.76102548954,94045.03387115197,448.2728456624318
2012-12-13,93787.527733366,94235.80057902844,448.2728456624318
2012-12-14,93644.22720645205,94092.50005211448,448.2728456624318
2012-12-17,93767.15659002797,94215.4294356904,448.2728456624318
2012-12-18,94040.28795667808,94488.56080234051,448.2728456624318
2012-12-19,93992.15757728112,94440.43042294355,448.2728456624318
2012-12-20,93836.31870947778,94284.59155514021,448.2728456624318
2012-12-21,94083.60947126127,94531.8823169237,448.2728456624318
2012-12-24,94235.54201258859,94683.81485825102,448.2728456624318
2012-12-26,94384.24104742962,94832.51389309205,448.2728456624318
2012-12-27,94456.30385730276,94904.57670296519,448.2728456624318
2012-12-28,94542.27669268101,94990.54953834345,448.2728456624318
2012-12-31,94753.46881977655,95201.74166543898,448.2728456624318
2013-01-02,94926.71365756541,95374.98650322785,448.2728456624318
2013-01-03,94937.26553493808,95385.53838060051,448.2728456624318
2013-01-04,95049.8138459737,95498.08669163613,448.2728456624318
2013-01-07,95326.65914319851,95774.93198886095,448.2728456624318
2013-01-08,95430.71918088011,95878.99202654255,448.2728456624318
2013-01-09,95534.68991236598,95982.96275802841,448.2728456624318
2013-01-10,95651.81187336077,96100.0847190232,448.2728456624318
2013-01-11,95807.96154555213,96256.23439121456,448.2728456624318
2013-01-14,96258.04007673706,96706.31292239949,448.2728456624318
2013-01-15,96474.11863602651,96922.39148168894,448.2728456624318
2013-01-16,96719.20712597738,97167.47997163981,448.2728456624318
2013-01-17,97010.94317701552,97459.21602267795,448.2728456624318
2013-01-18,97436.19518225105,97884.46802791348,448.2728456624318
2013-01-22,97521.95300646801,97970.22585213045,448.2728456624318
2013-01-23,97370.86743311491,97819.14027877734,448.2728456624318
2013-01-24,97397.52710312884,97845.79994879127,448.2728456624318
2013-01-25,97368.80202572374,97817.07487138617,448.2728456624318
2013-01-28,97551.27124640346,97999.54409206589,448.2728456624318
2013-01-29,97598.09967332287,98046.3725189853,448.2728456624318
2013-01-30,97605.00828146329,98053.28112712572,448.2728456624318
2013-01-31,97654.23467145744,98102.50751711987,448.2728456624318
2013-02-01,97687.37268727226,98135.6455329347,448.2728456624318
2013-02-04,97854.43157222332,98302.70441788575,448.2728456624318
2013-02-05,98135.53253531852,98583.80538098095,448.2728456624318
2013-02-06,98052.50414633867,98500.7769920011,448.2728456624318
2013-02-07,98213.62081260094,98661.89365826338,448.2728456624318
2013-02-08,98291.43257794855,98739.70542361098,448.2728456624318
2013-02-11,98460.7060368841,98908.97888254654,448.2728456624318
2013-02-12,98414.5955567623,98862.86840242473,448.2728456624318
2013-02-13,98357.92914429051,98806.20198995294,448.2728456624318
2013-02-14,98602.66584884957,99050.938694512,448.2728456624318
2013-02-15,98740.77099051024,99189.04383617267,448.2728456624318
2013-02-19,98771.7092524888,99219.98209815123,448.2728456624318
2013-02-20,98669.65369868674,99117.92654434917,448.2728456624318
2013-02-21,98378.17181153805,98826.44465720048,448.2728456624318
2013-02-22,98396.16112660989,98844.43397227232,448.2728456624318
2013-02-25,98168.41684586275,98616.68969152519,448.2728456624318
2013-02-26,98318.39439656585,98766.66724222829,448.2728456624318
2013-02-27,98414.46266932623,98862.73551498866,448.2728456624318
2013-02-28,98645.24600481475,99093.51885047718,448.2728456624318
2013-03-01,98425.85558173037,98874.1284273928,448.2728456624318
2013-03-04,97721.8168829768,98170.08972863923,448.2728456624318
2013-03-05,98125.12381293415,98573.39665859658,448.2728456624318
2013-03-06,98310.35149096441,98758.62433662685,448.2728456624318
2013-03-07,98745.56081503863,99193.83366070106,448.2728456624318
2013-03-08,98806.37235443783,99254.64520010026,448.2728456624318
2013-03-11,98893.48391634552,99341.75676200795,448.2728456624318
2013-03-12,98615.76437372295,99064.03721938538,448.2728456624318
2013-03-13,98722.23318047565,99170.50602613809,448.2728456624318
2013-03-14,99404.43365316442,99852.70649882685,448.2728456624318
2013-03-15,99821.05663201422,100269.32947767666,448.2728456624318
2013-03-18,99858.29561011819,100306.56845578062,448.2728456624318
2013-03-19,99867.24811272416,100315.5209583866,448.2728456624318
2013-03-20,99515.64967124746,99963.9225169099,448.2728456624318
2013-03-21,98760.8517911539,99209.12463681633,448.2728456624318
2013-03-22,98497.97295012511,98946.24579578754,448.2728456624318
2013-03-25,98293.14098085975,98741.41382652218,448.2728456624318
2013-03-26,98294.49484677333,98742.76769243577,448.2728456624318
2013-03-27,98605.85863043391,99054.13147609634,448.2728456624318
2013-03-28,98559.39816763648,99007.67101329891,448.2728456624318
2013-04-01,98818.74011360039,99267.01295926282,448.2728456624318
2013-04-02,98636.08335676626,99084.3562024287,448.2728456624318
2013-04-03,98582.30527768214,99030.57812334457,448.2728456624318
2013-04-04,98407.8388670464,98856.11171270884,448.2728456624318
2013-04-05,98379.91916710464,98828.19201276707,448.2728456624318
2013-04-08,98208.04708786937,98656.3199335318,448.2728456624318
2013-04-09,98553.47970544104,99001.75255110348,448.2728456624318
2013-04-10,98870.94499562145,99319.21784128388,448.2728456624318
2013-04-11,98562.3667072116,99010.63955287402,448.2728456624318
2013-04-12,98595.66025206028,99043.93309772271,448.2728456624318
2013-04-15,98582.04316273378,99030.31600839621,448.2728456624318
2013-04-16,98310.96093686111,98759.23378252354,448.2728456624318
2013-04-17,98122.73800244927,98571.0108481117,448.2728456624318
2013-04-18,97948.25621453859,98396.52906020102,448.2728456624318
2013-04-19,97535.03299600678,97983.30584166921,448.2728456624318
2013-04-22,97584.1709485387,98032.44379420113,448.2728456624318
2013-04-23,97460.46031829668,97908.73316395911,448.2728456624318
2013-04-24,97096.62203844218,97544.89488410461,448.2728456624318
2013-04-25,96551.09267315641,96999.36551881884,448.2728456624318
2013-04-26,96883.87581390957,97332.148659572,448.2728456624318
2013-04-29,96700.37896396453,97148.65180962696,448.2728456624318
2013-04-30,96422.9775645344,96871.25041019684,448.2728456624318
2013-05-01,96893.09485317045,97341.36769883288,448.2728456624318
2013-05-02,96830.86936012935,97279.14220579178,448.2728456624318
2013-05-03,96385.30466319318,96833.57750885561,448.2728456624318
2013-05-06,96494.36079793097,96942.6336435934,448.2728456624318
2013-05-07,96668.87204390694,97117.14488956938,448.2728456624318
2013-05-08,96873.26918170275,97321.54202736518,448.2728456624318
2013-05-09,96493.81514029368,96942.08798595611,448.2728456624318
2013-05-10,96828.00764741446,97276.28049307689,448.2728456624318
2013-05-13,97346.75882582925,97795.03167149168,448.2728456624318
2013-05-14,97226.43226763979,97674.70511330222,448.2728456624318
2013-05-15,97641.87174845184,98090.14459411427,448.2728456624318
2013-05-16,96650.65782861132,97098.93067427375,448.2728456624318
2013-05-17,96248.10118331108,96696.37402897351,448.2728456624318
2013-05-20,96324.00653623464,96772.27938189707,448.2728456624318
2013-05-21,96346.56182959722,96794.83467525966,448.2728456624318
2013-05-22,96123.373944822,96571.64679048443,448.2728456624318
2013-05-23,95961.18879463314,96409.46164029557,448.2728456624318
2013-05-24,95664.2076216524,96112.48046731483,448.2728456624318
2013-05-28,95231.07787808124,95679.35072374367,448.2728456624318
2013-05-29,94792.0698378128,95240.34268347523,448.2728456624318
2013-05-30,94758.50897392305,95206.78181958548,448.2728456624318
2013-05-31,94695.60066446965,95143.87351013208,448.2728456624318
2013-06-03,94483.51790828747,94931.7907539499,448.2728456624318
2013-06-04,93948.80022736616,94397.07307302859,448.2728456624318
2013-06-05,94130.54016099847,94578.8130066609,448.2728456624318
2013-06-06,94749.75597664225,95198.02882230468,448.2728456624318
2013-06-07,94655.6218336923,95103.89467935474,448.2728456624318
2013-06-10,94260.61870569875,94708.89155136119,448.2728456624318
2013-06-11,94182.70957481395,94630.98242047639,448.2728456624318
2013-06-12,94113.76293289778,94562.03577856021,448.2728456624318
2013-06-13,94385.6638143172,94833.93665997963,448.2728456624318
2013-06-14,94891.89831350674,95340.17115916917,448.2728456624318
2013-06-17,95205.9923756884,95654.26522135083,448.2728456624318
2013-06-18,94925.73442129674,95374.00726695918,448.2728456624318
2013-06-19,94158.35740577057,94606.630251433,448.2728456624318
2013-06-20,93142.49682281213,93590.76966847456,448.2728456624318
2013-06-21,93912.23212822969,94360.50497389212,448.2728456624318
2013-06-24,93958.11798076262,94406.39082642505,448.2728456624318
2013-06-25,93981.17404126376,94429.44688692619,448.2728456624318
2013-06-26,94007.28769858857,94455.560544251,448.2728456624318
2013-06-27,94009.78333849576,94458.0561841582,448.2728456624318
2013-06-28,93631.98828593455,94080.26113159698,448.2728456624318
2013-07-01,93682.49483690271,94130.76768256514,448.2728456624318
2013-07-02,93679.04378532688,94127.31663098931,448.2728456624318
2013-07-03,93747.94752151682,94196.22036717925,448.2728456624318
2013-07-05,93777.8220581282,94226.09490379062,448.2728456624318
2013-07-08,93790.89706633543,94239.16991199786,448.2728456624318
2013-07-09,93774.07496339665,94222.34780905908,448.2728456624318
2013-07-10,93897.489294864,94345.76214052644,448.2728456624318
2013-07-11,93912.10459318268,94360.37743884511,448.2728456624318
2013-07-12,94003.80468700151,94452.07753266394,448.2728456624318
2013-07-15,94228.04553753976,94676.31838320219,448.2728456624318
2013-07-16,94138.3313769328,94586.60422259523,448.2728456624318
2013-07-17,94009.45860552718,94457.73145118961,448.2728456624318
2013-07-18,94140.84725263203,94589.12009829446,448.2728456624318
2013-07-19,94093.25650544022,94541.52935110265,448.2728456624318
2013-07-22,94184.37498614448,94632.64783180691,448.2728456624318
2013-07-23,94304.06746146968,94752.34030713211,448.2728456624318
2013-07-24,94322.91185710183,94771.18470276427,448.2728456624318
2013-07-25,94350.02502965485,94798.29787531728,448.2728456624318
2013-07-26,94371.60315961973,94819.87600528216,448.2728456624318
2013-07-29,94684.25514984806,95132.52799551049,448.2728456624318
2013-07-30,94756.26432446507,95204.5371701275,448.2728456624318
2013-07-31,94523.23136205203,94971.50420771446,448.2728456624318
2013-08-01,94651.92260883586,95100.19545449829,448.2728456624318
2013-08-02,94586.85348132928,95035.12632699171,448.2728456624318
2013-08-05,95020.99065449671,95469.26350015914,448.2728456624318
2013-08-06,95100.19074542169,95548.46359108412,448.2728456624318
2013-08-07,95129.1242609683,95577.39710663073,448.2728456624318
2013-08-08,94979.71011301852,95427.98295868095,448.2728456624318
2013-08-09,94962.31816650275,95410.59101216518,448.2728456624318
2013-08-12,95036.58312714845,95484.85597281088,448.2728456624318
2013-08-13,94936.48946369276,95384.7623093552,448.2728456624318
2013-08-14,94854.42645159457,95302.699297257,448.2728456624318
2013-08-15,94023.34847768606,94471.62132334849,448.2728456624318
2013-08-16,93732.37578743929,94180.64863310172,448.2728456624318
2013-08-19,93850.56493504485,94298.83778070728,448.2728456624318
2013-08-20,93898.89333594823,94347.16618161066,448.2728456624318
2013-08-21,93795.29205058236,94243.56489624479,448.2728456624318
2013-08-22,93654.20447650366,94102.47732216609,448.2728456624318
2013-08-23,93757.40988283302,94205.68272849545,448.2728456624318
2013-08-26,93990.88136729947,94439.1542129619,448.2728456624318
2013-08-27,93959.63621877739,94407.90906443982,448.2728456624318
2013-08-28,94119.80975759588,94568.08260325831,448.2728456624318
2013-08-29,94232.50947094709,94680.78231660952,448.2728456624318
2013-08-30,94382.34728325112,94830.62012891355,448.2728456624318
2013-09-03,94822.94455486094,95271.21740052337,448.2728456624318
2013-09-04,94845.0860978195,95293.35894348193,448.2728456624318
2013-09-05,94928.46880169748,95376.74164735992,448.2728456624318
2013-09-06,95009.5221245503,95457.79497021274,448.2728456624318
2013-09-09,95247.52656760393,95695.79941326636,448.2728456624318
2013-09-10,95390.17890585144,95838.45175151387,448.2728456624318
2013-09-11,95491.32522758888,95939.59807325131,448.2728456624318
2013-09-12,95579.76310228813,96028.03594795056,448.2728456624318
2013-09-13,95676.92421489,96125.19706055243,448.2728456624318
2013-09-16,96127.0585595686,96575.33140523103,448.2728456624318
2013-09-17,96423.93972609309,96872.21257175552,448.2728456624318
2013-09-18,96563.86600020179,97012.13884586422,448.2728456624318
2013-09-19,96432.12532100943,96880.39816667186,448.2728456624318
2013-09-20,97052.67586883437,97500.9487144968,448.2728456624318
2013-09-23,97074.6378121404,97522.91065780283,448.2728456624318
2013-09-24,97057.51508792327,97505.7879335857,448.2728456624318
2013-09-25,97090.15842934721,97538.43127500964,448.2728456624318
2013-09-26,97120.05430357717,97568.3271492396,448.2728456624318
2013-09-27,97047.71613792516,97495.9889835876,448.2728456624318
2013-09-30,97083.21568373684,97531.48852939927,448.2728456624318
2013-10-01,97081.29982481338,97529.57267047581,448.2728456624318
2013-10-02,97070.69573837984,97518.96858404228,448.2728456624318
2013-10-03,97130.45302106556,97578.725866728,448.2728456624318
2013-10-04,97113.36519375141,97561.63803941384,448.2728456624318
2013-10-07,97158.94095519744,97607.21380085987,448.2728456624318
2013-10-08,97085.95372836827,97534.2265740307,448.2728456624318
2013-10-09,97120.6288555821,97568.90170124453,448.2728456624318
2013-10-10,97112.68642945518,97560.95927511761,448.2728456624318
2013-10-11,97233.26717051887,97681.5400161813,448.2728456624318
2013-10-14,97262.0790343259,97710.35187998833,448.2728456624318
2013-10-15,97170.06415735628,97618.3370030187,448.2728456624318
2013-10-16,97243.19391287048,97691.46675853292,448.2728456624318
2013-10-17,97007.1873548613,97455.46020052372,448.2728456624318
2013-10-18,96747.72442999738,97195.99727565981,448.2728456624318
2013-10-21,96821.82237911737,97270.0952247798,448.2728456624318
2013-10-22,96865.48127556522,97313.75412122766,448.2728456624318
2013-10-23,96845.58010317013,97293.85294883256,448.2728456624318
2013-10-24,96931.16857599095,97379.44142165338,448.2728456624318
2013-10-25,96892.32993794885,97340.60278361128,448.2728456624318
2013-10-28,97020.70608773804,97468.97893340047,448.2728456624318
2013-10-29,97126.7843768294,97575.05722249183,448.2728456624318
2013-10-30,97232.55660998006,97680.8294556425,448.2728456624318
2013-10-31,97227.0315752509,97675.30442091334,448.2728456624318
2013-11-01,97258.84417246678,97707.11701812921,448.2728456624318
2013-11-04,97216.1075726389,97664.38041830133,448.2728456624318
2013-11-05,97240.81834883033,97689.09119449276,448.2728456624318
2013-11-06,97257.59768918436,97705.87053484679,448.2728456624318
2013-11-07,97384.46191705414,97832.73476271657,448.2728456624318
2013-11-08,97319.01053469512,97767.28338035755,448.2728456624318
2013-11-11,97665.90323108691,98114.17607674934,448.2728456624318
2013-11-12,97919.37641459098,98367.64926025341,448.2728456624318
2013-11-13,97734.80769023648,98183.08053589892,448.2728456624318
2013-11-14,97342.84354297398,97791.11638863641,448.2728456624318
2013-11-15,97202.69082453218,97650.96367019461,448.2728456624318
2013-11-18,97282.6318644078,97730.90471007023,448.2728456624318
2013-11-19,97196.12614987721,97644.39899553964,448.2728456624318
2013-11-20,97041.67243509414,97489.94528075657,448.2728456624318
2013-11-21,97137.4403825861,97585.71322824853,448.2728456624318
2013-11-22,96438.98433371494,96887.25717937737,448.2728456624318
2013-11-25,96132.47306506429,96580.74591072672,448.2728456624318
2013-11-26,96403.06371779856,96851.336563461,448.2728456624318
2013-11-27,96337.96730834385,96786.24015400629,448.2728456624318
2013-11-29,96388.50721897464,96836.78006463707,448.2728456624318
2013-12-02,96117.25428173668,96565.52712739911,448.2728456624318
2013-12-03,96325.81311748526,96774.08596314769,448.2728456624318
2013-12-04,96590.08011799539,97038.35296365782,448.2728456624318
2013-12-05,96656.93565665791,97105.20850232034,448.2728456624318
2013-12-06,96862.63437856175,97310.90722422418,448.2728456624318
2013-12-09,97091.19338712818,97539.46623279061,448.2728456624318
2013-12-10,97111.03296919912,97559.30581486155,448.2728456624318
2013-12-11,97145.84651778918,97594.11936345161,448.2728456624318
2013-12-12,97048.05635858374,97496.32920424617,448.2728456624318
2013-12-13,97174.79490724066,97623.0677529031,448.2728456624318
2013-12-16,97192.23539183545,97640.50823749788,448.2728456624318
2013-12-17,97365.40714994282,97813.67999560526,448.2728456624318
2013-12-18,97546.81966547854,97995.09251114097,448.2728456624318
2013-12-19,97423.36732473061,97871.64017039305,448.2728456624318
2013-12-20,97266.70138977165,97714.97423543409,448.2728456624318
2013-12-23,97266.70138977165,97714.97423543409,448.2728456624318
2013-12-24,97266.70138977165,97714.97423543409,448.2728456624318
2013-12-26,97266.70138977165,97714.97423543409,448.2728456624318
2013-12-27,97266.70138977165,97714.97423543409,448.2728456624318
2013-12-30,97266.70138977165,97714.97423543409,448.2728456624318
2013-12-31,97266.70138977165,97714.97423543409,448.2728456624318
2014-01-02,97266.70138977165,97714.97423543409,448.2728456624318
2014-01-03,97266.70138977165,97714.97423543409,448.2728456624318
2014-01-06,97266.70138977165,97714.97423543409,448.2728456624318
2014-01-07,97266.70138977165,97714.97423543409,448.2728456624318
2014-01-08,97266.70138977165,97714.97423543409,448.2728456624318
2014-01-09,97266.70138977165,97714.97423543409,448.2728456624318
2014-01-10,97266.70138977165,97714.97423543409,448.2728456624318
2014-01-13,97266.70138977165,97714.97423543409,448.2728456624318
2014-01-14,97266.70138977165,97714.97423543409,448.2728456624318
2014-01-15,97266.70138977165,97714.97423543409,448.2728456624318
2014-01-16,97266.70138977165,97714.97423543409,448.2728456624318
2014-01-17,97266.70138977165,97714.97423543409,448.2728456624318
2014-01-21,95619.87361194042,96068.14645760285,448.2728456624318
2014-01-22,94840.44929507724,95288.72214073967,448.2728456624318
2014-01-23,94798.23614501278,95246.50899067521,448.2728456624318
2014-01-24,92764.92340206343,93213.19624772586,448.2728456624318
2014-01-27,91931.90854761645,92380.18139327888,448.2728456624318
2014-01-28,92421.91976073757,92870.1926064,448.2728456624318
2014-01-29,92320.21038708487,92768.4832327473,448.2728456624318
2014-01-30,92313.17230362014,92761.44514928258,448.2728456624318
2014-01-31,91854.40289552684,92302.67574118928,448.2728456624318
2014-02-03,91751.06775163533,92199.34059729776,448.2728456624318
2014-02-04,91853.02742418984,92301.30026985228,448.2728456624318
2014-02-05,91714.36936965899,92162.64221532142,448.2728456624318
2014-02-06,91679.85740817687,92128.1302538393,448.2728456624318
2014-02-07,91953.33349977538,92401.60634543782,448.2728456624318
2014-02-10,91688.99796227866,92137.2708079411,448.2728456624318
2014-02-11,92043.39124870428,92491.66409436672,448.2728456624318
2014-02-12,91994.36924107897,92442.6420867414,448.2728456624318
2014-02-13,92142.624831327,92590.89767698944,448.2728456624318
2014-02-14,91949.29640315368,92397.56924881611,448.2728456624318
2014-02-18,92275.58824380708,92723.86108946952,448.2728456624318
2014-02-19,92040.30009877274,92488.57294443517,448.2728456624318
2014-02-20,92445.05985833006,92893.33270399249,448.2728456624318
2014-02-21,93315.21449714713,93763.48734280956,448.2728456624318
2014-02-24,93407.55976812495,93855.83261378738,448.2728456624318
2014-02-25,93309.1298229075,93757.40266856994,448.2728456624318
2014-02-26,92723.2921545473,93171.56500020972,448.2728456624318
2014-02-27,92611.8975568423,93060.17040250474,448.2728456624318
2014-02-28,92635.77453457005,93084.04738023249,448.2728456624318
2014-03-03,92697.49704941642,93145.76989507885,448.2728456624318
2014-03-04,93085.96182384994,93534.23466951237,448.2728456624318
2014-03-05,93372.85476416117,93821.1276098236,448.2728456624318
2014-03-06,93544.32610253384,93992.59894819628,448.2728456624318
2014-03-07,93416.54495983268,93864.81780549511,448.2728456624318
2014-03-10,93620.58831112902,94068.86115679145,448.2728456624318
2014-03-11,93787.64460953162,94235.91745519405,448.2728456624318
2014-03-12,93973.71795911319,94421.99080477562,448.2728456624318
2014-03-13,93962.58696886152,94410.85981452395,448.2728456624318
2014-03-14,93832.17973019858,94280.45257586101,448.2728456624318
2014-03-17,94091.65383227589,94539.92667793832,448.2728456624318
2014-03-18,94289.94910381734,94738.22194947978,448.2728456624318
2014-03-19,94279.78652123688,94728.05936689931,448.2728456624318
2014-03-20,94420.22083205334,94868.49367771577,448.2728456624318
2014-03-21,94375.82969287783,94824.10253854026,448.2728456624318
2014-03-24,94402.95037483214,94851.22322049458,448.2728456624318
2014-03-25,94415.9261618182,94864.19900748064,448.2728456624318
2014-03-26,94418.01970241079,94866.29254807322,448.2728456624318
2014-03-27,94304.27135331882,94752.54419898125,448.2728456624318
2014-03-28,94335.53389316774,94783.80673883017,448.2728456624318
2014-03-31,94391.63476979919,94839.90761546162,448.2728456624318
2014-04-01,94349.86091984948,94798.13376551191,448.2728456624318
2014-04-02,94363.04900550586,94811.3218511683,448.2728456624318
2014-04-03,94356.58720463933,94804.86005030177,448.2728456624318
2014-04-04,94369.16974420147,94817.4425898639,448.2728456624318
2014-04-07,94514.47165653226,94962.74450219469,448.2728456624318
2014-04-08,94436.26170001342,94884.53454567585,448.2728456624318
2014-04-09,94463.88577762689,94912.15862328932,448.2728456624318
2014-04-10,94277.18005312281,94725.45289878524,448.2728456624318
2014-04-11,94316.00748744095,94764.28033310338,448.2728456624318
2014-04-14,94324.09553477378,94772.36838043621,448.2728456624318
2014-04-15,94390.07946862164,94838.35231428407,448.2728456624318
2014-04-16,94474.0259969621,94922.29884262453,448.2728456624318
2014-04-17,94366.45485319034,94814.72769885277,448.2728456624318
2014-04-21,94647.21736243949,95095.49020810192,448.2728456624318
2014-04-22,94707.7414659115,95156.01431157393,448.2728456624318
2014-04-23,94740.04842569842,95188.32127136085,448.2728456624318
2014-04-24,94698.33133753692,95146.60418319935,448.2728456624318
2014-04-25,94736.30948289181,95184.58232855424,448.2728456624318
2014-04-28,94671.4892481307,95119.76209379314,448.2728456624318
2014-04-29,94909.97632072796,95358.2491663904,448.2728456624318
2014-04-30,94784.90441170963,95233.17725737207,448.2728456624318
2014-05-01,95031.72469620453,95479.99754186696,448.2728456624318
2014-05-02,95443.09942794894,95891.37227361137,448.2728456624318
2014-05-05,95874.92049790919,96323.19334357162,448.2728456624318
2014-05-06,96026.40341966785,96474.67626533029,448.2728456624318
2014-05-07,96246.68628753768,96694.95913320011,448.2728456624318
2014-05-08,96537.11861104518,96985.39145670761,448.2728456624318
2014-05-09,96501.25229126052,96949.52513692295,448.2728456624318
2014-05-12,97165.25637257635,97613.52921823878,448.2728456624318
2014-05-13,97149.53380284901,97597.80664851144,448.2728456624318
2014-05-14,97505.75306121097,97954.0259068734,448.2728456624318
2014-05-15,97721.31401165295,98169.58685731539,448.2728456624318
2014-05-16,97966.15384637122,98414.42669203365,448.2728456624318
2014-05-19,97983.83155835606,98432.1044040185,448.2728456624318
2014-05-20,98006.87463152455,98455.14747718698,448.2728456624318
2014-05-21,98107.29668265115,98555.56952831359,448.2728456624318
2014-05-22,98024.8219087252,98473.09475438762,448.2728456624318
2014-05-23,98017.45265430282,98465.72549996525,448.2728456624318
2014-05-27,98189.96202615905,98638.23487182148,448.2728456624318
2014-05-28,98382.99010690046,98831.26295256289,448.2728456624318
2014-05-29,98334.4865265775,98782.75937223993,448.2728456624318
2014-05-30,98502.8958718353,98951.16871749773,448.2728456624318
2014-06-02,98696.86236981954,99145.13521548198,448.2728456624318
2014-06-03,98742.313258101,99190.58610376343,448.2728456624318
2014-06-04,98878.305329361,99326.57817502343,448.2728456624318
2014-06-05,98958.15270173107,99406.4255473935,448.2728456624318
2014-06-06,98980.76329637319,99429.03614203562,448.2728456624318
2014-06-09,99229.63622251037,99677.9090681728,448.2728456624318
2014-06-10,99001.59875388513,99449.87159954756,448.2728456624318
2014-06-11,99021.53973200568,99469.81257766811,448.2728456624318
2014-06-12,99337.20002863742,99785.47287429986,448.2728456624318
2014-06-13,99371.2706345506,99819.54348021303,448.2728456624318
2014-06-16,99510.31399733643,99958.58684299886,448.2728456624318
2014-06-17,99186.44796590973,99634.72081157216,448.2728456624318
2014-06-18,99150.49042937695,99598.76327503938,448.2728456624318
2014-06-19,98933.46932862978,99381.74217429222,448.2728456624318
2014-06-20,99073.95747819333,99522.23032385577,448.2728456624318
2014-06-23,99097.30312144896,99545.57596711139,448.2728456624318
2014-06-24,99114.3314463736,99562.60429203603,448.2728456624318
2014-06-25,99109.32825350785,99557.60109917028,448.2728456624318
2014-06-26,99089.79813431017,99538.0709799726,448.2728456624318
2014-06-27,99059.16312067606,99507.4359663385,448.2728456624318
2014-06-30,99092.61153596966,99540.88438163209,448.2728456624318
2014-07-01,99109.1432784861,99557.41612414853,448.2728456624318
2014-07-02,99133.42310061259,99581.69594627502,448.2728456624318
2014-07-03,99129.36491129058,99577.63775695302,448.2728456624318
2014-07-07,99148.52276954358,99596.795615206,448.2728456624318
2014-07-08,99233.46244675829,99681.73529242072,448.2728456624318
2014-07-09,99144.92288903869,99593.19573470112,448.2728456624318
2014-07-10,99187.59510995843,99635.86795562087,448.2728456624318
2014-07-11,99224.31105016125,99672.58389582369,448.2728456624318
2014-07-14,99186.97832196625,99635.25116762868,448.2728456624318
2014-07-15,99174.91334180953,99623.18618747196,448.2728456624318
2014-07-16,99344.82360003772,99793.09644570015,448.2728456624318
2014-07-17,99342.23696302483,99790.50980868726,448.2728456624318
2014-07-18,99283.48957063467,99731.7624162971,448.2728456624318
2014-07-21,98723.7596093535,99172.03245501593,448.2728456624318
2014-07-22,99145.74128154863,99594.01412721106,448.2728456624318
2014-07-23,98280.30249021214,98728.57533587457,448.2728456624318
2014-07-24,97374.7731402982,97823.04598596063,448.2728456624318
2014-07-25,98412.40243976377,98860.6752854262,448.2728456624318
2014-07-28,98515.06389831519,98963.33674397762,448.2728456624318
2014-07-29,98522.71584252967,98970.9886881921,448.2728456624318
2014-07-30,97726.40557005501,98174.67841571744,448.2728456624318
2014-07-31,96111.78805665032,96560.06090231275,448.2728456624318
2014-08-01,96656.02021231817,97104.2930579806,448.2728456624318
2014-08-04,96565.98824094166,97014.26108660409,448.2728456624318
2014-08-05,96472.42184472119,96920.69469038362,448.2728456624318
2014-08-06,96517.10794103646,96965.3807866989,448.2728456624318
2014-08-07,96660.0112149585,97108.28406062094,448.2728456624318
2014-08-08,96957.09555202932,97405.36839769175,448.2728456624318
2014-08-11,96773.48027794319,97221.75312360562,448.2728456624318
2014-08-12,96793.29401254002,97241.56685820245,448.2728456624318
2014-08-13,96575.5511236221,97023.82396928454,448.2728456624318
2014-08-14,96108.76636745653,96557.03921311896,448.2728456624318
2014-08-15,95493.42271944648,95941.69556510891,448.2728456624318
2014-08-18,95533.53470800584,95981.80755366827,448.2728456624318
2014-08-19,95331.1920314522,95779.46487711463,448.2728456624318
2014-08-20,95142.64139780728,95590.91424346971,448.2728456624318
2014-08-21,95136.96141818236,95585.23426384479,448.2728456624318
2014-08-22,94809.96108373604,95258.23392939847,448.2728456624318
2014-08-25,95039.42734846706,95487.70019412949,448.2728456624318
2014-08-26,94956.41701914533,95404.68986480776,448.2728456624318
2014-08-27,94952.03775588586,95400.31060154829,448.2728456624318
2014-08-28,95033.58433903754,95481.85718469997,448.2728456624318
2014-08-29,94891.25574174337,95339.5285874058,448.2728456624318
2014-09-02,95152.14987909328,95600.42272475571,448.2728456624318
2014-09-03,95455.77315274859,95904.04599841102,448.2728456624318
2014-09-04,95271.10566337011,95719.37850903254,448.2728456624318
2014-09-05,95018.4396668286,95466.71251249104,448.2728456624318
2014-09-08,95001.32108815433,95449.59393381677,448.2728456624318
2014-09-09,95182.35416660924,95630.62701227167,448.2728456624318
2014-09-10,95149.71483182884,95597.98767749127,448.2728456624318
2014-09-11,95128.39125897805,95576.66410464048,448.2728456624318
2014-09-12,95201.03405399271,95649.30689965514,448.2728456624318
2014-09-15,95295.72011940973,95743.99296507216,448.2728456624318
2014-09-16,95426.37993463501,95874.65278029745,448.2728456624318
2014-09-17,95337.23409046256,95785.50693612499,448.2728456624318
2014-09-18,95318.20381925651,95766.47666491894,448.2728456624318
2014-09-19,95043.62788275722,95491.90072841966,448.2728456624318
2014-09-22,95065.03630879405,95513.30915445648,448.2728456624318
2014-09-23,95050.38197676023,95498.65482242266,448.2728456624318
2014-09-24,95085.14203062514,95533.41487628757,448.2728456624318
2014-09-25,95049.84689653781,95498.11974220024,448.2728456624318
2014-09-26,95087.99640307715,95536.26924873958,448.2728456624318
2014-09-29,95136.78277477529,95585.05562043772,448.2728456624318
2014-09-30,95133.13837183919,95581.41121750162,448.2728456624318
2014-10-01,95171.68223601789,95619.95508168032,448.2728456624318
2014-10-02,95156.47615488153,95604.74900054396,448.2728456624318
2014-10-03,95182.10825493908,95630.38110060152,448.2728456624318
2014-10-06,95231.83352000639,95680.10636566882,448.2728456624318
2014-10-07,95168.37032106449,95616.64316672692,448.2728456624318
2014-10-08,95259.08760844124,95707.36045410368,448.2728456624318
2014-10-09,95163.51931218524,95611.79215784767,448.2728456624318
2014-10-10,95054.59048883733,95502.86333449977,448.2728456624318
2014-10-13,95199.11429145536,95647.3871371178,448.2728456624318
2014-10-14,95223.4307411206,95671.70358678303,448.2728456624318
2014-10-15,95034.052245514,95482.32509117643,448.2728456624318
2014-10-16,95173.02260778635,95621.29545344878,448.2728456624318
2014-10-17,95148.84679373191,95597.11963939434,448.2728456624318
2014-10-20,96076.03824546246,96524.3110911249,448.2728456624318
2014-10-21,94896.75245127734,95345.02529693977,448.2728456624318
2014-10-22,96257.69540832844,96705.96825399087,448.2728456624318
2014-10-23,95214.29742646043,95662.57027212286,448.2728456624318
2014-10-24,93881.92350047408,94330.19634613651,448.2728456624318
2014-10-27,94029.58655691298,94477.85940257541,448.2728456624318
2014-10-28,94356.64233083976,94804.9151765022,448.2728456624318
2014-10-29,94060.53939545352,94508.81224111596,448.2728456624318
2014-10-30,94169.80184007878,94618.07468574122,448.2728456624318
2014-10-31,94048.78345238592,94497.05629804835,448.2728456624318
2014-11-03,94487.11996784655,94935.39281350898,448.2728456624318
2014-11-04,93897.0110765734,94345.28392223583,448.2728456624318
2014-11-05,93884.7300343056,94333.00287996803,448.2728456624318
2014-11-06,95008.80881389847,95457.0816595609,448.2728456624318
2014-11-07,95291.24513761292,95739.51798327535,448.2728456624318
2014-11-10,95785.41692900658,96233.68977466901,448.2728456624318
2014-11-11,96160.72823726467,96609.0010829271,448.2728456624318
2014-11-12,96992.98375583487,97441.2566014973,448.2728456624318
2014-11-13,97763.75801819388,98212.03086385631,448.2728456624318
2014-11-14,98018.18731469312,98466.46016035555,448.2728456624318
2014-11-17,98416.1398934885,98864.41273915092,448.2728456624318
2014-11-18,98804.75614203024,99253.02898769267,448.2728456624318
2014-11-19,97558.64018050744,98006.91302616987,448.2728456624318
2014-11-20,96941.81915482762,97390.09200049005,448.2728456624318
2014-11-21,97729.2166234944,98177.48946915683,448.2728456624318
2014-11-24,97770.40100673959,98218.67385240202,448.2728456624318
2014-11-25,97813.3928336089,98261.66567927133,448.2728456624318
2014-11-26,97686.73665091163,98135.00949657406,448.2728456624318
2014-11-28,97512.0014221184,97960.27426778083,448.2728456624318
2014-12-01,97944.73755246587,98393.0103981283,448.2728456624318
2014-12-02,98047.28629813716,98495.55914379959,448.2728456624318
2014-12-03,98141.37468813243,98589.64753379487,448.2728456624318
2014-12-04,98247.52888951427,98695.8017351767,448.2728456624318
2014-12-05,98355.93532020831,98804.20816587075,448.2728456624318
2014-12-08,98387.14221510361,98835.41506076604,448.2728456624318
2014-12-09,98536.67515469762,98984.94800036005,448.2728456624318
2014-12-10,98426.70321652223,98874.97606218467,448.2728456624318
2014-12-11,98498.36026536743,98946.63311102986,448.2728456624318
2014-12-12,98030.25894546509,98478.53179112752,448.2728456624318
2014-12-15,98079.03809129703,98527.31093695946,448.2728456624318
2014-12-16,98315.94314303086,98764.2159886933,448.2728456624318
2014-12-17,98339.98749222513,98788.26033788756,448.2728456624318
2014-12-18,97530.35682851821,97978.62967418064,448.2728456624318
2014-12-19,97172.61514247698,97620.88798813941,448.2728456624318
2014-12-22,97172.61514247698,97620.88798813941,448.2728456624318
2014-12-23,97172.61514247698,97620.88798813941,448.2728456624318
2014-12-24,97172.61514247698,97620.88798813941,448.2728456624318
2014-12-26,97172.61514247698,97620.88798813941,448.2728456624318
2014-12-29,97172.61514247698,97620.88798813941,448.2728456624318
2014-12-30,97172.61514247698,97620.88798813941,448.2728456624318
2014-12-31,97172.61514247698,97620.88798813941,448.2728456624318
2015-01-02,97172.61514247698,97620.88798813941,448.2728456624318
2015-01-05,97172.61514247698,97620.88798813941,448.2728456624318
2015-01-06,97172.61514247698,97620.88798813941,448.2728456624318
2015-01-07,97172.61514247698,97620.88798813941,448.2728456624318
2015-01-08,97172.61514247698,97620.88798813941,448.2728456624318
2015-01-09,97172.61514247698,97620.88798813941,448.2728456624318
2015-01-12,97172.61514247698,97620.88798813941,448.2728456624318
2015-01-13,97172.61514247698,97620.88798813941,448.2728456624318
2015-01-14,97172.61514247698,97620.88798813941,448.2728456624318
2015-01-15,97172.61514247698,97620.88798813941,448.2728456624318
2015-01-16,97172.61514247698,97620.88798813941,448.2728456624318
2015-01-20,96121.32366889808,96569.59651456052,448.2728456624318
2015-01-21,97140.02570942335,97588.29855508578,448.2728456624318
2015-01-22,96035.64345446578,96483.91630012821,448.2728456624318
2015-01-23,97281.06771978945,97729.34056545189,448.2728456624318
2015-01-26,97401.86625820957,97850.139103872,448.2728456624318
2015-01-27,97707.45754146297,98155.7303871254,448.2728456624318
2015-01-28,97052.98841271829,97501.26125838072,448.2728456624318
2015-01-29,97997.69989889406,98445.9727445565,448.2728456624318
2015-01-30,97411.25238680362,97859.52523246605,448.2728456624318
2015-02-02,98284.78542881226,98733.0582744747,448.2728456624318
2015-02-03,98154.62140302535,98602.89424868778,448.2728456624318
2015-02-04,99963.62260064587,100411.8954463083,448.2728456624318
2015-02-05,99532.01240232249,99980.28524798492,448.2728456624318
2015-02-06,99680.5881116431,100128.86095730553,448.2728456624318
2015-02-09,100537.02674745512,100985.29959311755,448.2728456624318
2015-02-10,100938.88244943635,101387.15529509878,448.2728456624318
2015-02-11,100787.50566829857,101235.778513961,448.2728456624318
2015-02-12,99596.70938607655,100044.98223173898,448.2728456624318
2015-02-13,99343.22878964432,99791.50163530675,448.2728456624318
2015-02-17,99069.9320333408,99518.20487900323,448.2728456624318
2015-02-18,99412.35556118411,99860.62840684655,448.2728456624318
2015-02-19,98922.37917375937,99370.6520194218,448.2728456624318
2015-02-20,100830.89009141095,101279.16293707339,448.2728456624318
2015-02-23,100646.04831193341,101094.32115759584,448.2728456624318
2015-02-24,100163.5659694646,100611.83881512703,448.2728456624318
2015-02-25,99924.43293704512,100372.70578270755,448.2728456624318
2015-02-26,100040.05631091772,100488.32915658015,448.2728456624318
2015-02-27,100965.09087141359,101413.36371707602,448.2728456624318
2015-03-02,100494.83088224893,100943.10372791137,448.2728456624318
2015-03-03,100739.50938952796,101187.78223519039,448.2728456624318
2015-03-04,101462.42423652473,101910.69708218717,448.2728456624318
2015-03-05,101096.36019961047,101544.6330452729,448.2728456624318
2015-03-06,101924.00998082082,102372.28282648325,448.2728456624318
2015-03-09,102028.76491132705,102477.03775698948,448.2728456624318
2015-03-10,103856.89354337845,104305.16638904088,448.2728456624318
2015-03-11,103988.8327303282,104437.10557599063,448.2728456624318
2015-03-12,104463.95499803114,104912.22784369357,448.2728456624318
2015-03-13,105923.06998530414,106371.34283096658,448.2728456624318
2015-03-16,101862.0919400045,102310.36478566693,448.2728456624318
2015-03-17,102159.54649752262,102607.81934318505,448.2728456624318
2015-03-18,99301.03170778276,99749.3045534452,448.2728456624318
2015-03-19,100438.12386741629,100886.39671307872,448.2728456624318
2015-03-20,98075.3223330623,98523.59517872473,448.2728456624318
2015-03-23,98091.69565701787,98539.9685026803,448.2728456624318
2015-03-24,98076.37993819988,98524.65278386232,448.2728456624318
2015-03-25,98043.15531796566,98491.4281636281,448.2728456624318
2015-03-26,98060.43554891949,98508.70839458192,448.2728456624318
2015-03-27,98077.40409265133,98525.67693831376,448.2728456624318
2015-03-30,98126.10485001886,98574.3776956813,448.2728456624318
2015-03-31,98134.77387892944,98583.04672459187,448.2728456624318
2015-04-01,98136.71525764721,98584.98810330965,448.2728456624318
2015-04-02,98132.82581801456,98581.098663677,448.2728456624318
2015-04-06,98098.00756649696,98546.2804121594,448.2728456624318
2015-04-07,98030.98602305911,98479.25886872155,448.2728456624318
2015-04-08,98080.63607337838,98528.90891904081,448.2728456624318
2015-04-09,98086.62508693896,98534.8979326014,448.2728456624318
2015-04-10,98197.33658140642,98645.60942706885,448.2728456624318
2015-04-13,98286.04669280653,98734.31953846896,448.2728456624318
2015-04-14,98279.69995280844,98727.97279847087,448.2728456624318
2015-04-15,98284.51605669549,98732.78890235792,448.2728456624318
2015-04-16,98292.55951014976,98740.83235581219,448.2728456624318
2015-04-17,98368.36670514033,98816.63955080276,448.2728456624318
2015-04-20,97428.65635123488,97876.92919689731,448.2728456624318
2015-04-21,97350.76576398476,97799.03860964719,448.2728456624318
2015-04-22,97403.31771660363,97851.59056226606,448.2728456624318
2015-04-23,97209.7439413201,97658.01678698254,448.2728456624318
2015-04-24,97442.89277908974,97891.16562475218,448.2728456624318
2015-04-27,97426.77651230572,97875.04935796815,448.2728456624318
2015-04-28,98046.77829759067,98495.0511432531,448.2728456624318
2015-04-29,97861.62613078265,98309.89897644508,448.2728456624318
2015-04-30,96677.43760553969,97125.71045120212,448.2728456624318
2015-05-01,98684.2098773059,99132.48272296833,448.2728456624318
2015-05-04,98842.89145799878,99291.16430366121,448.2728456624318
2015-05-05,98522.12118631753,98970.39403197996,448.2728456624318
2015-05-06,98857.44935089734,99305.72219655977,448.2728456624318
2015-05-07,99975.12799162138,100423.40083728381,448.2728456624318
2015-05-08,100624.32818013802,101072.60102580045,448.2728456624318
2015-05-11,100624.35085739731,101072.62370305974,448.2728456624318
2015-05-12,100194.84131514223,100643.11416080466,448.2728456624318
2015-05-13,100247.53266151133,100695.80550717376,448.2728456624318
2015-05-14,100191.59131830232,100639.86416396475,448.2728456624318
2015-05-15,99372.62508645654,99820.89793211897,448.2728456624318
2015-05-18,99429.13551242254,99877.40835808497,448.2728456624318
2015-05-19,99465.65032241656,99913.923168079,448.2728456624318
2015-05-20,99498.78057148727,99947.0534171497,448.2728456624318
2015-05-21,99523.36027862364,99971.63312428608,448.2728456624318
2015-05-22,99517.91337508801,99966.18622075045,448.2728456624318
2015-05-26,99685.1080767489,100133.38092241134,448.2728456624318
2015-05-27,99714.65473764786,100162.92758331029,448.2728456624318
2015-05-28,99742.55990331247,100190.8327489749,448.2728456624318
2015-05-29,99768.45224577119,100216.72509143362,448.2728456624318
2015-06-01,99925.17399229319,100373.44683795562,448.2728456624318
2015-06-02,99982.38050698652,100430.65335264895,448.2728456624318
2015-06-03,99855.55264474615,100303.82549040858,448.2728456624318
2015-06-04,99720.32639677823,100168.59924244066,448.2728456624318
2015-06-05,99769.22297564475,100217.49582130718,448.2728456624318
2015-06-08,99869.40669734101,100317.67954300344,448.2728456624318
2015-06-09,99872.4849537951,100320.75779945753,448.2728456624318
2015-06-10,99808.52111913427,100256.7939647967,448.2728456624318
2015-06-11,99807.94729488832,100256.22014055075,448.2728456624318
2015-06-12,99784.55675224983,100232.82959791226,448.2728456624318
2015-06-15,100055.44274057471,100503.71558623714,448.2728456624318
2015-06-16,100159.32433461607,100607.5971802785,448.2728456624318
2015-06-17,100304.71727652475,100752.99012218718,448.2728456624318
2015-06-18,100297.00536743761,100745.27821310004,448.2728456624318
2015-06-19,100301.16612930084,100749.43897496327,448.2728456624318
2015-06-22,100552.38304793474,101000.65589359717,448.2728456624318
2015-06-23,100696.1155206965,101144.38836635894,448.2728456624318
2015-06-24,100392.06696190767,100840.3398075701,448.2728456624318
2015-06-25,99781.77868961543,100230.05153527786,448.2728456624318
2015-06-26,99881.74470153067,100330.0175471931,448.2728456624318
2015-06-29,95188.84905974742,95637.12190540985,448.2728456624318
2015-06-30,96629.24347473623,97077.51632039866,448.2728456624318
2015-07-01,98792.95258872968,99241.22543439211,448.2728456624318
2015-07-02,98167.58641218045,98615.85925784288,448.2728456624318
2015-07-06,98626.40080384165,99074.67364950408,448.2728456624318
2015-07-07,99945.92734417203,100394.20018983446,448.2728456624318
2015-07-08,97811.80505457381,98260.07790023624,448.2728456624318
2015-07-09,98347.1963476201,98795.46919328254,448.2728456624318
2015-07-10,100901.30202911433,101349.57487477676,448.2728456624318
2015-07-13,101999.61669648881,102447.88954215124,448.2728456624318
2015-07-14,102652.04316335416,103100.31600901659,448.2728456624318
2015-07-15,102769.80248467426,103218.0753303367,448.2728456624318
2015-07-16,103612.00207282032,104060.27491848276,448.2728456624318
2015-07-17,103777.18272045394,104225.45556611638,448.2728456624318
2015-07-20,103883.92979317857,104332.202638841,448.2728456624318
2015-07-21,103869.94022617606,104318.21307183849,448.2728456624318
2015-07-22,103778.68129460607,104226.9541402685,448.2728456624318
2015-07-23,103656.1377978765,104104.41064353893,448.2728456624318
2015-07-24,101618.50757615641,102066.78042181884,448.2728456624318
2015-07-27,102205.13117566193,102653.40402132436,448.2728456624318
2015-07-28,102472.12983883242,102920.40268449485,448.2728456624318
2015-07-29,102085.19564134092,102533.46848700335,448.2728456624318
2015-07-30,102201.79895978211,102650.07180544455,448.2728456624318
2015-07-31,102158.0563247304,102606.32917039283,448.2728456624318
2015-08-03,101837.59794335836,102285.87078902079,448.2728456624318
2015-08-04,101713.60922351736,102161.88206917979,448.2728456624318
2015-08-05,101968.2411282959,102416.51397395832,448.2728456624318
2015-08-06,102354.58772376203,102802.86056942446,448.2728456624318
2015-08-07,101718.7887976293,102167.06164329173,448.2728456624318
2015-08-10,103026.519155666,103474.79200132843,448.2728456624318
2015-08-11,102858.44100504997,103306.7138507124,448.2728456624318
2015-08-12,103237.23427777993,103685.50712344237,448.2728456624318
2015-08-13,103077.32270249771,103525.59554816014,448.2728456624318
2015-08-14,102875.63090706058,103323.90375272301,448.2728456624318
2015-08-17,103229.42782955943,103677.70067522186,448.2728456624318
2015-08-18,103122.58793021133,103570.86077587376,448.2728456624318
2015-08-19,102941.97332021617,103390.2461658786,448.2728456624318
2015-08-20,102360.97457096726,102809.24741662969,448.2728456624318
2015-08-21,98847.26335591008,99295.53620157251,448.2728456624318
2015-08-24,85966.97894577391,80966.96598872938,-5000.012957044528
2015-08-25,92188.11348170834,90884.08099411184,-1304.0324875965016
2015-08-26,78741.83973204216,66721.75219788798,-12020.087534154183
2015-08-27,100775.07644221629,118417.57473600039,17642.498293784098
2015-08-28,99769.61836912029,116160.722773285,16391.10440416471
2015-08-31,100711.62959772767,117737.94501135265,17026.31541362498
2015-09-01,94132.64611076657,103464.67278104881,9332.026670282241
2015-09-02,103290.11825063161,123202.87005909032,19912.751808458706
2015-09-03,102698.38808622502,121454.72110054968,18756.333014324657
2015-09-04,98448.69661056565,112513.72210218513,14065.025491619483
2015-09-08,103245.35891135165,122740.04746254173,19494.688551190076
2015-09-09,101960.40815406467,119241.92913483793,17281.52098077326
2015-09-10,103828.7013842098,123525.52836231084,19696.826978101046
2015-09-11,105076.51291748125,126827.5363541164,21751.02343663515
2015-09-14,105339.01060554548,126472.52160318708,21133.5109976416
2015-09-15,108471.8261462549,133024.09855957702,24552.27241332212
2015-09-16,110033.06498333975,136425.4323384883,26392.36735514854
2015-09-17,110837.8615691046,137532.88445617165,26695.022887067054
2015-09-18,108165.1736877769,130578.1448415122,22412.9711537353
2015-09-21,110738.26361748879,133151.2347712242,22412.971153735416
2015-09-22,108751.84437016957,131164.81552390498,22412.971153735416
2015-09-23,109753.92771786975,132166.89887160505,22412.9711537353
2015-09-24,109446.78387910593,131859.75503284112,22412.971153735183
2015-09-25,110448.60830697964,132861.57946071494,22412.9711537353
2015-09-28,105807.92589580873,128220.89704954403,22412.9711537353
2015-09-29,106570.15403538756,128983.12518912298,22412.971153735416
2015-09-30,110360.34401787515,132773.31517161056,22412.971153735416
2015-10-01,111388.99875249167,133801.96990622696,22412.9711537353
2015-10-02,113778.7577814348,136191.72893517022,22412.971153735416
2015-10-05,113795.58319592767,136208.55434966297,22412.9711537353
2015-10-06,115248.26354123477,137661.23469497007,22412.9711537353
2015-10-07,114600.80983451277,137013.78098824807,22412.9711537353
2015-10-08,113287.07724654605,135700.04840028123,22412.971153735183
2015-10-09,113547.67749992781,135960.648653663,22412.971153735183
2015-10-12,113435.81114613521,135848.78229987063,22412.971153735416
2015-10-13,114642.45053247246,137055.42168620788,22412.971153735416
2015-10-14,115596.11459698761,138009.08575072302,22412.971153735416
2015-10-15,114407.5392551698,136820.5104089051,22412.9711537353
2015-10-16,111694.61159795162,134107.58275168762,22412.971153735998
2015-10-19,111874.13072073611,134287.1018744721,22412.971153735998
2015-10-20,111723.94018584245,134136.91133957845,22412.971153735998
2015-10-21,111768.94902211672,134181.92017585272,22412.971153735998
2015-10-22,111104.48556443385,133517.45671816985,22412.971153735998
2015-10-23,109910.40070755372,132323.37186128972,22412.971153735998
2015-10-26,110224.25623784086,132637.22739157686,22412.971153735998
2015-10-27,110138.18288135563,132551.15403509163,22412.971153735998
2015-10-28,110182.10192118946,132595.07307492546,22412.971153735998
2015-10-29,110999.75850425812,133412.72965799412,22412.971153735998
2015-10-30,111218.88562430826,133631.85677804425,22412.971153735998
2015-11-02,111501.48429166537,133914.45544540137,22412.971153735998
2015-11-03,111414.9448531206,133827.9160068566,22412.971153735998
2015-11-04,111650.6340020689,134063.6051558049,22412.971153735998
2015-11-05,111779.83977416635,134192.81092790235,22412.971153735998
2015-11-06,111389.46430906502,133802.43546280102,22412.971153735998
2015-11-09,111873.7050392743,134286.6761930103,22412.971153735998
2015-11-10,112479.61959459062,134892.59074832662,22412.971153735998
2015-11-11,112474.01441464585,134886.98556838185,22412.971153735998
2015-11-12,112220.10601018893,134633.07716392493,22412.971153735998
2015-11-13,111653.34248569992,134066.31363943592,22412.971153735998
2015-11-16,112497.73100415862,134910.70215789462,22412.971153735998
2015-11-17,113003.77221074246,135416.74336447846,22412.971153735998
2015-11-18,111981.26297138899,134394.234125125,22412.971153735998
2015-11-19,112099.56461838062,134512.53577211662,22412.971153735998
2015-11-20,112084.95880158863,134497.92995532462,22412.971153735998
2015-11-23,112014.18985043245,134427.16100416845,22412.971153735998
2015-11-24,111879.96939918143,134292.94055291754,22412.971153736115
2015-11-25,112502.79682133615,134915.76797507214,22412.971153735998
2015-11-27,113807.35831845901,136220.3294721949,22412.97115373588
2015-11-30,112576.82536614186,134989.79651987785,22412.971153735998
2015-12-01,113013.38266967086,135426.35382340685,22412.971153735998
2015-12-02,112975.26018936397,135388.23134309985,22412.97115373588
2015-12-03,111366.20008402236,133779.17123775836,22412.971153735998
2015-12-04,114460.02608571108,136872.9972394472,22412.971153736115
2015-12-07,114375.24717430002,136788.21832803614,22412.971153736115
2015-12-08,114045.90606186609,136458.8772156022,22412.971153736115
2015-12-09,112050.32482834184,134463.29598207795,22412.971153736115
2015-12-10,113090.2601667865,135503.2313205225,22412.971153735998
2015-12-11,108013.1371758543,130426.1083295903,22412.971153735998
2015-12-14,110965.52722017467,133378.49837391055,22412.97115373588
2015-12-15,112820.50856233004,135233.47971606604,22412.971153735998
2015-12-16,112449.96384000371,134862.9349937397,22412.971153735998
2015-12-17,117547.7482838512,139960.71943758707,22412.97115373588
2015-12-18,124482.18573924794,146895.1568929837,22412.971153735765
2015-12-21,123502.58876517846,145915.55991891422,22412.971153735765
2015-12-22,123670.87338842405,146083.8445421597,22412.97115373565
2015-12-23,123592.79904934729,146005.77020308306,22412.971153735765
2015-12-24,123069.16922037315,145482.14037410892,22412.971153735765
2015-12-28,123139.63304117904,145552.60419491422,22412.971153735183
2015-12-29,123201.0056424624,145613.97679619677,22412.97115373437
2015-12-30,123152.72901096928,145565.70016470389,22412.9711537346
2015-12-31,122739.19786074175,145152.16901447647,22412.971153734718
2016-01-04,120950.73442261119,143363.70557634602,22412.971153734834
2016-01-05,122548.95785257919,144961.92900631484,22412.97115373565
2016-01-06,121121.96833250229,143534.9394862384,22412.971153736115
2016-01-07,115739.28160563856,138152.25275937445,22412.97115373588
2016-01-08,112741.39913067268,133008.64442996983,20267.245299297152
2016-01-11,113653.9803292785,134065.48280395358,20411.50247467507
2016-01-12,117529.69955690973,139242.02952678874,21712.329969879007
2016-01-13,110280.65869136225,127060.62561376952,16779.96692240727
2016-01-14,116492.76049837342,143541.32304267492,27048.5625443015
2016-01-15,103613.39150368888,111744.58869803487,8131.197194345994
2016-01-19,104939.98952373187,113071.18671807786,8131.197194345994
2016-01-20,106135.84192804154,114267.03912238753,8131.197194345994
2016-01-21,106429.47974843439,114560.67694278038,8131.197194345994
2016-01-22,107230.65637619386,115361.85357053985,8131.197194345994
2016-01-25,109596.77680963336,117727.97400397935,8131.197194345994
2016-01-26,110745.39397038822,118876.59116473421,8131.197194345994
2016-01-27,112451.78051719815,120582.97771154414,8131.197194345994
2016-01-28,113049.6372255371,121180.83441988309,8131.197194345994
2016-01-29,111079.1432667335,119210.3404610795,8131.197194345994
2016-02-01,112381.00714032061,120512.2043346666,8131.197194345994
2016-02-02,111534.4859716876,119665.68316603359,8131.197194345994
2016-02-03,112134.98405315273,120266.18124749872,8131.197194345994
2016-02-04,112714.32037979108,120845.51757413708,8131.197194345994
2016-02-05,109208.2275755899,117339.4247699359,8131.197194345994
2016-02-08,105284.86452138657,113416.06171573256,8131.197194345994
2016-02-09,106394.28555889323,114525.48275323922,8131.197194345994
2016-02-10,109184.85799438262,117316.05518872861,8131.197194345994
2016-02-11,106795.12385455356,114926.32104889955,8131.197194345994
2016-02-12,111044.24989503087,119175.44708937686,8131.197194345994
2016-02-16,112517.19304625657,120648.39024060254,8131.197194345979
2016-02-17,113355.78019775427,121486.97739210026,8131.197194345994
2016-02-18,113967.99760353367,122099.19479787967,8131.197194345994
2016-02-19,114744.3492240893,122875.54641843529,8131.197194345994
2016-02-22,113171.2338725211,121302.43106686708,8131.197194345979
2016-02-23,113984.04370990547,122115.24090425146,8131.197194345994
2016-02-24,113437.43882737472,121568.63602172071,8131.197194345994
2016-02-25,112491.22168181361,120622.41887615959,8131.197194345979
2016-02-26,112764.8853553571,120896.08254970307,8131.197194345979
2016-02-29,112709.7261672907,120840.9233616367,8131.197194345994
2016-03-01,113236.8809019915,121368.0780963375,8131.197194345994
2016-03-02,114070.65519238077,122201.85238672676,8131.197194345994
2016-03-03,114637.60060069466,122768.79779504065,8131.197194345994
2016-03-04,114757.30210416646,122888.49929851247,8131.1971943460085
2016-03-07,114630.54072257399,122761.73791691998,8131.197194345994
2016-03-08,113502.10406800511,121633.3012623511,8131.197194345994
2016-03-09,114005.98065831196,122137.17785265797,8131.1971943460085
2016-03-10,114028.23697104037,122159.43416538637,8131.197194345994
2016-03-11,115230.8633303016,123362.06052464759,8131.197194345994
2016-03-14,114760.46876071919,122891.66595506517,8131.197194345979
2016-03-15,114391.95828330309,122523.15547764907,8131.197194345979
2016-03-16,114422.15930388961,122553.3564982356,8131.197194345994
2016-03-17,115399.89444045247,123531.09163479845,8131.197194345979
2016-03-18,114665.99309746141,122797.1902918074,8131.197194345994
2016-03-21,114677.85961694398,122809.05681128998,8131.197194345994
2016-03-22,114721.92603771819,122853.12323206419,8131.197194345994
2016-03-23,114806.91302494064,122938.11021928664,8131.197194345994
2016-03-24,114802.19917225056,122933.39636659657,8131.1971943460085
2016-03-28,114954.5036483408,123085.70084268681,8131.1971943460085
2016-03-29,114886.87820149667,123018.07539584266,8131.197194345994
2016-03-30,114996.56845024193,123127.76564458793,8131.197194345994
2016-03-31,115015.66842528396,123146.86561962997,8131.1971943460085
2016-04-01,115110.12504218856,123241.32223653456,8131.197194345994
2016-04-04,115077.37208426918,123208.56927861518,8131.197194345994
2016-04-05,114970.01764124807,123101.21483559406,8131.197194345994
2016-04-06,115180.21225568476,123311.40945003077,8131.1971943460085
2016-04-07,114910.77564528503,123041.97283963102,8131.197194345994
2016-04-08,114969.17181431629,123100.3690086623,8131.1971943460085
2016-04-11,114901.28737607169,123032.48457041767,8131.197194345979
2016-04-12,114989.84466106664,123121.04185541265,8131.1971943460085
2016-04-13,115000.99114921445,123132.18834356044,8131.197194345994
2016-04-14,114868.00083107117,122999.19802541716,8131.197194345994
2016-04-15,114962.38679297373,123093.58398731973,8131.197194345994
2016-04-18,114509.48878906971,122640.6859834157,8131.197194345979
2016-04-19,114629.72509263165,122760.92228697764,8131.197194345994
2016-04-20,115560.91188650763,123692.10908085364,8131.1971943460085
2016-04-21,116302.4995429113,124433.6967372573,8131.197194345994
2016-04-22,117133.13103682,125264.328231166,8131.197194345994
2016-04-25,117187.1136722291,125318.3108665751,8131.1971943460085
2016-04-26,116814.30047410516,124945.49766845116,8131.1971943460085
2016-04-27,116684.83355529535,124816.03074964136,8131.1971943460085
2016-04-28,116109.88602746637,124241.08322181238,8131.1971943460085
2016-04-29,117604.31215149666,125735.50934584264,8131.197194345979
2016-05-02,118450.66171189758,126581.85890624358,8131.197194345994
2016-05-03,118725.3970664027,126856.59426074871,8131.1971943460085
2016-05-04,119015.06117449979,127146.2583688458,8131.1971943460085
2016-05-05,119264.35815355752,127395.55534790352,8131.197194345994
2016-05-06,119688.64913610263,127819.84633044864,8131.1971943460085
2016-05-09,119889.15472217742,128020.35191652342,8131.197194345994
2016-05-10,120103.91873578787,128235.11593013385,8131.197194345979
2016-05-11,120675.92404370243,128807.12123804842,8131.197194345994
2016-05-12,120593.18629747887,128724.38349182485,8131.197194345979
2016-05-13,120717.74867598062,128848.9458703266,8131.197194345979
2016-05-16,121512.86672150528,129644.0639158513,8131.1971943460085
2016-05-17,122421.84247708984,130553.03967143584,8131.197194345994
2016-05-18,122720.4820832305,130851.6792775765,8131.1971943460085
2016-05-19,122003.50712980365,130134.70432414964,8131.197194345994
2016-05-20,123401.34165549777,131532.53884984378,8131.1971943460085
2016-05-23,123417.66923385125,131548.86642819725,8131.197194345994
2016-05-24,123426.81057312142,131558.0077674674,8131.197194345994
2016-05-25,123421.74467306526,131552.94186741125,8131.197194345994
2016-05-26,123285.46378273786,131416.66097708384,8131.197194345979
2016-05-27,123316.38803397458,131447.58522832056,8131.197194345979
2016-05-31,123345.11017527885,131476.30736962485,8131.197194345994
2016-06-01,123180.68499279104,131311.88218713703,8131.197194345994
2016-06-02,123256.92654251016,131388.12373685616,8131.197194345994
2016-06-03,123233.14016056842,131364.3373549144,8131.197194345979
2016-06-06,123243.0167323515,131374.2139266975,8131.197194345994
2016-06-07,123237.02940680354,131368.22660114954,8131.197194345994
2016-06-08,123222.18578306922,131353.38297741523,8131.1971943460085
2016-06-09,123168.46643158898,131299.66362593498,8131.197194345994
2016-06-10,123031.94319637248,131163.14039071847,8131.197194345994
2016-06-13,122958.06225404945,131089.25944839546,8131.1971943460085
2016-06-14,122878.96721240469,131010.1644067507,8131.1971943460085
2016-06-15,122929.80436868907,131061.00156303507,8131.197194345994
2016-06-16,122858.7460012181,130989.94319556409,8131.197194345994
2016-06-17,122855.45444248673,130986.65163683274,8131.1971943460085
2016-06-20,122339.71526145132,130470.91245579731,8131.197194345994
2016-06-21,121755.54125193821,129886.7384462842,8131.197194345994
2016-06-22,120240.62951720426,128371.82671155024,8131.197194345979
2016-06-23,120867.50403619035,128998.70123053633,8131.197194345979
2016-06-24,121226.54782445182,129357.74501879781,8131.197194345994
2016-06-27,123573.2059654412,131704.40315978718,8131.197194345979
2016-06-28,125907.46879199753,134038.66598634352,8131.197194345994
2016-06-29,125403.09692249574,133534.29411684175,8131.1971943460085
2016-06-30,124128.08745819179,132259.28465253778,8131.197194345994
2016-07-01,124182.67224878888,132313.86944313487,8131.197194345994
2016-07-05,119109.6471852658,127240.84437961178,8131.197194345979
2016-07-06,118903.58705552621,127034.7842498722,8131.197194345994
2016-07-07,118905.86394590176,127037.06114024774,8131.197194345979
2016-07-08,118688.22446987334,126819.42166421935,8131.1971943460085
2016-07-11,118719.24078228243,126850.43797662843,8131.197194345994
2016-07-12,119826.57424258241,127957.77143692842,8131.1971943460085
2016-07-13,119559.342785081,127690.539979427,8131.1971943460085
2016-07-14,120998.76155268028,129129.95874702628,8131.197194345994
2016-07-15,120714.22627300129,128845.42346734728,8131.197194345994
2016-07-18,120313.39908535067,128444.59627969668,8131.1971943460085
2016-07-19,121003.12410165905,129134.32129600504,8131.197194345994
2016-07-20,121241.36945486476,129372.56664921076,8131.197194345994
2016-07-21,121949.25077165314,130080.44796599913,8131.197194345994
2016-07-22,122869.6173074122,131000.8145017582,8131.197194345994
2016-07-25,122556.72778754553,130687.92498189153,8131.197194345994
2016-07-26,123202.38780000375,131333.58499434975,8131.197194345994
2016-07-27,123652.12779747043,131783.32499181642,8131.197194345994
2016-07-28,123847.30702585132,131978.50422019733,8131.1971943460085
2016-07-29,124646.49138218455,132777.68857653055,8131.197194345994
2016-08-01,124174.39246734849,132305.58966169448,8131.197194345994
2016-08-02,122329.9083072677,130461.1055016137,8131.197194345994
2016-08-03,123203.34126423612,131334.53845858213,8131.1971943460085
2016-08-04,123526.12406407308,131657.32125841908,8131.197194345994
2016-08-05,126399.25485262346,134530.45204696944,8131.197194345979
2016-08-08,126495.25537205311,134626.45256639912,8131.1971943460085
2016-08-09,126662.25526174951,134793.4524560955,8131.197194345979
2016-08-10,126619.99980827792,134751.19700262393,8131.1971943460085
2016-08-11,127077.38555035635,135208.58274470235,8131.197194345994
2016-08-12,127643.21642034908,135774.41361469508,8131.197194345994
2016-08-15,127880.5625929014,136011.7597872474,8131.197194345994
2016-08-16,127193.56416196564,135324.76135631162,8131.197194345979
2016-08-17,128167.54226919403,136298.73946354003,8131.197194345994
2016-08-18,129330.30742185588,137461.50461620186,8131.197194345979
2016-08-19,128090.50732591246,136221.70452025847,8131.1971943460085
2016-08-22,128118.78482387062,136249.98201821663,8131.1971943460085
2016-08-23,128128.22043194657,136259.41762629256,8131.197194345994
2016-08-24,128144.91048614227,136276.10768048826,8131.197194345994
2016-08-25,128105.80658728711,136237.0037816331,8131.197194345994
2016-08-26,128124.92316934641,136256.1203636924,8131.197194345994
2016-08-29,128189.31828939973,136320.51548374572,8131.197194345994
2016-08-30,128204.00185154437,136335.19904589036,8131.197194345994
2016-08-31,128226.57941361505,136357.77660796104,8131.197194345994
2016-09-01,128266.05741546875,136397.25460981473,8131.197194345979
2016-09-02,128273.53041386988,136404.72760821588,8131.197194345994
2016-09-06,128351.35065658006,136482.54785092606,8131.197194345994
2016-09-07,128355.15228529659,136486.34947964258,8131.197194345994
2016-09-08,128375.23104229069,136506.42823663668,8131.197194345994
2016-09-09,128417.30975312635,136548.50694747234,8131.197194345994
2016-09-12,128451.32221073739,136582.51940508338,8131.197194345994
2016-09-13,128429.77442676935,136560.97162111534,8131.197194345994
2016-09-14,128522.51975504647,136653.71694939246,8131.197194345994
2016-09-15,128490.9439163938,136622.1411107398,8131.197194345994
2016-09-16,128433.75821948389,136564.95541382988,8131.197194345994
2016-09-19,128459.05256195007,136590.24975629605,8131.197194345979
2016-09-20,128475.06758062134,136606.26477496733,8131.197194345994
2016-09-21,128478.83894798101,136610.036142327,8131.197194345994
2016-09-22,128441.09711453912,136572.29430888512,8131.197194345994
2016-09-23,128477.40444251045,136608.60163685645,8131.197194345994
2016-09-26,128482.70566753707,136613.90286188305,8131.197194345979
2016-09-27,128409.46407658479,136540.66127093078,8131.197194345994
2016-09-28,128420.81007800659,136552.00727235258,8131.197194345994
2016-09-29,128065.19482980983,136196.39202415582,8131.197194345994
2016-09-30,128063.59702509979,136194.7942194458,8131.197194345994
2016-10-03,128169.83641322574,136301.03360757174,8131.197194345994
2016-10-04,128339.97655225791,136471.1737466039,8131.197194345979
2016-10-05,128378.78533550014,136509.98252984614,8131.197194345994
2016-10-06,128364.20852356158,136495.4057179076,8131.1971943460085
2016-10-07,128517.68435310561,136648.8815474516,8131.197194345994
2016-10-10,128473.3943597459,136604.5915540919,8131.197194345994
2016-10-11,128492.23071817202,136623.42791251803,8131.1971943460085
2016-10-12,128481.6989267069,136612.8961210529,8131.1971943460085
2016-10-13,128428.96761440125,136560.16480874724,8131.197194345994
2016-10-14,128432.55898861785,136563.75618296384,8131.197194345994
2016-10-17,128568.9999957435,136700.1971900895,8131.197194345994
2016-10-18,128629.8201138057,136761.0173081517,8131.197194345994
2016-10-19,128476.94659379113,136608.14378813712,8131.197194345994
2016-10-20,128677.98264690035,136809.17984124634,8131.197194345994
2016-10-21,128683.58332935662,136814.78052370262,8131.197194345994
2016-10-24,128864.76720871415,136995.96440306015,8131.197194345994
2016-10-25,129019.28637276881,137150.4835671148,8131.197194345994
2016-10-26,128864.44185051195,136995.63904485793,8131.197194345979
2016-10-27,129058.81762120535,137190.01481555135,8131.197194345994
2016-10-28,128970.01893444161,137101.2161287876,8131.197194345994
2016-10-31,129139.29218330292,137270.48937764892,8131.197194345994
2016-11-01,129007.15893035462,137138.35612470063,8131.1971943460085
2016-11-02,129053.83634036349,137185.03353470948,8131.197194345994
2016-11-03,128798.03171142806,136929.22890577407,8131.1971943460085
2016-11-04,129089.09017719039,137220.28737153637,8131.197194345979
2016-11-07,129052.59039884746,137183.78759319347,8131.1971943460085
2016-11-08,128525.45388388178,136656.6510782278,8131.1971943460085
2016-11-09,128263.551013413,136394.748207759,8131.197194345994
2016-11-10,127075.37327573902,135206.57047008502,8131.197194345994
2016-11-11,127536.39968957461,135667.5968839206,8131.197194345994
2016-11-14,127234.98672664595,135366.18392099196,8131.1971943460085
2016-11-15,127990.76895071067,136121.96614505665,8131.197194345979
2016-11-16,127910.80177665119,136041.99897099717,8131.197194345979
2016-11-17,128504.66430705495,136635.86150140094,8131.197194345994
2016-11-18,128137.57202221325,136268.76921655925,8131.197194345994
2016-11-21,128218.87913216895,136350.07632651494,8131.197194345994
2016-11-22,127886.53809659403,136017.73529094004,8131.1971943460085
2016-11-23,127866.30841549103,135997.505609837,8131.197194345979
2016-11-25,128099.72983496438,136230.92702931038,8131.197194345994
2016-11-28,128102.97448404168,136234.17167838768,8131.197194345994
2016-11-29,128101.29250486207,136232.48969920806,8131.197194345994
2016-11-30,127561.51935387835,135692.71654822433,8131.197194345979
2016-12-01,127389.89281415369,135521.09000849968,8131.197194345994
2016-12-02,127690.88476818765,135822.08196253364,8131.197194345994
2016-12-05,127589.14933686273,135720.34653120872,8131.197194345994
2016-12-06,127596.9539108913,135728.1511052373,8131.1971943460085
2016-12-07,127464.78038102355,135595.97757536953,8131.197194345979
2016-12-08,127395.77461883391,135526.9718131799,8131.197194345994
2016-12-09,127154.37692740012,135285.57412174612,8131.197194345994
2016-12-12,127022.18785855883,135153.38505290484,8131.1971943460085
2016-12-13,126838.78692546731,134969.9841198133,8131.197194345994
2016-12-14,127146.20366678445,135277.40086113045,8131.197194345994
2016-12-15,127529.28615291149,135660.48334725748,8131.197194345994
2016-12-16,127368.67383028625,135499.87102463224,8131.197194345994
2016-12-19,127096.33094233065,135227.52813667664,8131.197194345994
2016-12-20,127264.09993764116,135395.29713198717,8131.1971943460085
2016-12-21,127598.71458276303,135729.91177710902,8131.197194345994
2016-12-22,127917.0332030008,136048.23039734678,8131.197194345979
2016-12-23,127577.9570911231,135709.1542854691,8131.197194345994
2016-12-27,127107.47564639991,135238.6728407459,8131.197194345979
2016-12-28,126412.94426168967,134544.14145603566,8131.197194345994
2016-12-29,126227.52779733216,134358.72499167814,8131.197194345979
2016-12-30,125750.53421033022,133881.73140467622,8131.197194345994
2017-01-03,126284.62067504159,134415.81786938757,8131.197194345979
2017-01-04,127025.81817459478,135157.01536894077,8131.197194345994
2017-01-05,126974.404538256,135105.601732602,8131.197194345994
2017-01-06,127237.72139643854,135368.91859078454,8131.197194345994
2017-01-09,127040.57427145948,135171.77146580548,8131.197194345994
2017-01-10,127011.81603245508,135143.01322680106,8131.197194345979
2017-01-11,127699.93334053645,135831.13053488242,8131.197194345979
2017-01-12,127100.84129962709,135232.0384939731,8131.197194345994
2017-01-13,127478.019935015,135609.217129361,8131.197194345994
2017-01-17,126493.51786034986,134624.71505469584,8131.197194345979
2017-01-18,126652.20416427404,134783.40135862003,8131.197194345994
2017-01-19,125966.69093871361,134097.8881330596,8131.197194345994
2017-01-20,127264.87794778123,135396.07514212723,8131.197194345994
2017-01-23,125277.01119016831,133408.20838451432,8131.1971943460085
2017-01-24,125206.17534870656,133337.37254305254,8131.197194345979
2017-01-25,124886.40801827669,133017.60521262267,8131.197194345979
2017-01-26,125447.62723505883,133578.8244294048,8131.197194345979
2017-01-27,126204.54066951117,134335.73786385718,8131.1971943460085
2017-01-30,125756.92963341612,133888.1268277621,8131.197194345994
2017-01-31,126360.32677623643,134491.5239705824,8131.197194345979
2017-02-01,126313.30755521636,134444.50474956236,8131.197194345994
2017-02-02,126610.01928196824,134741.21647631424,8131.197194345994
2017-02-03,127532.03115912294,135663.22835346893,8131.197194345994
2017-02-06,127599.0107126683,135730.2079070143,8131.197194345994
2017-02-07,127542.81615416415,135674.01334851014,8131.197194345994
2017-02-08,128864.16332955903,136995.36052390502,8131.197194345994
2017-02-09,128853.07107862318,136984.26827296917,8131.197194345994
2017-02-10,128396.27187309659,136527.46906744258,8131.197194345994
2017-02-13,128111.8700520941,136243.0672464401,8131.197194345994
2017-02-14,127906.75073589642,136037.9479302424,8131.197194345979
2017-02-15,127737.43627545364,135868.63346979965,8131.1971943460085
2017-02-16,127320.12645923742,135451.32365358341,8131.197194345994
2017-02-17,130329.05868419351,138460.25587853952,8131.1971943460085
2017-02-21,130346.90793990577,138478.10513425176,8131.197194345994
2017-02-22,130338.66489603488,138469.86209038086,8131.197194345979
2017-02-23,130402.40856982302,138533.605764169,8131.197194345994
2017-02-24,130408.66834796919,138539.86554231518,8131.197194345994
2017-02-27,130493.25993438276,138624.45712872874,8131.197194345979
2017-02-28,130603.20465070358,138734.40184504958,8131.197194345994
2017-03-01,130460.6937089588,138591.8909033048,8131.197194345994
2017-03-02,130594.5555390562,138725.7527334022,8131.197194345994
2017-03-03,130610.65752686025,138741.85472120624,8131.197194345994
2017-03-06,130839.19671806648,138970.39391241246,8131.197194345979
2017-03-07,130855.50992047298,138986.70711481897,8131.197194345994
2017-03-08,130829.18652971995,138960.38372406596,8131.1971943460085
2017-03-09,130965.4729094638,139096.6701038098,8131.197194345994
2017-03-10,130928.65334863076,139059.85054297675,8131.197194345994
2017-03-13,131086.689083962,139217.886278308,8131.197194345994
2017-03-14,130960.57061223056,139091.76780657656,8131.1971943460085
2017-03-15,131032.17623881786,139163.37343316386,8131.197194345994
2017-03-16,131149.70508833858,139280.90228268458,8131.197194345994
2017-03-17,130872.54278925038,139003.73998359637,8131.197194345994
2017-03-20,130119.86015805171,138251.0573523977,8131.197194345994
2017-03-21,129771.44295629452,137902.6401506405,8131.197194345994
2017-03-22,129506.68681871181,137637.8840130578,8131.197194345994
2017-03-23,129129.13953938078,137260.33673372678,8131.1971943460085
2017-03-24,129056.52109866182,137187.7182930078,8131.197194345994
2017-03-27,129071.25322865997,137202.45042300597,8131.197194345994
2017-03-28,129356.75792159852,137487.9551159445,8131.197194345979
2017-03-29,129473.11620279959,137604.3133971456,8131.1971943460085
2017-03-30,129648.2547401163,137779.4519344623,8131.197194345994
2017-03-31,129442.78201557473,137573.97920992074,8131.1971943460085
2017-04-03,129150.60772666302,137281.804921009,8131.197194345979
2017-04-04,129302.49992721842,137433.69712156442,8131.197194345994
2017-04-05,128826.61747694877,136957.81467129476,8131.197194345994
2017-04-06,129179.77224736298,137310.969441709,8131.1971943460085
2017-04-07,128888.68314781343,137019.88034215942,8131.197194345994
2017-04-10,128698.0444754623,136829.24166980828,8131.197194345979
2017-04-11,128633.00266404962,136764.19985839562,8131.197194345994
2017-04-12,128347.14294933435,136478.34014368034,8131.197194345994
2017-04-13,128134.44408916439,136265.64128351037,8131.197194345979
2017-04-17,128286.67836593442,136417.8755602804,8131.197194345979
2017-04-18,128293.70435041504,136424.90154476103,8131.197194345994
2017-04-19,128309.68276852918,136440.87996287516,8131.197194345979
2017-04-20,128542.14749298467,136673.34468733065,8131.197194345979
2017-04-21,128292.71470190794,136423.91189625394,8131.197194345994
2017-04-24,128286.74473748636,136417.94193183235,8131.197194345994
2017-04-25,128111.90783496106,136243.10502930707,8131.1971943460085
2017-04-26,128160.01797775294,136291.21517209895,8131.1971943460085
2017-04-27,127845.60485966597,135976.80205401196,8131.197194345994
2017-04-28,128146.77603214653,136277.97322649253,8131.197194345994
2017-05-01,128837.10066855534,136968.29786290135,8131.1971943460085
2017-05-02,128538.00238110009,136669.19957544608,8131.197194345994
2017-05-03,128477.9901074257,136609.18730177172,8131.1971943460085
2017-05-04,128485.88230059016,136617.07949493616,8131.197194345994
2017-05-05,128574.51033375645,136705.70752810244,8131.197194345994
2017-05-08,129251.71087237983,137382.90806672582,8131.197194345994
2017-05-09,129451.8634722291,137583.0606665751,8131.197194345994
2017-05-10,129838.06969336163,137969.26688770764,8131.1971943460085
2017-05-11,129699.96875311597,137831.16594746197,8131.197194345994
2017-05-12,129956.88036668207,138088.07756102807,8131.197194345994
2017-05-15,130549.93303385656,138681.13022820256,8131.197194345994
2017-05-16,130219.5949789253,138350.7921732713,8131.197194345994
2017-05-17,130244.67728187749,138375.8744762235,8131.197194345994
2017-05-18,130519.46219639597,138650.65939074196,8131.197194345994
2017-05-19,130366.77978283259,138497.9769771786,8131.1971943460085
2017-05-22,130415.72271108207,138546.91990542808,8131.1971943460085
2017-05-23,130397.90205317433,138529.09924752032,8131.197194345994
2017-05-24,130230.39880980039,138361.59600414638,8131.197194345994
2017-05-25,130236.50318669504,138367.70038104104,8131.197194345994
2017-05-26,130166.68902158295,138297.88621592894,8131.197194345994
2017-05-30,130134.3782055443,138265.5753998903,8131.1971943460085
2017-05-31,129999.57388645713,138130.77108080313,8131.197194345994
2017-06-01,130183.3839366846,138314.58113103057,8131.197194345979
2017-06-02,130166.64600976091,138297.8432041069,8131.197194345994
2017-06-05,130105.12345550745,138236.32064985344,8131.197194345994
2017-06-06,130037.5061228238,138168.7033171698,8131.197194345994
2017-06-07,130077.01801780774,138208.21521215374,8131.197194345994
2017-06-08,130300.85885136109,138432.05604570708,8131.197194345994
2017-06-09,130371.04529450205,138502.24248884805,8131.197194345994
2017-06-12,130506.48941100367,138637.68660534965,8131.197194345979
2017-06-13,130633.25485016569,138764.45204451168,8131.197194345994
2017-06-14,130537.23910041968,138668.43629476568,8131.197194345994
2017-06-15,130569.23667602683,138700.43387037283,8131.197194345994
2017-06-16,130853.22765201051,138984.4248463565,8131.197194345994
2017-06-19,128846.50142898923,136977.69862333522,8131.197194345994
2017-06-20,129557.43025125761,137688.6274456036,8131.197194345994
2017-06-21,130109.24314945015,138240.44034379616,8131.1971943460085
2017-06-22,131133.81922998978,139265.01642433577,8131.197194345994
2017-06-23,131065.37230287935,139196.56949722534,8131.197194345994
2017-06-26,131269.45382045966,139400.65101480565,8131.197194345994
2017-06-27,131000.28711656238,139131.48431090836,8131.197194345979
2017-06-28,132115.35120471532,140246.5483990613,8131.197194345994
2017-06-29,132937.6570301752,141068.8542245212,8131.197194345994
2017-06-30,132310.94682515098,140442.14401949698,8131.197194345994
2017-07-03,133069.44091154076,141200.63810588676,8131.197194345994
2017-07-05,132826.77247529675,140957.96966964274,8131.197194345994
2017-07-06,132646.791545665,140777.988740011,8131.197194345994
2017-07-07,133118.1130256357,141249.3102199817,8131.197194345994
2017-07-10,132906.5991137589,141037.79630810488,8131.197194345994
2017-07-11,133171.14494226,141302.342136606,8131.197194345994
2017-07-12,132946.30608653137,141077.50328087737,8131.197194345994
2017-07-13,133132.76542766264,141263.96262200864,8131.197194345994
2017-07-14,132272.68675716175,140403.88395150774,8131.197194345994
2017-07-17,132352.41375061672,140483.6109449627,8131.197194345994
2017-07-18,132694.9633247021,140826.1605190481,8131.197194345994
2017-07-19,131982.65342267626,140113.85061702225,8131.197194345994
2017-07-20,131486.4149416237,139617.61213596968,8131.197194345994
2017-07-21,134452.75400675053,142583.95120109653,8131.197194345994
2017-07-24,133420.690303355,141551.88749770098,8131.197194345994
2017-07-25,134804.22685780365,142935.42405214964,8131.197194345994
2017-07-26,134534.11259742256,142665.30979176855,8131.197194345994
2017-07-27,136778.27443927957,144909.47163362557,8131.197194345994
2017-07-28,137282.41194090748,145413.60913525347,8131.197194345994
2017-07-31,137195.75136344577,145326.94855779177,8131.197194345994
2017-08-01,137682.25708578608,145813.45428013208,8131.197194345994
2017-08-02,138533.91072956554,146665.10792391154,8131.197194345994
2017-08-03,138460.68109811435,146591.87829246034,8131.197194345994
2017-08-04,139783.02453528915,147914.22172963514,8131.197194345994
2017-08-07,139758.71725052025,147889.91444486624,8131.197194345994
2017-08-08,139458.1431661324,147589.34036047838,8131.197194345994
2017-08-09,139942.89850588527,148074.09570023126,8131.197194345994
2017-08-10,137211.14406541002,145342.341259756,8131.197194345994
2017-08-11,138413.77839891647,146544.97559326247,8131.197194345994
2017-08-14,138224.80149161525,146355.99868596124,8131.197194345994
2017-08-15,138159.92940050794,146291.12659485394,8131.197194345994
2017-08-16,137680.1402225641,145811.3374169101,8131.197194345994
2017-08-17,138075.56142614828,146206.75862049428,8131.197194345994
2017-08-18,139117.15732300782,147248.35451735382,8131.197194345994
2017-08-21,139178.0178272979,147309.2150216439,8131.197194345994
2017-08-22,139141.7809364471,147272.97813079308,8131.197194345994
2017-08-23,139229.83071260888,147361.02790695487,8131.197194345994
2017-08-24,139209.2082327028,147340.4054270488,8131.197194345994
2017-08-25,139259.01607482077,147390.21326916676,8131.197194345994
2017-08-28,139428.8058130705,147560.0030074165,8131.197194345994
2017-08-29,139490.93821157783,147622.13540592382,8131.197194345994
2017-08-30,139513.42622360645,147644.62341795245,8131.197194345994
2017-08-31,139532.25781245448,147663.45500680048,8131.197194345994
2017-09-01,139574.82194261474,147706.01913696073,8131.197194345994
2017-09-05,139639.1113962744,147770.3085906204,8131.197194345994
2017-09-06,139694.17570306698,147825.37289741298,8131.197194345994
2017-09-07,139544.87519568403,147676.07239003002,8131.197194345994
2017-09-08,139457.21297880064,147588.41017314664,8131.197194345994
2017-09-11,139717.3287471357,147848.5259414817,8131.197194345994
2017-09-12,139847.46130388544,147978.65849823144,8131.197194345994
2017-09-13,140223.08963365492,148354.2868280009,8131.197194345994
2017-09-14,140326.412460348,148457.60965469398,8131.197194345994
2017-09-15,140431.65438218426,148562.85157653026,8131.197194345994
2017-09-18,140338.97607158555,148470.17326593155,8131.197194345994
2017-09-19,141161.82337405207,149293.02056839806,8131.197194345994
2017-09-20,142070.42874602543,150201.62594037142,8131.197194345994
2017-09-21,142854.15754030866,150985.35473465465,8131.197194345994
2017-09-22,143699.27588882425,151830.47308317025,8131.197194345994
2017-09-25,143320.0636797942,151451.2608741402,8131.197194345994
2017-09-26,143378.71267836145,151509.90987270745,8131.197194345994
2017-09-27,143220.64993952238,151351.84713386837,8131.197194345994
2017-09-28,143671.7510921409,151802.9482864869,8131.197194345994
2017-09-29,143415.34081088717,151546.53800523316,8131.197194345994
2017-10-02,143267.72318582714,151398.92038017313,8131.197194345994
2017-10-03,142941.3124322889,151072.50962663488,8131.197194345994
2017-10-04,142243.0181180056,150374.2153123516,8131.197194345994
2017-10-05,141264.42866939376,149395.62586373976,8131.197194345994
2017-10-06,141750.93953347218,149882.13672781817,8131.197194345994
2017-10-09,141514.0878872819,149645.2850816279,8131.197194345994
2017-10-10,142134.4035243349,150265.6007186809,8131.197194345994
2017-10-11,143332.7104112258,151463.9076055718,8131.197194345994
2017-10-12,144906.91885851778,153038.11605286377,8131.197194345994
2017-10-13,145221.30747383216,153352.50466817815,8131.197194345994
2017-10-16,144914.99868489488,153046.19587924087,8131.197194345994
2017-10-17,145253.07290299644,153384.27009734244,8131.197194345994
2017-10-18,147234.07827307435,155365.27546742035,8131.197194345994
2017-10-19,146189.13294699148,154320.33014133747,8131.197194345994
2017-10-20,148364.6349526476,156495.8321469936,8131.197194345994
2017-10-23,147168.99814831337,155300.19534265937,8131.197194345994
2017-10-24,147173.9616366165,155305.1588309625,8131.197194345994
2017-10-25,147061.50977584685,155192.70697019284,8131.197194345994
2017-10-26,147201.60526834882,155332.80246269482,8131.197194345994
2017-10-27,146682.60932519473,154813.80651954073,8131.197194345994
2017-10-30,146813.13996470952,154944.33715905552,8131.197194345994
2017-10-31,147525.5071856702,155656.7043800162,8131.197194345994
2017-11-01,147019.3604007893,155150.5575951353,8131.197194345994
2017-11-02,147100.23101306392,155231.42820740992,8131.197194345994
2017-11-03,147376.05335571873,155507.25055006472,8131.197194345994
2017-11-06,146847.2554163891,154978.45261073508,8131.197194345994
2017-11-07,147342.10917198344,155473.30636632943,8131.197194345994
2017-11-08,147767.4824483709,155898.6796427169,8131.197194345994
2017-11-09,148371.5519255692,156502.74911991518,8131.197194345994
2017-11-10,149826.78279961133,157957.97999395733,8131.197194345994
2017-11-13,149726.794250677,157857.99144502298,8131.197194345994
2017-11-14,149522.57953049615,157653.77672484214,8131.197194345994
2017-11-15,148888.98332987505,157020.18052422104,8131.197194345994
2017-11-16,151629.89828836243,159761.09548270842,8131.197194345994
2017-11-17,152373.63198346796,160504.82917781395,8131.197194345994
2017-11-20,152259.05605042668,160390.25324477267,8131.197194345994
2017-11-21,152226.60373514774,160357.80092949374,8131.197194345994
2017-11-22,152294.99178110086,160426.18897544686,8131.197194345994
2017-11-24,151287.32106032048,159418.51825466647,8131.197194345994
2017-11-27,150822.6498276625,158953.8470220085,8131.197194345994
2017-11-28,149419.97123468865,157551.16842903465,8131.197194345994
2017-11-29,151863.22996923525,159994.42716358125,8131.197194345994
2017-11-30,150190.01813312748,158321.21532747347,8131.197194345994
2017-12-01,151646.48573655635,159777.68293090235,8131.197194345994
2017-12-04,156600.60177275282,164731.79896709882,8131.197194345994
2017-12-05,157995.91897126334,166127.11616560933,8131.197194345994
2017-12-06,159867.33031307755,167998.52750742354,8131.197194345994
2017-12-07,160461.58903189213,168592.78622623812,8131.197194345994
2017-12-08,159736.3243224232,167867.5215167692,8131.197194345994
2017-12-11,158284.52482704783,166415.72202139383,8131.197194345994
2017-12-12,158407.16150149284,166538.35869583883,8131.197194345994
2017-12-13,158265.02929174562,166396.22648609162,8131.197194345994
2017-12-14,158507.63528808672,166638.8324824327,8131.197194345994
2017-12-15,160558.6967415925,168689.89393593848,8131.197194345994
2017-12-18,158627.47432522743,166758.67151957343,8131.197194345994
2017-12-19,159208.8186367707,167340.0158311167,8131.197194345994
2017-12-20,160454.06310170202,168585.260296048,8131.197194345994
2017-12-21,160816.07857546746,168947.27576981345,8131.197194345994
2017-12-22,160524.88487278554,168656.08206713153,8131.197194345994
2017-12-26,160140.85005527164,168272.04724961764,8131.197194345994
2017-12-27,160592.0228846356,168723.2200789816,8131.197194345994
2017-12-28,161127.3836724083,169258.5808667543,8131.197194345994
2017-12-29,161419.5988406858,169550.7960350318,8131.197194345994
2018-01-02,160519.0617795823,168650.25897392828,8131.197194345994
2018-01-03,159860.5123353789,167991.7095297249,8131.197194345994
2018-01-04,159090.1268301719,167221.3240245179,8131.197194345994
2018-01-05,157051.31772605923,165182.51492040523,8131.197194345994
2018-01-08,156238.85044602735,164370.04764037335,8131.197194345994
2018-01-09,156069.80535978836,164201.00255413435,8131.197194345994
2018-01-10,156661.11132469564,164792.30851904163,8131.197194345994
2018-01-11,157047.14177640725,165178.33897075325,8131.197194345994
2018-01-12,157143.42670163186,165274.62389597786,8131.197194345994
2018-01-16,157569.14775013097,165700.34494447696,8131.197194345994
2018-01-17,159839.97428026283,167971.17147460883,8131.197194345994
2018-01-18,159454.27003582206,167585.46723016805,8131.197194345994
2018-01-19,160117.90600520314,168249.10319954914,8131.197194345994
2018-01-22,158336.3691836805,166467.5663780265,8131.197194345994
2018-01-23,157137.1536745514,165268.3508688974,8131.197194345994
2018-01-24,157376.42980580067,165507.62700014666,8131.197194345994
2018-01-25,157366.4037070854,165497.6009014314,8131.197194345994
2018-01-26,155437.40966303553,163568.60685738153,8131.197194345994
2018-01-29,154262.3433569842,162393.5405513302,8131.197194345994
2018-01-30,154283.1396223599,162414.33681670588,8131.197194345994
2018-01-31,154758.75109449914,162889.94828884513,8131.197194345994
2018-02-01,154244.11541538674,162375.31260973273,8131.197194345994
2018-02-02,147303.94914686028,155435.14634120627,8131.197194345994
2018-02-05,148676.26510792028,156674.7420023427,7998.476894422434
2018-02-06,146630.42049057537,155374.9870661354,8744.56657556002
2018-02-07,147023.4422756103,156100.6706566409,9077.22838103061
2018-02-08,148506.83837746608,153588.58958401484,5081.751206548768
2018-02-09,148028.7800243626,156069.9490328004,8041.169008437777
2018-02-12,148067.07742274133,156135.35186240205,8068.274439660716
2018-02-13,148221.46819388005,156455.02202701755,8233.5538331375
2018-02-14,147034.92254160135,153943.84414720186,6908.92160560051
2018-02-15,147201.47842671897,153432.84018237784,6231.361755658872
2018-02-16,148456.91570082912,155475.4184059701,7018.502705140971
2018-02-20,148474.83984691335,155493.34255205432,7018.502705140971
2018-02-21,150456.5194602447,157475.02216538566,7018.502705140971
2018-02-22,150828.25384652265,157846.75655166362,7018.502705140971
2018-02-23,151014.98283180734,158033.4855369483,7018.502705140971
2018-02-26,148839.4257452211,155857.92845036206,7018.502705140971
2018-02-27,147738.51122722228,154757.01393236325,7018.502705140971
2018-02-28,147455.3753000287,154473.87800516968,7018.502705140971
2018-03-01,144808.14680886874,151826.6495140097,7018.502705140971
2018-03-02,146233.14597138832,153251.6486765293,7018.502705140971
2018-03-05,147535.5195354208,154554.02224056178,7018.502705140971
2018-03-06,147833.75574932084,154852.25845446181,7018.502705140971
2018-03-07,147871.81473302015,154890.31743816112,7018.502705140971
2018-03-08,147761.19365379168,154779.69635893265,7018.502705140971
2018-03-09,146826.44964035915,153844.95234550012,7018.502705140971
2018-03-12,146732.68234428682,153751.1850494278,7018.502705140971
2018-03-13,146113.9015042031,153132.40420934407,7018.502705140971
2018-03-14,145863.4945494224,152881.99725456338,7018.502705140971
2018-03-15,145805.42233390245,152823.92503904342,7018.502705140971
2018-03-16,145697.1624925884,152715.66519772937,7018.502705140971
2018-03-19,143541.87425007136,150560.37695521233,7018.502705140971
2018-03-20,142838.6047493592,149857.10745450016,7018.502705140971
2018-03-21,142960.9257952862,149979.42850042717,7018.502705140971
2018-03-22,139838.90820135362,146857.4109064946,7018.502705140971
2018-03-23,138172.21095241397,145190.71365755494,7018.502705140971
2018-03-26,138429.58127489,145448.08398003096,7018.502705140971
2018-03-27,138067.8542597876,145086.35696492856,7018.502705140971
2018-03-28,138041.863718802,145060.36642394296,7018.502705140971
2018-03-29,138341.07166547154,145359.5743706125,7018.502705140971
2018-04-02,138041.81428973284,145060.3169948738,7018.502705140971
2018-04-03,138151.53873472183,145170.0414398628,7018.502705140971
2018-04-04,138164.77941392036,145183.28211906133,7018.502705140971
2018-04-05,138526.0320163716,145544.53472151258,7018.502705140971
2018-04-06,137908.46544283978,144926.96814798075,7018.502705140971
2018-04-09,137995.74750218436,145014.25020732533,7018.502705140971
2018-04-10,138585.02700224705,145603.52970738802,7018.502705140971
2018-04-11,138021.0726133904,145039.57531853137,7018.502705140971
2018-04-12,138710.79572123417,145729.29842637514,7018.502705140971
2018-04-13,138598.28847881162,145616.7911839526,7018.502705140971
2018-04-16,139071.58178237104,146090.084487512,7018.502705140971
2018-04-17,139582.33883397887,146600.84153911984,7018.502705140971
2018-04-18,139586.59157073335,146605.09427587432,7018.502705140971
2018-04-19,139583.7244012612,146602.22710640216,7018.502705140971
2018-04-20,139848.7732193569,146867.27592449787,7018.502705140971
2018-04-23,139635.45595316216,146653.95865830313,7018.502705140971
2018-04-24,139323.42760246107,146341.93030760204,7018.502705140971
2018-04-25,139827.5434890038,146846.04619414476,7018.502705140971
2018-04-26,139529.54398321256,146548.04668835353,7018.502705140971
2018-04-27,138874.28426679876,145892.78697193973,7018.502705140971
2018-04-30,139920.1227893273,146938.62549446826,7018.502705140971
2018-05-01,140703.20451974205,147721.70722488302,7018.502705140971
2018-05-02,139958.81013203855,146977.31283717952,7018.502705140971
2018-05-03,140250.60069525428,147269.10340039525,7018.502705140971
2018-05-04,143147.5164319753,150166.01913711627,7018.502705140971
2018-05-07,143810.99250781583,150829.4952129568,7018.502705140971
2018-05-08,143919.97669424152,150938.4793993825,7018.502705140971
2018-05-09,144795.76672066224,151814.2694258032,7018.502705140971
2018-05-10,143719.89973151498,150738.40243665595,7018.502705140971
2018-05-11,143628.03222904913,150646.5349341901,7018.502705140971
2018-05-14,143178.4125211587,150196.91522629966,7018.502705140971
2018-05-15,142869.5810729455,149888.08377808647,7018.502705140971
2018-05-16,144492.21115139953,151510.7138565405,7018.502705140971
2018-05-17,145112.18021247268,152130.68291761365,7018.502705140971
2018-05-18,145238.29795631336,152256.80066145433,7018.502705140971
2018-05-21,145153.79725098726,152172.29995612823,7018.502705140971
2018-05-22,146566.29359111597,153584.79629625694,7018.502705140971
2018-05-23,145919.79300029587,152938.29570543685,7018.502705140971
2018-05-24,145610.5906025481,152629.09330768907,7018.502705140971
2018-05-25,145912.44337952125,152930.94608466222,7018.502705140971
2018-05-29,144661.1588722053,151679.66157734627,7018.502705140971
2018-05-30,145215.11812255066,152233.62082769163,7018.502705140971
2018-05-31,145987.82763959304,153006.33034473401,7018.502705140971
2018-06-01,145632.87435799546,152651.37706313643,7018.502705140971
2018-06-04,144713.8818981928,151732.38460333378,7018.502705140971
2018-06-05,144857.13862284715,151875.64132798812,7018.502705140971
2018-06-06,143883.22314040572,150901.7258455467,7018.502705140971
2018-06-07,144475.67929782625,151494.18200296722,7018.502705140971
2018-06-08,144209.50865475019,151228.01135989116,7018.502705140971
2018-06-11,142855.70891724585,149874.21162238682,7018.502705140971
2018-06-12,142919.07288443064,149937.5755895716,7018.502705140971
2018-06-13,145173.40665350866,152191.90935864963,7018.502705140971
2018-06-14,145365.0053879514,152383.50809309236,7018.502705140971
2018-06-15,144173.19865840976,151191.70136355073,7018.502705140971
2018-06-18,143062.9583365718,150081.46104171278,7018.502705140971
2018-06-19,143361.99489321804,150380.497598359,7018.502705140971
2018-06-20,142629.3126518065,149647.81535694748,7018.502705140971
2018-06-21,142814.3720784809,149832.87478362187,7018.502705140971
2018-06-22,143508.1246273152,150526.62733245618,7018.502705140971
2018-06-25,142882.44184297265,149900.94454811362,7018.502705140971
2018-06-26,143114.6488985723,150133.15160371328,7018.502705140971
2018-06-27,142514.14809902536,149532.65080416633,7018.502705140971
2018-06-28,142745.7601370418,149764.26284218277,7018.502705140971
2018-06-29,142633.71040153562,149652.2131066766,7018.502705140971
2018-07-02,143136.26323628565,150154.76594142662,7018.502705140971
2018-07-03,142880.08256188582,149898.5852670268,7018.502705140971
2018-07-05,142946.03111967002,149964.533824811,7018.502705140971
2018-07-06,143357.68465362396,150376.18735876493,7018.502705140971
2018-07-09,142626.0794156259,149644.58212076686,7018.502705140971
2018-07-10,143077.91142881045,150096.41413395142,7018.502705140971
2018-07-11,142710.0126604177,149728.51536555868,7018.502705140971
2018-07-12,143121.21004083694,150139.71274597791,7018.502705140971
2018-07-13,143710.52508123068,150729.02778637165,7018.502705140971
2018-07-16,142967.0062316344,149985.50893677538,7018.502705140971
2018-07-17,143370.32723990374,150388.8299450447,7018.502705140971
2018-07-18,143789.20553043764,150807.7082355786,7018.502705140971
2018-07-19,143921.11504879023,150939.6177539312,7018.502705140971
2018-07-20,144779.9134756365,151798.41618077748,7018.502705140971
2018-07-23,144572.06319778273,151590.5659029237,7018.502705140971
2018-07-24,144398.46001965005,151416.96272479102,7018.502705140971
2018-07-25,140486.36079074838,147504.86349588935,7018.502705140971
2018-07-26,142850.74653101806,149869.24923615903,7018.502705140971
2018-07-27,144938.27190671524,151956.7746118562,7018.502705140971
2018-07-30,144791.0152195437,151809.51792468468,7018.502705140971
2018-07-31,145054.5573283072,152073.06003344816,7018.502705140971
2018-08-01,145725.47364191315,152743.97634705412,7018.502705140971
2018-08-02,146689.95134992118,153708.45405506215,7018.502705140971
2018-08-03,146105.16832054534,153123.67102568632,7018.502705140971
2018-08-06,146408.95975360635,153427.46245874732,7018.502705140971
2018-08-07,146481.43696265586,153499.93966779683,7018.502705140971
2018-08-08,147213.5187032543,154232.02140839526,7018.502705140971
2018-08-09,147370.17320277938,154388.67590792035,7018.502705140971
2018-08-10,146933.49345434445,153951.99615948542,7018.502705140971
2018-08-13,147149.59279379947,154168.09549894044,7018.502705140971
2018-08-14,147617.00152009155,154635.50422523252,7018.502705140971
2018-08-15,147175.55411287944,154194.0568180204,7018.502705140971
2018-08-16,149498.4906100314,156516.99331517238,7018.502705140971
2018-08-17,151420.6496954147,158439.15240055567,7018.502705140971
2018-08-20,150687.99597917497,157706.49868431594,7018.502705140971
2018-08-21,151090.88514846226,158109.38785360323,7018.502705140971
2018-08-22,150737.2758764329,157755.77858157386,7018.502705140971
2018-08-23,150667.8047033723,157686.30740851327,7018.502705140971
2018-08-24,150232.37640543282,157250.8791105738,7018.502705140971
2018-08-27,148927.4733901522,155945.97609529318,7018.502705140971
2018-08-28,148628.94937532558,155647.45208046655,7018.502705140971
2018-08-29,146957.05740872608,153975.56011386705,7018.502705140971
2018-08-30,147547.21118717908,154565.71389232005,7018.502705140971
2018-08-31,148211.78012357734,155230.2828287183,7018.502705140971
2018-09-04,147875.03012601263,154893.5328311536,7018.502705140971
2018-09-05,148955.93645726575,155974.43916240672,7018.502705140971
2018-09-06,150524.4542843745,157542.95698951546,7018.502705140971
2018-09-07,151396.0269740055,158414.52967914648,7018.502705140971
2018-09-10,151872.16195659072,158890.6646617317,7018.502705140971
2018-09-11,151888.65113860066,158907.15384374163,7018.502705140971
2018-09-12,152449.69464881695,159468.19735395792,7018.502705140971
2018-09-13,152250.57861049043,159269.0813156314,7018.502705140971
2018-09-14,151790.02325525275,158808.52596039372,7018.502705140971
2018-09-17,152087.3216299687,159105.82433510968,7018.502705140971
2018-09-18,151848.45096996345,158866.95367510442,7018.502705140971
2018-09-19,152094.63375875703,159113.136463898,7018.502705140971
2018-09-20,150783.82248391816,157802.32518905913,7018.502705140971
2018-09-21,148871.99271867552,155890.4954238165,7018.502705140971
2018-09-24,147588.2028157186,154606.70552085957,7018.502705140971
2018-09-25,147058.29556557187,154076.79827071284,7018.502705140971
2018-09-26,146518.40607393708,153536.90877907805,7018.502705140971
2018-09-27,146986.70726516133,154005.2099703023,7018.502705140971
2018-09-28,147339.05790724955,154357.56061239052,7018.502705140971
2018-10-01,147375.8802295262,154394.38293466717,7018.502705140971
2018-10-02,147680.1083509582,154698.61105609918,7018.502705140971
2018-10-03,148174.79573843942,155193.2984435804,7018.502705140971
2018-10-04,147453.87874382024,154472.3814489612,7018.502705140971
2018-10-05,147714.4656196189,154732.96832475986,7018.502705140971
2018-10-08,147463.04997964855,154481.55268478952,7018.502705140971
2018-10-09,147650.49701504246,154668.99972018343,7018.502705140971
2018-10-10,147583.90712241037,154602.40982755134,7018.502705140971
2018-10-11,149626.19034098636,156644.69304612733,7018.502705140971
2018-10-12,148327.14202159375,155345.64472673472,7018.502705140971
2018-10-15,148501.35675496934,155519.8594601103,7018.502705140971
2018-10-16,148486.17473066424,155504.6774358052,7018.502705140971
2018-10-17,148533.8114547477,155552.31415988866,7018.502705140971
2018-10-18,148309.847556166,155328.35026130697,7018.502705140971
2018-10-19,149496.46788427024,156514.9705894112,7018.502705140971
2018-10-22,150478.28814252408,157496.79084766505,7018.502705140971
2018-10-23,150630.96177067677,157649.46447581775,7018.502705140971
2018-10-24,143717.00174725696,150735.50445239793,7018.502705140971
2018-10-25,148103.66774683748,155122.17045197845,7018.502705140971
2018-10-26,142307.17711229704,149325.679817438,7018.502705140971
2018-10-29,143816.2724349515,150834.77514009248,7018.502705140971
2018-10-30,145371.94805678702,152390.450761928,7018.502705140971
2018-10-31,146481.7858550694,153500.28856021038,7018.502705140971
2018-11-01,146895.95518621092,153914.4578913519,7018.502705140971
2018-11-02,148492.63488174614,155511.1375868871,7018.502705140971
2018-11-05,151734.4170407449,158752.91974588588,7018.502705140971
2018-11-06,151675.27096320863,158693.7736683496,7018.502705140971
2018-11-07,149539.77331704658,156558.27602218755,7018.502705140971
2018-11-08,149259.13905009872,155020.43688725855,5761.297837159829
2018-11-09,152306.7864380147,158482.1199226327,6175.333484617993
2018-11-12,148724.17066711665,154528.12082551944,5803.950158402789
2018-11-13,149678.64945400157,155593.34117146162,5914.691717460053
2018-11-14,148133.75123493013,153699.43380992336,5565.682574993232
2018-11-15,154679.286438455,161566.6387168077,6887.352278352715
2018-11-16,156633.7608267581,163697.5156041663,7063.754777408205
2018-11-19,155361.21831561392,162424.97309302213,7063.754777408205
2018-11-20,156341.90962872584,163405.66440613405,7063.754777408205
2018-11-21,157762.28752453008,164826.0423019383,7063.754777408205
2018-11-23,158663.3478261776,165727.1026035858,7063.754777408205
2018-11-26,160318.6927441475,167382.4475215557,7063.754777408205
2018-11-27,159770.44157534325,166834.19635275146,7063.754777408205
2018-11-28,157609.2071671693,164672.96194457752,7063.754777408205
2018-11-29,157507.49470732373,164571.24948473193,7063.754777408205
2018-11-30,156629.01802689594,163692.77280430414,7063.754777408205
2018-12-03,143655.01928260247,151040.54616001504,7385.5268774125725
2018-12-04,152061.45762553543,165997.48521478882,13936.027589253383
2018-12-06,153180.95873280754,168189.83007226593,15008.87133945839
2018-12-07,149107.80165950186,163800.71404928202,14692.912389780162
2018-12-10,153058.77690709732,169537.34030469658,16478.563397599268
2018-12-11,155491.43639645248,173309.30895891122,17817.87256245874
2018-12-12,156156.11043457664,174171.2028989069,18015.092464330257
2018-12-13,158192.84750787623,177041.66122556047,18848.813717684243
2018-12-14,158893.43368529016,178365.68023769965,19472.246552409488
2018-12-17,155051.30306870502,172413.61217723915,17362.30910853413
2018-12-18,155513.6725369947,173085.25191225496,17571.579375260248
2018-12-19,157357.98421625886,175371.47256558028,18013.488349321415
2018-12-20,157471.20800411678,175739.54398624704,18268.33598213026
2018-12-21,166310.87954550877,189598.3643301431,23287.48478463432
2018-12-24,158551.46592415613,181838.95070879057,23287.484784634435
2018-12-26,164890.18270659563,188177.66749123007,23287.484784634435
2018-12-27,163858.35293064767,187145.83771528222,23287.48478463455
2018-12-28,165133.31423162913,188420.79901626345,23287.48478463432
2018-12-31,167016.44215580483,190303.92694043915,23287.48478463432
2019-01-02,169598.42041081714,192885.905195451,23287.484784633853
2019-01-03,165674.85071565,188962.3355002842,23287.4847846342
2019-01-04,171610.87223366846,194898.35701830324,23287.484784634784
2019-01-07,172570.76520563394,195858.24999026896,23287.484784635017
2019-01-08,172976.19214437983,196263.67692901508,23287.48478463525
2019-01-09,173288.93221875431,196576.41700338956,23287.48478463525
2019-01-10,173608.53106291278,196896.0158475471,23287.48478463432
2019-01-11,173428.1135967559,196715.5983813902,23287.48478463432
2019-01-14,172397.10462952743,195684.5894141629,23287.484784635482
2019-01-15,172756.77881425514,196044.26359889086,23287.484784635715
2019-01-16,171028.9787269464,194316.46351158328,23287.48478463688
2019-01-17,170890.53688337666,194178.02166801307,23287.484784636414
2019-01-18,171212.60837183043,194500.09315646684,23287.484784636414
2019-01-22,171699.06261490786,194986.54739954427,23287.484784636414
2019-01-23,171525.85338786233,194813.33817249874,23287.484784636414
2019-01-24,171859.84708975756,195147.33187439397,23287.484784636414
2019-01-25,171910.4840629053,195197.96884754172,23287.484784636414
2019-01-28,171900.40035331144,195187.88513794786,23287.484784636414
2019-01-29,172650.75335287245,195938.23813750886,23287.484784636414
2019-01-30,172131.58496123215,195419.06974586856,23287.484784636414
2019-01-31,170783.8249874994,194071.3097721358,23287.484784636414
2019-02-01,170480.2177551348,193767.7025397712,23287.484784636414
2019-02-04,170903.61404430575,194191.09882894217,23287.484784636414
2019-02-05,170034.57891977334,193322.06370440975,23287.484784636414
2019-02-06,169732.3076978227,193019.7924824591,23287.484784636414
2019-02-07,169003.58094733034,192291.06573196675,23287.484784636414
2019-02-08,168773.40654458047,192060.8913292169,23287.484784636414
2019-02-11,169490.8539347105,192778.3387193469,23287.484784636414
2019-02-12,170031.42706223705,193318.91184687347,23287.484784636414
2019-02-13,170141.24735356157,193428.732138198,23287.484784636414
2019-02-14,169928.5886385996,193216.07342323603,23287.484784636414
2019-02-15,169002.79628680146,192290.28107143787,23287.484784636414
2019-02-19,167934.19597078825,191221.68075542466,23287.484784636414
2019-02-20,167459.49385140522,190746.9786360414,23287.48478463618
2019-02-21,168096.51849394,191384.00327857642,23287.484784636414
2019-02-22,165126.953494741,188414.43827937718,23287.48478463618
2019-02-25,164023.16843544168,187310.6532200788,23287.484784637112
2019-02-26,163450.44246937812,186737.9272540143,23287.48478463618
2019-02-27,163411.46099559136,186698.9457802287,23287.484784637345
2019-02-28,164309.21297791146,187596.6977625488,23287.484784637345
2019-03-01,164021.66633258096,187309.15111721808,23287.484784637112
2019-03-04,165051.1756839269,188338.66046856332,23287.484784636414
2019-03-05,164656.10194573586,187943.58673037228,23287.484784636414
2019-03-06,164754.0410253721,188041.52581000875,23287.484784636647
2019-03-07,163816.19682912284,187103.68161375902,23287.48478463618
2019-03-08,164548.4257529102,187835.91053754615,23287.484784635948
2019-03-11,165142.979577324,188430.4643619588,23287.484784634784
2019-03-12,168726.75160771457,192014.23639235005,23287.484784635482
2019-03-13,165159.8131766395,188447.29796127498,23287.484784635482
2019-03-14,165539.37042268983,188826.8552073253,23287.484784635482
2019-03-15,166295.41507756093,189582.89986219595,23287.484784635017
2019-03-18,165096.74148693983,188384.22627157485,23287.484784635017
2019-03-19,164467.17515655316,187754.65994118818,23287.484784635017
2019-03-20,163563.22439072758,186850.7091753626,23287.484784635017
2019-03-21,161981.6118210164,185269.09660565143,23287.484784635017
2019-03-22,162494.56002904568,185782.0448136807,23287.484784635017
2019-03-25,163234.08851016744,186521.57329480245,23287.484784635017
2019-03-26,163706.9213211647,186994.40610579972,23287.484784635017
2019-03-27,164217.21391270065,187504.69869733567,23287.484784635017
2019-03-28,164337.84617074393,187625.33095537894,23287.484784635017
2019-03-29,163928.3889740865,187215.87375872151,23287.484784635017
2019-04-01,162667.30407938955,185954.78886402457,23287.484784635017
2019-04-02,163069.52820481488,186357.0129894499,23287.484784635017
2019-04-03,162449.01721304015,185736.50199767516,23287.484784635017
2019-04-04,162467.20216008276,185754.68694471777,23287.484784635017
2019-04-05,161221.5657146686,184509.05049930362,23287.484784635017
2019-04-08,161054.5751291362,184342.05991377123,23287.484784635017
2019-04-09,161300.65305681957,184588.1378414546,23287.484784635017
2019-04-10,162002.53479326528,185290.0195779003,23287.484784635017
2019-04-11,162170.26167714654,185457.74646178156,23287.484784635017
2019-04-12,164855.77378589916,188143.25857053418,23287.484784635017
2019-04-15,164665.40036492166,187952.88514955668,23287.484784635017
2019-04-16,169352.82345990778,192640.3082445428,23287.484784635017
2019-04-17,173917.2562977022,197204.74108233722,23287.484784635017
2019-04-18,173583.71285127802,196871.19763591303,23287.484784635017
2019-04-22,173787.62727717473,197075.11206180975,23287.484784635017
2019-04-23,171952.11925421597,195239.604038851,23287.484784635017
2019-04-24,171657.67051859573,194945.15530323074,23287.484784635017
2019-04-25,171897.81263709243,195185.29742172745,23287.484784635017
2019-04-26,171621.74294999882,194909.22773463384,23287.484784635017
2019-04-29,172223.02280355,195510.50758818502,23287.484784635017
2019-04-30,172116.17284516862,195403.65762980364,23287.484784635017
2019-05-01,171660.46273001912,194947.94751465414,23287.484784635017
2019-05-02,171894.55228946707,195182.0370741021,23287.484784635017
2019-05-03,172817.7217437909,196105.20652842592,23287.484784635017
2019-05-06,172245.57132807386,195533.05611270887,23287.484784635017
2019-05-07,169898.25449707324,193185.73928170826,23287.484784635017
2019-05-08,169803.32184615638,193090.8066307914,23287.484784635017
2019-05-09,169599.45242191583,192886.93720655085,23287.484784635017
2019-05-10,171479.31681317184,194766.80159780686,23287.484784635017
2019-05-13,171596.43926117464,194883.92404580966,23287.484784635017
2019-05-14,171497.03076811007,194784.51555274508,23287.484784635017
2019-05-15,172029.4154634443,195316.90024807933,23287.484784635017
2019-05-16,172468.85858237022,195756.34336700523,23287.484784635017
2019-05-17,173240.8807841218,196528.36556875682,23287.484784635017
2019-05-20,172610.09732973482,195897.5821143696,23287.484784634784
2019-05-21,173840.4254441096,197127.91022874438,23287.484784634784
2019-05-22,175811.30404889164,199098.78883352643,23287.484784634784
2019-05-23,174797.3222823355,198084.80706697027,23287.484784634784
2019-05-24,175702.73739089444,198990.22217552876,23287.48478463432
2019-05-28,174128.51198569173,197415.99677032558,23287.484784633853
2019-05-29,173519.41261154762,196806.89739618148,23287.484784633853
2019-05-30,174991.84909221856,198279.33387685218,23287.48478463362
2019-05-31,174354.47387422062,197641.95865885424,23287.48478463362
2019-06-03,172349.3376088529,195636.82239348674,23287.484784633853
2019-06-04,173469.16645759274,196756.6512422266,23287.484784633853
2019-06-05,173293.69726477657,196581.18204941135,23287.484784634784
2019-06-06,172597.053783237,195884.53856787272,23287.484784635715
2019-06-07,171382.72084550723,194670.20563014294,23287.484784635715
2019-06-10,170175.46493947366,193462.9497241089,23287.48478463525
2019-06-11,170501.18486709264,193788.66965172742,23287.484784634784
2019-06-12,170640.48640513746,193927.97118977294,23287.484784635482
2019-06-13,171232.7837683796,194520.2685530153,23287.484784635715
2019-06-14,171721.26038833428,195008.74517297,23287.484784635715
2019-06-17,171457.77845352166,194745.2632381569,23287.48478463525
2019-06-18,172178.98695042636,195466.47173506138,23287.484784635017
2019-06-19,172214.23945515696,195501.72423979174,23287.484784634784
2019-06-20,172639.7992377188,195927.2840223536,23287.484784634784
2019-06-21,171493.322478147,194780.80726278247,23287.484784635482
2019-06-24,171707.04394559842,194994.5287302339,23287.484784635482
2019-06-25,171733.21645760583,195020.7012422413,23287.484784635482
2019-06-26,171823.93621628033,195111.4210009158,23287.484784635482
2019-06-27,172013.58097122493,195301.0657558604,23287.484784635482
2019-06-28,172149.7718891541,195437.25667378958,23287.484784635482
2019-07-01,172625.11357083172,195912.5983554672,23287.484784635482
2019-07-02,172742.13284348743,196029.6176281229,23287.484784635482
2019-07-03,172762.0372488161,196049.5220334516,23287.484784635482
2019-07-05,173140.205823123,196427.69060775847,23287.484784635482
2019-07-08,173680.60067677638,196968.08546141186,23287.484784635482
2019-07-09,173921.63946665567,197209.12425129116,23287.484784635482
2019-07-10,174130.72382639372,197418.2086110292,23287.484784635482
2019-07-11,174093.77708315453,197381.26186779002,23287.484784635482
2019-07-12,174162.75424161693,197450.2390262524,23287.484784635482
2019-07-15,174949.90715984697,198237.39194448246,23287.484784635482
2019-07-16,175308.51244113967,198595.99722577515,23287.484784635482
2019-07-17,175498.40994974296,198785.89473437844,23287.484784635482
2019-07-18,175353.58634757902,198641.0711322145,23287.484784635482
2019-07-19,176091.46852776874,199378.95331240422,23287.484784635482
2019-07-22,175912.0443542878,199199.52913892327,23287.484784635482
2019-07-23,175592.21733841102,198879.7021230465,23287.484784635482
2019-07-24,175374.3849310875,198661.86971572298,23287.484784635482
2019-07-25,175263.5212469016,198551.00603153708,23287.484784635482
2019-07-26,174380.69340417103,197668.17818880652,23287.484784635482
2019-07-29,174422.11623679323,197709.6010214287,23287.484784635482
2019-07-30,173749.09963274945,197036.58441738493,23287.484784635482
2019-07-31,172062.54169798654,195350.02648262202,23287.484784635482
2019-08-01,170699.93986282137,193987.42464745685,23287.484784635482
2019-08-02,168075.95306985825,191363.43785449374,23287.484784635482
2019-08-05,166968.30546230578,190255.79024694127,23287.484784635482
2019-08-06,167208.70592699526,190496.19071163074,23287.484784635482
2019-08-07,167373.58631874248,190661.07110337797,23287.484784635482
2019-08-08,167481.9908968599,190769.4756814954,23287.484784635482
2019-08-09,165828.58829807653,189116.073082712,23287.484784635482
2019-08-12,164270.86509716266,187295.8398000939,23024.974702931242
2019-08-13,164836.35328799998,188540.95922401082,23704.605936010834
2019-08-14,164208.2582249553,186724.41577469883,22516.15754974354
2019-08-15,162666.0324673265,184198.57989176328,21532.54742443678
2019-08-16,162744.17681124632,185621.1258223235,22876.949011077173
2019-08-19,161813.28352318576,184690.23253426293,22876.949011077173
2019-08-20,162033.5243994504,184910.47341052757,22876.949011077173
2019-08-21,161544.11739954993,184421.0664106271,22876.949011077173
2019-08-22,160162.09236936166,183039.04138043884,22876.949011077173
2019-08-23,160989.88019149762,183866.82920257503,22876.949011077406
2019-08-26,161118.8469851982,183995.79599627515,22876.94901107694
2019-08-27,160855.62473769963,183732.5737487761,22876.949011076475
2019-08-28,160597.98519245104,183474.93420352798,22876.94901107694
2019-08-29,159912.32922700315,182789.2782380787,22876.949011075543
2019-08-30,159866.9229649714,182743.87197604647,22876.949011075078
2019-09-03,160087.64957877027,182964.59858984582,22876.949011075543
2019-09-04,161880.88475859922,184757.833769675,22876.949011075776
2019-09-05,162013.509071543,184890.45808261877,22876.949011075776
2019-09-06,162232.19841991586,185109.14743099234,22876.949011076475
2019-09-09,162502.94747238292,185379.89648345986,22876.94901107694
2019-09-10,162709.59386779682,185586.54287887353,22876.949011076707
2019-09-11,163748.10027342418,186625.0492845002,22876.94901107601
2019-09-12,163671.454564636,186548.40357571177,22876.949011075776
2019-09-13,163565.51134899852,186442.4603600743,22876.949011075776
2019-09-16,163429.09485117334,186306.04386225005,22876.949011076707
2019-09-17,163606.3544995567,186483.30351063318,22876.949011076475
2019-09-18,163218.67533060384,186095.62434168055,22876.949011076707
2019-09-19,162703.55175111338,185580.50076219032,22876.94901107694
2019-09-20,159412.39848354517,182289.34749462188,22876.949011076707
2019-09-23,159234.17281453346,182111.12182561017,22876.949011076707
2019-09-24,157504.92435693205,180381.87336800876,22876.949011076707
2019-09-25,158771.89958612167,181648.84859719838,22876.949011076707
2019-09-26,158487.59357190842,181364.54258298513,22876.949011076707
2019-09-27,157969.44811539515,180846.39712647186,22876.949011076707
2019-09-30,158059.46038937627,180936.40940045298,22876.949011076707
2019-10-01,157515.50354185072,180392.45255292743,22876.949011076707
2019-10-02,156688.63054402533,179565.57955510204,22876.949011076707
2019-10-03,156666.35122588102,179543.30023695773,22876.949011076707
2019-10-04,157481.59946009365,180358.54847117036,22876.949011076707
2019-10-07,156622.8490431126,179499.7980541893,22876.949011076707
2019-10-08,156386.0337092328,179262.98272030952,22876.949011076707
2019-10-09,156198.62139578303,179075.57040685974,22876.949011076707
2019-10-10,156290.12876315904,179167.07777423575,22876.949011076707
2019-10-11,156841.8490021316,179718.79801320832,22876.949011076707
2019-10-14,156171.876454058,179048.8254651347,22876.949011076707
2019-10-15,156510.72073884995,179387.66974992666,22876.949011076707
2019-10-16,156284.34081026702,179161.28982134373,22876.949011076707
2019-10-17,156653.51801125507,179530.46702233178,22876.949011076707
2019-10-18,157354.72879939585,180231.67781047255,22876.949011076707
2019-10-21,156552.70312710293,179429.65213817963,22876.949011076707
2019-10-22,157135.14814273024,180012.09715380694,22876.949011076707
2019-10-23,156911.6314528021,179788.5804638788,22876.949011076707
2019-10-24,158038.38144389726,180915.33045497397,22876.949011076707
2019-10-25,159743.36327222735,182620.31228330405,22876.949011076707
2019-10-28,158925.44754230685,181802.39655338356,22876.949011076707
2019-10-29,159680.37042470358,182557.3194357803,22876.949011076707
2019-10-30,160367.4642727545,183244.4132838312,22876.949011076707
2019-10-31,160731.81816800544,183608.76717908215,22876.949011076707
2019-11-01,158669.8024391178,181546.7514501945,22876.949011076707
2019-11-04,158114.93084580137,180991.87985687808,22876.949011076707
2019-11-05,159387.3537436485,182264.3027547252,22876.949011076707
2019-11-06,159164.33260205027,182041.28161312698,22876.949011076707
2019-11-07,158912.9517995614,181789.90081063833,22876.94901107694
2019-11-08,158289.26999354514,181166.21900462185,22876.949011076707
2019-11-11,158045.9737089302,180922.9227200069,22876.949011076707
2019-11-12,158614.1718295617,181491.1208406384,22876.949011076707
2019-11-13,158978.13551715494,181855.08452823164,22876.949011076707
2019-11-14,159523.55138785578,182400.5003989325,22876.949011076707
2019-11-15,160053.08188960084,182930.03090067755,22876.949011076707
2019-11-18,159323.07243870967,182200.02144978638,22876.949011076707
2019-11-19,159365.3583182817,182242.30732935842,22876.949011076707
2019-11-20,159192.90588974894,182069.85490082565,22876.949011076707
2019-11-21,159225.69083640142,182102.63984747813,22876.949011076707
2019-11-22,160070.57960523188,182947.52861630858,22876.949011076707
2019-11-25,159882.3686249915,182759.3176360682,22876.949011076707
2019-11-26,159783.55405998696,182660.50307106366,22876.949011076707
2019-11-27,158734.2643918828,181611.21340295952,22876.949011076707
2019-11-29,159133.86273110285,182010.81174217956,22876.949011076707
2019-12-02,159154.85272189404,182031.80173297075,22876.949011076707
2019-12-03,159175.12641025463,182052.07542133133,22876.949011076707
2019-12-04,159477.36283798527,182354.31184906198,22876.949011076707
2019-12-05,159595.3366725858,182472.2856836625,22876.949011076707
2019-12-06,158912.98465744907,181789.93366852577,22876.949011076707
2019-12-09,158995.00423338218,181871.95324445888,22876.949011076707
2019-12-10,159388.57713519956,182265.52614627627,22876.949011076707
2019-12-11,159302.872309546,182179.8213206227,22876.949011076707
2019-12-12,158522.93706969556,181399.88608077227,22876.949011076707
2019-12-13,160110.92145183065,182987.87046290736,22876.949011076707
2019-12-16,158588.2179018812,181465.1669129579,22876.949011076707
2019-12-17,159640.61975786602,182517.56876894273,22876.949011076707
2019-12-18,159978.932653983,182855.88166505971,22876.949011076707
2019-12-19,160292.997582322,183169.9465933987,22876.949011076707
2019-12-20,156661.04519165063,179537.99420272734,22876.949011076707
2019-12-23,156300.56287598342,179177.51188706013,22876.949011076707
2019-12-24,156103.99830761633,178980.94731869304,22876.949011076707
2019-12-26,155406.35595036484,178283.30496144155,22876.949011076707
2019-12-27,154419.86317059223,177296.81218166894,22876.949011076707
2019-12-30,153965.1284991703,176842.077510247,22876.949011076707
2019-12-31,154333.2813063329,177210.23031740962,22876.949011076707
2020-01-02,154400.08877288108,177277.03778395778,22876.949011076707
2020-01-03,154139.73586886935,177016.68487994606,22876.949011076707
2020-01-06,154389.99473383825,177266.94374491496,22876.949011076707
2020-01-07,155763.03320323664,178639.98221431335,22876.949011076707
2020-01-08,155443.4164416748,178320.36545275152,22876.949011076707
2020-01-09,155073.94585322205,177950.89486429875,22876.949011076707
2020-01-10,156087.98219551786,178964.93120659457,22876.949011076707
2020-01-13,154797.16386233352,177674.11287341022,22876.949011076707
2020-01-14,155252.77545838244,178129.72446945915,22876.949011076707
2020-01-15,155801.19864242303,178678.14765349973,22876.949011076707
2020-01-16,155420.31841404515,178297.26742512186,22876.949011076707
2020-01-17,155665.92189670517,178542.87090778188,22876.949011076707
2020-01-21,154756.7175334494,177633.66654452612,22876.949011076707
2020-01-22,154696.3904498457,177573.3394609224,22876.949011076707
2020-01-23,154456.03279970842,177332.98181078513,22876.949011076707
2020-01-24,155096.37202378188,177973.32103485859,22876.949011076707
2020-01-27,152635.51454434812,175512.46355542482,22876.949011076707
2020-01-28,151601.95457034127,174478.90358141798,22876.949011076707
2020-01-29,150961.79134675756,173838.74035783426,22876.949011076707
2020-01-30,150937.24790733354,173814.19691841025,22876.949011076707
2020-01-31,150813.2216253411,173690.1706364178,22876.949011076707
2020-02-03,150586.9715053438,173463.9205164205,22876.949011076707
2020-02-04,150172.26566556527,173049.21467664198,22876.949011076707
2020-02-05,149426.1698471601,172303.11885823682,22876.949011076707
2020-02-06,149313.96274151537,172190.91175259207,22876.949011076707
2020-02-07,149831.2057109914,172708.1547220681,22876.949011076707
2020-02-10,148397.97524484387,171274.92425592057,22876.949011076707
2020-02-11,148286.42539937538,171163.3744104521,22876.949011076707
2020-02-12,148160.75780105044,171037.70681212714,22876.949011076707
2020-02-13,148129.95693206892,171006.90594314563,22876.949011076707
2020-02-14,148496.57929116895,171373.52830224566,22876.949011076707
2020-02-18,149191.2576751249,172068.20668620162,22876.949011076707
2020-02-19,149339.8397370017,172216.7887480784,22876.949011076707
2020-02-20,150149.5803133587,173026.5293244354,22876.949011076707
2020-02-21,150356.9684569824,173233.9174680591,22876.949011076707
2020-02-24,145654.41173778963,168531.36074886634,22876.949011076707
2020-02-25,142934.3582095009,165811.3072205776,22876.949011076707
2020-02-26,142467.0503895511,165343.9994006278,22876.949011076707
2020-02-27,137798.958971755,161212.05666552938,23413.097693774384
2020-02-28,136180.82888607332,158806.1336802463,22625.30479417299
2020-03-02,137221.51294389612,160097.6138351647,22876.10089126858
2020-03-03,137674.844562563,161025.02956120472,23350.184998641722
2020-03-04,137645.44293726003,160414.38640930178,22768.94347204175
2020-03-05,138209.3716425118,161742.24389614305,23532.87225363124
2020-03-06,137827.9631648152,161171.28246122366,23343.319296408445
2020-03-09,138753.0645391784,162459.59396538406,23706.52942620567
2020-03-10,140239.31516806374,164834.4659553034,24595.15078723966
2020-03-11,139231.81856311567,163135.0073550475,23903.18879193184
2020-03-12,136961.17180527956,159251.44349956955,22290.271694289986
2020-03-13,139946.24482390727,164169.63446202804,24223.389638120774
2020-03-16,136935.53685878578,159767.0432337966,22831.506375010824
2020-03-17,138176.76425784442,161511.52110088768,23334.75684304326
2020-03-18,137211.62185788923,160169.167378054,22957.54552016477
2020-03-19,138201.79608478025,161643.63037586398,23441.83429108374
2020-03-20,144488.87896586303,168539.03687282722,24050.15790696419
2020-03-23,144598.13579147507,168648.29369843914,24050.157906964072
2020-03-24,145967.45444747154,170017.61235443573,24050.15790696419
2020-03-25,136266.04790309072,154898.6840784303,18632.636175339576
2020-03-26,121398.96268470585,124868.02200203342,3469.05931732757
2020-03-27,130774.05775541766,144790.570717399,14016.512961981352
2020-03-30,144767.37878453336,162979.69261906762,18212.31383453426
2020-03-31,147863.72957117436,170011.20696653705,22147.477395362686
2020-04-01,143715.758085937,166786.38091471046,23070.622828773456
2020-04-02,151341.53149481956,175549.57118319767,24208.039688378107
2020-04-03,154686.83169606305,180047.67412705114,25360.842430988094
2020-04-06,161504.63021414867,187475.88685831148,25971.256644162815
2020-04-07,165697.6560973695,196338.95917308307,30641.30307571357
2020-04-08,164874.7437173617,190315.07902427483,25440.335306913126
2020-04-09,162368.8498765442,181739.23585051275,19370.385973968543
2020-04-13,169228.3033908906,198642.1578795251,29413.854488634504
2020-04-14,173598.4554231423,204670.16377128335,31071.708348141052
2020-04-15,171334.81906109373,203770.48291597678,32435.663854883052
2020-04-16,173129.05666605663,207235.88353078323,34106.82686472661
2020-04-17,173882.08993044752,202180.35456022364,28298.264629776124
2020-04-20,171131.39096217416,199429.6555919503,28298.264629776124
2020-04-21,172859.15130458912,201157.41593436524,28298.264629776124
2020-04-22,175936.39475895837,204234.6593887345,28298.264629776124
2020-04-23,176312.1715670596,204610.4361968357,28298.264629776124
2020-04-24,180311.52200092422,208609.78663070034,28298.264629776124
2020-04-27,181347.1329877812,209645.39761755732,28298.264629776124
2020-04-28,181887.59076692583,210185.85539670195,28298.264629776124
2020-04-29,180225.82689896622,208524.09152874234,28298.264629776124
2020-04-30,180189.66384986253,208487.92847963865,28298.264629776124
2020-05-01,181629.82889905875,209928.09352883487,28298.264629776124
2020-05-04,183427.5775223188,211725.84215209493,28298.264629776124
2020-05-05,183590.45646950183,211888.72109927796,28298.264629776124
2020-05-06,184856.14434680925,213154.40897658537,28298.264629776124
2020-05-07,182980.3326005307,211278.59723030683,28298.264629776124
2020-05-08,181550.84238394257,209849.1070137187,28298.264629776124
2020-05-11,182812.00086754165,211110.26549731777,28298.264629776124
2020-05-12,182612.2787727667,210910.54340254283,28298.264629776124
2020-05-13,181612.0739492688,209910.3385790449,28298.264629776124
2020-05-14,182279.80099613825,210578.06562591437,28298.264629776124
2020-05-15,185850.8717602659,214149.13639004203,28298.264629776124
2020-05-18,181815.5475928192,210113.81222259533,28298.264629776124
2020-05-19,182709.80976138543,211008.07439116156,28298.264629776124
2020-05-20,182677.94882872095,210976.21345849708,28298.264629776124
2020-05-21,183152.01550274156,211450.28013251768,28298.264629776124
2020-05-22,183685.2998018763,211983.56443165243,28298.264629776124
2020-05-26,183991.05927810515,212289.32390788128,28298.264629776124
2020-05-27,185594.5947951693,213892.85942494543,28298.264629776124
2020-05-28,184198.69649312296,212496.96112289908,28298.264629776124
2020-05-29,184973.4256222744,213271.69025205052,28298.264629776124
2020-06-01,185187.3636759594,213485.62830573553,28298.264629776124
2020-06-02,186314.4924816906,214612.75711146672,28298.264629776124
2020-06-03,187375.961530898,215674.22616067412,28298.264629776124
2020-06-04,188183.35285802628,216481.6174878024,28298.264629776124
2020-06-05,191692.23699465976,219990.50162443588,28298.264629776124
2020-06-08,194379.81156900502,222678.07619878114,28298.264629776124
2020-06-09,194304.86009509768,222603.1247248738,28298.264629776124
2020-06-10,194771.45982564986,223069.72445542598,28298.264629776124
2020-06-11,190412.7263625043,218710.99099228042,28298.264629776124
2020-06-12,191413.933527258,219712.19815703412,28298.264629776124
2020-06-15,193074.16970022977,221372.4343300059,28298.264629776124
2020-06-16,196580.0006001715,224878.26522994763,28298.264629776124
2020-06-17,195116.85112468712,223415.11575446324,28298.264629776124
2020-06-18,195027.6621526205,223325.92678239662,28298.264629776124
2020-06-19,194259.01018201374,222557.27481178986,28298.264629776124
2020-06-22,194724.80509880534,223023.06972858147,28298.264629776124
2020-06-23,194716.00940396218,223014.2740337383,28298.264629776124
2020-06-24,194062.14650116488,222360.411130941,28298.264629776124
2020-06-25,195503.73474725639,223801.9993770325,28298.264629776124
2020-06-26,193947.6003218973,222245.86495167343,28298.264629776124
2020-06-29,196874.6570224301,225172.92165220622,28298.264629776124
2020-06-30,197822.31341083394,226120.57804061007,28298.264629776124
2020-07-01,197466.76862968015,225765.03325945605,28298.26462977589
2020-07-02,199276.2628753474,227574.52750512352,28298.264629776124
2020-07-06,194619.75811306108,222918.0227428372,28298.264629776124
2020-07-07,193468.44361967314,221766.70824944926,28298.264629776124
2020-07-08,194452.68023829302,222750.94486806914,28298.264629776124
2020-07-09,195071.20385384536,223369.4684836215,28298.264629776124
2020-07-10,195116.22600314254,223414.49063291866,28298.264629776124
2020-07-13,193227.61685389024,221525.88148366637,28298.264629776124
2020-07-14,194292.2890565691,222590.55368634523,28298.264629776124
2020-07-15,194845.31551507348,223143.5801448496,28298.264629776124
2020-07-16,195221.13353426894,223519.39816404507,28298.264629776124
2020-07-17,195629.89166621538,223928.1562959915,28298.264629776124
2020-07-20,195660.59286420536,223958.8574939815,28298.264629776124
2020-07-21,196178.08499910473,224476.34962888085,28298.264629776124
2020-07-22,195928.25718421466,224226.52181399078,28298.264629776124
2020-07-23,196566.87669810816,224865.14132788428,28298.264629776124
2020-07-24,195013.15143850562,223311.41606828175,28298.264629776124
2020-07-27,195795.67255250108,224093.9371822772,28298.264629776124
2020-07-28,196215.15081348876,224513.41544326488,28298.264629776124
2020-07-29,194785.25982612767,223083.5244559038,28298.264629776124
2020-07-30,193995.70817577606,222293.97280555218,28298.264629776124
2020-07-31,193260.6636865139,221558.92831629002,28298.264629776124
2020-08-03,193951.42494597426,222249.68957575038,28298.264629776124
2020-08-04,193105.16556250094,221403.43019227707,28298.264629776124
2020-08-05,193211.68671957636,221509.9513493525,28298.264629776124
2020-08-06,192390.14959106687,220688.414220843,28298.264629776124
2020-08-07,193882.50398190552,222180.76861168165,28298.264629776124
2020-08-10,195708.279716386,224006.54434616212,28298.264629776124
2020-08-11,197027.95921508758,225326.2238448637,28298.264629776124
2020-08-12,196396.73710936657,224695.0017391427,28298.264629776124
2020-08-13,196090.77839161525,224389.04302139138,28298.264629776124
2020-08-14,196648.35263358825,224946.61726336437,28298.264629776124
2020-08-17,197215.69504737644,225513.95967715257,28298.264629776124
2020-08-18,197274.4316306084,225572.69626038452,28298.264629776124
2020-08-19,197973.68461344158,226271.9492432177,28298.264629776124
2020-08-20,197232.80578200822,225531.07041178434,28298.264629776124
2020-08-21,196872.63838031143,225170.90301008755,28298.264629776124
2020-08-24,196890.7040849449,225188.96871472104,28298.264629776124
2020-08-25,196919.1337305773,225217.39836035343,28298.264629776124
2020-08-26,196941.88243928878,225240.1470690649,28298.264629776124
2020-08-27,196952.67844687146,225250.94307664759,28298.264629776124
2020-08-28,196970.3149816112,225268.57961138734,28298.264629776124
2020-08-31,197035.22782837157,225333.4924581477,28298.264629776124
2020-09-01,197091.26738489093,225389.53201466706,28298.264629776124
2020-09-02,197105.12660182663,225403.39123160276,28298.264629776124
2020-09-03,197078.9860297516,225377.25065952772,28298.264629776124
2020-09-04,197082.88698655996,225381.15161633608,28298.264629776124
2020-09-08,197129.5561323429,225427.82076211902,28298.264629776124
2020-09-09,197205.86437190045,225504.12900167657,28298.264629776124
2020-09-10,197203.99781069346,225502.26244046958,28298.264629776124
2020-09-11,197254.66776607255,225552.93239584868,28298.264629776124
2020-09-14,197380.9085997045,225679.17322948063,28298.264629776124
2020-09-15,197462.8869686199,225761.151598396,28298.264629776124
2020-09-16,197440.12200554973,225738.38663532585,28298.264629776124
2020-09-17,197291.08789463574,225589.35252441186,28298.264629776124
2020-09-18,197028.39098297153,225326.65561274765,28298.264629776124
2020-09-21,197030.58473680238,225328.8493665785,28298.264629776124
2020-09-22,197045.32626853092,225343.59089830704,28298.264629776124
2020-09-23,196910.01585525926,225208.2804850354,28298.264629776124
2020-09-24,196917.87937108125,225216.14400085737,28298.264629776124
2020-09-25,197024.49520292133,225322.75983269745,28298.264629776124
2020-09-28,197024.4869147553,225322.75154453143,28298.264629776124
2020-09-29,197036.86117031216,225335.12580008828,28298.264629776124
2020-09-30,197071.4083126844,225369.67294246051,28298.264629776124
2020-10-01,197053.7465400421,225352.01116981823,28298.264629776124
2020-10-02,197100.99388974928,225399.2585195254,28298.264629776124
2020-10-05,197121.62649418972,225419.89112396585,28298.264629776124
2020-10-06,197150.0362113095,225448.3008410856,28298.264629776124
2020-10-07,197151.53578688926,225449.80041666538,28298.264629776124
2020-10-08,197137.53839501855,225435.80302479467,28298.264629776124
2020-10-09,197114.73523828224,225412.99986805837,28298.264629776124
2020-10-12,197222.1679706811,225520.43260045722,28298.264629776124
2020-10-13,197230.08343538432,225528.34806516045,28298.264629776124
2020-10-14,197238.0999539562,225536.36458373233,28298.264629776124
2020-10-15,197214.91411938146,225513.17874915758,28298.264629776124
2020-10-16,197194.51558602625,225492.78021580237,28298.264629776124
2020-10-19,197597.62724508974,225895.89187486586,28298.264629776124
2020-10-20,197728.99965342577,226027.2642832019,28298.264629776124
2020-10-21,197720.2200535722,226018.48468334833,28298.264629776124
2020-10-22,197954.46504508075,226252.72967485688,28298.264629776124
2020-10-23,197982.78903637477,226281.0536661509,28298.264629776124
2020-10-26,198297.90509873815,226596.16972851427,28298.264629776124
2020-10-27,197774.23568005534,226072.50030983146,28298.264629776124
2020-10-28,196007.5812698952,224305.84589967132,28298.264629776124
2020-10-29,197281.73903452163,225580.00366429775,28298.264629776124
2020-10-30,197760.44300152175,226058.70763129788,28298.264629776124
2020-11-02,198144.68383514858,226442.9484649247,28298.264629776124
2020-11-03,197420.7158689166,225718.98049869272,28298.264629776124
2020-11-04,196180.7110404356,224478.97567021172,28298.264629776124
2020-11-05,194958.87959909835,223257.14422887447,28298.264629776124
2020-11-06,195034.62933454546,223332.89396432159,28298.264629776124
2020-11-09,195020.6079869049,223318.87261668104,28298.264629776124
2020-11-10,194816.62294360483,223114.88757338095,28298.264629776124
2020-11-11,195214.20416140696,223512.46879118308,28298.264629776124
2020-11-12,195072.49757724884,223370.76220702496,28298.264629776124
2020-11-13,194545.6084794437,222843.87310921983,28298.264629776124
2020-11-16,195250.0119889176,223548.27661869372,28298.264629776124
2020-11-17,195390.9432642574,223689.20789403352,28298.264629776124
2020-11-18,195989.0219949209,224287.28662469704,28298.264629776124
2020-11-19,196411.38314370112,224709.64777347725,28298.264629776124
2020-11-20,196437.50867562974,224735.77330540586,28298.264629776124
2020-11-23,196499.61114411312,224797.87577388925,28298.264629776124
2020-11-24,196516.48162476532,224814.74625454145,28298.264629776124
2020-11-25,196499.0972370326,224797.36186680873,28298.264629776124
2020-11-27,196563.66532058502,224861.92995036114,28298.264629776124
2020-11-30,196617.93147303816,224916.19610281428,28298.264629776124
2020-12-01,196530.04793839972,224828.31256817584,28298.264629776124
2020-12-02,196076.52636866178,224374.7909984379,28298.264629776124
2020-12-03,196158.77245586528,224457.0370856414,28298.264629776124
2020-12-04,196333.32178900973,224631.58641878585,28298.264629776124
2020-12-07,196464.9540780196,224763.21870779572,28298.264629776124
2020-12-08,196460.33225017157,224758.5968799477,28298.264629776124
2020-12-09,196316.66916528624,224614.93379506236,28298.264629776124
2020-12-10,196427.3521946543,224725.6168244304,28298.264629776124
2020-12-11,196435.93933341466,224734.20396319078,28298.264629776124
2020-12-14,196513.20151994447,224811.4661497206,28298.264629776124
2020-12-15,196437.44978353777,224735.7144133139,28298.264629776124
2020-12-16,196589.42699927976,224887.6916290559,28298.264629776124
2020-12-17,196692.75091412244,224991.01554389857,28298.264629776124
2020-12-18,196802.86724367132,225101.13187344745,28298.264629776124
2020-12-21,196752.29629332735,225050.56092310348,28298.264629776124
2020-12-22,196801.99175489484,225100.25638467097,28298.264629776124
2020-12-23,196832.49650503276,225130.76113480888,28298.264629776124
2020-12-24,196854.041851538,225152.30648131412,28298.264629776124
2020-12-28,196918.11557654804,225216.38020632416,28298.264629776124
2020-12-29,196950.08394231368,225248.3485720898,28298.264629776124
2020-12-30,196975.84102757229,225274.1056573484,28298.264629776124
2020-12-31,197014.9376266969,225313.202256473,28298.264629776124
2021-01-04,197097.55082484288,225395.815454619,28298.264629776124
2021-01-05,197124.7063922875,225422.97102206363,28298.264629776124
2021-01-06,197143.60788826994,225441.87251804606,28298.264629776124
2021-01-07,197130.02541646175,225428.29004623787,28298.264629776124
2021-01-08,197113.06009408808,225411.3247238642,28298.264629776124
2021-01-11,197122.5085245343,225420.77315431042,28298.264629776124
2021-01-12,197251.1447167464,225549.40934652253,28298.264629776124
2021-01-13,197403.0907659717,225701.3553957478,28298.264629776124
2021-01-14,197502.41231409274,225800.67694386886,28298.264629776124
2021-01-15,197513.4517872054,225811.71641698154,28298.264629776124
2021-01-19,197696.1869844636,225994.45161423972,28298.264629776124
2021-01-20,197786.38907307712,226084.65370285325,28298.264629776124
2021-01-21,197563.16452717828,225861.4291569544,28298.264629776124
2021-01-22,197807.7022370263,226105.96686680242,28298.264629776124
2021-01-25,198111.0765414785,226409.34117125464,28298.264629776124
2021-01-26,198295.50816519186,226593.77279496798,28298.264629776124
2021-01-27,197756.8337961384,226055.09842591453,28298.264629776124
2021-01-28,198132.57022864977,226430.8348584259,28298.264629776124
2021-01-29,198366.10704030027,226664.3716700764,28298.264629776124
2021-02-01,198899.49239253928,227197.7570223154,28298.264629776124
2021-02-02,198967.22146235988,227265.486092136,28298.264629776124
2021-02-03,199108.99300851603,227407.25763829215,28298.264629776124
2021-02-04,198610.7461142037,226909.01074397983,28298.264629776124
2021-02-05,198625.88858032157,226924.1532100977,28298.264629776124
2021-02-08,198248.44905173895,226546.71368151507,28298.264629776124
2021-02-09,198341.75318541494,226640.01781519107,28298.264629776124
2021-02-10,198683.32113865297,226981.5857684291,28298.264629776124
2021-02-11,198618.613824039,226916.87845381512,28298.264629776124
2021-02-12,198127.5107045879,226425.77533436404,28298.264629776124
2021-02-16,198358.1493287359,226656.413958512,28298.264629776124
2021-02-17,199149.66022128332,227447.92485105945,28298.264629776124
2021-02-18,199431.02684016828,227729.2914699444,28298.264629776124
2021-02-19,199023.87283906178,227322.1374688379,28298.264629776124
2021-02-22,199066.10530516086,227364.36993493699,28298.264629776124
2021-02-23,199037.4490840584,227335.71371383453,28298.264629776124
2021-02-24,198887.01475234074,227185.27938211686,28298.264629776124
2021-02-25,198783.56874405383,227081.83337382996,28298.264629776124
2021-02-26,198844.34144808236,227142.60607785848,28298.264629776124
2021-03-01,198903.67721201107,227201.9418417872,28298.264629776124
2021-03-02,198837.5125464215,227135.77717619762,28298.264629776124
2021-03-03,198766.75012761797,227065.0147573941,28298.264629776124
2021-03-04,198500.08246332523,226798.34709310136,28298.264629776124
2021-03-05,198692.83852410899,226991.1031538851,28298.264629776124
2021-03-08,199296.17704882496,227594.44167860108,28298.264629776124
2021-03-09,199389.28772618365,227687.55235595978,28298.264629776124
2021-03-10,199483.2384690945,227781.50309887063,28298.264629776124
2021-03-11,199540.9583190342,227839.22294881032,28298.264629776124
2021-03-12,199583.48384129629,227881.7484710724,28298.264629776124
2021-03-15,199736.08102839114,228034.34565816727,28298.264629776124
2021-03-16,199895.83679118892,228194.10142096505,28298.264629776124
2021-03-17,199685.78033022885,227984.04496000498,28298.264629776124
2021-03-18,199863.20176850865,228161.46639828477,28298.264629776124
2021-03-19,200215.7652752723,228514.02990504843,28298.264629776124
2021-03-22,200231.57623361703,228529.84086339315,28298.264629776124
2021-03-23,200219.2934358525,228517.55806562863,28298.264629776124
2021-03-24,200290.92810839182,228589.19273816794,28298.264629776124
2021-03-25,200344.3085189946,228642.57314877072,28298.264629776124
2021-03-26,200306.69378069253,228604.95841046865,28298.264629776124
2021-03-29,200429.53986929962,228727.80449907575,28298.264629776124
2021-03-30,200473.28827593056,228771.5529057067,28298.264629776124
2021-03-31,200557.89567001886,228856.16029979498,28298.264629776124
2021-04-01,200683.91299038683,228982.17762016295,28298.264629776124
2021-04-05,200849.00777578983,229147.27240556595,28298.264629776124
2021-04-06,200849.73412096198,229147.9987507381,28298.264629776124
2021-04-07,201075.52951153484,229373.79414131097,28298.264629776124
2021-04-08,201194.5863695382,229492.85099931434,28298.264629776124
2021-04-09,201191.10430791182,229489.36893768795,28298.264629776124
2021-04-12,201358.86783357197,229657.1324633481,28298.264629776124
2021-04-13,201540.72030734015,229838.98493711627,28298.264629776124
2021-04-14,201500.38722714921,229798.65185692534,28298.264629776124
2021-04-15,201748.4326645662,230046.69729434233,28298.264629776124
2021-04-16,201742.1856571834,230040.45028695953,28298.264629776124
2021-04-19,200120.28871386708,228418.5533436432,28298.264629776124
2021-04-20,199167.27322665474,227465.53785643086,28298.264629776124
2021-04-21,199833.86948624218,228132.1341160183,28298.264629776124
2021-04-22,199186.8669696633,227485.13159943942,28298.264629776124
2021-04-23,199645.83871912875,227944.10334890487,28298.264629776124
2021-04-26,199439.69530678913,227737.95993656525,28298.264629776124
2021-04-27,199511.13962150214,227809.40425127826,28298.264629776124
2021-04-28,199313.33695481683,227611.60158459295,28298.264629776124
2021-04-29,199124.36111719965,227422.62574697577,28298.264629776124
2021-04-30,198491.2230164865,226789.48764626263,28298.264629776124
2021-05-03,198967.24782266293,227265.51245243906,28298.264629776124
2021-05-04,199476.3139407836,227774.57857055974,28298.264629776124
2021-05-05,200169.4006490549,228467.66527883103,28298.264629776124
2021-05-06,201313.38720012596,229611.65182990208,28298.264629776124
2021-05-07,201051.59761396574,229349.86224374187,28298.264629776124
2021-05-10,199128.92833709868,227427.1929668748,28298.264629776124
2021-05-11,198299.77400502295,226598.03863479907,28298.264629776124
2021-05-12,192980.0878277768,221278.35245755292,28298.264629776124
2021-05-13,195309.3192713675,223607.58390114363,28298.264629776124
2021-05-14,199793.7500987189,228092.01472849504,28298.264629776124
2021-05-17,200135.59843315603,228433.86306293216,28298.264629776124
2021-05-18,200304.4935992296,228602.75822900573,28298.264629776124
2021-05-19,201351.7467878739,229650.01141765004,28298.264629776124
2021-05-20,202142.28261349606,230440.5472432722,28298.264629776124
2021-05-21,202090.89503073227,230389.1596605084,28298.264629776124
2021-05-24,202108.76537573477,230407.0300055109,28298.264629776124
2021-05-25,202096.5715411806,230394.83617095673,28298.264629776124
2021-05-26,202084.5346945743,230382.79932435043,28298.264629776124
2021-05-27,202073.00172427786,230371.26635405398,28298.264629776124
2021-05-28,201888.5643859473,230186.82901572343,28298.264629776124
2021-06-01,201946.70570156793,230244.97033134406,28298.264629776124
2021-06-02,202057.99780381797,230356.2624335941,28298.264629776124
2021-06-03,202246.9362859109,230545.20091568702,28298.264629776124
2021-06-04,202133.77245101542,230432.03708079155,28298.264629776124
2021-06-07,202092.06179897394,230390.32642875006,28298.264629776124
2021-06-08,202127.33504031948,230425.5996700956,28298.264629776124
2021-06-09,202276.08579725004,230574.35042702616,28298.264629776124
2021-06-10,202194.41439819895,230492.67902797507,28298.264629776124
2021-06-11,202208.04545080033,230506.31008057646,28298.264629776124
2021-06-14,202039.8211728041,230338.08580258023,28298.264629776124
2021-06-15,202169.09441294847,230467.3590427246,28298.264629776124
2021-06-16,202037.26056286786,230335.52519264398,28298.264629776124
2021-06-17,201880.94027398573,230179.20490376186,28298.264629776124
2021-06-18,201846.85693043098,230145.1215602071,28298.264629776124
2021-06-21,200777.06974640302,229075.33437617915,28298.264629776124
2021-06-22,200709.43100699852,229007.69563677465,28298.264629776124
2021-06-23,201462.24381307536,229760.50844285148,28298.264629776124
2021-06-24,202547.77022413362,230846.03485390975,28298.264629776124
2021-06-25,200707.6100131733,229005.87464294943,28298.264629776124
2021-06-28,200236.34884354146,228534.6134733176,28298.264629776124
2021-06-29,200312.80113068933,228611.06576046546,28298.264629776124
2021-06-30,200405.96191918047,228704.2265489566,28298.264629776124
2021-07-01,198166.10477475112,226464.36940452724,28298.264629776124
2021-07-02,197014.32948052033,225312.59411029646,28298.264629776124
2021-07-06,196310.3601450296,224608.62477480574,28298.264629776124
2021-07-07,196535.67881643842,224833.94344621454,28298.264629776124
2021-07-08,196491.347264842,224789.61189461814,28298.264629776124
2021-07-09,194442.5744218825,222740.83905165864,28298.264629776124
2021-07-12,192003.41277894436,220301.67740872048,28298.264629776124
2021-07-13,191755.13725719636,220053.40188697248,28298.264629776124
2021-07-14,192728.63655649393,221026.90118627006,28298.264629776124
2021-07-15,192572.35424979462,220870.61887957074,28298.264629776124
2021-07-16,185247.6755658826,213545.9401956587,28298.264629776124
2021-07-19,182581.25094580417,210879.5155755803,28298.264629776124
2021-07-20,183615.06012107444,211913.32475085056,28298.264629776124
2021-07-21,184823.6535414951,213121.91817127122,28298.264629776124
2021-07-22,184406.6292776378,212704.89390741393,28298.264629776124
2021-07-23,182380.3731232452,210678.63775302132,28298.264629776124
2021-07-26,181938.0793088897,210236.3439386658,28298.264629776124
2021-07-27,181353.20266671025,209651.46729648637,28298.264629776124
2021-07-28,181954.526652541,210252.79128231714,28298.264629776124
2021-07-29,182653.30660219048,210951.5712319666,28298.264629776124
2021-07-30,183143.84537396324,211442.11000373936,28298.264629776124
2021-08-02,182438.07709734573,210736.34172712185,28298.264629776124
2021-08-03,183078.41061459947,211376.6752443756,28298.264629776124
2021-08-04,182375.01892681187,210673.283556588,28298.264629776124
2021-08-05,183278.8472862224,211577.1119159985,28298.264629776124
2021-08-06,184717.95525186323,213016.21988163935,28298.264629776124
2021-08-09,184609.5994560927,212907.86408586882,28298.264629776124
2021-08-10,185134.34726464818,213432.6118944243,28298.264629776124
2021-08-11,186376.72150703915,214674.98613681528,28298.264629776124
2021-08-12,187364.1885170315,215662.45314680762,28298.264629776124
2021-08-13,186204.34155347152,214502.60618324764,28298.264629776124
2021-08-16,185466.19766977476,213764.46229955088,28298.264629776124
2021-08-17,186486.3496842035,214784.61431397963,28298.264629776124
2021-08-18,183542.09535419708,211840.3599839732,28298.264629776124
2021-08-19,186869.83576231054,215168.10039208666,28298.264629776124
2021-08-20,192367.16648570646,220665.43111548258,28298.264629776124
2021-08-23,193929.21366714698,222227.4782969231,28298.264629776124
2021-08-24,193499.34233126545,221797.60696104157,28298.264629776124
2021-08-25,193807.06216297334,222105.32679274946,28298.264629776124
2021-08-26,192894.5802091168,221192.84483889292,28298.264629776124
2021-08-27,193694.48327257799,221992.7479023541,28298.264629776124
2021-08-30,192951.2391630113,221249.50379278744,28298.264629776124
2021-08-31,193050.04232716234,221348.30695693847,28298.264629776124
2021-09-01,193886.48457281827,222184.7492025944,28298.264629776124
2021-09-02,192465.12809448398,220763.3927242601,28298.264629776124
2021-09-03,193394.6059991432,221692.87062891934,28298.264629776124
2021-09-07,192486.17309310602,220784.43772288214,28298.264629776124
2021-09-08,192873.62397586135,221171.88860563748,28298.264629776124
2021-09-09,192760.36837383348,221058.6330036096,28298.264629776124
2021-09-10,191532.5155176433,219830.78014741943,28298.264629776124
2021-09-13,191470.57743560767,219768.8420653838,28298.264629776124
2021-09-14,192183.53534040484,220481.79997018096,28298.264629776124
2021-09-15,192516.63171148708,220814.8963412632,28298.264629776124
2021-09-16,192438.6321845404,220736.8968143165,28298.264629776124
2021-09-17,190945.31307283172,219243.57770260784,28298.264629776124
2021-09-20,187751.31208441034,216049.57671418646,28298.264629776124
2021-09-21,188011.9981573854,216310.2627871615,28298.264629776124
2021-09-22,189600.7042263915,217898.96885616763,28298.264629776124
2021-09-23,192183.45368843398,220481.7183182101,28298.264629776124
2021-09-24,193248.62482563034,221546.88945540646,28298.264629776124
2021-09-27,192792.16894096625,221090.43357074237,28298.264629776124
2021-09-28,190633.14526039315,218931.40989016928,28298.264629776124
2021-09-29,191308.32682541083,219606.59145518695,28298.264629776124
2021-09-30,187858.34526232025,216156.60989209637,28298.264629776124
2021-10-01,191340.1766461744,219638.44127595052,28298.264629776124
2021-10-04,190568.87376095622,218867.13839073235,28298.264629776124
2021-10-05,191014.12560314895,219312.39023292507,28298.264629776124
2021-10-06,190606.39618179854,218904.66081157466,28298.264629776124
2021-10-07,190699.1082868221,218997.37291659822,28298.264629776124
2021-10-08,190722.8658387973,219021.13046857342,28298.264629776124
2021-10-11,189765.40881435084,218063.67344412697,28298.264629776124
2021-10-12,190077.01670319051,218375.28133296664,28298.264629776124
2021-10-13,191179.71294899972,219477.97757877584,28298.264629776124
2021-10-14,191974.182848013,220272.44747778913,28298.264629776124
2021-10-15,191024.81403765152,219323.07866742765,28298.264629776124
2021-10-18,190596.16515921475,218894.42978899088,28298.264629776124
2021-10-19,190169.1635213904,218467.42815116653,28298.264629776124
2021-10-20,188236.82770060725,216535.09233038337,28298.264629776124
2021-10-21,188127.0111884079,216425.27581818402,28298.264629776124
2021-10-22,187898.59617698728,216196.8608067634,28298.264629776124
2021-10-25,188340.88733671803,216639.15196649416,28298.264629776124
2021-10-26,186523.9116350707,214822.1762648468,28298.264629776124
2021-10-27,188339.37173240085,216637.63636217697,28298.264629776124
2021-10-28,188122.2974981313,216420.5621279074,28298.264629776124
2021-10-29,188282.09539526387,216580.36002504,28298.264629776124
2021-11-01,188780.57327769813,217078.83790747426,28298.264629776124
2021-11-02,188448.35931670514,216746.62394648127,28298.264629776124
2021-11-03,187583.04060209473,215881.30523187085,28298.264629776124
2021-11-04,191830.68870069785,220128.95333047397,28298.264629776124
2021-11-05,193369.1813164982,221667.44594627433,28298.264629776124
2021-11-08,193827.37642496824,222125.64105474437,28298.264629776124
2021-11-09,193626.9557118538,221925.22034162993,28298.264629776124
2021-11-10,192536.8422432196,220835.10687299573,28298.264629776124
2021-11-11,193395.752099748,221694.01672952413,28298.264629776124
2021-11-12,193703.4304589033,222001.69508867944,28298.264629776124
2021-11-15,194415.8890068339,222714.15363661002,28298.264629776124
2021-11-16,194596.97411673726,222895.23874651338,28298.264629776124
2021-11-17,194224.9294211591,222523.1940509352,28298.264629776124
2021-11-18,194641.92322109453,222940.18785087066,28298.264629776124
2021-11-19,194584.68645168806,222882.95108146418,28298.264629776124
2021-11-22,193448.85823181458,221747.1228615907,28298.264629776124
2021-11-23,194181.16402842582,222479.42865820194,28298.264629776124
2021-11-24,194620.9128591147,222919.17748889083,28298.264629776124
2021-11-26,194959.5564281434,223257.82105791953,28298.264629776124
2021-11-29,199524.2855301901,227822.55015996622,28298.264629776124
2021-11-30,198909.0262591825,227207.2908889586,28298.264629776124
2021-12-01,198803.00564315356,227101.2702729297,28298.264629776124
2021-12-02,199152.41383822833,227450.67846800445,28298.264629776124
2021-12-03,199919.06208439206,228217.3267141682,28298.264629776124
2021-12-06,203125.199409827,231423.46403960313,28298.264629776124
2021-12-07,202982.93290027138,231281.1975300475,28298.264629776124
2021-12-08,203105.57072808326,231403.83535785938,28298.264629776124
2021-12-09,203227.33516529493,231525.59979507106,28298.264629776124
2021-12-10,203481.7984020136,231780.06303178973,28298.264629776124
2021-12-13,203795.73800177977,232094.0026315559,28298.264629776124
2021-12-14,203551.8635168007,231850.1281465768,28298.264629776124
2021-12-15,203076.168361341,231374.43299111712,28298.264629776124
2021-12-16,203183.20467507828,231481.4693048544,28298.264629776124
2021-12-17,203950.21410388465,232248.47873366077,28298.264629776124
2021-12-20,203951.21590744017,232249.4805372163,28298.264629776124
2021-12-21,203914.60510340298,232212.8697331791,28298.264629776124
2021-12-22,203913.56891660055,232211.83354637667,28298.264629776124
2021-12-23,203918.6997772794,232216.96440705552,28298.264629776124
2021-12-27,203992.2023246343,232290.46695441043,28298.264629776124
2021-12-28,204023.24272063782,232321.50735041394,28298.264629776124
2021-12-29,204039.77512314438,232338.0397529205,28298.264629776124
2021-12-30,204048.51239474642,232346.77702452254,28298.264629776124
2021-12-31,204099.68948734424,232397.95411712036,28298.264629776124
2022-01-03,204070.51843675144,232368.78306652757,28298.264629776124
2022-01-04,204005.91702633502,232304.18165611115,28298.264629776124
2022-01-05,203728.89484171092,232027.15947148704,28298.264629776124
2022-01-06,203778.73303345998,232076.9976632361,28298.264629776124
2022-01-07,203423.05201148347,231721.3166412596,28298.264629776124
2022-01-10,203215.84320026485,231514.10783004097,28298.264629776124
2022-01-11,203306.40544152667,231604.6700713028,28298.264629776124
2022-01-12,203360.74905225367,231659.0136820298,28298.264629776124
2022-01-13,203067.95109587268,231366.2157256488,28298.264629776124
2022-01-14,202862.05476044666,231160.31939022278,28298.264629776124
2022-01-18,202677.61407716584,230975.87870694196,28298.264629776124
2022-01-19,202559.42971788708,230857.6943476632,28298.264629776124
2022-01-20,202498.48408308288,230796.748712859,28298.264629776124
2022-01-21,202620.4540742446,230918.71870402072,28298.264629776124
2022-01-24,203405.80025556206,231704.0648853382,28298.264629776124
2022-01-25,203458.01577707252,231756.28040684864,28298.264629776124
2022-01-26,203757.47924927494,232055.74387905106,28298.264629776124
2022-01-27,203287.02945449145,231585.29408426757,28298.264629776124
2022-01-28,203145.00791150832,231443.27254128444,28298.264629776124
2022-01-31,205680.11620969127,233978.3808394674,28298.264629776124
2022-02-01,204569.40171030967,232867.6663400858,28298.264629776124
2022-02-02,202378.45142310497,230676.7160528811,28298.264629776124
2022-02-03,203501.57496616745,231799.83959594357,28298.264629776124
2022-02-04,203531.08837580692,231829.35300558305,28298.264629776124
2022-02-07,204611.77757349622,232910.04220327234,28298.264629776124
2022-02-08,205053.21773918753,233351.48236896365,28298.264629776124
2022-02-09,206102.53203919122,234400.79666896735,28298.264629776124
2022-02-10,206881.06709715433,235179.33172693045,28298.264629776124
2022-02-11,205470.24859712936,233768.5132269055,28298.264629776124
2022-02-14,207190.69069849013,235488.95532826625,28298.264629776124
2022-02-15,208630.65490322455,236928.91953300068,28298.264629776124
2022-02-16,208564.15433148213,236862.41896125826,28298.264629776124
2022-02-17,208842.62200697872,237140.88663675485,28298.264629776124
2022-02-18,209678.87357080763,237977.13820058375,28298.264629776124
2022-02-22,209797.97685201291,238096.24148178904,28298.264629776124
2022-02-23,210138.52174545976,238436.78637523588,28298.264629776124
2022-02-24,211702.02319757047,240000.2878273466,28298.264629776124
2022-02-25,210575.08348158153,238873.34811135766,28298.264629776124
2022-02-28,210101.52688483836,238399.79151461448,28298.264629776124
2022-03-01,207882.45375119068,236180.7183809668,28298.264629776124
2022-03-02,210499.29331239627,238797.5579421724,28298.264629776124
2022-03-03,211505.75712690142,239804.02175667754,28298.264629776124
2022-03-04,214868.15589669265,243166.42052646878,28298.264629776124
2022-03-07,219795.06243059167,248093.3270603678,28298.264629776124
2022-03-08,221167.46458976634,249465.72921954247,28298.264629776124
2022-03-09,223169.4668780769,251467.73150785302,28298.264629776124
2022-03-10,224955.73705188686,253254.0016816632,28298.264629776357
2022-03-11,226850.97484620812,255149.239475984,28298.26462977589
2022-03-14,227807.18241169385,256105.44704146998,28298.264629776124
2022-03-15,227504.1397966774,255802.40442645352,28298.264629776124
2022-03-16,226359.42471127852,254657.68934105465,28298.264629776124
2022-03-17,220684.84212284826,248983.1067526244,28298.264629776124
2022-03-18,222894.23948947538,251192.5041192515,28298.264629776124
2022-03-21,223115.72416101012,251413.98879078624,28298.264629776124
2022-03-22,223141.38021594996,251439.64484572608,28298.264629776124
2022-03-23,223149.84678654105,251448.11141631717,28298.264629776124
2022-03-24,223376.58927524544,251674.85390502156,28298.264629776124
2022-03-25,223420.9232203398,251719.18785011594,28298.264629776124
2022-03-28,223868.0444227549,252166.30905253103,28298.264629776124
2022-03-29,223814.37115654245,252112.63578631857,28298.264629776124
2022-03-30,224019.6863888692,252317.9510186453,28298.264629776124
2022-03-31,224186.91265270428,252485.1772824804,28298.264629776124
2022-04-01,224189.52910411346,252487.7937338896,28298.264629776124
2022-04-04,224607.56087983318,252905.8255096093,28298.264629776124
2022-04-05,224788.77354431234,253087.03817408846,28298.264629776124
2022-04-06,224841.385150022,253139.6497797981,28298.264629776124
2022-04-07,225029.3175319665,253327.5821617426,28298.264629776124
2022-04-08,225162.09544515505,253460.36007493117,28298.264629776124
2022-04-11,225279.30363042036,253577.56826019648,28298.264629776124
2022-04-12,225220.09028421843,253518.35491399455,28298.264629776124
2022-04-13,225294.1501034546,253592.41473323072,28298.264629776124
2022-04-14,224897.0052512939,253195.26988107,28298.264629776124
2022-04-18,225306.56460152532,253604.82923130144,28298.264629776124
2022-04-19,225239.41966054693,253537.68429032306,28298.264629776124
2022-04-20,224964.90193050646,253263.16656028258,28298.264629776124
2022-04-21,224833.31558670395,253131.58021648007,28298.264629776124
2022-04-22,224630.06973451248,252928.3343642886,28298.264629776124
2022-04-25,225146.34690191818,253444.6115316943,28298.264629776124
2022-04-26,225139.2333595386,253437.49798931472,28298.264629776124
2022-04-27,225278.31573065335,253576.58036042948,28298.264629776124
2022-04-28,225537.82014291512,253836.08477269125,28298.264629776124
2022-04-29,225195.92816754838,253494.1927973245,28298.264629776124
2022-05-02,225995.4887516928,254293.75338146894,28298.264629776124
2022-05-03,225908.3015032009,254206.56613297702,28298.264629776124
2022-05-04,224682.0352389427,252980.29986871884,28298.264629776124
2022-05-05,226297.78167533723,254596.04630511336,28298.264629776124
2022-05-06,226088.90631417173,254387.17094394786,28298.264629776124
2022-05-09,226516.78287896432,254815.04750874045,28298.264629776124
2022-05-10,227277.4748948746,255575.73952465074,28298.264629776124
2022-05-11,226836.57284315804,255134.83747293416,28298.264629776124
2022-05-12,227226.20892701496,255524.47355679108,28298.264629776124
2022-05-13,228184.60713808576,256482.87176786189,28298.264629776124
2022-05-16,228040.17236777965,256338.43699755578,28298.264629776124
2022-05-17,227969.2144466465,256267.47907642263,28298.264629776124
2022-05-18,229094.2173760935,257392.48200586962,28298.264629776124
2022-05-19,229367.0223687949,257665.286998571,28298.264629776124
2022-05-20,230129.28963433986,258427.55426411598,28298.264629776124
2022-05-23,227275.83872514253,255574.10335491865,28298.264629776124
2022-05-24,229530.83592959784,257829.10055937397,28298.264629776124
2022-05-25,228421.1509517721,256719.41558154824,28298.264629776124
2022-05-26,225987.45286737697,254285.7174971531,28298.264629776124
2022-05-27,223465.4750192409,251763.739649017,28298.264629776095
2022-05-31,223060.15476966125,251358.41939943738,28298.264629776124
2022-06-01,222598.39188291586,250896.656512692,28298.264629776124
2022-06-02,223727.32413479884,252025.58876457496,28298.264629776124
2022-06-03,222268.65342812857,250566.9180579047,28298.264629776124
2022-06-06,222462.06530362891,250760.32993340504,28298.264629776124
2022-06-07,223121.88823042775,251420.15286020387,28298.264629776124
2022-06-08,222262.58796506154,250560.85259483766,28298.264629776124
2022-06-09,220449.03786417807,248663.44533734478,28214.407473166706
2022-06-10,220280.2362031116,250258.64721966523,29978.41101655364
2022-06-13,212642.490748888,242343.35972382582,29700.868974937825
2022-06-14,215324.52090441214,246234.80479304784,30910.28388863569
2022-06-15,217177.7824616785,248953.95432465558,31776.17186297709
2022-06-16,222829.13160725508,257154.1676671357,34325.03605988063
2022-06-17,225769.6974931747,261363.165450069,35593.46795689431
2022-06-21,223062.23378492717,258655.70174182148,35593.46795689431
2022-06-22,224186.05089636997,259779.51885326428,35593.46795689431
2022-06-23,223877.7407463797,259471.20870327402,35593.46795689431
2022-06-24,219633.46630830073,255226.93426519504,35593.46795689431
2022-06-27,219973.59766134585,255567.06561824016,35593.46795689431
2022-06-28,218999.38836469746,254592.85632159177,35593.46795689431
2022-06-29,218904.3514088191,254497.8193657134,35593.46795689431
2022-06-30,218570.49504077935,254163.96299767366,35593.46795689431
2022-07-01,219330.71858884103,254924.18654573534,35593.46795689431
2022-07-05,217649.67462869373,253243.14258558804,35593.46795689431
2022-07-06,217684.87525874318,253278.3432156375,35593.46795689431
2022-07-07,218034.69219599,253628.16015288432,35593.46795689431
2022-07-08,218318.5202925949,253911.98824948922,35593.46795689431
2022-07-11,216231.8261586373,251432.42989002063,35200.60373138334
2022-07-12,215980.40366532945,251427.2358507492,35446.83218541974
2022-07-13,215245.46316518437,250252.2418937144,35006.778728530044
2022-07-14,216424.35369828728,252006.98273995717,35582.62904166989
2022-07-15,213329.2669537753,247470.0931393121,34140.826185536804
2022-07-18,213711.82488366833,247852.65106920514,34140.826185536804
2022-07-19,213223.0834089188,247363.90959445562,34140.826185536804
2022-07-20,212593.60709435388,246734.43327989068,34140.826185536804
2022-07-21,212356.7500377464,246497.5762232832,34140.826185536804
2022-07-22,213458.4055939495,247599.2317794863,34140.826185536804
2022-07-25,214249.48636524647,248390.31255078327,34140.826185536804
2022-07-26,214784.82920929638,248925.6553948332,34140.826185536804
2022-07-27,214243.212127603,248384.0383131398,34140.826185536804
2022-07-28,213963.99314468133,248104.81933021813,34140.826185536804
2022-07-29,212616.04070834245,246756.86689387925,34140.826185536804
2022-08-01,213335.60981781955,247476.43600335636,34140.826185536804
2022-08-02,213261.15944241418,247401.98562795098,34140.826185536804
2022-08-03,212377.77088858013,246518.59707411693,34140.826185536804
2022-08-04,212322.6600417808,246463.4862273176,34140.826185536804
2022-08-05,212906.8995325741,247047.72571811092,34140.826185536804
2022-08-08,213442.4305553547,247583.2567408915,34140.826185536804
2022-08-09,213750.82266818162,247891.64885371842,34140.826185536804
2022-08-10,213118.9501993995,247259.7763849363,34140.826185536804
2022-08-11,212730.8000955457,246871.6262810825,34140.826185536804
2022-08-12,212303.0937620803,246443.9199476171,34140.826185536804
2022-08-15,213026.84900047758,247167.67518601438,34140.826185536804
2022-08-16,213418.49806407106,247559.32424960786,34140.826185536804
2022-08-17,214545.61227157584,248686.43845711264,34140.826185536804
2022-08-18,214414.64065480523,248555.46684034204,34140.826185536804
2022-08-19,214788.79976996,248929.6259554968,34140.826185536804
2022-08-22,214831.06870243012,248971.89488796692,34140.826185536804
2022-08-23,214842.76922156045,248983.59540709725,34140.826185536804
2022-08-24,214860.11478813214,249000.94097366894,34140.826185536804
2022-08-25,214843.414439506,248984.24062504282,34140.826185536804
2022-08-26,214814.64511783735,248955.47130337416,34140.826185536804
2022-08-29,214963.2285558168,249104.0547413536,34140.826185536804
2022-08-30,215081.82322558982,249222.64941112662,34140.826185536804
2022-08-31,215209.92699354154,249350.75317907834,34140.826185536804
2022-09-01,215349.3055190778,249490.1317046146,34140.826185536804
2022-09-02,215411.885794578,249552.7119801148,34140.826185536804
2022-09-06,215480.3092816401,249621.1354671769,34140.826185536804
2022-09-07,215575.91723924328,249716.74342478008,34140.826185536804
2022-09-08,215588.74685474427,249729.57304028107,34140.826185536804
2022-09-09,215555.10105118796,249695.92723672476,34140.826185536804
2022-09-12,215512.41149187938,249653.23767741618,34140.826185536804
2022-09-13,215145.63380192115,249286.45998745796,34140.826185536804
2022-09-14,214584.09236965224,248724.91855518904,34140.826185536804
2022-09-15,214442.43918007135,248583.26536560815,34140.826185536804
2022-09-16,214149.9476887373,248290.7738742741,34140.826185536804
2022-09-19,212987.04214762768,247127.8683331645,34140.826185536804
2022-09-20,213064.31965972192,247205.14584525872,34140.826185536804
2022-09-21,213828.4219904506,247969.2481759874,34140.826185536804
2022-09-22,215660.7805411053,249801.60672664212,34140.826185536804
2022-09-23,216458.83880421787,250599.66498975467,34140.826185536804
2022-09-26,214757.4578673205,248898.2840528573,34140.826185536804
2022-09-27,214627.9633870459,248768.7895725827,34140.826185536804
2022-09-28,215363.58652826573,249504.41271380254,34140.826185536804
2022-09-29,215787.0648408736,249927.8910264104,34140.826185536804
2022-09-30,215494.78571572213,249635.61190125893,34140.826185536804
2022-10-03,214653.61459121283,248794.44077674963,34140.826185536804
2022-10-04,210931.9422541029,245072.76843963948,34140.82618553657
2022-10-05,212949.51712289976,247090.34330843634,34140.82618553657
2022-10-06,214948.9972718564,249089.82345739298,34140.82618553657
2022-10-07,218831.80274361756,252972.62892915413,34140.82618553657
2022-10-10,218395.69719734753,252536.5233828841,34140.82618553657
2022-10-11,218943.0849943183,253083.91117985488,34140.82618553657
2022-10-12,218056.46643326397,252197.29261880054,34140.82618553657
2022-10-13,218429.58349711273,252570.4096826493,34140.82618553657
2022-10-14,221846.87388532268,255987.70007085928,34140.8261855366
2022-10-17,219582.1015869103,253722.92777244688,34140.82618553657
2022-10-18,217975.92158689594,252116.7477724325,34140.82618553657
2022-10-19,220458.64580633756,254599.47199187416,34140.8261855366
2022-10-20,226027.52235681482,260168.3485423514,34140.82618553657
2022-10-21,217836.07073597994,251976.8969215165,34140.82618553657
2022-10-24,216185.09033881326,250325.91652434983,34140.82618553657
2022-10-25,213844.6776065944,247985.50379213097,34140.82618553657
2022-10-26,217012.13474422356,251152.96092976013,34140.82618553657
2022-10-27,221042.79006707354,255183.6162526101,34140.82618553657
2022-10-28,217070.0822842241,251210.90846976067,34140.82618553657
2022-10-31,216581.27890508657,250722.10509062314,34140.82618553657
2022-11-01,216039.72901206568,250180.55519760225,34140.82618553657
2022-11-02,216233.96567935275,250374.79186488932,34140.82618553657
2022-11-03,218064.00303829892,251455.18499498663,33391.18195668771
2022-11-04,219096.75495577033,253028.01625960076,33931.261303830426
2022-11-07,219486.50721839338,254223.57736728864,34737.07014889526
2022-11-08,218927.24368405563,253581.89817866508,34654.65449460945
2022-11-09,221019.53909790597,255413.72220226994,34394.18310436397
2022-11-10,221426.34646256955,256439.82210220944,35013.47563963989
2022-11-11,223039.0987393068,258759.87459947763,35720.775860170834
2022-11-14,221341.60776312894,257226.43362438644,35884.8258612575
2022-11-15,221929.99212963425,257692.9917740646,35762.999644430354
2022-11-16,220628.5879983321,256895.25641816214,36266.668419830035
2022-11-17,218572.9189922741,254256.73056516924,35683.81157289515
2022-11-18,219610.64928278385,255063.42123252584,35452.77194974199
2022-11-21,221778.40562976326,257231.17757950525,35452.77194974199
2022-11-22,219983.04030273075,255435.81225247274,35452.77194974199
2022-11-23,218829.89323531173,254282.66518505372,35452.77194974199
2022-11-25,218804.18246372265,254256.95441346464,35452.77194974199
2022-11-28,219282.18026691105,254734.95221665304,35452.77194974199
2022-11-29,219286.4609444301,254739.23289417208,35452.77194974199
2022-11-30,218783.56780327822,254236.3397530202,35452.77194974199
2022-12-01,219127.70351845783,254580.47546819982,35452.77194974199
2022-12-02,219308.1373935655,254760.9093433075,35452.77194974199
2022-12-05,220397.91193571023,255850.68388545222,35452.77194974199
2022-12-06,219482.3807725486,254935.15272229083,35452.77194974222
2022-12-07,219222.3136143476,254675.0855640896,35452.77194974199
2022-12-08,219418.4277852847,254871.1997350267,35452.77194974199
2022-12-09,219463.71392285347,254916.48587259545,35452.77194974199
2022-12-12,217573.11992822366,253025.89187796565,35452.77194974199
2022-12-13,221051.71955423022,256504.4915039722,35452.77194974199
2022-12-14,222383.957934596,257836.72988433798,35452.77194974199
2022-12-15,222124.86984025978,257577.64179000177,35452.77194974199
2022-12-16,223274.44356781605,258727.21551755804,35452.77194974199
2022-12-19,223292.63946694473,258745.41141668672,35452.77194974199
2022-12-20,223308.39495542843,258761.16690517042,35452.77194974199
2022-12-21,223062.99686553248,258515.76881527447,35452.77194974199
2022-12-22,223029.16442229447,258481.93637203646,35452.77194974199
2022-12-23,223063.68017051544,258516.45212025743,35452.77194974199
2022-12-27,223017.43054357904,258470.20249332103,35452.77194974199
2022-12-28,223094.94331924955,258547.71526899154,35452.77194974199
2022-12-29,223083.50941863924,258536.28136838123,35452.77194974199
2022-12-30,223099.61209325434,258552.38404299633,35452.77194974199
2023-01-03,223010.28136943548,258463.05331917747,35452.77194974199
2023-01-04,222906.6277618691,258359.3997116111,35452.77194974199
2023-01-05,222865.91219283396,258318.68414257595,35452.77194974199
2023-01-06,222751.01318380272,258203.7851335447,35452.77194974199
2023-01-09,222729.53383532993,258182.30578507192,35452.77194974199
2023-01-10,222705.80610541685,258158.57805515884,35452.77194974199
2023-01-11,222663.09981280367,258115.87176254566,35452.77194974199
2023-01-12,222706.36860552302,258159.140555265,35452.77194974199
2023-01-13,222666.4715043885,258119.24345413048,35452.77194974199
2023-01-17,222706.0466970069,258158.8186467489,35452.77194974199
2023-01-18,222681.87911056902,258134.651060311,35452.77194974199
2023-01-19,222764.77777036687,258217.54972010886,35452.77194974199
2023-01-20,222785.5327580605,258238.30470780248,35452.77194974199
2023-01-23,221839.2332725228,257292.0052222648,35452.77194974199
2023-01-24,222111.17026383302,257563.942213575,35452.77194974199
2023-01-25,221728.52154675953,257181.29349650152,35452.77194974199
2023-01-26,222142.10946316982,257594.8814129118,35452.77194974199
2023-01-27,224635.29940593184,260088.07135567383,35452.77194974199
2023-01-30,225241.75140749442,260694.5233572364,35452.77194974199
2023-01-31,223859.66318976914,259312.43513951113,35452.77194974199
2023-02-01,223764.79393063975,259217.56588038174,35452.77194974199
2023-02-02,222218.05745132838,257670.82940107037,35452.77194974199
2023-02-03,224315.88210493943,259768.65405468142,35452.77194974199
2023-02-06,225266.95313145895,260719.72508120094,35452.77194974199
2023-02-07,224168.58636842447,259621.35831816646,35452.77194974199
2023-02-08,227202.86712074897,262655.63907049096,35452.77194974199
2023-02-09,228771.7755057084,264224.5474554504,35452.77194974199
2023-02-10,231132.17635326227,266584.94830300426,35452.77194974199
2023-02-13,229067.0418724483,264519.8138221903,35452.77194974199
2023-02-14,231105.51787511935,266558.28982486133,35452.77194974199
2023-02-15,230606.36321896082,266059.1351687028,35452.77194974199
2023-02-16,235819.65315721254,271272.4251069545,35452.77194974199
2023-02-17,240536.49791555165,275989.26986529364,35452.77194974199
2023-02-21,240571.75005175534,276024.52200149733,35452.77194974199
2023-02-22,240665.74812061002,276118.520070352,35452.77194974199
2023-02-23,240752.22724682593,276204.9991965679,35452.77194974199
2023-02-24,240112.97552029823,275565.7474700402,35452.77194974199
2023-02-27,240629.9211087915,276082.6930585335,35452.77194974199
2023-02-28,240805.70650864427,276258.47845838626,35452.77194974199
2023-03-01,240276.70194897533,275729.4738987173,35452.77194974199
2023-03-02,239977.58300285775,275430.35495259974,35452.77194974199
2023-03-03,239986.00623955776,275438.77818929974,35452.77194974199
2023-03-06,240627.44684010546,276080.21878984745,35452.77194974199
2023-03-07,240411.09153515135,275863.86348489334,35452.77194974199
2023-03-08,240563.99734475266,276016.76929449465,35452.77194974199
2023-03-09,240616.97010039666,276069.74205013865,35452.77194974199
2023-03-10,240546.4107736497,275999.1827233917,35452.77194974199
2023-03-13,240939.6692265327,276392.4411762747,35452.77194974199
2023-03-14,239960.12197348836,275412.89392323035,35452.77194974199
2023-03-15,240780.36368923855,276233.13563898054,35452.77194974199
2023-03-16,240299.64034705923,275752.4122968012,35452.77194974199
2023-03-17,240979.198572131,276431.970521873,35452.77194974199
2023-03-20,241018.71291298082,276471.4848627228,35452.77194974199
2023-03-21,240699.7670399301,276152.5389896721,35452.77194974199
2023-03-22,241957.66623547592,277410.4381852179,35452.77194974199
2023-03-23,240391.3083144758,275844.0802642178,35452.77194974199
2023-03-24,240803.8679893635,276256.6399391055,35452.77194974199
2023-03-27,241711.29436059005,277164.06631033204,35452.77194974199
2023-03-28,242391.6918241029,277844.4637738449,35452.77194974199
2023-03-29,242143.27864735073,277596.0505970927,35452.77194974199
2023-03-30,241694.04204462108,277146.81399436307,35452.77194974199
2023-03-31,241615.4118439079,277068.1837936499,35452.77194974199
2023-04-03,241511.8517721166,276964.6237218586,35452.77194974199
2023-04-04,240903.3833887413,276356.1553384833,35452.77194974199
2023-04-05,241130.98675788904,276583.75870763103,35452.77194974199
2023-04-06,241164.35459209315,276617.12654183514,35452.77194974199
2023-04-10,240702.9676239154,276155.7395736574,35452.77194974199
2023-04-11,240379.36204116966,275832.13399091165,35452.77194974199
2023-04-12,239686.64624546596,275139.41819520795,35452.77194974199
2023-04-13,240298.24974905013,275751.0216987921,35452.77194974199
2023-04-14,240028.49943338602,275481.271383128,35452.77194974199
2023-04-17,239756.58539543243,275209.3573451744,35452.77194974199
2023-04-18,239730.51280982338,275183.2847595654,35452.77194974199
2023-04-19,239816.8791839393,275269.6511336813,35452.77194974199
2023-04-20,239368.99836215365,274821.77031189564,35452.77194974199
2023-04-21,239074.36471898097,274527.13666872296,35452.77194974199
2023-04-24,238028.06312826672,273480.8350780087,35452.77194974199
2023-04-25,236702.83658886317,272155.60853860516,35452.77194974199
2023-04-26,236381.42139545025,271834.19334519224,35452.77194974199
2023-04-27,238655.8921486152,274108.6640983572,35452.77194974199
2023-04-28,238992.2355307116,274445.0074804536,35452.77194974199
2023-05-01,239407.54874634382,274860.3206960858,35452.77194974199
2023-05-02,239395.47337516327,274848.24532490526,35452.77194974199
2023-05-03,238846.20807755692,274298.9800272989,35452.77194974199
2023-05-04,238088.43465174863,273541.2066014906,35452.77194974199
2023-05-05,241280.0683419382,276732.8402916802,35452.77194974199
2023-05-08,241681.7452698697,277134.5172196117,35452.77194974199
2023-05-09,242047.06159351685,277499.83354325884,35452.77194974199
2023-05-10,243146.46521039738,278599.23716013937,35452.77194974199
2023-05-11,243240.78666378045,278693.55861352244,35452.77194974199
2023-05-12,243741.01227983215,279193.78422957414,35452.77194974199
2023-05-15,244401.1896074731,279853.9615572151,35452.77194974199
2023-05-16,242323.40098865586,277776.17293839785,35452.77194974199
2023-05-17,243710.23418182216,279163.00613156415,35452.77194974199
2023-05-18,244970.10045204358,280422.8724017856,35452.77194974199
2023-05-19,244056.64060478902,279509.412554531,35452.77194974199
2023-05-22,243950.2955646176,279403.0675143596,35452.77194974199
2023-05-23,244211.89991159283,279664.6718613348,35452.77194974199
2023-05-24,242952.68311657885,278405.45506632084,35452.77194974199
2023-05-25,249014.37028917146,284467.14223891345,35452.77194974199
2023-05-26,255050.15986104938,290502.9318107914,35452.77194974199
2023-05-30,254848.8156604556,290301.5876101976,35452.77194974199
2023-05-31,255782.70953062852,291235.4814803705,35452.77194974199
2023-06-01,257130.68717636762,292583.4591261096,35452.77194974199
2023-06-02,256911.35034469934,292364.12229444133,35452.77194974199
2023-06-05,256874.4094585725,292327.1814083145,35452.77194974199
2023-06-06,257576.3896590498,293029.1616087918,35452.77194974199
2023-06-07,258872.4525654636,294325.2245152056,35452.77194974199
2023-06-08,258863.0518395732,294315.8237893152,35452.77194974199
2023-06-09,258819.88298815652,294272.6549378985,35452.77194974199
2023-06-12,256781.75096397474,292234.52291371673,35452.77194974199
2023-06-13,257596.0980678394,293048.8700175814,35452.77194974199
2023-06-14,258749.46712634538,294202.23907608737,35452.77194974199
2023-06-15,257139.22088726354,292591.9928370055,35452.77194974199
2023-06-16,250307.051595118,285759.82354486,35452.77194974199
2023-06-20,249615.09036668797,285067.86231642996,35452.77194974199
2023-06-21,248017.43473132572,283470.2066810677,35452.77194974199
2023-06-22,249062.789407574,284515.561357316,35452.77194974199
2023-06-23,248066.89382675837,283519.66577650036,35452.77194974199
2023-06-26,246104.54101317655,281557.31296291854,35452.77194974199
2023-06-27,246637.5647930958,282090.3367428378,35452.77194974199
2023-06-28,246503.31872447312,281956.0906742151,35452.77194974199
2023-06-29,246742.55285809236,282195.32480783435,35452.77194974199
2023-06-30,246523.3042499203,281976.0761996623,35452.77194974199
2023-07-03,246487.292068435,281940.064018177,35452.77194974199
2023-07-05,246046.37950135441,281499.1514510964,35452.77194974199
2023-07-06,244998.61829556455,280451.39024530654,35452.77194974199
2023-07-07,244525.98466123943,279978.7566109814,35452.77194974199
2023-07-10,244112.79236327892,279565.5643130209,35452.77194974199
2023-07-11,245414.3850925538,280867.1570422958,35452.77194974199
2023-07-12,247171.05754622817,282623.82949597016,35452.77194974199
2023-07-13,248189.3494294982,283642.1213792402,35452.77194974199
2023-07-14,248866.13081687153,284318.9027666135,35452.77194974199
2023-07-17,249069.81861547276,284522.59056521475,35452.77194974199
2023-07-18,249238.65885452752,284691.4308042695,35452.77194974199
2023-07-19,250138.48693373904,285591.25888348103,35452.77194974199
2023-07-20,251644.08920448238,287096.8611542244,35452.77194974199
2023-07-21,251774.8606305411,287227.6325802831,35452.77194974199
2023-07-24,251879.3777015017,287332.1496512437,35452.77194974199
2023-07-25,250819.4858685498,286272.2578182918,35452.77194974199
2023-07-26,253128.20787378016,288580.97982352215,35452.77194974199
2023-07-27,253857.47868881375,289310.25063855574,35452.77194974199
2023-07-28,256497.1266062233,291949.8985559653,35452.77194974199
2023-07-31,257222.28723178955,292675.05918153154,35452.77194974199
2023-08-01,257346.2897924611,292799.0617422031,35452.77194974199
2023-08-02,255613.23097894387,291066.00292868586,35452.77194974199
2023-08-03,254513.06802570843,289965.8399754504,35452.77194974199
2023-08-04,253116.67546342732,288569.4474131693,35452.77194974199
2023-08-07,253123.64414101932,288576.4160907613,35452.77194974199
2023-08-08,254174.31210893893,289627.0840586809,35452.77194974199
2023-08-09,255333.79634647304,290786.56829621503,35452.77194974199
2023-08-10,254775.12977730285,290227.90172704484,35452.77194974199
2023-08-11,255083.4774049163,290536.2493546583,35452.77194974199
2023-08-14,255208.1750540972,290660.9470038392,35452.77194974199
2023-08-15,254356.38406520442,289809.1560149464,35452.77194974199
2023-08-16,254646.5937136599,290099.3656634019,35452.77194974199
2023-08-17,253318.2301426191,288771.0020923611,35452.77194974199
2023-08-18,253487.82245121687,288940.59440095886,35452.77194974199
2023-08-21,253436.26199954865,288889.03394929064,35452.77194974199
2023-08-22,253500.0475932809,288952.8195430229,35452.77194974199
2023-08-23,253194.63730426843,288647.4092540104,35452.77194974199
2023-08-24,252804.34213329398,288257.11408303597,35452.77194974199
2023-08-25,253820.05472162913,289272.8266713711,35452.77194974199
2023-08-28,252887.79174973269,288340.5636994747,35452.77194974199
2023-08-29,250406.1317807663,285858.9037305083,35452.77194974199
2023-08-30,249585.55257407052,285038.3245238125,35452.77194974199
2023-08-31,251070.21031601145,286522.98226575344,35452.77194974199
2023-09-01,251563.55498794967,287016.32693769166,35452.77194974199
2023-09-05,250606.5081973453,286059.2801470873,35452.77194974199
2023-09-06,251123.78938954277,286576.56133928476,35452.77194974199
2023-09-07,252011.09956697258,287463.8715167146,35452.77194974199
2023-09-08,253459.13317535922,288911.9051251012,35452.77194974199
2023-09-11,253641.1643491264,289093.9362988684,35452.77194974199
2023-09-12,255205.26142816467,290658.03337790666,35452.77194974199
2023-09-13,256398.44993753138,291851.22188727336,35452.77194974199
2023-09-14,255489.3521744361,290942.1241241781,35452.77194974199
2023-09-15,253810.23092309397,289263.00287283596,35452.77194974199
2023-09-18,252844.17035082355,288296.94230056554,35452.77194974199
2023-09-19,252499.3112369835,287952.0831867255,35452.77194974199
2023-09-20,251546.551231934,286999.323181676,35452.77194974199
2023-09-21,249860.65234765096,285313.42429739295,35452.77194974199
2023-09-22,249851.02805973927,285303.80000948126,35452.77194974199
2023-09-25,249451.4181691158,284904.1901188578,35452.77194974199
2023-09-26,249228.45369893906,284681.22564868105,35452.77194974199
2023-09-27,249469.57506009226,284922.34700983425,35452.77194974199
2023-09-28,249685.99186457228,285138.76381431427,35452.77194974199
2023-09-29,249569.82996480563,285022.6019145476,35452.77194974199
2023-10-02,249360.6295262744,284813.4014760164,35452.77194974199
2023-10-03,249032.01046296814,284484.78241271013,35452.77194974199
2023-10-04,249307.3485341164,284760.1204838584,35452.77194974199
2023-10-05,249291.13407375722,284743.9060234992,35452.77194974199
2023-10-06,250094.04189043853,285546.8138401805,35452.77194974199
2023-10-09,249541.93112843495,284994.70307817694,35452.77194974199
2023-10-10,249337.72651927767,284790.49846901966,35452.77194974199
2023-10-11,249877.92074651236,285330.69269625435,35452.77194974199
2023-10-12,249754.4393633328,285207.2113130748,35452.77194974199
2023-10-13,249342.514669499,284795.286619241,35452.77194974199
2023-10-16,248565.99398805655,284018.76593779854,35452.77194974199
2023-10-17,248566.0204969705,284018.7924467125,35452.77194974199
2023-10-18,248578.39336754475,284031.16531728674,35452.77194974199
2023-10-19,248655.53103381186,284108.30298355385,35452.77194974199
2023-10-20,250751.79446591518,286204.5664156572,35452.77194974199
2023-10-23,250146.40942336258,285599.18137310457,35452.77194974199
2023-10-24,250070.88840417855,285523.66035392054,35452.77194974199
2023-10-25,247970.41223023483,283423.1841799768,35452.77194974199
2023-10-26,246054.64637261443,281507.4183223564,35452.77194974199
2023-10-27,246093.87107105367,281546.64302079566,35452.77194974199
2023-10-30,247071.32360929844,282524.09555904043,35452.77194974199
2023-10-31,246300.17521681252,281752.9471665545,35452.77194974199
2023-11-01,246131.636488221,281584.408437963,35452.77194974199
2023-11-02,244726.54452103423,280179.3164707762,35452.77194974199
2023-11-03,243323.64126775274,278776.41321749473,35452.77194974199
2023-11-06,243929.92524753872,279382.6971972807,35452.77194974199
2023-11-07,244085.39904086804,279538.17099061003,35452.77194974199
2023-11-08,244715.61314672406,280168.38509646605,35452.77194974199
2023-11-09,244131.0943347764,279583.8662845184,35452.77194974199
2023-11-10,244845.83236016962,280298.6043099116,35452.77194974199
2023-11-13,243957.99146652245,279410.76341626444,35452.77194974199
2023-11-14,242646.69458206487,278099.46653180686,35452.77194974199
2023-11-15,243727.33690516744,279180.1088549094,35452.77194974199
2023-11-16,242101.08348192077,277553.85543166276,35452.77194974199
2023-11-17,241003.0616520989,276455.8336018409,35452.77194974199
2023-11-20,240206.93425251765,275659.70620225964,35452.77194974199
2023-11-21,240306.64682303974,275759.41877278173,35452.77194974199
2023-11-22,240789.9666551305,276242.7386048725,35452.77194974199
2023-11-24,241092.35123061284,276545.1231803548,35452.77194974199
2023-11-27,240445.91822646407,275898.69017620606,35452.77194974199
2023-11-28,240665.13587319187,276117.90782293386,35452.77194974199
2023-11-29,240328.8957487984,275781.6676985404,35452.77194974199
2023-11-30,241306.4358723031,276759.2078220451,35452.77194974199
2023-12-01,241761.53609285457,277214.30804259656,35452.77194974199
2023-12-04,242997.16243800148,278449.9343877435,35452.77194974199
2023-12-05,243378.4588536952,278831.2308034372,35452.77194974199
2023-12-06,243567.80561526748,279020.5775650095,35452.77194974199
2023-12-07,244559.7921022618,280012.5640520038,35452.77194974199
2023-12-08,244999.44417007477,280452.21611981676,35452.77194974199
2023-12-11,244282.1806452102,279734.9525949522,35452.77194974199
2023-12-12,243406.55780071532,278859.3297504573,35452.77194974199
2023-12-13,241488.83043057728,276941.60238031927,35452.77194974199
2023-12-14,242562.20104829478,278014.97299803677,35452.77194974199
2023-12-15,246864.19541508937,282316.96736483136,35452.77194974199
2023-12-18,246305.79254615516,281758.56449589715,35452.77194974199
2023-12-19,246369.98158723826,281822.75353698025,35452.77194974199
2023-12-20,246076.59910579363,281529.3710555356,35452.77194974199
2023-12-21,247420.0776209972,282872.8495707392,35452.77194974199
2023-12-22,247038.8221516643,282491.5941014063,35452.77194974199
2023-12-26,246730.69106024283,282183.4630099848,35452.77194974199
2023-12-27,247033.41715716757,282486.18910690956,35452.77194974199
2023-12-28,247528.2429353895,282981.0148851315,35452.77194974199
2023-12-29,247643.20066396892,283095.9726137109,35452.77194974199
2024-01-02,248010.28291119554,283463.0548609375,35452.77194974199
2024-01-03,247459.59071968868,282912.3626694307,35452.77194974199
2024-01-04,246699.55836402008,282152.33031376207,35452.77194974199
2024-01-05,247007.97934730817,282460.75129705016,35452.77194974199
2024-01-08,248982.70237245667,284435.47432219866,35452.77194974199
2024-01-09,249627.8924171396,285080.6643668816,35452.77194974199
2024-01-10,250208.80120527185,285661.57315501384,35452.77194974199
2024-01-11,251147.76778386883,286600.5397336108,35452.77194974199
2024-01-12,251755.63966054935,287208.41161029134,35452.77194974199
2024-01-16,250515.07305564638,285967.8450053884,35452.77194974199
2024-01-17,249112.5903347755,284565.3622845175,35452.77194974199
2024-01-18,249413.11136537197,284865.88331511396,35452.77194974199
2024-01-19,249642.6452077612,285095.4171575032,35452.77194974199
2024-01-22,248512.8918736847,283965.6638234267,35452.77194974199
2024-01-23,248295.1251700864,283747.8971198284,35452.77194974199
2024-01-24,249382.76649235364,284835.5384420956,35452.77194974199
2024-01-25,247224.28105813148,282677.0530078735,35452.77194974199
2024-01-26,247396.22743257717,282848.99938231916,35452.77194974199
2024-01-29,246524.53636640427,281977.30831614626,35452.77194974199
2024-01-30,246558.21385960386,282010.98580934585,35452.77194974199
2024-01-31,248576.5680176419,284029.3399673839,35452.77194974199
2024-02-01,248226.46991880378,283679.24186854577,35452.77194974199
2024-02-02,247649.2035914004,283101.9755411424,35452.77194974199
2024-02-05,248590.0454467797,284042.8173965217,35452.77194974199
2024-02-06,249645.6481246152,285098.4200743572,35452.77194974199
2024-02-07,248756.36860268645,284209.14055242843,35452.77194974199
2024-02-08,249171.26911379187,284624.04106353386,35452.77194974199
2024-02-09,249273.63112255605,284726.40307229804,35452.77194974199
2024-02-12,249468.27309133427,284921.04504107626,35452.77194974199
2024-02-13,249615.44621406833,285068.2181638103,35452.77194974199
2024-02-14,247474.1074774972,282926.8794272392,35452.77194974199
2024-02-15,248857.9444292913,284310.7163790333,35452.77194974199
2024-02-16,246807.4031172652,282260.1750670072,35452.77194974199
2024-02-20,244866.81167084107,280319.58362058306,35452.77194974199
2024-02-21,244930.80751731643,280383.5794670584,35452.77194974199
2024-02-22,244054.33179937094,279507.1037491129,35452.77194974199
2024-02-23,244212.9081348197,279665.6800845617,35452.77194974199
2024-02-26,244833.25615874643,280286.0281084884,35452.77194974199
2024-02-27,245346.13823580148,280798.9101855435,35452.77194974199
2024-02-28,245577.90742849116,281030.67937823315,35452.77194974199
2024-02-29,246714.74374093616,282167.51569067815,35452.77194974199
2024-03-01,246937.18177946447,282389.95372920646,35452.77194974199
2024-03-04,248044.30924289033,283497.0811926323,35452.77194974199
2024-03-05,246382.65726523905,281835.42921498104,35452.77194974199
2024-03-06,247450.55848694057,282903.33043668256,35452.77194974199
2024-03-07,248886.90084074112,284339.6727904831,35452.77194974199
2024-03-08,249853.18860826758,285305.96055800957,35452.77194974199
2024-03-11,250226.37084513262,285679.1427948746,35452.77194974199
2024-03-12,251522.44458834187,286975.21653808386,35452.77194974199
2024-03-13,252141.1105019045,287593.8824516465,35452.77194974199
2024-03-14,254456.5427999904,289909.3147497324,35452.77194974199
2024-03-15,256146.64870979008,291599.4206595321,35452.77194974199
2024-03-18,256671.78180716233,292124.5537569043,35452.77194974199
2024-03-19,255806.21907058405,291258.99102032604,35452.77194974199
2024-03-20,256228.75607443834,291681.5280241803,35452.77194974199
2024-03-21,256852.10109814978,292304.8730478918,35452.77194974199
2024-03-22,256872.34329196555,292325.11524170754,35452.77194974199
2024-03-25,256203.567225819,291656.339175561,35452.77194974199
2024-03-26,256328.81059265684,291781.5825423988,35452.77194974199
2024-03-27,256841.09015268704,292293.86210242903,35452.77194974199
2024-03-28,257330.7398300661,292783.5117798081,35452.77194974199
2024-04-01,256441.96201083274,291894.7339605747,35452.77194974199
2024-04-02,255703.55775651673,291156.3297062587,35452.77194974199
2024-04-03,255916.5347233289,291369.3066730709,35452.77194974199
2024-04-04,253829.13348480186,289281.90543454385,35452.77194974199
2024-04-05,256672.0515690624,292124.8235188044,35452.77194974199
2024-04-08,256979.39477826084,292432.16672800283,35452.77194974199
2024-04-09,257388.94582520518,292841.7177749472,35452.77194974199
2024-04-10,255749.171078344,291201.943028086,35452.77194974199
2024-04-11,257957.86603370367,293410.63798344566,35452.77194974199
2024-04-12,256122.0024271087,291574.7743768507,35452.77194974199
2024-04-15,252336.42294821574,287789.1948979577,35452.77194974199
2024-04-16,252285.22614884307,287737.99809858506,35452.77194974199
2024-04-17,253063.97842376516,288516.75037350715,35452.77194974199
2024-04-18,253855.23929441825,289308.01124416024,35452.77194974199
2024-04-19,256689.8310604589,292142.6030102009,35452.77194974199
2024-04-22,256810.20649000572,292262.9784397477,35452.77194974199
2024-04-23,256497.8090122867,291950.5809620287,35452.77194974199
2024-04-24,256519.59783467068,291972.3697844127,35452.77194974199
2024-04-25,256946.1832952426,292398.9552449846,35452.77194974199
2024-04-26,257980.1590891718,293432.9310389138,35452.77194974199
2024-04-29,258769.29849603702,294222.070445779,35452.77194974199
2024-04-30,257104.73678531963,292557.5087350616,35452.77194974199
2024-05-01,256022.3653457224,291475.1372954644,35452.77194974199
2024-05-02,257580.20905227133,293032.9810020133,35452.77194974199
2024-05-03,259804.96139205573,295257.7333417977,35452.77194974199
2024-05-06,260580.14605886838,296032.9180086104,35452.77194974199
2024-05-07,260741.74398878915,296194.51593853114,35452.77194974199
2024-05-08,261222.4415985546,296675.2135482966,35452.77194974199
2024-05-09,260890.99927154067,296343.77122128266,35452.77194974199
2024-05-10,261355.3573777345,296808.1293274765,35452.77194974199
2024-05-13,261543.4254000598,296996.1973498018,35452.77194974199
2024-05-14,261391.3254247862,296844.0973745282,35452.77194974199
2024-05-15,260256.30558688345,295709.07753662544,35452.77194974199
2024-05-16,260647.28186941042,296100.0538191524,35452.77194974199
2024-05-17,258619.15361840406,294071.92556814605,35452.77194974199
2024-05-20,257196.36134430487,292649.13329404686,35452.77194974199
2024-05-21,257926.61946684006,293379.39141658205,35452.77194974199
2024-05-22,258611.5908422973,294064.3627920393,35452.77194974199
2024-05-23,257847.30277702177,293300.07472676376,35452.77194974199
2024-05-24,259243.99257376557,294696.76452350756,35452.77194974199
2024-05-28,258112.7651739599,293565.5371237019,35452.77194974199
2024-05-29,257617.69705981878,293070.46900956077,35452.77194974199
2024-05-30,255875.43683606072,291328.2087858027,35452.77194974199
2024-05-31,257542.7802996058,292995.5522493478,35452.77194974199
2024-06-03,256489.39679754537,291942.16874728736,35452.77194974199
2024-06-04,256451.78994992177,291904.56189966376,35452.77194974199
2024-06-05,255155.1925856201,290607.9645353621,35452.77194974199
2024-06-06,255965.14581902465,291417.91776876664,35452.77194974199
2024-06-07,256802.90216183104,292255.674111573,35452.77194974199
2024-06-10,256188.85146933154,291641.6234190735,35452.77194974199
2024-06-11,257380.82265027205,292833.59460001404,35452.77194974199
2024-06-12,258770.42511913786,294223.19706887985,35452.77194974199
2024-06-13,258451.59995223035,293904.37190197234,35452.77194974199
2024-06-14,258733.63914753648,294186.41109727847,35452.77194974199
2024-06-17,256461.14553565695,291913.91748539894,35452.77194974199
2024-06-18,256169.2522309937,291423.83128995495,35254.579058961244
2024-06-20,257238.86802640837,293215.2466267587,35976.37860035035
2024-06-21,258253.59581832855,294502.4712042784,36248.875385949854
2024-06-24,257828.92052518984,294077.7959111397,36248.875385949854
2024-06-25,258228.28846654517,294477.163852495,36248.875385949854
2024-06-26,258787.89696515666,295036.7723511065,36248.875385949854
2024-06-27,259859.49220135366,296108.3675873035,36248.875385949854
2024-06-28,259458.9526320924,295707.82801804226,36248.875385949854
2024-07-01,260102.0768137197,296350.95219966955,36248.875385949854
2024-07-02,261350.7821060703,297599.65749202017,36248.875385949854
2024-07-03,262035.09886358352,298283.9742495334,36248.875385949854
2024-07-05,263207.05454556446,299455.9299315143,36248.875385949854
2024-07-08,262412.08824968874,298660.9636356386,36248.875385949854
2024-07-09,262181.7215286044,298430.59691455425,36248.875385949854
2024-07-10,261048.22230814816,297297.097694098,36248.875385949854
2024-07-11,263038.5692482855,299287.44463423535,36248.875385949854
2024-07-12,263761.32104766555,300010.1964336154,36248.875385949854
2024-07-15,261686.46068436757,297935.3360703174,36248.875385949854
2024-07-16,261344.9360548564,297593.81144080625,36248.875385949854
2024-07-17,263760.5157277356,300009.39111368544,36248.875385949854
2024-07-18,264263.5221523929,300512.39753834275,36248.875385949854
2024-07-19,259465.83523342747,295714.7106193773,36248.875385949854
2024-07-22,258601.8611871784,294850.73657312826,36248.875385949854
2024-07-23,257593.66099805397,293842.5363840038,36248.875385949854
2024-07-24,253309.52634583996,289558.4017317898,36248.875385949854
2024-07-25,250607.38302202406,286856.2584079739,36248.875385949854
2024-07-26,252027.88948541717,288276.764871367,36248.875385949854
2024-07-29,253141.7945779882,289390.66996393807,36248.875385949854
2024-07-30,251575.7276230856,287824.60300903546,36248.875385949854
2024-07-31,253374.68479246635,289623.5601784162,36248.875385949854
2024-08-01,251224.70212630345,287473.5775122533,36248.875385949854
2024-08-02,248392.94918867864,283938.2746855415,35545.325496862875
2024-08-05,248382.18886583718,283427.6104965878,35045.42163075064
2024-08-06,250168.13546006987,287365.18659110554,37197.05113103567
2024-08-07,247403.9847821429,281695.1798075632,34291.19502542028
2024-08-08,250449.80450249056,288646.65158879466,38196.8470863041
2024-08-09,250804.77095251996,289147.3689179239,38342.597965403926
2024-08-12,250550.66763913003,289580.05066248146,39029.38302335143
2024-08-13,250068.33836273104,288890.6295933919,38822.29123066086
2024-08-14,249358.03843903414,287729.7219481383,38371.68350910419
2024-08-15,251904.46716678818,292476.2277113071,40571.76054451894
2024-08-16,250482.20040040684,291528.662507421,41046.462107014144
2024-08-19,249477.33539085998,290523.7974978741,41046.462107014144
2024-08-20,248243.60477661144,289290.0668836256,41046.462107014144
2024-08-21,247081.4228997043,288127.88500671845,41046.462107014144
2024-08-22,246407.01546777447,287453.4775747886,41046.462107014144
2024-08-23,246047.69505779492,287094.15716480906,41046.462107014144
2024-08-26,246085.9274336869,287132.38954070106,41046.462107014144
2024-08-27,246498.18385900918,287544.6459660233,41046.462107014144
2024-08-28,246441.40445873537,287487.8665657495,41046.462107014144
2024-08-29,247867.59096369555,288914.0530707097,41046.462107014144
2024-08-30,248211.3351310878,289257.79723810195,41046.462107014144
2024-09-03,245874.9532750867,286921.41538210085,41046.462107014144
2024-09-04,245942.36066404555,286988.8227710597,41046.462107014144
2024-09-05,246458.74843552755,287505.2105425417,41046.462107014144
2024-09-06,243674.90906261292,284721.37116962706,41046.462107014144
2024-09-09,246338.4972642135,287384.95937122765,41046.462107014144
2024-09-10,245805.98293199553,286852.4450390097,41046.462107014144
2024-09-11,246745.33589507942,287791.79800209356,41046.462107014144
2024-09-12,246136.53996233712,287183.00206935126,41046.462107014144
2024-09-13,246003.37304528663,287049.8351523008,41046.462107014144
2024-09-16,243726.50829696516,284772.9704039793,41046.462107014144
2024-09-17,243983.09599352395,285029.5581005381,41046.462107014144
2024-09-18,245453.506890818,286499.96899783215,41046.462107014144
2024-09-19,246345.93894870474,287392.4010557189,41046.462107014144
2024-09-20,246823.11110445776,287869.5732114719,41046.462107014144
2024-09-23,246753.3094074512,287799.77151446533,41046.462107014144
2024-09-24,247128.52080456517,288174.9829115793,41046.462107014144
2024-09-25,248171.13196991012,289217.59407692426,41046.462107014144
2024-09-26,249913.67816057487,290960.140267589,41046.462107014144
2024-09-27,248951.84077476047,289998.3028817746,41046.462107014144
2024-09-30,247982.4889962409,289028.95110325504,41046.462107014144
2024-10-01,248469.64001387067,289516.1021208848,41046.462107014144
2024-10-02,248787.96594245336,289834.4280494675,41046.462107014144
2024-10-03,248592.89701596252,289639.35912297666,41046.462107014144
2024-10-04,249303.95882457786,290350.420931592,41046.462107014144
2024-10-07,248119.73431891913,289166.1964259333,41046.462107014144
2024-10-08,248501.50289065123,289547.9649976654,41046.462107014144
2024-10-09,248262.50390691299,289308.9660139271,41046.462107014144
2024-10-10,249674.12000429106,290720.5821113052,41046.462107014144
2024-10-11,251794.8505088546,292841.31261586875,41046.462107014144
2024-10-14,249547.82551783405,290594.2876248482,41046.462107014144
2024-10-15,252286.25887213345,293332.7209791476,41046.462107014144
2024-10-16,252676.73064638767,293723.1927534018,41046.462107014144
2024-10-17,252877.5783774791,293924.04048449325,41046.462107014144
2024-10-18,250858.04676144186,291904.508868456,41046.462107014144
2024-10-21,250496.27896693256,291542.7410739467,41046.462107014144
2024-10-22,249948.45465875242,290994.91676576657,41046.462107014144
2024-10-23,249224.65169133304,290271.1137983472,41046.462107014144
2024-10-24,250559.30297012557,291605.7650771397,41046.462107014144
2024-10-25,251260.78426360304,292307.2463706172,41046.462107014144
2024-10-28,251224.56262710132,292271.02473411546,41046.462107014144
2024-10-29,250175.18374463206,291221.6458516462,41046.462107014144
2024-10-30,250645.17080202943,291691.6329090436,41046.462107014144
2024-10-31,251466.74818468967,292513.2102917038,41046.462107014144
2024-11-01,251455.58505553845,292502.0471625526,41046.462107014144
2024-11-04,252964.52926469478,294010.9913717089,41046.462107014144
2024-11-05,251653.24764202535,292699.7097490395,41046.462107014144
2024-11-06,247590.16835406353,287141.14404705586,39550.97569299233
2024-11-07,245289.82390143257,284838.5502382119,39548.726336779306
2024-11-08,246454.9757899592,286555.9283624367,40100.952572477516
2024-11-11,246135.24419982906,286390.24290326366,40254.9987034346
2024-11-12,246624.30353846075,286414.89337786986,39790.589839409105
2024-11-13,247677.39789335604,287398.5981659583,39721.20027260226
2024-11-14,246826.6079845823,286296.4809724422,39469.87298785988
2024-11-15,239674.17148523312,277627.1209999465,37952.94951471337
2024-11-18,238881.3048757601,276834.2543904735,37952.94951471337
2024-11-19,238220.13819060824,276173.0877053216,37952.94951471337
2024-11-20,236728.83699487476,274681.7865095881,37952.94951471337
2024-11-21,235325.67800649523,273278.6275212086,37952.94951471337
2024-11-22,237090.56190789957,275043.51142261294,37952.94951471337
2024-11-25,237271.97995127842,275224.9294659918,37952.94951471337
2024-11-26,237486.63027714158,275439.57979185495,37952.94951471337
2024-11-27,238529.83697440953,276482.7864891229,37952.94951471337
2024-11-29,237951.72743905953,275904.6769537729,37952.94951471337
2024-12-02,237880.80505635787,275833.75457107124,37952.94951471337
2024-12-03,238830.9657516951,276783.91526640847,37952.94951471337
2024-12-04,239417.4610369393,277370.41055165266,37952.94951471337
2024-12-05,240427.53243738587,278380.48195209925,37952.94951471337
2024-12-06,243214.60196510714,281167.5514798205,37952.94951471337
2024-12-09,242143.53253903857,280096.48205375194,37952.94951471337
2024-12-10,243500.51602601993,281453.4655407333,37952.94951471337
2024-12-11,246474.5195499371,284427.4690646505,37952.94951471337
2024-12-12,248418.18348959857,286371.13300431194,37952.94951471337
2024-12-13,252254.26055430924,290207.2100690226,37952.94951471337
2024-12-16,256979.1804162569,294932.12993097026,37952.94951471337
2024-12-17,256698.01013010088,294650.95964481425,37952.94951471337
2024-12-18,241165.1537514897,279118.1032662031,37952.94951471337
2024-12-19,243426.12795635418,281379.07747106755,37952.94951471337
2024-12-20,254619.7120211759,292572.66153588926,37952.94951471337
2024-12-23,255396.00843649323,293348.9579512065,37952.949514713255
2024-12-24,256047.0144195219,293999.9639342353,37952.94951471337
2024-12-26,255016.19779441424,292969.14730912773,37952.94951471349
2024-12-27,255278.3901904492,293231.33970516245,37952.949514713255
2024-12-30,253268.96033303032,291221.9098477437,37952.94951471337
2024-12-31,253284.43417650321,291237.3836912166,37952.94951471337
2025-01-02,252831.80186935887,290784.75138407224,37952.94951471337
2025-01-03,253783.43190110067,291736.38141581404,37952.94951471337
2025-01-06,254728.6485353693,292681.5980500827,37952.94951471337
2025-01-07,255111.96860545827,293064.91812017164,37952.94951471337
2025-01-08,255596.36518925708,293549.31470397045,37952.94951471337
2025-01-10,254785.81457572395,292738.7640904373,37952.94951471337
2025-01-13,254015.3989321423,291968.34844685567,37952.94951471337
2025-01-14,254019.25557355257,291972.20508826594,37952.94951471337
2025-01-15,254043.3567033664,291996.30621807976,37952.94951471337
2025-01-16,254676.10692329705,292629.0564380104,37952.94951471337
2025-01-17,255231.83121869632,293184.78073340957,37952.949514713255
2025-01-21,254363.34906244965,292316.2985771629,37952.949514713255
2025-01-22,253970.97943826602,291923.9289529793,37952.949514713255
2025-01-23,251843.2401855,289796.18970021326,37952.949514713255
2025-01-24,253260.0311453162,291212.98066002945,37952.949514713255
2025-01-27,255249.05027813185,293201.999792845,37952.94951471314
2025-01-28,256893.0485095603,294845.99802427343,37952.94951471314
2025-01-29,255995.02882335475,293947.9783380681,37952.94951471337
2025-01-30,254454.05761480168,292407.0071295148,37952.94951471314
2025-01-31,254542.92174916156,292495.8712638749,37952.94951471337
2025-02-03,251495.25237554393,289448.2018902572,37952.949514713255
2025-02-04,252104.0973010261,288952.34621614334,36848.248915117234
2025-02-05,252541.8897572935,289032.66421449906,36490.77445720555
2025-02-06,254467.3165305599,290554.950470499,36087.633939939085
2025-02-07,254619.9004554937,289131.49763711006,34511.59718161635
2025-02-10,256324.74803016405,290287.84490388655,33963.096873722505
2025-02-11,255819.6831272114,289158.63757832185,33338.95445111045
2025-02-12,254609.97558217729,286308.8186851023,31698.84310292499
2025-02-13,256307.40118515352,288539.1844589927,32231.78327383916
2025-02-14,258214.37807675032,291446.9823668415,33232.6042900912
2025-02-18,259897.06515012728,291396.7620067927,31499.696856665425
2025-02-19,262584.77018783824,296304.6849936021,33719.91480576387
2025-02-20,262617.7320534056,295921.8546231971,33304.12256979151
2025-02-21,255962.38282380835,288061.3671512902,32098.984327481827
2025-02-24,252439.44287567446,284538.4272031563,32098.984327481827
2025-02-25,251151.24722670927,283250.2315541911,32098.984327481827
2025-02-26,250805.12122911098,282904.1055565928,32098.984327481827
2025-02-27,249077.3621112001,281176.34643868194,32098.984327481827
2025-02-28,252027.43289217795,284126.4172196598,32098.984327481827
2025-03-03,249276.9157510067,281375.9000784885,32098.984327481827
2025-03-04,250109.40879850206,282208.3931259839,32098.984327481827
2025-03-05,251579.22845617635,283678.2127836582,32098.984327481827
2025-03-06,249320.47683702176,281419.4611645036,32098.984327481827
2025-03-07,251564.8868367602,283663.87116424204,32098.984327481827
2025-03-10,251090.26003602217,283189.244363504,32098.984327481827
2025-03-11,251795.62371660816,283894.60804409,32098.984327481827
2025-03-12,252881.34818746778,284980.3325149494,32098.984327481594
2025-03-13,252419.18627038226,284518.17059786385,32098.984327481594
2025-03-14,252694.85869083926,284793.8430183213,32098.98432748206
2025-03-17,253044.21897097584,285143.20329845813,32098.984327482292
2025-03-18,252532.33061250485,284631.31493998715,32098.984327482292
2025-03-19,253031.24446683587,285130.22879431816,32098.984327482292
2025-03-20,253004.21112758084,285103.19545506313,32098.984327482292
2025-03-21,251583.1333288164,283682.1176562987,32098.984327482292
2025-03-24,248569.75260976818,280668.7369372505,32098.984327482292
2025-03-25,248488.26989998156,280587.25422746385,32098.984327482292
2025-03-26,250734.96563122235,282833.94995870464,32098.984327482292
2025-03-27,251864.84449961828,283963.8288271006,32098.984327482292
2025-03-28,253819.72366454173,285918.707992024,32098.984327482292
2025-03-31,252576.30247188942,284675.2867993717,32098.984327482292
2025-04-01,252450.8750325595,284549.8593600418,32098.984327482292
2025-04-02,251639.4096248257,283738.393952308,32098.984327482292
2025-04-03,254150.22641113074,286249.21073861304,32098.984327482292
2025-04-04,244862.28581003216,276961.27013751445,32098.984327482292
2025-04-07,243722.09977105912,275821.0840985414,32098.984327482292
2025-04-08,245835.82498976798,277934.80931725027,32098.984327482292
2025-04-09,234787.64550436125,263211.75299132895,28424.107486967696
2025-04-10,244214.87955333176,273829.91635909164,29615.036805759883
2025-04-11,245550.39829016943,276559.0439419218,31008.645651752362
2025-04-14,248996.84981761267,281369.1150277073,32372.26521009463
2025-04-15,253774.79275639262,288269.7329965511,34494.94024015847
2025-04-16,252971.23495299392,287040.5734669622,34069.33851396828
2025-04-17,261507.30693329312,299875.47007759754,38368.16314430442
2025-04-21,261799.70308067254,300167.86622497695,38368.16314430442
2025-04-22,261961.14102639048,300329.3041706949,38368.16314430442
2025-04-23,260578.4584840038,298946.6216283082,38368.16314430442
2025-04-24,256410.0315549157,294778.1946992201,38368.16314430442
2025-04-25,255270.0014446699,293638.1645889743,38368.16314430442
2025-04-28,256844.78772042994,295212.95086473436,38368.16314430442
2025-04-29,257154.62235195935,295522.78549626376,38368.16314430442
2025-04-30,256072.68102318398,294440.8441674884,38368.16314430442
2025-05-01,257652.13943192735,296020.30257623177,38368.16314430442
2025-05-02,256659.13577475026,295027.2989190547,38368.16314430442
2025-05-05,256633.70808071108,295001.8712250155,38368.16314430442
2025-05-06,257536.22727776715,295904.39042207156,38368.16314430442
2025-05-07,257540.66597267962,295908.82911698404,38368.16314430442
2025-05-08,258253.69690725696,296621.8600515614,38368.16314430442
2025-05-09,257879.28566357307,296247.4488078775,38368.16314430442
2025-05-12,261291.492810915,299659.6559552194,38368.16314430442
2025-05-13,258574.9708972848,296943.1340415892,38368.16314430442
2025-05-14,257628.81775926426,294939.3287362682,37310.510977003956
2025-05-15,260236.59210060048,297973.0629568682,37736.470856267726
2025-05-16,262457.5536477086,300175.31492131436,37717.76127360575
2025-05-19,260963.0641237062,298680.82539731194,37717.76127360575
2025-05-20,261557.87316564727,299275.634439253,37717.76127360575
2025-05-21,261030.94483017782,298748.70610378357,37717.76127360575
2025-05-22,260967.50031991652,298685.2615935223,37717.76127360575
2025-05-23,259392.13676656992,297109.89804017567,37717.76127360575
2025-05-27,258191.8024229589,295909.56369656464,37717.76127360575
2025-05-28,258637.0504608201,296354.81173442584,37717.76127360575
2025-05-29,258093.5072972353,295811.26857084106,37717.76127360575
2025-05-30,258786.0114073631,296503.77268096874,37717.76127360563
2025-06-02,257963.41552008037,295681.1767936861,37717.76127360575
2025-06-03,257806.83622726006,295524.5975008658,37717.76127360575
2025-06-04,258077.8299409746,295795.59121458034,37717.76127360575
2025-06-05,259354.5685631159,297072.32983672176,37717.761273605865
2025-06-06,259660.47755352908,297378.23882713495,37717.761273605865
2025-06-09,259672.50414347404,297390.2654170799,37717.761273605865
2025-06-10,259720.2276414974,297437.98891510314,37717.76127360575
2025-06-11,259885.7675512667,297603.52882487257,37717.761273605865
2025-06-12,259721.42689960985,297439.1881732156,37717.76127360575
2025-06-13,261056.2543415695,298774.01561517525,37717.76127360575
2025-06-16,260639.92505890504,298357.6863325108,37717.76127360575
2025-06-17,259611.93859215756,297329.6998657633,37717.76127360575
2025-06-18,259746.55087325815,297464.3121468639,37717.76127360575
2025-06-20,261336.7308596149,299054.49213322066,37717.76127360575
2025-06-23,259435.35026439093,297153.1115379967,37717.76127360575
2025-06-24,260816.8864321767,298534.64770578244,37717.76127360575
2025-06-25,261117.75570806093,298835.5169816667,37717.76127360575
2025-06-26,259044.82472810824,296762.586001714,37717.76127360575
2025-06-27,258235.63356917282,295953.39484277857,37717.76127360575
2025-06-30,256671.06886134576,294388.8301349515,37717.76127360575
2025-07-01,257110.61742657726,294828.378700183,37717.76127360575
2025-07-02,256541.3914367978,294259.15271040355,37717.76127360575
2025-07-03,255867.60693924176,293585.3682128475,37717.76127360575
2025-07-07,254835.14881495305,292552.9100885589,37717.761273605865
2025-07-08,255907.3653306798,293625.12660428556,37717.76127360575
2025-07-09,255739.16003210994,293456.9213057156,37717.76127360563
2025-07-10,256005.8491114498,293723.6103850554,37717.76127360563
2025-07-11,257092.00087971543,294809.7621533212,37717.76127360575
2025-07-14,254399.88151687454,292117.6427904803,37717.76127360575
2025-07-15,254048.87388803368,291766.6351616394,37717.76127360575
2025-07-16,254167.00305936602,291884.76433297177,37717.76127360575
2025-07-17,253815.87809577817,291533.6393693839,37717.76127360575
2025-07-18,249212.0391351625,286929.80040876823,37717.76127360575
2025-07-21,248869.1182302956,286586.87950390135,37717.76127360575
2025-07-22,247941.04603584541,285658.80730945116,37717.76127360575
2025-07-23,246690.85220347473,284408.6134770805,37717.76127360575
2025-07-24,245523.9345678935,283241.69584149926,37717.76127360575
2025-07-25,246080.8707839233,283798.63205752906,37717.76127360575
2025-07-28,246834.89872051717,284552.6599941229,37717.76127360575
2025-07-29,247261.80625969253,284979.5675332983,37717.76127360575
2025-07-30,247396.14898821292,285113.9102618187,37717.76127360575
2025-07-31,247759.4037328792,285477.16500648495,37717.76127360575
2025-08-01,245184.50712102198,282902.2683946277,37717.76127360575
2025-08-04,245307.7305796505,283025.49185325624,37717.76127360575
2025-08-05,245381.78580759803,283099.5470812038,37717.76127360575
2025-08-06,245842.05013836932,283559.81141197507,37717.76127360575
2025-08-07,244517.68010626276,282235.44137986854,37717.76127360578
2025-08-08,244907.60904618178,282625.37031978753,37717.76127360575
2025-08-11,244827.32775275374,282545.0890263595,37717.76127360575
2025-08-12,245813.24591812596,283531.0071917317,37717.76127360575
2025-08-13,246516.19576491963,284233.9570385254,37717.76127360575
2025-08-14,246492.90995248535,284210.6712260911,37717.76127360575
2025-08-15,242365.09875491553,280082.8600285213,37717.76127360575
2025-08-18,241822.83558910352,279540.59686270927,37717.76127360575
2025-08-19,241555.45952336444,279273.2207969702,37717.76127360575
2025-08-20,240223.9387564261,277941.70003003185,37717.76127360575
2025-08-21,239456.14682632007,277173.90809992584,37717.76127360578
2025-08-22,241350.1037486887,279067.86502229446,37717.76127360575
2025-08-25,240944.37880189845,278662.1400755042,37717.76127360575
2025-08-26,241262.1934651048,278979.95473871054,37717.76127360575
2025-08-27,240861.0305481623,278578.79182176804,37717.76127360575
2025-08-28,241300.76215564588,279018.5234292516,37717.76127360575
2025-08-29,241410.10205927375,279127.8633328795,37717.76127360575
2025-09-02,240137.93742381467,277855.6986974204,37717.76127360575
2025-09-03,241496.8176510809,279214.57892468665,37717.76127360575
2025-09-04,242097.37304592703,279815.1343195328,37717.76127360575
2025-09-05,243601.36310128728,281319.124374893,37717.76127360575
2025-09-08,242540.58399324724,280258.345266853,37717.76127360575
2025-09-09,243964.39574555005,281682.1570191558,37717.76127360575
2025-09-10,245097.65468265954,282815.4159562653,37717.76127360575
2025-09-11,244795.3620965405,282513.12337014626,37717.76127360575
2025-09-12,246182.26029799425,283900.0215716,37717.76127360575
2025-09-15,244649.3367578889,282367.09803149465,37717.76127360575
2025-09-16,244920.20144106227,282637.962714668,37717.76127360575
2025-09-17,247341.09117765934,285058.8524512651,37717.76127360575
2025-09-18,252666.4915123128,290384.25278591854,37717.76127360575
2025-09-19,250572.82157209155,288290.5828456973,37717.76127360575
2025-09-22,248201.46529887593,285919.2265724817,37717.76127360575
2025-09-23,248422.332585642,286140.09385924775,37717.76127360575
2025-09-24,249716.42259470373,287434.1838683095,37717.76127360575
2025-09-25,250754.89562924346,288472.6569028492,37717.76127360575
2025-09-26,252113.2825114323,289831.04378503805,37717.76127360575
2025-09-29,251498.87658538134,289216.6378589871,37717.76127360575
2025-09-30,251672.7233301556,289390.48460376135,37717.76127360575
2025-10-01,252940.47909748333,290658.2403710891,37717.76127360575
2025-10-02,252951.9853362101,290669.74660981586,37717.76127360575
2025-10-03,253689.49640239042,291407.25767599617,37717.76127360575
2025-10-06,256133.7291509749,293851.49042458064,37717.76127360575
2025-10-07,256900.43853261904,294618.1998062248,37717.76127360575
2025-10-08,259704.1259615412,297421.88723514695,37717.76127360575
2025-10-09,259938.71356699453,297656.4748406003,37717.76127360575
2025-10-10,253822.98273624503,291540.7440098508,37717.76127360575
2025-10-13,253748.1199570751,291465.88123068085,37717.76127360575
2025-10-14,253829.7321208067,291547.49339441245,37717.76127360575
2025-10-15,254393.3787715761,292111.14004518185,37717.76127360575
2025-10-16,253649.92844674515,291367.6897203509,37717.76127360575
2025-10-17,253692.85976418783,291410.6210377936,37717.76127360575
2025-10-20,254294.81644712645,292012.5777207322,37717.76127360575
2025-10-21,254295.33390041115,292013.0951740169,37717.76127360575
2025-10-22,254187.34984317026,291905.111116776,37717.76127360575
2025-10-23,253778.91384985507,291496.6751234608,37717.76127360575
2025-10-24,253670.618132076,291388.37940568174,37717.76127360575
2025-10-27,254702.95037995372,292420.71165355947,37717.76127360575
2025-10-28,256164.4552010696,293882.21647467534,37717.76127360575
2025-10-29,255641.99617093545,293359.7574445412,37717.76127360575
2025-10-30,255482.00620907266,293199.7674826784,37717.76127360575
2025-10-31,255065.9771875192,292783.73846112494,37717.76127360575
2025-11-03,255095.61280938587,292813.3740829916,37717.76127360575
2025-11-04,257739.9131664168,295457.67444002256,37717.76127360575
2025-11-05,256658.61382855964,294376.3751021654,37717.76127360575
2025-11-06,255625.02232935233,293342.78360295785,37717.761273605516
2025-11-07,257251.84301557788,294969.6042891836,37717.76127360575
2025-11-10,256777.96687920694,294495.7281528127,37717.76127360575
2025-11-11,257372.87229178916,295090.6335653949,37717.76127360575
2025-11-12,257682.77052283613,295400.5317964419,37717.76127360575
2025-11-13,259269.1537364612,296986.91501006694,37717.76127360575
2025-11-14,260726.7429162839,298444.50418988965,37717.76127360575
2025-11-17,261611.55495520402,299329.31622880977,37717.76127360575
2025-11-18,260462.3827603939,298180.14403399965,37717.76127360575
2025-11-19,260154.66820175876,297872.4294753645,37717.76127360575
2025-11-20,257433.4660629097,295151.22733651544,37717.76127360575
2025-11-21,257574.8366028529,295292.59787645866,37717.76127360575
2025-11-24,257395.41789694456,295113.1791705503,37717.76127360575
2025-11-25,257203.86168323015,294921.6229568359,37717.76127360575
2025-11-26,256867.222845976,294584.98411958176,37717.76127360575
2025-11-28,256701.63092548982,294419.3921990956,37717.76127360575
2025-12-01,257375.57790712453,295093.3391807303,37717.76127360575
2025-12-02,257402.85919791297,295120.6204715187,37717.76127360575
2025-12-03,257360.92706503742,295078.6883386432,37717.76127360575
2025-12-04,257578.7855011872,295296.54677479295,37717.76127360575
2025-12-05,256613.44584604097,294331.2071196467,37717.76127360575
2025-12-08,256485.93130075862,294203.69257436437,37717.76127360575
2025-12-09,256126.99247464095,293844.7537482467,37717.76127360575
2025-12-10,255553.3308259726,293271.09209957835,37717.76127360575
2025-12-11,256669.10706921993,294386.8683428257,37717.76127360575
2025-12-12,257956.0943224337,295673.85559603944,37717.76127360575
2025-12-15,258793.34713088092,296511.1084044867,37717.76127360575
2025-12-16,259430.75055884314,297148.5118324489,37717.76127360575
2025-12-17,258960.6023826967,296678.36365630245,37717.76127360575
2025-12-18,258352.16775974468,296069.92903335043,37717.76127360575
2025-12-19,258540.2870155319,296258.04828913766,37717.76127360575
2025-12-22,258111.94493575988,295829.7062093656,37717.76127360575
2025-12-23,257114.87562495994,294832.6368985657,37717.76127360575
2025-12-24,256871.3595876504,294589.12086125615,37717.76127360575
2025-12-26,256043.56938193075,293761.3306555365,37717.76127360575
2025-12-29,255861.61680601665,293579.3780796224,37717.76127360575
2025-12-30,255742.55976472376,293460.3210383295,37717.76127360575
2025-12-31,255274.7082072394,292992.46948084515,37717.76127360575
2026-01-02,257287.1097805614,295004.87105416716,37717.76127360575
2026-01-05,256500.17794478964,294217.9392183954,37717.76127360575
2026-01-06,257555.32332618837,295273.0845997941,37717.76127360575
2026-01-07,258432.42665836104,296150.18793196685,37717.76127360581
2026-01-08,258438.48193878145,296156.2432123872,37717.76127360575
2026-01-09,260370.41498171503,298088.17625532066,37717.76127360563
2026-01-12,260278.70390760596,297996.4651812117,37717.76127360575
2026-01-13,265575.75682073366,303293.5180943394,37717.76127360575
2026-01-14,266435.00058080885,304152.7618544146,37717.76127360575
2026-01-15,267776.9053691891,305494.66664279485,37717.76127360575
2026-01-16,267755.38444608497,305473.1457196907,37717.76127360575
2026-01-20,265989.2812273239,303707.0425009297,37717.76127360575
2026-01-21,269089.0925830044,306806.85385661013,37717.76127360575
2026-01-22,269573.2644262018,307291.02569980756,37717.76127360575
2026-01-23,268096.4201080841,305814.18138168985,37717.76127360575
2026-01-26,265785.2928861233,303503.05415972904,37717.76127360575
2026-01-27,267515.0901814273,305232.85145503306,37717.76127360575
2026-01-28,267074.11080132215,304791.8720749279,37717.76127360575
2026-01-29,267593.27200331516,305311.0332769207,37717.761273605516
2026-01-30,266969.3875271855,304687.14880079124,37717.76127360575
2026-02-02,268712.60187016125,306430.363143767,37717.76127360575
2026-02-03,265440.44537281594,303158.2066464217,37717.76127360575
2026-02-04,265240.7006497928,302369.14516131557,37128.44451152277
2026-02-05,259945.94499912858,295172.94395707594,35226.99895794736
2026-02-06,265192.1358279707,301030.33583421167,35838.20000624098
2026-02-09,266963.96437972435,305023.29840540537,38059.33402568102
2026-02-10,267895.9043262035,306666.8684643407,38770.96413813718
2026-02-11,264299.03534123,298942.6282271624,34643.59288593242
2026-02-12,260489.23944917228,292476.1216265082,31986.88217733591
2026-02-13,261805.30987263494,294509.2028032718,32703.89293063688
2026-02-17,261028.6266900713,295062.68714706344,34034.06045699213
2026-02-18,263244.149591201,299248.78664819733,36004.63705699635
2026-02-19,262217.3102714608,297261.51616920996,35044.20589774917
2026-02-20,262828.6312322996,298249.4036837118,35420.772451412166
2026-02-23,262979.581646272,298400.35409768415,35420.772451412166
2026-02-24,263079.1500060379,298499.92245745007,35420.772451412166
2026-02-25,262847.0837320371,298267.8561834493,35420.772451412166
2026-02-26,263172.935832524,298593.70828393614,35420.772451412166
2026-02-27,263359.9741618782,298780.7466132904,35420.772451412166
2026-03-02,263730.93152263295,299151.7039740451,35420.772451412166
2026-03-03,263760.91784486664,299181.6902962788,35420.772451412166
2026-03-04,264040.14633326535,299460.9187846775,35420.772451412166
2026-03-05,263515.27652775263,298936.0489791648,35420.772451412166
2026-03-06,263493.0602939562,298913.83274536836,35420.772451412166
2026-03-09,263938.6355677135,299359.4080191257,35420.772451412166
2026-03-10,264175.0460224005,299595.81847381266,35420.772451412166
2026-03-11,263608.5153350523,299029.28778646444,35420.772451412166
2026-03-12,263706.9108661774,299127.6833175896,35420.772451412166
2026-03-13,264287.68975024344,299708.4622016556,35420.772451412166
2026-03-16,264768.4918621385,300189.26431355067,35420.772451412166
2026-03-17,264765.0017521584,300185.77420357056,35420.772451412166
2026-03-18,264114.1169808395,299534.8894322517,35420.772451412166
2026-03-19,264695.6674707553,300116.43992216745,35420.772451412166
2026-03-20,264708.34828344244,300129.1207348546,35420.772451412166
2026-03-23,262994.19185682107,298414.96430823323,35420.772451412166
2026-03-24,264630.2020812968,300050.974532709,35420.772451412166
2026-03-25,264894.2459082941,300315.0183597063,35420.772451412166
2026-03-26,267751.5598487281,303172.3323001403,35420.772451412166
2026-03-27,268269.74172301544,303690.5141744276,35420.772451412166
2026-03-30,269662.2772701206,305083.04972153273,35420.77245141211
2026-03-31,271808.4445960792,307229.21704749134,35420.772451412166
2026-04-01,271846.72538078134,307267.4978321935,35420.772451412166
2026-04-02,272352.6430045208,307773.41545593296,35420.772451412166
2026-04-06,271160.01543868403,306580.7878900962,35420.772451412166
2026-04-07,270020.4366099641,305441.2090613763,35420.772451412166
2026-04-08,273003.769269655,308424.54172106716,35420.772451412166
2026-04-09,274418.66782623646,309839.4402776486,35420.772451412166
2026-04-10,274409.32242900436,309830.0948804165,35420.772451412166
2026-04-13,273151.67930665566,308572.4517580678,35420.772451412166
2026-04-14,274211.22484207805,309631.9972934902,35420.772451412166
2026-04-15,276845.82232210203,312266.5947735142,35420.772451412166
2026-04-16,276990.29131877655,312411.0637701887,35420.772451412166
2026-04-17,280396.31032261765,315817.0827740298,35420.772451412166
2026-04-20,278616.89676927635,314037.6692206885,35420.772451412166
2026-04-21,279663.8538730915,315084.6263245037,35420.772451412166
2026-04-22,283921.76758811204,319342.5400395242,35420.772451412166
2026-04-23,279955.69628018467,315376.46873159683,35420.772451412166
2026-04-24,284162.71696674963,319583.48941816203,35420.7724514124
2026-04-27,285032.0090849118,320452.78153632395,35420.772451412166
2026-04-28,286553.1893738066,321973.96182521875,35420.772451412166
2026-04-29,286775.97822693456,322196.7506783467,35420.772451412166
2026-04-30,287549.75485250354,322970.5273039157,35420.772451412166
2026-05-01,286959.2358476636,322380.00829907577,35420.772451412166
2026-05-04,287230.6891325882,322651.4615840004,35420.772451412166
2026-05-05,287583.6584787357,323004.4309301479,35420.772451412166
2026-05-06,285249.5287275994,320670.3011790116,35420.772451412166
2026-05-07,286456.02761987643,321876.8000712886,35420.772451412166
2026-05-08,285140.1820187536,319471.7370944489,34331.55507569527
2026-05-11,279997.7672811651,311607.883782113,31610.116500947857
2026-05-12,284606.36685681343,320408.7934022164,35802.42654540297
2026-05-13,281324.409096383,314271.6053905119,32947.196294128895
2026-05-14,282058.32922888454,317233.51071410254,35175.181485217996
2026-05-15,281491.60883786785,316925.27668415033,35433.66784628248
2026-05-18,280234.7909302162,315668.4587764987,35433.66784628248
2026-05-19,280227.05241856375,315660.7202648462,35433.66784628248
2026-05-20,280694.9817398826,316128.6495861651,35433.66784628248
2026-05-21,281011.1392921638,316444.80713844625,35433.66784628248
2026-05-22,280199.139770749,315632.8076170315,35433.66784628248
2026-05-26,280287.1208437721,315720.78869005456,35433.66784628248
2026-05-27,281837.28999730106,317270.95784358354,35433.66784628248
2026-05-28,282703.92724838434,318137.5950946668,35433.66784628248
2026-05-29,281237.3650331509,316260.25697279046,35022.89193963958
2026-06-01,281034.6143852724,314012.3302467475,32977.715861475095
2026-06-02,283767.01484049903,318380.6930465286,34613.67820602958
2026-06-03,287036.7697650064,323521.2575035831,36484.48773857672
2026-06-04,288947.17665934376,325881.7211402671,36934.54448092333
2026-06-05,286446.56940427143,324982.4366818622,38535.86727759079
2026-06-08,285740.99945381377,325147.99394180207,39406.9944879883
2026-06-09,286358.56349340663,326368.712648978,40010.14915557136
2026-06-10,285521.7090673088,325183.0539795479,39661.34491223912
2026-06-11,287981.205613913,327199.1206238386,39217.91500992561
2026-06-12,289529.1400145937,328780.51340102917,39251.37338643544
2026-06-15,290898.1498309127,330926.7779660402,40028.62813512748
2026-06-16,290068.9183638012,329865.33874010993,39796.42037630873
2026-06-17,284423.92653742665,323510.2755247897,39086.348987363046
2026-06-18,288292.76676536724,327657.1040700509,39364.337304683635
2026-06-22,286659.6773893307,326024.01469401433,39364.337304683635
2026-06-23,284630.584931758,323994.92223644163,39364.337304683635
2026-06-24,283770.9583262452,323135.2956309288,39364.337304683635
2026-06-25,285329.6530272311,324693.99033191474,39364.337304683635
2026-06-26,287424.8601110568,326789.19741574046,39364.337304683635
2026-06-29,287485.84107691003,326850.17838159367,39364.337304683635
2026-06-30,288964.84037508955,328329.1776797732,39364.337304683635
2026-07-01,289712.16603240534,329076.503337089,39364.337304683635
2026-07-02,288807.7301323309,328172.06743701454,39364.337304683635
2026-07-06,288278.54554015445,327642.8828448381,39364.337304683635
2026-07-07,288008.8417398555,327373.1790445391,39364.337304683635
2026-07-08,287729.2327514435,327093.57005612715,39364.337304683635
2026-07-09,289047.83287307597,328412.1701777596,39364.337304683635
2026-07-10,290685.2780399653,330049.61534464895,39364.337304683635
2026-07-13,290355.5907426891,329719.9280473727,39364.337304683635
2026-07-14,291901.8391278961,331266.17643257976,39364.337304683635
2026-07-15,293811.4204534793,333175.7577581629,39364.337304683635
2026-07-16,292134.8800910986,331499.21739578224,39364.337304683635
2026-07-17,290988.8285928229,330353.1658975065,39364.337304683635
2026-07-20,290339.4274776885,329703.76478237216,39364.337304683635
2026-07-21,294064.0753867915,333428.4126914751,39364.337304683635
2026-07-22,292157.68500169227,331522.0223063759,39364.337304683635
2026-07-23,291282.8880770011,330647.2253816847,39364.337304683635
2026-07-24,288102.11024863087,327466.4475533145,39364.337304683635
2026-07-27,289888.54818712734,329252.885491811,39364.337304683635
2026-07-28,291425.0130512137,330789.35035589733,39364.337304683635
2026-07-29,292493.1270522794,331857.46435696306,39364.337304683635
2026-07-30,290645.9421788601,330010.2794835437,39364.337304683635
2026-07-31,294612.4259734589,333976.76327814255,39364.337304683635
2026-08-03,294368.62616249686,333732.9634671805,39364.337304683635
2026-08-04,290211.55700767785,329575.8943123615,39364.337304683635
2026-08-05,290932.2656755799,330296.60298026353,39364.337304683635
2026-08-06,291013.34538610675,330377.6826907904,39364.337304683635
2026-08-07,291455.6004753022,330819.93777998583,39364.337304683635
2026-08-10,290351.83405016735,329716.171354851,39364.337304683635
2026-08-11,289728.722519404,329093.0598240874,39364.3373046834
2026-08-12,289601.0961897108,328965.4334943942,39364.3373046834
2026-08-13,290844.1280767326,330208.465381416,39364.3373046834
2026-08-14,292220.7523886461,331585.08969332953,39364.3373046834
2026-08-17,289997.54874920286,329925.79707067646,39928.2483214736
2026-08-18,292249.27386570117,334075.04225718556,41825.768391484395
2026-08-19,292010.73937778827,334727.54544635816,42716.80606856989
2026-08-20,294667.6139344252,339161.05433331826,44493.440398893086
2026-08-21,294556.0213381639,339324.13189772214,44768.11055955826
2026-08-24,292702.35502008465,337470.4655796429,44768.11055955826
2026-08-25,292362.96716079256,337131.0777203508,44768.11055955826
2026-08-26,292089.9592188308,336858.06977838906,44768.11055955826
2026-08-27,295036.2290266361,339804.3395861944,44768.11055955826
2026-08-28,296146.46913833264,340914.5796978909,44768.11055955826
2026-08-31,295098.7717458918,339866.88230545004,44768.11055955826
2026-09-01,294968.52696953644,339736.6375290947,44768.11055955826
2026-09-02,295430.7696399207,340198.88019947894,44768.11055955826
2026-09-03,295409.0418122618,340177.15237182006,44768.11055955826
2026-09-04,296364.03834758373,341132.148907142,44768.11055955826
2026-09-08,294608.2134564093,339376.32401596755,44768.11055955826
2026-09-09,294240.19564003707,339008.30619959603,44768.11055955896
2026-09-10,292447.87652747007,337215.98708702927,44768.110559559194
2026-09-11,294424.800668068,339192.9112276272,44768.110559559194
2026-09-14,294893.91383440676,339662.02439396596,44768.110559559194
2026-09-15,294655.1334585813,339423.2440181405,44768.110559559194
2026-09-16,294779.20399247506,339547.31455203425,44768.110559559194
2026-09-17,297093.8851578827,341861.9957174419,44768.110559559194
2026-09-18,297602.7643686312,342370.8749281904,44768.110559559194
2026-09-21,296998.8833860331,341766.9939455923,44768.110559559194
2026-09-22,299381.5079221742,344149.61848173337,44768.110559559194
2026-09-23,300421.9762524613,345190.0868120205,44768.110559559194
2026-09-24,301875.50928315613,346643.6198427153,44768.110559559194
2026-09-25,299146.15170816565,343914.26226772484,44768.110559559194
2026-09-28,297048.7139921021,341816.82455166127,44768.110559559194
2026-09-29,296590.6544463013,341358.7650058605,44768.110559559194
2026-09-30,295792.4450970667,340560.5556566259,44768.110559559194
2026-10-01,296634.1443061938,341402.254865753,44768.110559559194
2026-10-02,298612.97255405923,343381.0831136184,44768.110559559194
