Date,"mom 12-1, top 5","mom 12-1, top 10","mom 12-1, top 20","mom 6-1, top 5","mom 12-1 vol-scaled, top 5","mom 12-1, top 5, top-100 mcap only","mom 12-1, top 10, top-100 mcap only"
2007-02-16,95895.13765732881,78874.16819739806,55842.3257911997,32079.026431325197,20775.033359028035,5122.463323989881,565.2429109618913
2007-02-20,102043.33060584446,87692.04684369153,64080.42594932613,36144.19885173935,30835.404576994362,14994.267811780895,9275.668591294092
2007-02-21,122751.70816419144,99609.55550061939,69340.34621389103,45065.5328560202,28118.25363682858,20787.898343569614,6061.017574919234
2007-02-22,109827.83295567577,93411.16268000964,62532.197541083704,40671.35023735734,23187.60395619208,14038.195183606353,-1213.636836012102
2007-02-23,105266.67211408768,90912.26996988148,55978.38791701677,43235.7196670322,16925.812480068147,-6124.587227017617,-13457.921093748595
2007-02-26,86418.47670176037,78669.14718194056,46128.90837568125,28784.362166881172,14447.582531047896,-12392.16038133931,-18041.501377708482
2007-02-27,34815.28272687316,31008.640816939478,1546.72512077976,-23132.95811655803,-11830.675763038806,-62796.25218215936,-63968.03211798611
2007-02-28,49342.91387350863,41342.7896593364,11348.695179014452,-12992.364930348842,-2232.847466014202,-52378.26711905316,-51612.86700717664
2007-03-01,41673.677575477224,40696.5891925906,9772.549182477233,6789.409049577134,-5064.347633855818,-53199.448019938725,-52207.86884480793
2007-03-02,18248.838297202907,33406.04075343727,-4541.885273904794,-1561.0889088343392,-20436.197073661777,-74375.71856507477,-68607.80171017139
2007-03-05,703.0556934429769,21319.665666280445,-16641.50337377628,-15873.332325420772,-30586.817856761027,-99554.08366335263,-82627.47501205241
2007-03-06,33528.61076377732,48812.953429996414,11749.118910504076,14642.02509249256,-12556.403091931668,-65927.78712896844,-58700.04384018317
2007-03-07,31227.981470080755,50172.85347328942,9386.205309149758,15927.243269071343,-15723.107798425048,-78247.81827036211,-63878.769029857496
2007-03-08,55850.01469259053,69781.979251958,28576.783340154077,38278.528912829,-4022.691235586899,-55604.63021967513,-47963.89579707787
2007-03-09,62134.81087320903,74325.07480064726,32537.49984183325,39789.352023441235,259.06456113806416,-46348.51367592111,-43626.76551065796
2007-03-12,65902.93057936669,78629.21154369011,34261.493409496645,46670.40274809607,2716.4970576987835,-40083.296969483905,-37779.81554625691
2007-03-13,33359.05544391569,50936.93642188095,6535.372705496047,15688.445844682974,-14267.061235786514,-68291.52413977038,-65476.06490575358
2007-03-14,42069.356917538644,57552.93448553582,15173.79214813104,18221.844847923654,-9893.731654019128,-55128.41623797951,-54894.191605295004
2007-03-15,49989.680964244486,66574.71680896614,17827.881419291327,31604.347979761405,-7712.75113821073,-50944.405049417466,-51800.49604761832
2007-03-16,50217.327353129476,64647.35456795691,12012.19698195201,29384.800956423358,-10977.476048485583,-64259.101394129844,-59744.21383508827
2007-03-19,76951.86041896165,85931.9575450831,29957.19242968066,52372.11057612533,-2786.8003063256583,-48885.009872377,-44243.937729733734
2007-03-20,85688.03973740939,95611.5744705678,39045.7365893442,64389.15569167457,9985.784479078447,-39085.758207408915,-36561.058028069805
2007-03-21,101166.1679951277,112002.85020214852,57507.92747342205,78746.62501801542,27392.277238584345,-4505.817439727463,-10234.881814740693
2007-03-22,101180.08120978586,110472.74056214408,55304.077802828215,84498.27480669902,24595.291417252647,-5435.746257858496,-13661.606771263214
2007-03-23,102900.45982075017,110670.75919630622,57224.37776745994,83102.28503771087,28865.10176887897,-5392.385732687653,-8723.761133798973
2007-03-26,118922.51110907507,118100.56495832789,58926.80174156186,92756.48678269231,28755.389460983282,-11754.189055730909,-13104.173730340619
2007-03-27,103140.24704574412,103038.2134299074,46449.47712358151,81699.26992452546,22930.194340765327,-20557.85432334491,-19668.07529501852
2007-03-28,86740.07568709821,89477.60703770959,35431.075220115476,72032.87349810559,10143.011463148396,-33904.54796434607,-29550.312214255584
2007-03-29,90671.10335808696,95587.46960372878,39267.10951923675,72255.83106244469,17269.55347536103,-30596.464722595607,-24922.72449687311
2007-03-30,87181.36837948,92498.87214274345,41781.307698191675,71759.91729886332,13090.864343509653,-24423.940651677985,-23832.760404317865
2007-04-02,93612.24997203979,101314.1025089438,48132.87148618397,80183.30088620706,31857.01163562466,-24619.883453369985,-21671.698074465843
2007-04-03,108473.03445433456,113513.8219735249,61122.4078183117,96382.04673333038,39822.777801922406,-7195.111884647631,-10856.814270283016
2007-04-04,116652.36333797328,114346.35819486217,60450.50491812789,107931.09890448602,41900.03366685686,-13800.497765486885,-16165.126541560829
2007-04-05,119821.38190702777,116425.55799787937,61796.6534822352,110535.83341300121,49143.39389448469,-7713.876589361644,-10996.076983293358
2007-04-09,121456.86032677209,118194.95754728638,63877.352169975384,114104.22294234778,49030.800722058964,-6837.170752088023,-4221.084686436843
2007-04-10,118784.53432818773,116589.31299521436,62699.48843159125,115295.32183849832,52270.22747342053,-3281.437190411096,-3384.173403616245
2007-04-11,111679.22479839445,114115.51324997217,57990.09627301667,115340.85081323795,52775.124933529936,-8961.502116271913,-11533.183683155425
2007-04-12,123642.77318140495,120357.02666169903,62108.78366659946,130986.44875016983,49157.175746230525,-6362.504239472175,-10904.908096034895
2007-04-13,125046.88181505987,119512.59905176194,63984.88834253182,118806.03345876426,47272.00577007924,-256.3736762884073,-3922.687280112419
2007-04-16,139889.81776871937,131000.06779626074,77695.17605541367,131771.62213288693,51941.647698908026,12026.249420788772,4987.404684964
2007-04-17,137407.63839443497,132625.91456375152,83164.19493734141,134550.2771327026,60778.91144593913,15632.32072438801,9570.034647686953
2007-04-18,129628.9482191049,128707.01219078063,82744.95924531468,132578.7286447545,65066.12665631191,14328.84162788283,7178.278396644913
2007-04-19,123162.96335489789,123122.6466292551,75295.50831586153,121339.64428482589,55282.01261508076,17655.664852035166,9361.062550295937
2007-04-20,139066.60122658306,136309.36686348513,85786.27409882097,141035.095010332,66174.00441247612,27057.960822516172,16140.913228318474
2007-04-23,154436.0758669407,146325.8943151765,97917.60534036683,141240.37851954254,73493.92509178877,30021.231211778533,22534.22986912492
2007-04-24,174706.11370581875,154314.7903526819,95719.14574387048,127489.39167442922,74568.86192702928,25023.721211403794,21540.8100947825
2007-04-25,177587.78967797803,153828.84028976393,99468.98506627807,124280.50738126865,78813.69182973953,28094.22375150923,26919.35875875353
2007-04-26,171327.76037479154,148434.5292864507,96550.91103018683,120484.08647111311,70825.74117789432,16598.503141462454,18285.547392638233
2007-04-27,187498.38947970816,154001.26530690858,100949.89677305962,123459.57076337992,67852.21673685317,14399.400095283469,17066.984452353016
2007-04-30,171022.37912865067,139389.1420316088,87722.59341541606,101074.46977906635,65087.2059183243,7731.396716736574,7467.372679206404
2007-05-01,170935.37519703523,142192.53112247196,87888.80010801122,74059.58045959397,77233.97582739456,7932.410132758207,10676.604333906955
2007-05-02,187306.63115359176,152964.99640655634,94295.55480256442,88912.58574286336,77623.47171564367,13118.020543019984,17286.659842949546
2007-05-03,193156.3903163109,157139.78004026218,95808.85164000804,93663.50791029292,81524.53395273685,14623.62291326398,17761.844893825502
2007-05-04,191212.13491953188,159547.73563024582,96579.63484926165,98165.18163301185,83396.75685228998,13287.16109391155,18047.9084447527
2007-05-07,188211.22562754317,162181.4352158065,97399.0016721807,99729.59298130349,86216.49978235335,14554.727544717829,26959.185867452514
2007-05-08,183951.2137837904,161849.91417723193,97426.01620512888,103688.98614958247,85809.36831697074,5033.048988222723,20164.00042320756
2007-05-09,197892.85948486853,172609.42774814722,105316.19127714749,111202.20517867166,88196.14734214399,6001.676877738741,21488.482311136777
2007-05-10,187417.3563729524,159401.1262953777,94289.38389837257,91612.71211979642,78091.19510664386,-8660.251716320498,9438.034281138449
2007-05-11,198170.78176619703,169912.51812078687,100636.55551060487,99218.28811109216,87667.17842690187,577.0575352481283,18735.487108953806
2007-05-14,201840.7802015107,171588.20414744312,101062.54710015723,90324.00990586079,93817.11903932045,2441.804393305949,21975.68833797627
2007-05-15,191610.97264187637,167865.38398861716,95509.43879878146,88512.00271315587,96525.8218413454,2166.26261176596,23188.991495002992
2007-05-16,189374.10800008097,170880.6553230909,97574.69817590699,96309.06805086507,102207.03368084028,14528.769368523055,30877.229029169248
2007-05-17,193181.13566277415,172435.0777420619,97586.74880951353,106160.04374770464,97854.24942099264,8016.15289387976,24121.916575220468
2007-05-18,193848.40174755396,174055.56598070197,101677.03934485285,111212.26952749249,95782.15143854861,10426.242330400544,29239.8810262737
2007-05-21,196306.00594370498,173696.30491236137,103614.86164068236,112403.75436266534,95715.12161602934,10420.48595050213,29006.64519724491
2007-05-22,200646.65927699913,177171.80120066484,102423.00419067852,109625.53433977015,89502.67744980077,5133.542016720311,29004.41576877463
2007-05-23,195546.93499692058,167790.65974812617,95850.27498174693,103697.4647812889,81731.00262507348,2673.015202779711,22183.46346945929
2007-05-24,181132.07849178507,154746.1659336639,78965.04733940425,82804.45993561443,56372.217288705324,-11235.406567719292,5002.089273537484
2007-05-25,187246.30054866822,158332.38494860972,84315.98994512846,98117.71308369885,56211.73046547433,-5081.024860566744,7723.885177264383
2007-05-29,195995.32914051812,167312.25487245675,89633.16013663104,106599.3030576515,66497.16410019033,-5660.128868810316,13271.697688423927
2007-05-30,208230.59769051324,178851.3581609849,97932.90120564014,121255.41980095464,73033.5969731599,-137.7567284296656,23751.822669961202
2007-05-31,214201.05316479623,183559.81957257577,102626.39710435162,132610.83371537205,73411.43053230213,2034.5888619325033,25786.032187491062
2007-06-01,222555.6486668401,183569.50611445814,105087.00964270535,148505.45944804023,71771.90154013644,-3426.3923120075015,23250.084185653635
2007-06-04,219734.47314469534,183393.77156871787,102071.71915792579,138681.02658617738,67070.28353386222,-5286.953264197062,21124.775798752795
2007-06-05,209247.22084584093,171875.68146555504,92397.8438581531,134592.51499147224,55133.26974078812,-14011.571223560808,11690.436515556874
2007-06-06,192116.19331220235,157977.31524068443,80921.34113171046,119871.65707767862,38672.73409044168,-23516.48291834643,2747.840445329246
2007-06-07,161822.55088025847,131702.22047566477,55842.63852832695,91808.89755879593,7683.478324311247,-44542.08816003338,-20664.49347794411
2007-06-08,173075.25416752172,143065.3878774824,66076.26076506969,100848.1628847073,20624.617230558288,-35801.968591369776,-6925.028284684362
2007-06-11,172796.9519818832,145264.767700146,69609.02497583577,102671.52062476544,30153.31549283139,-29835.67303122206,-2024.9085000744453
2007-06-12,159137.7947176206,129897.10817258342,54993.08778225121,87233.0527886884,16686.028099976204,-48300.68137597612,-17123.162941059672
2007-06-13,178634.26909344376,146558.96257524486,72012.2013663591,108091.27185795094,36407.427302376986,-31735.494061205158,2734.598272178562
2007-06-14,180500.99204616525,148257.62773323274,76188.7283901298,116358.2252470948,37991.12087906485,-29687.90187432438,-155.81819401414032
2007-06-15,186012.1956797754,153403.01428142574,85028.51956579271,125329.34820105115,49957.68110823838,-12527.886206635814,10486.768193195367
2007-06-18,187972.6865055596,153521.22062563608,83511.86444539938,115056.05854655002,43838.99086964192,-14823.71348798784,5452.25223399291
2007-06-19,182638.0412131418,157145.448326904,88080.31599994992,118000.14020206942,41041.29550020617,-13950.050626183936,5412.545460616962
2007-06-20,163866.03008985653,140102.06480373352,73511.33176060877,109874.29024635912,20848.79526050974,-32900.9547397664,-13824.832518310035
2007-06-21,176452.16804583848,150229.5168955677,85294.45589527662,113672.27715315468,28798.096344065256,-27834.28065056893,-10453.159110438002
2007-06-22,167178.7844943576,138307.77195756903,72965.45941706623,101025.24502004287,13239.69773035714,-42002.42435292779,-25922.08052659974
2007-06-25,160270.7572983479,132353.7866722355,64967.98582874764,94010.18522540596,8412.949142221114,-47109.79780337788,-27398.341341927662
2007-06-26,142968.35083322274,121547.02213176535,52489.25799722204,86998.01760081275,-15.933969641402655,-50433.45703751601,-30686.476337199027
2007-06-27,145335.30537564616,128623.02875873042,65186.63007947501,101139.22080912555,8638.012314625339,-30409.334204131843,-14821.034947680964
2007-06-28,150012.57211215675,130744.46451022211,66692.83836203488,108109.94075133887,7231.155730121995,-27658.00450171952,-15587.342729210603
2007-06-29,156239.38656865316,131694.00959436913,64097.152707172536,107604.62389472395,10466.616033068298,-27679.82886987253,-15650.28807183457
2007-07-02,180359.28767127404,155316.89952898383,84724.46819831892,135414.0884310149,32340.181677718334,-17916.75720461217,-2747.6912101081107
2007-07-03,191340.10764330107,160477.06894467227,89213.73283647682,140649.36513622396,29303.221331329773,-12809.464553834256,5240.239785174943
2007-07-05,199031.18921978943,166663.3589169449,91403.76711188658,139362.8631270041,32519.348980737148,-17787.975886655047,3338.976747005545
2007-07-06,198157.4313736248,168566.27275378653,97170.40203144301,145598.87601878366,31961.83996952982,-8943.242923267653,8439.733761787731
2007-07-09,222417.13452951814,183542.56000753763,110678.69129344742,179065.16988258448,26814.846085802852,-10230.22091946691,3103.6215069853815
2007-07-10,210644.3395429794,167005.1320613298,92880.09051707658,149248.83443162098,7813.622777596545,-27429.172513292473,-11872.090766689176
2007-07-11,217490.25584718393,173757.28818483226,100348.8084569677,159671.59025917013,17208.228954059363,-18125.027592409533,-2916.873927419256
2007-07-12,239295.43613341238,193414.78861014146,123453.43491432215,178475.22323813237,31293.91324548179,8541.558588782242,24399.36249713324
2007-07-13,252154.35674728133,201485.92475486314,130242.24462391732,192795.4660942857,40896.73605522114,10362.286910902567,27299.822153554956
2007-07-16,249120.62888786366,200978.0674720668,126461.25932575969,179635.83925646768,40103.82689311808,5393.135657207666,23053.338633580926
2007-07-17,246717.06474597516,199247.8611379239,127135.59990284074,180794.46707318362,33263.57978558546,-1799.5185098822549,21629.977202444843
2007-07-18,243948.64540759393,197021.3036829614,125106.10192150273,180118.81033271318,31037.5981442743,-5048.893783003557,16396.088540036028
2007-07-19,255481.51560904272,201836.61963462937,129759.29095422133,190615.05586574515,33775.39621211677,2410.462093434644,23826.947096778444
2007-07-20,239420.98843632004,184212.59646959827,111361.53459517707,169270.93428662026,11657.214211826089,-6286.062059187248,12575.683603686577
2007-07-23,239790.55476702467,178577.1301055736,110479.07005129378,164753.38939658963,1887.8497623994244,469.4154462213655,21355.86455392549
2007-07-24,203913.4786327161,150868.18244167627,80434.31747382692,131263.50375087597,-26015.540966582426,-23833.24643998597,1393.3463122058056
2007-07-25,241909.58971524387,161579.79934185537,85918.5351317754,191384.81617049337,-42396.99897779946,-21380.730201222443,5976.782942811148
2007-07-26,225460.90512954572,147137.8448396937,59626.1303639757,181811.66195388694,-74456.16935371023,-50012.06155945726,-18803.211938442117
2007-07-27,205119.4272640075,128935.93476625638,40788.80823886822,171629.4479165305,-104304.71463210223,-61880.84273609396,-35695.94533987139
2007-07-30,220719.9081538786,156753.19883049795,63013.6010866428,188392.70304738882,-82968.27174651754,-46342.22288871726,-19347.704176282707
2007-07-31,190087.77206429347,129015.1691977462,43372.90803158103,170255.21977154608,-110229.62356775999,-65366.50005119638,-39723.40403952943
2007-08-01,183784.85851145396,133957.00278049256,42442.48499593974,145602.53992237034,-102229.54709546815,-67079.54684971174,-37772.05059358665
2007-08-02,191787.2306051754,143834.76831419402,50642.20247819464,161218.17566460988,-102030.59242101896,-55530.85309019301,-31658.20126251781
2007-08-03,153762.28394674137,105253.08640447946,12076.188891067111,120088.36528254181,-131201.86088071327,-81214.07417960404,-55455.59172652112
2007-08-06,167059.91488639067,119672.02527772242,31079.89143173353,137941.26378953547,-120788.03524186497,-68271.27753994268,-38877.51825484251
2007-08-07,173956.77979017972,123216.43172561543,35733.57577046867,157254.25181294244,-119138.55432021257,-58181.27290122988,-31688.011155631553
2007-08-08,164880.50560015006,109424.61624079698,24168.116902565613,153387.02828514524,-134656.2851595242,-38343.34898439285,-11990.437277087904
2007-08-09,132221.62335622075,69848.15103160132,-8473.043622050245,110613.03113035743,-164816.18453598366,-65345.97548494181,-36459.45236601941
2007-08-10,129744.87546543319,77278.86032197358,-358.72959961745073,135685.7544521159,-152790.27466811976,-70427.33986969464,-39030.052332306244
2007-08-13,150197.73752052154,93392.4355512615,11789.956620976169,141928.46975450707,-130169.7607516149,-75537.69368493502,-38877.48581645353
2007-08-14,137073.89589814917,68835.42540730655,-12031.997246899831,110557.32701019544,-150354.0252321136,-99037.38365782998,-61130.53418546429
2007-08-15,104719.4720822155,43352.30610732583,-32597.526186694085,75536.67562396609,-171726.3657992133,-124224.13895124695,-81562.70753012426
2007-08-16,91818.77007408929,27357.720799197705,-44839.19739248064,48081.878899483505,-185919.04692142922,-132488.35723928176,-87551.3239622415
2007-08-17,135326.16160323366,60462.93591902904,-17372.125581857756,78669.51869043284,-155088.19414226082,-116303.75647241333,-69326.11139165433
2007-08-20,146808.11640535266,74855.45332718699,-2749.2700288467367,94187.55370095724,-144160.25574055457,-96234.64285123142,-58402.23530202957
2007-08-21,171903.7104752447,99321.67729794813,11199.585491600483,119623.72083392827,-123390.37590153223,-98768.04666755213,-59899.749500591824
2007-08-22,207711.11064207874,131099.87210995273,40113.97058909915,154863.26789663298,-100885.71412131908,-70208.97788276026,-39050.60770625321
2007-08-23,189531.15101613273,117856.46853667161,35287.272310920765,145772.5215612297,-116388.5528072479,-64794.963982706686,-33023.54804997729
2007-08-24,217914.89863637916,140090.17509136145,51904.69867455459,180544.82158475308,-99821.45280267173,-51674.897217390724,-18607.77423427882
2007-08-27,196041.62084329504,118631.4135522912,37018.866331879115,165853.73439977894,-107490.9509908073,-58252.245125273505,-28377.00193358925
2007-08-28,155084.54320003264,77956.1590249069,1037.9770700172812,125505.88752765881,-142668.35631580133,-85903.93200783731,-53205.08289038592
2007-08-29,189573.40008126735,111821.3810387849,33836.43547787484,166869.13234256918,-103331.71014111752,-60542.85840375185,-22771.235750295025
2007-08-30,189643.33168211346,107295.53118958732,26263.565330377096,170069.1204211614,-106403.66156139635,-69721.59782751687,-27018.506924236215
2007-08-31,218702.8057329185,138226.64794378323,53816.54316626182,204792.32962755725,-90779.81991856988,-53876.21493105444,-13855.048888117592
2007-09-04,248620.4674419911,163342.49043138602,77430.7944457102,244656.18458966122,-69844.94885332725,-35888.09460458798,4209.330623432674
2007-09-05,228296.69220627783,134168.49831861196,52331.76681750361,223014.18787088012,-88845.55665243842,-49310.41136890858,-7193.568627406588
2007-09-06,233119.23412705841,140361.94816872702,55613.86021874036,238279.82795463622,-81753.60418092592,-37579.859201556275,1030.6650942185806
2007-09-07,194019.16218737874,104216.98393176345,23829.0047105607,209073.9522816473,-107661.26109972139,-54829.93542625792,-15622.467572183974
2007-09-10,188545.27985429319,91509.75740888697,17095.796464817948,210028.1293387959,-104252.48182718705,-51653.38419956357,-12900.160004830053
2007-09-11,207098.46210841503,109003.53410735671,34130.556621680065,242922.39325610944,-91834.3479456285,-34149.893385431074,3070.3987382779887
2007-09-12,204166.0062899741,103151.75895730875,28059.626255001014,242291.6409711985,-89915.43430526237,-38371.71006378872,2060.762730327202
2007-09-13,215263.61753627646,116270.7448317137,35317.58749887003,257533.9041683066,-84504.68496388485,-7049.326136402087,19661.000544787836
2007-09-14,217290.61689850397,122691.29105406204,35322.30084834897,266083.47011161,-80675.35148650262,-3427.322922716092,21499.660790691792
2007-09-17,212531.9489074237,120265.18231712832,31828.216141722034,262886.5958384111,-84977.7885048042,-13537.881787917606,14713.864587871853
2007-09-18,275780.2462605627,183852.10759301658,83451.2162351606,317827.5275100998,-48897.54143677627,20764.364907943527,48529.6533720351
2007-09-19,289602.1655758191,199080.10259675543,97008.12874888086,320339.0841617576,-36635.771407979904,37066.15524598755,61690.024881419085
2007-09-20,281024.13576579606,197827.38532720163,95821.3381144961,330693.1060173656,-37271.08258057732,40567.011512340774,61115.23988193381
2007-09-21,303865.9494550843,220506.62725742973,109877.25874677606,354622.39473295386,-13641.468985400576,50637.372938404755,66108.33875575973
2007-09-24,299659.3930681656,219604.37345521085,109959.08738032385,358583.54280094756,-16978.753363782675,43367.837418427975,61169.57678175351
2007-09-25,313848.48405885766,227487.2234657248,111682.2713046402,375008.34978537844,-2888.988334794054,28883.817855030462,49544.17578037718
2007-09-26,328182.88181795826,238173.94644115074,120097.48844027196,388875.4606431843,15448.755778556708,22434.77066483301,47720.87616571586
2007-09-27,335388.44549718994,245116.1349228432,125754.12775031874,383282.3258478792,10933.121507899774,32242.546113150023,52124.41673604985
2007-09-28,323839.805281035,238810.15970722804,117843.23014996506,373766.71908961073,3999.91862703026,25208.261794725124,48231.68122952682
2007-10-01,336627.80294338387,258237.2226814935,138609.41162851886,397641.93419956736,18454.083106713653,48508.05797910018,65881.79976985787
2007-10-02,334615.8306509793,255746.63411874886,135505.06770671718,398962.4226896637,22548.30880209719,39756.91027985072,57590.78281236519
2007-10-03,319518.1725065103,242387.0686990541,121366.14106891581,383993.9235101857,12340.152749865836,29734.855367594344,48740.48868532988
2007-10-04,328597.77819554857,250384.69622107383,128233.28058791434,397211.13704017515,23120.139887809317,37204.07262586811,52143.06582054463
2007-10-05,344394.8847053607,265199.9771889939,141143.76578814432,419544.46954166057,43032.0909640975,42735.34705680648,57407.11828505497
2007-10-08,346096.9476041161,267393.2350037942,141052.84497075249,416997.7514551237,39887.76955500257,30006.05820164292,58077.728514010836
2007-10-09,358492.02410707826,282821.1157420266,154521.05223314953,425089.9102613414,51807.05884013776,48902.5737639126,73759.45949589559
2007-10-10,357870.3901680381,290086.42683948623,155972.0374107057,424587.4389121282,51690.141859965515,68050.49463770108,85920.6630857784
2007-10-11,341161.57507333823,274258.91700147727,142094.0188024507,399080.33717958257,38849.15063221723,63107.2885633791,79284.24453285933
2007-10-12,357979.830617707,292206.8191224647,152336.2016455772,421623.7625983043,54896.22202565188,71363.74801575017,86364.17262137053
2007-10-15,347364.4301953836,284147.67560162634,144053.9486611126,418050.2857167549,44463.41623141565,64725.5848613798,82253.01944464326
2007-10-16,333504.5552021468,272025.17933600396,138085.2509651765,404073.88602262514,28710.567593670916,61309.86617591338,82832.74918145812
2007-10-17,331574.619059653,273007.7889287254,141130.23473015268,421501.0106704149,30402.66832659317,57769.71318500068,75041.33263367953
2007-10-18,332407.3894737317,279100.60140661174,148032.01749244082,422466.46166786924,29964.125790674378,69163.36314928172,79908.55656173646
2007-10-19,282617.0458735835,229523.5596589163,102052.13508997575,375240.3436373758,-14417.45158353118,15938.455467826054,39042.25287963203
2007-10-22,279162.55348209233,227240.7250394071,104054.90471937957,386514.99647629494,-9531.01082656431,960.0148424162926,23648.2554046944
2007-10-23,326634.89881674293,267896.75125597283,135418.05387100443,433670.8040067449,37484.4814669983,39458.12731895707,46868.5027502771
2007-10-24,292116.64304307353,247605.34737565092,130786.97232035414,395405.64060204907,-866.0701298566637,40768.723195462466,50250.53390729983
2007-10-25,256938.1730967311,229505.32231482814,112996.81025303839,346607.1987153054,8471.592940934648,48312.91560091514,61438.708688264174
2007-10-26,275658.06652751984,240290.284009293,119973.71088013271,359513.42189605394,5175.086501595773,60085.155558569895,75885.77847523204
2007-10-29,284626.94926972827,246376.457695782,129710.06595937935,366745.0931790746,13252.41612090573,74438.42920490155,89079.3032455901
2007-10-30,274366.29218834924,232890.80771934005,116354.6015182278,348682.89626956993,-14769.088317237265,37068.77447827487,57160.42417728207
2007-10-31,300751.54598000436,251210.860755163,135671.8489037155,371118.6490131213,1907.920640783892,67497.63779466426,85995.38191784162
2007-11-01,277136.88282131404,228411.38137344067,111717.57542857625,351502.5722363009,-27906.855366348667,46991.80650258509,60166.15073749154
2007-11-02,291662.30834730674,236172.66251988182,123422.93200405926,366989.0782359819,-26083.59531525077,71947.29491939882,82093.72591015419
2007-11-05,281696.7318807305,224022.1799173974,116855.50436264054,357093.6719105912,-41961.9251328454,62926.77574110598,79124.04055999267
2007-11-06,318775.87447409076,250408.297142159,142418.35972931056,401079.22119743377,-11122.012735501217,96401.5834252642,109938.81855788047
2007-11-07,281050.84160195,216502.97118652787,107374.55193807938,365511.1960632531,-39366.03162195855,54386.59362171642,71774.73240402387
2007-11-08,269569.54706077557,201678.94678392,97654.2709683453,344887.4544235734,-62913.54549797571,62586.203995008174,83093.30643156244
2007-11-09,236731.20384651684,168447.89879229653,66866.53925103677,317619.0526968349,-96012.24758486342,46782.6297449722,65030.81778782316
2007-11-12,181474.31044171972,116699.21076198058,20356.347688065565,245952.97852906628,-147574.48530260933,-19334.186344956506,12308.539632890359
2007-11-13,203553.9149864894,150346.29389693926,55899.448080149414,280523.87011621275,-116447.34912797666,-3247.566985446447,29079.96778138189
2007-11-14,210458.45279140034,151865.99360156586,54075.75853218989,283998.96643105394,-116727.96844443139,936.7195194784144,31414.160679808956
2007-11-15,179758.0070103684,130748.16623451261,34515.515286361624,253874.53078965106,-130640.47700807541,-24661.89789373104,6885.7912550139845
2007-11-16,188308.80546727864,147069.64257106825,50021.551716919996,263298.5603211783,-108729.42844845267,-9088.967290077242,22127.04247808829
2007-11-19,162472.86467789108,114718.90348152937,22512.142488240603,233761.89814987918,-128957.11611956195,-27660.096976431236,8419.136023435258
2007-11-20,182446.95882407296,130237.17215007982,32628.866232693206,244705.9293319949,-113135.08770854218,-3571.6721435504733,31244.073399070658
2007-11-21,169918.05473453575,124523.84210688274,24382.060391250103,223989.8415556573,-126854.67180109033,-22152.51809989194,13442.06279760175
2007-11-23,187992.79988292488,144228.67160164024,44673.772214442,245877.49840763345,-104674.31802103754,7790.5516690756085,34938.75131728342
2007-11-26,176245.96474555883,135615.5351167069,29105.019387968252,230650.8914079625,-110336.3711157409,-11506.390751620853,12803.594688827536
2007-11-27,188483.7842442942,149084.2794933728,34789.668070253494,233227.73831476577,-106963.06107495511,-49075.11360127925,-488.0852351534122
2007-11-28,231426.24929478078,199054.14689353085,79570.14693323703,275915.159570093,-60233.289601872566,-28504.58693647262,18934.694747769332
2007-11-29,250852.96403983698,207404.44857321907,87797.67729729124,297842.44449075405,-43813.39652039117,-9841.208326781034,27944.30794199744
2007-11-30,254665.1564012433,217916.5620282867,96499.1168785023,296859.35892844264,-42110.31271306919,-7297.80067114427,35240.080041834
2007-12-03,256911.02106593762,219955.92282745824,95179.22119866616,304703.42812474555,-37274.68105333563,-2888.990143824375,40594.401627202635
2007-12-04,268507.7451609087,220172.95100264123,88871.56038270792,297239.5113964838,-39012.48988040727,-12942.618623375089,34508.9049656493
2007-12-05,290961.0374178245,244054.05809012172,111202.0665398443,328924.584170801,-14362.816185984222,3456.181550042571,52182.6464291364
2007-12-06,320339.7506978685,270977.1617393163,137679.7079841756,355833.8278365726,13462.29228680319,35083.85067117137,76455.06994562523
2007-12-07,328040.19958677725,272563.10382250196,138907.87455732576,365086.15994720365,20603.07924142103,38229.18527491626,78912.17017076735
2007-12-10,323866.59676727786,274514.88545759575,143216.59779069494,363800.5369440504,27938.8729317104,49985.96005718736,87702.2262690943
2007-12-11,285721.7108531936,232964.0733384454,110028.86157568236,339409.6127273571,-9849.700509686576,22416.184903754856,62003.109294031645
2007-12-12,315961.9722591399,257908.67085017113,135332.75657995444,366825.69674975576,11360.143629354337,55540.72049866432,84878.11031056358
2007-12-13,318373.42640852014,246540.82734440133,117094.36543820993,304157.65752986894,13165.012771527603,54849.02351894972,94810.18117399189
2007-12-14,304607.7247279354,228747.06896463595,104014.50035055635,305446.0948531916,2443.675327679419,44891.51258684599,81770.3486344683
2007-12-17,241757.23302665114,180094.90596108537,62628.589657302866,237634.89934728591,-45530.90629910882,-13235.36370816802,44643.80565150551
2007-12-18,246097.73589662084,185507.02010601285,69428.5617105914,247710.23409355924,-46626.0870109002,-5049.198738711011,56855.51988059513
2007-12-19,249726.65392576193,186038.03952179922,73895.52330642243,249202.7455825259,-49460.362837160035,295.531082271762,64616.429028507846
2007-12-20,275400.77486528875,202761.42504200345,92534.93559589374,271366.6741048803,-38594.89587756869,14301.826566579191,72272.58165538576
2007-12-21,304786.0468276242,226725.99682104183,116004.61262342922,290659.7842919924,-14008.57587517907,50133.09889021319,97403.04162612418
2007-12-24,323175.98078147846,242666.844244054,128709.07510891628,301246.305935991,2190.298443230313,60503.4154680247,106303.35723411149
2007-12-26,333482.73254985816,254939.74448705598,139295.0705606221,310936.0775852995,6218.487605630424,75467.14309529852,116278.22133421357
2007-12-27,327861.8776432345,241192.84260638113,125258.32790745607,297599.0254350868,-3737.5485735748407,57948.06304539531,104804.09897453985
2007-12-28,333148.12799673766,249034.84143614647,133054.61284935073,304595.64413742104,729.1964727787399,67191.88626751723,113283.23028749737
2007-12-31,321978.5649554232,241165.8915202987,124165.04083559422,297272.30685306905,-7973.568630876345,56794.31870300807,104018.50969365973
2008-01-02,319720.83451985545,234594.7479661718,115076.95959865884,297126.76699068065,-18832.34205244517,66162.96877903756,108087.31205377048
2008-01-03,324456.3980798178,244185.31982704598,118130.4753735596,317089.61519433203,-10672.370338757184,80505.04064302839,113354.78065463694
2008-01-04,266217.85113688564,197728.35511344273,78192.71096060454,285643.63591395173,-43220.257315773124,45578.376156510356,88574.7212912183
2008-01-07,249714.72637928603,177195.1239174216,56937.29396258286,283778.79595172295,-47331.003238982266,20716.56466223611,79800.53712521867
2008-01-08,228535.39924511223,171990.2563421544,44503.800760187805,278066.0138890593,-52934.40961322477,12341.077531013398,71046.24472656057
2008-01-09,224129.7332634615,166238.5460751678,50906.75269280499,291377.24225254817,-36688.19816167507,29083.435843515545,85997.03861639935
2008-01-10,211725.72837863868,170158.32320200212,55312.71001934336,307844.86849341576,-48536.73259427489,25314.37160277835,79532.26352113269
2008-01-11,182310.88885968958,148792.9836843917,36865.060237665355,298940.589706114,-69990.3024697302,8624.353382528498,58313.079171109224
2008-01-14,212251.29411917296,180555.7987810537,62934.31020273766,318160.62096230435,-44797.59645099297,50328.6678477984,84119.60256964929
2008-01-15,163055.96701648494,143634.87483476306,27238.053471172825,294168.1681707217,-77358.13748058346,7688.1320712279485,48352.40778759947
2008-01-16,137568.59165099997,102785.96275245248,-6557.831370860615,257733.192181583,-108459.48987465355,-39467.94687979387,17734.74023415362
2008-01-17,112478.56738396743,58765.0103130099,-49169.71720294727,240911.30907436277,-128296.61335854321,-98697.28894242007,-22570.931069984028
2008-01-18,108706.53379284142,54749.07577966735,-45069.09095204141,231059.9312698991,-143134.9217061039,-95869.71142158537,-26014.433932388747
2008-01-22,97097.13306448472,52973.83628811068,-62411.40455691889,239835.2894206246,-157563.45524200524,-106455.42239526892,-44400.23860201355
2008-01-23,77614.07306307607,49285.24219392414,-63334.527958378836,218400.32641173137,-176048.25404666914,-111428.56406020015,-35544.53825603273
2008-01-24,128462.45759107507,85328.87315204572,-32940.32617272962,246112.58417976246,-151107.04770065122,-80094.17952157924,-18381.103149555067
2008-01-25,123250.3459173235,85402.18927512765,-39225.363206923204,243203.51033765954,-178169.59077073727,-87839.82596401803,-29096.162764123823
2008-01-28,138279.43774631098,104654.14080471246,-25255.00117735928,260794.37841581577,-167855.36311216545,-71149.53520253283,-21620.039102700794
2008-01-29,118058.2171686488,96199.21059514623,-23608.847532789066,250163.8036907217,-173612.1603794313,-55826.945886365575,-17263.27036971705
2008-01-30,108344.16309121072,88883.42215370058,-25858.20254614084,239382.43034117846,-174849.4793990596,-54120.79944796729,-21871.029607301218
2008-01-31,126327.18231453528,103794.05411192297,-16519.631844672243,268899.4368042708,-161937.84807941105,-58118.683578156604,-15049.66785777425
2008-02-01,139123.46792397453,120887.2823405732,7536.571166364927,268438.4320387707,-150739.17550594851,-32063.44536392499,10290.295428812467
2008-02-04,140656.0877322098,124064.54325722968,8122.996234973434,257522.6129662367,-152010.11379942688,-29795.3868279663,14016.1602538749
2008-02-05,103337.201170106,76290.1037392577,-35774.81909704965,224092.05318342152,-181811.84275796806,-77883.3483192389,-24190.222849220532
2008-02-06,68078.99402943437,56991.88740835779,-47796.11226555862,209631.53797658498,-212111.20559023513,-101553.25406131218,-37864.9001176032
2008-02-07,83349.64708044776,63685.07871932603,-36249.07745165411,213603.32390928117,-203919.41317719634,-96750.45892006725,-29983.668791922344
2008-02-08,104280.52684790519,86779.98191344547,-15082.026381133917,238010.7368650626,-190708.7209500138,-89514.13724635656,-16861.457862177707
2008-02-11,134396.58666817553,116154.89998029268,12235.850750905345,260795.36238156288,-167962.2504700109,-58683.53666983924,12164.941809927695
2008-02-12,111318.71084160334,106435.96783195095,6080.318428646271,241733.94883332212,-177711.6518473031,-51732.16589519477,18531.31860863536
2008-02-13,138912.34719862242,129853.32738411457,33558.992022561026,253805.70703299379,-162048.1721600825,-33923.12726959786,39415.97008899181
2008-02-14,121281.11037594432,114240.81737298085,12544.371526075862,245475.56529287418,-183703.55090633818,-37271.01623789638,31251.478804825296
2008-02-15,99006.51342951087,102079.34073757367,6246.204825216912,228498.9868046729,-188443.26722742317,-39015.66753820993,29387.76206714892
2008-02-19,105773.66326491981,118795.0742238995,19956.698746251095,257283.54333295007,-193432.46643069794,-19999.9966098082,39027.417718024575
2008-02-20,112901.15532824668,136869.93449542165,35833.63626349005,277672.0739713602,-185755.90199086763,-3042.7316121038602,54448.64497797779
2008-02-21,86039.97841737825,112361.80742228945,15973.0516883773,257192.66216355268,-205655.54715007078,-18667.761951021468,39557.17599754842
2008-02-22,95295.30807768753,121963.79830201724,26548.03830686851,264314.43718433107,-197505.86743822,-10197.412347924794,46534.01813025474
2008-02-25,115095.20320514648,143242.43333527292,48246.410987920965,287748.38810398104,-188942.95838773562,10165.751346957877,64137.91266392103
2008-02-26,116896.15968224069,144624.51793096692,55285.72902362298,292500.86989349825,-184615.79785853162,14203.891983709444,72585.95620860357
2008-02-27,109710.21562592135,140542.56141927573,47452.06640396208,280529.44281222683,-184004.14577466724,14455.10391470464,66608.9506175183
2008-02-28,108395.52047206262,148079.88706162028,69872.78801026224,296450.5069637073,-189910.90070776368,36687.510050976176,79284.04873636978
2008-02-29,57466.12913035603,102240.00693120799,29139.317034474185,256210.71062051196,-233402.10031518753,-2282.6672314462994,46280.49227495449
2008-03-03,48204.17368702606,107838.09838636075,35723.02645637453,273387.2572238622,-241610.57196773944,16837.214138481075,56519.054931261126
2008-03-04,58589.62380353288,96294.6897468299,26515.395506207336,246772.80635081494,-224999.24228969112,-1206.6207106656584,45914.43291703449
2008-03-05,80242.54966571802,125339.02088210374,49962.94066912214,271850.3817459429,-210788.678976309,26032.56843927007,67220.64847272073
2008-03-06,54726.63459720411,104756.57782952212,31680.442301436447,254486.04322787788,-237879.29845742634,10799.80589335996,53145.71754522705
2008-03-07,40638.215226971246,83403.18856987299,12092.06787404053,216999.8666045157,-243761.48118607272,-13008.530489714376,35205.11422594445
2008-03-10,16640.69688363494,54090.34097313041,-12863.149494086028,189098.15777783605,-252902.31330412233,-35346.6007206261,14486.380821425322
2008-03-11,70100.95736712878,114043.50024114622,25959.042060481315,186940.99778544344,-202971.66203428025,18585.504525130993,58490.67210436214
2008-03-12,55921.813570077466,102114.22715316924,8653.956509410738,152745.40136033302,-212199.8122896775,5351.071616738562,46919.622008608814
2008-03-13,77656.84327595183,120664.27604826217,27465.091754754907,192004.25639908086,-197429.00485345323,14421.83922481713,51757.2553354813
2008-03-14,71889.89208509216,106817.27175900084,12411.699327068354,175842.6955738615,-201252.2657442461,-2641.2203231514795,34344.913402753846
2008-03-17,34185.63947478519,63361.77886688748,-21430.424680837517,155635.83525138863,-228259.3196600224,-41423.83114967538,10571.14257874518
2008-03-18,83274.27892836729,110532.83925764928,19849.887250226777,167558.15291655622,-184466.63830748305,-6835.305920854662,45814.77046821907
2008-03-19,35268.61896205962,51715.36517569768,-30351.992046108797,126646.6760536225,-216896.20789206162,-70658.76310043682,1091.6925341354763
2008-03-20,60967.21808790106,68680.03584145037,-26971.680420068675,116492.67436949801,-189154.02250580487,-75219.63927574773,-6411.390957448513
2008-03-24,102840.91050879529,98189.69606632793,937.8620095922524,141795.9241343924,-171926.27556683985,-53220.58409013555,10645.722683621807
2008-03-25,123135.39749933322,121965.72077675964,18232.6480332117,168764.892562909,-147725.62060887445,-26750.270616371054,31137.894858422616
2008-03-26,134612.48787028325,145497.85779092822,33109.415322605826,201498.25450492947,-119148.59126147808,9799.763789627308,50722.4384843969
2008-03-27,119486.25579184435,134047.37424571704,17400.1576201376,186917.5711124029,-129557.0910797455,-1261.4004994288262,41349.65958876098
2008-03-28,106877.8980162064,123258.61888533944,13201.304255464085,187732.43656421074,-136414.34063931505,-3903.5151441101625,39439.562052669025
2008-03-31,118674.9732949981,132951.38884989003,21383.332425357083,189413.04348098062,-125998.96459905696,-346.9761329292378,41854.97689278334
2008-04-01,161316.83811665876,165842.99094079784,52741.054163788176,199988.27931296855,-100281.50958527098,8728.538771713851,61177.489139210695
2008-04-02,175098.99604496916,179575.29650764997,59840.99441779235,206924.47691024136,-88763.01765042487,14641.922964832105,65139.8444792752
2008-04-03,189437.1182226904,195077.20305684232,72188.35143422888,215341.0251804632,-73636.7039420374,36975.64838404408,77085.76456258683
2008-04-04,216721.35539020255,223877.00097051103,93835.0854849618,246864.98517770067,-41266.61315744312,66282.10542430377,95853.57474973063
2008-04-07,212069.52810833912,225936.5646488706,97173.89168390658,255186.78954844605,-36346.321206922206,77285.23128206629,101422.20333816172
2008-04-08,232129.6353903466,238547.09224418984,107219.15824847354,278206.4362311837,-22420.241360220418,89001.8339739714,105170.63303158288
2008-04-09,211993.95441485415,237635.90349471945,103109.2492801079,272863.7683009842,-23949.47046794888,103810.88616221744,114787.3518437001
2008-04-10,228162.50251779225,244670.64211307146,111218.79733110912,281027.8315758356,-17965.413852304046,102613.76238814765,115166.6200704355
2008-04-11,196780.65732146477,217254.32271585026,84756.70276899118,260195.45992823274,-40067.31809832269,80910.84721757998,98865.20486072366
2008-04-14,221093.8913067395,237675.66725526704,98943.7856710135,284482.3181188118,-14162.41280468338,95109.96530380775,108967.19235446524
2008-04-15,232859.20801619554,247222.60735907833,107315.72797478599,302394.0746893121,-3291.5222464724793,101935.99688478047,104945.65188561863
2008-04-16,273242.12512681424,295431.9093691339,147969.95056474576,340070.81214654143,49024.031926119875,155504.50741096298,143733.19624926226
2008-04-17,262950.46883968334,283948.88694252213,139719.86058644552,329692.49802995776,31579.257693672145,147548.42382598863,143029.08663422894
2008-04-18,303502.3369970771,312675.20661368745,171026.36494261143,362139.9006506371,58282.24899711951,169534.3997060699,168130.355855699
2008-04-21,312952.17257449887,321723.22872285446,177506.4151058859,364715.9247145337,62596.36315663439,175870.56312715623,174887.51713394464
2008-04-22,303786.91419513396,307107.024004937,170038.47051463003,346194.0835572123,54931.64495813538,177739.2790542929,175253.74506025677
2008-04-23,291995.3191599148,301469.4336067205,162670.60662875685,351454.45033404726,41962.23100576988,163262.97423533857,161472.1693530333
2008-04-24,247554.97364120831,279693.63179050304,145813.40122057358,321642.7731205102,18036.084188952613,134417.49665200512,144954.84898487607
2008-04-25,282334.29923531465,302202.93758314993,166776.38495955235,374717.7613802319,41599.46429100123,162166.9493643923,163256.3175716861
2008-04-28,283187.6167236284,302134.75108358485,164097.97503242458,396832.32435194735,36940.302428183444,153939.68330813327,152425.4201804219
2008-04-29,249112.8163389456,276278.30439433723,138684.86027462632,365762.4530294681,-2038.894275471459,114364.63165681135,122844.00698849614
2008-04-30,256495.11371323958,276546.9186416755,143468.311782452,369108.5503479643,5066.977641604659,118210.99162652096,126502.23167230708
2008-05-01,238337.17727643883,273477.1985738231,136415.67739821455,371402.3095595848,-10848.155536071674,94077.70227898764,107978.18687355929
2008-05-02,252237.38989485515,280534.73169889924,147186.72090231662,384975.83326294937,48.98659168193262,117185.36211620126,122870.77864543813
2008-05-05,275111.1021507429,293208.180380836,158909.0934399938,409036.3123544889,13696.756894638871,130475.68330466888,132709.49487634507
2008-05-06,302483.1186569505,318608.1267071888,182805.57697625717,412865.64372534724,38718.025324878756,165917.24400015167,155949.92267442006
2008-05-07,279929.5614453167,296927.8634027866,164361.2912944446,385297.5484249916,22161.074791381165,148099.7840323847,141367.52742523147
2008-05-08,297768.4973510695,312684.1790858813,180485.62528926623,403414.941614836,39496.607867080624,159466.1131566555,159477.76261616184
2008-05-09,287438.0915609847,303445.7333724544,171632.07377456233,395638.3449112752,29606.564636716714,147366.84199249264,151684.791320669
2008-05-12,287710.0572697679,317117.6175907298,179348.69481217593,398969.73910227657,33619.37610111729,146424.67700003175,152714.35843672685
2008-05-13,311505.6715300073,348340.57875885366,201579.19029270142,415391.3605422063,47948.80595454962,164293.11232113012,167031.6073265987
2008-05-14,284975.60515808215,320181.1124352201,184626.07184271715,401599.3878663586,10948.685547443078,130204.52345004966,146793.0679197886
2008-05-15,301414.730745129,341251.38605042966,207188.41455034562,412324.215281481,22418.355771382157,156039.6444428758,168158.5138064064
2008-05-16,332349.9783805711,353627.4934140807,225152.9955848648,432039.5819349629,42881.08457085612,187382.74311754177,191462.07078476105
2008-05-19,335246.43704516033,355576.32039097184,222442.00520032234,432061.4672509468,50694.73358589368,182862.234194912,190249.76359762877
2008-05-20,356959.6616899445,371505.84692952444,232157.74325729033,448509.1012624815,73698.82654207201,201818.6327618775,204348.3284906806
2008-05-21,329043.55505032087,355776.99654552527,212976.79311954678,419763.1981427417,52951.57191663987,193179.93348385542,188811.73913748912
2008-05-22,313984.43957757734,342356.11945372546,206616.07203007228,403399.7746563337,40249.08296449944,183262.4755511151,182455.46239153304
2008-05-23,296097.92653280165,327628.78616144304,193286.94091522027,383138.90102426766,21159.624793817242,165467.05674394112,165317.60309817252
2008-05-27,283459.9585757511,316544.5342413583,191473.90103592433,370287.89908707095,6289.647801968575,153922.52340284662,157628.51031992305
2008-05-28,303219.9216247585,335050.3197125818,208405.17375834857,392911.68399580225,26128.42047859439,178145.7015861595,172910.67240811937
2008-05-29,258266.2345785289,300530.1893244565,190261.17701861745,353325.23473936506,-15079.714840544526,146214.9463097203,148908.08210199088
2008-05-30,272097.67789450544,315044.9152071669,197074.0661450602,367712.1494917667,-4246.405603918793,159847.94038006023,156317.22857074012
2008-06-02,283046.8303539816,322814.55898375344,194212.83429115446,379065.7205275172,11713.474612870054,163416.85312827193,156070.49997487085
2008-06-03,268622.4151167484,307556.94918556395,185123.4189915534,365815.89764509996,-1457.1994720406292,143238.69220010677,138086.8613980004
2008-06-04,253648.57438047603,291188.9972365175,178265.77972814598,354354.6018988825,-21464.45415177215,131318.2281108488,126995.21044911497
2008-06-05,307196.1793068775,333409.6214495191,211324.22437549016,414624.5023963452,29086.883072285316,173451.667666332,165101.80652907476
2008-06-06,290127.29153296724,315373.4086974356,189591.40291436928,393930.7572747659,15129.145248119443,162587.68508966258,150531.76709928448
2008-06-09,319150.58692505135,340809.74748538027,204120.81687196772,420625.3215407836,44426.831615249925,188146.64031066385,172478.2852879528
2008-06-10,291017.56434251333,310987.15676754725,187054.5599286665,383840.9664494095,8305.28529386883,167680.5424383423,153545.0742846067
2008-06-11,298309.31737372576,312281.90653934027,179650.18448795035,385724.21356595657,15901.303889240346,170548.38595720433,153630.51792074842
2008-06-12,283506.5730168582,293537.48171044566,166924.86894095415,374141.9610053253,-2174.447623186781,145194.35696529015,129345.60914357004
2008-06-13,302957.3101989571,314762.7242902703,184516.41041702917,391855.0732863219,9867.60328763599,162133.72355557288,138766.17597443692
2008-06-16,308387.9918820901,327632.82777430565,193627.79625700245,397654.16914405086,14507.30132368224,173398.58147870924,145798.37220893241
2008-06-17,324736.70679452195,339550.4768409063,200885.31359635023,414968.76424305595,38484.05984363631,178303.9763502624,158643.63716785086
2008-06-18,338377.2128263346,346162.0466399856,202680.97951861398,427519.1958961157,53615.10558960266,170751.01313041686,156104.61027600904
2008-06-19,302032.425798206,323729.21911726956,192418.87051715568,395952.4054395952,14819.74564819074,156536.2227275672,145550.43077403703
2008-06-20,296573.18063897843,314480.5885952095,179781.66641344698,391715.5043024271,12576.661194449553,144012.98325712432,137425.6815069629
2008-06-23,325363.5975924092,348030.77647763165,202411.1376764814,417094.6751727435,56655.73977105409,187602.64516451198,170542.75232743032
2008-06-24,297191.7722580639,318977.8771340293,177712.78669702954,389087.33632311213,22840.09346875892,155171.27961747412,145850.20218039735
2008-06-25,284576.9382097384,311329.3440611889,176088.18789628183,385797.39394901117,4250.996091347044,139219.42870945792,134917.4280242601
2008-06-26,273218.8607592037,302282.63437436806,155837.1013118575,371322.16418264544,5671.366027039432,140096.33374556052,126493.72791380054
2008-06-27,289799.09888871526,322097.1020115453,167441.79746102088,392717.16773443646,36899.50610524794,156783.92839208434,138642.53205860712
2008-06-30,296179.0782434295,331679.1539096891,175431.57388224464,395399.2565967218,48329.59178615081,173239.1952087441,153131.87541872542
2008-07-01,299882.4368313766,339967.2960851488,182702.3726053824,393475.3109892807,64071.597009464516,189524.79972009297,160445.13847995235
2008-07-02,238345.58346761714,281909.6570231961,136878.79589350452,364548.34011969145,-2664.1390370688623,123131.65789309201,109226.56779596784
2008-07-03,222254.3676966585,271099.0088970147,125792.9680242024,345377.4205493998,-21475.39189667625,114404.61104957112,95238.50307223469
2008-07-07,204778.59041741805,247523.12621349588,110229.73757702264,323522.5831090569,-51670.67444829133,83377.483870698,82564.24754702896
2008-07-08,205434.59002440388,243570.48259255802,109087.48259382189,341411.4754512874,-63357.66924718866,58365.1461766227,63204.51037334341
2008-07-09,183635.06016472384,217595.88536260015,87564.0710330691,307715.54186359,-96144.9802240767,33286.37790988876,43097.15277296289
2008-07-10,220140.13149610755,253212.43115357767,115783.40655848855,340737.19907969615,-55184.64932839939,70532.14923481244,69302.38121156518
2008-07-11,235880.93992781412,265751.17015648395,118603.61217423357,337709.6970764282,-38516.13798991782,86919.78002508628,73619.59412729446
2008-07-14,250829.1016567653,277591.8553973865,126967.74651711,344716.3727419897,-28059.43145097379,102312.86828101361,86567.27442318934
2008-07-15,215562.47847266617,235605.76857109444,94040.36830557765,307965.9007294603,-76464.20288965183,51445.443248324795,47143.64426838036
2008-07-16,202055.95818465648,221247.08181160918,89114.55084763102,316987.05131308164,-109139.91637134146,14754.886520188535,27015.9283802195
2008-07-17,170376.69217120297,192870.45639259476,81338.35651130199,296357.0837675965,-156123.57879089034,-23262.898105118715,9685.964300854
2008-07-18,177683.25808662298,202435.14760999248,77621.35965592004,308192.82933763776,-147548.29586360877,-11208.19644165567,12691.57370311455
2008-07-21,193301.45988629165,230657.77923178364,99501.33127310828,346493.94528925663,-129015.67968547581,30366.049762828014,47060.35490092217
2008-07-22,162319.57505201967,200632.47056943845,82040.29196816236,325842.7568874592,-153261.0372935739,-7896.018164902995,22082.114701431485
2008-07-23,168237.72898704902,176814.61492092354,61540.35239107585,300228.52909298387,-143699.96515424302,-59671.09255684595,-12921.810801076597
2008-07-24,145242.91370868403,161169.53255563727,35892.77968817877,276556.28532304836,-158019.5723952881,-59355.90992530533,-29527.74017633444
2008-07-25,161715.30234471866,176479.49085229763,51322.6530035809,297414.5970033354,-141919.80768805882,-41702.995707621434,-18481.24411849586
2008-07-28,142017.2886736162,167337.55289675924,38886.38880405975,274466.2177240505,-159475.8482884288,-39372.02133915236,-16691.192811196048
2008-07-29,137273.7990819366,159585.42211693304,44294.67459309671,279057.4204207253,-163563.50276417867,-53673.72456446458,-15427.94045982157
2008-07-30,178177.85369312155,213362.137021452,83976.48809718,333254.5503113114,-113923.09795383885,8235.068403242887,30177.12747746768
2008-07-31,102013.83997712421,160421.13671822732,46918.3220174017,259428.16735706702,-184998.8314662069,-23267.313600830515,-578.512164264439
2008-08-01,75057.62624562196,148712.49636228278,36751.358697317766,246602.8752030243,-210644.60706685277,-12751.376935552016,-10564.251647806192
2008-08-04,24181.934235747758,94755.49394133942,-5118.1296273025655,206360.45698009513,-252527.63831405336,-79063.51674742535,-67952.766953055
2008-08-05,34975.87007743551,104079.7091123049,6240.100797258288,211133.15175971919,-242458.420219869,-74198.46695754924,-60051.77525787323
2008-08-06,51107.00677671732,125495.92351843441,23253.124195505232,234380.99245372775,-221944.16310020594,-41894.43898229079,-30274.570642789622
2008-08-07,31026.04178647272,107781.299511143,6740.476607797027,218634.74767717777,-241091.77833647415,-51912.63603419256,-43171.06472852608
2008-08-08,28238.739098361257,96529.69760581154,6681.101457406694,225333.8185418477,-248491.2346387767,-79689.85413456116,-56422.431104021045
2008-08-11,27728.334918304055,96388.15172811254,6776.251897729846,226917.08243447423,-253020.57939876127,-85827.2899056309,-61467.098718817535
2008-08-12,28705.749752558215,94007.03027690426,163.41081263333035,206891.32362699666,-255969.19263600395,-82113.71300008037,-61662.71190204157
2008-08-13,54486.28907931519,128921.68474963284,25483.254263272407,232291.91077320772,-223880.86759696837,-35464.09011574453,-31555.125768529506
2008-08-14,44323.29010644564,117731.09102536438,16682.214269600416,222954.48879110985,-230691.42885129715,-46847.36186439604,-41613.31839223561
2008-08-15,30999.087482460218,95784.42611905743,714.3806477346382,202881.81113246956,-248293.78867823663,-74136.96470449129,-55143.03376431555
2008-08-18,26371.815155597556,85658.00186560143,-9450.152151137889,197851.2656170676,-254027.4812943139,-86058.63436474172,-64457.09300564399
2008-08-19,62011.604569660645,116695.72707294769,7836.913491496491,202330.5038804351,-248037.73223953645,-62244.9913215827,-48185.94229973365
2008-08-20,107393.93796980818,149853.1795113248,34667.47837163951,222028.57427505148,-232203.33737232783,-25705.283242379992,-14594.295853641284
2008-08-21,128823.7756394542,170798.34585927596,48594.77628497775,228585.51945791388,-222841.93235596345,-5529.231037121237,1209.2387350455974
2008-08-22,107491.62196440781,157598.31727129788,38539.73496320849,225112.52453142323,-224900.5563315079,-25472.459084317525,-11833.109476791316
2008-08-25,77146.4521843837,136788.8196411163,22095.664790888848,203323.93293695367,-251630.26872710642,-34928.02232544303,-24307.840505881126
2008-08-26,112321.15097731305,158672.30643544812,37925.937945183156,221876.2294244679,-244474.54617733482,-19252.362342168228,-11104.727310273047
2008-08-27,133328.8600921832,175214.87872045912,52830.320492275634,236282.22465101795,-235855.39276497875,-7117.456109588937,384.1302830350396
2008-08-28,119847.76469306319,167674.43251068232,44898.89986125593,235340.8905425663,-236483.15040018148,-31540.0242926597,-12630.776942722892
2008-08-29,112206.90363580071,156794.11143700802,34458.43829651994,228742.7003449532,-244781.04115313152,-45600.2134264021,-27305.651532935
2008-09-02,37311.13651429402,97774.84634022933,-8601.2366067121,191173.44696705168,-267220.4272167164,-105602.12469787769,-70665.42694177284
2008-09-03,532.8345418588724,74167.40756017955,-23633.965968967517,173935.11991552895,-283060.0408117041,-116012.4074632344,-84394.34729173139
2008-09-04,-14092.715333515138,53544.016824840415,-49147.22278638241,133144.14388240885,-304440.03288144775,-129578.40982147874,-102650.80425129784
2008-09-05,-3217.963506737142,53236.86758616627,-50726.36312012492,130921.57484052975,-303825.0811057995,-140062.6562489872,-104951.72421743351
2008-09-08,-45555.86292059538,31918.11606720426,-64672.27951899114,119954.9979268359,-319524.5033222625,-161320.7041891954,-110459.34887739742
2008-09-09,-128391.64438420831,-39168.358896464895,-122422.54405861865,68297.49466347552,-351300.71578340966,-229678.5927143439,-165953.73108238046
2008-09-10,-76466.90671606587,-9042.212456260953,-98200.5500905009,87959.33944624662,-325798.1749859299,-199554.74323530856,-140748.99522342283
2008-09-11,-46358.712286318216,18928.741375936763,-77900.28504352388,102943.96976271742,-298389.16705322673,-180602.9377132884,-125106.85014487381
2008-09-12,-14416.868542840573,47420.516174812765,-57905.49246520728,109169.32744930613,-292601.15806500736,-157990.3835597233,-103817.80801063926
2008-09-15,-89798.68803850272,-25362.813926799878,-116683.89605141185,49390.73925938204,-329703.281410535,-222872.41374845713,-157728.9097592503
2008-09-16,-66923.68634710005,-9734.890083435574,-100381.94586772843,59916.7921357287,-313218.93499456847,-185275.2515674596,-130881.025009476
2008-09-17,-79787.00544130629,-34879.012085989,-126787.73214551888,6283.6875532019185,-357962.97243129497,-214735.98745981572,-160347.69309797516
2008-09-18,-24166.976250890533,11121.404229922104,-93640.62439154065,40062.8514213695,-325069.55438695755,-192850.2210443438,-132870.25040573723
2008-09-19,41584.58059736118,71810.04094746495,-43276.598502317516,85640.52723523391,-306059.04768610554,-120571.92447959929,-80656.03594413212
2008-09-22,12896.41828556202,38837.16144220488,-77207.10383063227,56387.19106775486,-341197.10777147266,-150777.57338837505,-110086.00232689141
2008-09-23,-20435.27266172936,21376.14725251995,-93783.14369154465,34610.927503501196,-355816.3585292279,-168303.07895415885,-126335.22700343264
2008-09-24,-40251.19405470319,14547.969528017667,-98183.02303461806,20638.997344071322,-364614.634656025,-173857.93697583172,-128182.52893938647
2008-09-25,-50642.24252921531,13005.63928341063,-91021.43487634821,19194.445383368846,-364856.6182167783,-152377.86002823838,-109751.75378168616
2008-09-26,-96979.62328445993,-10996.624892224267,-107520.08581810805,10138.984923499127,-402629.30792933353,-156791.3339666428,-115249.56202392449
2008-09-29,-172666.20788168727,-94600.8889213363,-191327.51946497866,-109447.38237848355,-460419.91029863467,-250220.34633126843,-197967.34795499043
2008-09-30,-136197.60938986368,-51259.54142859597,-153026.7772833313,-54425.709953296944,-433614.4868658751,-208227.2973775001,-159485.7433952061
2008-10-01,-174480.96242475216,-83511.88854848797,-180219.64424525277,-81048.07921223227,-459098.8904382304,-232619.21925942018,-178745.63025479898
2008-10-02,-277740.6137137568,-165438.61544005675,-247185.270891003,-133930.98163778044,-550453.9912247418,-291498.7334171337,-230230.32078739651
2008-10-03,-280408.7004070448,-170680.67454485132,-253895.37875418816,-133165.88896185503,-548338.5080152808,-290862.5038730608,-235506.07332257315
2008-10-06,-295111.04614855,-197861.94280078472,-279566.60781724134,-172403.0122410354,-567991.544421292,-310739.4178623206,-273674.4871454694
2008-10-07,-332835.7414886014,-240267.56207860663,-323167.8212036562,-215567.7530345205,-605610.259293847,-355039.7236550943,-320034.02783412696
2008-10-08,-302003.5417761767,-220640.86737186078,-308264.3017009275,-204245.93079090986,-588007.8353797727,-345729.0325658093,-321487.8771689088
2008-10-09,-338389.98066210956,-258330.45732659253,-354907.84200052486,-255050.28017115308,-622361.7709657298,-399536.5125665706,-371620.8753169325
2008-10-10,-343523.3096211507,-274240.45522484306,-361023.4540644954,-292423.3942479412,-624478.7784217128,-422636.0865201523,-398208.45214248775
2008-10-13,-254266.48869703748,-180800.6305858508,-278557.7353049569,-193201.55686275667,-542404.8617020901,-338985.2781815298,-306812.0360292162
2008-10-14,-271975.211243385,-194249.13165695395,-291452.6259478209,-223384.61934427894,-554251.0305582434,-353079.708704654,-317483.28602445126
2008-10-15,-359131.52249028435,-282788.68680015806,-375506.6084705649,-298216.9679548058,-634744.1246034493,-446809.74707756157,-407273.8164497885
2008-10-16,-339548.41905839037,-253346.52031041193,-337506.69406273443,-263563.6792978477,-607258.6722953387,-387378.6005532168,-359523.87039966014
2008-10-17,-342816.4808663763,-253368.71077568873,-346997.74301201606,-258249.89558756462,-622652.3914324798,-390921.8078942211,-360179.43837870937
2008-10-20,-317297.0219116714,-224678.700531509,-306903.09930242656,-224454.42814296312,-594569.6479475804,-340017.6028474979,-319293.50627987355
2008-10-21,-347212.17749566806,-272491.59451884433,-344774.40258737264,-230519.7543588301,-641227.7743870178,-368902.7916919689,-347754.0679369148
2008-10-22,-421000.0460007135,-337468.8557982799,-403757.6230045902,-278171.58523427043,-706102.588431186,-414950.31918880506,-391524.2201939001
2008-10-23,-457583.69958951423,-351214.91956904676,-410235.23440758383,-248927.46477891513,-711228.6541972425,-393623.15947853663,-369518.87495163805
2008-10-24,-473223.337594579,-379722.59513088595,-433571.9329421488,-263529.1979490023,-730355.6453606558,-418413.14186642104,-386611.8602868055
2008-10-27,-491481.4537747813,-401338.0252169934,-455524.68177298404,-282671.7257404709,-759050.5930461223,-451297.62423133175,-413300.14930362045
2008-10-28,-415640.3978692467,-302153.5614933321,-368314.4207614601,-191534.9001390333,-686308.9256628137,-361278.5696299527,-320614.1905569603
2008-10-29,-418922.3639144312,-305338.40891743696,-367981.9967027531,-227307.1600569524,-704294.7357172475,-360286.92196014605,-339331.5157559423
2008-10-30,-369126.37894297944,-272133.82273827784,-341426.64750282705,-202658.13447717263,-676633.087352755,-345461.5165302097,-321991.75665470824
2008-10-31,-312622.1260584153,-235294.56846662372,-306236.95782146754,-172184.03166370545,-644830.509594177,-321327.73113162315,-304624.333427573
2008-11-03,-335005.9020940824,-258054.06645461376,-325799.64179357263,-157920.97616866342,-661522.9561347696,-334206.79088867654,-308653.24517963524
2008-11-04,-364247.2105165601,-253151.13775707193,-297235.73836461373,-132233.85184707394,-724194.1404890576,-299034.4840377452,-275828.90195842204
2008-11-05,-423108.9072434739,-313299.25461016555,-357022.91879328,-185481.18904871924,-752292.5560884489,-350233.7363306566,-329494.2729554741
2008-11-06,-470531.2872077568,-359636.5157393156,-399064.567644911,-235400.3751739152,-781715.5043526005,-398001.5658525687,-374078.1126511409
2008-11-07,-442092.5200150143,-331861.7648011389,-383961.0517036756,-212776.54006399703,-765248.1975303715,-389857.97903630545,-355849.3036359641
2008-11-10,-450610.90565242793,-343262.1322418479,-389823.95465445146,-224830.7355626803,-774885.856142556,-371994.5464571763,-352039.76763137704
2008-11-11,-474138.28468588996,-363535.66441491654,-408497.90791841847,-241878.08069726726,-792575.5533584317,-388338.83897543716,-364869.0215806526
2008-11-12,-518924.4240573681,-420128.51631700783,-461801.98487566685,-290639.3692621101,-830218.955021117,-442525.8541893355,-410001.43274520896
2008-11-13,-444689.8031326901,-349270.30621969496,-398890.0606495103,-228575.3835747192,-782737.2645716165,-373469.55103133305,-348755.14638769446
2008-11-14,-496983.80384099507,-398964.93014478893,-445007.1303598842,-259032.30699772405,-814025.7490281165,-408846.3124079185,-382490.7891058869
2008-11-17,-539878.0706381573,-435212.03873244394,-472619.04408259474,-297743.31418694777,-839041.5380907322,-429304.84452959616,-402951.80423761345
2008-11-18,-539705.9508490376,-435680.80111663695,-476245.9364265801,-312722.23535087117,-855034.3720196532,-419195.2231094486,-405130.6204179558
2008-11-19,-614321.8076927197,-505368.0071493465,-538714.205548113,-384614.1929384738,-909052.8315813785,-471208.0810250064,-459482.4041608741
2008-11-20,-672136.6017972297,-547947.7607584671,-593050.2039459322,-448288.5241759229,-945788.5166834483,-528366.4448961983,-514180.5882687378
2008-11-21,-615438.0560330278,-486862.0789047945,-551484.0886275582,-422725.58700390434,-901333.2145442315,-482724.67567166575,-485808.26639740315
2008-11-24,-614971.1198407881,-452336.4060931019,-508783.28188188514,-360729.2259725993,-902640.5681683674,-443717.6472331344,-453948.6616044812
2008-11-25,-614375.2248454338,-444527.661272643,-499681.14884273085,-361878.96573939605,-908771.7721079896,-432647.1831010917,-445797.36356437684
2008-11-26,-590279.9278022323,-416455.1560970889,-469610.15027416695,-333268.2072227424,-891967.8998550551,-395226.3035965336,-415705.5394648968
2008-11-28,-593311.6410938664,-420878.2982093358,-469659.01657514065,-318256.43121912464,-894951.9729712142,-396617.35005280684,-410623.8691347946
2008-12-01,-659968.0233620027,-494504.7450107743,-550077.275137372,-433464.3999304979,-946555.482253264,-497914.6558443501,-489487.82858928444
2008-12-02,-642020.8268125334,-463532.9651652549,-513748.0256602802,-380180.3265885647,-923675.2481404683,-454390.69140444207,-452693.50598536164
2008-12-03,-639359.2550569532,-437897.0814294685,-480139.8636007288,-335811.32155851205,-921832.6597556283,-425880.9895763583,-414364.6914591243
2008-12-04,-653066.9790566161,-454490.33673835907,-498018.64147996966,-361664.0739547411,-933949.1595798661,-436596.0733071342,-428931.86041875574
2008-12-05,-626123.7441732173,-417470.45229499484,-460287.88765258284,-308190.7280951698,-907166.8595865277,-390950.9270054835,-386273.5953059528
2008-12-08,-600131.7824485404,-391041.8362612949,-437932.47314605274,-282609.0341982094,-900167.4783041512,-361470.48473763803,-370238.28698963276
2008-12-09,-646699.7921100137,-433460.4866282224,-474629.8423906474,-334714.2351634235,-935568.2365630285,-409651.87510079367,-406201.6682918117
2008-12-10,-637277.1014983398,-432944.433439608,-462185.6856039146,-356746.32458153245,-935553.6154861185,-417354.508738248,-408627.5591355602
2008-12-11,-656420.1440350458,-465764.83646467986,-507283.34269423666,-411532.7947968141,-946274.7738034795,-464037.7403546739,-449322.6408423654
2008-12-12,-675854.5741578806,-470715.50058128225,-500245.39597603824,-381346.89620452316,-955056.7528260908,-459490.8548643709,-442163.9924221563
2008-12-15,-685470.3873639487,-478986.68689589365,-512238.1994158847,-395508.0502081111,-960218.0910428375,-472340.12004768074,-457297.5771962944
2008-12-16,-648522.7222258867,-420603.3110254237,-454710.3383194231,-330660.8170864699,-928724.9430254673,-403212.29695027415,-399370.4192086926
2008-12-17,-636416.3144417685,-416856.68359376775,-453530.13116817095,-333036.28190880833,-927308.2957541117,-398698.13252666197,-407917.8689073879
2008-12-18,-661638.5567425357,-429062.07707830047,-468328.7022970979,-336872.12663429015,-937441.2696719094,-405254.7948478272,-417991.5571943593
2008-12-19,-680297.8030818136,-434670.0138040184,-469163.36057891184,-349692.418544976,-943730.3586935371,-409441.4874600377,-421047.344553382
2008-12-22,-687100.5416974642,-431295.6964995325,-468738.66153890267,-362096.63718450186,-950533.0973091876,-403082.59233582264,-415414.07649174926
2008-12-23,-691698.3857573561,-438818.80633729446,-474756.8269806115,-371470.68496675714,-955130.9413690795,-409415.9997693872,-425189.6764525616
2008-12-24,-683220.8045016206,-431312.44012490934,-468450.9841687767,-357935.13585305767,-946653.360113344,-404935.25111749314,-422274.3697720103
2008-12-26,-684686.1702808272,-432447.9678148479,-467602.1292146373,-369311.6947014888,-948118.7258925507,-407644.37750754406,-420930.1136035321
2008-12-29,-684366.5021651216,-434823.0608694071,-473396.82448526134,-365832.26965614874,-947799.0577768451,-414239.11318484205,-425965.46889267984
2008-12-30,-668425.9278379531,-416438.16347233043,-448986.20572494366,-343848.72040548304,-931858.4834496765,-397866.3524289686,-405161.109759146
2008-12-31,-654217.9854147136,-406492.4069166678,-437105.32192064845,-314463.65363834746,-917650.5410264371,-392158.70787907054,-392989.67663942755
2009-01-02,-643250.2736346507,-393141.0843413883,-422911.49042419664,-283095.6453283825,-906682.8292463742,-373763.0883371022,-372874.58999891643
2009-01-05,-641032.9858216685,-398977.6067997195,-430881.4280816899,-296735.7936485825,-904465.541433392,-382752.05472029303,-383320.75941806514
2009-01-06,-666231.71425242,-423742.7408466186,-443474.5302696823,-309002.9073147578,-929664.2698641435,-405884.5644718452,-396681.39237660787
2009-01-07,-672457.1386047459,-432581.898246341,-456552.9009981788,-340662.10149710724,-935889.6942164694,-415812.1415450827,-411416.2251478918
2009-01-08,-687418.3612046966,-440609.1279954745,-461268.18688959006,-338121.5325350529,-950850.91681642,-426712.9315385501,-416468.32205559214
2009-01-09,-696903.0723119357,-451412.0345181998,-476014.1083269651,-373581.9501329087,-960335.6279236592,-437151.7773492413,-426606.0071869
2009-01-12,-694731.7335649792,-452246.28042643203,-484779.1462634606,-409251.89436264307,-958164.2891767026,-444755.6436913777,-438636.14645943284
2009-01-13,-691758.1593278996,-452783.8083464999,-487189.3407033386,-409367.7605500012,-955190.714939623,-438224.6001725298,-441227.3452602288
2009-01-14,-704877.5312419022,-468911.8260215247,-508524.3444046348,-455715.9278450724,-968310.0868536256,-457925.57083155244,-465447.9107165789
2009-01-15,-696703.3515855138,-463322.49766749423,-500120.02846876404,-491137.92812757735,-960135.9071972372,-452100.65860618924,-461324.38793907105
2009-01-16,-684398.0117162131,-450970.2261925013,-493936.5186634511,-452744.0110526977,-947630.5673279365,-441202.88748437056,-457205.25280354137
2009-01-20,-723396.6699552535,-508093.37423949555,-550681.74485479,-543514.0327861686,-980999.7716820624,-515451.7782232663,-509816.901036993
2009-01-21,-697416.1271118651,-482890.8315562575,-526864.7853369853,-472286.66020347306,-959725.6997599968,-480951.4571091522,-482207.55401842884
2009-01-22,-703011.7030732458,-503467.66008804436,-539481.5766042995,-553313.9845980246,-965519.9830428676,-492614.8138579292,-492491.7676512444
2009-01-23,-713032.8876898778,-510455.5330686136,-545944.108765783,-534348.6794781698,-979371.5746971505,-506240.33158320806,-501563.7062162158
2009-01-26,-705672.2878291352,-506403.1105550268,-540868.9508030332,-537736.0286844869,-973629.5795183361,-500843.14808711153,-492783.4053571853
2009-01-27,-701496.0866511029,-497572.2980413156,-525810.8133878306,-530476.4921493832,-971641.6820796517,-495703.9081280918,-494753.01073770557
2009-01-28,-684550.3541394423,-452531.3156508043,-490722.1732797789,-464720.3042407607,-954708.8231166879,-433734.8682624449,-459402.0773126439
2009-01-29,-703756.869429256,-487856.18216768524,-526376.9355669145,-497878.5615504334,-968957.2349384923,-472582.16568170744,-486447.4448270257
2009-01-30,-719335.9855483251,-503984.841715084,-546639.4549029326,-547854.4100607531,-985852.8716696413,-478294.0499142863,-497000.8478741795
2009-02-02,-728690.8415639393,-508945.786104165,-552390.0976759022,-595276.8242716626,-998385.3093251996,-481265.74336186814,-494950.0338973229
2009-02-03,-706709.3603794258,-488221.2270501555,-531140.6405827045,-578532.6906488872,-974803.8399779056,-473799.08730052004,-478331.95879249444
2009-02-04,-713465.7411110221,-502003.89454815566,-540934.9785682271,-588474.7188348977,-985323.3516867281,-494250.08676449803,-495913.8864547031
2009-02-05,-695361.9760532993,-490402.62611772725,-531034.603386693,-551778.410687597,-972547.2099761396,-499171.8274344415,-491682.2461524832
2009-02-06,-674704.0166846238,-450654.543772021,-495460.7269608526,-487700.94289637107,-962071.9985672393,-458517.6282070355,-464938.2715980683
2009-02-09,-662108.7577588197,-454919.8553436268,-499735.91731163487,-479378.15915860434,-948650.9091998026,-457945.8350739815,-471142.610274895
2009-02-10,-694982.232676113,-505673.67502050876,-550079.3978743356,-576284.5641434258,-974493.4130314713,-511420.6252434256,-516632.4556756315
2009-02-11,-691659.0817255487,-490534.32146452717,-544304.9010441871,-569819.2586902785,-974753.9277073389,-494557.46944943693,-508383.8720824746
2009-02-12,-690033.7085006261,-495804.22781711625,-539690.6501597147,-560930.0894101599,-971989.8220774975,-496589.92807088414,-508007.66496705706
2009-02-13,-701659.7645860229,-511187.6532921019,-553917.5304151783,-591232.3152865103,-983657.3603169785,-516168.3232345327,-525010.0842184888
2009-02-17,-724880.5804481047,-541049.5988880052,-586962.0464134634,-641294.874414013,-1003898.0575080838,-545217.8113914304,-555015.5398779591
2009-02-18,-722045.1505900151,-544595.2239308043,-588634.4489330914,-650376.209324375,-1000199.2539666956,-540072.5899433105,-548838.0119262383
2009-02-19,-718719.9935055652,-554557.3042485798,-604131.630625673,-675464.374280429,-991388.3854536713,-555299.113303255,-559414.1514667877
2009-02-20,-714389.6888218333,-560471.8935786166,-606043.7150333412,-678129.1913287438,-991417.6104800717,-572351.2665628943,-574088.9143127913
2009-02-23,-737621.8687643672,-584325.1351594647,-630991.5749196834,-699531.0977007827,-1008209.9908304672,-588952.8669073654,-594486.1341014525
2009-02-24,-716133.1009855793,-558958.4094980016,-604015.9848633341,-675123.2982583867,-988353.7095552849,-564701.7684539423,-563690.7334702357
2009-02-25,-723789.5963844962,-561888.1820487069,-609710.7317302322,-683015.1039263008,-999043.7804613654,-567799.9765035503,-569922.3524289614
2009-02-26,-767961.9666999357,-596393.4892267853,-638042.0127689728,-705193.320318256,-1044520.3725799989,-616583.5664170474,-601575.5455754048
2009-02-27,-787809.8513537816,-611728.0673170289,-650035.1529072018,-726862.4785981254,-1061303.1008383238,-645566.8806257171,-617987.7878679462
2009-03-02,-804292.8853893856,-628586.1037614075,-672344.9815063053,-760269.7650445297,-1072194.1909695542,-662962.7151585621,-642354.771679505
2009-03-03,-787781.6620230768,-626945.8807474296,-675566.8645813394,-754571.7107906688,-1053360.9091728313,-669359.3754830477,-650610.0359234568
2009-03-04,-776820.5564036291,-616845.4129592741,-666310.8190400173,-727104.3184457178,-1044486.5393575435,-650713.094213655,-640900.4801490149
2009-03-05,-806614.5665529965,-645755.9079752993,-691414.6431395065,-755135.0149052867,-1071713.4071979232,-684533.9800866651,-668989.2270585948
2009-03-06,-790176.4389407798,-633495.1847725864,-685250.3000345826,-741082.9588921238,-1065077.3591019001,-673774.9948714091,-666014.8395887185
2009-03-09,-801809.0852256378,-644002.6843449629,-700532.9911938667,-744403.0709564607,-1074311.1929539929,-676296.8753254573,-678491.2015878662
2009-03-10,-775656.4097994328,-613237.8595528976,-668108.2903467125,-695635.086947899,-1050490.6153318116,-649929.4681822684,-647935.3599614061
2009-03-11,-786550.3276766749,-623785.8058674264,-677106.8692905197,-705042.6578749698,-1063553.4092778082,-669484.9078425202,-657722.1654192887
2009-03-12,-758785.967949531,-595834.3226345942,-650008.4453430029,-678923.4598033461,-1034451.9335464167,-642547.7790812207,-629939.6849813476
2009-03-13,-752703.0951878035,-587377.7272251388,-644498.8268113135,-676732.4914362006,-1024707.0376754428,-630456.8916146315,-624617.7810317581
2009-03-16,-764619.7363135765,-594083.438727431,-653198.4576120125,-677326.6926049944,-1033716.7096138862,-637087.6406061029,-630980.2627182036
2009-03-17,-736584.4314361783,-570754.4818230872,-629181.8105773708,-655685.2173231218,-1010466.1006475041,-609135.2049980492,-600359.906066578
2009-03-18,-736941.10739856,-577792.5729689931,-623078.1268451995,-644769.287865061,-1032832.9646763727,-603554.8849275076,-584965.0900145923
2009-03-19,-750325.5148415735,-589616.5394805338,-634905.6188671429,-656159.9668316415,-1047946.7949164385,-615055.2564755584,-596816.0356573662
2009-03-20,-761639.3282357445,-597671.2250583372,-642569.9658920914,-673752.8739533685,-1056054.1394835138,-623127.1071445431,-607489.450698905
2009-03-23,-737914.3139233934,-568818.1865379374,-615210.0305645368,-636779.7972873932,-1032329.1251711628,-587897.1584081883,-569762.5597653487
2009-03-24,-752779.3496063725,-587144.7019937676,-634551.4148959769,-655456.1060433611,-1047194.1608541419,-620404.6236789845,-595010.216436746
2009-03-25,-730638.902636149,-578253.2044916733,-628995.5228059941,-651691.6346925125,-1025053.7138839184,-614116.1498509703,-589716.7938294577
2009-03-26,-711331.794140432,-568452.1508155067,-619470.6324564856,-636414.7152334343,-1005746.6053882013,-601050.7522601862,-575714.3536673293
2009-03-27,-724109.260575212,-576567.4946145363,-623352.4527867727,-646730.3139881938,-1018524.0718229812,-605883.0675311766,-584761.7850113086
2009-03-30,-731129.5576093955,-574558.2155323372,-625839.3889441072,-654651.9925158324,-1025544.3688571648,-600046.0396203257,-588151.2326669614
2009-03-31,-731016.4329245201,-567201.4987956982,-613446.0674848639,-645954.2901677078,-1025431.2441722894,-590570.8348378483,-576233.2572379112
2009-04-01,-726692.9201085776,-569226.4543941774,-613668.4932266799,-646284.7750550517,-1021107.731356347,-598735.3531665363,-576929.8427157961
2009-04-02,-728509.953441669,-579339.4405747973,-616531.4101680683,-651847.6722851959,-1022924.7646894383,-612896.7812582476,-579337.3917084951
2009-04-03,-733372.0538960277,-589534.7032268636,-620664.9578289766,-649902.9451027568,-1027786.865143797,-621263.0535024072,-584167.9630127171
2009-04-06,-728829.1125768077,-587886.217979495,-623316.3878732454,-633555.3783461419,-1023243.9238245771,-612227.4254241978,-583570.5166174284
2009-04-07,-738914.2739616558,-592105.1218282762,-630988.2584028719,-642186.4774010307,-1033329.0852094252,-624421.8941845058,-593741.5444926338
2009-04-08,-731262.8452245924,-582644.0343216985,-621122.955098632,-636380.266848128,-1025677.6564723616,-617230.8057444491,-583529.099303937
2009-04-09,-719987.3419429061,-576968.5872687732,-622115.4077755556,-624625.1795864169,-1014402.1531906754,-613271.8918992397,-583541.0099790193
2009-04-13,-730647.3759037273,-581989.098662968,-626340.4407121654,-618796.7820624767,-1025062.1871514965,-614233.2293533173,-587222.2781777246
2009-04-14,-732550.4497625004,-587893.3958117563,-635109.3694644195,-634537.7260426442,-1026965.2610102696,-622444.1272131172,-597148.3727956755
2009-04-15,-730606.780446776,-592120.8172435348,-631363.1842336765,-634056.6066646812,-1025021.5916945452,-641081.614372186,-603018.700626419
2009-04-16,-725416.7461066933,-584818.3202478607,-623698.2207495702,-631264.2755736694,-1019831.5573544627,-638248.526865037,-601232.9976568483
2009-04-17,-722206.8966271373,-579181.3150818928,-620496.2809956248,-639050.3410568163,-1016621.7078749066,-626153.6084633176,-599974.4730150403
2009-04-20,-740825.0790766731,-588236.9900219714,-640019.7307971674,-670321.7038334413,-1035239.8903244424,-637244.4736060954,-623186.2368931278
2009-04-21,-737512.1154783253,-579446.6528572531,-627566.38088917,-675108.6273574514,-1031926.9267260946,-633258.7142926027,-621399.309709984
2009-04-22,-738838.1601269697,-589194.8650433263,-636098.7214173679,-663464.1284517121,-1033252.971374739,-656179.1899922522,-633712.837243942
2009-04-23,-728355.3657246697,-579966.6089798597,-631665.9355153282,-654409.5328190807,-1022770.1769724389,-636858.0403701892,-618026.1302051921
2009-04-24,-725798.137413545,-586307.2605220831,-630482.8054975399,-672673.2159840341,-1020212.9486613143,-632340.4591662165,-618630.1121144431
2009-04-27,-720510.0732226832,-580709.9716810129,-629990.349634208,-660710.154308184,-1014924.8844704527,-624672.6216292575,-607568.8874113373
2009-04-28,-726733.79123079,-582102.8161717642,-634563.9921955711,-653177.0549868298,-1021148.6024785592,-629458.4052489005,-613750.5549312029
2009-04-29,-744744.0381346024,-592723.4116796136,-632760.1573705105,-662029.7803310239,-1039158.8493823716,-635277.8435487306,-610926.950293173
2009-04-30,-742698.5398673834,-596870.1634594226,-636037.1842530997,-650324.1958744491,-1037113.3511151527,-655205.7085829258,-626675.7895498979
2009-05-01,-757202.5467212189,-607493.4990170127,-647933.6844094504,-662860.0024719832,-1051617.3579689881,-654781.0705611844,-630391.1547488681
2009-05-04,-737791.7094663724,-590939.169554223,-629014.1047422895,-638741.994461816,-1032206.5207141417,-643679.1156443933,-615304.1144507801
2009-05-05,-740363.859751886,-590187.57938175,-628234.7320284015,-660399.1595681007,-1034778.6709996553,-640914.7935665443,-619807.9105840009
2009-05-06,-746754.418572642,-597148.3391702338,-627954.6900644128,-664904.37589772,-1041169.2298204113,-645776.6072365165,-621267.4950846615
2009-05-07,-757323.6588475695,-598731.3802584396,-637057.4227478765,-672831.0345883331,-1051738.4700953388,-640471.1184497816,-625801.4213439197
2009-05-08,-766685.9726096232,-600124.8009477184,-637436.3707254502,-675554.3159201277,-1061100.7838573924,-629999.5715789073,-619956.5121411964
2009-05-11,-758980.3278823354,-597424.1324952074,-641331.4526777506,-684386.0761851253,-1053395.1391301048,-631201.6872409739,-622017.9124268088
2009-05-12,-767470.8496696518,-598602.3343453414,-644264.3105259582,-698231.6193264663,-1061885.660917421,-624273.4121835369,-617584.1641258332
2009-05-13,-785314.1298627576,-613667.2061097525,-664078.9664240788,-732376.2527985878,-1079728.9411105267,-632742.247223208,-629597.7035933399
2009-05-14,-774653.6389870985,-609769.2656777913,-663504.6538857773,-715774.4658732556,-1069068.4502348676,-635072.028734455,-626737.3709783313
2009-05-15,-774839.5995248655,-617760.6198875216,-671205.1798306922,-706091.7122697334,-1069254.4107726347,-649827.8321345057,-640223.6092463396
2009-05-18,-744557.280171316,-595264.6519865977,-648317.1736107523,-668031.8904019227,-1038972.0914190852,-631367.361106481,-618245.9333505294
2009-05-19,-748937.5270445857,-593107.7614781904,-645408.0398324905,-647380.0663333418,-1043352.3382923548,-629109.6497795657,-621106.76643495
2009-05-20,-771208.538182972,-607088.1792674608,-657031.3809612446,-677274.3823366847,-1065623.349430741,-618456.1872093423,-614842.6378269213
2009-05-21,-782339.546168768,-619229.376841665,-666125.3957419443,-702398.5967401167,-1076754.3574165371,-631671.6160829335,-626711.690220611
2009-05-22,-781657.5701098999,-620556.6943276151,-666951.4875631514,-707047.545835406,-1076072.3813576691,-631531.9264724985,-626236.9009694937
2009-05-26,-734920.3602513118,-585870.9624929337,-631452.1963020697,-666002.1856332441,-1029335.171499081,-603881.7755873171,-601600.4369265581
2009-05-27,-759270.5219902307,-606035.4097374118,-653612.0973359024,-687017.7573178121,-1053685.3332379998,-621466.525783687,-619557.7875916831
2009-05-28,-758436.9702539183,-600331.5579239689,-649935.0695609893,-657601.7807049497,-1052851.7815016876,-609745.5207410543,-610055.6454653454
2009-05-29,-747948.3865179076,-591343.7976926304,-639562.5642718285,-619349.6926258651,-1042363.1977656768,-601354.7798613553,-597986.4315041432
2009-06-01,-718855.4662029659,-564326.3678660416,-612675.9014487804,-554953.2044762644,-1013270.2774507351,-585846.160916946,-584674.4880335146
2009-06-02,-717413.0773391447,-559054.3419884434,-606826.5081567566,-538440.123705081,-1011827.8885869138,-584418.5486856446,-579279.9352696893
2009-06-03,-714332.0987676121,-558448.1770941021,-607333.5315816507,-573738.1138507617,-1008746.9100153812,-582020.4785176603,-581327.4356676036
2009-06-04,-714280.6053435797,-560562.1301367508,-606688.0892890627,-555448.2296883513,-1008695.4165913488,-576836.5591273191,-574141.2968477305
2009-06-05,-720948.7079193523,-563477.1472825326,-607515.5642632976,-553382.2825554874,-1015363.5191671215,-578294.4057530588,-582742.1815273796
2009-06-08,-723827.7124294867,-568422.8652294815,-607600.0378191179,-562119.4069048179,-1018242.5236772558,-584973.1081672992,-584476.1663015534
2009-06-09,-715001.127490028,-565706.5480181115,-603783.6356812934,-568836.2279162769,-1009415.9387377972,-586750.8108798857,-584053.6253869195
2009-06-10,-724209.6188429132,-572134.7961542481,-606930.7182146106,-581353.7250117451,-1018624.4300906823,-592608.0403018389,-589978.7328251207
2009-06-11,-742083.744765823,-575936.758149387,-610519.4317816,-565819.9647435934,-1036498.5560135922,-586272.1969935284,-587979.748238509
2009-06-12,-738894.4543183189,-575522.9364863002,-607155.9647593922,-568592.9607574812,-1033309.265566088,-581489.8375039669,-588044.0629138949
2009-06-15,-751119.474855734,-592293.9712810918,-625386.9330232288,-603825.0416633746,-1045534.2861035032,-603683.6677945966,-609965.2931957495
2009-06-16,-757943.4068365246,-599112.2202353263,-637590.6231275517,-631499.3470411452,-1052358.2180842939,-604832.0870708477,-616478.2059000139
2009-06-17,-743249.4083437945,-584426.870282989,-622426.5272088828,-645010.9292406241,-1037664.2195915637,-583627.8864059162,-600968.2405169461
2009-06-18,-730840.0755457317,-569102.2503860414,-613615.7321191186,-627828.8032582218,-1025254.8867935009,-566854.9879472188,-592182.9796591792
2009-06-19,-722612.6345055426,-564176.5936170386,-610885.0250760784,-589896.2032033391,-1017027.4457533117,-568965.1452667733,-592019.2012585403
2009-06-22,-742872.7689593444,-581014.6987988274,-635088.2635372425,-665300.4713298485,-1035686.5091687489,-600912.1155981404,-619245.4387552758
2009-06-23,-758353.8273766099,-592394.2511656913,-639691.8232807842,-675991.8814415451,-1045545.5365071847,-600159.7040260747,-615773.3550368296
2009-06-24,-769947.9483648621,-596536.1551547775,-634194.583741533,-639741.3518723426,-1055919.0306562718,-597576.0810417862,-612875.04556372
2009-06-25,-740400.2254828473,-569045.9016795787,-611830.230207825,-607159.1115059436,-1034015.972777483,-576683.410046961,-590260.5542651534
2009-06-26,-739264.1753621211,-570542.9902792299,-614760.2926179073,-612754.5560126958,-1033693.6157001789,-575373.4253860771,-590584.6618373868
2009-06-29,-724780.8832195877,-559517.0561557311,-607528.0469249194,-612391.7566947158,-1024193.6412287179,-568978.8025358368,-585961.2272264146
2009-06-30,-732206.1276385363,-566401.1370320689,-617431.7117607013,-617881.9931331312,-1029386.1645775998,-574594.6519179704,-596483.9310970831
2009-07-01,-728225.3953131739,-556662.6489952145,-608078.049898688,-601313.8386311629,-1029806.5994815709,-569980.4805873762,-589462.1385099444
2009-07-02,-759945.0520921806,-586995.2647699034,-638307.9479561326,-633462.1925055982,-1061058.904582705,-600790.4697250004,-618639.5215403195
2009-07-06,-745431.0061714876,-571304.8623152996,-628000.7401055831,-679055.4020883369,-1037996.3885212258,-595827.184040784,-612272.6918111296
2009-07-07,-760772.2197621264,-586902.2717730372,-639280.993189337,-687139.6722090824,-1052574.5634097883,-589032.857040967,-611375.0139386681
2009-07-08,-710705.544712858,-558982.3938100121,-631431.29578807,-676669.771116602,-1008023.0201368687,-567832.6993457313,-604676.9798015817
2009-07-09,-716283.8770153739,-564625.4606851523,-632252.8565421916,-647123.4757720176,-1011778.7417308862,-570589.8127757543,-606758.8811766284
2009-07-10,-721259.7995755712,-570074.1539787654,-633937.1350886688,-644687.8455528999,-1014537.8214190748,-577646.1627212069,-618197.9781800173
2009-07-13,-694654.3881458731,-551832.2326458686,-612201.3266628257,-626468.8085535554,-993540.9675321758,-556408.7744661449,-590898.9629627084
2009-07-14,-688301.2689107492,-542631.7947258147,-605793.892901206,-603523.5579985928,-987799.0494227218,-560705.042099139,-590528.15609782
2009-07-15,-676961.4084377895,-532557.0627245016,-590025.7922991319,-551976.6433138385,-978908.4241384936,-550499.6263613828,-577061.0334521221
2009-07-16,-666943.9191546782,-519046.32506373746,-583999.769290157,-519059.75122369285,-963211.3165474308,-544453.7722417943,-572983.6464084442
2009-07-17,-676680.3770361866,-525605.5622339763,-591392.9108962772,-515891.2178399954,-974036.2787772377,-544861.5766820662,-571289.658430695
2009-07-20,-662644.5297436013,-512860.9276985402,-580732.6536088441,-491139.711556078,-961814.5186339255,-543674.192073801,-569528.55292015
2009-07-21,-676764.3948192132,-520564.10407353105,-585652.7536296545,-497978.24118321337,-971310.7678151855,-535618.5206850158,-564621.7447940774
2009-07-22,-679930.7936345172,-518993.50501804333,-583172.7085390659,-481862.70795728115,-970285.5927501407,-524020.3368106185,-560057.2738401571
2009-07-23,-657891.5674329962,-497214.679300929,-559277.5809010714,-433416.58330137446,-953493.8122049067,-484077.5583881348,-538289.2904972485
2009-07-24,-653966.02625432,-505072.2497093997,-561880.4833496002,-431785.6995188764,-948829.0920744609,-485631.49014946236,-536590.4684606356
2009-07-27,-658034.4566853103,-510561.42971232254,-560918.4951943241,-391305.0162056541,-954184.217987391,-467037.8979022221,-528283.3868677411
2009-07-28,-656750.1164989446,-507164.61836640147,-558923.4420963706,-375460.0434650558,-945601.9906489969,-459364.9064190107,-520773.43390657136
2009-07-29,-651218.4525653103,-507836.2233418504,-559224.1788668595,-406923.56207942974,-943734.6411936699,-461550.3389390679,-521501.6190148363
2009-07-30,-625751.3945268429,-489969.3869758591,-547400.4691320054,-350344.0081645452,-922888.7979274977,-457777.09132046805,-520277.66373220156
2009-07-31,-635688.3926568099,-496416.8398656058,-545442.1794436957,-338618.2377771846,-927930.1716899206,-437896.4347898418,-512783.757546504
2009-08-03,-635145.8530775703,-493305.4750497502,-538397.5257532363,-282863.53151296364,-938784.1729109486,-428956.42280369473,-506427.2397793089
2009-08-04,-659495.177552126,-507527.0937454707,-544402.484040597,-279588.2347190416,-954045.6324004551,-433969.1628990901,-506514.15396317927
2009-08-05,-658481.0188683565,-509373.35711505415,-547719.4246490475,-234611.25107513805,-959892.2273605047,-438907.41309218114,-515247.4828192369
2009-08-06,-664777.5701691373,-518777.10507751885,-551351.2946466437,-262787.91695410805,-966618.7686923754,-449533.48631734157,-525094.398909148
2009-08-07,-638239.4308678255,-498402.5659966319,-534595.0246065927,-234707.57956757362,-940338.0774673554,-444065.8436117967,-521856.1024791047
2009-08-10,-657912.3135655227,-506769.619744534,-541412.2203289889,-242938.27438790776,-961367.2815725415,-448677.107138245,-520900.29388043575
2009-08-11,-674794.0601971669,-518933.0211979547,-547948.9539668123,-286151.4430924518,-970507.9017176764,-442199.12675942306,-516329.4435787607
2009-08-12,-669315.9492940299,-512856.0080438155,-542209.2224653295,-267721.6564304704,-965613.3347995933,-442257.47778263874,-515623.1124918439
2009-08-13,-669033.0184641886,-511217.73975424754,-537432.9951070105,-220545.29607092217,-965015.5710922506,-428775.2613829841,-511237.8702611043
2009-08-14,-686314.9211988639,-522604.70319221687,-548056.3434289349,-231859.15938193095,-982272.9244210066,-437185.3965169893,-516540.37572108256
2009-08-17,-699760.2901443555,-540949.2815886092,-565528.9465943305,-291623.8186128039,-989732.9907036015,-458770.7158636539,-533442.7162541706
2009-08-18,-682566.6286066679,-527714.8325578863,-555288.8296346181,-263165.47739707923,-977180.1417983294,-446548.00080510357,-525800.279071272
2009-08-19,-675210.1597405716,-520731.3820410272,-550283.1346797929,-262376.4381293378,-969553.098418077,-445022.87039732386,-520087.79878797627
2009-08-20,-657552.4462489751,-506108.4621857444,-539659.7674521222,-238026.7989854631,-961686.411236956,-440272.487160397,-513839.5128088927
2009-08-21,-648469.6737706185,-490080.09297509387,-529041.458104136,-218883.7492774729,-952906.2794551257,-423962.0357560736,-502567.412007492
2009-08-24,-673415.1520585768,-506621.261264608,-544073.7911643516,-234227.83822266015,-977290.2672425988,-439000.15557215945,-511052.6836358055
2009-08-25,-643317.3447276129,-494916.94924926787,-531425.2977136694,-207161.83573506976,-956412.3203301362,-433189.0570841629,-505647.17863530706
2009-08-26,-640659.394752429,-493531.0886727723,-529762.140053129,-206864.08663453948,-953960.0018690382,-430619.1540352381,-505796.7000952386
2009-08-27,-639951.8168003401,-493633.1702852657,-528969.9200859279,-184381.9873699757,-955641.9748658976,-428094.64879323996,-504853.38881122053
2009-08-28,-631067.3554013456,-490517.91361818294,-529537.2051051337,-169219.4026617462,-955056.0136636388,-425665.1452922031,-504972.3253558063
2009-08-31,-650123.5672752513,-502106.1753646746,-537988.488428473,-164497.45900289714,-967621.5929104466,-425338.5990795371,-507413.8611837431
2009-09-01,-694535.5899331109,-534611.7095760693,-563163.7461702218,-245797.801873623,-998358.3669374468,-455875.58806065464,-529484.7456427823
2009-09-02,-707314.2392844945,-543033.1611199668,-571831.287118115,-263397.381003786,-1005327.8927249005,-472449.33659761766,-538325.8112138245
2009-09-03,-682957.2155166563,-525071.5188321797,-556077.688252562,-227579.59444802467,-986148.4690870771,-447135.6695905797,-526033.1495830294
2009-09-04,-681422.708743074,-519238.668072646,-547163.631088463,-208422.64881711637,-991355.4228598145,-440153.4871182057,-517136.8315519274
2009-09-08,-659065.119290663,-504095.4478169771,-533576.8611287543,-205136.76680786075,-978097.8824601469,-437698.43074080173,-514339.96957695996
2009-09-09,-650819.3713497883,-496090.941311979,-523734.5802368652,-169585.35339165537,-972940.0583452723,-431487.9758660397,-504103.41526722204
2009-09-10,-644629.1431389871,-488632.73737803,-517275.4572836398,-144376.16490598783,-972954.0115376493,-422362.9026511206,-495822.20650544896
2009-09-11,-664905.1550841205,-498151.3085578023,-524416.1375376467,-150728.8449015185,-991007.2742737106,-427135.1111191511,-497867.65771747165
2009-09-14,-662111.246399998,-499775.1734803496,-519786.1507102946,-129009.46089119781,-991055.7972650488,-416987.10544201353,-490995.5934257313
2009-09-15,-643884.6346990638,-490056.48724288616,-514485.1923803427,-112706.12976027717,-989332.6579713864,-421746.15033032815,-494636.3693375644
2009-09-16,-616267.744048015,-466515.2706993453,-493615.1444506161,-72473.50908455765,-988279.9688341831,-407855.5857908703,-489597.7499816382
2009-09-17,-648435.7863172167,-486817.6960996059,-501743.41707732854,-91723.55587774185,-1005275.1616839174,-415001.1355740735,-499636.9859675012
2009-09-18,-649214.3638595914,-481469.441985989,-492903.42133278406,-93500.5327277786,-992835.8044376957,-409981.1329537417,-493333.0366783208
2009-09-21,-648353.7848411113,-482932.13621590054,-493702.9608805744,-95414.30857792922,-989536.6789112398,-414864.5785514139,-497224.0945358342
2009-09-22,-626939.7876042918,-463868.0571283281,-482649.4379459412,-83890.15255737222,-974833.6733289926,-398664.9722854138,-490558.98372864554
2009-09-23,-629217.9265704026,-471192.4301923152,-491933.0250807887,-114534.48669023594,-986053.1258279383,-401886.1058841907,-498030.2345181082
2009-09-24,-647727.4056718023,-490582.5707751345,-507527.6308901808,-153853.0355864084,-1002037.8345423151,-415076.8986811245,-509488.0469148841
2009-09-25,-652020.0020765828,-501882.60266971425,-515933.7205805578,-164631.66433742538,-1014873.9426365241,-428664.36804465065,-521141.9341662082
2009-09-28,-628649.3238095324,-478296.5341904642,-493466.10270897736,-105232.339768515,-987031.180990532,-409686.259767519,-505369.4365354694
2009-09-29,-626862.1159848758,-480347.13757625053,-495632.4472774587,-116572.9053017245,-992919.2877218118,-407639.2157606019,-505688.3974047801
2009-09-30,-637486.9987943129,-481585.4618561109,-494179.2995076696,-120756.26858921685,-995804.6584354127,-410638.23828444275,-510773.3978187659
2009-10-01,-681948.5332860835,-515176.63318159716,-528834.4205596467,-189899.05565175926,-1034260.9233720064,-436756.78586129507,-537771.5574423787
2009-10-02,-686508.7860895727,-524059.64397100307,-537872.1086753254,-194775.30279374335,-1035321.1990003525,-445577.7818380373,-541791.1702118932
2009-10-05,-648883.6232572979,-496928.83562720683,-521453.2895886329,-159898.68467149284,-1000506.6602597411,-426885.1356600542,-528178.680090879
2009-10-06,-643877.8509136272,-483563.54388059414,-511523.69588869583,-136329.8682425651,-998661.5208441165,-411415.75296806294,-512223.10030554933
2009-10-07,-628121.7663079246,-478560.50813046494,-508262.24203547253,-131730.48926555764,-992507.7904520623,-405040.84143727657,-505554.635919494
2009-10-08,-631814.4061634404,-478159.3826106354,-508549.58981100004,-109052.05847987477,-999288.1937640782,-397511.85537334275,-507311.775020388
2009-10-09,-621118.5802906812,-470206.96258590405,-502444.8175337032,-102205.59728515778,-982448.4545843141,-397006.88736220764,-495870.1046553942
2009-10-12,-597738.4078492895,-454622.70421884046,-493840.10980440513,-103627.24512915935,-969939.4861733333,-383202.55075699027,-483886.87153273233
2009-10-13,-604598.7739366041,-458069.9349635893,-495681.90136866504,-125892.12716928445,-978345.6936394265,-387893.5323455763,-491671.54629407934
2009-10-14,-577112.0721613681,-431548.736472927,-474868.7854323965,-82044.00807460534,-956674.0884974757,-368134.1951417585,-473801.72155333485
2009-10-15,-581931.1297349755,-435609.13246154215,-477232.5103389858,-75374.11149651598,-967123.7673926873,-373395.818538812,-478177.64172021777
2009-10-16,-616296.7918908233,-457156.8070452809,-487069.50192026765,-112318.75821359329,-996512.1176911786,-376769.21535798063,-491819.57231074397
2009-10-19,-593285.5431869825,-431150.59288897546,-465867.6086324128,-98577.46308794203,-969943.9708919026,-358184.82855232985,-468910.52000434324
2009-10-20,-599732.2614296143,-432802.04475403024,-473302.1331375676,-118752.55632979277,-955461.452639427,-361731.69215461204,-476726.6766526041
2009-10-21,-608574.0059078682,-442731.73740269337,-478889.0301128864,-138592.91242315542,-952309.0103015876,-342913.71152751776,-473096.0770205947
2009-10-22,-596030.6746146551,-431917.92542868585,-460633.01621424546,-112796.99457297767,-939583.6608612235,-320633.5726159144,-452821.83672889916
2009-10-23,-637758.0147826752,-458194.9545903498,-487989.74644008896,-155095.8593074413,-962021.818666872,-340219.8007715151,-476144.68512909574
2009-10-26,-666003.6529824187,-477171.5650916168,-508127.99682217446,-207102.2357755157,-974869.1412100396,-356045.9485420568,-491327.9373214127
2009-10-27,-698260.0485550347,-508872.57281862095,-535003.5910711342,-220205.30179190257,-1002069.6737159181,-372250.46886596445,-497574.61160391907
2009-10-28,-734727.428282208,-544163.2573405686,-574521.0895458267,-267129.50038648787,-1032642.0938523066,-412850.9457011991,-531706.2292526151
2009-10-29,-684044.2329695437,-501706.7460326726,-540342.9283860036,-175292.94032118894,-1007796.3495113794,-370848.2845260254,-484433.452804406
2009-10-30,-707781.8863737942,-540680.1961483303,-576450.0165756402,-207401.4148316973,-1048153.0555182634,-414295.764691243,-520160.19384976226
2009-11-02,-696459.0900082163,-533184.6173726232,-568323.6893092844,-209170.07082914608,-1025191.8206415123,-391262.0488881031,-499703.11578870704
2009-11-03,-674966.6014062134,-511423.06375230855,-551963.052526988,-176722.31406767436,-1006960.4295406844,-372582.98802194285,-478498.9481118644
2009-11-04,-693281.9484196085,-521097.480011334,-557129.2483333683,-215558.93002835184,-1005627.9109898614,-375261.4953853175,-480585.5864629291
2009-11-05,-666396.5491788542,-489522.83180922666,-528665.1450263931,-199581.17688850232,-986638.638702325,-356442.69612212095,-459223.4717483751
2009-11-06,-651505.1023010298,-477324.4125359742,-513038.38676198595,-197994.76826179633,-970839.8694877087,-347517.6682601019,-457089.4176876376
2009-11-09,-618790.8839170203,-443220.0904638668,-483777.20178901637,-158913.35438321065,-934587.7008018527,-312384.41485330474,-425281.03052478936
2009-11-10,-619188.7551661781,-447244.1110870041,-490591.7371001788,-155680.591652852,-934940.6620579679,-310229.69078563317,-424830.4533552731
2009-11-11,-601648.6252303894,-434372.8697051464,-480368.3186120627,-136886.04462947874,-926150.7928835838,-312048.4036837849,-422380.7477322882
2009-11-12,-619903.2202813823,-447193.2096901328,-498915.85122832324,-167432.6605116392,-935666.4653906949,-327349.78509997553,-440099.9050252416
2009-11-13,-611597.3509621135,-440831.0763415673,-488300.22239331395,-160152.47923279565,-924359.9968906463,-316833.6892363319,-428335.12946114875
2009-11-16,-580900.2848272779,-415772.73931294493,-467166.9354803286,-137920.18254044902,-902149.1341570022,-293081.7647451138,-407769.6854620362
2009-11-17,-560505.8615784892,-398960.55999045516,-463741.3132832325,-141600.81400368808,-895376.8635304149,-286391.6728907438,-402074.6763017441
2009-11-18,-569528.1788239739,-407571.0728893108,-468604.37204738526,-136859.84287221334,-903111.80310394,-294003.5819397968,-407864.6443009259
2009-11-19,-599141.0513869666,-437743.64435422135,-491781.8760080431,-166160.79688972287,-932676.7144623197,-312199.41836840886,-427018.48034095974
2009-11-20,-612364.3821991935,-443401.868401762,-508366.0304401996,-173027.97136299108,-942783.9838996651,-320115.0646656478,-438572.9922595266
2009-11-23,-604685.6320853562,-431461.0069409547,-494680.89392739837,-166777.70392906244,-934799.8475576221,-304737.719829859,-425710.2146822376
2009-11-24,-609884.3403057166,-437240.88955484,-498866.70395524905,-179371.61158966474,-937191.8799357993,-300410.4418303647,-425958.8727462509
2009-11-25,-610542.319431016,-434732.9238371945,-492870.98363987776,-176916.86140081007,-928424.665579815,-304245.13404156896,-423227.38006630423
2009-11-27,-644400.9915499015,-466265.3594807216,-521459.77600987675,-210853.70750350694,-957772.0431800494,-333613.48185177863,-452752.2662246319
2009-11-30,-647460.9474130592,-461792.3713326512,-515297.52240873687,-207946.129071677,-968618.4053428685,-312592.89427763474,-436293.57677123323
2009-12-01,-632391.7306605768,-445691.467866565,-501430.6916170788,-189337.45743841244,-947740.0624770529,-313469.7546624085,-432729.08964271203
2009-12-02,-614236.4730657608,-433031.4885462024,-487437.6061223465,-168461.54593075733,-937069.1762398749,-312192.957370537,-428591.60323280696
2009-12-03,-630880.1889024513,-443180.8212928471,-502045.26712727756,-184198.87866005668,-939156.0596609903,-330952.17753362295,-447453.8655063097
2009-12-04,-620689.5720369358,-433454.5872103762,-488840.84195953363,-171955.74405914271,-948938.5834051735,-330304.5609018438,-437783.8340465123
2009-12-07,-630842.8406203797,-443742.35786142317,-498273.28188489564,-178392.8390210484,-958176.4736297382,-346077.1003938937,-448929.70468576567
2009-12-08,-644462.269756523,-454084.3583015871,-505301.7807099683,-189865.64247933668,-975078.3048286503,-360245.41637958674,-454288.74260253983
2009-12-09,-646638.484086578,-453457.66649602924,-501677.75891780056,-189966.10696240456,-971809.3921328065,-343446.61531663017,-446591.6599602957
2009-12-10,-637804.211702131,-442704.29090151674,-492624.606587371,-179012.45232749928,-964683.3778783643,-338217.09465615405,-439690.3498563519
2009-12-11,-641586.0556321989,-447033.96701447427,-490767.2942776609,-175960.94558807762,-968746.2974189309,-343769.74502285954,-440234.12806367944
2009-12-14,-618871.9612000333,-426417.5884481186,-468463.51392592484,-142709.59333341892,-943295.5761476316,-332219.8402588692,-428740.2465134713
2009-12-15,-621810.1394581228,-435110.0335749097,-478842.5757313511,-149890.67120118882,-940818.5118386501,-334031.3454645813,-430056.4735808647
2009-12-16,-597933.0432029981,-419816.312021586,-459177.7164060587,-130188.26443182562,-922851.6584108808,-314990.96158209065,-418318.96043859
2009-12-17,-613111.7819469603,-442514.02185040544,-478836.1994034927,-151606.55784986098,-948896.8205692382,-345498.91354122845,-439045.7477818167
2009-12-18,-611770.0617874339,-437984.36882752064,-470807.50159170455,-142621.03065328163,-945128.3351907984,-331448.72258739325,-433328.4775468475
2009-12-21,-582530.3942276611,-411556.99226275715,-450908.38144953357,-126713.70556658017,-926756.2457187386,-319576.11385104497,-423842.7649268724
2009-12-22,-565713.9023857096,-395060.6959116992,-430924.62239591865,-88603.7084547045,-910651.2317217408,-313021.4858567029,-422813.6293398435
2009-12-23,-546484.3594839971,-368447.0961372671,-415888.63555860665,-79216.49295961246,-883026.6289304653,-306348.77821407106,-421273.8660118945
2009-12-24,-530058.8463855623,-357910.71193919587,-406232.5807907281,-70956.51222224359,-875050.7247220946,-298977.97317926836,-414826.370626122
2009-12-28,-539694.9013840766,-363938.26931123435,-409255.19972011325,-77055.29918003667,-881995.3705497268,-303048.37586976227,-419629.5995696711
2009-12-29,-549616.4176501877,-369438.8678018872,-414262.5734983085,-80555.2163760193,-897830.2167182213,-306202.7004446422,-423858.07058156136
2009-12-30,-558666.378738233,-371289.15877855255,-415032.0387384243,-90885.76323820635,-901740.4227910013,-306052.873411399,-420143.11939907196
2009-12-31,-560541.4798167284,-381931.3879345901,-424559.2044103072,-94762.36591352776,-903594.5070883804,-305394.2620146473,-420598.78963360994
2010-01-04,-531750.8088874023,-356503.44404797914,-402071.14648866013,-61598.34867979758,-875935.406493276,-275185.3478890836,-395362.15092366387
2010-01-05,-490133.1436234918,-320859.1135008428,-377564.67379798094,-17346.01505681104,-841829.1319327779,-248786.32519847527,-383165.2675157953
2010-01-06,-483208.78156770184,-322237.621322403,-379892.5990838155,-12679.885206024643,-843875.2978845916,-227800.06394899415,-371791.2041475167
2010-01-07,-482805.4909989593,-324173.60056190984,-383081.3426355566,9589.810722930124,-858792.0947137683,-215452.32120169082,-362709.72294827324
2010-01-08,-471739.1574809066,-316013.64758134447,-374458.8788662548,16808.613423134608,-835500.0753698752,-217258.78998182062,-357720.8779277786
2010-01-11,-481355.38878435304,-319417.9029777689,-380578.17625482543,16088.936363036046,-838987.3819245033,-215795.42152218608,-355306.9474699089
2010-01-12,-518940.4069129663,-356906.95476912265,-407078.8055967704,13632.93208583878,-863863.5796946989,-237516.3839346544,-378428.7897859711
2010-01-13,-482352.12031268096,-334165.6182837674,-392811.9277270896,36114.45052165745,-835005.3352566586,-234370.3381898395,-369741.23288602196
2010-01-14,-478284.78228826204,-336408.0505875569,-392246.9018038128,70246.48546686379,-842853.5783628849,-233962.90896405652,-370457.0554494913
2010-01-15,-505322.0848911084,-360504.2650297511,-412405.1305505657,31613.657942973,-863709.9152412331,-250650.16166866754,-384363.41935268184
2010-01-19,-503304.92539549107,-355695.4644859449,-404875.2019192662,52029.88012321364,-844040.3830044718,-241342.99212924088,-372334.17320828413
2010-01-20,-522630.892628825,-369553.50466174976,-418967.51394428447,34572.68241576962,-860033.343005123,-247026.37107151054,-380100.35936182534
2010-01-21,-555944.1950086136,-390310.56157110166,-438852.1479539416,17448.49559529705,-860221.3132208626,-283766.5715450383,-419873.2749776287
2010-01-22,-613185.8447873353,-430369.4524190437,-476718.0827972221,-26927.662434086946,-931106.4473400326,-335706.0025373127,-462443.5181663947
2010-01-25,-588901.247159959,-414225.7178527675,-471427.7064298568,-28217.614906358314,-910740.1467463551,-327140.81050414464,-454860.32717579574
2010-01-26,-581435.352611765,-411438.36096643924,-470393.7232211382,-45263.725336114105,-906073.8666652761,-334787.3636218905,-464579.1579466351
2010-01-27,-574554.8458084225,-401769.8625911207,-461949.5960700302,-28377.424445249148,-893770.1515730504,-321911.2267020407,-446037.65837217093
2010-01-28,-593442.0825985232,-423186.33153176645,-483772.34982128686,-64837.97935421152,-922409.980727119,-339165.43623531354,-472058.15434093215
2010-01-29,-602168.0044169989,-444653.18728948454,-499935.55796244554,-82080.06112019726,-961601.4695395505,-363885.3195421102,-494337.5535011622
2010-02-01,-568129.7362501343,-411360.69237992255,-474781.3448869837,-50628.07037965144,-926161.6816601044,-338685.01525801,-467878.6784670506
2010-02-02,-549722.5963924353,-390893.83175417234,-458551.86055556865,-44095.758706407345,-918280.3671349105,-317818.1629853168,-453974.7866072728
2010-02-03,-559325.814978973,-396529.7895479446,-464877.9413873655,-51764.06112402964,-908931.2786534535,-318834.39066928107,-456549.0443892237
2010-02-04,-619301.5942064337,-449796.9402190326,-509588.2161599761,-101114.13649955826,-956142.741288946,-356484.6634981686,-496463.7710500209
2010-02-05,-609399.4219173973,-444980.7885965562,-506437.1250654105,-105101.32825688212,-951490.5567805133,-347102.9565957207,-486803.9084563222
2010-02-08,-618916.2195009238,-447231.2019575506,-509641.03424081556,-104144.22165626282,-945667.0195693788,-359354.19865851064,-500019.5852921979
2010-02-09,-593872.1943355958,-427257.72696242615,-491295.33036630903,-96511.94956005237,-929958.5048579465,-346196.7219331133,-484275.36368821136
2010-02-10,-596153.1889400996,-435754.0854621208,-495301.95087644825,-61060.96491517831,-932788.5193041563,-351192.90374814864,-483063.8900339466
2010-02-11,-572080.1791528647,-415997.0184052021,-480942.08777998085,-58052.94692848771,-917282.4317861518,-332174.7258511813,-474198.4808547966
2010-02-12,-571300.9293732692,-418041.0447092253,-482952.8100511922,-57529.097070310716,-919051.2665010451,-334513.9846860745,-470822.1064370024
2010-02-16,-550684.3575210447,-392868.3203974759,-460437.4178816631,-34915.58016291306,-892670.7105294467,-313196.6923349733,-446520.23799967114
2010-02-17,-542500.4525031435,-386730.4856750653,-456900.67784718785,-36993.5629499144,-889380.7887591117,-316494.0690315057,-446426.6600685717
2010-02-18,-533606.337181775,-367007.93533343746,-440760.2307118616,-14165.963762982057,-870025.6404773117,-316463.1102989854,-443184.50570464577
2010-02-19,-535144.6844840471,-366722.9970927793,-445678.6343431982,-18139.081808990624,-877291.4978602552,-314117.64123450464,-441868.66760704305
2010-02-22,-523751.3927387219,-359494.4143179817,-440501.3650029686,-9779.615757275846,-869247.999944386,-308561.4290490058,-427551.2744851831
2010-02-23,-553871.9206756052,-383237.968813129,-463711.57127262064,-39401.28960534553,-895527.3395820776,-320073.4854702361,-449092.9207439573
2010-02-24,-533753.9946413526,-364609.2324128092,-445303.0851124642,-20203.104175224,-872080.4023294192,-306351.47571386665,-432429.1558924523
2010-02-25,-541526.5459001127,-370726.5774046731,-451441.24601262924,-19125.80477041739,-882459.2424284145,-310671.2050481704,-435011.30498139845
2010-02-26,-531473.6495304176,-367145.4658755182,-446858.0384751422,-10921.081747366195,-873913.1151740876,-307283.7556150732,-442035.86627622665
2010-03-01,-521593.40633284696,-351168.0560311528,-425848.7789517036,19211.790157409567,-854508.5311931185,-294450.2548283175,-427968.3059829965
2010-03-02,-508243.71466645406,-339427.50374036626,-415463.27492689365,37106.37480404031,-840046.7077624708,-295158.0477340337,-428332.0541676304
2010-03-03,-507474.5759979052,-340232.7081126944,-414022.6987577942,32111.581236153404,-838869.8620294466,-284572.96642863564,-421039.8180157083
2010-03-04,-508244.4483939069,-339369.7791681822,-410842.1120297088,49277.85112037328,-830987.5978393176,-284511.2809964059,-411093.59508907713
2010-03-05,-485193.90968019277,-316446.27018047665,-387857.6716174369,70730.16175437649,-810984.4357016435,-261470.46869448916,-385132.2507500941
2010-03-08,-490793.7907399745,-318506.6507884009,-388389.265083269,74290.90464755903,-815351.4185558878,-268612.8515575193,-384565.9481535429
2010-03-09,-491636.8486393866,-317669.1592846177,-390857.67083269474,74753.81231066855,-820733.5401302441,-267839.8943519254,-369661.0119687243
2010-03-10,-482110.6176110884,-304167.48440179945,-376598.8510057894,91418.2832683865,-806168.9682480837,-262295.5286336056,-348141.17456550035
2010-03-11,-470430.3639822836,-295316.30647317186,-370818.83353243966,95538.00068741511,-797542.6655481369,-252441.44434342982,-344203.8971884385
2010-03-12,-466666.4730786581,-291802.3649245769,-366225.03177400125,113970.40574233736,-794706.5414989542,-241464.39224683985,-343415.7035878707
2010-03-15,-454413.26541888824,-289855.452980315,-369517.45311490016,99330.84892009167,-783181.8718826885,-239137.54611604082,-341936.02416925423
2010-03-16,-442044.46999367216,-267985.5704182676,-347267.9100634713,140217.19981944544,-760877.1182968777,-228967.8461459304,-331216.7766432253
2010-03-17,-432122.4051532751,-242793.25090250393,-327211.5047124409,148668.19729806297,-743404.5158644341,-215485.9671119263,-318155.310319441
2010-03-18,-439806.2056937003,-258761.14171512122,-340178.9133974578,128757.03778151768,-761272.6308038139,-224305.56111563422,-324973.98335194035
2010-03-19,-460628.6334830038,-282774.8041394073,-362667.7771114794,106882.6997233684,-783700.6143474855,-251875.6811930185,-339299.4652842528
2010-03-22,-427209.4007707607,-258957.56944857177,-340857.34461082553,129590.98072154752,-746684.2220831569,-228562.32654205133,-319886.90066919464
2010-03-23,-423402.7327318177,-244579.02771181986,-330988.62010901497,145176.54886627273,-741359.5962228803,-224057.855183861,-313040.2965745264
2010-03-24,-428549.3736449266,-253794.45603318486,-335085.46940184914,144307.05181514868,-746108.730749298,-220606.09409728338,-308635.7747603123
2010-03-25,-438597.98887046584,-270296.43964167807,-341195.7894288708,140393.63060255584,-750195.2320048234,-219041.09937281423,-305520.6774532259
2010-03-26,-426300.34735806973,-261314.9708185736,-334341.4771434959,147465.55750164227,-744006.3183581032,-216586.19514741373,-304203.6047968037
2010-03-29,-411551.5849285871,-250532.7475317154,-322019.56298382505,158039.51370020077,-738753.2450501242,-215786.47791270344,-298818.3639420176
2010-03-30,-427302.2731031954,-258520.25119936408,-328929.4235975734,150915.96568335,-749326.7279300214,-223033.2187762838,-305453.62814234936
2010-03-31,-420789.71702052455,-260978.44654530223,-330004.10662471224,136022.81118139825,-750354.4647860783,-234887.4065192945,-315569.00451105635
2010-04-01,-399781.5222258614,-242395.9984735873,-316241.57730173896,146064.9580708554,-737193.933542546,-223124.50997209598,-305608.0841991235
2010-04-05,-391489.6770938849,-229758.24046456662,-296898.09239106724,151720.83579875485,-734594.6176855756,-197618.7084957799,-288376.95050646213
2010-04-06,-391984.4283372109,-228859.7688398144,-294050.7177533346,145290.51306620112,-739914.5404220094,-191902.0087175647,-279043.59576510376
2010-04-07,-398465.5309941147,-234945.007275301,-303076.641372451,131902.32806302948,-748755.231137022,-203912.9034149918,-291898.5712881116
2010-04-08,-390855.810209566,-226678.22467689126,-291291.6025471083,140521.1129246341,-742824.5284913317,-190569.72172373696,-285740.21708108025
2010-04-09,-386323.5703959098,-218175.57871158424,-287727.856444418,157455.83638645677,-733902.6421986637,-188437.554577499,-282528.1353072077
2010-04-12,-381785.2759707325,-216296.7406881744,-281680.7182471019,159685.29066966055,-728293.4170359115,-179521.1413846045,-277782.126196153
2010-04-13,-384534.96933251974,-216319.28404456802,-282621.7503676899,163542.1056232712,-725627.7275707943,-178106.91035751923,-273899.9820000833
2010-04-14,-353992.7552829445,-187860.32658370424,-259642.77606718746,196690.05775314244,-695589.6844481409,-146640.35788876828,-252852.6632378811
2010-04-15,-352801.8521324745,-188478.30471026697,-263453.72049364285,201411.0736812601,-689668.9245880832,-145410.33287623437,-255358.38671622874
2010-04-16,-390159.58379087894,-226046.02546020903,-296516.18185659545,162659.7585976096,-731129.1132463638,-177714.95268029426,-288305.3752692149
2010-04-19,-385514.6614746579,-227368.4540410367,-299084.68773761357,150876.28167653808,-732009.7222718186,-166486.00658952675,-282209.8713842711
2010-04-20,-353833.35969717527,-203421.14875548723,-276269.58636636543,170692.5165396845,-713642.070720771,-153934.8458398694,-266897.365905923
2010-04-21,-350988.77645238716,-201096.23647981134,-272222.34278091596,171400.4670537784,-714581.1483476817,-152547.63534693362,-262120.36233161128
2010-04-22,-342871.01387284,-193450.54292123733,-260259.78142296936,181624.1566890689,-702578.430569431,-145376.2332070957,-250576.90137994988
2010-04-23,-329873.2962094562,-184927.40826815146,-250220.3105455375,190371.7463522719,-697194.9611376424,-124414.8345407875,-234683.57722381313
2010-04-26,-342159.30382899946,-186750.17529621764,-246005.87382227444,201864.28214364857,-688255.150690745,-131513.47508897027,-234292.7582304057
2010-04-27,-392793.0097231313,-231702.3868132283,-291037.17181189946,150379.46847050905,-734318.3006852064,-180172.8806485511,-280206.20106681646
2010-04-28,-383340.0506089733,-226369.80690349106,-280894.0624093296,147501.80076437365,-739933.7723161462,-165929.94641379567,-270270.1983852904
2010-04-29,-375277.05328754295,-208978.15933786758,-263427.0556446786,143375.3358084715,-715134.9707669218,-141908.59375460751,-251769.06416554408
2010-04-30,-409874.6473534069,-246863.77978647023,-298086.3956360524,108324.46705499751,-754615.7148709322,-175330.10178482378,-284236.16760219313
2010-05-03,-402837.7757766522,-233519.73104458378,-277006.2004757553,118468.8249150597,-734079.8092489816,-147449.49178714218,-260039.4809054962
2010-05-04,-459160.4249626255,-285658.6535445126,-318751.701676682,81253.8320517717,-767783.3110353121,-188211.96178198376,-298242.225883774
2010-05-05,-464125.9001998166,-301694.6995816674,-335907.66216823587,78503.02693826736,-804044.0202475616,-212023.49123784236,-316269.3569260988
2010-05-06,-507618.09592263267,-343879.62026831554,-386393.1014007277,8886.852589484595,-842956.5338059865,-249609.3576716272,-353068.81922752905
2010-05-07,-527364.0741593716,-362552.599909051,-413149.753578856,-6534.957439249847,-869759.2872852061,-280051.71385521354,-376892.9124334835
2010-05-10,-458016.3628085592,-292043.33971620555,-340302.1484889332,60870.856729304665,-796969.6574763429,-223055.8144761019,-323454.681782048
2010-05-11,-461594.6056559072,-306013.9690701158,-346697.9229112749,57215.56098529165,-816247.6591726209,-212270.99183837362,-318459.4361714562
2010-05-12,-443525.68212750205,-287730.2018193988,-322180.93002267036,87309.39069416163,-802443.4045742976,-186150.98401062537,-292861.03893431625
2010-05-13,-459356.5842709309,-302085.5516445685,-339338.47889097204,69801.91090563234,-818100.8353650818,-208911.97321796697,-311508.4135943818
2010-05-14,-491922.6411469575,-335815.8482357076,-374612.7060709097,33278.30959801245,-846369.0017960626,-248676.09962279157,-346218.6933786164
2010-05-17,-500690.30713884614,-343321.49986778246,-380225.14942138654,28795.870690506912,-855422.5250845504,-250787.51337850958,-352054.88474060915
2010-05-18,-527866.7267004797,-368771.49689989607,-403931.2508957959,718.3745104992413,-880145.1763349447,-272366.43268361595,-371027.80093352793
2010-05-19,-535351.7482888533,-376614.3845230057,-411475.2285347363,-2952.9632978261507,-885503.7070934478,-272523.69157758093,-378186.2516233122
2010-05-20,-586413.4809299624,-423915.8508676862,-459188.45846406487,-50276.60513064804,-931216.6571921253,-313131.39561641036,-417768.51045177295
2010-05-21,-547449.3214990248,-393362.8911920017,-425991.54175073217,-15430.004902989866,-901419.9123721678,-288417.90687473555,-391766.2535553465
2010-05-24,-558671.9337032274,-405159.35815890355,-442984.77914182615,-43430.308436947416,-908118.223707569,-309378.8795205162,-411366.09584450943
2010-05-25,-546937.0757831531,-391814.9667786598,-433809.9749733384,-23308.309428225388,-906244.6735535542,-308561.45282276644,-408106.4384016174
2010-05-26,-535395.981565454,-389441.0447422388,-431887.74692961265,-20352.690455701446,-904136.119550978,-307672.1884353259,-406382.65296188864
2010-05-27,-471894.9688000438,-324640.52072125004,-373441.04734306753,33330.03645662689,-853826.6972781222,-258732.05448766885,-361815.6279063941
2010-05-28,-494782.29616047,-347825.30574968504,-394496.23952822865,14099.642128758896,-867254.766816794,-277672.3857346864,-379682.1444985346
2010-06-01,-541480.6524552993,-392498.81166054023,-432858.1182397791,-36285.111216094585,-879229.944732159,-296176.99751475255,-401655.26951608976
2010-06-02,-499600.83123308705,-352107.3083806515,-394381.17683354934,-2232.068260473083,-849827.3224189881,-263818.09749673243,-371882.6470578579
2010-06-03,-495509.4568979066,-351365.5162393997,-386483.964646115,-5533.228230179229,-844019.193357354,-266965.21949956426,-374377.8308015585
2010-06-04,-552381.354617032,-406172.39042019966,-446304.1643381266,-65086.703606723546,-893408.0856499558,-316995.40370148356,-425619.08723789884
2010-06-07,-583972.4267070851,-442676.05853932176,-478108.4537640107,-100867.37899105792,-918415.5294546464,-339353.51945896173,-446015.70498596027
2010-06-08,-565978.7282080748,-427609.00677601143,-462844.1482411153,-77095.4959996061,-906504.903146982,-325536.78063636424,-428403.06182350515
2010-06-09,-570197.1520517404,-429677.6098461512,-463550.37057481863,-77910.45505076257,-916473.1886704055,-334185.8696130529,-430822.2476727764
2010-06-10,-519671.05144597345,-384307.4148833504,-422229.37106116145,-34817.52199830392,-880339.8708691577,-289607.30290281796,-389585.11532488867
2010-06-11,-501646.4114014345,-370693.04401346843,-411491.87895423826,-23194.251429967913,-871527.8097911555,-284088.086594345,-380315.55285703595
2010-06-14,-506045.9888926012,-371406.3149468519,-410300.96539617016,-22608.662237563323,-875407.7667640966,-277543.1657689858,-379940.01203426847
2010-06-15,-472557.9330140135,-334206.40412866883,-374263.57942797977,17870.321908748578,-847431.1817957186,-241773.5508433286,-345638.9883260934
2010-06-16,-483058.17720876366,-328902.98744272324,-374024.1830024546,4728.749289034866,-852923.9437673058,-238701.82847902353,-352123.13732059253
2010-06-17,-491440.1539544726,-334732.1898164342,-378219.9596147321,-9075.645554836661,-852524.9039835035,-242625.09774303407,-352857.8892686179
2010-06-18,-484167.01845651795,-334870.72182284726,-379099.6948608929,-10172.860921662,-840174.1331032993,-238056.56969631612,-347721.3412728832
2010-06-21,-480792.1688220048,-332726.7152452519,-380261.7465733496,-10362.142274735945,-842354.4527167561,-230460.02417148644,-346728.70206025214
2010-06-22,-513776.7602596133,-361820.46271879744,-407409.2823982447,-31881.68715735204,-864818.7214624806,-249397.49945119733,-369366.64506581245
2010-06-23,-506607.854928183,-361665.0992814673,-400899.497374844,-29209.353349077344,-870190.5931607222,-253398.42873150247,-371078.33595623565
2010-06-24,-531073.4414705838,-386158.2050671847,-428813.81893879746,-52778.484011904744,-886876.6659882815,-270262.9453668954,-391120.23562646576
2010-06-25,-518226.7751542331,-371738.7460136076,-413512.01173937006,-24994.690899275723,-877200.103299299,-251068.42276755732,-372454.1288738131
2010-06-28,-537217.14099583,-392449.70689446334,-428688.4499474779,-33476.411910689814,-879156.933063839,-264023.9819106615,-382500.2985741976
2010-06-29,-589669.1670963573,-447325.20459782844,-482298.53160602844,-94148.59746397194,-919763.6071635522,-308596.833200091,-426827.2225503654
2010-06-30,-605878.2806390179,-457087.06068819563,-492913.38058644324,-110288.52584526902,-928101.9269117351,-311362.2735068086,-435730.63212155877
2010-07-01,-609802.0697291945,-460315.230916065,-495233.0978127315,-119702.03132691189,-930293.1000773313,-307099.0572719025,-432473.0531120108
2010-07-02,-628991.4178758237,-475896.3169826539,-506540.3472071888,-140019.78416220302,-934751.1923566601,-318174.36592794297,-443079.61219581135
2010-07-06,-630622.1791041194,-476450.3638952349,-507636.8748356308,-133626.58256066716,-930633.6796698129,-319993.96638289094,-444052.09610754676
2010-07-07,-579899.2920639522,-432579.28108794,-465632.0301930535,-80139.12647680652,-890660.3296115962,-276447.2265627853,-401105.8939247956
2010-07-08,-578621.6693655144,-429510.65198935656,-456068.9810549964,-71356.90625515953,-879634.2336097383,-265407.18053862685,-390871.50873326964
2010-07-09,-559724.8871465669,-408026.01208128774,-435784.160165412,-38188.10474625131,-868046.2763472806,-247721.87057032675,-375017.73241054954
2010-07-12,-566194.3790005187,-412767.8260648076,-442193.9263289627,-40078.444806968284,-876495.0403811225,-243782.93625876674,-374232.8786091123
2010-07-13,-536553.3665956737,-378766.8391383825,-411988.96210905147,-9163.488089548115,-860457.2565929517,-211367.6026740971,-345084.152708157
2010-07-14,-543111.6221766281,-380668.69573875517,-411585.98293765774,-22577.122397056086,-853679.0688216931,-214967.7295263503,-348319.8658903469
2010-07-15,-544972.7908387838,-386155.5235094095,-417117.7280668158,-28911.818585214383,-859068.7698652094,-223494.5253900948,-356227.58481286425
2010-07-16,-585473.0614738129,-427138.33962630114,-458138.9681728397,-83013.9693092907,-884167.8414151995,-262088.20871977438,-395923.78227797704
2010-07-19,-578100.8564536634,-420939.98438909254,-452215.99207718874,-81729.87842804544,-880154.5094170766,-251730.7791280509,-389780.0429618408
2010-07-20,-539039.259305991,-393710.7768489367,-438237.2035858696,-85305.85157595458,-864091.0895590935,-229315.81357108703,-371883.36748639133
2010-07-21,-553772.6116099325,-407429.2524921212,-450503.28890894476,-93482.35923931056,-880866.6319812257,-246859.98529701363,-384224.68960014737
2010-07-22,-500292.7807707918,-364875.4199334651,-411967.9862598845,-63577.206043505226,-857395.616528561,-210454.0799605638,-347359.6271742586
2010-07-23,-475056.0839844076,-338915.73824052804,-388646.82290484995,-42433.01581012924,-837772.4892146807,-188284.26599459618,-331005.9259411216
2010-07-26,-451524.15415061614,-319988.2079906317,-368948.6113811814,-19219.94759101917,-828514.3954145507,-161704.7408584053,-311258.3535454319
2010-07-27,-460967.84066338616,-325034.2264673007,-375134.6916251007,-21366.09543418575,-829250.9977718137,-160419.51998466623,-312465.188411321
2010-07-28,-468606.9503982158,-336067.7927870081,-386228.75493622187,-35573.07413838937,-838875.5984565164,-164806.15205125752,-320336.14404442016
2010-07-29,-457463.85196806275,-346025.26639098965,-388658.63852931414,-59861.85650601325,-842696.4169424487,-170417.4129398656,-320479.7298180413
2010-07-30,-489382.09780606197,-364369.19070859015,-400087.38619679515,-55359.40689361238,-845365.3731600486,-171079.10004386265,-316030.64283952635
2010-08-02,-451592.4088069415,-337569.32990814984,-372359.7731908449,-37281.060570091155,-825668.508297444,-133686.29008364322,-286255.21983228927
2010-08-03,-460369.46024675586,-346552.07621862664,-377096.8721365923,-45265.17483336621,-812179.8391738726,-144748.41135804367,-306955.8439266265
2010-08-04,-445808.58274777606,-333775.4507057679,-362245.6618844364,-38790.67894414665,-795711.4300881765,-132773.99017744575,-303073.0923145027
2010-08-05,-449932.8120924904,-341447.65448549844,-370718.29951742286,-28299.92047184935,-799553.0634674048,-139413.98139027297,-306108.64423923986
2010-08-06,-451591.06867827964,-343188.55003200506,-376228.51741759153,-38495.87311635725,-802738.947108561,-134024.10289365478,-305518.687605261
2010-08-09,-425845.81195014226,-326475.4402055278,-363340.8907721708,-30749.175833933194,-792251.2191439007,-123920.94492602005,-296103.1193199167
2010-08-10,-450611.92233119626,-344160.6787914868,-381484.02995571704,-43183.37247471757,-799854.8134069918,-139524.941661534,-305147.8577474978
2010-08-11,-507000.8974635796,-395112.8984630767,-427194.7720418802,-82024.11346878788,-833119.0222172573,-181016.7899552561,-345617.8765797658
2010-08-12,-518141.5347244647,-396632.8701132481,-440712.8289391752,-70049.38134231206,-835670.4004828127,-197224.46607925894,-359813.1101753959
2010-08-13,-519805.62649591727,-397623.49931515945,-445504.3371259214,-72648.31839467298,-838045.4597284221,-199637.94035851926,-362425.78073579783
2010-08-16,-514581.4076974127,-398428.4533364421,-446924.500992491,-74025.28641783,-838841.7471502727,-204430.4524319979,-363008.6474899717
2010-08-17,-490994.3260268577,-375843.5705335436,-427410.43960794865,-58302.88322261632,-817953.6335278561,-182595.47033928218,-345408.8296800775
2010-08-18,-482642.8155769134,-371522.6889903699,-422393.72338631854,-59570.6921269755,-816727.3914594518,-179656.35287181396,-343844.13248575554
2010-08-19,-522120.99391542457,-397704.719523044,-443608.2895027492,-69837.89310488073,-836536.2483322016,-205509.21134817527,-369568.37701574527
2010-08-20,-490276.2083166953,-385109.13704684755,-439770.40506310604,-61753.394476684814,-802332.485895353,-211759.86040324898,-377982.63347724534
2010-08-23,-504544.3887646032,-404012.02326343727,-455662.17525599705,-72956.01401748974,-810086.425620637,-232366.555518932,-391312.3491657861
2010-08-24,-523349.76757175504,-426601.5184986137,-480305.32025233563,-88835.75003077814,-817921.451275092,-254892.90383835504,-410136.93226111
2010-08-25,-516230.121079055,-421734.6408443543,-476678.0832007137,-78469.468717821,-814290.1219445904,-247866.43032188414,-401890.2125204102
2010-08-26,-530358.7333617952,-435039.65043390467,-487105.08765300486,-90405.71599023772,-819233.957100952,-248784.62602875027,-404887.63589989446
2010-08-27,-499395.9044232227,-404614.2983720806,-462502.56039006385,-68080.1836704411,-797342.4099921073,-223266.19880067898,-382969.8229812778
2010-08-30,-525988.5816722659,-435384.0785226438,-486427.7439520715,-90197.50617949906,-818423.1872774047,-239439.94861994774,-398129.4793522908
2010-08-31,-524361.1181484848,-434066.8872295361,-487754.8602345942,-91914.36487631965,-816148.7384496733,-235742.0022731995,-392599.86912094045
2010-09-01,-481571.7613320122,-388781.6626729854,-450048.192769786,-55485.55097953999,-779156.9715094521,-211436.09699906927,-365195.07243585045
2010-09-02,-452416.2992502149,-365813.2916338309,-432555.09343749785,-26604.782943113743,-759178.2828430946,-197310.33310401233,-349996.4501829685
2010-09-03,-438117.16317409824,-343982.4887541042,-410224.6386822915,-10674.968225221623,-750853.1313484276,-181910.34254468206,-336175.7357205045
2010-09-07,-437682.05359094485,-358382.69474040106,-423980.65862894815,-8719.770944523247,-751894.0624866879,-190180.4713278273,-346846.0558865534
2010-09-08,-431360.0978119748,-343534.8449442005,-409130.63991128583,5934.9808210937845,-741745.4533457832,-184254.12686240592,-339298.8001968989
2010-09-09,-442226.56062934466,-342881.05539239827,-407751.1544766318,5206.364438441691,-747046.0719558143,-195644.05614043341,-345571.6422086209
2010-09-10,-446727.46686005505,-336856.8133842774,-402940.2742557796,3383.27398849537,-747422.4706465842,-188892.23169016786,-341415.5661525816
2010-09-13,-411885.4473754622,-304137.76424721594,-377531.22446045105,25501.53086714846,-728704.3696023696,-176412.86027340795,-328275.74477531295
2010-09-14,-425191.11671607057,-313571.1422515953,-385266.40732442396,19861.59030808809,-728388.2624845932,-173036.19529409095,-329999.598580127
2010-09-15,-418852.1389653545,-314044.4381389001,-384723.0264020987,26925.732365098425,-719852.2372802207,-173861.95379960543,-330157.32661092596
2010-09-16,-420295.0809038898,-310393.46395993116,-381272.50182595337,21542.664707626223,-724269.2192320147,-165340.5069734318,-328380.58295077586
2010-09-17,-428133.7469597784,-314947.73681100196,-382227.1271573942,26320.640720376847,-725710.1440932625,-152476.65308802985,-318724.8931909247
2010-09-20,-408771.534174762,-294339.7778553329,-361548.915557055,57198.01353897999,-715300.766732359,-138401.3245557664,-305548.97247665183
2010-09-21,-415143.81088670035,-304015.3105383307,-372045.3878126636,51545.552769451024,-719758.4653404248,-151208.80153855367,-306338.0747563769
2010-09-22,-425205.1256162737,-315208.63333582913,-380258.8373701749,40911.024675738234,-729687.807057172,-156815.20162437393,-308570.92187707673
2010-09-23,-428568.4317845898,-317785.5814190002,-388660.62549508875,35240.679537040545,-730510.0677345184,-176173.26449916084,-321516.38059491443
2010-09-24,-408423.5241103791,-296342.3486521132,-364722.35409231205,55311.19862305453,-715593.3178429714,-153022.32341420522,-301339.4029150394
2010-09-27,-411626.8988280219,-301278.9002113136,-376054.2182837418,51545.65279011744,-711933.7091740547,-161949.45220481808,-307403.89918664796
2010-09-28,-404444.36540059274,-291323.7428558397,-369109.14831362834,49059.51942188144,-702836.9498099183,-162817.8237904926,-303930.72239374847
2010-09-29,-404932.10870567727,-291735.0548978603,-368602.65810333076,48014.122817681775,-698082.1273349349,-170624.27910408855,-308599.2737838357
2010-09-30,-410051.6227806641,-301066.3502917696,-377941.1927862243,42606.625246807336,-708451.6816373128,-177935.58666072632,-317748.7076599819
2010-10-01,-408816.44987941673,-300222.2629821034,-377353.96896855405,54268.76936843958,-713160.835827147,-177132.23789587477,-316333.7998239025
2010-10-04,-422502.9623087558,-308129.49885606184,-378049.30384610896,39970.30052322034,-720004.4624530982,-166205.02367790262,-314543.625210227
2010-10-05,-397334.7828001735,-284522.57535360067,-352637.0941069251,55149.358342449355,-703598.0298654096,-145301.33245140934,-295083.1380438468
2010-10-06,-410080.0938734584,-309136.1876439007,-372482.1810489793,26687.13580571322,-720439.6566860446,-144020.4117544849,-295090.85583081504
2010-10-07,-410855.0440635273,-309127.82294692914,-373606.0809478509,25980.956931759032,-716537.376000295,-141597.29744074703,-296716.8054951668
2010-10-08,-385252.8691212094,-289612.3996197963,-359159.2734177508,32435.32263059043,-703666.2855593299,-125359.93760663936,-286606.4276277787
2010-10-11,-395225.4730900562,-301914.6016977487,-361594.48133005726,9473.17542312251,-711367.2281983736,-122333.58651249384,-288279.36552640493
2010-10-12,-390798.19267415866,-289179.9519267166,-351529.93214259745,22214.323475538728,-698462.1737951109,-122852.41123516047,-288237.2352585403
2010-10-13,-387111.4709897921,-283131.0969593621,-347170.95399174327,34457.20624489421,-697862.2459309922,-117154.67458655985,-281364.0433619569
2010-10-14,-377099.4958485943,-277538.206276253,-346793.36943159736,26710.125295962258,-696199.7000804691,-112316.59454573464,-276720.04221636744
2010-10-15,-374496.5706571282,-273817.49020825105,-344173.8881097526,39913.42580366901,-693354.878225472,-116429.05165922454,-280276.1067374482
2010-10-18,-391779.7565206683,-280274.35859469586,-346949.34212760424,24470.21356320804,-695615.3267502987,-110637.66762531042,-273241.43504589703
2010-10-19,-416261.0464375221,-303134.46914350014,-369890.12622567563,14688.925957955387,-707731.3225215293,-133528.92020548665,-293627.6781500972
2010-10-20,-405995.7974756821,-288906.34986050765,-355790.5118882099,24514.469634486042,-702115.2392228348,-109077.82109796879,-274996.134925705
2010-10-21,-400539.9653977338,-288582.6890614378,-352122.12847679725,28781.53881767924,-699217.6031118997,-106342.96784435501,-277132.1116091904
2010-10-22,-379040.4753152246,-272625.047921159,-339311.80709490896,52825.249151676006,-686044.1834386525,-99647.10897510583,-279364.952849608
2010-10-25,-355478.9156745251,-258510.7133190675,-333167.05662951607,72190.29871512431,-671701.1662737948,-96241.4463999521,-274269.1197812447
2010-10-26,-372250.97593877756,-267028.73452412634,-337064.1233274065,62108.57537349794,-670969.1481147517,-98180.35810657784,-275100.4434279211
2010-10-27,-358678.2747857554,-261556.09613122142,-338947.7571708407,77924.83979051272,-658955.3352177534,-114594.00409922034,-287874.09881685476
2010-10-28,-380591.01874226,-273870.470262616,-343549.8468467388,76490.19727236786,-652942.2863027079,-114929.6999598883,-285040.3134214791
2010-10-29,-368730.879827254,-262209.058186606,-335539.21805381007,85853.89378021417,-645047.8297359103,-116019.09033873655,-282891.638042885
2010-11-01,-380178.32874584297,-265142.87637369503,-334485.60463827703,76648.030582576,-653350.1702419135,-103255.78209222482,-277054.1175503117
2010-11-02,-357498.7339871683,-247504.0244990968,-319430.08068828005,96027.88328134274,-639431.333892694,-87515.25728305728,-269162.10549143003
2010-11-03,-348287.1217413488,-237959.63103915885,-314263.6420278188,101100.87965382279,-633713.4121132721,-79843.7054145624,-265826.94073764514
2010-11-04,-336077.39893790294,-217501.30136565847,-295959.47105400776,115060.82867317661,-628687.4758582177,-53231.502947933295,-238074.75071991936
2010-11-05,-328042.480108276,-209108.39818838844,-291493.6583316849,119199.922151264,-631586.2636907164,-44392.60946885578,-233883.947000885
2010-11-08,-315070.71193978604,-200186.32813126536,-284778.2674239557,126485.97370231067,-624582.5824775076,-41381.67430330749,-233086.21380031126
2010-11-09,-317805.05179913936,-208256.1785765441,-294862.9691151893,132251.95192141752,-640144.0525258915,-65335.354895554825,-254193.321706388
2010-11-10,-306322.8644243963,-194988.562120339,-281723.7068070243,142031.47011630185,-631574.6732644598,-45973.53834806924,-241031.17091369466
2010-11-11,-314432.33771245676,-200713.1854197125,-284177.2573963585,129426.4153122528,-633706.238848972,-49358.54519206859,-242171.5587207004
2010-11-12,-325424.62458743464,-218337.44936431386,-301666.0787124496,113475.59550657886,-645909.2545280973,-66499.19027695824,-257783.68191748226
2010-11-15,-343408.35763426416,-223470.32266840237,-305365.05375868466,94939.7876045969,-660719.0348760268,-68518.24742223919,-260072.65432543983
2010-11-16,-365368.95861671976,-245234.35845149876,-329081.48332847666,72296.57437382324,-675620.6419663015,-96543.81987502077,-284190.42385141324
2010-11-17,-356183.6291213727,-244075.49281771568,-327272.38191922306,66179.59277398893,-669918.6737570177,-89007.23180769794,-278822.7852526778
2010-11-18,-327093.70676895924,-220371.83487863597,-304399.2283263194,104280.62379449126,-647395.2962857021,-88717.8953533791,-272847.0917505023
2010-11-19,-282789.7724393825,-195325.52588426502,-293703.68700504187,139694.31777916616,-603366.5653215474,-80908.15560133087,-267736.58987281646
2010-11-22,-276970.8726310887,-183128.1475967942,-285977.84246614395,151555.87258512102,-596111.5587442497,-80220.37812331281,-269099.2619503376
2010-11-23,-286951.16796942754,-199002.38525963467,-302353.47349724756,138044.27780792236,-603916.5758801755,-97256.22088914529,-282452.7507466316
2010-11-24,-264175.2827858011,-180269.27159630472,-283217.93983638904,159033.35334990363,-581500.2927155071,-80525.33537495951,-264885.3310779338
2010-11-26,-263252.9584987541,-180761.95751564554,-284048.93844284845,148017.52513686946,-582351.3750499472,-83350.01671799766,-270206.6950156701
2010-11-29,-269653.98425090255,-186891.5701507498,-288951.4959057134,147912.92317681733,-584471.4662322048,-90395.57205995216,-273854.58721279376
2010-11-30,-273689.0279442795,-190715.80871359466,-294367.5603635508,140261.49637593506,-584875.8002773405,-97681.38859007499,-279846.874946289
2010-12-01,-246512.07569685337,-169021.66779525,-273093.64871666627,170536.22297168899,-570484.1188599061,-72234.84725237325,-261410.6457923504
2010-12-02,-232951.1616392391,-157675.14084847568,-259013.52457756316,187942.8673942861,-568366.4863217393,-60347.599225164944,-250854.41000545974
2010-12-03,-231807.84447473497,-150360.62480218883,-253363.05800252286,199677.12152059734,-566295.0803035554,-59370.08798786355,-248740.8536345741
2010-12-06,-222015.94333594062,-147629.89207534952,-252018.20535899972,201734.70976483106,-563983.746226407,-58714.19162502797,-248079.8697959681
2010-12-07,-218646.3405881197,-148048.21155952645,-251148.88709969193,200197.210516854,-560073.7174706089,-56441.276139835594,-245482.365234039
2010-12-08,-196824.17583927908,-133761.35905659327,-243129.3844601626,199451.92456828407,-559712.9215232194,-54610.17360985096,-249287.04377706003
2010-12-09,-200781.27756816463,-137286.66026987403,-243052.50572028887,199700.69747382856,-565238.6116499916,-53664.685644855905,-250217.86966587103
2010-12-10,-201135.75339156372,-134384.20827594225,-236935.6178264935,208704.5476995056,-564936.6057182847,-51050.20657318679,-246036.88679003023
2010-12-13,-213378.26583546112,-140648.12323419086,-239691.96668299648,214002.5244070157,-564252.6298107902,-58514.35186708517,-247986.0240321794
2010-12-14,-229931.8607364716,-155990.96981526876,-247978.64653660503,197819.92672846402,-566391.2545752942,-58274.58100368352,-251068.3944642289
2010-12-15,-240722.5532220599,-163111.3049448886,-254503.29510338127,192981.69198436284,-570322.678497841,-69045.32698956941,-257994.9788833573
2010-12-16,-230556.5841768625,-147212.7708589405,-238811.39572880813,201849.0031059009,-558859.5059789354,-57776.30649097373,-250615.56127498587
2010-12-17,-234248.27192669667,-148716.52917848222,-238802.61897450863,210509.0802373679,-554840.9744939537,-62371.65496873516,-252844.04612492118
2010-12-20,-234283.9408806881,-142175.50544238245,-230646.19101808115,219728.30099372938,-550800.2233163028,-43894.17325152407,-242235.4805004481
2010-12-21,-222885.42138997465,-130303.88357147748,-223849.83397934877,215149.6734848179,-549923.4080744224,-29153.83976325665,-227781.96788056727
2010-12-22,-228126.98193307596,-133910.96924269153,-226244.1860662289,215431.05049372264,-553931.2001920157,-28952.021127231565,-229226.56928514517
2010-12-23,-237362.87736760237,-139289.93966054104,-232796.1619407294,223123.19378358,-559414.3358980945,-39107.161528742785,-236618.92853169088
2010-12-27,-242104.74403376266,-140605.02254532604,-232634.3323695598,215814.0082178581,-563647.6611261519,-19838.332173865063,-228685.15964689397
2010-12-28,-247554.27494450152,-141789.99009181437,-235505.58273192693,206829.69837225392,-562613.5866851222,-23924.77113707221,-231533.23489510204
2010-12-29,-244473.94670475004,-141486.90419166698,-234096.16338526265,218961.37879104092,-562117.1515498478,-31619.37427202717,-231940.16613835754
2010-12-30,-248386.10116603883,-142800.03672034713,-234593.88821997464,221769.686281265,-560531.5044245295,-28326.2622528226,-230671.16957906375
2010-12-31,-248247.60596744218,-144878.04089882938,-239087.14395856857,217220.06926814892,-565949.8229553546,-28021.497778879035,-229586.40546684395
2011-01-03,-216769.73691713304,-118384.67068091851,-217680.1684775477,234364.66909547834,-561627.5864924712,-9342.447422175224,-217306.90822325193
2011-01-04,-216723.86466123056,-118645.08438413523,-219593.2012150389,224872.4858052857,-579682.2917489044,217.0442159004524,-217925.01133104935
2011-01-05,-186500.45408529587,-97604.90809556266,-207310.38152156412,248758.28363445326,-576515.0697360054,32109.94838609898,-200043.44798240735
2011-01-06,-185948.5010767856,-107738.58729878094,-214161.0666924384,245573.43621084746,-589386.1076396634,10882.347208478743,-215030.74818152236
2011-01-07,-175744.3057527785,-106924.8271631581,-215934.72284623573,250115.72174771587,-593286.4705186151,8167.05250693221,-213077.94032332982
2011-01-10,-172612.90631586697,-105652.28339019438,-212964.6099305803,252924.41945329,-592095.0790941027,-370.69893786418834,-212869.16087855824
2011-01-11,-179973.65485818512,-113411.16724706846,-215495.67647317803,250777.0809766776,-595932.6205872223,3841.666259664351,-205507.04706404166
2011-01-12,-171353.45846205702,-110941.59972493601,-210036.48040664248,271220.75744384405,-594148.6660192607,6437.10150230307,-198921.93253219692
2011-01-13,-162789.85223215778,-106271.63341310696,-209264.51107027323,273820.6130825631,-592348.8499374613,4715.039462685403,-198811.596274308
2011-01-14,-155166.11670253618,-94654.33740409391,-198047.9530513878,286149.9681228656,-586865.3571499512,-7054.217968263511,-198763.78587600053
2011-01-18,-148720.62243395252,-95849.02813562911,-198961.34313302807,292568.5835488216,-587203.8110936214,-5262.561523255725,-195741.94633001764
2011-01-19,-171326.69540104034,-114333.90995472859,-212612.8318910935,258478.27332754567,-595152.1785362557,-33915.26516303829,-216597.05478999316
2011-01-20,-191267.8430849472,-130701.78868904036,-223542.525057718,244126.08396085806,-597163.05700504,-40745.244258503415,-227507.1187441424
2011-01-21,-200965.22512436754,-132583.62848673554,-225817.9068295547,244645.2313078064,-607191.7385382543,-45145.77748239745,-230801.57147852273
2011-01-24,-207682.37058618132,-136370.7667572853,-224334.16309661113,246629.29257266468,-607746.8740963967,-40032.29838948063,-228137.1618719684
2011-01-25,-196850.41063808894,-138507.20347091916,-230045.6915255553,245630.67672614462,-593290.1643738832,-32948.243760723024,-228944.08340681024
2011-01-26,-185970.12851268458,-125601.84495571614,-215856.78189609013,261627.41385431658,-587856.6950939636,-19173.25162079153,-209813.14371781307
2011-01-27,-150688.8959582938,-106540.99190254175,-202378.32364882878,290957.8311590019,-547716.6183539521,-14719.130355612117,-206963.04131232898
2011-01-28,-155660.7430739064,-121609.86396591866,-219061.5876974897,292536.7777553353,-561783.2002921304,-44764.71351766175,-240679.46745638477
2011-01-31,-168526.88822749184,-118967.20781740156,-212071.50587023603,303340.7996658383,-568954.3849449893,-39682.736728942844,-230728.59347691084
2011-02-01,-158840.35061005916,-102978.81410207576,-196204.69537331874,321915.9861871969,-561882.7767628796,-25279.40856652899,-216174.64678647343
2011-02-02,-152488.43264842668,-103950.2209407741,-194479.97201985132,328394.2411236506,-563303.6577943764,-23412.015852488086,-220956.57573019865
2011-02-03,-142831.28779479425,-99432.41356845367,-190969.00366989966,330073.4105514686,-549692.1593151818,-25635.3722510233,-218410.53483296552
2011-02-04,-113302.26178523472,-84011.51430818322,-164170.02059322904,340015.33719162,-522952.94670261146,-23002.17007336502,-215894.11719431347
2011-02-07,-113605.04235655964,-77755.50442109781,-156967.98250146693,344417.70174050005,-522199.1824902296,-6416.851977863451,-203648.78495822565
2011-02-08,-114240.29352318286,-74461.06649974671,-148699.30563879217,346024.0235315361,-520499.16771760443,-4696.3147146507035,-202195.8658538455
2011-02-09,-111317.66554762654,-79146.05488584825,-145570.6740436131,355251.6817664101,-513247.6089265418,-10946.199864289127,-210479.69535588613
2011-02-10,-102707.50410140371,-84174.96950665493,-142965.21968057996,362808.6658577522,-511627.6620633268,-10903.85038485963,-207281.84601899298
2011-02-11,-84860.16535959826,-70404.99421012348,-118585.94258438492,366309.5041779364,-498165.7460755097,3606.009922709214,-196528.34242816482
2011-02-14,-54977.84582483012,-48921.92325323231,-110981.98837528826,402156.38226343563,-469404.82600805385,7422.232294943657,-188729.51313224537
2011-02-15,-66316.60568456864,-55946.440588424244,-125103.88502997637,375566.32516477996,-481159.8685117781,2549.928281694876,-195393.17551736487
2011-02-16,-73844.97324551563,-50651.648004827584,-115312.15741876343,382063.0926907872,-487518.76964695205,6531.20667790786,-190203.2999344739
2011-02-17,-85754.55385378993,-45156.958357396084,-118105.10578696063,384297.4144782613,-502410.1942261567,6529.4975905659885,-188976.33071367966
2011-02-18,-85683.74183748955,-53075.97398721986,-123199.23637780655,353574.42548598343,-505340.50294736057,9924.101847633438,-195877.6350291331
2011-02-22,-125663.94118535411,-92939.73348376084,-163138.28588871408,308372.0811410778,-543928.6924121629,-30280.29642833701,-229738.23064741312
2011-02-23,-149814.01567555126,-113714.9020733106,-185309.19766238224,289124.28519337287,-561114.8410649332,-49262.288581394525,-243703.30595983064
2011-02-24,-129791.75528049475,-93366.26400546666,-172775.60323708833,298968.9304388659,-543733.4516824313,-32971.602697212045,-235002.18170581394
2011-02-25,-115177.20238828227,-83575.26991633867,-158080.68046567607,318405.74286694493,-530069.9212250988,-24746.18998772653,-223431.92261665806
2011-02-28,-127017.91885489572,-101642.25546655382,-166649.77650633012,323625.2641099711,-527960.1155761505,-28709.69577708831,-221546.33948804298
2011-03-01,-134776.72513572942,-114297.25608860474,-181258.45722985893,297180.4825015993,-531828.9854641141,-42808.12715293663,-241450.40709110914
2011-03-02,-132309.30478259543,-109572.57580543766,-178553.15694663936,302995.92408389837,-531301.626532053,-36992.735043649576,-233850.94025089554
2011-03-03,-114718.06352975294,-89444.86173348787,-157457.8754508546,316038.9408466198,-507248.13578551187,-5647.636114638077,-209863.52279611825
2011-03-04,-111334.89737839047,-89227.05383498475,-158029.63767399752,310223.75561110355,-504688.35914136114,-12165.882118861096,-219021.67205634987
2011-03-07,-132483.77993656462,-106685.24533640011,-177317.79563139944,291529.6753706463,-515897.77944094717,-23496.025680001025,-232657.67526212463
2011-03-08,-137686.7547930291,-107403.09787464786,-169559.34968281965,287206.45974315563,-520529.23868177505,-14701.947427703079,-223100.16863547105
2011-03-09,-140868.12415067057,-109553.21772416183,-179939.10691739415,270480.78349776776,-523292.0475230406,-21559.71589671606,-234786.87996602914
2011-03-10,-143652.03294014544,-120925.43665794276,-194509.7810871926,243873.51556320087,-527666.511335047,-42736.58550914477,-257161.13471531295
2011-03-11,-136382.1684989152,-116603.03193918854,-184684.51931591216,255040.49854986783,-519468.10998527805,-33025.03141214879,-242708.95490310068
2011-03-14,-144579.04799904258,-125515.56661878993,-189354.8922869363,253355.26625023776,-526070.2007391916,-32494.58243993213,-246434.43014639238
2011-03-15,-134956.42874506192,-120091.40161080768,-192372.97119902712,254651.01072927003,-514923.9365175475,-34828.978125037094,-243610.7745217611
2011-03-16,-159678.03853068233,-137926.3916958833,-208805.17459114938,235998.7338948402,-534818.3618337122,-49733.223085619386,-262016.44580749323
2011-03-17,-151547.3786511971,-134373.8575265232,-202409.66812194977,251762.37904621172,-525260.6666736829,-32499.887616639404,-239928.01446735428
2011-03-18,-168710.44457143065,-143901.81617198884,-205535.96645597625,242780.268647236,-529274.3328485301,-29636.23728274701,-239284.74014517135
2011-03-21,-148988.1491348834,-120907.98933274651,-181897.03188437296,273295.6087926479,-515624.7557984548,1730.7921498419455,-208842.95808717806
2011-03-22,-163504.9821183869,-133345.3122446846,-191176.76385776445,251239.37947359498,-511265.2114246561,-5077.325853792845,-217460.10146438068
2011-03-23,-138291.98489671876,-115576.67437618703,-181213.8396260253,286306.6178917764,-495871.25224323804,1305.4217152375022,-211393.17350168235
2011-03-24,-117900.35290579977,-92519.49282668883,-159364.03173222876,328895.80910399597,-484913.2248961849,11882.316704091114,-198616.53834292418
2011-03-25,-115119.37918591326,-89793.92233319074,-156492.67561693722,315492.7729377408,-475766.7555280276,13768.633303809169,-199760.04997883638
2011-03-28,-119035.75629891035,-90927.03160883201,-161383.1580730186,318138.31918395485,-472343.9338607047,24221.697655267373,-192855.008505223
2011-03-29,-101145.47310129613,-77450.28107533994,-149630.25314692588,324756.5856985657,-460440.1502319515,37876.235573473634,-176974.2817120526
2011-03-30,-85266.50764418626,-57397.08987395356,-138996.90226360934,310087.2615424335,-447499.6004065814,43824.70209243693,-170999.41583167168
2011-03-31,-71974.73656680215,-53344.044476002295,-137368.00511391484,308966.9604325078,-450236.25094559573,47745.47656382788,-169317.1221568919
2011-04-01,-91319.56806990699,-56657.01719011976,-135776.46612981183,287567.85229416535,-437041.2962605912,59682.24845286162,-163852.6621842507
2011-04-04,-88933.76493527167,-57568.21897705259,-138911.93703480047,286057.5760127735,-441459.8843790683,62215.105782362996,-167257.21590036206
2011-04-05,-89763.74982759223,-58146.23678095179,-138746.56029030203,291346.999988215,-440548.02886781807,58783.68053895676,-168027.9398487712
2011-04-06,-86532.346843696,-62273.627343709915,-144659.3955886187,290412.4858590935,-446126.52218390326,42132.81343949825,-175155.45660383717
2011-04-07,-96377.51189703931,-62298.09510658948,-148503.9955815338,290405.8443550643,-451562.33503406984,39108.99189378813,-176752.5078849719
2011-04-08,-98454.18265390489,-63887.865457678694,-153337.5016437018,278072.138384553,-458469.58758880076,41517.97705282911,-176773.38489728703
2011-04-11,-114349.81209504431,-75201.16069011953,-161805.74242639286,256920.85583611357,-477178.4250235092,28786.049993807734,-188892.5266445252
2011-04-12,-122394.26357496658,-87590.2484712461,-175600.51163628072,232077.13353245097,-481745.2920824192,5390.692265163416,-214176.64696546693
2011-04-13,-99726.75289628547,-73862.91501665856,-164915.56101889067,245457.7011418604,-473380.72591091885,9587.27258402425,-210893.80660307326
2011-04-14,-104745.2169172944,-79702.30394701753,-168137.75314852584,250768.2684725123,-481083.1767378803,14248.384551614581,-206383.16490205226
2011-04-15,-105526.73111075509,-76211.48176125642,-162645.5247285075,257863.5654246864,-479472.1182767448,15477.978959612617,-202267.4332474586
2011-04-18,-116148.72504026734,-89975.25168544392,-174619.99573902355,234167.66798293148,-493391.9602197539,-30.776871899171965,-220659.6179630464
2011-04-19,-99641.45714037835,-76545.5095357685,-164990.0902841577,243588.18168523052,-480977.59286832734,19549.843136142,-204769.81807601286
2011-04-20,-83295.26064719998,-55818.680159141004,-136343.96188738078,267252.5315406525,-461108.8041073382,37832.76352040471,-186858.19254210882
2011-04-21,-63593.351239204654,-43141.127939827114,-119054.64571135929,281960.49626772787,-451398.3309974983,51127.8214935122,-168105.1200042573
2011-04-25,-62746.14904996704,-46559.619868843,-123668.51110532376,284347.34791938704,-454087.67212457553,47954.05470328701,-173786.27168250753
2011-04-26,-90952.96340063523,-55104.16432524574,-123623.31022274555,299929.0356277165,-472094.54329253436,62789.31893262469,-160951.66364908926
2011-04-27,-87526.06140518608,-57890.489693883064,-123634.63191628756,308873.12808543694,-470351.2330195952,56205.74246253058,-164163.96814969863
2011-04-28,-82115.0204734096,-62979.75692148568,-130687.47456405609,309831.4970129861,-472255.07257753704,51503.1504719809,-168972.76751914053
2011-04-29,-87237.84231642843,-55723.33508777867,-121258.24274702171,308375.7689503151,-470010.29250247387,59780.529311670165,-161460.24276265563
2011-05-02,-91324.66922171871,-63429.69000639471,-129725.30652317163,289436.1484994457,-476847.6440604859,41567.17707257357,-175855.76075864746
2011-05-03,-85402.58032923135,-70328.54345914348,-144888.98475400094,263005.42506787024,-467951.4030942802,44064.6286553425,-184754.03572005805
2011-05-04,-96249.70255778091,-82522.16201868952,-160105.53446738122,239499.87040315263,-479562.40446556656,22847.509339971322,-200881.3710993675
2011-05-05,-100715.73679794969,-85938.82411589056,-157774.98843367345,257165.92951392708,-479570.3560001952,10061.842243600686,-214041.90493121682
2011-05-06,-113923.48532799027,-88500.23056885198,-151515.05277469382,267511.03689091356,-484117.06361381186,6062.489085320869,-213198.4115240339
2011-05-09,-96829.47767100461,-74685.68704847118,-137397.594215575,278253.1684755443,-468012.49445671705,25502.698533884817,-198481.87046723304
2011-05-10,-84644.0686095056,-60705.84157938981,-121219.21438863417,292819.19607053313,-454210.70603618,42927.7654961186,-187109.453604475
2011-05-11,-99719.41488072748,-82046.7854930816,-145476.28448420906,269363.50832766824,-464714.0586899912,10824.111723410526,-212067.59719119978
2011-05-12,-89732.42356543668,-75391.31071835355,-143176.708485002,279525.1517001825,-454969.29476303974,8565.526078092415,-212819.9878921499
2011-05-13,-97508.76489012498,-85597.02330739023,-154834.28306107165,244446.78537828475,-461224.91934246715,-7530.6013040619655,-223776.36227012536
2011-05-16,-115966.87892948458,-95965.23162939737,-167409.80247304784,228022.5499610121,-470711.4252630205,-11603.621030050468,-226927.71262919516
2011-05-17,-117882.75919550232,-100405.11313526452,-175477.71724887865,210131.53198246722,-476461.91760048654,-24158.40922754891,-237204.72338276272
2011-05-18,-91993.23062753488,-75312.74571558961,-148075.78408585556,238427.4087144666,-454890.8498285034,1394.3680074966524,-217312.69331489893
2011-05-19,-94085.40694778059,-74238.97737506653,-146107.82636560462,232989.25671107514,-462115.39664315595,-4101.135976703528,-217735.71036829214
2011-05-20,-104196.02615413503,-81558.85643934872,-152754.10537966498,229129.90340224394,-471012.25182746316,-14923.471725017125,-225791.8641059367
2011-05-23,-113636.23935086498,-84434.37618140996,-161982.00683001068,207379.7822413316,-481535.66801654495,-31343.640599236944,-243611.31674541696
2011-05-24,-115901.2890922917,-85558.85355845554,-157748.44747185672,196425.0631641629,-468509.6037311834,-23485.607186517213,-234603.777205358
2011-05-25,-87329.26806501951,-61662.939590733586,-137967.07608992513,209398.11965751622,-449193.6414096532,1970.7769662464234,-217062.2949438529
2011-05-26,-72946.9177747466,-48418.25632145595,-128093.61221727949,224885.24399513012,-439995.91948452935,12240.137045097908,-208634.9651412839
2011-05-27,-69890.88295061197,-44309.200709056466,-124829.08169520795,228340.80575368012,-438321.16607414756,10434.022960741084,-203704.82179136897
2011-05-31,-62913.570306173395,-44201.18627454355,-120189.83332855109,234685.69721371116,-435080.0757059159,12105.554099509587,-199533.80748992192
2011-06-01,-75407.55515588039,-58811.863576316886,-142112.738742502,192460.9607895821,-446365.5032095424,-4834.077087232437,-223579.9133795943
2011-06-02,-66460.08031370208,-47750.62682155822,-130908.97702190134,194593.6315543019,-447388.11183369934,9164.54351438606,-214324.75525502372
2011-06-03,-67273.07585651721,-56565.985529097685,-140953.49288058683,173330.7260776217,-451532.915308744,1376.0222138871613,-223501.54303997286
2011-06-06,-91584.73072187978,-83268.11292570495,-163578.61275074707,151245.4053548186,-465691.0822407537,-25053.392358111494,-241790.94025619043
2011-06-07,-96138.84482535129,-84963.52224835938,-162488.0608837677,157403.07869097206,-466230.0758405338,-25962.642258835658,-245093.82646942715
2011-06-08,-103733.86963390518,-95235.0624538825,-172441.8836614025,131382.0752536791,-467037.3163271769,-33581.726266935846,-253770.83327123997
2011-06-09,-96275.80784553813,-84574.50221470001,-161367.82127252128,135961.6573832271,-457965.4357817813,-20571.671277957284,-240070.94689186895
2011-06-10,-118726.71935258838,-107839.8403310689,-182385.58337670623,104609.2787582197,-476227.6606390583,-44477.23999848025,-258625.03825580765
2011-06-13,-132763.80282388622,-121646.76841762173,-199347.2904290934,93331.20146959418,-486518.92240429344,-56429.17419239418,-267530.53297573305
2011-06-14,-113868.34004576152,-99889.8471165977,-175097.55184020096,114353.93539757736,-470651.91558281,-30673.278293836425,-243624.29110977994
2011-06-15,-128598.25373993129,-125184.38196895136,-198511.04520108402,87466.45776712714,-482658.4783898024,-52753.47435353156,-265112.1599851647
2011-06-16,-143512.70975348417,-139002.7696381793,-208907.18771144238,77567.46317891861,-490438.44919916854,-55167.761346692714,-267000.96127047593
2011-06-17,-152569.7997285516,-142434.29239097206,-208584.48410996766,89683.09543139138,-491459.5334145342,-55604.9844904694,-265767.35715282743
2011-06-20,-138519.53789284435,-126758.2021232102,-194626.83245894563,112697.88679333412,-477662.6688876968,-37587.51346705739,-250897.69274894692
2011-06-21,-104801.45515936305,-96623.34051783371,-166960.55488594063,132813.9679174791,-454241.4338353498,-18107.739083193002,-231574.13197193434
2011-06-22,-117668.67546455553,-106737.84033609333,-176944.8051305148,133330.8790492096,-466527.93421139725,-17323.6475465333,-236467.2557245996
2011-06-23,-104255.25502284664,-95782.7574668698,-170302.82322079383,142105.53520540256,-463483.64948158106,-11599.783177280762,-233362.14810664803
2011-06-24,-113239.029748804,-104208.40346370597,-183247.30560524005,141825.4025048575,-467727.3184527713,-18462.040406007007,-244505.4233238161
2011-06-27,-99445.85163880441,-89506.39809584382,-170104.76267152608,151204.11227177753,-456180.08919672074,-8294.806192925149,-234562.87636515117
2011-06-28,-74256.25885196756,-63461.68266534012,-145142.49643664245,172253.14708636818,-443416.74099978426,31802.64631392956,-205960.0534536409
2011-06-29,-64123.19500158464,-55824.1425594773,-138806.13985978183,176716.12968017333,-436099.6277782159,41049.351087300856,-198346.1353308559
2011-06-30,-77933.0643277452,-53911.24595977002,-130702.98640871447,176316.1542470468,-444196.3915655989,55021.578819798924,-185118.21339918813
2011-07-01,-59701.9816667455,-33218.21013730939,-112193.69376561971,203978.74437384697,-437627.1524800464,71400.3431583305,-167860.37754428186
2011-07-05,-46597.581762547066,-12363.57430688027,-101429.43110075718,198769.74926291232,-427179.6694441712,74790.84772304253,-164949.2324811305
2011-07-06,-43712.7065566783,-5653.926146779966,-94326.69772534774,209727.81326604693,-422437.8909848492,80348.450567488,-159528.035557882
2011-07-07,-33078.61398633798,6847.598939054966,-81035.32366263388,197112.7407868944,-412470.3673327677,88979.33415251196,-147346.08669414528
2011-07-08,-27597.15428421265,10220.983981748315,-86924.90309751709,192398.502273958,-403689.5815397097,85623.9272020846,-150731.33719617128
2011-07-11,-50898.90685830283,-17469.57289769333,-114617.53996825796,168694.11062401847,-422531.701467676,60479.05902969327,-175937.6558863822
2011-07-12,-56775.15199597698,-25359.32581822973,-122601.03768317864,160575.62623235452,-429895.1009596899,46968.504064919216,-188073.10601653095
2011-07-13,-42535.036979976445,-11320.48902760695,-111868.8727666447,170430.36812793152,-422860.2483074524,59073.70796901464,-180050.3863000428
2011-07-14,-55730.082635127284,-23370.72983194908,-122903.3187380647,163408.51437531543,-434546.27177397744,43007.46140195328,-191772.33340298073
2011-07-15,-42706.562533082804,-10219.954114974988,-113334.0708616008,171015.6421498612,-425600.26676708873,61995.78353876833,-179537.2503780916
2011-07-18,-48873.79658301827,-19274.854566853945,-122133.67144338356,157388.34556283153,-431078.01153726655,56726.13184596875,-183763.14787593368
2011-07-19,-18962.761310116763,11652.735845903666,-95933.77886177952,177382.65143432308,-406858.2495117311,86032.21501711244,-163546.353523427
2011-07-20,-33378.04127871491,24.90217870434026,-106925.40297004033,165132.20011902816,-414482.15786721144,75082.04755868664,-168752.88534006843
2011-07-21,-33558.72472546484,8427.76244714218,-96746.77402584782,169878.46034896825,-403231.13350548025,88909.41633183669,-152643.6408132666
2011-07-22,-19685.437953698038,14154.138480849582,-91453.51318991363,169295.40182162306,-393246.04396035324,96630.09048036541,-149962.1946149932
2011-07-25,-21103.26153143605,10796.836442402386,-96815.4476552247,169372.44988333565,-398196.4220733233,87155.94891000821,-155504.9395084081
2011-07-26,-31435.266574583955,3340.116024460289,-104581.84734481786,159779.19344622825,-401167.94182393677,87264.18168066697,-159083.21768631067
2011-07-27,-55578.20847766071,-24449.159600688145,-135556.1382169927,128619.23656204797,-425638.6085676061,59149.12264836836,-186935.32434243083
2011-07-28,-52338.66792893504,-26452.557513925927,-142848.5359688006,116485.31679861606,-422777.4362014608,59092.598673115004,-187094.44818111238
2011-07-29,-48857.093597988955,-29486.67730122854,-144479.52060004006,116147.42229215501,-425939.28322648845,52274.58921707362,-194079.62851836375
2011-08-01,-44227.9478640899,-26363.47733356846,-142055.5894585473,108153.66302099582,-425037.9750987562,51026.56308504893,-198573.4512452226
2011-08-02,-80092.19290326798,-59911.86383333112,-190968.47143806476,90327.26925292998,-452651.9094244058,-42351.62808464355,-259170.23727701465
2011-08-03,-73945.90177800709,-53270.937605878295,-184151.70156129816,100743.35703253777,-457524.43200191064,-46668.18981416486,-260263.81174274132
2011-08-04,-138398.15659502143,-119630.18842383231,-247514.73232125174,55013.137143053886,-529918.8279642364,-126288.63430990346,-327559.58133401466
2011-08-05,-118956.03603007509,-110132.43501641821,-248136.01428204242,51595.7731073031,-516705.4021859293,-131196.78113940769,-328372.4738451546
2011-08-08,-193355.82961081422,-182866.69320747448,-321063.2906849842,-13500.55437663244,-583649.9122334283,-199095.78075534373,-396975.01820120064
2011-08-09,-145314.84591246233,-133049.97552813188,-269899.2619909832,30546.28630729596,-533876.3061069492,-155751.72157594064,-351795.5602157584
2011-08-10,-166365.26267714123,-160561.16251760477,-297464.8252640463,-4323.570249108889,-559742.3461247913,-179910.0475609311,-385325.3205708541
2011-08-11,-133552.6927434415,-118802.65811397492,-256852.0045978546,44163.37320368101,-525246.6467174237,-142836.1576507069,-347731.21050741477
2011-08-12,-124910.74774457933,-103739.32861262989,-246179.50395407868,55427.80666139844,-519120.0849198839,-137168.16334036898,-337867.2454826113
2011-08-15,-104513.77317244871,-88579.32707060254,-227279.71237204096,67919.02829581196,-497209.15519866935,-105467.48872050317,-313541.56976839644
2011-08-16,-125166.2332465131,-108213.6338722227,-246693.25919317073,55076.47814885041,-514939.6579819162,-119727.50074024696,-327658.4250864974
2011-08-17,-152741.64361256827,-120436.69333983162,-256681.23180565168,48600.34182931205,-522052.20232482365,-119421.46652362894,-327718.5376298876
2011-08-18,-220868.09536209994,-181981.99987270602,-321687.680498993,618.4678025062894,-579639.6591141948,-174719.3120790005,-379692.92739227845
2011-08-19,-249103.07230051598,-200899.5957599116,-344408.14934128744,-16796.030007022753,-598603.6907439538,-194721.18393438024,-398420.117290148
2011-08-22,-257873.73998601627,-211426.11759608224,-346844.4194432911,-17472.949996862073,-606982.0746835858,-202593.27051396642,-404445.4852801293
2011-08-23,-192574.82799568772,-154944.27616591848,-290531.31133086456,20520.192397659157,-562814.0656115253,-157843.2353605867,-363029.62899283034
2011-08-24,-189829.0377374484,-146128.9064822854,-279601.30609470874,33594.51253675975,-551238.1466558771,-142170.17488505185,-347820.441899136
2011-08-25,-212211.3593256757,-170267.48426477503,-302144.3015828529,8609.115652898825,-568471.9362323581,-165895.53307963806,-368689.5489896729
2011-08-26,-180215.3259559368,-140140.41298252583,-269423.16480865097,37108.95169087062,-543892.4545923366,-142946.12763569664,-346613.4020165453
2011-08-29,-140974.85173732138,-98615.62276412542,-226112.08538821683,70394.77000982767,-517929.8340870169,-108529.10456019254,-310777.28056073165
2011-08-30,-116820.70715234007,-76063.76616034798,-211158.07065731354,90034.64404165276,-511092.5307570684,-99895.28987305735,-299934.1593555256
2011-08-31,-117730.30253155736,-75847.88942949798,-207433.51358719924,94199.05081587868,-511065.07939005864,-97186.6037369064,-295044.5835031484
2011-09-01,-136059.04210804732,-87493.81227088274,-220224.80356449005,86910.8184629334,-517144.64268476923,-114171.06666656157,-315064.3623057954
2011-09-02,-179106.830142285,-129483.64779061131,-258938.4676702962,57749.11793974972,-541515.9601429139,-149976.5985877705,-349812.8296239547
2011-09-06,-174313.50631983322,-129697.84192794502,-265049.204806354,62498.62582372094,-542090.3514437787,-156434.70104369012,-357913.3469647946
2011-09-07,-146680.41237850493,-97019.9761502572,-230290.79718763626,93325.71890498712,-522477.2089468637,-121199.50240372572,-324575.30312766816
2011-09-08,-162230.60637349208,-110981.22582036989,-244926.7875586092,82236.1651662217,-529586.9991021287,-132263.5173772117,-336838.27161826566
2011-09-09,-191916.07839486448,-140928.2725022202,-278822.79073572793,49015.08851821805,-557689.7591820871,-163975.58923422534,-376274.20432470454
2011-09-12,-181304.78999221322,-129950.36555353516,-274698.49900842627,63269.910390619945,-553965.1187750603,-155563.9870160514,-372623.0389647108
2011-09-13,-171707.53195749488,-121966.4745045345,-258329.32701932278,88506.03342614397,-535483.6686333677,-140289.03136260234,-358380.22232811165
2011-09-14,-162920.24737788847,-116879.84253095355,-245213.32747327065,101142.20096186314,-515886.4906170844,-128272.11339773242,-348278.7893234601
2011-09-15,-188171.59216616277,-125452.38617658408,-241294.91921861074,111668.86287738047,-503446.93516590656,-109593.19406448358,-326864.7154559397
2011-09-16,-203626.95275341865,-133158.53923870315,-241565.40449534525,119650.7676785442,-495357.02591597044,-114483.58750207475,-328238.58876634465
2011-09-19,-175079.25546020758,-128168.78339332552,-236471.68687098508,120034.79145124662,-482183.96293836145,-137438.70390676713,-344948.5267927432
2011-09-20,-202039.65431820988,-152650.17205755142,-252195.26772391732,105730.86132080777,-483063.5469657482,-147461.6119493299,-347265.7800007427
2011-09-21,-218924.57669445095,-175455.48704341042,-278027.745280838,67271.93087052862,-506690.32114581607,-194833.86422487855,-382736.59850139194
2011-09-22,-258072.74473202587,-214480.27007545147,-313958.0831226778,27947.148079879626,-546301.7606448161,-244485.86231116462,-420546.355582612
2011-09-23,-286425.5242288267,-232542.3336267395,-319791.40377836546,32333.66608240416,-556848.764571097,-254522.89545859094,-423452.409773867
2011-09-26,-261303.7436989882,-210410.02002676058,-296069.6756600223,47849.51041369123,-533949.4115037575,-223743.77309791913,-399592.73149164784
2011-09-27,-244851.14847963868,-195662.76881078206,-285745.3064763129,62552.75658813063,-521703.85625518183,-206340.80985960632,-386060.77060407115
2011-09-28,-276385.2677733965,-226780.49697719573,-312969.9300021451,34837.70363572924,-546770.2076845552,-235993.29561948468,-408960.7900117179
2011-09-29,-303493.85334055085,-252527.20940548048,-331708.83270614693,5292.024788634764,-552224.4609924963,-236881.71013269917,-405631.2245614355
2011-09-30,-355863.7936846946,-287979.2023632453,-364409.0978408646,-46680.760590358404,-576599.4171494823,-263743.2035058681,-427749.04097004846
2011-10-03,-385105.7560957318,-312746.7308265583,-395760.020928021,-76886.64747178741,-607864.9486735342,-293693.87379493495,-456431.8375886098
2011-10-04,-360729.7630882033,-290047.15622145985,-374161.25343607075,-53191.02987710343,-591774.4169090297,-257908.3361911911,-434825.1184961564
2011-10-05,-328739.73574228375,-260705.68167266686,-347473.6944976339,-18582.47559937465,-581451.2957313402,-218461.98585911677,-407166.9290081766
2011-10-06,-296584.17920845444,-229910.97992601187,-323608.4077969639,19861.983767733953,-573376.3786905643,-185305.64639666246,-384347.5914629651
2011-10-07,-316271.8820409724,-243500.38956327637,-332810.29747626645,3337.2169615454186,-572995.8751755205,-192991.51966627722,-385968.64717234543
2011-10-10,-266851.7172770482,-206439.66536487138,-296071.57852374023,40077.229039833124,-535844.7599023848,-161989.91853929975,-357360.3783072012
2011-10-11,-259477.15086169972,-204189.18490586715,-293894.93036814244,45300.577783601184,-538988.1996111448,-156757.26017843382,-358113.658086593
2011-10-12,-253838.33626031358,-195083.87958195695,-282692.90836920316,41504.34204315544,-525155.9988027165,-153492.2925962906,-354355.4324056617
2011-10-13,-244613.0016933292,-185364.57715941058,-275320.7485714364,46005.90430871997,-516491.6417759985,-149514.8495694579,-354269.00166044827
2011-10-14,-216526.21849850836,-160757.9627835786,-252656.71568278558,58910.05497477019,-498582.6000391209,-107100.62853654599,-324287.5668172915
2011-10-17,-227622.09374949968,-172288.11161656788,-268950.331811179,44786.811004477,-502842.8946720353,-149773.68280752545,-352001.6874286856
2011-10-18,-210642.7482139111,-157024.1628808563,-248951.86523581148,59005.121040361475,-487270.812774184,-128517.13487823078,-344508.0228159891
2011-10-19,-246980.36444223212,-182024.66369009763,-270583.7390504101,28758.538651146737,-502459.2079189965,-147554.97376344303,-352185.0157787026
2011-10-20,-245986.55759465788,-175551.0062524386,-265922.05838906905,23222.24922720084,-495684.2768138032,-143067.52731525493,-344856.47609827516
2011-10-21,-223284.42762888482,-153887.43656627205,-241969.7703293963,48326.549923304556,-464920.94793849596,-130737.04496134738,-327755.6590297084
2011-10-24,-205328.90801863692,-127075.51339141834,-216339.9451570253,62780.90563858331,-455132.24367943674,-127315.79468286288,-325104.57656515937
2011-10-25,-237116.66685415103,-154326.31095129304,-238030.3690445226,24273.327928175397,-476614.9179515311,-141202.40159113458,-338239.9373359395
2011-10-26,-217540.7036687145,-140253.0409988152,-231325.76900910476,2311.540741972276,-463806.5385694312,-120967.21552472963,-321338.79841915326
2011-10-27,-206863.6325222602,-115546.99762560341,-199979.77379066404,22671.500253402824,-445523.54706208647,-105678.25619552625,-301885.782163576
2011-10-28,-192267.44169400714,-107975.186537171,-195833.51620537386,43987.87676638395,-442974.49572820694,-105121.77983291422,-304960.0684578554
2011-10-31,-223233.89338823743,-136268.19730493316,-214645.9450510038,14061.131035385326,-464616.15410678176,-122054.48567102524,-319936.08304471365
2011-11-01,-240936.547586493,-154533.01355743635,-236129.51923186213,-6231.165015858729,-474470.55404398136,-137185.50418971162,-337783.29253702133
2011-11-02,-230302.7715041417,-139658.19242120974,-221121.33507547696,19429.432054211007,-472360.39650442754,-128724.13106759857,-328348.1208406467
2011-11-03,-220307.89983331194,-133964.14185763896,-209484.50490921614,38768.995521651486,-457516.30251089216,-121597.7362917446,-316336.21063315653
2011-11-04,-219706.364628165,-141689.14609555432,-213245.60038187914,35024.66866333832,-454978.1385652643,-129334.26870467186,-324245.7019134618
2011-11-07,-221955.5487793541,-146296.82119966828,-215906.86143155838,35780.8874427953,-454896.0497867831,-127527.81031129797,-320820.32172334084
2011-11-08,-214156.8984203766,-142093.36157170308,-205121.93822188798,43588.79611222656,-448518.2718311696,-118855.1187919988,-313460.32322726806
2011-11-09,-253648.9391402135,-177974.1459376181,-239114.04263706808,8964.487831684033,-480448.15667566756,-141164.981955819,-339425.46337359457
2011-11-10,-242095.75930314456,-173843.92475812908,-234172.97567189392,18511.33164598308,-467141.14938085084,-137510.30231928115,-334573.0264142276
2011-11-11,-219879.0562935256,-152570.79351971095,-213071.02915725854,44305.64364856828,-448250.0722914491,-122650.11022129064,-318980.1898542671
2011-11-14,-230862.14063485735,-158586.41477602744,-219058.47292348804,31068.40393411305,-458607.0613022513,-124705.4103973206,-325882.58066606894
2011-11-15,-233815.5150865954,-158548.89400968057,-212380.54299464342,32140.96996337181,-456174.3163230363,-120474.89914268002,-323161.57704468217
2011-11-16,-259324.6577832651,-189809.66425709837,-240150.30786361505,5092.848112934218,-477879.320933739,-141714.76841202198,-341866.4890535207
2011-11-17,-276076.26422751823,-201230.43120997987,-255232.57942705837,-12760.041103059491,-490301.9612827644,-151725.0799232473,-353177.8733338089
2011-11-18,-281528.84704757354,-208168.35390419245,-261580.54938951347,-17587.90806909073,-494153.1254921684,-154990.91529854742,-352221.5840768813
2011-11-21,-299423.96649229934,-225233.6220840582,-277845.58353345667,-40712.18373804077,-505775.37051455106,-161058.09229992036,-362366.3245906156
2011-11-22,-291693.71843516704,-218246.7371090035,-274286.4878451172,-41878.60201830352,-496862.73786181724,-154814.95056877667,-358547.0565622686
2011-11-23,-311593.52470352076,-236745.2672550218,-292501.4416450405,-59307.52394632134,-511100.6096688027,-175749.94300034546,-377885.92518525996
2011-11-25,-320851.5999228584,-244778.43919416412,-299203.2158743759,-67681.14604517951,-515025.52566833975,-175931.95409916935,-379164.0562174544
2011-11-28,-285299.4828090936,-207561.14141113672,-265902.62129034946,-28324.45642722793,-487058.1799656574,-150792.63759749447,-354488.5051233086
2011-11-29,-277176.3046604957,-204207.17919211366,-261702.5999991326,-19883.504556250555,-482300.0151905991,-142404.5643351673,-345733.1805682087
2011-11-30,-236401.7670502129,-171601.25349808822,-229065.57068352838,21817.576258361107,-447724.5210212339,-98954.39479480401,-305731.83381156845
2011-12-01,-236850.26563887083,-172381.03246740624,-226698.92202202135,22083.49753398641,-445994.08454983484,-94926.95399135671,-304208.88388928154
2011-12-02,-247110.0337475777,-174174.02158119116,-228019.93172562297,16411.592738402636,-454536.01669002866,-103410.6831846487,-310443.8868876198
2011-12-05,-245611.6595208541,-166599.0205935895,-222095.26831503824,17529.773726792642,-450799.4507634515,-99853.02921497359,-307264.4712998984
2011-12-06,-248322.84774943584,-175318.8410919058,-228620.44571563054,13313.737500735824,-452401.4474295509,-95922.81404563792,-301352.92520328495
2011-12-07,-263405.4947531738,-182000.80040836358,-233373.68313671224,629.4843858079985,-456866.81766715477,-90756.55250206689,-297613.1997756517
2011-12-08,-281167.2067195012,-200042.53101863983,-249730.01421595985,-16120.333736425862,-478807.5975825187,-111709.63924912244,-316625.17652149714
2011-12-09,-267673.6430564445,-180151.50397239203,-231193.63482304444,-4145.880458542262,-455653.4620472927,-91787.9759045373,-301348.6896041919
2011-12-12,-289827.6300283098,-198568.15029231517,-247079.1784034535,-24950.956474127495,-471810.6386446616,-106612.94556111385,-314057.33137740556
2011-12-13,-307639.01935272414,-217698.52129137694,-262045.95555127197,-43503.35550561969,-474391.4031284403,-105676.74071081486,-315300.3436063464
2011-12-14,-325784.9905403434,-233417.6954433455,-276402.182186028,-65134.08077255701,-488818.6260811544,-115405.0703450545,-325047.64837768895
2011-12-15,-323583.2418357893,-228170.32980616263,-270480.9455577656,-64178.10982931583,-479467.1983409952,-106230.74559189411,-320985.39972597104
2011-12-16,-319835.9871862308,-225164.7061941128,-265973.632565455,-59833.48315994907,-478471.5420533367,-115117.4905810053,-325622.7686557238
2011-12-19,-324916.7406412816,-229500.98259123942,-270125.0119217491,-69968.66946749359,-481193.5594235243,-117526.795299454,-327619.0104195202
2011-12-20,-295134.21966670855,-205016.2813307375,-239975.89238940028,-35524.18938492508,-458180.28268472495,-96737.63763321453,-305819.17798375094
2011-12-21,-292057.3663550534,-200763.96566906053,-236982.6789459296,-39860.8657028342,-452780.1312641419,-99324.42423880674,-301631.2256505547
2011-12-22,-287568.8407622183,-199136.16377232192,-234757.0278940568,-41388.46606944113,-450791.22118161956,-92229.62900239718,-298860.32385197585
2011-12-23,-278792.8683007443,-186181.2291683751,-221705.93094740418,-32373.497516620886,-438224.9591544888,-82578.96280466183,-290042.4091810368
2011-12-27,-274849.71182072465,-180230.63861245572,-215455.54002824906,-30417.340311212127,-430413.91740214947,-78330.44349135878,-286102.68716696015
2011-12-28,-289020.56550481566,-192742.17126714645,-227457.76806453074,-45983.07033009508,-443764.92329876253,-89971.33485913357,-295937.0336470147
2011-12-29,-278161.2398515811,-184719.95990977908,-218695.75814887986,-36984.45956478514,-435354.2342433047,-81609.13985198627,-286671.3432719144
2011-12-30,-286980.3205662069,-195363.71250714659,-228194.50599238963,-47864.8360015762,-443743.5970057006,-89821.69056951374,-293060.145854861
2012-01-03,-279975.86441824347,-190646.77380842855,-221309.0704208077,-45448.86151168315,-430999.1566679416,-75772.0283289456,-287902.0790854967
2012-01-04,-284658.29934698256,-186370.38627630423,-214191.53664956288,-46220.74028520051,-427787.76312241756,-82738.31450714565,-291026.11814905994
2012-01-05,-276590.16328737326,-173551.94034020219,-204554.0578364745,-44534.31759454818,-406211.1945214703,-75787.97454275479,-287151.8253093237
2012-01-06,-287716.20937141357,-180753.77646121394,-211209.6829339284,-53839.99776988635,-409133.6934914553,-79660.71967987444,-291322.1895694088
2012-01-09,-295980.47024029365,-186866.96654678948,-215442.17966346256,-56950.092447141884,-414685.3235047682,-82494.24573552422,-293452.16384859657
2012-01-10,-294490.2021399782,-184542.29333751538,-211063.6920960237,-53276.835118095114,-409650.7791968222,-79604.76187094924,-287540.96257653757
2012-01-11,-305584.9938548582,-191601.28314719407,-217739.9031879864,-67558.78639613566,-402372.7435898252,-73580.4084045344,-286625.35673682427
2012-01-12,-304448.8939365892,-189564.28077797274,-216681.20273633482,-64578.0870138587,-402063.3508768147,-77396.99817044455,-288148.64425098244
2012-01-13,-305387.6269955,-189611.61553287267,-211461.52943926665,-75209.01067857332,-397178.9885533389,-78402.78841008598,-291802.6638839078
2012-01-17,-294164.548540809,-179273.06919520715,-202639.71101454803,-74180.37297410407,-390746.92150190007,-70392.40224986477,-289603.11667091947
2012-01-18,-283830.455695317,-171344.02920174942,-196856.06249010598,-59017.17740797119,-389035.72479595675,-65749.81570762486,-290445.79173959355
2012-01-19,-289140.47743107216,-174471.15784966896,-197529.72143814625,-64709.39682412158,-389124.19109699776,-69017.73184582406,-292653.4514584685
2012-01-20,-313993.30988128425,-187175.7735732217,-205100.8944807016,-70939.44286660502,-407131.5985526704,-57661.41909277253,-286123.5379968762
2012-01-23,-317257.4291208256,-187248.72013592243,-206826.15921770534,-66661.43530398626,-405702.5637697972,-62548.14677136519,-289634.6337026483
2012-01-24,-315088.92282020114,-185616.18646479206,-206637.69325150142,-59368.79117938076,-414377.4302230422,-65701.86137128195,-294828.38829934725
2012-01-25,-301280.5443351677,-178485.5823395668,-202468.36409496563,-66476.06883121426,-404143.8980004976,-49498.8742258394,-282944.41116801224
2012-01-26,-310348.231005109,-185865.5008556882,-209708.17499204422,-77162.26394562486,-409880.5274849663,-51836.47853589521,-286551.2657492429
2012-01-27,-306179.60913893534,-186156.59856133428,-210599.76340475254,-75366.44221637344,-417447.325905733,-54987.55099737637,-289980.62609789846
2012-01-30,-307735.14839389734,-188937.67066714197,-212002.98802645193,-75513.61634280017,-421782.05163208465,-61879.92294939734,-292834.3318264622
2012-01-31,-301425.9154184774,-185201.99458289446,-211721.60848028734,-80319.42778679269,-422962.88365513616,-58731.516756797966,-286520.3513747828
2012-02-01,-292508.30300385493,-177002.376348828,-204562.93575140098,-71173.41149806288,-421638.45331097866,-49639.56828528712,-278452.8069995658
2012-02-02,-269575.24305435264,-170399.313631745,-198968.63987460802,-69076.60297637874,-422772.160334594,-48257.60614973515,-279143.56141986727
2012-02-03,-255107.73205501487,-155776.88599998885,-184661.2310807219,-52078.86397866778,-417319.8033268836,-40743.948657026325,-275241.145247575
2012-02-06,-254966.5370030639,-162493.05496349867,-189060.5474032523,-55802.48876132353,-418025.85340955347,-43427.656762808765,-279365.7568266793
2012-02-07,-249070.904393036,-155620.42405126043,-182378.74252636635,-50053.68164022549,-410724.23085670976,-39458.82812850029,-274383.31565682637
2012-02-08,-247843.03214612853,-155811.13246754266,-183036.35948396305,-50923.96111045282,-415265.4586783027,-43901.79599561658,-275980.35678874253
2012-02-09,-241949.32731200557,-153365.15306248068,-176563.850039996,-46310.05298134005,-406797.7822106234,-41406.57746875007,-272633.90880447277
2012-02-10,-244329.47697572524,-154104.49250410398,-179059.02421622112,-48750.62042775079,-409120.43858452345,-43082.377229321035,-274074.97634718555
2012-02-13,-230689.86774795616,-140429.9452689686,-168324.7730577864,-29462.137432049836,-401730.8055925867,-34251.533845604055,-266935.23891300894
2012-02-14,-225389.0502083563,-134459.6096893205,-164166.7268510978,-22369.733374094416,-401471.942197834,-37388.86708766972,-268987.3775566392
2012-02-15,-233765.38894492856,-144047.7420748081,-172874.10914395854,-31627.485740151053,-407262.1405923158,-40987.48961380591,-273366.592249019
2012-02-16,-224305.65232169072,-133936.70888556298,-165405.89759416526,-25641.400495218782,-399332.44317255303,-33625.21021200501,-264910.00578431576
2012-02-17,-225895.22373952702,-133333.72521796645,-160132.8262651699,-22199.87790481103,-389301.9796505997,-31395.114066312723,-263986.4486830447
2012-02-21,-229999.6186880689,-134889.6083584848,-160776.43238149997,-42065.055863972346,-393159.1320513803,-40956.298011367064,-266557.8657555596
2012-02-22,-231612.8792304018,-130466.08511039788,-156991.94237018077,-49848.52475740042,-392492.3354294371,-40867.88124299327,-268362.0697294285
2012-02-23,-230189.32753553183,-129829.78062509172,-153787.90837587384,-29298.75620165733,-386693.2054332145,-36312.64574488395,-263455.12693637214
2012-02-24,-226750.40979379253,-128301.2237405788,-150511.26407279712,-44833.1227949591,-389747.968408892,-35029.162123112954,-262545.7162471743
2012-02-27,-223906.12058695385,-123299.21376811888,-145258.5647728973,-36174.99382490729,-384812.7166020555,-33407.66000463606,-260772.70276383762
2012-02-28,-220277.51359100416,-118543.34564069065,-139110.34646685005,-40177.45121038784,-374188.56319871393,-30081.103598909078,-257281.9470608188
2012-02-29,-227896.74480456716,-123175.28630076698,-144246.72123783076,-29157.90697593589,-378637.32269888377,-32694.45553532917,-259248.69299014212
2012-03-01,-212257.8690548395,-110307.69881365073,-134929.7179325556,-28463.292033284895,-363878.0858134821,-26811.71213501492,-254603.4295071032
2012-03-02,-212726.84179823037,-111866.45885231113,-137388.99243457092,-41774.702855114854,-362781.8847677727,-26701.148974594125,-254876.2998463792
2012-03-05,-206483.43249847894,-105736.59949886712,-132594.84292538525,-48734.360372089664,-352013.18660919095,-25472.310924924903,-253437.60858771153
2012-03-06,-218449.2373600834,-120182.39896532397,-145168.54932765276,-80487.10485946652,-357222.9158829823,-35275.873242123715,-264172.56465030473
2012-03-07,-213402.14640387305,-110175.01858436136,-138085.70249263395,-45354.94455959898,-355228.57527925307,-32989.043840790866,-264001.6850770576
2012-03-08,-200952.57554065288,-98266.0330812409,-128657.4488706239,-17316.51698875713,-356006.05127639615,-27022.435060546846,-258194.6839395273
2012-03-09,-200634.49117433268,-90643.37472538416,-122460.4440017326,431.93921085505644,-352547.07696954167,-23590.6081594917,-254793.8077409118
2012-03-12,-201624.43185826467,-90981.72802504053,-122591.05524633461,1953.887009444552,-354183.5535051199,-24451.139866422047,-254579.12851758895
2012-03-13,-194518.86664880486,-81354.8949188861,-115539.31110268444,51654.39804558204,-351392.41688459885,-17131.94935817235,-242664.81310204972
2012-03-14,-196442.56159467137,-82475.00414030757,-117809.39781708232,43957.50043452752,-350885.9492167356,-20315.21973965638,-243614.49590739232
2012-03-15,-197091.51906971482,-83181.94348352421,-117432.34654588028,67878.66894474781,-350791.50940596865,-21181.259463356295,-240474.6648278218
2012-03-16,-203443.34772382423,-89063.03983333836,-121180.71978560401,51625.04821311081,-356856.0053848939,-25377.296436001066,-240316.69732550287
2012-03-19,-197440.80299273194,-86392.06670388061,-118475.9515309432,45060.033234043105,-355698.83685123036,-25276.280513563346,-238981.10647134442
2012-03-20,-201147.80696784053,-86914.51166152903,-115624.7799144549,35706.178777465895,-351921.04681247356,-23790.560123189367,-240806.56679506364
2012-03-21,-194893.22117981734,-80389.70857265343,-111858.75001077811,44503.016535757546,-347649.83259734313,-23996.157482732542,-240394.68332902214
2012-03-22,-193403.32618585235,-80137.29393029174,-111412.78971270213,24507.158520362827,-347103.6713137194,-23081.45808358742,-242361.74800094456
2012-03-23,-187914.1766090804,-79400.71704273706,-111769.66807579907,23531.943873340944,-348829.30977587635,-26633.5337536946,-243177.7019263467
2012-03-26,-166223.7437761609,-59301.58622197718,-93720.8192860483,36619.06063042002,-328677.8199477138,-5364.3076961671395,-225076.47638846908
2012-03-27,-168613.26991160633,-59718.6896959982,-93575.83230895056,55304.89999073922,-328030.7393107655,-4331.902163009054,-224537.28845606712
2012-03-28,-175579.32049775717,-67896.81038148826,-101175.86095760117,58909.75278795001,-334548.93912917824,-13441.506557938303,-231213.02594482718
2012-03-29,-174583.41890855756,-67674.0268064366,-103613.06314150791,49022.276421787516,-332431.436536108,-9339.917267041425,-225058.19781718383
2012-03-30,-181279.7700839686,-73961.27510845968,-106952.33591808988,35028.31701168789,-331041.5496231322,-4826.238490850625,-218124.42511204278
2012-04-02,-168291.44016042564,-59994.52892082164,-93882.99357645729,32201.486135421776,-321287.4915546848,5139.514302465726,-211563.9418946157
2012-04-03,-164343.40021889482,-53956.04148696437,-91898.7043201393,29180.766351555354,-318642.25798292755,-1325.7244400066738,-213891.3262075194
2012-04-04,-175769.44359120497,-63094.74720775783,-99782.0249181151,15093.343435086223,-330179.8818992281,-8942.427420273627,-221122.11307291008
2012-04-05,-163188.85462420975,-55827.00829585225,-88945.64193467652,-1792.8396148482789,-323460.0620304273,-4156.84097410685,-216534.13693293577
2012-04-09,-176496.04568130564,-68094.98215501936,-99358.42083098051,-1279.0009555142024,-332526.19277271186,-10589.152286156093,-225650.34364842594
2012-04-10,-205213.73447822934,-94314.0835361101,-124161.45421229857,-42957.53534912113,-355559.6796324285,-27093.69139432705,-242131.85345659318
2012-04-11,-195858.85744063082,-81602.59381463692,-109822.87020341936,-1533.148377372454,-342730.0648959515,-19337.37674220404,-234631.217154775
2012-04-12,-187383.52454993292,-70232.22902446741,-96359.42742444275,21718.97232083524,-343221.5241186878,-13422.649384180257,-228136.14182244602
2012-04-13,-180965.88404380978,-67587.73651305833,-96456.1791553426,9122.259760031055,-344773.46407652675,-18077.64076473051,-231366.86588948307
2012-04-16,-188830.8402675032,-70945.32912894897,-103671.52957888876,4850.112913728546,-344806.94436866033,-18744.063626570776,-227119.7832827351
2012-04-17,-173114.28828061162,-60222.24368682667,-91211.68864578116,22357.76769792446,-331144.037638581,-8574.663187395086,-217261.3556462676
2012-04-18,-178868.81721646764,-54469.058914081885,-86144.78980451751,9248.328313874837,-331989.62677525886,-13764.830658550945,-222263.34886229614
2012-04-19,-184854.8946480586,-62250.609052652624,-97153.03903949828,-7206.443555063677,-343329.13612525124,-24454.24314377909,-225435.04187857412
2012-04-20,-176784.637605927,-55307.99524669839,-94747.1215519664,11975.930164882433,-334089.1346510396,-17575.753408908855,-216290.2673191385
2012-04-23,-189029.04569925772,-69714.95731961075,-110875.30785888698,-11199.548188221084,-346875.4464128996,-25474.64324728191,-225855.62819979803
2012-04-24,-198605.81593432048,-75496.49667940685,-120517.70559953056,14598.576354792138,-357484.7905190225,-42400.342016125556,-234919.37914442155
2012-04-25,-163774.22230517058,-45870.723883291954,-94332.46084978795,32078.589908546863,-325022.98104963935,-28957.70529706435,-217709.22813402297
2012-04-26,-156324.11855932072,-29420.363402554834,-77748.015967372,70773.03247242708,-308721.41662279196,-16807.97600635256,-209088.744295744
2012-04-27,-145705.87959119142,-23335.90567370137,-67769.78992197578,92559.1099025457,-293888.25597703893,-20639.302304421934,-206414.52691482622
2012-04-30,-159059.06097043608,-34091.80574609295,-79027.98032750667,76694.16347047733,-307418.437116045,-20863.497792466464,-206739.42698310147
2012-05-01,-152783.50595835733,-28616.264612773564,-72366.54442599909,96701.6760461067,-303083.7621981361,-21037.23894521362,-204019.35273925058
2012-05-02,-142044.78200244796,-22240.44092929257,-60238.37235319672,107945.90281830332,-289173.8125737512,-5120.484967501867,-193588.36223045652
2012-05-03,-150571.60145010328,-36520.1462388568,-73935.31030452748,98869.07438346962,-300833.2715250229,-17430.4860537228,-203793.28280064536
2012-05-04,-172116.04834197325,-51995.96341492752,-96304.27028116249,75419.61886013873,-323424.09145859076,-37809.071438606596,-224563.81810705407
2012-05-07,-175446.51345911587,-54520.21843703271,-98214.920794629,80667.89936012609,-322933.4250138915,-33701.920249107374,-223136.2264356817
2012-05-08,-186557.6575631196,-65691.1040590319,-128446.1333357486,63137.389384792325,-333849.43084196496,-47145.444441638516,-235890.62833000522
2012-05-09,-195415.50853170874,-72813.09726794905,-135010.90990757023,62396.19146873401,-335031.904656697,-56088.86489077139,-245853.81805312814
2012-05-10,-189080.54476606962,-65681.77936273334,-132620.37380309709,56432.1303962835,-326037.246826553,-51618.27188289428,-241791.0446583277
2012-05-11,-190717.6517705431,-67151.18667361597,-133143.45785169533,62426.006692229,-326969.2838469879,-46150.16279678655,-239000.534458549
2012-05-14,-211459.77647269022,-89440.99944173245,-150363.46730891115,45327.83111899433,-347178.97036769585,-60047.97458037617,-252138.719944238
2012-05-15,-206797.72922726237,-80885.69803048807,-147855.07324459945,42315.24015640034,-343914.5292994764,-62569.96706734955,-258667.21358196545
2012-05-16,-201882.10915817507,-78279.5173863059,-147296.50231340696,26962.406436812715,-338523.5107996454,-61340.013985383055,-259695.69440258114
2012-05-17,-241130.0566437572,-116282.05191492858,-182131.51667641744,-22211.471165631243,-384079.0083937647,-88591.26040325408,-284838.8971544845
2012-05-18,-244582.5081770492,-124139.19645871036,-188171.41511364127,-39481.93180054198,-388077.47741822613,-89854.40074339636,-287805.48954031843
2012-05-21,-211694.0935381151,-98875.58725086472,-163544.73942383958,-14741.733554100065,-367254.4417950832,-93295.30075349736,-282221.5369208653
2012-05-22,-215123.68444339972,-94588.57220682943,-156349.2073848109,-12341.490476686355,-363061.14247683383,-88881.47020311844,-277090.4768762145
2012-05-23,-196752.40132633224,-78601.12993684883,-140156.31989204476,1665.573434504753,-349345.60721243353,-82332.6085052314,-277546.62323732977
2012-05-24,-200363.11424148612,-77126.56938466639,-136871.09088801546,285.1665872795784,-344818.53963948524,-72330.95051383677,-271012.1574599617
2012-05-25,-204325.3830987284,-80656.88256903953,-139804.4433162415,-354.96198488575465,-344873.6925262124,-75780.7288038992,-271853.2173642813
2012-05-29,-190758.41608716405,-67313.64062475949,-122901.29024420143,14386.640178457768,-334178.23010735,-64355.71263148733,-259024.95942687005
2012-05-30,-194290.87988363073,-74169.57237456951,-137483.78391722645,-10927.51733395407,-336182.84680197906,-79530.89094781408,-272176.0077079755
2012-05-31,-191727.05645131605,-74439.46393147876,-137187.75842944693,-5097.450100858536,-327641.7824945471,-82300.20898459657,-277482.58309460565
2012-06-01,-230195.21895410036,-109970.2283560185,-174022.25450732507,-67499.90303487012,-359380.1224359577,-112641.73733075967,-312176.02060823876
2012-06-04,-213788.6042969859,-95169.82987517692,-167055.30627036275,-94849.47556030602,-349399.73022181087,-103484.6245348754,-307581.5000919517
2012-06-05,-215300.24740290755,-93327.36001911896,-167143.55503229634,-75422.20169837914,-348171.3721592133,-93754.69346061928,-299978.4238491137
2012-06-06,-191032.39787391992,-67331.6679468859,-142096.4636923105,-27012.30521554847,-319863.1280408995,-68796.7547223023,-276795.3178762474
2012-06-07,-198563.08271620705,-74941.72379266712,-146768.56237548238,-26488.668698784008,-328452.6750384392,-64170.040045976384,-274144.5617593807
2012-06-08,-190537.7532130017,-65487.87000351869,-134519.3837151099,-12572.439566997982,-314630.3048657898,-58282.312777177445,-271085.1885604166
2012-06-11,-206357.6901890112,-78844.14822494784,-152556.16246023914,-45621.247748690075,-325840.77153573104,-75759.89506221893,-285318.42241803755
2012-06-12,-191264.34631031853,-65511.54506461116,-138333.6980963909,-28237.45386303171,-308261.50830552366,-62197.327577561366,-274984.8971629944
2012-06-13,-208138.3376874755,-81075.22817463326,-157197.64402305154,-34292.42995224783,-320287.2237474917,-74368.20898539788,-288810.6349367409
2012-06-14,-198622.642799013,-68359.35166549639,-145048.72151721176,-15833.216495970955,-308542.79172447213,-55060.57429636236,-276292.1139342191
2012-06-15,-192268.5165371812,-56131.10133241721,-135225.25738134538,2147.8874032688836,-295349.46115798585,-47018.32831046939,-265688.06935561553
2012-06-18,-167535.3270074001,-34000.212642196144,-114704.80060397426,28636.164402325754,-274637.3489483511,-46828.55906037044,-263302.9007180317
2012-06-19,-166049.27533993436,-28996.743046517935,-106573.00032043093,37154.04979368276,-272146.42050445324,-36173.42907838186,-252967.7891198368
2012-06-20,-172278.96818553173,-32782.243580721275,-109845.63253480195,31070.528406987993,-281709.09097209026,-39735.27567408288,-254567.22381221192
2012-06-21,-195021.4952976214,-56182.270091675135,-135480.58497594463,-5537.676379682938,-303339.80683530576,-67092.56802789145,-281752.245185098
2012-06-22,-186200.23213211773,-39513.88530574422,-121864.64638781869,13632.372976836288,-294360.6187784637,-58114.40100239686,-272978.71579466964
2012-06-25,-199568.53572192817,-53538.47659623172,-134809.1169397757,-10598.111516446734,-309350.5707520367,-70906.62035684561,-287443.22115449066
2012-06-26,-184907.97335442438,-37940.89257440518,-123095.11503375504,11481.185805278245,-298334.60134160233,-64260.32437071796,-280166.75916861894
2012-06-27,-213440.14406101726,-53241.28843318592,-136816.1284080537,36630.9616400512,-344269.2415628607,-60811.02496054393,-274201.67816103605
2012-06-28,-221963.24718062638,-64646.51277446125,-149270.3463876982,47572.70430667482,-362601.57734285475,-67204.61923240143,-277218.7437364886
2012-06-29,-191212.8982974251,-32962.30920607627,-122769.97651963118,92755.41061268633,-337947.5827406617,-63501.204072062406,-264302.8256921445
2012-07-02,-180474.58489784002,-22690.78744623236,-117387.50794013264,112295.13059059138,-334730.42002167716,-54855.63902360526,-254190.87441569314
2012-07-03,-184667.12309808526,-26112.72418465997,-121592.72562943035,109266.09662915644,-338935.63782691077,-54693.95714415795,-256102.8078026118
2012-07-05,-152310.83026988685,-3158.4089210759194,-108323.58447501733,119324.57581219557,-302803.96083874354,-55133.13736247884,-258486.3919058929
2012-07-06,-149616.88408400893,-5155.84654233318,-111761.66754397177,119302.49729072652,-301524.9960794281,-59275.25012045211,-262281.9718300991
2012-07-09,-148867.86390500233,-10122.232102530528,-114149.76277477661,110325.75112586896,-303132.8966816588,-57600.95130453148,-261187.02848640757
2012-07-10,-160324.1394313391,-27683.551751354993,-125046.4662416847,79593.3061687827,-307783.01436514826,-59288.59377326103,-266442.3535423563
2012-07-11,-166440.7760175795,-35651.49532562443,-134186.33277710012,69307.03239331616,-313535.7964843971,-60721.7014486018,-268936.1125707797
2012-07-12,-148646.63370898739,-20703.66181941567,-126158.61258835281,83707.44433438295,-303258.1755244502,-61124.66965368026,-272004.7547920254
2012-07-13,-140748.95251606972,-9830.974025257601,-112926.02342823244,107982.20140261829,-292368.543072828,-43470.27331981015,-255986.71946855992
2012-07-16,-138835.5690735886,-4454.040925159257,-114109.23448349141,105410.83935733777,-294258.50810079084,-46322.67497796674,-259354.1812656333
2012-07-17,-133000.2383384053,314.26340643144067,-107662.68969767744,110598.40852732008,-283703.6477960681,-42369.79515096686,-256861.75509141566
2012-07-18,-135562.54662270134,-2060.994607318491,-106465.11490555765,99942.55525252782,-281798.7898115905,-38832.79648889006,-255385.6130232666
2012-07-19,-136071.35870285862,-7628.791800736981,-96306.65635500956,90618.92121789261,-282641.32491143275,-39395.81128943272,-251812.79686966955
2012-07-20,-148454.276555759,-23101.458764692885,-118038.8903825903,91059.18117352619,-303703.7600030702,-47299.584553251705,-259365.83725959813
2012-07-23,-151020.54189778652,-25595.97291902066,-124551.77567909381,94048.09728334729,-307372.92516145227,-56185.023071987176,-268001.7873649771
2012-07-24,-157850.1574340763,-31449.192973530826,-131829.97445357768,89193.84000602149,-310053.0241237766,-59773.17959753018,-268581.18086539273
2012-07-25,-155010.93580865904,-38821.245930132754,-135499.24785056623,50934.15805416468,-311620.7580062862,-51129.35728336635,-266832.57816441794
2012-07-26,-125374.89158650998,-15127.825098177727,-111666.10684451339,60558.354469195336,-298407.5758708425,-28130.787713414855,-244835.71200653553
2012-07-27,-118613.28519533825,-5023.6807699331475,-104235.46732006129,106922.70220449963,-286548.1468877862,-5479.231958156393,-225531.22365764555
2012-07-30,-117920.40162614809,-7041.067143873925,-105658.04450068706,116605.46396887007,-287112.5642464212,-10729.084436689991,-227208.8198258576
2012-07-31,-130813.09294088033,-17669.897027986102,-117142.92217261824,123454.26776579837,-301606.4694355212,-19694.973033033504,-237299.7710477923
2012-08-01,-137847.5245663628,-25153.288717459087,-127176.91910320328,107977.59733007806,-309652.1568001028,-27634.19292234241,-240640.63129198898
2012-08-02,-141337.9979124391,-21518.514846460334,-127112.24467138016,101812.24561458646,-310214.7372649447,-32300.020077741392,-242233.49254001767
2012-08-03,-115268.73840142165,-2618.644953443825,-113076.10106904409,123962.99138732036,-290126.3579806353,-19482.265459333994,-227988.17156451388
2012-08-06,-111520.3474949344,-1384.5593823518793,-113224.0857873238,136117.7672897367,-295604.4181004803,-21829.200443321075,-229280.74484897786
2012-08-07,-89243.72099727401,14362.506499781164,-105087.34870149527,147875.68224429127,-281772.1165078598,-31712.62343844209,-236197.30410918503
2012-08-08,-89634.14195600245,17682.22374620282,-102728.50902838193,122913.61263898492,-277344.368898443,-33297.21619466778,-234432.50832159532
2012-08-09,-111280.71061002281,7946.084595470362,-108773.7396481131,102026.54119643607,-305187.3773714789,-34028.809420024656,-234751.92059993054
2012-08-10,-124218.75867400595,-2530.8949224026037,-111975.49990152045,70687.09965951914,-330240.6120101135,-27040.69039848315,-230133.5806380019
2012-08-13,-125580.05425003887,-3815.272917746581,-112983.68436969908,60427.411726015736,-333301.8220272513,-27270.922667608145,-232146.15690078776
2012-08-14,-110850.36204024561,10422.527513725028,-101641.0510939837,71180.13734925343,-313652.27411093074,-12391.27525642806,-223446.13706296112
2012-08-15,-110249.28432255793,10084.866071336353,-100456.35111185003,77590.27343074532,-318322.28544889844,-11270.535176248239,-221079.03552426433
2012-08-16,-95860.15614649907,22933.328035081802,-91425.09006927913,83365.90215392104,-314687.0210912594,-6485.1313789792475,-217987.0668949645
2012-08-17,-79717.16201503738,35878.71186151362,-85899.81074324729,84707.85656638621,-308721.1984083036,-6435.1218434128905,-216937.17324483587
2012-08-20,-99153.60891642472,23715.683920665615,-92153.1905798373,87550.91502772414,-314108.49115151895,-7866.979081482602,-217683.36363769238
2012-08-21,-110681.71006952494,15609.524708414396,-99061.17863935829,83065.44817677728,-323883.3860790247,-10437.662398185563,-225849.4307485065
2012-08-22,-85231.38571798478,30552.29831039777,-86458.6370043844,85349.85727488973,-320198.51840474224,-7373.814047969892,-225264.580819601
2012-08-23,-98995.36570628849,22336.37834265659,-95511.56722357825,84037.42424496083,-334388.68129173573,-8841.147531427847,-230664.82575705939
2012-08-24,-85947.82639255068,33604.32423715834,-87481.7153550829,95892.01644804844,-321438.9312399044,-942.4436237881546,-222383.21939266994
2012-08-27,-98455.97811469814,23524.781718982013,-92971.20672099348,93441.5616992493,-323132.42821606883,-768.296440703205,-220632.5694949989
2012-08-28,-98802.50078494685,23125.963638258283,-94263.97442248248,99140.37799966944,-322637.22036486986,-1960.2819450808065,-220731.64770601928
2012-08-29,-94806.31823436021,28445.435705683507,-90805.6093746056,104695.98761805407,-314472.4952824135,-1153.9647906819791,-218769.31228647358
2012-08-30,-105457.89761399612,15496.262158908008,-101165.56973117776,91463.48268173185,-332829.38327290025,-6367.8684415966545,-223620.7174936529
2012-08-31,-97947.30321147223,26296.17397672038,-93760.56863855766,90502.90130579416,-334933.3358629205,-3041.03192522099,-222263.31728835104
2012-09-04,-86010.69419795932,32014.73615572384,-93227.95463715207,105319.45271188556,-327756.42378561565,-3006.013272617965,-219319.1513361781
2012-09-05,-84813.44297546662,25920.087472379426,-98604.60552430408,104613.63341004546,-335223.41232555953,-4226.357857324067,-218200.51557284716
2012-09-06,-64467.17882221304,46501.49397679929,-75708.16761135659,121455.08545713354,-329269.73798379744,19727.712958202297,-197032.52884317757
2012-09-07,-72794.66221002414,44503.52629250013,-76057.02419131913,124676.760618852,-343671.3026591893,15919.322367048178,-197904.44083554304
2012-09-10,-91446.74612344468,33206.43690126937,-83803.14707420324,111627.351313592,-349657.86295961775,12425.294599730289,-200668.6128994979
2012-09-11,-84345.39857438335,37169.37735588158,-83849.84425013533,109095.29731926256,-354375.5792479162,12445.082512294364,-199734.94481993126
2012-09-12,-59060.3036024881,54622.70652941018,-78732.0069747396,113650.52486022317,-354197.4374038925,13424.00448707481,-199352.3167649285
2012-09-13,-35642.42872991237,77132.13062848925,-57177.55047866748,130272.797544687,-339581.6736485817,28089.67349911872,-184066.0631890283
2012-09-14,-11100.302511704867,94683.20891286188,-44051.18844696778,130825.56348891559,-342796.11585775414,30553.893110182966,-188967.25770534718
2012-09-17,-30571.3931827833,81820.29887508994,-52034.96520347031,121394.24901625482,-349724.47536600847,24709.300310394414,-192617.1885485961
2012-09-18,-45558.17526911916,72970.76538135397,-57512.010416372126,108940.50945612008,-357688.4734830601,25093.73905334677,-194055.17367326276
2012-09-19,-23717.94140425427,87524.87206535689,-47904.93153997124,120040.23442177667,-355081.1193077235,29438.10137875768,-190703.48085896496
2012-09-20,-10615.548782171696,92378.80219987451,-41118.57488432005,122703.71697287094,-347330.0674926788,33124.890341592596,-185305.5121373104
2012-09-21,2440.2802470111674,97630.79696421497,-40095.86186003424,135641.72511546983,-343125.82083080936,30759.106730149295,-185759.22501954946
2012-09-24,-5577.553698021025,88282.13475438752,-46706.38154478547,124278.31109623259,-344295.9277455439,32230.682999492426,-181428.4359957764
2012-09-25,-25126.639803092028,70815.10496152833,-58272.89236486501,108433.51893453217,-355693.7884249889,25474.23812623055,-188861.69158177724
2012-09-26,-55504.17528252181,50137.2695827197,-72330.25417801854,92955.60661168105,-372083.60814647836,13443.750380446356,-199148.7117608435
2012-09-27,-38241.69979317536,66874.41776916449,-57123.063866072596,109619.61332394613,-355932.1799796506,31301.075732536417,-187890.97080259843
2012-09-28,-53668.65020494269,55916.487119342615,-63489.308967265024,108922.55307968539,-362898.7781689466,30638.24816579201,-190849.49441746125
2012-10-01,-63402.3109938424,54225.49798735244,-61857.90883890842,105386.55870861185,-366296.201924516,35155.84387436814,-185414.14696756887
2012-10-02,-56199.62120877107,62412.20590476072,-59140.15417713749,112869.09924490245,-362967.8637757113,37689.24376901366,-181160.62983444915
2012-10-03,-18341.855502033584,90642.30298557987,-42597.91427342598,143121.9207475736,-340746.61866131035,50923.21000794879,-166784.16521240948
2012-10-04,-12164.542382009131,96997.67285589657,-36472.10217040755,149828.42025108205,-342164.5328166193,50104.593437691066,-163437.692177166
2012-10-05,-13453.686162365513,102690.00592628021,-30802.740841397128,155651.83620665572,-335295.4089487194,57728.39198923922,-158026.04067395366
2012-10-08,-28007.852890775768,91013.37753255625,-38512.700282066005,140921.90738192815,-353616.3850513293,48406.78465629182,-162351.5598488098
2012-10-09,-48177.225096571165,63693.69363192824,-59980.92590471284,77034.48686178176,-373595.4402014045,32275.461476636,-176847.0208568781
2012-10-10,-45790.857341430936,62817.457059149994,-64995.81554338476,87819.54954281438,-377279.527202529,21860.645946184348,-184143.21292006853
2012-10-11,-55981.23226257632,57873.76526297862,-71923.64811004716,76673.23376674223,-389581.90217587724,18944.68950945831,-185359.31963618813
2012-10-12,-69418.59814876226,48772.74286165535,-79033.26838286385,76173.35461696432,-391264.07081374683,20564.602706841724,-188433.00411626286
2012-10-15,-41718.266071364065,70715.52247476854,-64006.64002824021,93105.49149241147,-371203.59763969894,34873.50920161451,-175775.75619766174
2012-10-16,-44691.703289978934,78940.36450605314,-55010.593485276055,102363.06753914563,-362648.5507780561,55207.37035992666,-159144.32030898787
2012-10-17,-21744.220157923082,96201.1768181691,-42996.98434133483,117516.2881375699,-354653.723333677,65126.3268117223,-148518.7680625496
2012-10-18,-17830.456612472717,93905.36258351491,-42931.77981786857,112517.63641017902,-352563.567455186,62264.944723535205,-149284.95587692238
2012-10-19,-18428.24844023696,85055.89988218297,-54518.32548489822,99181.95233001484,-355707.66512864456,51918.86474287657,-166764.16813872286
2012-10-22,-15716.347671650663,88450.01349091696,-55398.6589462725,95139.06257772756,-349085.7784727581,55978.47761996101,-165895.0999883223
2012-10-23,-39106.69589373363,66115.12952802866,-67695.84836723142,87977.65115495562,-369634.97706369293,34427.412432004436,-183169.40029027007
2012-10-24,-30010.12656901427,74117.10251368364,-61757.41762421783,87880.33250342877,-364211.13511194376,45677.40459305638,-176780.80356310055
2012-10-25,-39786.07625420074,56909.07151809675,-68680.22395101248,77233.42885777765,-385842.6513413224,36798.11203045116,-178185.2413929491
2012-10-26,-42845.34453961199,51032.3059409563,-66345.97260897524,102984.99170826528,-385026.4881015712,41535.228686462884,-177692.86350965386
2012-10-31,-43471.553979709715,55837.5162981679,-62779.027922686306,107009.06059697359,-381588.29754810483,41008.89160098999,-181150.36830862873
2012-11-01,-13562.065512271925,82244.16519318688,-45412.15587646108,128859.04669515138,-359921.09037957125,53576.17081932144,-174414.20658439642
2012-11-02,-39485.94509220717,62724.83966712261,-58971.39748046754,109592.77921760948,-376223.9042623858,44636.3033938091,-189013.54383690748
2012-11-05,-14061.931629462142,79302.85493308297,-46302.09194281921,130416.48375035322,-359982.1464163591,47976.53177990315,-187089.84364238658
2012-11-06,-2812.1284552464967,88855.82742403097,-40511.96584787987,136001.8611584193,-347647.46256846265,50723.68552897057,-181903.9430411672
2012-11-07,-14314.629917942655,74675.87681052733,-55711.27522946185,125599.07149874186,-361188.13719992014,34095.91202568764,-201311.43944547258
2012-11-08,-27256.242512647597,55688.12092816466,-73559.23205150462,105913.65602379479,-372811.2277650252,23265.27700921523,-214669.30236930648
2012-11-09,-44228.27587337121,46468.678179143564,-82766.29225449073,95961.4513577616,-385967.4476432651,8213.65049952607,-218137.67997748667
2012-11-12,-78539.34327187808,34326.13213181867,-82184.15978891913,66324.92528664938,-388602.5044339409,36688.009377209746,-205156.45009605866
2012-11-13,-84749.79389475769,38077.71016827987,-79728.00044436935,58086.20084060359,-381391.1216573724,39606.43292550949,-205972.53756807098
2012-11-14,-120813.73166994759,7874.293569737012,-103836.90208960495,24786.87807762828,-412287.50496879005,22216.313515756832,-223613.63039688652
2012-11-15,-122541.06982005155,1910.4902858449932,-109748.97592115906,25026.575684817057,-415701.93103293434,20499.81041140016,-224520.4613151518
2012-11-16,-100003.02188408437,20150.381351167667,-95916.75876914656,51980.2057321592,-397363.60166342504,34856.5952455728,-209696.5491736687
2012-11-19,-80162.90794430336,43204.846248678616,-74538.17920845456,76799.24986577878,-378206.9858571178,49979.88626733637,-190020.14421172036
2012-11-20,-58389.13797003741,58422.009587646564,-60384.23667107345,78411.88923618023,-361111.01331724087,55708.20888501711,-183280.30732808658
2012-11-21,-54866.809525306635,58491.17308417875,-57344.40236975318,86522.05652832708,-358566.577024728,59110.16976401658,-178181.647110013
2012-11-23,-45270.63706719424,70946.78065120021,-43460.103399570566,99425.74361174447,-346679.1175549172,71149.71401320666,-166792.302343901
2012-11-26,-49162.72701943746,68041.56094814985,-47624.27990269141,101090.85243758462,-351626.60295996955,61963.21598728778,-174631.30165470357
2012-11-27,-49965.72671452392,64959.46027423707,-54066.433378005255,110434.26405616284,-355503.7190766444,54687.48360434002,-182763.98374252272
2012-11-28,-53516.78010314574,66244.57714249635,-50522.91126983182,119752.72029741132,-352462.36514426296,62760.86316861714,-175878.08608690085
2012-11-29,-51210.469676479894,71705.71441055498,-45342.334465776,118318.85964785589,-353438.0966004645,67902.02137389142,-169026.4362204625
2012-11-30,-55240.23823625466,69825.0472620329,-45340.144948153684,124413.44491274672,-354202.22703091736,76167.97033732678,-163138.76760814543
2012-12-03,-59718.00553178029,65618.31854847813,-49224.49055115213,133092.67092904673,-353946.97866747057,70371.19708682169,-168738.57116867456
2012-12-04,-60301.229692931935,60838.9525212564,-50624.86026636219,135894.63599087877,-356135.4190605542,70341.14158966616,-168841.83456931607
2012-12-05,-75610.02312246211,46994.4254429532,-54149.68789052304,124711.69453878625,-372990.56037493865,76413.9138396431,-155914.8065932587
2012-12-06,-72307.18662148126,50608.53715039695,-52315.34442790547,144323.7722810495,-366236.4136748478,78670.28859440368,-158986.34453025056
2012-12-07,-61086.55419720342,54987.419731256006,-45587.46347484837,147214.12009856547,-363628.5523757726,90564.11981556597,-149616.35208424545
2012-12-10,-63495.46928528892,54572.37901964831,-46250.6568564574,145779.54622499153,-368225.7153319793,88772.85720139058,-151944.94491657123
2012-12-11,-63064.06152605824,61033.40707866969,-40376.39507881035,151921.17842607608,-364533.532887514,95565.42311256286,-142305.52429277837
2012-12-12,-42835.1670701672,70698.09827013098,-32540.245347418662,163107.26704793473,-353169.91371000605,101121.86743294235,-140970.61295954953
2012-12-13,-53059.11541102025,58453.59492776017,-42788.89519562794,161499.00050990327,-357652.41137988144,88430.99585806642,-152036.43244791104
2012-12-14,-49478.38136020709,54449.4955919518,-46334.11788620805,173583.46449213676,-357942.9034148843,89160.40809101863,-150884.52767277922
2012-12-17,-8641.245894403619,85102.00790581104,-21829.48843197411,181391.22356009003,-329671.7666145835,106466.40833745155,-131196.51735451547
2012-12-18,6890.560180237386,100461.58319339674,-5800.380955528526,189110.1682912177,-322048.8626620762,110090.9105312939,-121275.1011480399
2012-12-19,-2095.7744586107437,92059.96391424001,-15076.175173759853,191301.0460033022,-333103.05637856206,100814.5283016841,-131258.69248579006
2012-12-20,6315.6987102304265,97536.45065080532,-5791.978073127524,188212.8014487545,-325605.60245789535,104743.20383995025,-120421.36586343826
2012-12-21,-9416.913307321507,82261.91371584876,-20827.57216074457,167048.5707473979,-338614.81102539256,92573.7713391223,-134447.74692927697
2012-12-24,-13369.977045476026,81832.67182550144,-20375.964768942184,157640.44477008903,-337574.96622603625,95660.66082361471,-133240.9569778239
2012-12-26,-15786.151189656963,77460.74614959561,-24321.055001265773,153595.2565144027,-345046.87586582,100863.7678580188,-133531.67006520648
2012-12-27,-13860.866565691944,78918.1992097758,-24661.54162161435,153414.14290842784,-344297.46622745454,97696.95878394172,-137386.86419400512
2012-12-28,-24787.05801240997,67150.00922223243,-36050.674576975056,141927.02728707544,-355427.5080842337,89033.58329415371,-144937.91940132205
2012-12-31,-414.92196073442756,92463.74284814359,-11514.563333690247,168745.53339456336,-331877.0002152495,110471.87593990652,-126252.7653950145
2013-01-02,33272.11750190409,127002.12603736525,22733.00666462,199070.8875217913,-300996.3538569999,141456.34813289734,-90846.58092784269
2013-01-03,31023.323722529603,119058.03593439222,13556.996718200906,207505.8035902018,-306798.710058197,131457.23662596245,-99314.18421213166
2013-01-04,41052.89251127178,128469.16584673249,24752.021270551566,208153.16579975223,-298875.01302707184,138523.9451258115,-89547.38387127302
2013-01-07,48587.38144078858,126104.72521363001,22034.44509154476,187983.75411734372,-301757.4296930907,141978.99241286574,-87024.30687528716
2013-01-08,51159.420789510434,129699.6166631432,24689.780271328316,182441.12472825585,-292503.4427929502,146277.88356912843,-85710.03028038325
2013-01-09,46984.081212036035,137224.92039851073,31091.888223379858,189513.30735704323,-288198.3584379699,138558.30914318937,-88282.65763643949
2013-01-10,48849.70290875592,139384.4079201143,35095.28105835794,195028.97436592262,-286986.8951885836,150513.62871055788,-80361.24830206059
2013-01-11,44003.35519467427,134897.06240720386,33071.22078358696,188959.28905177288,-290577.11874737684,149374.17814248436,-84771.51542365368
2013-01-14,38791.9632105719,133446.20707480877,32546.095932359938,179585.52239459107,-290833.63878597063,148504.43154861606,-86875.5705206452
2013-01-15,39409.8176667911,140718.6437231471,37323.201431219175,191881.96780350135,-285905.76380427607,152346.6669759325,-85219.7631435596
2013-01-16,37485.15476937677,146088.60359336127,40642.411085248496,189097.35245271667,-290397.86429467914,152523.25017551973,-85189.49843266464
2013-01-17,57401.0181694037,160882.73131956218,57483.5769297987,209314.52341753358,-260114.16630361788,158530.88214345294,-86259.80808972832
2013-01-18,48578.66590619028,160197.94013633224,57735.51152023159,197948.11030373935,-264594.53775373497,162660.85203243323,-93834.70143041079
2013-01-22,57319.578145241,164630.30423746494,62623.65864541074,211607.40396889098,-256997.71907676524,160887.90345026864,-91564.49848507304
2013-01-23,73540.20731389652,171160.84869882173,66824.52280229278,206749.67350094384,-244873.39570881502,163395.5704448308,-86460.70245031285
2013-01-24,83725.05967924124,183466.86474834805,74525.93543995255,211607.70684633654,-240127.69255232267,166399.56050352193,-80409.58534795036
2013-01-25,103509.88445135497,199648.96506544127,86394.56562748182,222057.30071189743,-242520.71336616983,169754.802006508,-76717.97321981961
2013-01-28,84924.43948868019,187878.43461452622,80495.4343919013,211209.09678056074,-252072.44463482688,160057.76078100735,-84029.66186005407
2013-01-29,105944.46986672787,197436.37637867115,84715.707153711,198095.58880108412,-241513.15176450068,164550.6902403117,-81921.5028450005
2013-01-30,99058.01792200649,193903.7477439006,79802.88685774116,196689.91829936343,-245737.28039816575,156794.6434988763,-87271.85807542376
2013-01-31,111497.51811199402,181960.63682094286,71899.5129972113,190887.17408681876,-234725.14011446084,149102.90072944568,-89230.63714242924
2013-02-01,112920.09461860938,192750.1487185882,84074.95199509295,207806.3140523488,-226483.9430528892,160419.94897835035,-76466.29137372691
2013-02-04,96727.19466171929,173745.93695551888,69120.3059830312,199899.25816335817,-233150.69643817918,144903.45758124528,-92431.97345007233
2013-02-05,105054.54094293407,190313.58120504813,83037.74833180476,236645.66700098052,-227466.94613646853,165007.28986909855,-77032.6197195777
2013-02-06,96035.28986692509,187946.12739175564,80906.90204251926,238510.92334852996,-233180.09482949338,158011.17908173482,-78353.61432174165
2013-02-07,90517.53159381656,185201.28165012528,79185.7368317923,237785.6879928505,-233294.1730186225,158841.1939291167,-81143.29283596462
2013-02-08,99261.18087284593,191670.6573348238,85807.91443685663,241813.69334241608,-222291.95777541952,164279.99519607553,-76838.12639722248
2013-02-11,90723.93766346062,186617.86190239183,81114.71269569125,254536.1515764851,-224858.19699600336,155911.34668698363,-80655.76468606602
2013-02-12,116731.8304363799,203915.8525666712,88271.45903423105,270004.80570513173,-221612.4480874345,162022.89890403158,-74545.49817351192
2013-02-13,118130.87847502777,207098.39536812835,93718.81324006504,265488.1469496778,-212902.12634334445,174253.21410964415,-73507.96827598943
2013-02-14,121263.12709190899,242343.27698495061,108300.47402458408,287502.88878651307,-213135.11253140657,168274.13981878696,-74447.31788794819
2013-02-15,117097.95150882032,239058.1656472873,110033.89105706476,280649.43578857003,-202201.5025778065,171417.45760987443,-76048.47285985755
2013-02-19,107988.32133316796,231885.3990185606,109071.35940928961,308394.54755423067,-210941.11890633055,179969.73273070023,-67531.03232810514
2013-02-20,64510.5165154727,196764.4028248708,74434.27908422031,271129.730614146,-230877.61252860667,165137.26077254795,-84867.81776274648
2013-02-21,72370.3821084304,195629.9088032036,69773.84238850017,255745.58339504348,-242481.2294901521,140224.16463745077,-102082.08115883071
2013-02-22,83997.93231719489,208600.08949356343,81313.37422137265,243493.36161848245,-227959.7075735689,149686.51660684648,-89849.32768863523
2013-02-25,57806.327109753656,183832.7474129275,55149.31192339281,210817.37647661858,-244831.9857476902,125862.14933958203,-116857.35095537614
2013-02-26,82108.1468182755,200729.78471488252,71439.94318786563,208545.15917292138,-233868.9614797988,141660.98248713074,-103518.14215665672
2013-02-27,99498.80806101186,219005.10364200882,89374.15347567158,198699.92531734315,-217740.24660453733,154282.35989872503,-89323.14123148838
2013-02-28,94252.05093152769,218218.66721463553,88521.84770035389,199118.3032978333,-222073.77032856274,153552.71059579463,-89558.58981299185
2013-03-01,94917.04861893549,220123.38082869773,95081.03453635199,196592.39789360994,-217571.04748784943,162131.4252032878,-83379.16970818453
2013-03-04,113027.68320340085,230940.15770047213,111191.61227316923,195261.80700231332,-206320.49053791916,171151.1188609319,-74366.24019345555
2013-03-05,124640.4740801962,245826.94225958042,123723.9915726808,213763.74103945703,-198596.2837986474,180789.42564901596,-63464.63267570184
2013-03-06,117660.5750588623,240895.6102537638,121885.3913646575,224303.52205833612,-200729.28704950292,190607.29255283845,-54219.0365193989
2013-03-07,123013.51563276976,250137.17272371135,124957.35088042861,234939.5328045308,-201200.32923720326,194176.03606711637,-51778.535236276555
2013-03-08,127411.6884247244,258726.7277482441,131538.8626551105,252715.17111765817,-195871.39781009028,200365.72555767724,-40551.51312371424
2013-03-11,127412.7300984328,260110.67213609282,130561.2987173367,266766.85139912926,-191285.6784061438,202276.956137272,-35315.73376983626
2013-03-12,118367.10871356506,256462.72944742616,128624.7217497655,273487.2856437682,-196208.32369477887,198626.7015804118,-41468.5174141321
2013-03-13,127495.39078698082,263772.4366757803,130069.26673757193,289908.16831751465,-189749.06659911145,196183.33034882482,-43315.67741399161
2013-03-14,143676.53325869236,277841.2212911607,140886.48034416998,291302.6790571356,-182405.44696991539,203168.3757625296,-38036.92512539763
2013-03-15,148020.05272865485,273429.64912770275,136236.16218675184,275556.6376713061,-192268.52147036768,202386.07828263164,-43064.09716061066
2013-03-18,142802.85530154605,273310.48022199323,133943.57988597304,278000.7614761517,-189259.2714275665,201253.04779399553,-47160.8735206891
2013-03-19,134238.73768639186,267475.80352159205,130125.54111783847,264834.1566249944,-188046.6797791556,202574.73915044553,-48655.70388701213
2013-03-20,152643.5974953795,285028.68418730685,148551.58076924746,281287.174831401,-175182.29755693307,210554.52400813057,-40011.576721591286
2013-03-21,140989.82849479595,271672.2415318995,134585.74317457317,272741.4268136913,-185471.5408158998,204129.86407258856,-48882.333979694886
2013-03-22,150679.77127436374,276644.4425733099,137729.51376637054,282955.9962793995,-176371.1459294446,210168.01837926288,-41985.24979023677
2013-03-25,147901.9133657159,273046.79407796485,132413.11424551727,287764.27685314184,-182086.92783223835,200643.83453646992,-45919.069466674686
2013-03-26,154543.46413460755,284515.02378501423,141297.79995549185,308793.9711785552,-172095.3697392518,204156.11590833604,-40913.05070724205
2013-03-27,158072.00921984712,285175.6331651103,143367.23964537247,306637.73799206794,-166507.99841813237,210654.84202335047,-34259.18287056529
2013-03-28,160066.66569078146,285267.2792950664,146464.3264595482,303888.45034033584,-158232.8095323298,217380.95063498663,-23153.824683890827
2013-04-01,158531.84088179976,274625.06359977176,137608.04270623138,295330.7135956169,-165300.66925908995,206939.15100802184,-32160.484310266194
2013-04-02,150384.13645730622,257616.63646008915,128721.65385529154,276623.4148921911,-174129.77591441426,206973.75473681997,-23742.177982055582
2013-04-03,110307.91992518077,224272.31908605614,103494.7107438262,232595.16190676842,-192525.78788422383,191733.25557115336,-36661.18496366766
2013-04-04,112822.92323126644,226532.3737718381,105773.28442074085,229236.9605558865,-187106.58446499196,197157.91918147806,-31523.941182770468
2013-04-05,113797.89921828202,227826.42978045932,104752.66990237197,225216.56738194538,-189716.6417075549,194967.1441637355,-34390.20274957072
2013-04-08,124144.04486646593,233784.82128896972,112772.43820738026,232198.21068488853,-187880.71043230972,201608.4280707697,-24523.877953193667
2013-04-09,127616.64217167403,242622.05156517756,116542.04731526386,240527.76800805097,-176745.18447383103,212806.59910876086,-21940.575462433004
2013-04-10,126008.77990029517,243950.49263146974,124143.32804062178,233124.2239159761,-167786.19061823876,222271.87596894702,-10335.635859448303
2013-04-11,137894.64662388086,254020.11353828124,133832.10872760564,240921.3887656627,-158483.2211901013,235530.09341997086,-973.4400211306493
2013-04-12,132189.29596691034,247061.07413297406,129780.49880522258,233873.02718150237,-161352.27689570098,234647.7225088499,1394.3896716818126
2013-04-15,86329.31409404112,206364.07693643877,91293.02287193187,200464.09074942983,-179742.80064067538,205954.42411330776,-28152.371322106912
2013-04-16,110365.65136963142,229704.68179695602,112676.89671637937,214080.88611057107,-152688.45597060033,227442.0186297372,-10882.503535221469
2013-04-17,94681.2919596163,209443.61233025778,93025.85986570644,184345.60477525264,-166600.5607344794,211448.00467977175,-22796.680297192288
2013-04-18,77681.4672672659,199821.41585070745,82817.76280504094,174550.13469076095,-166905.48213543478,198338.34163185823,-37372.88995458144
2013-04-19,103065.10897481198,221294.01864110294,98191.69069905172,192629.03192335778,-144275.90502570017,223977.40442142694,-15055.298210556852
2013-04-22,110730.25598752513,231872.99771202603,109049.76399120143,206515.44512555475,-132625.49068598478,235839.1210391813,-1402.3554986375493
2013-04-23,137679.62274273034,254591.6524013972,146638.94033170506,278193.68078986206,-116158.90999798279,245834.5708743335,7951.383532504009
2013-04-24,139353.27647575742,252841.62553169392,149245.6131971383,281459.46326681983,-123784.60302272816,234649.52251197494,-6994.718406629692
2013-04-25,151129.2529646104,257630.3390634976,154611.68669676446,281494.54744583735,-112416.9910415101,238824.89094692597,3889.2598819180093
2013-04-26,139521.91887472337,248731.73411634893,156254.00161815778,289674.1389703882,-110866.97861096979,237532.05104447898,3021.506465397997
2013-04-29,145771.39779704713,254509.88328786945,156863.79807609503,304041.2544193839,-106521.60613017177,239203.25542227543,7593.033781549508
2013-04-30,146514.2386722686,249879.85104864027,150157.18201395986,302648.4616989152,-118163.8415974809,229550.07752547954,-2895.794060332253
2013-05-01,124905.25838448426,228648.7465296859,133270.72288304503,284348.9687209918,-136832.1531348907,208449.75522959657,-17034.604223840295
2013-05-02,160033.08030150773,260023.71138012945,158937.45228320817,308502.48804344406,-109197.82762972015,226804.24471577126,-4031.0842125772597
2013-05-03,180227.0839557955,283899.40454897075,179585.02926271598,324614.49369172286,-87590.12689237873,253997.19292202976,13783.292487064882
2013-05-06,189651.0262101618,294120.183416117,186365.71761579454,332655.21675280173,-85526.48590435082,261872.33459021235,20667.173453394294
2013-05-07,191914.08522786776,299397.1063912014,187836.55388436656,335708.6710618732,-81295.2277746964,263898.0070665034,21457.761493455895
2013-05-08,188087.6524939565,294247.3588356649,183059.69906523585,321209.00426769507,-94027.40753632772,257575.0762636822,21020.702793558266
2013-05-09,177214.70930890576,288526.8894614178,179049.7863824719,321587.64561327524,-100757.09172929398,248520.5247208418,12632.79130599825
2013-05-10,195126.88157771557,301708.2511545733,190793.3509631686,332310.15332558844,-98781.82939857966,249896.95462030495,18473.31206087443
2013-05-13,198160.43330627738,303671.3107052605,195737.31757576004,354108.94048613356,-92308.7247038233,265420.77387064137,31011.16356876198
2013-05-14,220972.20816213964,327613.856424407,221553.3716933523,385567.614400783,-68078.76506311056,288581.52478858794,52538.61598032405
2013-05-15,213189.3677877767,317967.78985665785,225106.64847985524,395978.6613308208,-63495.35041304806,298377.2846252189,57336.61216132412
2013-05-16,199180.66201589486,300248.0463435323,209951.82552125765,375752.5925961863,-80256.11201791978,291269.72631841036,48117.12161103142
2013-05-17,212358.55744483904,323285.47294266487,230992.25853349917,388078.0982003246,-55619.30380722089,307300.53470284014,55754.02282830648
2013-05-20,229223.76695649832,333141.7595302816,234001.6472331146,406316.3626804983,-54033.10706288109,306118.6172577004,51072.2374725671
2013-05-21,229528.1802536822,332822.17336254194,229598.52202961434,406914.5313302064,-54524.44712588487,303495.92512273905,55986.01288560216
2013-05-22,205577.74081822726,314943.85307599895,213369.93769566042,376911.1707684034,-63916.81298243155,298827.41411499004,53569.43866950219
2013-05-23,202415.62158969467,312930.4497195318,211256.062777817,414454.5851632652,-68601.74521857584,287828.6316275781,48333.75843458314
2013-05-24,207522.4327601613,315038.5776813743,205355.81301256217,411108.14294229326,-71073.76361923,286665.1210523943,50895.6590375184
2013-05-28,207113.1617847796,320703.7252223517,209897.4223285625,410627.82424706436,-65191.1694962982,298616.31898262125,64100.50025402396
2013-05-29,207001.3513070455,317838.6203844298,206371.24473829698,421181.89620974124,-73823.49842284151,298679.06592371763,58761.40791502953
2013-05-30,235582.10943577444,333954.2607207563,222992.10458695545,448080.92279949854,-72648.59467770922,311478.5467329797,68972.22614047077
2013-05-31,228730.8889774134,325526.9952889678,212252.08044768157,432521.2995285587,-87848.08978955203,290954.8432993099,51895.65468638562
2013-06-03,219838.3723396316,314749.86190732813,206318.6946155509,430840.41354989656,-93768.11651357029,278519.0203129283,41677.87128362182
2013-06-04,206735.8553540564,298985.74275536044,194349.68384444423,423897.0677333295,-102472.47935236123,264870.28999647446,27321.25015078628
2013-06-05,189578.94217167186,279358.8198828482,176554.39666716414,412024.87708531134,-118088.224920707,241291.59163173955,3105.6579451889556
2013-06-06,208098.37088336507,299729.9030989024,196349.5480225415,426658.2509274422,-99270.92618239627,271535.2828903525,28860.194786388725
2013-06-07,219031.9586097365,313665.89524218405,214000.98669240813,445141.71695390635,-83917.40612686181,289332.7726148958,37594.84977124432
2013-06-10,227284.42382138563,315894.3282071591,213072.75603866842,466727.7589724258,-88503.01879658925,282004.322533337,32497.954890999423
2013-06-11,195144.937514328,293517.9576628321,197751.28309557604,435184.96087324154,-101290.48356182134,265152.19584906485,22272.623735002322
2013-06-12,163103.2099886213,270100.64981968224,177730.67786073464,404275.2748649395,-113868.8660625373,247245.14764113305,1650.4405540667576
2013-06-13,176454.6579009805,286455.84596544865,194498.32541759365,421839.39641039714,-99965.78652817808,260742.81135113788,16963.1449660949
2013-06-14,165897.3489708309,279154.9861921517,190549.37292310607,410539.09533315303,-105379.81290336238,251412.7104845181,13382.221565810862
2013-06-17,175940.4150985992,283432.1733422183,193863.3749361894,441998.12152721605,-107598.89694363676,247993.92655465106,12363.873790624915
2013-06-18,180165.66492562095,289093.9347766065,201697.46048019658,459349.54695955175,-99182.00033768818,262573.68208311306,26396.502311183554
2013-06-19,165003.02542257687,274184.9022593399,186997.29702478656,458140.51409215474,-114204.46881670429,243907.98441216012,8104.628791796902
2013-06-20,124476.51122084683,234345.04618547903,154464.8510089566,420222.53149487876,-146992.57531197017,209943.71296532857,-22104.969050325402
2013-06-21,111402.49545758264,219444.99228839562,144793.36920530707,413353.6931997933,-146563.2839023215,194122.7572719528,-27331.044155123433
2013-06-24,112658.10088595963,214764.95042662654,127108.72113253648,403413.77381133323,-153262.94120325777,171847.42590129076,-48613.83902806603
2013-06-25,139828.42055145872,235616.61936652954,149992.93340243647,419911.070615678,-132509.21456405014,197539.39786165662,-25365.779066900177
2013-06-26,147879.70275174768,246738.83438293118,163524.04605203454,437302.7843042219,-122431.04918813516,208721.2335663684,-16673.57757564746
2013-06-27,159937.72616884427,256706.91685100042,177487.61270337767,442781.35169598693,-116073.72368365317,213950.8926126272,-5318.533120700176
2013-06-28,151144.26416894834,250259.5015128651,171746.9772348591,437842.2674342917,-124013.9560541765,209593.87973558117,-15791.960982596045
2013-07-01,176748.08618268478,267147.27273173153,184896.26838818353,476586.3515090337,-118242.6170292897,215690.93696721175,-10065.233701706413
2013-07-02,157025.5809115645,257730.59748785617,176319.53308170856,456829.30318479997,-121896.53531567432,208916.38546603563,-16881.596971471503
2013-07-03,147358.62755020513,254517.71792995767,172219.00738242536,460729.50143922574,-131460.77022247558,205220.81166298987,-18641.24336063976
2013-07-05,148171.74297613854,256597.34822466894,181503.05137617985,476746.5951517758,-130664.0906284667,221839.19875071512,-3560.1224341177294
2013-07-08,150109.17680931668,254428.49554462175,184468.5544115631,482149.0446493682,-126126.7761067207,234400.239731253,6281.72017052742
2013-07-09,172164.4491998945,272528.0017296386,193222.18919805778,470018.8403284578,-114128.83044027352,245841.2246028243,21163.563767574225
2013-07-10,163554.3945325614,272072.20907820447,187707.25901982177,449278.7551699929,-106811.45233807218,236034.41304337734,16999.619085939616
2013-07-11,193179.26953562791,301284.16320740624,208395.8021391189,472389.8913825467,-84675.69606113397,249801.0526311778,28116.297423124168
2013-07-12,210546.32120586792,325198.1874364867,228452.11474536674,495917.8357790333,-67980.90415692022,268742.2382000801,41847.014295133056
2013-07-15,215930.5399905712,331644.7805241923,232983.48077140318,512869.1036365228,-67805.07464450588,278819.7882296133,50969.160451536336
2013-07-16,216523.97346098465,321344.2031556809,224685.50734826422,507434.9001080572,-81001.93563644294,263634.5759680607,38054.91911378667
2013-07-17,217998.77051648067,324937.7736357125,229832.83527347964,515091.2040983784,-81648.35497024545,269910.53160215326,44966.882617576215
2013-07-18,210841.40447527345,318651.9846474392,230500.18560824502,517500.8101028845,-84679.62004589976,283460.3550906838,60418.474382245804
2013-07-19,204236.62049492105,332119.807670664,239324.00438276064,516032.5070359642,-60274.7760696306,292431.9614207973,67674.2322911448
2013-07-22,207002.37989262212,338058.66103684803,243929.4240891447,519395.88559457223,-58690.76026791175,296113.6204458092,73328.54680614588
2013-07-23,188141.74336261477,324249.0833893496,233664.61653589283,506289.69289613416,-65813.08691324694,286482.1380200355,71389.49171912436
2013-07-24,172616.75367112845,316118.6494409153,223919.0635280745,498593.038406185,-68429.09532956796,284093.76828133577,71061.43448989023
2013-07-25,189793.1390754963,320063.0163523454,222645.43594454016,515888.063563138,-58319.45080105304,291137.13035342714,73423.27305357101
2013-07-26,191430.52243991283,319546.8257512512,223288.5719963717,507841.11256504036,-56738.48621190702,293777.40486280544,72870.13807847477
2013-07-29,186771.96912331102,315507.58480303135,218010.5601296423,495186.1895248397,-61363.17613341534,288229.62825741316,67720.48004654398
2013-07-30,196825.0215338165,326160.9291391887,225734.73689844197,507356.54166634474,-49951.2960241456,292817.92098767596,70035.79991637223
2013-07-31,220821.9176528878,333527.171236448,232453.3195569793,531499.7771633685,-34096.252748249004,290870.73901579884,73937.02509535673
2013-08-01,227721.15437205404,349707.05679469596,249944.93386043687,552703.8248377994,-16440.2226804553,304694.7088142484,86811.94389013016
2013-08-02,220689.82367972296,347315.7491788514,249380.69899265564,561547.4156247264,-16846.3265345885,302403.04143376614,79543.9603769529
2013-08-05,241521.19299566507,356670.8318279716,251070.58166184832,576461.6071596292,-5259.290182378354,299745.60211261053,75571.18586211256
2013-08-06,224185.52155513535,340937.4941574243,232569.5410140098,567941.1401039858,-21027.1503079421,272685.2368937922,56433.0431751864
2013-08-07,176368.12029577262,323675.12629804044,219544.52784928863,548399.3255169762,-40989.66098478962,269169.0950435071,48985.59831845564
2013-08-08,181670.1212386483,328552.3971064256,222366.69776563262,559650.4301537857,-34294.328550084174,267304.2723193404,53377.89418956831
2013-08-09,189615.56217728477,332947.8926643174,222749.44223158772,560661.5368663797,-31296.414605935675,262602.40025480406,51121.06326724588
2013-08-12,191476.40987377096,335191.7896762521,221795.44257714407,564937.2354733202,-29917.183597173316,254833.32693821122,47107.62056357089
2013-08-13,200292.49255483435,343299.50061329966,227691.2372301128,586851.6496617727,-12349.780193415252,264787.24220184056,55163.9905636895
2013-08-14,197396.81374587255,337436.7143578311,220849.68948957257,588753.3794183952,-23669.454604464336,256604.25209567414,48891.20619055889
2013-08-15,165710.85017242222,311586.169385516,200569.0657502472,552028.5165730446,-57242.0047195129,237387.43525331383,27008.287554922703
2013-08-16,166728.5721480446,313996.5812335746,201417.5662390806,554199.3841991281,-59821.87415914012,235386.89313513442,23214.321988086893
2013-08-19,150275.42004350523,298307.1575640924,187963.72599388755,547914.6210629832,-72676.95282627766,221906.22025726616,13542.560066224081
2013-08-20,172225.15249219773,317877.58797098027,201682.04879833985,583518.8998605536,-55072.551685782215,234620.0662269067,24311.800770366506
2013-08-21,163345.9956479174,310935.90339601925,196885.58621168218,569672.91035042,-65456.13541370536,231716.72674306057,23910.657911644004
2013-08-22,190617.8004944149,331485.0779311227,213818.03877327478,605942.9582973516,-37760.25480547877,245793.45174675618,39435.05033820623
2013-08-23,195947.59488874735,334658.1001295894,216428.50531534775,606325.4385094466,-32398.078311280533,245702.91318511387,39263.784547496645
2013-08-26,198148.936674018,341056.7245714866,219621.35394214044,614694.074710769,-27339.682032731886,246383.54368362707,39635.98728874537
2013-08-27,153342.14578744164,304956.6903274947,186192.68601569283,572834.7547132666,-61517.264694220845,216276.89600246705,6903.1343484845165
2013-08-28,163930.79581906745,315441.98776656814,194655.023827776,586137.7602814117,-52418.3144819235,225367.9662026055,14062.229406299828
2013-08-29,182489.4257255988,326906.78936840297,205437.07026496073,597035.2842650505,-40324.70122769175,236801.9908291437,24582.528749475936
2013-08-30,171920.77559268472,317193.12309471576,196538.06660375773,585717.8161594365,-49290.06690827834,228295.91116702333,15197.334563551953
2013-09-03,184289.03435940912,333610.4518420226,211133.27177203522,612085.5249971675,-42200.642501815804,242208.29665127533,25629.802194747273
2013-09-04,197665.39903829072,345712.19984437857,225879.04603424514,632272.9682824033,-36229.69394220469,253707.16146067544,42361.2099489948
2013-09-05,223819.58378415334,360487.4754632317,240071.4371085496,653004.2795539612,-28071.546012697272,261136.60656001428,45962.07787353309
2013-09-06,208473.4700909542,351214.0123753142,231791.669860291,653400.5389960795,-40543.65741772474,256159.10254551723,39576.39973313872
2013-09-09,226765.18733626028,366279.45406807715,246287.21506829365,676086.3203204944,-30859.140074680083,275256.3723080224,54926.66844142653
2013-09-10,261399.98428117082,388512.5960818878,261317.34959363128,700962.3808324041,-9378.70162996227,289213.88823761966,69236.75842648931
2013-09-11,255915.64549631486,385386.23143846594,260314.01608190074,698266.102462286,-16906.40707121286,290049.2113446298,65357.25561319479
2013-09-12,236683.269834599,372504.3287269405,250474.15109051784,685235.8079386848,-24710.0851958946,283158.0770428084,59784.82781986324
2013-09-13,250421.80805464508,393135.1060674313,260248.02004257552,720762.0799891965,-6519.036345021188,285745.67539393116,60947.05852930112
2013-09-16,252072.6491384787,398254.49040397175,265078.4839204431,726312.8059709138,-8529.479496537184,291067.8300087939,68401.3717968078
2013-09-17,256289.50147821085,405019.925465913,270564.9025903655,741900.369523265,-10040.501975715517,294199.9802142721,74533.71378177883
2013-09-18,267910.67570959893,424121.21815245226,281168.3107047517,758697.5603612078,-12534.274238305254,308427.33431954944,82577.22379846129
2013-09-19,269552.5861630667,421851.34689046897,273631.1559558441,758711.5282957398,-20585.077422251386,303341.8138290398,81316.5556482512
2013-09-20,261369.80469266124,407825.8371412011,264183.881972632,731588.3663622332,-28802.283840756456,289415.58834783797,68204.36536868778
2013-09-23,250512.9134916818,398239.8815799553,255217.4013717198,725557.0595353307,-43784.41800132749,273444.361154304,54072.792054308025
2013-09-24,266635.9942665596,404349.6787929235,261059.32924716096,736034.9132444985,-42940.90213208024,280243.3864894795,57162.22648212453
2013-09-25,273556.49624879786,402358.16250658734,261824.88817275723,735139.7839279972,-48173.76965829213,273210.1716010509,52100.95397994484
2013-09-26,287919.29444974253,414753.9899374451,266547.4944641865,740831.3490116753,-40478.05196772048,288633.83431494347,61456.228108775365
2013-09-27,281032.5224305897,410673.6170002277,263409.59308175574,730255.6198167447,-45686.57538126908,286682.8563695567,57815.49905742155
2013-09-30,275290.33505881415,406323.05164408416,261133.77623312388,729409.3704830427,-49774.77622568395,286176.06216622924,54306.79117908487
2013-10-01,300345.15096074523,424354.3589239383,277981.2989067473,755439.8449218016,-32337.142082516264,296818.3679615288,61767.14030447348
2013-10-02,300409.40085901826,423999.47437238897,280612.5723390306,754226.2862492313,-30213.032908840483,293901.1718662543,61450.89225865884
2013-10-03,297995.6197672794,419256.51260894095,279992.75702717446,740657.7901026175,-41579.03652733031,278711.3649021593,48552.66101896926
2013-10-04,317864.8764192572,434411.9717241957,294980.9545322894,752738.1514734497,-28326.732088811208,292752.521016868,59935.069174378834
2013-10-07,301061.5224780665,416758.4145065067,279678.3780018463,730379.5143302577,-41895.97958658021,270664.2668101411,43843.01819063439
2013-10-08,277434.3332524575,389299.13041221356,257542.52520201518,703909.1336173695,-60369.55953854784,244367.04592276525,25055.04539742708
2013-10-09,275456.90468166006,391283.0024303166,257372.96866547447,707062.5257843294,-60708.90447150014,242159.95619022235,25592.05082226322
2013-10-10,303359.43494532467,423886.00964348094,285739.31121159706,745386.5577585159,-36598.664794172626,277194.10411626333,58952.31649401765
2013-10-11,282762.76353648456,417935.6988682224,289088.36815001286,744946.9655612251,-29409.082800124226,284358.5120089724,64470.734039189665
2013-10-14,297828.388821849,431132.60612316534,295801.8354252096,768314.3375637671,-12616.39091667944,294900.3001771855,73253.17232388738
2013-10-15,289531.0269209329,426232.97798320354,289502.3889942793,765187.7172749582,-23005.735536425495,295975.3173820716,70380.3587165601
2013-10-16,303380.36188535,444032.77591627993,311514.18110795773,778579.7411858988,-4919.468186485483,321370.040611608,94148.79910867801
2013-10-17,321235.7084713885,456507.6647491753,319800.26719384687,792827.9111165309,-4873.874154055276,332906.3214178969,108491.5217860176
2013-10-18,332691.8501051531,457570.0849647299,326937.46031940484,801264.5763852837,-19152.400505435646,328827.10927790724,110702.08361366465
2013-10-21,346709.87458090554,461172.1113836898,322019.68908263056,797518.2797533365,-17030.969191592965,315986.93105464865,101297.59463110346
2013-10-22,340142.8507519718,464709.8383782871,333408.669478902,790073.2892466005,-21813.498729376654,334476.15456623345,113099.59736994226
2013-10-23,341382.35626383463,461093.17873213446,325370.215422494,787190.7688954961,-20447.911345433327,344265.0435587072,115340.37460884397
2013-10-24,351159.28529817075,462623.7871769159,329157.7795454774,795650.8107164023,-25288.39041836572,350840.93555619684,119426.19487052088
2013-10-25,352454.63590708136,462678.75208051805,330668.2313951663,791768.6561141474,-30250.09502467057,353229.58872656117,127282.20524516056
2013-10-28,344834.91760777374,460968.3609855089,325910.19107783237,782305.7610129582,-36992.010956487626,350210.0006831464,119483.29942566251
2013-10-29,379950.14579381933,480647.5684895793,337543.08122443885,792134.388272995,-13982.938916370696,349613.5745617073,123873.70235978448
2013-10-30,367673.9584299714,466584.35975805484,331082.85136324196,789901.2362030445,-26677.51604993473,347698.71761433256,121592.0670040225
2013-10-31,378354.96281411976,471809.8181909545,331131.3760792094,790764.1329769612,-22264.31984114729,335789.77185975586,113597.39253951509
2013-11-01,386501.97436664056,475714.81969211996,333673.3495960593,794145.9242316133,-15549.290469543448,334697.1321991817,116073.81378273775
2013-11-04,415946.69578676403,491798.6266259136,346380.2533808864,805161.9751119129,2423.249120796616,325618.941469462,112521.53137765577
2013-11-05,420121.6967044711,504063.69983379025,346001.9343997995,815262.2167187515,4469.8701574573715,345355.27817139076,121685.48281081251
2013-11-06,404000.4299491037,483217.06903418887,331306.06193497434,792573.4951049896,-6177.027834199373,323092.3244785551,110576.49124446991
2013-11-07,383847.06754536147,460350.3688471873,308409.53520380275,780727.1381126752,-17875.901659855193,297915.19932232465,88754.22048659889
2013-11-08,402763.4070815024,482881.45661510143,329534.1922671697,804694.1910052942,210.92121282729204,318200.80144075153,113876.41771364778
2013-11-11,412227.7229908949,492558.065147569,332014.835561967,816943.6031465493,10750.00017635908,313395.9548651651,114138.42216960693
2013-11-12,424689.3083904607,497427.05329844775,336260.8580534507,821923.0767113039,16384.635300927715,317155.23335160007,114112.50319457157
2013-11-13,435925.766807285,503835.93926850485,346061.8601159371,834227.7627836734,21704.900906147523,319509.1425240984,120452.06769625196
2013-11-14,448779.6857334002,514521.8212775376,357840.21247029305,835889.8660721383,31641.355912587547,332818.3035951765,130013.97563881215
2013-11-15,450028.1581224127,512760.7548750305,358953.82903420704,844521.0242986885,40191.63798229032,336775.9873108436,133684.2208003653
2013-11-18,442842.03558864235,499337.22616496147,347643.17391622165,830768.061416189,28217.931193791024,327202.6331132753,127553.52206068933
2013-11-19,417553.4186983025,484478.1865021691,335088.85648049955,795106.4021159977,31370.907115355407,332903.26939299726,128882.33230442952
2013-11-20,415802.9920055627,483807.81853800797,337562.5713328778,792121.0426922737,30109.210158677415,337351.391030484,125003.62840712792
2013-11-21,442115.0543158655,493462.3729374155,349608.9839527527,801212.1624494047,54100.462484579235,353825.1571218048,138079.63548793385
2013-11-22,450255.59410353657,507212.8531667193,357083.019883062,808481.4890902694,62886.12454856425,403114.5003251453,169267.00506986876
2013-11-25,453932.67721426924,507442.9807070733,355435.26665667666,808126.0734576295,62223.98038230249,412085.97431810026,163991.65261218135
2013-11-26,458039.9461712815,507356.86362593924,357333.2330497478,812634.6405139529,64143.369537045364,405633.13700948725,163508.14594093704
2013-11-27,474098.04902943945,516466.0371292276,365410.0600519922,826171.9531916383,79910.84380839497,409588.34616211243,165276.3108485213
2013-11-29,475638.41416790476,515404.11197142745,364351.26841162733,832515.1367763473,74961.39202502972,405286.68148566375,163108.24254358897
2013-12-02,482867.94764715305,518406.3313716534,366280.76592705096,830466.9631364277,80605.80124882945,413360.70997349534,168990.82001256643
2013-12-03,481941.3591608629,511514.815747697,357597.16292273655,830147.1442723894,78663.7091743655,390662.8312488874,151122.99195170958
2013-12-04,479453.59432090673,507629.2289745164,356998.5602323011,827341.961944528,63935.18062698179,389698.00808138814,145242.1219408337
2013-12-05,473862.09712446906,504684.7537019246,349972.3456368692,825931.0314658905,64341.540503870434,380331.48854684946,138974.08993247847
2013-12-06,480541.86180665385,517512.8598992607,360953.39178943617,833985.2732115396,81346.59482913109,392261.9290582912,152225.50347899605
2013-12-09,495342.8668747485,522895.1271838174,361726.5686454224,845201.2818666182,92535.95453324527,390780.81489507406,151807.6406925723
2013-12-10,501354.99249751016,525098.7310891267,363413.4067991802,851251.0869814183,95365.81947151115,382561.68363634485,146540.0163512282
2013-12-11,480038.0936176233,505310.8413382728,342027.79427381925,838172.6297448444,72054.89737712257,361011.4545236372,128540.24428090754
2013-12-12,485119.2278464643,513382.56785288296,346377.3192450259,843142.7419879708,83469.42108044265,364627.2561101312,133599.60599649185
2013-12-13,491976.50174650224,519059.2047943525,349397.576558483,856143.3866998721,87525.68619705693,366574.6132931241,135476.89042497674
2013-12-16,490776.95018746227,523696.53905323823,356462.74740810035,861254.8958915852,80886.69343495538,365748.80774180614,140263.46477908586
2013-12-17,485698.20630017616,522813.32330734824,355461.2818460067,868073.2282328826,78825.00094540269,350173.0157663557,131735.08705662636
2013-12-18,483260.3853849081,525318.7424434422,363651.3681368437,863029.3904457822,74667.89812261688,389655.5702841225,158579.2318352563
2013-12-19,483560.36021609954,526494.5676299023,363565.5835512185,860100.4583774504,79117.3869425871,379563.60819657746,151603.49699561053
2013-12-20,482534.4653822846,530882.908378604,371200.4449335633,855752.7736933084,89193.84289848604,394005.99506176426,164965.13538642606
2013-12-23,488950.03598746867,539767.9680061669,376352.28200123395,865563.9310081542,91553.79866630626,395342.127202992,165888.68011591682
2013-12-24,491558.00897615094,541676.3948709168,377964.31153975526,871038.7965603998,95352.0554018717,396457.78111221007,167677.7548561675
2013-12-26,500913.06730716076,547349.350332741,383488.5689361773,880268.2170580534,100069.66725562279,402080.04910098907,172810.62129767775
2013-12-27,481475.20420837693,530425.6039640186,371858.7049555386,879168.2867354131,86933.77358394378,394440.9191891778,167346.5452657744
2013-12-30,477966.5495840013,529160.910255977,370143.7064622904,880944.5847185549,82955.4975745211,394358.7962497921,167621.02740473437
2013-12-31,483317.12562109006,533887.4301562797,373362.71543117735,881482.8014781255,88624.95078829375,400442.6442998419,172791.33882287
2014-01-02,485613.9854039628,532024.3542575128,368712.44763935497,873965.4981664981,82438.46530452132,393077.7809110303,164826.155349108
2014-01-03,495303.18613640044,534828.3109618183,372649.8276903512,881468.4705271309,79111.00516569386,393692.51317654416,166396.96531069346
2014-01-06,482784.3520046043,530210.9977497587,365514.515131311,873839.2452452355,69912.26701402593,391095.4346934817,164387.85213051562
2014-01-07,473122.4922442687,524907.6003669541,369540.9300184801,860703.7498531995,66807.73820308867,391270.5363930528,165535.79343387956
2014-01-08,498081.24638475204,545687.7123593724,384543.42446479894,871680.0513980691,87706.73033772009,399330.2223748618,179008.48234325502
2014-01-09,494937.6149825341,546811.6028464189,387957.37616292667,861709.6943950915,81580.17102722231,410306.7885721061,187536.84513425326
2014-01-10,502023.5007817625,556658.1181446154,393644.4009393214,863984.8403107937,83989.56775426443,413257.3296853501,190918.8072781519
2014-01-13,487208.95526312635,539368.6184721582,377937.5569331691,848901.7162580554,73561.6830310813,392699.865134672,168201.51133293766
2014-01-14,503509.3108932157,534898.711245969,383075.5187045287,870287.5161942296,82904.8694442191,406058.595219551,181109.18276160568
2014-01-15,498362.263423138,535439.0773203743,386797.73247896397,867672.5559653619,81530.39055843587,409556.5584728831,187557.38142132925
2014-01-16,441795.6143749665,514464.73639515374,376337.7317478154,865004.9082754423,25862.623623554246,421786.9703172203,192364.4731864221
2014-01-17,414857.5584559099,497785.3646282662,366473.1803640648,850339.8532912619,6249.229122909179,421105.4377393974,193465.56316665048
2014-01-21,424832.6987536538,508446.36828126665,376665.8022139557,854159.9465544111,15001.767839928489,439696.622913138,203127.01650186122
2014-01-22,451002.9196747841,526191.2222525665,385227.21721457475,871578.8718360664,28092.487831818198,443724.45917607355,208204.57214805117
2014-01-23,472056.64164054487,532424.5070226913,379193.17752630304,894671.5995677438,48385.60087889113,432898.2352129244,195179.6478313969
2014-01-24,439829.6685168984,501224.8026485194,350577.55739990744,860396.6128806386,21130.25819842532,401240.4078567666,167097.13725709403
2014-01-27,433107.5610562557,491390.9816457018,340979.45559712837,848210.2675177245,19351.309325163296,388403.97528365575,150366.55271385697
2014-01-28,449961.80972383416,501695.13393940765,354465.08234145143,876743.6020433931,37129.95310960512,403071.3665104024,166026.59635818578
2014-01-29,431123.4490452375,483476.95561838255,338675.294609941,860069.9055085833,16549.262062803966,384990.22233198583,152914.30620774755
2014-01-30,467024.49846365105,509967.275306627,361739.772575101,901779.9406800774,26877.666604262857,401029.70448665164,173171.51170626705
2014-01-31,465821.8915359845,505080.38183196745,361377.7860197039,916604.1909230595,27202.976182983202,387881.0491569676,162917.3111043705
2014-02-03,444011.6700274609,477631.00170878717,333249.8662285765,894009.5947293377,11162.496616527713,354423.926431749,135063.64881666738
2014-02-04,450008.3560451852,487242.0418147696,344714.20071474096,903151.8703371363,9552.002360255468,374492.5422494407,148037.47083465607
2014-02-05,455931.6686921363,486126.23283330945,339706.9407548115,901063.5956316562,12942.248693576992,357032.7221984353,139861.21242156852
2014-02-06,476709.8926162453,502437.54212699056,351570.1355521955,925337.2443915674,22694.5451974995,358660.22114547476,146521.67146654965
2014-02-07,504535.7166840815,536988.0414153384,379202.82206229446,957234.0943553718,51481.20401746384,384132.30557207885,170373.2265570081
2014-02-10,515104.3308904652,541303.8930292361,381122.06675018533,963305.0799250494,53929.16908933568,391471.34151742497,174800.9221551025
2014-02-11,514692.66824181704,544884.313476771,386657.7346230926,969408.3623175594,62547.171639242646,407810.5525810411,196069.50549476006
2014-02-12,513439.0467790665,552093.8184510479,392741.9816309902,961161.7019789412,59817.401347921936,409401.32688008255,198231.00520796538
2014-02-13,516116.346175047,560092.1924749468,401633.03654645174,967441.009208803,68769.08867277845,418860.83522678906,210382.92025389755
2014-02-14,518589.6920067278,560451.8869993977,401188.424631,972230.7793357422,73478.12496367126,414364.35378188547,210622.4060406003
2014-02-18,526800.3118067889,567877.196378849,413788.36586316576,979267.1361247964,79078.03025746488,432116.8928047993,224025.13720387412
2014-02-19,514492.6786818099,556475.9556783563,401212.38508075674,966862.8073296909,66750.77103281426,414988.63784051983,211232.30230110264
2014-02-20,519947.9359870144,570888.3812378028,410431.5901575519,974511.3072375264,76682.78993212532,426081.7680000843,220191.16495340402
2014-02-21,509766.98904828145,570766.4628149247,410766.0829885099,969467.8691671353,68212.52701382853,432244.0611346124,224760.89988982023
2014-02-24,516810.2161098558,577647.1607165948,419097.5796765396,982814.8717796234,76242.03666279251,445556.5066133425,234843.5168190535
2014-02-25,515104.72558293864,580667.788518452,418034.02284557757,982931.3717819391,62110.196324868266,434769.31183178996,227569.45735648685
2014-02-26,523631.4303819003,583192.0241606752,416953.8395505666,991037.9321481546,57651.897735787396,426983.43934890564,223578.00528990527
2014-02-27,520602.74768784613,582789.8446897671,419755.03549751115,995159.2156962457,66388.60371353973,433621.3925097777,230631.62181313796
2014-02-28,515641.92019704834,578596.5122060209,418351.16900984035,995811.0479904407,69506.96767699196,427717.02545317076,228066.64374746414
2014-03-03,513267.38681761053,575116.3829957831,417419.2673460745,993668.348207232,70958.82818796474,427774.863599152,220720.6393881786
2014-03-04,539074.1199662323,601876.828013341,441706.66987665795,1023601.3384556413,92319.7550195667,443472.1658631023,241134.51803246228
2014-03-05,534951.5459962653,599982.7732406812,443618.4866261267,1022300.6057019542,90130.0994653842,440042.7563796683,241339.3510228588
2014-03-06,518069.1988937827,594905.4892342984,442085.08396786684,1017110.601363366,90680.82531124435,429803.2608985439,236803.48554759094
2014-03-07,505586.8551334396,585694.3336274455,437106.64927046903,1009846.9256041074,87893.33137970658,415096.5548181929,231556.2553907227
2014-03-10,514697.3378081894,591567.0905816865,436826.07533945673,1014707.877487862,89379.33917096099,418740.899602184,231166.84677220462
2014-03-11,505400.80315220373,581187.2095019411,426489.1200032953,1011945.3698876102,84052.2242629971,412417.7924724279,226690.0694437915
2014-03-12,509408.4747436951,583541.6767548405,429838.2601403755,1014672.9383694418,85737.95713517687,418874.53915584186,230116.47543521234
2014-03-13,489904.37786454445,563611.6915397733,411277.95184299396,990031.4738598859,69460.44567674315,398214.43317523994,212478.20862906103
2014-03-14,488279.00325456954,567136.5911297122,413210.6615945367,994420.0660243903,73444.00476686344,393552.7827951229,206420.72909398485
2014-03-17,492031.151515316,576268.4821531195,419642.48834388086,1000662.7511739514,81169.1755027675,406859.67791094875,219088.02514843224
2014-03-18,508746.2655961548,587450.0832104757,430513.5247077946,1009252.5043342911,85105.97930715382,416883.9886487003,228706.6369652904
2014-03-19,497512.4426111606,577333.1392861577,421897.7803932674,996172.0718809053,71403.56393105442,403932.4047745601,223550.99219580682
2014-03-20,505192.2415104867,581192.100807293,425501.13932572276,1002125.0441870089,72887.23640411934,400525.90740235354,230910.12132370108
2014-03-21,490452.7603556332,557242.35444103,406458.07625516143,986181.9814561513,57571.05455097426,359920.9436172695,202126.46299610942
2014-03-24,471916.93660126155,539397.4585806589,393716.5835718643,980726.8698600687,48908.950114439445,350863.10539685143,192804.66676234303
2014-03-25,456728.52204012114,534324.5967089887,394733.3906421894,980061.1301335547,56357.854862849425,356295.52983435715,194697.8262377172
2014-03-26,431103.00618957164,511630.81988964236,380231.218119078,963755.2793664297,40647.02620263542,347555.29156388494,184952.5029202676
2014-03-27,426807.5066699881,509075.7600423136,375691.3184671137,950595.348106219,27483.93215741455,346581.4851502646,182362.76238111642
2014-03-28,424589.58939777606,498304.18040198734,372340.01241391024,954711.2984929485,33821.52690206856,325925.20296521124,175598.21854552964
2014-03-31,444661.914486327,516034.7434609223,389273.44163737755,979163.4207598064,55460.72031650099,344538.1315806964,190071.69962228782
2014-04-01,472144.33399848733,546065.0232457375,409414.85597285954,1011176.8010778459,72247.11298082712,358972.3997355063,202255.58297083818
2014-04-02,471345.689651298,546308.73148169,411897.702019597,1009627.807581634,77777.54421758214,360747.6676155235,205260.7004367402
2014-04-03,444405.3309381147,520596.8595323724,398228.80557138135,998147.6498619334,72658.96345603732,347182.3553856229,192426.86253713287
2014-04-04,416331.1475514814,485499.138473699,368502.610403695,962390.7571617865,32353.803900431336,316675.7709380336,165731.32211805147
2014-04-07,398545.94109424204,474212.6340081351,353282.5395062396,935940.4151174151,16207.303206054494,315663.2662720837,158631.43381957174
2014-04-08,424312.49921108363,486865.03125458275,358645.9055072301,945762.481138424,20165.79014791346,303680.8785877981,152055.43800989335
2014-04-09,444309.79579770647,517323.1877199154,380615.6397888582,970809.159769695,41096.528816424485,334960.10886122624,179695.9018938234
2014-04-10,404062.80445949186,473056.7329848107,342121.74244038376,933422.3620906668,8314.166367498416,293706.65317047376,144068.98133723417
2014-04-11,388403.55687646166,453317.53184906737,327347.4770182452,922833.3220139091,-5512.044224867692,278334.5081756696,130950.27369084516
2014-04-14,400802.0280624281,461002.2943989133,336741.71112934273,934329.5982214251,9113.31101523342,290598.06306963216,141591.66861681643
2014-04-15,392274.6957891239,462219.4960141041,339722.319437897,940840.146095697,16701.78376700785,299857.9930760366,153457.05346403553
2014-04-16,409238.06411633245,486513.9082385934,360246.5581705186,963819.2555195281,33699.557680023456,318934.03902195266,171449.32459730393
2014-04-17,430477.18692274287,496620.1743335556,365182.01358035766,978001.9911437012,48415.424721354735,319853.6412764831,175918.85727534056
2014-04-21,444504.08239077224,503721.0315495656,373098.166775875,989685.5578657336,64171.23762145393,328742.15277580445,183649.924626652
2014-04-22,473250.992384892,530598.6969603148,388625.93688914937,1008762.843021702,58281.45435067566,330223.65134042077,188035.95328259363
2014-04-23,471035.17576062575,521334.74077789224,383728.32377043186,1003962.855582996,76582.20399528225,336909.69327347307,193162.78504566624
2014-04-24,469680.1304410588,524619.7221407501,378376.8260966503,998377.6989623348,74457.68705448874,325171.77376508823,181013.34297795716
2014-04-25,425676.03785713395,485516.44724079967,352250.4488834346,976528.865564381,58989.287853851485,311676.3255500056,163612.16984068754
2014-04-28,412112.299841493,471561.68975712167,339362.70662718406,968013.7310965445,49172.78621413945,301188.89591493306,153472.03466958896
2014-04-29,418141.4228309283,479050.43539845315,348359.2558879216,978917.3710145721,42891.75235053788,315811.2609875656,170653.5476387067
2014-04-30,428919.72386421263,493482.81319047196,359031.39628586546,982063.6323916941,58678.57998383108,321480.41644174716,173691.0155836752
2014-05-01,448473.4453804611,506001.275923739,362059.24935251253,992395.5249348506,59196.806774154946,313794.4599434287,170538.5958647613
2014-05-02,448653.64741578297,513428.5125909713,366507.39872037683,983320.0370214224,62218.23416647509,311255.55696434714,169563.04434149942
2014-05-05,460783.9162476937,520340.74507330277,368879.7997673465,993662.304593447,68848.56047700826,322171.03216060804,181534.11466181627
2014-05-06,439230.45027821034,500057.98872985144,354083.3197289333,984848.7356522913,60276.519711908506,308909.2958862104,173931.28527647987
2014-05-07,443448.45466232544,499368.0505464765,352131.33960982034,965354.1862625214,61484.911926228735,312543.1299471657,178553.2523890229
2014-05-08,440095.5782941689,492199.7247491314,348558.4334943496,961283.2265638163,63175.87396348434,309585.8308777874,173680.33999017588
2014-05-09,443430.7587500124,496976.1553094064,351343.3875769245,959754.9797529009,61813.29030081539,321033.4857447913,181838.132947071
2014-05-12,479102.5412784236,523395.18280883867,372009.24351398146,983281.1980962846,78597.67593238087,345149.6349374533,203367.58240897884
2014-05-13,476988.906636348,523027.6821599294,370977.627781905,979253.0690422162,85456.60769931407,345278.38948967436,201903.39635049584
2014-05-14,463423.66285872186,509593.970199219,364651.36980357516,974675.8753146633,69296.01038103283,338967.3950172719,196393.24177718512
2014-05-15,451276.39888401964,499040.4715618711,352766.17678039114,958665.6991973286,55822.64737002618,315862.4542652446,178641.2590538952
2014-05-16,449692.0520839128,498339.6058371543,351938.001303926,954288.7025216506,54247.82584150028,317150.72403665824,181741.07868932417
2014-05-19,469667.3071512858,512627.6170071223,361317.3958163761,959216.2817411864,64014.5423249257,322078.17599633004,188123.87347289248
2014-05-20,455191.76950430573,500708.69676641014,350606.91075732326,951004.3001458055,51613.13357455049,313536.66439878347,180363.31394552384
2014-05-21,465476.2884317514,506949.920452311,357541.6431381431,951119.0254313432,58573.619224877635,329888.99123519764,192531.9114059258
2014-05-22,470608.4742553512,511438.2619959882,359050.28702610126,957189.5388518594,62331.58106531561,332446.2748277759,193924.95741610834
2014-05-23,485358.97013859835,528961.0134403359,374214.19259174244,964800.0822271967,76924.70584226202,335501.6268819453,198996.0132259958
2014-05-27,503718.0582819452,547712.9574424399,390611.3973851087,973451.6638542074,85759.6975789055,337015.20881937677,200353.20895086636
2014-05-28,515794.4853790753,554087.4247694361,394581.39174920873,979003.8511603863,91623.20772777704,336825.7725399055,201957.10131425224
2014-05-29,516111.3902309136,563969.2927923786,403204.5334041024,999119.6161551734,96423.18170781631,352041.6536101745,216180.42619855623
2014-05-30,518261.719291822,563101.9293376759,400758.3372698003,993362.0224352423,102544.508353752,349710.99567447614,214518.47569589797
2014-06-02,525244.6708433905,572763.9517706365,406763.0233868869,1000463.1234679203,105530.92376423307,350780.8106580386,217326.39607269075
2014-06-03,523003.0792401008,568064.1308397162,402539.33418995905,991806.8705638784,106683.282671253,354023.7418988843,220765.33811627573
2014-06-04,534132.09487024,578811.7158914877,409506.2011415056,988949.0555797782,113121.73872340209,352371.56196737953,219420.51249806257
2014-06-05,537764.7566032258,583464.6756989174,414819.98078768584,994587.2293061164,122751.95057152494,364709.3630603302,226765.54298463734
2014-06-06,550848.3584768331,592953.4003404541,421631.9480843478,991360.6448570419,131009.76631204825,371058.046348858,235461.76088587043
2014-06-09,545206.4624864965,584636.936129021,415737.7385875974,981056.1319153961,131104.60068371982,373738.6473955253,237276.72984918446
2014-06-10,544902.4979129782,581230.7596543261,409628.7464462876,965573.2221366927,125903.3596392734,367614.25588275533,235079.28392912468
2014-06-11,541656.1840389752,577655.0567889181,407270.9729549003,963554.130139985,110247.34846642442,367571.58295050927,234205.348381304
2014-06-12,523480.58390787226,561349.652770846,394218.8746903391,962889.9684937863,91278.70309434232,356660.6157656211,226187.9313884365
2014-06-13,538238.7887626046,572518.9520671273,406241.3073275398,969177.1850886227,105959.922423907,366801.7303491777,234611.37173032662
2014-06-16,550222.2725432405,579298.1025333367,410113.629840345,963070.877209635,116325.57711834006,367187.7898141822,232945.51203620338
2014-06-17,558392.8871956818,591262.7394412796,416740.24457727483,970336.0387688606,117753.99449699992,376422.9537325736,235856.90493357278
2014-06-18,560984.4568450963,595219.5015893982,422764.0015936567,980811.4556956309,119938.36202818315,378521.1328441156,241642.97523993358
2014-06-19,562155.349668424,594708.4829279842,423011.7342650495,992250.4716923264,129924.3412800513,384190.4176220492,244510.32536171933
2014-06-20,564516.8113840866,597173.7801754983,426282.47149858746,1002841.2968272181,138668.75086439832,391284.0601054795,252769.1549456826
2014-06-23,552548.0818069816,590735.3045246264,420965.49270047003,993304.5694356316,131866.4710385585,384639.8044499297,252405.40728371468
2014-06-24,553509.8615600767,584606.5208024177,411602.72343824,971520.006441638,115949.83415802004,381359.3545004311,241857.2298968334
2014-06-25,565609.5564301247,597187.9574247145,424209.82925898186,985190.6727692167,126340.39204449106,390954.54672483297,248788.0704368733
2014-06-26,561356.5348983704,593410.7157433676,426772.93594495935,1002525.4227937367,129088.74962759251,389052.8098033159,247673.42105995576
2014-06-27,561137.16793439,597675.5187928139,430321.14273379615,1007426.2270107602,132448.6171994807,390240.44547119224,248203.3916386081
2014-06-30,565664.0593711264,601611.1744774034,432800.7283212961,1001864.6377258272,124582.77709709606,395633.98462565854,250758.28293761986
2014-07-01,592021.3842432275,623354.1836507984,449332.69350232196,1023451.4857023886,135914.09634291637,410833.6650961751,260179.53951025524
2014-07-02,580387.5261255633,616499.0137871365,448444.76680864964,1015785.6173110481,132506.770557067,411339.20089718443,259435.08987501945
2014-07-03,587123.5668222891,622497.7770789709,453625.97875678947,1021203.471014924,137781.70512987717,415718.928325108,263795.38369949965
2014-07-07,563813.5168061766,600700.7798163041,437508.74999770493,996692.1812357435,126148.62568309678,404471.919446789,253178.75628693003
2014-07-08,554233.1863366512,590907.3043178092,429010.3227326473,989157.1311642333,118138.13389715517,403291.0604906655,249853.93659355442
2014-07-09,561656.8733023492,593069.8405327864,434097.0063517263,998951.2500181572,126386.76919094879,409337.7064854187,256927.58889403293
2014-07-10,563049.703067577,589989.7081305842,429258.7111439953,998627.9070266575,124258.63885944818,406049.1264632976,252775.86236576093
2014-07-11,564091.9175864656,590397.1433598979,428686.3150933643,994998.8809420939,128342.2885735582,406053.3452259359,255642.21947240524
2014-07-14,577536.8372609477,601955.0732895621,438096.02688051463,996119.5425594139,133709.05148452436,420597.56869002816,263771.02467092656
2014-07-15,584350.7827896446,601360.4482588463,433099.449407191,998005.1305088864,134458.622834943,416809.01556117507,261989.31882102712
2014-07-16,588668.1752713555,605966.2479008522,433859.3709793511,1005554.9930582723,139394.7581323763,420316.0774929967,268918.4124403789
2014-07-17,556305.5698018712,582229.3237683001,416994.74643117975,985374.8360238485,128615.44091528561,402994.4037190654,254825.76149517516
2014-07-18,571966.3608005242,594603.7010105031,430743.2482561108,990629.3844932263,138373.38647248116,418550.2558129562,267271.64599662536
2014-07-21,570706.0631687198,594431.3006354484,426605.3004601836,992047.7350877759,137513.9554914992,415265.71778565366,263718.2874522143
2014-07-22,585859.7103232308,605954.8248254763,437211.1527987105,1000319.2593535903,147204.38948686104,424796.53435617604,274292.7735371391
2014-07-23,599179.5511332096,612305.8246310246,440359.88631500327,1004925.1606310027,148072.5764606769,430812.1234510394,281940.87453832646
2014-07-24,623136.4187416448,623232.3822191112,444230.3213898117,1034686.6171317943,146443.32594988024,434976.6475233697,284988.57139668125
2014-07-25,621808.7835275792,618532.4074644509,439479.60531898483,1030108.6353315254,138932.78830846673,426189.35530829703,286723.0127184028
2014-07-28,614939.8283026768,614501.743921462,436028.5091443818,1022936.7012259464,129467.96392910603,413811.1597856894,283076.7099137234
2014-07-29,602745.8388206743,606074.8711663035,431684.62757960375,1018671.6377917752,123418.59084999868,415212.51518446254,278985.69925014174
2014-07-30,616852.58865084,608291.568449777,425696.88297528366,1011526.4781139896,123847.80776166232,408247.78352614987,273022.8968108512
2014-07-31,586967.3186289401,577535.1987262957,403345.483469381,980694.2466464443,87282.49494129776,384056.0436395309,249455.79184936977
2014-08-01,593718.5722089108,577820.3171072353,403066.5616930394,983018.6050419019,93833.998387096,384533.3985967928,249039.81214159104
2014-08-04,599835.2578227124,587709.3996973356,410998.77882352547,994494.8456393618,103632.8729382226,397689.4797816018,260469.09991081862
2014-08-05,585721.3305089979,570395.1958346195,397973.5907795082,980665.6093612988,87510.81233511522,380416.51497946435,245926.29616151578
2014-08-06,573371.6463177389,563167.0249291246,398262.635733042,979480.8240723815,86898.72228794743,375174.92122839735,245638.4577289598
2014-08-07,564160.8398691125,552426.7282071341,393091.8608907057,968602.7031990974,73651.42795627617,360669.4143787854,235002.78557914248
2014-08-08,576652.4248730573,567995.4348656068,406186.63357026037,987054.6545468785,84281.35154441546,379373.73566195596,249056.46598109315
2014-08-11,588388.0101409889,573912.1612407165,411708.0481790481,993707.2231524084,92607.96210594109,385672.69085778884,254995.32172622057
2014-08-12,584447.539370124,571643.8182705421,406644.2659004355,989619.7547890269,92745.14634513226,380496.25520063256,252387.7706460678
2014-08-13,602386.7869082608,585575.3049001187,418798.3493859913,996266.716930618,106450.3068542711,387650.4377547686,261273.99348569397
2014-08-14,608817.2212578304,585194.1600833093,420792.0683415162,987864.4884027616,105802.5289747992,382424.66287943773,257267.45719080005
2014-08-15,610707.0729219046,592463.2623410526,425786.8302734815,995960.0664784049,116557.56151362782,390272.2023343794,264163.25142732123
2014-08-18,626659.6061178038,604520.500145925,436967.0877065137,1002674.3234921528,129485.63292479685,397940.6064739046,271393.20233083674
2014-08-19,630928.639703663,608265.4043283596,441477.4262819796,1006435.5892475928,134267.49918335056,403960.4559424912,278160.9577071016
2014-08-20,647140.8295484374,618879.2275235051,447312.202794087,1006859.0192723806,152320.49245854374,401497.02246719564,276116.22907962755
2014-08-21,639993.6057388234,615667.8434968372,446567.2442931787,1011810.1010751192,146775.20240017227,404753.4010734619,278312.63139875786
2014-08-22,644011.9847622736,618939.687131905,448133.7593107282,1005031.287676983,151199.7322764571,401006.2040936788,277587.31190663966
2014-08-25,648009.9353699229,623902.8157354946,452459.0182567769,1009236.8249099121,154791.699932443,404115.3345566333,285796.5081743339
2014-08-26,647927.2386978656,627132.4529835719,454619.3380762151,1019578.6761268701,154037.6820393303,408565.33667450165,287920.20750798983
2014-08-27,651755.0186021881,627076.4653761651,452787.5980064404,1017923.8318395031,158862.2923061218,403835.0048144053,288012.1143507157
2014-08-28,647307.5644205384,623213.0841885585,450942.6510973773,1013912.4013161408,157791.98117649206,399384.6187728554,284951.8987854103
2014-08-29,666695.0070381073,636341.0541103153,458704.9674015129,1025883.4974365867,176717.28756293925,407983.95917602925,291850.4482665068
2014-09-02,677687.8332076939,641874.3129793779,463196.0977682363,1017262.7316877155,181303.85686438344,405928.9619535336,290336.03658917604
2014-09-03,663671.7672808954,636652.6707942754,461904.84752317396,1015653.740284025,185464.3873065982,406754.26787351724,291976.94807383145
2014-09-04,665378.7341651651,633733.1919487736,461920.2614896183,1011252.7472760314,186997.60834428255,404344.41538541124,282920.8158213787
2014-09-05,673890.5526714845,639924.5419056367,467277.38535233866,1010962.306247692,201825.00173860605,413889.01862423366,287115.2047334973
2014-09-08,668731.3262552626,634386.8135306612,466137.91420026304,1003731.26139232,200695.0960756537,410525.0858962448,281819.31317868084
2014-09-09,661070.1081392396,624637.9436524116,454421.44429113914,995778.1670294628,190974.15010742046,398871.96568779484,271430.49748879514
2014-09-10,674450.2385954934,634899.9786926053,460245.94510895375,1000914.9627264319,198785.79464822676,400551.8060333644,276995.17196874355
2014-09-11,675043.7216241352,639398.6080441256,463366.8193525784,1008862.8887122801,204369.4833858125,402081.7280999758,274336.2900805852
2014-09-12,665237.6737624073,626187.3841353557,452523.2482835795,989348.6389703376,192968.59664411878,386483.99226485565,259253.22360414584
2014-09-15,650065.005217416,614406.5599185495,440278.4500664767,991793.1781489886,182140.4932324746,386010.1193995381,256808.86578984364
2014-09-16,671165.7929977322,630862.0809326821,453496.3534722787,1007169.5437032519,205120.38700982614,398663.7662875889,272591.88219409867
2014-09-17,669304.4244579496,627976.141294789,451058.9835283043,1010008.7577176071,208396.24528258515,385432.9242092559,266533.9291045687
2014-09-18,683166.4682907055,633895.902831747,457354.5468113251,1008507.5946332925,223074.83260735637,387074.50392812403,270859.04224076174
2014-09-19,667029.2796352471,623558.3561121249,447781.9581033913,1004766.312777023,207338.40933238599,381483.77340610506,267331.0234798982
2014-09-22,637720.8730810573,601725.5470016695,431139.6670981127,991339.7519213833,192448.54799673325,371098.6503489562,255884.41932400083
2014-09-23,640052.4978084726,600642.7096102332,428619.7991477144,992902.3008364296,180845.3659203326,368654.2307879304,251537.2256738747
2014-09-24,663152.8575173662,617384.6164694062,441012.12761639274,1011992.2610258332,196327.273621965,376655.1173349068,259733.11536040565
2014-09-25,643350.5815845872,598267.913186553,422333.8085105649,995346.5903449149,177518.85938096422,357661.1602171828,242168.3691532097
2014-09-26,669525.2535816716,615988.6234367819,437714.63468256575,1012381.5995779091,189981.98003986353,376428.94719543925,258456.70188298507
2014-09-29,671104.579191161,614548.8804569191,435302.76557442924,1016461.0074715883,187547.14358724386,370690.6090017352,257835.33174133243
2014-09-30,662111.0704617496,612435.9295537011,431045.7343247639,1006263.1256832756,176366.30702457688,358475.5617113615,248811.32563981754
2014-10-01,633060.5454846808,587155.5670651044,408172.10937931703,987795.2785668385,149088.3332721289,341346.7881987647,229858.61780885496
2014-10-02,630836.2526363569,585295.9246935138,404032.9271536305,986372.2018097234,136475.99894110783,332923.2411921653,221215.7762604302
2014-10-03,641686.9673688024,603077.6446337416,414797.8593219077,999797.2895883021,147716.909203754,337335.6087289528,231122.7835891404
2014-10-06,621520.3941082455,594974.0707178875,410039.72407500935,982869.048500833,141373.2587927885,331994.0956980897,226678.51165712558
2014-10-07,600441.4556450549,572290.0248398308,394094.5619658044,967074.0705080166,119181.52742938712,320046.61428406776,213176.43300170984
2014-10-08,617068.1613194566,583210.4452655043,411432.3722943758,986294.4956978343,132644.97752431102,342143.94038041594,231916.7392379585
2014-10-09,573470.7422560375,544160.8743674572,380486.9042854696,946210.8395323241,103361.33203158125,311957.55432076234,204320.31853074115
2014-10-10,517727.9682167469,507856.4545456036,353432.7644057147,912869.1642465962,62039.0436439192,299335.50451061653,188059.28737292642
2014-10-13,482794.7803539423,471091.7675006996,318728.873684041,890420.8879104212,19041.865041824,262727.8432303786,155337.64488783228
2014-10-14,502651.2255675959,484626.9647365448,322110.0599002938,888611.1483391913,38645.33577226446,244850.74567108744,147357.94519415477
2014-10-15,512205.1273987581,491703.7103943316,320366.9565106578,885025.4746381037,40122.55370110771,241523.8906481929,140138.784986476
2014-10-16,536682.7126431591,512951.9816010485,325855.0982365222,900487.8122889954,63429.08857978234,255307.13466189502,146268.98598333736
2014-10-17,542036.2099374791,519448.217170201,336246.37208797387,920023.7415176731,78139.5375368393,275060.1348668925,167383.72346136553
2014-10-20,570760.1264463395,543015.5379306612,354182.36930658336,941818.5628070399,97841.95299924811,289961.03522820637,177370.46245242693
2014-10-21,621033.4204750583,583504.523891737,385734.0604945867,981091.5859387266,137320.20475701996,322189.5099299027,205841.23993310652
2014-10-22,599521.7236609318,566215.2076838914,368780.0080436692,965907.2532637212,113056.18359313704,312802.41951810906,199763.16237045222
2014-10-23,604062.296421708,568976.3328625648,377857.8149995533,969843.0427045363,125877.30774082425,326169.8480142129,216505.48160501412
2014-10-24,616053.7441350366,580816.1865282472,388690.7842538839,988751.19990699,139440.73297794999,336082.8454776653,227673.43554876605
2014-10-27,618537.1612450439,586586.2746461482,388651.9297992948,994016.0332451771,143467.86549093347,330006.3328809314,224508.33503504418
2014-10-28,636188.5265137721,599536.3333450498,407176.36938593944,999414.9110963878,166318.9642465713,347895.1632070063,238524.72259195324
2014-10-29,627177.8246309089,600146.1885843135,404168.7472512372,976202.3513251222,168770.97110359638,353228.25177498686,240643.58264781273
2014-10-30,618702.7321095942,596078.8617111366,405323.47954275145,977888.4577238634,170294.0016880837,352483.97613737447,245045.96148806013
2014-10-31,658794.5258492442,623600.740359867,426830.29228755244,983457.9907673127,186825.63029391225,362964.64859686216,254191.98489613525
2014-11-03,673257.5961870115,632911.3878386369,430200.8763542418,987304.2107918573,191085.3283458652,356075.44806786,248979.52862046513
2014-11-04,667206.7378354176,628342.7177418012,425311.6499137473,980659.4124355044,194016.6755074418,341507.399231859,238891.79445983842
2014-11-05,675918.8574993722,632915.6394227288,424995.726921799,958080.4623590405,205126.55572677837,336749.662062188,237298.29267413658
2014-11-06,691190.9915152503,647389.3116194168,436832.25665824435,980873.4371568433,222846.00335745382,341136.37070505996,243167.09287929226
2014-11-07,686172.0735630458,647686.5348487198,435866.80210447294,962913.4146013585,218595.4486030471,341434.8216578801,239767.76336765348
2014-11-10,697612.3745704356,659343.0821467926,443959.38942969317,972090.8629474654,238187.46997853986,340338.64524197666,244051.32261348516
2014-11-11,702411.3495551052,664350.7174669919,446131.27402077685,979544.6023965576,241461.44805741872,346130.64831163606,246245.32448692882
2014-11-12,705317.2440072135,664504.0502018563,444372.5748156964,975692.7636961284,242358.04474046858,342875.67299661547,245496.73115325108
2014-11-13,703775.4182793896,664763.315341297,442886.78667649254,962054.3162143258,244031.42296960662,337175.32367088087,241822.05446496594
2014-11-14,709362.3290426119,668514.3638758375,445786.6202762646,945030.8363359498,245257.3304871382,336099.4771602143,243098.80480680734
2014-11-17,699679.6793114719,663059.5984299051,442684.4742268015,952336.1805862087,240085.2668611984,333326.98589786835,241862.12074958734
2014-11-18,721641.9375935004,679399.4509028435,455402.41605115274,972507.9811156669,253685.86666039456,349817.01361615746,254940.65238952066
2014-11-19,710768.8353175088,674181.1910785257,448981.8557807104,963063.622455051,241449.25220067622,347163.56729750364,253967.03980379464
2014-11-20,709539.1462876988,671004.1053312405,452055.10851591616,958092.3724516906,240350.06020297494,359484.8240690348,264162.12058031803
2014-11-21,708399.5187750091,667220.1672344666,451061.25944617455,952289.934190445,240029.54333318997,359956.35729015956,269702.6877741315
2014-11-24,722651.8173339404,676248.1975945282,460780.508735285,964232.0278269821,249415.82531454548,364054.3433371772,275067.36905020906
2014-11-25,726488.485622987,682956.1608180292,464645.64100389293,967182.6171172822,248578.4709582847,363825.312464026,274581.6668327455
2014-11-26,740989.5653705156,692573.7775559996,472961.07015051343,969617.3375277742,260834.2356862065,369086.97739273845,281683.1343553175
2014-11-28,762036.9238311667,695250.4377181116,473541.6977396372,979256.5654025688,267995.16659242066,360903.47396673687,275432.69337494316
2014-12-01,745789.4175722725,671694.0368205738,454936.8509472392,974274.2591292158,246352.47357407867,341117.7479063005,262462.98480835865
2014-12-02,753852.1410682172,681762.5130545867,464557.9265219842,982513.2688032468,256702.41865454984,349835.3393026751,275247.2665557977
2014-12-03,759349.9862003238,689301.8824139369,472183.38014229416,978224.14126157,272640.0876127734,355150.9618640738,280624.49885048805
2014-12-04,773098.9261679617,697355.33797368,476876.5047704249,971381.0184134397,289198.512159821,355779.8577001257,278247.7503819128
2014-12-05,772030.3737934825,699641.3678411238,482631.40669396863,974490.9827363354,291060.0144211363,359339.5292027858,281076.2066104709
2014-12-08,776247.188764898,690889.7551076333,473348.9284753308,985020.7248593259,282789.92811481067,341651.88204039016,273279.3301825141
2014-12-09,777104.0866700732,689873.7026759789,473183.42601544556,989279.8871017902,280306.73895986006,345303.9403324501,274029.57021081337
2014-12-10,763119.8846254671,674226.151610651,456123.4488714313,971246.3703248521,265126.2647289749,322376.19197614025,252856.9243621392
2014-12-11,780935.6629352826,682063.2481144355,464458.96345030563,984876.3266876575,273525.51058262325,322233.1421986664,255269.03000736694
2014-12-12,760076.6075460492,659947.1505806097,443666.82650858455,968039.0907804344,255713.36072246014,299789.64906183304,236339.79360568695
2014-12-15,745402.8512987955,648009.4190995054,433956.6332076926,951276.8350252873,253710.24661352587,286742.9075972833,222003.14704385633
2014-12-16,728994.5242642456,632521.9265584357,421591.9482572311,941272.6439534716,238689.65930602665,276323.29313715233,215642.94559428326
2014-12-17,749291.9062007099,653961.0795734893,442409.1721648334,963170.4000197119,252848.28552173948,297734.39149898075,235848.18178459248
2014-12-18,777630.6883141983,679146.1794560722,470412.0619451327,994361.1938227096,273098.97417486476,321008.95952824067,263152.1305627383
2014-12-19,776286.3093841436,681204.063743892,471195.9809553499,1007119.896378971,267016.73572600365,329524.419330402,268167.46636157384
2014-12-22,780573.614032632,685250.1542550529,473826.5873434729,1001277.3485283569,280295.2542347846,327981.05296181154,252336.56442149132
2014-12-23,772642.6155763767,679012.9317949197,470785.7716402896,981608.9900554086,274374.20416318387,319019.74023391417,239067.67573569054
2014-12-24,779110.1111543094,685483.4871024034,474162.81299139507,992869.0589294038,277560.0016032081,324774.8883791098,245779.8573319041
2014-12-26,777342.3681109815,688279.1457958824,478831.8707079449,1002685.4831047538,278967.54532734706,336308.14524315676,256187.2372964925
2014-12-29,779545.0895194255,692953.7606072779,481905.37408407446,1003998.5224257292,278245.2191502285,340037.37303794787,259773.7166703452
2014-12-30,775384.2811831867,688255.72308169,475771.5344697202,998414.2007067032,275537.4975866161,334622.2709898675,251729.03531326394
2014-12-31,769324.1435138073,682936.5960911165,467187.4878141861,994422.5389884715,266614.78058007575,326381.20296913263,242744.98059038684
2015-01-02,767410.0961477158,686426.8935098666,468797.9711823857,1003571.1103383756,273052.5885718478,324097.70044949924,243786.68502031063
2015-01-05,756761.5264467637,671299.8946913095,448554.8126563728,998369.3605131762,259103.20892927487,306447.50161089684,230113.38409849402
2015-01-06,747265.0896810325,660244.2843797827,435335.72482274444,983012.7961683138,252814.24389448474,289318.6394198762,215991.5052744242
2015-01-07,771987.3263559963,678228.4418295275,447193.10978829564,1006384.9975302994,265773.05784710904,290785.48498590005,223431.5585855201
2015-01-08,800032.6169813576,704846.6587082914,470879.30078025575,1023092.103454284,288418.82343772653,315019.10625883954,245491.6433516888
2015-01-09,793854.3371030252,696912.5635106857,464487.12299689656,1017174.6604429815,284985.0084126309,313265.0029657976,240513.16349873462
2015-01-12,780288.1102357244,682475.4661192365,447807.763327456,1003099.3551536185,283224.568822845,293562.11386512907,228030.5639816713
2015-01-13,778291.2981302183,683864.812513199,445971.9500488675,1004448.1335813055,280823.7272107799,289508.15265711956,219544.09476217884
2015-01-14,777649.4323049611,677996.2559860507,439719.63591414766,1003259.6232369852,273692.6562431899,277927.01975851494,215371.31460608027
2015-01-15,760372.9165835814,665728.2332938772,430758.93874921545,985565.1005998113,267458.4168167065,264303.2469407149,204000.0983797221
2015-01-16,775185.8234000542,681426.8347134634,440813.1178244829,1007559.8917033948,272866.7421159534,271320.372902704,217225.42430532997
2015-01-20,782570.263402199,684872.4561257502,447221.9268748893,1008350.3938617142,277455.10211951996,287575.2560864044,229008.16013075263
2015-01-21,794674.6787322839,692790.7907444808,455523.9546339533,1017400.9412116924,284344.19914006395,294772.48180694896,234142.0818670129
2015-01-22,825229.6970814209,715864.4507913918,474654.15556788194,1049059.137381173,310866.14179555717,314063.57739732164,254698.1754459322
2015-01-23,831743.715032046,717404.6586939064,473301.4895395017,1048382.7257562244,314878.0001067399,312872.4226543939,253689.0241110873
2015-01-26,843560.2806567933,725965.7547251363,476028.5437344693,1055173.848523587,321201.28264907555,306779.0954936244,254115.92201197095
2015-01-27,838344.2016368019,719209.9116529753,463294.1175147657,1047410.9900610191,316668.9203273358,281686.3169233658,238012.99615911942
2015-01-28,832831.7005663931,709332.1412307209,454856.55259679793,1038433.7445768472,311531.4819043786,284307.5535695429,231255.64690096423
2015-01-29,849741.2361050843,715654.6259109019,463017.1572451344,1036787.9258261372,323340.24905055837,299351.9869586833,244095.13984014263
2015-01-30,824377.3635261137,690045.0608944172,435982.66094645456,1006780.3095068531,296786.44264669775,271205.95760962146,219725.12395647314
2015-02-02,821888.902133917,687996.361286867,436461.134910341,1003047.4306946037,297615.844105241,279952.38817278564,227260.41030075127
2015-02-03,824417.6405795936,694293.4325395817,445096.4010498854,1003961.9712533809,300825.50926906324,284226.3200866639,233421.00809736009
2015-02-04,851513.9480957487,710044.8351908439,452381.57887204416,1025356.744395173,301730.36151014385,290928.92975662305,234251.2393663366
2015-02-05,853089.8485072856,713444.9660858832,460526.6596840926,1028292.5877600322,300851.86785190855,291680.30256310647,241545.3366922825
2015-02-06,848147.6409069438,705357.8876572989,448989.99268128694,1020362.2896905232,277969.72401117824,284039.2421600608,233834.53222754624
2015-02-09,824880.0280795513,685520.0638264506,432416.101355405,1001509.1242633307,265812.16097945883,273352.5865508816,222040.15191593306
2015-02-10,844476.1492879086,708563.8594030072,456144.8929584792,1018053.0805304233,285235.7906038063,291824.57656384667,237254.15713093468
2015-02-11,849018.7514474061,713016.2011639129,456998.254660136,1020011.2238478179,281251.54108259775,295413.72161526786,241486.2858114205
2015-02-12,856315.3645435309,721993.1999474225,463549.75283056335,1024817.1958053311,288542.4295010035,303055.70359038044,250122.950277612
2015-02-13,859744.7382263131,718208.8257483384,460070.2453327678,1022697.7737844201,285485.18342961214,302620.2446865575,247481.73762992574
2015-02-17,854226.068864555,717924.7146526453,460931.241695506,1017187.344123363,287089.0704356879,309778.2796688823,253259.01188153907
2015-02-18,863523.4706423061,727177.5013686878,467531.33860455133,1029389.5336441483,298836.8690093728,313485.4442155445,257471.95950423085
2015-02-19,861682.8048282708,727678.2414252913,467393.9225363605,1034945.5716074181,295606.12305352365,313697.7612207667,261710.9150754123
2015-02-20,874747.6006122602,729636.8528287449,474097.6432510358,1040891.7792568913,304525.3263951619,326902.4687144477,272175.35289115267
2015-02-23,878085.415149606,729376.8264039452,479245.1594478911,1044796.6867691263,306053.1592818438,328885.86044168886,277277.05557174166
2015-02-24,880867.2328280052,737176.7659876404,480846.6837304045,1044939.8096279908,303152.9957562002,337739.2202467648,283011.8204022962
2015-02-25,874816.0382566764,729550.3480056674,476535.6729257962,1043510.915401927,298790.3374517688,326712.20951846876,273583.0483174446
2015-02-26,902686.6284027165,743968.0052510398,483410.9840538868,1073979.4007285922,296782.6943553333,321118.4682430964,269603.12008435815
2015-02-27,889648.9264969904,746996.143827714,484553.60316118377,1098080.4163063918,291036.3223335525,313530.107615533,266454.12850154255
2015-03-02,906957.5615317886,762377.9191187415,497376.4942412858,1103771.8297247838,300492.86026088556,326747.43576990126,274813.77221612254
2015-03-03,901815.1714770868,756630.615346643,493369.35529963195,1103938.9040918406,295414.44898707763,325527.795214883,273059.0182726249
2015-03-04,906909.9613491563,753426.8303108874,488053.2117968855,1095933.4684339066,291898.7814506193,319591.59904778254,266004.4334950853
2015-03-05,925008.0293182114,760913.1168981353,497348.29669508204,1133483.6440642353,303796.1612918165,316268.61609748274,263883.2225302957
2015-03-06,907721.4003603201,742770.611174616,480635.2108952488,1118916.3844594255,280884.9536613762,296651.11810463027,247170.8584859824
2015-03-09,908903.5390092847,748057.6058744501,490555.192536194,1135998.4105877378,288276.71876009204,304530.8272671527,252706.73391794338
2015-03-10,896052.5674710779,732784.902243843,474996.7462582781,1121688.6554219015,282025.49038979836,283892.45341589116,235628.37694824077
2015-03-11,898976.9318351042,733380.5955415282,475020.04836921406,1118802.7164706609,284259.8094314501,287717.72757508524,236851.8096564719
2015-03-12,920107.8592874,750185.7843713734,488599.507578794,1131358.1476459927,300928.89191460854,294406.8328687301,249328.30657803873
2015-03-13,911635.4823611458,744879.7686160506,486639.98866882117,1131746.4334345805,293612.4633867911,292165.3971766083,246741.58833819124
2015-03-16,950384.866087571,772453.1459366692,509053.2792876135,1154067.6728010261,322735.7466450917,306216.2150973719,261276.39981577254
2015-03-17,943561.3417136613,767075.8101456831,503562.9843274872,1141458.7016165215,319131.63659599813,301175.12843780365,256818.86164131717
2015-03-18,948684.974122947,768213.6665134035,510611.6612299259,1147240.5631619813,321798.7676392506,302429.4748302618,260903.60138453825
2015-03-19,959857.0085304313,778941.2636475896,519577.9753468309,1164920.116766564,326267.2518837301,308950.4525868551,263066.422570046
2015-03-20,959484.1303676902,780113.0295341398,517868.1136963978,1150549.6311991238,330414.47005496564,311807.57546383084,267657.21262748
2015-03-23,956725.5945519767,779574.3859717455,512894.77401644207,1147323.6442286093,329022.2670081192,313969.12069810106,266497.1064118102
2015-03-24,953764.7378475899,772688.0237667026,509868.2659731403,1144130.5989729962,323979.9081481458,311798.62929852627,258520.76960108316
2015-03-25,923065.8203549192,740801.4819902148,479948.93748052395,1115816.7036176994,295013.8124583072,291624.07346519275,238936.0932213037
2015-03-26,917452.414533433,738919.1055351933,475226.5319424238,1115904.4807946454,288950.99944830005,285029.833877313,234150.69062197744
2015-03-27,936290.7436970044,752921.9342208185,485467.71165899734,1133932.9078121718,305245.8378921704,290451.47876488295,246253.94696312916
2015-03-30,949451.6137114882,763905.6476136142,496397.48180941254,1143399.1950001053,317324.70078621135,303022.85072119755,258486.32007089065
2015-03-31,936299.5413833555,750801.833439535,483996.73209054954,1132930.3098585801,305935.25426484336,293937.1284596694,250091.76529624374
2015-04-01,924561.5015169327,744127.9655782875,473817.98680625355,1127630.9613349154,300516.0060561529,292093.67754215637,242086.41433008312
2015-04-02,921506.8436470631,746353.3316705194,482819.1361285517,1130789.0455064897,303422.5507922044,301718.3240880481,243793.25216335434
2015-04-06,917017.8572840176,746798.816884308,483196.9669412048,1129906.7492932822,297723.7149586119,308779.1633856844,248222.77788611167
2015-04-07,916745.1956471351,742313.4704042258,477814.2184088919,1124473.2464972022,298469.752652679,303257.69927119045,246267.70640238014
2015-04-08,924721.029798151,750959.4795446112,486011.322408518,1127581.8831985642,306779.42870924337,305966.8866027487,252675.89576636927
2015-04-09,930962.0736087414,754270.4914618583,489647.02578435134,1134915.001608998,313519.1294587738,304121.8359183733,252487.58264509263
2015-04-10,935651.9276070093,757519.326683516,493771.0373755882,1136458.8558158828,317190.02177460334,310703.960009139,261403.35377685784
2015-04-13,934039.0467791597,752455.8328684564,487900.89492089057,1127861.2956268014,309651.9180316414,302398.6775900332,256491.18752804608
2015-04-14,922925.3989220109,743847.4118655988,482630.6892764635,1123495.6143351935,300366.6522085855,302616.6822489455,255785.27713242924
2015-04-15,922871.7927667634,740991.1371162247,481236.86131498317,1119924.187274205,294173.7361576388,298126.9625180732,260555.9309524362
2015-04-16,923528.2252832856,741725.2115722861,479289.3286255815,1111787.5460148477,294071.8579450692,299435.98233453825,268430.19247454667
2015-04-17,912102.933977464,729686.9447287458,466431.10362756933,1098415.8971334456,281328.95264699054,287874.8726729813,256269.59639826068
2015-04-20,923819.5598246065,738914.2199030849,468708.4006109158,1109481.947490146,283214.33251618367,296628.0615663829,263893.54751580453
2015-04-21,938203.7517713292,746459.6660655669,476192.30297036597,1123845.4017201292,289259.78075854765,303767.7824446793,274853.9006764163
2015-04-22,949339.1619179008,749841.3949573397,477350.2171667975,1135991.1720665232,294903.6381438931,307446.74001692486,276275.2014713114
2015-04-23,948278.8364860798,751560.4939317225,481005.56145293283,1128866.6952482634,289577.7220925714,315777.9590984963,281831.3339476969
2015-04-24,934608.5012969373,743529.8834482627,477057.2994310277,1119926.9192341566,279531.3769592993,316440.2060129349,273484.95462493686
2015-04-27,926310.8947586842,731947.0119396033,464360.2498921824,1115296.6658312199,277412.6231381068,305386.2884035704,259522.74900573428
2015-04-28,912166.7759684998,719579.7635576742,460138.73817796516,1103129.0484354657,270924.62313634256,299397.44369654823,253687.43920052075
2015-04-29,899899.6122500112,707623.7990075004,439969.1108788674,1086433.3258959875,252454.97054735487,284184.099611955,244264.33457263734
2015-04-30,891182.2053526022,695982.8311172388,425431.6410377266,1078312.577334945,243910.31252916006,261939.39200055227,224895.06625283154
2015-05-01,933078.6374667778,723921.1025044506,445159.6857127418,1107097.3166071181,274489.8660501701,286860.55292053224,248814.84654876354
2015-05-04,930591.2249372933,725660.9243374815,449920.3867827871,1106206.4582512535,274012.15211029217,292527.13675246347,254069.14806304185
2015-05-05,899274.6982828857,702525.0740501903,430439.18684128555,1072608.3213409085,247615.93252105697,276162.3136825572,239657.54820802136
2015-05-06,901834.3010357915,704518.3634309868,432065.3932976482,1069019.4125418586,254006.85908170394,278499.65228597453,238861.492497397
2015-05-07,930119.2585068436,722920.8867432161,447708.6019780103,1093124.1120013334,275035.8504535576,288547.87579303986,243777.19902491526
2015-05-08,920112.4934452269,725225.5835310632,458539.19519581867,1102208.3361449267,286969.5506325357,306577.44533421064,265324.0493379416
2015-05-11,919855.0818706057,725992.5292220601,459163.76217157475,1102749.809254072,284293.32908271154,300157.04484883545,263466.6089485526
2015-05-12,912836.9039479358,722298.1366369887,459697.94343699,1096279.2851873753,288632.3314150873,302386.4327114428,262591.8529629662
2015-05-13,907555.1087071511,716778.1015223914,457047.8239210144,1093448.9202577267,285143.5114605264,299878.6559156096,260411.92505068725
2015-05-14,921678.4859777888,727121.9034483659,467896.90328289004,1115648.437005728,296681.81117213,314340.8751973328,275419.66699955583
2015-05-15,924605.7245389029,729482.75355091,472277.6472097886,1115424.721547366,301548.513187222,318919.3060394414,277943.4443549656
2015-05-18,942246.1609996099,740872.1071986858,482177.79098132555,1139819.5616444,313568.0064106845,326322.2906681101,284555.56134544977
2015-05-19,942517.6440524091,734651.0060254409,482038.69827549974,1110029.6110185937,312246.8414803743,327205.79206134746,282981.4544287461
2015-05-20,937393.5224544026,720505.3707040295,473987.35121588135,1106556.9594700586,301280.13139829226,323277.4496403895,281832.60604177567
2015-05-21,936221.7464085019,720438.6373926884,476390.546735788,1108939.9789521908,307851.5591427673,325786.33059338265,284987.6586465438
2015-05-22,942164.516454773,722607.4313270814,475420.0021898382,1116093.2723809937,307461.51913885924,327170.96093320684,285376.5916498072
2015-05-26,929625.0972871521,710639.9079460228,462998.06620880275,1110062.7072079685,298512.7426665307,311887.92837761145,272676.3585913549
2015-05-27,965362.7143287625,737561.8156439728,483343.0320866975,1142837.7972152375,315759.8943693274,326129.84922321903,285936.44722271257
2015-05-28,966594.6148242569,736494.6924316012,480640.26010093425,1142942.6377376681,312230.28080966644,320136.5801728218,282109.7635385081
2015-05-29,977585.0585214499,739712.7235216777,482303.9881924413,1153121.1475131328,309257.22483251675,316347.1638660435,277498.5566947595
2015-06-01,973513.94965444,741851.4997216812,486295.9357357194,1156317.6430317054,314891.19051743497,318061.759182451,278487.4504978689
2015-06-02,960332.9612975407,735186.3209858787,481011.4074565494,1145901.6608958167,308579.74449722294,310917.0715847754,273900.6669145056
2015-06-03,957382.1998389924,735471.5691590491,484389.4499311478,1144048.891658954,309697.6432161034,316564.97993945604,279666.9499569699
2015-06-04,955931.3295047816,733661.664406045,480585.1698314018,1141178.2369574804,304219.29138482787,314122.0341514364,274325.66477603413
2015-06-05,968211.65737749,742066.2152572484,485946.89998719824,1147219.952125301,297013.80775370233,319324.44298050273,276887.2792448806
2015-06-08,947846.5004506356,724729.0718877017,474049.08810559957,1127361.4557964597,285374.11514720233,309199.3096908788,268793.41555278
2015-06-09,946204.399050844,724207.0169217306,473103.47360705,1132489.6406415028,284909.9256096688,306275.5245486836,265806.3546156681
2015-06-10,964394.4840615238,739588.5521971876,482462.2842865431,1150484.3642497142,300564.52958715474,308201.0848140129,274868.2111249808
2015-06-11,964512.9300548321,739026.5068720415,483423.69900388265,1147813.1327656407,304892.4099853625,307912.4905682354,276921.8313149348
2015-06-12,959509.1705415251,735357.962282897,476348.6703132024,1142122.8447038531,300661.7471133506,296998.9990509261,269044.93187602406
2015-06-15,962175.1632633564,731938.452638071,481660.6461325478,1141484.7883761092,303548.81598313764,301812.5088166442,270940.0139559491
2015-06-16,972657.0976082993,743187.6199107066,491203.1453899738,1147533.416314137,312421.0416012796,309252.1204540017,278055.2323929883
2015-06-17,972608.5355339687,745140.9618044123,494666.0589454349,1144006.979149296,315123.40044154954,310316.12892691314,281621.001934774
2015-06-18,994053.2361151151,759326.5880754375,509398.9776460725,1161200.2736311443,328592.4580420798,326139.89317831554,297792.9500972571
2015-06-19,993212.3163481676,755439.7543505367,505685.26792775054,1156266.303547384,326652.4609273387,320774.5230203443,298298.1628846624
2015-06-22,995680.9829866581,754440.3149724365,506228.0816769275,1159173.256505994,331865.5272377513,331131.1609387284,307431.6004850427
2015-06-23,996250.1711262228,757323.7993469834,508270.26022462116,1164346.453265575,332988.40062930447,339863.6706080749,312093.60910118936
2015-06-24,984963.9354719429,745189.6620661906,497401.6330834101,1154496.8270847846,318976.05008023453,330467.3907142231,305303.4924437558
2015-06-25,991372.4285227811,751558.5979394843,514766.18035889027,1148391.8156446482,326162.94484326337,340802.57654611336,306763.8204878237
2015-06-26,982440.5381074147,748069.8536522805,507576.22999259096,1137124.355324444,320081.61635897483,339756.6766346652,309113.57835525443
2015-06-29,948160.1081536275,721553.8960777795,482858.7997425859,1115035.6029543458,298724.18759917683,318182.21141116205,285458.8173501761
2015-06-30,956873.9390124811,725420.1113005629,485124.1769612168,1122292.8665463612,300889.5726927092,318171.4975937618,289564.539443312
2015-07-01,963691.0024721622,733333.4807180203,495070.4610311782,1124259.3417944026,309663.66295916634,324418.05265215144,295793.15933863417
2015-07-02,976715.5970203691,736286.3575127474,493892.9569789283,1131476.3559824247,304665.53484985826,320477.3930588101,291707.47136194445
2015-07-06,965092.6665017378,732066.2500535154,493365.6016569404,1129166.8711047547,301548.4663811772,318693.1991764231,291577.53899713926
2015-07-07,962778.5499126624,735775.9589064129,494332.6258662405,1115404.4516481855,307215.77629168093,316468.92569154664,292653.58576027356
2015-07-08,930939.9385731467,712198.1590367935,474901.1415084402,1100574.9839170326,290192.54429885733,301079.9888010471,275608.88597647625
2015-07-09,922587.5437494576,712139.5319030568,476332.25119056384,1107238.391679501,289177.5007854389,311642.86069110327,279141.5811256719
2015-07-10,953850.0224272297,734730.2172811693,493635.6325098314,1134335.0413150096,309196.34306092345,330179.49368440564,295542.1667866565
2015-07-13,964279.2499818333,746997.3526886159,504374.4995215341,1148622.6470610958,315901.79687769694,334261.79841184727,304547.399347925
2015-07-14,984354.0181023339,758307.8347408914,511633.1759062906,1150665.9598392702,323265.0701296805,343682.7403766816,314122.40225128684
2015-07-15,986927.1844363696,760022.788396614,511498.6088061226,1136835.47112681,321500.2230930966,342759.21583591413,315127.1541329167
2015-07-16,996806.8277885722,768013.8831389138,513817.5934501789,1184076.0568910744,309069.8866422821,342228.35255916254,318683.8499292862
2015-07-17,997265.8605412889,764851.8691999346,511963.11657712026,1182459.2764818848,309738.01614565944,336984.9488328252,316586.5730611364
2015-07-20,1005974.4147383248,772246.297869842,518746.93651207973,1189558.3039769437,315018.1601895609,334263.40980173665,316492.1727918894
2015-07-21,1011482.4812691335,774198.854856578,516516.93993685447,1185429.6971059784,313688.55719682144,328675.1484052832,310890.7607702651
2015-07-22,1000729.8748369891,773675.5355393642,518239.23773420684,1173622.6134967578,311205.199559811,331667.1273044729,314393.1681211403
2015-07-23,1011445.0962109428,779730.8011815342,522595.275141904,1178256.897008136,319780.6613627138,334149.88281116,310294.97364697815
2015-07-24,989384.2371818897,757868.3871105106,509417.4539955599,1175635.3203007125,290676.7648214043,311999.5699202389,293832.96242201485
2015-07-27,971522.0771162768,747966.7822462347,499640.5524429516,1163089.3332115428,277455.61717480177,310152.97690466495,285136.6362633066
2015-07-28,991668.1371207942,757059.0729179556,508541.8024428143,1166051.0616910348,284421.4133711232,325844.95427968755,298983.5228069661
2015-07-29,987971.0035869705,756436.0271102713,512162.8512830773,1169084.0872158126,288333.56754548626,328474.73264456174,305197.56367909093
2015-07-30,990303.9318004186,757330.8220508749,513659.63931071793,1180389.9544153875,292004.4233504288,325770.7220934976,305456.54995758843
2015-07-31,987544.5275560996,756825.3249762636,519972.5368329175,1179806.6119191172,292792.77174053824,332195.60614551936,309927.78817957215
2015-08-03,984977.0195040276,754162.69193183,516138.0557367698,1167193.6458293588,287006.2319494198,329097.6699745111,306979.0164767048
2015-08-04,975619.7020886014,750982.4010327646,519484.74427639385,1176894.9971630939,276726.35581811616,341827.5905033921,312054.6402758882
2015-08-05,986441.5872099462,762443.1360457293,530348.7648244036,1189823.8387919406,289617.2103975611,358271.3717896717,321841.83257289237
2015-08-06,954214.269859743,738484.9016116508,511839.2135156287,1178748.8761815014,268730.051019206,346270.04223834514,304126.59881135257
2015-08-07,962206.1421957014,742058.6950104388,514579.7827365003,1175444.5136620642,268240.5539000802,344734.28815283615,301701.2337423048
2015-08-10,969609.1686166128,747343.8560647365,521349.54514076695,1185542.1219754908,272483.07159414346,347578.1228368238,305120.20867662143
2015-08-11,952274.0116927067,737565.7315261515,515096.9902174744,1180174.0296976499,266348.41839744616,340554.08283953415,299533.2263590909
2015-08-12,960276.8575080505,739268.9886737588,513490.30539051595,1176650.3541266513,267410.97263271955,340212.4186583613,298911.0394175442
2015-08-13,965829.8128627868,743327.8647108361,522851.2026406335,1185810.6423600377,272463.09206325916,346011.97218683065,302295.17682791
2015-08-14,962725.460701099,742981.1192366265,524559.1400209132,1186572.7360682276,274862.91109018004,352794.03537896293,310035.998243532
2015-08-17,974133.5823120406,756348.3202445403,534539.412061369,1198093.1268265527,286739.17331448244,361715.6414552445,318573.46979923185
2015-08-18,956840.6203122988,749905.8280978544,531992.4425186233,1187394.708543742,283886.7736170662,371358.8441738649,324831.7604965389
2015-08-19,954473.3906582287,748247.9833548276,529653.9424665418,1184843.2477293157,279948.5427678649,372206.95439616306,323810.18186411454
2015-08-20,919832.3911980267,721636.4269183697,500689.768484512,1142215.0570763547,258453.32911497002,346087.26708084217,296234.49774314783
2015-08-21,888360.4827689138,686953.4104472816,460743.4103686116,1101168.6878523594,215094.27493530407,315834.2011402762,266361.7902960372
2015-08-24,864853.8539916124,653881.4841136753,423189.64383822033,1052689.4223245864,179759.78160841932,272367.3965657873,226306.63486517098
2015-08-25,858226.0049967391,654895.267842325,422727.50956607936,1056702.5804939398,175980.1881195877,268939.771932536,220272.90560050527
2015-08-26,901343.748022462,701943.1754947737,465892.48973195005,1106061.0164692532,204978.6122599897,314673.4887569996,259648.10656904834
2015-08-27,933615.1667453754,732629.7368821376,496938.98466808273,1137927.2579844866,218432.08327575502,338853.57352466875,281562.3907579601
2015-08-28,933718.8088153439,729253.5522316471,493941.55814869097,1137603.0837041256,211371.08086410462,335479.09738985985,277616.1654342608
2015-08-31,925837.7143212901,714034.2037029176,480191.4512801843,1111655.692388715,205724.4903839791,323166.49957055796,265891.6632784722
2015-09-01,892991.3462417907,676172.9186567911,448068.67703736736,1068934.6723710923,185484.46408748275,298479.05233394064,240411.4609858563
2015-09-02,916011.2034546804,699832.454809993,472572.1485871581,1091191.9278878202,204390.115275233,320725.85070111067,262591.9350806489
2015-09-03,917328.3479460371,692320.4099461845,469671.153140873,1085641.5270532826,207334.634498047,318261.35975049227,260600.13686751825
2015-09-04,901263.5545371196,676631.7221722099,456991.21350406855,1071540.8848062535,194467.98412469134,305358.13449883106,246536.48989384467
2015-09-08,937509.6885788224,706162.7942056486,486014.9947286558,1091442.4209900103,214279.01457420617,337724.94131106173,276609.2085929279
2015-09-09,918163.5302059683,694536.8357879271,476006.083759598,1083758.4846644467,201450.12078380786,323661.7751531082,262153.256076543
2015-09-10,923702.2889012244,702529.0065452142,484260.9209133184,1085715.3514357642,208793.27414420468,328389.38201644167,266235.85841213766
2015-09-11,933579.4857706688,713971.3733719314,496639.4967726102,1081142.2698510445,229546.42912293976,342631.78247250343,278364.1415632427
2015-09-14,935781.7290363873,712577.264345515,494028.3474728415,1082716.7696153014,225796.43812984705,339186.87162670284,274404.59516017855
2015-09-15,948866.4797041331,726841.6640503326,505475.6190572025,1099260.9899196995,232861.00557332035,354748.9025471476,288378.899346196
2015-09-16,946792.9738481336,731870.453787927,512007.08991448325,1111616.9780327713,236109.02600195992,363761.27443625935,299867.67164951254
2015-09-17,947276.2083824775,735018.5227593911,514712.5564047872,1114092.144462316,238953.11820081944,370910.54967073817,309844.63468392205
2015-09-18,933495.2082220849,723250.2687269334,500089.33454425633,1098261.8018649176,221634.03339783952,365440.74663686537,303151.5135931533
2015-09-21,925716.1749864294,720045.9687686744,496246.722931618,1097940.0914386173,228588.7997180103,366546.45522228716,310942.8089199738
2015-09-22,916142.9972506089,706028.68205116,481737.69194114447,1068193.499074852,218707.9947799956,359277.03978835326,298444.2572446821
2015-09-23,918933.5485923662,707972.0999959281,482796.36605631426,1067937.5254325194,222594.70794247685,367967.39249639283,307016.5638560519
2015-09-24,928131.1888573319,708223.001284353,479723.489469845,1083010.5029043388,220574.0695795561,355120.6832407104,297609.8736855548
2015-09-25,912357.3715956848,700321.3392198283,474300.5782278968,1082616.2382074655,228210.70821849233,330240.9272664198,294998.9401949365
2015-09-28,877808.892121061,662244.8113733338,436633.8304705022,1051730.4728571468,192051.85115539993,292733.1350306339,260250.59431626459
2015-09-29,870226.9209768305,657373.6918453111,432524.8160697086,1043245.194950848,180975.58417677088,295295.0007751902,258911.9772440591
2015-09-30,897069.9642834753,682489.6849798051,454993.547225968,1064342.3939862978,201242.51898358762,317124.74662850803,282531.4799567001
2015-10-01,908631.269555392,694404.968303897,466793.7959675897,1075206.4049918524,219940.7349070756,325915.7744719407,290396.15792040626
2015-10-02,915416.9059015929,705566.5306772206,479608.13985369744,1089689.2392553668,231261.91275496845,338317.57298434566,300573.73843585205
2015-10-05,930706.284412159,714884.5494776315,493986.521324975,1115679.7095159127,242483.52759081306,348399.03728896356,311689.34113933827
2015-10-06,915725.9040703927,698757.4142466855,477120.81312668754,1101709.98404122,233760.16895667155,331819.03980606305,298600.3661860214
2015-10-07,925852.46121982,711037.9695331751,488144.87017412146,1101786.186617546,238182.4076008026,345336.9747582787,307940.70901605603
2015-10-08,941568.0861896157,715031.5888438529,494189.2586658394,1121357.4987254895,247261.4419617221,346098.8000130663,315697.4785134786
2015-10-09,947527.4245637476,721004.210460353,497848.3555047455,1120624.6251979873,249087.30110633906,363804.9352918991,324661.1273518599
2015-10-12,962714.0302203215,725179.6458365191,503695.4393239195,1126499.096348203,254314.97810529673,378414.5281503545,337827.7575445275
2015-10-13,935014.4816116409,704457.1479627095,485375.8128327617,1114472.1889430538,237635.53902778425,370050.4142393345,330696.3651910069
2015-10-14,926925.8365775729,696073.1255765747,473154.4108061278,1108535.2412789708,222252.38275320127,360594.1855959193,319420.29577716
2015-10-15,925625.8300748937,702956.6021311006,484458.09503697976,1105563.6516926726,236093.51569285768,366801.3909831575,333274.76940515754
2015-10-16,926891.533859516,704878.6287792143,490766.11840470356,1116081.163998153,239791.5352053664,367518.06012460624,337867.40889597766
2015-10-19,920875.8527691202,707628.5752874033,495260.17428640526,1127784.3440049617,238722.7584027521,375608.18584566994,348313.3498512635
2015-10-20,913288.346849994,701993.2032174933,493260.51772300975,1115845.644151781,239584.65112676637,364556.1773464261,339543.07119116327
2015-10-21,906503.9025826794,693928.4745521859,485671.6985626484,1107570.6142556977,237154.34019257306,358302.0472093395,332739.27265002206
2015-10-22,937557.0276699478,706745.2344427239,491084.2821507932,1118161.8169122587,261359.06933721193,360422.3445826273,347398.2062192015
2015-10-23,967127.292096862,726379.8820423762,504593.404515079,1140356.6653750313,267893.6188811621,380141.8715152503,358401.4003808954
2015-10-26,949555.7497799242,722812.6943149094,505401.60567723936,1150386.8431324433,268361.5927779127,389148.20585860533,365861.2852816944
2015-10-27,942060.079393485,720171.975251045,503636.43780472904,1149461.891147902,261475.39714063169,405707.15901174606,370785.8556908991
2015-10-28,968863.7080529387,731244.7982047455,514965.1657387925,1157997.180533316,277238.8292397672,413509.77585308795,377500.64115194115
2015-10-29,952201.737003234,727009.5549553285,507012.0140766596,1161204.1465089421,284864.36500919715,406167.09465898864,372263.989905976
2015-10-30,973946.7988860795,746195.6681677451,518973.8108852332,1187502.8591000931,289008.6272520805,401106.23767468595,367698.76030527096
2015-11-02,979811.517005912,748730.4009416323,525429.6526635146,1185670.8769637295,286865.3295201685,408999.7597217359,369276.208851267
2015-11-03,975559.3512972686,743248.9780363257,516801.9788214783,1169282.7955926114,283457.26881562365,405624.2152028385,371439.6929918217
2015-11-04,1000688.2489765653,754434.6526297894,518532.3240792891,1187734.401793655,283839.31888796674,390119.7869418965,359520.703831454
2015-11-05,1009894.9060781454,764671.7704253795,527246.6453333055,1212034.0986897633,297961.2299065571,393212.0935895256,363220.57569592586
2015-11-06,1042124.9797564675,772809.520291886,529719.263033189,1208112.377220026,296840.80358200724,390403.2990568094,362601.2991032176
2015-11-09,1020953.6748885165,755660.8818793779,516307.79728284996,1184928.2069642318,285635.385898041,380903.1466236421,351475.8558283694
2015-11-10,1004652.9757770015,751110.7940896179,522642.7303289575,1195393.2320369016,294745.4157021521,394051.65277059446,361900.8573185786
2015-11-11,1009970.6310516731,750405.5036080411,522146.72834707744,1201712.1689124287,295645.39283817774,391771.915448635,357459.7601409834
2015-11-12,985350.9842574514,733502.7454007362,504961.38584430376,1183186.4415053413,278503.10523619776,376174.5314012011,346315.96849229775
2015-11-13,960552.8845588784,711936.9977802014,487667.8604232272,1157803.1550542864,261687.1626570479,364807.408367821,332062.76667274017
2015-11-16,991093.2976722001,728831.6300711278,503865.8361204688,1173973.198648553,285535.1249282779,376712.7311430077,340692.37879267934
2015-11-17,1007256.5499360708,735399.2209356984,507025.1240054863,1179931.6659443676,288604.9546656913,380156.95899929997,340444.69184629037
2015-11-18,1039402.0570487314,760684.9432152499,526413.9111417051,1204933.1830162306,301305.9249027153,402618.0945186589,357863.5095047799
2015-11-19,1034160.6756541756,756311.5605529972,523512.68336619355,1209833.8618706348,301061.45071976713,393308.3122487613,354414.39085189457
2015-11-20,1049092.6854349019,765916.6172016072,533990.2837583212,1215766.5663889349,307655.06335083704,399501.0565602861,359511.2504090368
2015-11-23,1060639.8892769325,767098.0101330945,534088.0760644777,1217497.7475351826,317119.02314784605,399775.47546208656,359392.8894764924
2015-11-24,1046464.8415377409,762759.4269448295,528613.5287925403,1208810.1762384437,310463.1165065968,397562.79419952276,357203.86016228504
2015-11-25,1056244.5931477565,769507.5501320513,533766.5593573978,1213517.7673235883,317327.79063042905,400214.05147276697,359344.6714598096
2015-11-27,1058545.0410553226,772191.64658328,534773.4356695861,1215210.6388257989,317445.5038071167,401070.3557134256,358087.31215200166
2015-11-30,1044103.5811204402,761343.9700778285,525227.824069747,1209577.6860190073,303549.08332145814,393753.4237763158,348641.548950093
2015-12-01,1058421.5579064342,774581.4265878272,535959.8402340986,1231114.9637831014,309220.53413754713,401420.7499443012,357299.1274904355
2015-12-02,1058249.1679820716,771781.7866400584,531216.045640023,1226872.4727695007,303310.7594679698,395883.39769836754,351340.45079283766
2015-12-03,1043239.193096163,766650.1020264525,515594.57933834294,1208786.806986539,283895.5712643485,372923.9053599414,331017.7618133275
2015-12-04,1070745.0872520152,788495.4925837246,537222.1827170245,1232675.1649030033,303763.531253382,399251.6180092613,357950.3206129417
2015-12-07,1055795.6110480246,778889.9043828964,528579.4194615032,1224217.0719941412,295688.74626467534,391690.0766092035,351666.01744636055
2015-12-08,1064191.0090045487,785834.5038685824,534308.4948690833,1229564.7343907768,313107.71671816864,393590.63784872193,354360.5422034783
2015-12-09,1047737.5802735826,771013.3589207727,518404.75779557077,1211600.0504401533,298215.3672542148,374413.5931958108,337937.9739794782
2015-12-10,1047785.3830760566,771625.7511494006,519543.71037074394,1214568.5790233694,296896.4448491105,375120.3332509287,338420.8850370631
2015-12-11,1021834.7363864618,750290.1930789071,498629.9390450046,1193850.278647044,270097.40325241454,349879.2257847073,318592.09328306065
2015-12-14,1031153.6409769646,757030.5292437393,506114.57918429154,1205932.052758383,278096.2912521542,361065.2479950208,331442.4606280228
2015-12-15,1039943.3097970014,761757.1805097212,510306.26824808994,1213498.9432487823,280313.3684611208,365003.65873578994,337423.50324015983
2015-12-16,1059592.407322465,777460.5301539291,526197.6997224299,1233714.5864210397,297925.0379182991,384958.8523102709,354040.00017883105
2015-12-17,1046766.5227512353,761104.2146079163,509468.4839075246,1220172.5556398267,284427.7071767392,372110.0205878488,337155.9476634078
2015-12-18,1027090.0099816193,745847.8001822766,496476.4228864704,1212696.2245972133,271631.275962553,353435.95038841496,321312.9208358758
2015-12-21,1036017.4798478141,755990.2603226157,504730.5146662799,1221725.3895336366,277466.6524201648,355098.35959044617,323385.4089261326
2015-12-22,1036882.2354764859,759855.9121982765,509099.71955224214,1225537.0457070367,281465.36969609157,362437.9218749589,327884.51442246744
2015-12-23,1045203.1914706159,765771.5028411348,517929.16806204367,1227492.3376231974,288140.8776131298,369668.96761716245,333764.4875155133
2015-12-24,1044074.7764330002,764239.5572056001,516650.7119104621,1226634.209292645,285393.19067386247,364960.1044823682,330700.445480662
2015-12-28,1044677.717016394,767046.1722288611,516480.32106905023,1238589.988035574,288914.86989079684,363694.9913621667,333018.18591860327
2015-12-29,1061880.855145092,781463.8238343669,527831.9557355864,1256478.1146219608,304561.68054178165,375941.04412552906,342342.35038237023
2015-12-30,1051391.6865591086,774926.0041561915,520733.75579271384,1249327.583028277,296440.63395706954,368331.8691727952,335063.2225417794
2015-12-31,1036781.5242782667,760964.5694874113,509441.09880356357,1234351.6445143078,281526.0835702742,358904.4420239631,327195.0309915535
2016-01-04,1002431.7807308832,732723.9394232876,484012.74250013987,1201558.9755539305,245867.007333718,331485.0193880287,307991.11222974723
2016-01-05,1002414.0382023632,734009.4234064482,484869.1990601482,1198706.7821558116,240688.33790716613,335877.2431578015,308964.18069673434
2016-01-06,1004231.4651803633,733242.052706363,478522.6543658099,1188698.1505719433,253926.89436988535,325845.0532537108,300182.19306364795
2016-01-07,974335.8773676378,719723.6464906918,460440.50930888334,1162886.1257081383,244565.1428767481,300299.9355506232,277353.29469404806
2016-01-08,960077.2600877713,699519.8332095763,441234.4445925226,1147129.4098915276,229400.52235190733,287410.831846814,265249.594550907
2016-01-11,972903.1432150564,707529.303192274,443283.5777945324,1151467.3652292811,242633.5088712952,291874.64111006097,268171.36536876357
2016-01-12,986195.0345906683,721585.9316509746,457025.98170300695,1163405.2458907866,253810.70582512522,303932.5215716354,280362.97936589445
2016-01-13,940465.0623465122,677267.3287993888,417604.82721261965,1125700.2707739281,208936.6335051934,277375.5520913421,255339.9759274075
2016-01-14,948549.0315932815,686912.2761409692,433385.5455292466,1131334.666263911,214652.64320216002,299366.4706441554,270818.2127691903
2016-01-15,919953.4494234639,663717.098593856,412479.82505881914,1100086.3092787103,195121.08560610257,279365.5387117504,251392.41217032188
2016-01-19,931820.0499215955,675600.8164163121,413469.8462264484,1106764.323959803,208919.02507436648,277361.17559833586,255568.842325201
2016-01-20,927256.3630188776,669250.5483060525,409961.8475988678,1101442.945011386,197299.67884116143,274930.9018412123,246475.70012749895
2016-01-21,913440.8286443676,669016.5010737878,412341.3982113414,1107717.6112880732,191735.28574047663,282741.1818388814,258121.66248347485
2016-01-22,939599.7257125292,692888.0442510132,438677.92444410623,1138079.4329282413,204181.49740981354,309516.883529058,273088.6573226468
2016-01-25,926574.5543260536,675977.9268701631,420533.77745717275,1127611.2594591675,193326.0211689705,285307.1359997279,255383.5246188719
2016-01-26,936983.3652676017,689522.9533279417,430552.1321762423,1146834.866302495,200475.01566578043,289463.7713006265,259707.30662369353
2016-01-27,909070.8313318191,663181.2344595684,408684.9202703853,1130624.998109425,176293.19091138878,261103.58557817692,239083.46664466546
2016-01-28,933226.69238451,684278.4956560575,420413.00943783653,1158182.7873483282,217346.1408819373,261788.0859550744,240517.3656276201
2016-01-29,926516.8243417499,694865.1242521035,442940.4311666663,1160916.9378305217,202028.22365050315,282242.3381238994,265939.893367309
2016-02-01,929274.258150695,702617.661327181,448248.4514369608,1162612.6610841993,208614.9211670714,286989.2375031569,268315.0480064319
2016-02-02,893064.7780544081,675928.7331452037,425813.1292008146,1130103.1590822628,188310.19492240757,265957.8415051731,251944.5125567171
2016-02-03,877488.3037006733,658068.3697496247,416072.77628770063,1126508.3407611721,177018.97242700885,270349.1907597677,252740.30840947066
2016-02-04,882144.2637063354,658231.634291,420413.7322141067,1128985.2806294458,170836.52685847488,261598.54497277248,247042.43168932534
2016-02-05,827751.5493448011,611771.9950744084,374620.1819348166,1094665.3476161847,130146.65138850537,202647.08702539082,197536.18286326164
2016-02-08,797422.887901962,595882.8125125815,347301.01148855686,1073873.045383251,120991.71051758311,173595.4820091623,167718.77116164577
2016-02-09,804991.0250412045,606458.3558873241,359795.3760935435,1087377.1343059298,131372.72861926022,173294.4519668974,171614.9802417751
2016-02-10,815292.1636575952,612593.772002719,369508.4394505651,1087545.56530519,145685.97004484932,186102.5950181794,181796.56767631863
2016-02-11,818070.4117550704,617389.7490417148,365099.79247939395,1082419.7015731698,146668.9445777857,176994.21595050526,170903.82551333524
2016-02-12,838603.2390938103,627164.2549722833,381520.14216923754,1092099.2041251797,159653.486533641,193938.19282648707,189447.2902899583
2016-02-16,862071.5649001293,655551.2802106275,406844.60175858944,1135780.2957410833,192394.83694899778,214054.17465655395,210631.38957297883
2016-02-17,888595.8236887224,678998.2149898172,430906.187842072,1151578.2071159058,217077.22945106326,238620.75957089278,230180.21225211467
2016-02-18,885797.014922592,667049.0759216927,417598.6313800509,1155634.3368167665,192820.63963968703,225488.85935370234,218758.29328472036
2016-02-19,893832.8571842269,672164.2361966327,426154.23097720154,1158506.1562248964,195113.95708582236,236040.93060518353,223630.0091225251
2016-02-22,910212.690747163,684707.9886991926,439953.18863452785,1175958.9087913022,207398.53875862,249588.0013779498,239530.76736776737
2016-02-23,898588.2384384866,674413.7045079643,432445.3862830396,1166959.156784034,200750.89259363088,241369.4402241581,235417.8279630286
2016-02-24,898552.0575643919,676091.3516507803,439307.77979083586,1196741.9387252883,195408.26733890758,238749.55597381256,234990.23480001016
2016-02-25,920096.9174399354,698871.7413214096,460144.2473307174,1211398.3185957656,212656.5276289708,256861.7869384812,252722.3172833373
2016-02-26,912700.1540185534,694104.2991273776,452353.79854146566,1197651.27417496,203950.74192793595,251526.50777633814,246812.70430867077
2016-02-29,902156.511132256,682237.1193332326,443771.25113890896,1198796.6467240993,196725.0220048614,242662.0966773338,235895.0407734364
2016-03-01,933414.611247848,711988.1935469712,463927.7009876704,1208010.7105040578,219893.33900205308,267219.45923335204,258928.00745819637
2016-03-02,935672.8830654668,710939.5565703016,465916.2607773353,1209695.2815048231,223058.32405527492,264990.6153222332,259574.9594176502
2016-03-03,939843.6674263057,711758.0399477825,463873.5911444248,1219363.3905202597,223416.35265701465,253431.9376035227,251224.19216970896
2016-03-04,944218.4480441002,712730.8832566625,461912.0131291495,1220483.0562166863,220457.4711234485,248567.44275323488,249364.08591060547
2016-03-07,915526.1854238699,685665.2211356522,447396.83716841164,1214871.293001126,205363.43523393827,235925.12558276384,238137.19255021718
2016-03-08,917741.9226939324,691088.8951665693,447466.41183153307,1199224.8346399073,208116.69315662305,239710.54327607903,236839.7343320339
2016-03-09,927656.5376377155,699038.7412841617,455674.3964807367,1210987.1699422116,216173.81138181046,240341.51676261253,238945.5507229237
2016-03-10,928250.9025495325,702655.7496566572,458520.70750937716,1216468.6301347786,218790.56833427868,241387.78400470642,237415.09057752302
2016-03-11,946693.7123735289,719954.2304749092,475615.8288808399,1226876.9056974743,239276.0445947194,257752.54572959675,255104.92421502987
2016-03-14,948209.3946515566,722855.2392705176,479133.6907130708,1231613.0658044121,242072.76472816296,270284.73601322895,263022.53273576475
2016-03-15,951269.9180951902,728494.505328603,480504.9979036154,1232353.6508213233,246655.00531539586,279344.5900434263,263165.19507380546
2016-03-16,962073.0126970931,735955.1977574346,490134.9754856859,1246700.8334227626,254274.01229936886,289646.2199300271,273745.18947145843
2016-03-17,958811.3168106044,739416.7538069019,489024.43176133046,1251862.439240813,249560.50350470093,295640.99168977677,277893.9418263418
2016-03-18,952449.9157530111,734519.1990665955,488778.4120796665,1252382.1298353805,241259.3947302195,291949.9825934635,283746.72629197047
2016-03-21,950350.5701073371,732703.5731633409,487674.7759405638,1246400.0650468261,239770.82169020025,289488.46814041963,286033.2849527731
2016-03-22,947353.5557172764,729451.9301000141,486525.1074835409,1240720.6226220187,234967.32311845614,285923.40297471534,282986.515798993
2016-03-23,954618.3892005178,736550.6649152779,491617.8055272262,1219372.4411948083,244075.16376242565,288291.8625847675,279809.1545280021
2016-03-24,952719.3439478994,736378.2051277118,491349.1977007789,1218738.3803376118,240833.02890813228,289231.99877796916,278387.711256272
2016-03-28,961605.6215871106,743837.0354188189,495874.7159212182,1225096.9666687688,246884.4479534631,290508.85903283843,282479.5268961641
2016-03-29,978290.4239747206,759649.916952866,510525.1676544695,1242419.2282933772,259657.20573222882,302789.70535922836,291449.5181511973
2016-03-30,978668.8357831279,761010.7463252983,513464.04242225096,1242534.487785675,259418.38532142557,306806.5762441845,296919.70514986926
2016-03-31,971172.7669258264,758844.6273974009,511658.483053381,1234184.7837502905,253258.8575450456,306217.79122365726,294683.14728215686
2016-04-01,991024.8828865329,773219.4564815881,523409.23673131457,1242967.7732102382,269345.6322769876,315288.633640352,302411.7084422892
2016-04-04,981085.3507231909,768013.6164416446,519515.12253326835,1234656.3242071823,266160.4252133416,317552.69924211205,298498.3958746953
2016-04-05,968266.5716683168,755900.5826319424,509000.3198276809,1217113.8741558725,249267.56626036938,311976.6306899081,293145.4923687579
2016-04-06,978050.8009502206,761694.5805263277,515774.3733406488,1225446.4486447424,258009.35296761905,317585.5073758842,299279.63775375474
2016-04-07,966270.9142325072,753484.5094290571,509959.96514016425,1215718.2424249537,252705.1198284067,314061.91313999915,296822.7035741623
2016-04-08,964409.7644243493,754489.654613193,511039.21264514636,1220439.5493283062,255346.77631641855,315642.49895900657,296912.09244073153
2016-04-11,959456.5325911904,750511.6053942938,506240.2384397497,1229855.3644175176,245485.2339522886,311764.0169054983,291012.0637209705
2016-04-12,973977.7949436815,759358.3277436185,512121.3900915404,1230843.6082176603,248482.99784759065,319992.8320684962,295671.88446563156
2016-04-13,973582.3796106935,757225.5780289026,510519.3843145268,1216287.441550441,226080.6463545615,311974.1268801739,291085.94914400915
2016-04-14,971559.4560210997,752981.6389819847,505874.8278887994,1201439.9819219287,214203.73696799797,308865.23422512104,289052.17165962944
2016-04-15,980969.3183715878,761392.3602916349,512743.94434959133,1209902.105069444,220438.68256779198,312118.3085772958,291663.36925039976
2016-04-18,987713.0442749931,767726.0611616279,519245.1468240732,1215270.270848689,227235.8308368443,321702.24783083,298752.4802483768
2016-04-19,973885.8461377381,756176.0383287229,512598.4128394699,1224478.724702189,219018.7113636195,315366.0182364215,294382.42009168916
2016-04-20,966239.7954488689,747162.9909753702,504910.4024385244,1210706.6518124056,199951.96247697878,309350.8820917067,287007.3166551182
2016-04-21,953604.6951201861,731012.2516115368,488783.2827071307,1205939.1548240455,175166.08052224002,293391.5147463736,272112.47394515405
2016-04-22,950361.9673385427,727120.0389047478,481646.2870399168,1202819.1224501715,179658.23025025264,263022.30428507435,258063.20560856102
2016-04-25,958668.9370674059,734808.6806984541,487407.138428032,1202797.6239872365,187139.86842887144,267748.635995682,262184.3365892205
2016-04-26,958107.8379161239,733977.3382616816,484420.12899469025,1216260.7209956003,188896.27575596314,260795.46631989547,258733.53532734525
2016-04-27,956527.1747052459,734462.7343277843,486759.8973293092,1223281.9976101585,191254.7089764114,253562.22295028286,257325.4310241563
2016-04-28,951077.7443267186,728666.1303533961,478266.4604637929,1208409.3650024063,193271.22995361168,249031.84279305424,255551.94502528402
2016-04-29,962742.4615260981,735226.6796948959,476762.07286499813,1216575.152811163,192212.4890852096,241383.90188819647,254776.15448932903
2016-05-02,982231.6216374587,751525.0836916043,492177.9138082823,1213797.6458503536,206575.48566274697,256291.18809783814,265765.94142775604
2016-05-03,974557.8184622676,748709.3958805728,487534.2269003943,1198728.6803018248,204788.25099269216,252444.08491566317,263498.28192538355
2016-05-04,975241.9138014521,753933.4592503313,489611.3189281099,1185779.3835570258,214348.00270026122,260482.8783451578,268755.919574909
2016-05-05,970839.1259561933,752177.1673110898,488858.6954626875,1185400.0881593078,214387.75178172142,261282.44976228633,265552.75789258565
2016-05-06,984440.5255685309,765166.8711437965,500874.1629714175,1199777.151079491,223479.47523394242,268379.8911038622,269209.55080339377
2016-05-09,996184.1557089398,776276.7501242376,507221.51934184495,1190631.109246176,238544.3409465413,270120.861255122,272114.37026166735
2016-05-10,1011889.1057472301,786722.3715563801,517541.4676579457,1207122.3556082812,244119.43053551367,279290.92776534206,282349.11000393797
2016-05-11,1009081.7898378863,782702.1501252047,510775.22421560914,1206571.4019980289,239834.98573986607,266558.23878906557,272245.74493530433
2016-05-12,1013516.5687061294,790503.8891234854,517090.54507104185,1199782.990165826,250206.89624333082,275818.28015647724,281326.8726817835
2016-05-13,1036742.7990836493,800692.5462999053,519096.5034916248,1201706.5446368447,246922.72141376283,267296.63386077463,272342.9419658137
2016-05-16,1046294.6253450323,808550.8131108639,526261.003839801,1212339.6144291093,250541.75206689356,273168.5903375499,276541.7346313153
2016-05-17,1023876.0781710059,787417.0864809806,507879.2430952905,1198563.3118572268,222478.98447275438,254831.6904106821,261853.5970249282
2016-05-18,1007477.5920337178,775889.7492872112,499811.78288782906,1161118.1392730975,194642.9763902917,249596.86629295908,251466.76233281687
2016-05-19,1003539.8631383327,772923.2877783814,498480.17507249635,1160600.301472605,191579.85146090062,243550.04963181337,251215.05339204334
2016-05-20,1007093.9113759749,771831.9349045665,498101.8209806287,1158235.713974315,178566.1415288461,241035.13006142795,247741.8380220566
2016-05-23,1008225.4785392525,771654.230500795,496239.0497930868,1162786.8056695312,182128.82454575677,239685.62137447813,245599.83041617335
2016-05-24,1024736.2768731496,787940.2614565846,510696.262386112,1158937.547527436,195083.7791407071,250140.1164659278,261017.6449451021
2016-05-25,1018318.5747154492,786682.3625296385,509611.6495190688,1171995.585297406,190983.3714559587,248324.171251566,260798.8844981764
2016-05-26,1022794.2183644582,788571.4185802917,513284.13564463647,1166775.540900182,194490.16237902464,251881.53205676444,262173.9783202811
2016-05-27,1026618.7392613878,793674.9926614111,521356.2974250845,1170547.1070103408,195438.31226475464,252979.98990646863,264842.8790012863
2016-05-31,1027773.9220400465,797441.1308965677,519899.21001364215,1166054.8948710784,193713.085306246,244228.24303264965,259017.32368903348
2016-06-01,1031627.0102299689,797590.763391146,523517.9071841609,1174343.9345690245,198612.23115675745,248981.71361489085,263624.03648445784
2016-06-02,1038115.880414047,801452.243317514,525559.6548896044,1178189.3046123793,206996.7434615189,251092.5201773253,264111.79043753346
2016-06-03,1027469.9762990379,794037.0646672976,525254.4081590802,1190274.4946497052,209157.1620126557,257173.08018882567,266009.36642956024
2016-06-06,1022252.065680025,790320.7668160355,520901.80182019895,1177212.5778775732,210701.05154912669,252483.37302395527,265413.13758986944
2016-06-07,1021224.9497065344,795013.2979739851,524253.52457874187,1183728.9093025748,217078.22607563535,252352.64061682904,264595.2458165593
2016-06-08,1018732.7174974482,798180.7442235501,527720.1704014376,1182082.3693387443,220258.01591441,251929.40653172677,265341.93809206545
2016-06-09,1029520.6279413349,803625.9620852398,531863.3462025356,1183026.2843931057,229636.84134993714,249721.36876147985,263384.41557013977
2016-06-10,1012311.2065779014,788637.8427369174,522344.5468084751,1164030.766289956,221180.27250041452,244724.77838307014,258984.4711513792
2016-06-13,1008888.8264442683,783615.7846686128,517394.86738734675,1159181.2639273321,219578.8353430256,241175.71013151616,251142.36135600094
2016-06-14,1011096.6570233201,785311.1669460469,518746.5016583048,1157015.606832296,220093.7252565546,239864.72512420852,252233.19335352164
2016-06-15,1006648.6951819464,783822.8799043095,517129.708724114,1167196.5785117634,213502.1902391733,245316.87087479857,254117.67030501703
2016-06-16,1016160.4826320496,787214.9437683474,523912.2558940399,1164360.079826468,223669.84528368287,248851.4687409049,259342.49220552837
2016-06-17,1004973.9124949701,774408.442470585,513924.77355872194,1173289.9740560527,217344.7032611094,242069.02228877286,251293.02701580792
2016-06-20,1010065.4733662852,779768.326059412,518692.26761213056,1183171.3467788121,223160.08735356026,246787.82701433328,259245.60755985038
2016-06-21,1016804.7423648982,785645.5412297255,522052.7747020229,1191442.6266900878,231395.09169446942,246188.8686966895,262124.0451559581
2016-06-22,1017971.4487688058,785199.1920956057,521127.20223561564,1185505.897091797,234563.5514713736,241706.3322186172,253687.28377951166
2016-06-23,1031262.288827472,798668.8285539183,530300.0292109639,1195896.1422107043,248212.91885840264,245245.02969522018,261572.939962198
2016-06-24,1013711.2689607373,776288.3990405485,514166.48511970026,1162988.9534594903,232522.17055685548,242676.6352024336,240267.27676614124
2016-06-27,1020509.9017334657,773917.2108953312,511813.7609126576,1139389.4222203742,239289.88550129777,248689.15430376498,237451.99554525563
2016-06-28,1030619.6302023489,788866.7021881795,523606.5052481417,1173356.3059726714,250464.992654123,257866.3645712584,250706.61822989458
2016-06-29,1039661.4444945486,802030.9196393454,535045.5403467678,1188864.2083637211,261531.74640526806,263666.49979061255,258662.20577792864
2016-06-30,1056722.086014778,818942.0497287423,553175.3660637108,1204110.2014852273,284436.59824280284,277968.3746862553,274333.67654192133
2016-07-01,1054527.0259650992,817025.8800063535,552927.885402727,1221718.049172435,278694.71974864206,277345.4542704207,274486.3853081656
2016-07-05,1066411.3031880383,827078.8336801047,561333.8908653486,1187456.164332527,290330.4352653054,284529.30807971215,276766.6835534548
2016-07-06,1073495.5702616356,835079.1771463386,568438.5679579801,1206804.3213949662,295362.3232851788,283966.6398391462,279471.9898615019
2016-07-07,1068703.5697260455,828004.1852218696,562328.9470743577,1195335.7224263495,290719.34650585824,278142.9169900164,274340.54146144236
2016-07-08,1088172.731646638,845148.8130931208,578447.9000126261,1221706.2359420112,309696.9095798668,286516.9071841726,287425.05931899906
2016-07-11,1091668.6077060853,849792.7343235838,581975.1244307418,1230602.9554577856,312275.040022396,289208.53612963075,290127.3174965626
2016-07-12,1089859.402764761,850350.0141374111,580239.7667938707,1263364.9887000124,311839.09786624246,284800.0030591215,288249.45774088317
2016-07-13,1092179.3509585443,853228.8074667016,582633.946015195,1262695.8871864046,316058.9895016151,289146.13350849657,289714.5096093783
2016-07-14,1090041.0235929473,853110.0792045805,584190.9390695172,1254712.2056791694,315955.3801614619,287977.60152907064,290501.13733255235
2016-07-15,1083130.0408922506,844914.8456086172,578194.4408057805,1261080.75082682,308342.4265497578,287845.6149821691,289306.1587066288
2016-07-18,1084269.5568284376,846697.3104505107,580401.5054737681,1273008.3349930143,307381.4772224228,287628.98659535096,287308.19605119445
2016-07-19,1085821.078891758,847705.4839310758,581303.1358765897,1256510.5951129403,310842.95254605426,292746.27393401833,287586.42783480487
2016-07-20,1075599.8748438326,844024.8733362366,581468.5390085257,1234248.0260226,310144.10576667,293730.4921039203,284911.4540705376
2016-07-21,1067758.9618015883,835851.6726721511,576644.7612657545,1238337.1620273157,298688.1542578404,288936.41389003367,281603.31690890715
2016-07-22,1090035.129123704,851037.9147220628,589049.2746379612,1244031.9311306947,317659.56132539426,295763.64074880735,289468.6353946208
2016-07-25,1086753.0557163563,850200.2566851873,589619.0992558848,1234560.5881139082,318623.1901245091,294611.22198770486,286186.69204799936
2016-07-26,1094686.3365773975,852218.3352836854,587589.0368910426,1260606.0624271194,319372.99827348534,297014.6244785561,286150.6645914564
2016-07-27,1094902.7801560985,850612.6261747222,580688.2025428972,1257391.4258962413,310953.77495964087,287267.54620466236,275664.15805857576
2016-07-28,1106199.5789855076,861556.630752895,590515.2091806576,1264254.558881277,320179.74812228984,278038.8827857545,271582.435374613
2016-07-29,1107496.8658530565,859582.003080439,591528.7353669686,1257352.618924645,317477.8673136666,275083.5836852623,269588.9267549871
2016-08-01,1114881.7535560203,865673.7785513866,594373.3531723914,1237757.3814734153,323102.00156075635,276018.80752904917,271984.2379444922
2016-08-02,1111835.4566916907,861662.9903306022,587257.283639828,1245639.8852441006,314634.8645102703,269555.4533761389,268693.4222998733
2016-08-03,1099705.4356712024,853283.5810154489,580673.4783189212,1258900.8830043017,302724.82284506114,265828.81885624456,264197.55238886696
2016-08-04,1103966.4606491684,855834.6332933018,585208.0776592621,1255131.0138567302,307072.9052695679,267480.6235343076,266463.618540367
2016-08-05,1094127.816553764,851619.3172398643,580990.9805496552,1248986.9363568586,299215.5920505544,272675.5063398021,269672.5408902358
2016-08-08,1093421.2999056503,849794.6490649764,579397.9891893462,1262453.5684430487,296403.49878580903,266643.3091345482,266531.03076403803
2016-08-09,1100376.0257597317,854379.0549984438,584164.9784331319,1252558.2563340068,301480.6366754866,269061.56016794813,268165.3593284043
2016-08-10,1102374.7428435988,845860.6748826177,580543.1727277761,1248648.0540975225,303673.140790968,270111.1447787631,269484.7158105181
2016-08-11,1105538.1067756356,847599.6650256339,580841.4412057946,1262377.389005594,308433.8999629978,270689.50824111985,269280.7754734004
2016-08-12,1120465.001557439,857066.9409665747,587783.2327530854,1254583.723072288,323418.02508045407,270094.02553520893,269512.39020048344
2016-08-15,1114525.7461989273,854631.3714466809,584119.9442038314,1268882.6752592374,312630.9953988932,269198.74475013476,268107.76611001184
2016-08-16,1103190.0409907745,843996.4559066007,574081.8785899907,1261068.6649138173,301070.98341283883,262999.6147356878,259779.35167238204
2016-08-17,1101846.5682268823,844141.323487193,577972.3290979969,1260163.381215792,305562.4551250226,263812.3980256349,261528.588112206
2016-08-18,1105970.3956122003,850454.6849668339,584388.5860524385,1278240.6764100434,309829.6743663584,263097.581197677,263546.3909987556
2016-08-19,1103211.5549294322,851037.7199766809,586896.3856084638,1265772.243589764,304761.8025355454,256554.78143435877,257314.52486911442
2016-08-22,1100045.5745927414,852711.6152905909,587767.5981584317,1252855.4490745848,310863.0552243303,255474.70241428664,256795.6483719932
2016-08-23,1108015.9784282092,851284.327450441,588994.753494127,1265661.3270654771,306757.6338525988,254288.67455659114,256159.67266191074
2016-08-24,1082432.7800280454,834070.1758644133,575568.987111965,1248261.2034205166,300170.7685923454,254070.56132216114,254844.08354045352
2016-08-25,1082873.938944082,835583.8692111274,576615.1320696844,1245197.612944119,298061.05212648556,253925.3278753773,254033.2882973898
2016-08-26,1085407.379452423,836417.020902662,572419.5662202643,1247890.337251591,290313.9085681337,252522.29936696618,252703.10844339072
2016-08-29,1094163.5505704319,845787.8197505756,580098.0807049915,1254091.5317783058,296682.5110332755,258581.8005404437,259085.10561972996
2016-08-30,1078088.1887523443,832756.2149991479,569195.3421995454,1243846.0775492562,283190.0488546543,253932.79264651984,256157.8209113702
2016-08-31,1070775.1343817764,829233.9046049371,566923.4859267429,1226759.9463811596,283811.36827839445,252037.6931359039,254145.2888116168
2016-09-01,1088324.5746042076,839597.6511041342,572776.6328625577,1233420.505083008,287837.26871711854,251978.24200389956,254336.26303001732
2016-09-02,1090412.5664443925,845304.8107749765,577944.4705638955,1240329.882140074,294925.2453038269,253236.73106029525,258284.28880441067
2016-09-06,1097166.149794987,849496.5488397075,585443.1339464542,1245321.0833909553,308354.27715436363,252125.0716386058,260036.92908425225
2016-09-07,1093517.6933922719,846838.0756747909,584446.0462169353,1248026.7597227695,307512.7852764183,252038.30978975265,258354.5026245354
2016-09-08,1086115.602099576,839055.8546015138,577335.8894257905,1270467.276041382,303990.9607737404,251653.88138441363,257293.45281881455
2016-09-09,1044593.4443179326,802940.4706854817,541884.032095575,1226005.585766009,259401.3773232951,221405.69530135737,230235.26567121732
2016-09-12,1062740.6516160758,817570.9816420407,556325.3755352951,1236311.8869566002,272164.457434321,237192.4368937604,243945.55520863004
2016-09-13,1046648.6970475098,802783.2045583876,539115.1939362672,1197518.5547988988,253745.50672772163,219236.68483167994,227730.75716348246
2016-09-14,1044876.527726162,799896.7642163741,536633.5801502229,1186212.200319057,257199.09565524897,215864.30463698352,225657.5308174774
2016-09-15,1064419.7729347397,813431.9621215218,548636.2882416776,1203214.9710769928,269874.59910452965,227449.45888314644,234706.02898967496
2016-09-16,1058109.9793885618,809976.7037378425,546001.0477203152,1202308.839072792,275442.4355818863,222157.19880219182,227838.060515013
2016-09-19,1066302.9329761704,818166.7959217723,552768.0010752529,1211468.7005569153,286349.60576446436,224685.0442748359,227936.38037567766
2016-09-20,1061141.580949957,815986.0761469445,551225.8912302419,1205390.9604855417,285515.83528086933,224353.92424953278,229372.31131247006
2016-09-21,1093796.9706498655,841413.9350994728,571516.1629615766,1243686.9454424852,316661.4369946654,235472.3160374502,243963.16140189103
2016-09-22,1094290.8058055309,847483.1369014172,578082.2253398711,1245034.8712171877,327591.22694281075,241110.18241019384,248728.8999054941
2016-09-23,1082167.954532573,838677.4336656159,569852.8044771475,1222433.590669377,315092.2519101265,234708.263526317,242912.79681305858
2016-09-26,1076485.3643826444,834168.3746934517,565353.2788175456,1217780.8855847022,309635.3134660115,228774.11012407552,236452.83918333682
2016-09-27,1086767.3670279938,844209.0761769735,571068.1249911262,1217074.3366547744,312837.1619758965,238621.26912045176,245719.90968252634
2016-09-28,1097839.4667361742,850572.804758244,576257.3334786387,1248158.9558868792,323903.229106397,246076.66113232225,250836.80611986195
2016-09-29,1092146.1928931768,840636.9930209432,566142.2810317978,1253835.2917783547,317508.3953453186,241008.35891526792,240325.7092351815
2016-09-30,1110154.8012691094,849870.5851604459,569058.5740901253,1269124.9639131865,322511.95624789846,249445.52653860225,245573.9669588294
2016-10-03,1099413.721876207,841749.3883800663,561742.1614839528,1260858.7747509694,311879.85104873194,246821.4056055836,243707.17179604474
2016-10-04,1070123.963676621,821868.1140591427,542971.1641889306,1228089.5282426297,281305.12833205384,237579.28281097714,235502.9346174388
2016-10-05,1076326.2551919809,824207.4842775008,543869.3889787294,1234522.970455478,278975.94427355577,242603.32913044133,239133.69863484637
2016-10-06,1072272.0513965257,825321.4333191043,544292.0256146498,1227255.4364088986,274851.3437563245,245201.0676987982,241044.98411338183
2016-10-07,1065869.208482031,813251.1995572558,534956.7104026333,1220480.0444262933,251848.49734540062,239644.39474335872,238735.69281561338
2016-10-10,1067487.3978303566,820744.6012841869,540331.3958343216,1233673.734349219,261002.53418683697,239691.41722570415,240438.37953285364
2016-10-11,1048871.4747382945,806038.3173903719,524584.1723021951,1221050.176109635,254381.48596930178,227561.58340616358,225808.13333290495
2016-10-12,1052994.0691528867,811602.417937645,529467.7547691703,1230400.5004180223,264859.2525795908,230237.41366906444,227715.93322078278
2016-10-13,1042539.4993820305,819856.0738225643,534658.7629267827,1221988.1470801614,265141.01379477966,222517.11142507597,224476.68338986582
2016-10-14,1043905.965044752,817075.115717274,532606.919935694,1218293.5592438802,262437.5327229527,224383.2057583338,226576.3388800716
2016-10-17,1045339.3231796881,814936.744619613,531994.6623615797,1211137.932799005,264744.0492538673,224533.2600964621,227097.9223212799
2016-10-18,1058479.3687870814,826033.3907336132,540416.0014697975,1224922.761241419,277233.59785758576,228038.32774993478,227921.72405727318
2016-10-19,1068598.5110203573,829139.7102571728,543587.1053987194,1240177.1037037675,279176.02471594186,232830.30409756262,228861.75175746306
2016-10-20,1082186.3983074264,833789.7978710368,547213.2657409072,1251582.9507230702,278280.7632751452,232749.4018001784,227379.11391558644
2016-10-21,1076073.4969217884,828781.7553345612,542397.6234156614,1244467.055983256,272232.98505168327,225342.15639872546,224400.48600964173
2016-10-24,1091230.7928165728,839006.8389458818,550266.8840734302,1255087.0479438654,283894.15483968,232966.0215677334,228818.73125981004
2016-10-25,1090378.0716241188,830820.0059538877,543779.1377508075,1254339.2332680284,284645.48597109,219558.0459427241,223254.76634399447
2016-10-26,1086719.072589448,808154.8035848327,525417.1966839054,1256389.1789125074,283588.23681009875,211465.01554642007,215390.20396601653
2016-10-27,1072934.9327905616,798516.6435740872,510661.97136895574,1249677.3132054748,270844.1412630943,212280.51368483104,215987.6245346794
2016-10-28,1074069.61743189,807895.48812892,515221.3022916442,1246891.7712974371,277090.21916451387,201561.21134197892,205352.89177207742
2016-10-31,1089609.186245738,816918.9010985737,523732.15536663024,1247046.2825453263,293000.79585247644,196275.28221655922,204062.5427208849
2016-11-01,1091035.195050203,811990.4445008067,515958.30996182514,1225701.1734450292,286515.2206369689,190524.10667570287,198959.48031706983
2016-11-02,1079445.6180521515,802326.083056712,504847.0562843971,1213583.2042602978,276053.8423345295,195542.40876290842,199499.96263801123
2016-11-03,1058590.1121184337,792217.2834732867,498277.1611817303,1212433.141921552,274738.7190039789,188406.15863944023,195058.9959365871
2016-11-04,1059427.121151283,789944.1715674307,497314.3321489906,1202184.492475689,266138.3491727879,193563.62702107144,196319.80726730297
2016-11-07,1073749.981521519,810561.3478916357,517780.4849073523,1238636.8019884732,289454.406434576,224064.36596105175,221083.28145272087
2016-11-08,1071647.581423243,810086.4885836359,522718.0576729529,1246630.3289270743,293686.45569004153,231578.27834291125,226837.7226791252
2016-11-09,1076512.282936499,815224.9715937377,514368.0299932697,1253790.2791403676,296195.93325721275,258673.96729086913,248308.7173557133
2016-11-10,1045052.0321526511,801136.8199792212,503978.14811363653,1245913.3779332696,269155.0656409555,270742.91818371,254167.3291706859
2016-11-11,1093443.7137778772,823510.5432301961,511767.45463058504,1314290.0671459308,317376.24867715844,267820.8510004336,251397.59474485772
2016-11-14,1081798.0060896685,810006.4212652672,507372.5994725523,1303923.910067658,318899.9496532489,250516.49043711534,242485.36583662644
2016-11-15,1108280.169493651,831326.604419523,526394.069917263,1322539.22901233,345144.29395690246,252637.75624672393,248699.29281961327
2016-11-16,1127261.358128909,842940.314290518,532487.6016062654,1336423.5836163429,362301.51182509004,251520.2253712976,248257.71912916645
2016-11-17,1136248.4592494552,847846.14012634,537180.9513214073,1361240.3754351907,355645.4227432081,252524.1052685199,247516.8216314885
2016-11-18,1140279.0096284929,846082.7479424039,536508.2852298223,1362167.9718910342,357216.68717658706,239118.11693896964,237308.09211921183
2016-11-21,1154866.9050968604,845867.2163267387,538375.4118302146,1370003.9558385422,337089.0896377899,244631.1611081043,243595.67001587682
2016-11-22,1159098.500568651,854034.7951155916,551028.7076065467,1368500.8851494284,347190.3872211794,254413.15866360898,253734.3502320553
2016-11-23,1152483.4158400442,858822.5975571184,547122.8575667228,1372219.74691973,337237.7645626821,255423.66195787498,255426.9807762404
2016-11-25,1155971.1290451484,861509.2392940522,549163.3840936398,1373687.2781527478,343445.46032432426,258525.8134068445,259652.4451058309
2016-11-28,1160096.6750306787,861691.1267667598,543415.8463937723,1366669.244361231,348451.21917689417,247828.0823273576,253935.56713200564
2016-11-29,1162435.8746559133,864011.4476224275,547280.9520588312,1357748.5004216223,356651.8285937003,257692.02716654935,259139.45642315244
2016-11-30,1165276.8187764457,864634.057300392,542726.8468597183,1369005.7922512146,345899.25448033167,278707.49350735557,265900.2298822366
2016-12-01,1144352.343482976,840738.9601164693,517832.9980339552,1330738.1350064224,314295.34901347646,265934.47816588084,254748.42398364554
2016-12-02,1154019.6159547619,851026.7801432707,524938.3149215303,1345704.8984979223,333501.0374983294,270738.25843590003,256099.15601653382
2016-12-05,1170541.4379230621,862844.7119508571,535165.0858556022,1355981.6447526424,344935.4338019889,270475.6991973008,254949.8593618991
2016-12-06,1170859.7120071035,865145.2951107342,537423.8171325624,1364406.5772988389,346639.78752324055,278598.8411284526,262862.81063792075
2016-12-07,1186964.916862706,881037.3211092171,554681.5078065098,1389778.7668397282,370072.15899231075,287104.3313289446,278283.1179615173
2016-12-08,1197563.9884473358,878482.6441534051,558730.2963213425,1382242.5554210485,385030.61967123,289200.1834977381,276271.47279090865
2016-12-09,1182034.3986639155,869873.5139482892,553829.8780364463,1372414.8255284193,370793.4709978839,290016.21986944455,277593.0196879031
2016-12-12,1177723.4661209222,864350.6932873357,550300.1412180635,1359077.9804042205,364773.88299647876,288838.9301206154,278617.4907855899
2016-12-13,1194941.9733680908,877595.378571203,559914.4710515682,1378821.7524271929,378155.179806715,302615.8657190737,289421.23218756495
2016-12-14,1187011.3907441485,870765.2500950736,551584.2714957716,1376526.9687064844,372122.6639801277,292723.1596016405,278027.9975520326
2016-12-15,1190860.8936731848,875380.0218491586,553083.5040885545,1388137.864746306,378741.2067435735,301081.664669342,287403.0391820368
2016-12-16,1198925.652190123,879626.6686993914,554630.4202176331,1393519.9548777957,381277.42112938437,298069.89815569203,284465.75877400197
2016-12-19,1195428.9881913897,877604.7008308616,554647.8436504779,1396380.768681186,391173.0249617769,297821.6510391104,284147.773352684
2016-12-20,1213100.797718893,886884.1518387895,563756.6481894943,1411654.5844480193,401828.81108443683,301192.38785861054,286223.59413799964
2016-12-21,1210447.6515946742,887453.4103209558,562883.8375977457,1411016.2467080844,402089.1749619731,306218.72103799816,289226.2853290649
2016-12-22,1206454.6491866924,881523.2425662299,559302.8809599947,1407234.2819351389,403270.54853760893,305842.32243031915,289276.1262643087
2016-12-23,1222596.3953178904,890394.8426710387,563472.0180247641,1417462.4719546437,411165.66841257375,306879.54565209616,289790.5306665343
2016-12-27,1238548.6136673302,900158.9103639515,570298.0139881789,1433514.6658410805,426626.94939439197,309430.89545876795,293076.8282615222
2016-12-28,1214842.622192251,882895.3025263245,552582.2671173746,1407539.638341959,399830.52352830954,297732.833184691,280861.2237995939
2016-12-29,1234901.8218778465,892316.1083750485,556142.3564382371,1405233.6399302487,404638.84726374433,298914.35625035677,280924.1938383775
2016-12-30,1210873.482436431,877745.5058715635,544491.1350973104,1395104.1059893358,392431.96181985264,291461.744794066,274431.11070340325
2017-01-03,1220486.320385002,879291.9325312845,551649.7259594853,1398887.3015970245,391614.2847064739,301540.16027902917,285796.3437884901
2017-01-04,1243246.5768669958,896980.2984947553,565844.1264415074,1405794.7979298292,397988.0685955293,306893.4164644213,289920.24101845565
2017-01-05,1247735.4386079859,894762.4157061774,563539.9672503935,1394508.8916883732,389653.5480028898,312137.65935361676,290070.05457064125
2017-01-06,1245106.9152982049,891651.3967076197,560006.806485643,1399500.9053369977,388073.1414687666,316272.71187256154,297425.8080706401
2017-01-09,1248838.9245470539,886545.6763206566,551077.9326956163,1400363.628801155,391031.68307904346,312087.94052499376,291463.50651086424
2017-01-10,1254500.5825867755,897702.1823737283,560543.6360768263,1405891.4487521087,386007.526071988,312519.33351272595,293274.5870303646
2017-01-11,1256739.8127613487,899815.1313922588,567031.9752383116,1406528.274164889,392035.7982787952,320044.6487333462,302353.28439928585
2017-01-12,1242754.9620500328,890764.8542995284,558124.0044623333,1399344.5097007614,377994.59346901777,316120.07323810336,301651.1531252278
2017-01-13,1241243.9967129678,892421.2698361668,560241.2323755301,1401984.2351641564,380733.94958033995,318131.56432085915,305119.8359787316
2017-01-17,1237458.6156060235,887196.6371750605,554414.9719646277,1387517.206598393,371426.35687953996,314019.7671070289,300781.68342587946
2017-01-18,1246048.4379508921,895957.8196901515,561346.9675570931,1397057.4614308493,378627.24366955215,317456.8359508048,302819.89679187164
2017-01-19,1245109.0600050066,893844.9423549451,558475.7414079201,1393422.3291251538,384974.20895255764,316467.15744728444,303734.9394343974
2017-01-20,1248690.0070733645,896964.4146135927,562256.0905205529,1394964.7457952965,385431.3600022148,319522.27934344165,309000.3743122887
2017-01-23,1250294.2892699256,893466.9903008244,557984.3794166535,1388255.2319273292,385638.0534435413,308863.45911616384,300490.0570836597
2017-01-24,1275835.0378040671,920229.6470358596,583651.596098377,1401873.1405311918,413077.1767828858,322220.47626957,313736.4092775529
2017-01-25,1273165.3943962269,921399.1606018649,587314.4013014284,1419463.809082383,417223.7433220669,337790.57277832134,326756.8273091252
2017-01-26,1270242.691257679,914728.87807467,584786.6656548202,1429944.758042653,416734.66271081107,355677.0098578571,337337.20475855516
2017-01-27,1276101.3414533408,913698.5246097837,583530.8759314604,1424470.687651312,423727.17716268497,348897.18682231795,332151.0013406905
2017-01-30,1260724.4053769428,893519.1658356502,569585.6028277306,1406027.4397253627,411345.45694626094,335966.2305234693,319194.6257967641
2017-01-31,1273476.346309575,902542.0960837015,574887.0516254012,1398956.8028599254,407435.582206968,338864.77443840244,314938.877117797
2017-02-01,1278787.6294248276,906341.2004229311,579265.8132101409,1414591.3946801443,415637.32899778173,341796.14115524245,315575.21737452736
2017-02-02,1285692.456441964,911094.8812881786,580032.2065198402,1410350.7270152566,422630.1889750317,336633.1206950502,304441.6326057609
2017-02-03,1283320.2976366042,921413.6642831129,589917.4055506436,1427582.516531537,432601.1515949466,356309.2400517441,326143.60315650253
2017-02-06,1287527.0076103604,918335.6890453644,586481.3129860207,1431133.60902201,433983.89948701643,348350.07989708916,319315.9850121505
2017-02-07,1276162.9509210277,907713.0547320421,577056.9932044008,1428012.5665079844,434416.84346198064,343939.15763569745,314788.00859776343
2017-02-08,1270706.7760016026,904896.0491152941,576276.0587892906,1416808.4740611915,432496.30772552727,340644.56868178013,311509.6780762296
2017-02-09,1274425.845775525,912513.9103914165,583121.0150219399,1432649.976986295,434212.4167247776,354956.75259820634,326777.2956773711
2017-02-10,1275432.3466532265,914660.9724461479,586384.0381995791,1429319.8192974185,430479.1449470975,352162.8649351037,328663.91964783
2017-02-13,1273039.199495609,914479.9709725496,587747.5020754786,1430023.9197863028,423504.97959779657,357827.4426008255,335798.67521407665
2017-02-14,1276817.352375618,918002.6015216672,587482.4443737079,1446408.1305744331,424421.2787843453,367232.043860766,344575.3949887453
2017-02-15,1270509.3488175878,912205.5267427843,582645.8254652511,1456395.4956388746,425053.1956771653,374548.97584169277,352885.91730545455
2017-02-16,1252654.575461359,902202.0762095923,575247.4855588137,1450684.9359573044,420924.46998321754,366222.69302811567,345811.7846777051
2017-02-17,1249052.1288545302,901370.7827369318,571084.4188407065,1444336.784206964,419827.1240072149,364595.7913566017,344161.3927039787
2017-02-21,1256546.1072637816,912371.5540102308,583010.7269954254,1453669.4263884895,437449.9686427824,369785.76819087064,349709.4244177723
2017-02-22,1240985.8993358747,898225.0137839711,571487.9032309545,1450195.4848244218,433539.63566583657,366902.302857414,343095.7225611401
2017-02-23,1212308.3061411653,886573.0733574893,567152.9930803614,1425355.3410310496,415219.3714195092,366283.91728341504,342441.6115828032
2017-02-24,1205331.0078343153,880628.376784336,559853.2136572647,1428943.3423691248,408233.4770707681,361368.59618551744,335497.6994808103
2017-02-27,1219391.7276967852,894044.8533896916,571626.6864661425,1442574.827406665,420461.4580936661,367497.68596977554,344035.5252557694
2017-02-28,1219346.2827653068,890456.309757111,566920.156150888,1436329.1195180663,416378.7273026727,365001.7499147259,338506.3888269382
2017-03-01,1248912.0746492343,920905.013021551,596573.659985033,1456053.7415110674,441977.4844673827,387258.9766389213,366863.64677396655
2017-03-02,1220035.24512537,899623.8279289427,576158.985520767,1433076.4207489677,423117.6815104776,377381.79454241996,354253.5887504778
2017-03-03,1220854.151188574,906640.7901319404,582312.4364369005,1446981.3114122364,432056.0599999928,380984.9463297718,357281.60712685005
2017-03-06,1220472.7028127073,907416.7432154545,578498.7513572208,1436863.1425071307,429600.27451542375,377169.1280181554,356059.116319501
2017-03-07,1215234.831093162,901163.9710784963,571119.7120804082,1431634.1419771514,431552.0865874314,372328.4957310776,349826.10864034115
2017-03-08,1185827.566974098,877257.0974311063,555681.3755791493,1429611.755853825,426020.3426649601,367637.13337448426,339006.65994222614
2017-03-09,1180829.016957597,878490.2200592391,553708.2078606075,1421804.6144357314,426904.9845491062,370108.2917089099,343145.18751411594
2017-03-10,1180068.6750362704,877911.2296185127,555843.1765513275,1424919.4959779452,429481.60413286067,370311.50309718854,340518.65795361146
2017-03-13,1191840.543567084,885127.5804227282,561371.2192526484,1426406.786083909,435524.6208891419,369028.7725112952,342006.98743867397
2017-03-14,1173619.601423862,870418.3948690215,550692.0161576646,1416716.9919867269,425548.82426661946,363514.5825216683,335583.8121365682
2017-03-15,1200444.116037253,891640.8722725263,565217.0307283967,1424494.4731305975,432973.6828948707,369301.80927884375,342897.84606728266
2017-03-16,1196854.889313175,887985.3588756064,562131.5014779723,1425242.4931571556,436190.4902884204,365829.9500909516,342652.990020327
2017-03-17,1197145.4622278966,886128.0102551325,556376.7069618445,1420190.2288848462,433896.8916215198,358203.1040416062,334267.9540716672
2017-03-20,1204875.0945056851,887642.8311969984,554393.3966220488,1421854.6881952924,432181.94822147134,352453.1982632012,327997.82363636396
2017-03-21,1164000.3019666343,854228.6331807077,517251.9703005128,1381270.1678187707,393261.5927443402,319482.4459715377,299100.08550350665
2017-03-22,1174656.766174943,860899.8123527364,523967.92442708625,1390920.4518961557,399400.81489231775,316571.7560857773,296299.288275643
2017-03-23,1174232.213924797,861186.0640487683,526114.2513319412,1389754.1426635974,400964.5457144372,320092.6926318715,298507.9257924279
2017-03-24,1190840.441459507,871236.6003287928,532499.3473668392,1390831.1203013,402624.5904741487,316997.89557905035,296385.9305073093
2017-03-27,1191408.670271781,869364.4723810394,530071.3555528375,1386559.3980129242,397758.20460350235,309471.42650043947,286424.21234040393
2017-03-28,1199387.4630152932,876856.7026842011,540822.230284963,1404770.3959047154,408420.1155060916,319741.0007363654,297499.1523238022
2017-03-29,1196427.2512211115,879152.6937580451,543524.002859497,1400348.268856273,408093.3330146525,319305.09122119006,299175.688361475
2017-03-30,1207677.463728898,888612.4584233932,555399.0898088857,1412382.2049431603,423613.3850483462,328891.1804281776,308638.9176032429
2017-03-31,1200119.099719354,883220.5274434433,549916.952133916,1405735.7580084999,415978.5350241833,322399.3125240461,302875.2667653375
2017-04-03,1202337.754978303,884178.1712983095,549371.0863052611,1405102.0772177973,415910.22497228294,321032.2910738665,301489.90829916636
2017-04-04,1191354.1536342583,878483.4557475148,547593.9893642748,1393790.9333634253,399008.62295175827,319257.87142028555,301432.9332738288
2017-04-05,1176310.1858942765,868460.735938053,535787.8095398372,1382042.546284194,388950.1649479388,310351.9411922061,294076.9103040566
2017-04-06,1183339.8909747347,874183.0440927466,545572.2565463752,1395622.9831163706,394521.03405737,315284.71821940923,301022.291936071
2017-04-07,1185846.7612597847,874994.3309078638,546306.4813139677,1389895.302672004,392298.7874352444,314878.5940380287,296908.8034016054
2017-04-10,1170982.1283001257,865871.7341557913,539972.8366498587,1385919.5774968807,382059.5582525224,314138.67552402045,295480.0076607147
2017-04-11,1166268.9671464516,862170.2908827496,536975.9826264778,1383862.123463844,379929.3929762892,307796.022919395,291343.0234366996
2017-04-12,1153457.9556187238,851953.3539575036,524339.6097069476,1364870.1796391539,370528.5548398137,298473.9118901213,283017.8645675109
2017-04-13,1147227.2851904954,845042.5728085624,515375.63211877755,1352187.254322162,358404.08345019905,291095.9888839994,272079.35796248226
2017-04-17,1144109.2290638916,848922.4408501042,524632.0267508617,1373180.1895918706,379122.05303497333,305513.75452433276,284602.6235632295
2017-04-18,1133690.791244583,843543.5425358404,518608.12971334887,1359152.7808330874,369075.29396981467,294500.2677415436,275839.1972139862
2017-04-19,1133128.7521402289,844328.7722046421,522727.9745852593,1363618.7475376904,375847.8195532022,303077.94048861164,280261.2012599179
2017-04-20,1133401.45260778,844071.2957403463,534840.2849683914,1377352.7160705596,390457.913160195,306084.522298582,286545.6737154809
2017-04-21,1123394.0915278539,833815.0394661411,527344.3908273869,1375569.3787723598,381858.26651355723,295627.8400866631,278623.7099521374
2017-04-24,1125557.9792067448,841804.8723230849,539882.3228581685,1379808.4438796472,386341.866429855,318389.6675743446,300557.8435527191
2017-04-25,1143362.1820428392,853123.593004665,551355.1921879528,1392256.2320596138,398769.44794127863,331130.9130498662,312511.67172391346
2017-04-26,1104051.415832997,832145.3502567135,539978.5924010231,1386194.6497392925,393065.9101808416,330163.0132050489,310318.5759635912
2017-04-27,1117138.5484109968,837528.7338214454,542261.1434219886,1393571.4008313005,405904.27173705486,329975.38160420227,310246.6622933063
2017-04-28,1107753.0025693027,834879.02042297,539993.4591454411,1386735.4728069145,403780.67998691276,321686.6082694182,302647.55409532203
2017-05-01,1124802.4911999826,842457.070563336,547164.9466098085,1398945.1333919356,413795.7663473384,330229.29265965003,305921.3184772885
2017-05-02,1066608.3221784,812756.9365005865,529243.0215696057,1337215.4718516157,353098.8659989671,323571.02194163954,303072.74147729523
2017-05-03,1071933.6584912562,811384.9015121909,527966.8400029324,1339027.0197894012,351996.4209312745,317240.5741683698,301733.8594537567
2017-05-04,1066198.0916333236,811510.8023239569,525826.2690094084,1334541.6572821292,345752.61547380727,319328.0569943254,302450.952689178
2017-05-05,1076798.7005482675,817662.7369868746,533775.1509127977,1337607.302799408,353094.9838036258,325111.7619989249,307596.7390241986
2017-05-08,1068556.5446536113,810413.1075460319,527145.5572731079,1329499.7969445982,346410.9156253494,317670.86906319053,303682.2097612489
2017-05-09,1077915.5345255996,817926.3285478951,529761.8417065203,1340668.609324876,354387.51838493586,319918.7875678625,304424.82512595766
2017-05-10,1129886.3165545021,847685.9339777274,545681.2747013274,1391965.1608644482,406686.80284945987,327018.7534852992,308152.2902746
2017-05-11,1139209.9542593777,852179.3222920102,547318.644741697,1401846.133832834,418468.38488328486,326649.1493620479,308216.0453918238
2017-05-12,1146980.077661373,853024.0616844402,544431.0623492551,1400682.0232029418,421373.72475030617,323763.36420531466,305897.5263197273
2017-05-15,1165545.4703057818,869103.0469876677,556620.8201332147,1421547.758839317,437977.300361297,332607.14259906963,312263.7027312848
2017-05-16,1194627.6483562957,883789.6667167499,563733.9406025868,1445198.1524851318,462808.4134178767,334232.85464226117,314756.56515940896
2017-05-17,1125745.3832339686,836151.631900085,523451.5366459034,1381244.4420682893,398734.6340198647,291738.7795689669,275627.69232918805
2017-05-18,1139656.8576905401,854207.9625040966,535448.4731764492,1412535.6558325165,416019.26193517743,301993.4680070756,281308.2636698977
2017-05-19,1150877.627586559,865875.5179990646,544657.7682384626,1433163.6869182226,425051.64852614264,308552.01740162255,290489.65647850354
2017-05-22,1154651.7404554177,873069.7443964466,552485.3092299763,1438920.018139659,425133.18057982245,313834.6639109606,295186.4429478753
2017-05-23,1150382.764575978,873079.9549573774,554002.9129836672,1438390.9360795622,425454.4377856855,324065.17402651947,303094.7175869217
2017-05-24,1162004.5060508805,878782.8702962163,557154.4090990386,1460584.440336882,428962.35110005114,322959.8096342272,309467.61967299803
2017-05-25,1167084.7115007285,888393.097317274,574127.3557252756,1466182.176115006,438602.74921321875,325810.5637775763,314729.3757867172
2017-05-26,1174051.4355256076,894630.162595458,572761.0776243901,1472341.9488365946,442380.81188687886,328303.5151074407,318403.5672526214
2017-05-30,1193662.9024619278,906057.6673521046,578731.3995148443,1481883.1567922037,457151.7772901513,324110.35216784343,315778.11472174875
2017-05-31,1193342.3841183626,904644.1630502711,576578.670793243,1478665.9024629188,459658.78708335845,318409.58498907136,312715.28530382673
2017-06-01,1189012.6149125583,903848.773480275,579939.3434772271,1488152.736932156,453995.5375821026,328406.19316982833,318524.47617005
2017-06-02,1192101.0227659957,910194.1061979517,583991.9999993597,1492538.1726396075,464960.6545975911,334814.6140696886,325116.57164191006
2017-06-05,1194277.1883046553,911685.6493632641,579269.2519426664,1488818.3404449285,467825.27914303954,333132.0144440397,320752.0809415768
2017-06-06,1210033.6222334502,918960.6919533157,579746.1623670859,1507153.6975364452,483632.3917169614,329853.69413254294,317417.06240644946
2017-06-07,1225684.2454712112,929372.8101800212,586604.2106782045,1514396.532111238,501523.8826738398,338310.91866692086,323759.75210680015
2017-06-08,1256771.8978434813,945874.7595424938,598020.3137657008,1525627.544217043,518471.064702448,343613.4870932646,329412.16934827995
2017-06-09,1203954.2679828678,901892.1322858098,571734.578446231,1490760.4906539258,470726.8828370992,333326.8206014031,321183.05918865005
2017-06-12,1203030.4722123002,895960.6306926485,563985.4664250747,1495324.959911942,461682.4327004044,326503.89830581594,319681.15585194534
2017-06-13,1215474.0939338903,906834.2371283871,573383.6142144711,1507683.0221364037,467275.27601093956,331943.6009951364,324684.4516119259
2017-06-14,1200442.2291016055,892527.7262537479,558715.1678356377,1486976.2639207027,449890.20383292984,325589.44690027845,320146.14558214246
2017-06-15,1193069.1318457366,883463.0590337485,551410.9593206957,1479738.8206752252,433343.6736080956,317561.44504665193,317855.9979570917
2017-06-16,1187627.1666888772,880385.7189506376,548446.7059767545,1474043.942715619,428665.85671276983,312956.02667610656,316428.455450257
2017-06-19,1216736.9261753487,905998.0794471876,567007.0435986815,1491323.503579292,460120.67225931375,335694.887235252,333772.5701576252
2017-06-20,1218266.1501938566,902796.530667269,559514.2400393346,1481080.805710964,449953.78242421336,325907.0895653623,325512.52929410647
2017-06-21,1255958.5116158049,926777.1589962324,569424.8667004133,1499519.79897861,464505.06745167635,324490.367666174,321032.94660822744
2017-06-22,1263942.2992315986,928392.140554809,569096.4360538739,1505628.3924238773,459426.3983558803,318566.6811192255,313905.11914947175
2017-06-23,1256588.7595337138,930832.8185542831,570017.4773889381,1506000.180558363,459107.3218615588,317173.95963641396,312195.9699661455
2017-06-26,1258386.3298528837,926573.9918781506,569578.3565455097,1488918.7674667898,453740.1786209633,314172.11457142234,312559.3128522629
2017-06-27,1220369.9185995243,896994.7581798104,552329.1316456536,1466365.125480376,425621.87248717446,307144.99074141734,310590.5206229688
2017-06-28,1236117.3520582463,913854.4223120073,567018.3766928327,1487999.601435786,447321.6220691584,320034.1891682018,324549.78896790085
2017-06-29,1204240.8751493834,884789.3733746917,552721.7750280997,1461862.166639786,419259.8997679784,315265.8302527788,326969.7926305847
2017-06-30,1190596.1416949143,873824.7948024443,547068.6803552068,1459610.4521479888,404313.26740073337,314627.9915211451,324977.3536708719
2017-07-03,1172067.1319163016,857072.2303590627,542732.948311667,1455235.267369133,387581.2938121257,320503.2959395172,335744.41548315337
2017-07-05,1208684.711940762,884617.8584768501,559151.8048887904,1469022.3594454725,412015.6293786086,330600.7731803152,343174.8116053118
2017-07-06,1193280.1231547925,877679.962727042,550430.5616419602,1462905.5244938477,409713.7665440348,323964.3676259264,338277.89627553785
2017-07-07,1209602.7643633198,895917.8219889499,564258.78668704,1477597.4079422425,429104.3128985303,333633.52663952997,344320.65221170714
2017-07-10,1229703.364873356,911204.0027760263,569505.0981822095,1472643.8054645597,448270.61987397156,337012.1341063711,347185.0236282211
2017-07-11,1238554.7194980376,921580.9265241588,574481.2470456074,1486809.7332782072,467041.1380255816,339705.33270668244,348423.3943839802
2017-07-12,1263545.2296179517,943637.3796338739,587196.9599852437,1495154.1257816101,477221.53465780336,335896.5112562923,347341.53763652267
2017-07-13,1237603.3930405064,928304.7291053388,585214.1260341869,1492883.5514950561,476030.6120707182,345491.67847291374,354912.15411084273
2017-07-14,1261189.3034367748,946878.8185235129,597631.6838608452,1496210.8239119423,494923.90877107496,347897.2522880456,355388.5403756395
2017-07-17,1253877.4022007615,942842.989990815,595932.098501549,1489564.567368902,493970.1151329855,348844.9192829969,356616.93508949975
2017-07-18,1250660.7731436377,942120.4941860728,601904.245983249,1499808.4800337343,503541.0682067757,349901.36593043944,352068.621019347
2017-07-19,1241690.6523893783,937800.2307448031,604077.3018423477,1542699.259851766,512375.67220358964,362576.465715046,360585.6743198413
2017-07-20,1247509.94280279,938750.3304141236,600262.2357331996,1539880.51120565,516884.95592322195,354284.3965439845,355573.87128026463
2017-07-21,1253395.5814338373,938213.8472996196,600105.6549368026,1549172.522040731,513287.5080411238,350549.44658237766,353082.034121838
2017-07-24,1251589.1554290056,941581.5632331856,604616.9836163793,1557797.7821286845,512172.91405262524,350996.84048651747,355373.08064985514
2017-07-25,1244363.9787797462,933679.3418791107,601059.3591637328,1538072.501209177,495775.66990056145,362988.1351206673,365816.29306010896
2017-07-26,1260691.8463994397,942840.8494162842,607224.4771412049,1531316.6013201766,508736.312963081,382470.52618809266,374778.8056781544
2017-07-27,1234951.5540390585,925833.4089482996,589754.1076382549,1510839.3307312303,509371.2529056468,382146.0602612586,369424.87462957314
2017-07-28,1229581.8109183963,929468.824552038,589027.6118220164,1526249.065884328,530680.0827189151,376544.8049852157,366089.45573823387
2017-07-31,1211388.7253618753,916255.2509061233,580666.4072224176,1507672.4912154293,513403.7812440115,377103.25371391175,368719.28798926395
2017-08-01,1214771.383619522,915143.2942941422,582982.6793521683,1513865.983992936,517252.038915247,378561.01272526133,374971.0122154763
2017-08-02,1205684.9153106087,905371.209477328,575136.078249191,1516021.60775681,517204.01663690247,372475.2262325485,376463.4694771307
2017-08-03,1203394.972823556,907428.7886967616,576073.5499920008,1512886.1883410825,519345.7713558353,369814.86330537783,372799.2994333186
2017-08-04,1201975.0407850714,903213.2981445218,579007.1265313949,1515226.1980595933,519530.64337458514,379490.58560726,381320.284239593
2017-08-07,1222755.0025745633,921387.3938865074,587919.340429803,1537878.3249842706,539183.6698144291,386554.38916615193,386486.05954020884
2017-08-08,1216600.570509472,915930.325648402,584240.0737154611,1533084.6728638676,534839.5046152751,382706.4343572196,385777.2937835766
2017-08-09,1213622.0239794864,913143.5242332658,583683.5233109455,1535157.511190759,536650.6814776341,373246.0375533998,381070.4261560957
2017-08-10,1179983.2603582733,883593.0130267529,555367.0549370989,1503178.850326182,511340.7674621248,346545.6177476101,356835.81925732706
2017-08-11,1181556.815316065,889505.8599043959,560246.3327208207,1504753.8641662966,508592.1933750175,348128.73213096097,358872.4375863998
2017-08-14,1215159.113490848,912125.0852585831,581565.743383038,1532682.0510380967,536342.6911815369,363924.0828031348,374890.24366625265
2017-08-15,1223075.742922542,914595.7362450007,585676.0570528577,1548656.6291790295,543322.3914370703,365438.8790508322,378312.3879544034
2017-08-16,1219944.3033277642,919728.4083850293,589443.673340759,1551841.733405244,547669.0513290165,361349.652177256,376449.5675367276
2017-08-17,1194158.8561191433,892543.359603191,562558.2990082492,1523114.3296079896,520690.994400291,340048.7829311579,355409.6763211294
2017-08-18,1199797.5545580466,893537.7772577893,564450.0807626896,1526453.1305671704,524815.0357005798,345413.7202620169,357317.9463547247
2017-08-21,1187513.7483477995,885730.1480193037,561413.140095878,1521043.5203148087,521057.31780705415,335572.47672849026,352610.0125932191
2017-08-22,1207494.0910533967,908279.9447447965,581747.1282607031,1549754.637557975,543168.733506813,357213.27687703137,368011.7447427883
2017-08-23,1218584.64875056,909488.600457259,578908.7374340368,1547356.8048631214,546903.0712740356,351621.86394054955,363987.1544907677
2017-08-24,1217981.0601333077,905921.6704454308,576765.6113327638,1552235.5013445043,543505.444090974,352206.21711750474,366149.031480686
2017-08-25,1210925.986891845,899570.6697576803,575378.3787816247,1537358.246407635,540679.9204647882,346975.2865933787,365465.0302439756
2017-08-28,1214998.5567662956,906753.6601523618,578380.5772943507,1544838.4666911273,542976.2210840507,348951.69488960836,366792.6661894435
2017-08-29,1217774.9159490103,912244.7148465338,573855.5318995182,1541990.7387355224,547643.6493428664,353381.0502752768,365751.1549147742
2017-08-30,1228029.763038055,934513.7524734265,589610.2598494174,1535926.6095299588,548353.7872280456,367329.5361900646,375623.3002123429
2017-08-31,1235981.4511166862,938660.509887533,596929.8833405537,1549294.9655586467,548319.2081721119,364229.45216343575,376154.0543622116
2017-09-01,1248833.3275037715,945408.0779613764,601777.3533498188,1553725.7961996999,553020.3622534302,368709.65171863994,380647.99128685467
2017-09-05,1229969.6351990593,929713.5251672345,587536.0762997075,1541313.7747365395,532554.3062890607,350073.34613481653,360843.1031388185
2017-09-06,1226634.8414645994,933876.483868301,590098.8639841103,1533815.0568043573,535103.1740564473,350729.0177819385,360707.0193211955
2017-09-07,1226159.7684195458,937443.5870677676,594537.5830496252,1544280.4377843952,534235.8297120675,348786.22760597704,352925.16880196286
2017-09-08,1209152.2041428818,920722.6842211752,585690.733709299,1540715.1747059647,532705.7547957321,343071.99904759903,350895.5731443051
2017-09-11,1227704.6736418183,935308.0354695951,600999.9300235834,1554412.1335961714,551136.3707565665,364321.2270227894,371728.0518089444
2017-09-12,1233379.845352955,940542.2028710938,606097.9794237482,1563101.9748361027,558606.3519808381,371981.3607999512,380918.6698192807
2017-09-13,1225212.2072036474,935468.4570206829,606708.6164998208,1557419.0127902105,551388.7483606383,378808.730212255,386397.24102677475
2017-09-14,1221141.1334630654,930396.9984932526,604558.8934165813,1557639.5815759175,554142.6714879478,386604.6736106311,389206.17627535015
2017-09-15,1243887.7559151484,941578.4329350373,609550.9352699388,1567113.6299975468,577064.516727174,392467.4165445985,389125.92556094506
2017-09-18,1276471.86947629,962616.7669066808,620441.4351633512,1588285.159321449,590519.5671033936,397048.13640406146,399001.28578512016
2017-09-19,1281936.6746999177,967285.4052317294,621633.9150375611,1596260.5665076654,593815.500709535,396781.77715878584,403549.8443771535
2017-09-20,1290121.4678109267,966529.9299915,619715.4682454155,1594678.986674878,591658.2885152103,391610.1661493419,402604.02353303216
2017-09-21,1277444.278753347,958884.7622032437,617697.5839026684,1585596.1779366718,585807.8196074228,388740.9454714118,402219.2199745758
2017-09-22,1273702.576911887,959540.304155102,615747.4767199208,1583680.7393461275,585811.2354463625,386099.87580604566,402389.0244242261
2017-09-25,1243917.4099106863,930715.9894741599,596601.288801221,1558760.4848875597,569588.3839776106,373178.6858023256,388574.7311000667
2017-09-26,1247374.3740443282,931801.2820220614,597765.223998883,1562646.0874962169,574259.8215406485,380475.8240213853,389151.23328602256
2017-09-27,1265068.7715944625,955950.969023708,616280.4781080354,1576481.043816205,577324.6647576587,385088.5457093358,403000.212074019
2017-09-28,1262315.8182840527,961789.1288741811,619999.8528170331,1577175.4147119515,580199.4463077246,386187.5970901525,409102.5558626398
2017-09-29,1275378.3467293684,977201.5489409746,631996.4253653246,1593597.2025038272,589197.241416565,390222.9091676253,414813.67316320416
2017-10-02,1277367.0015849052,980028.8736951539,630953.0086479272,1595522.5255428308,595527.2633887426,392293.2724997143,419485.4160668806
2017-10-03,1290563.2253436844,988293.0002432717,634868.8915175186,1598295.125283096,594652.1725339263,396613.0066767948,421717.42601506313
2017-10-04,1289156.4947943967,988743.9167717815,637737.9539346303,1597732.6462467436,600922.974090072,398943.2147346968,421426.8100869916
2017-10-05,1290977.2829840342,990667.8630833769,643294.0464294609,1602078.7323139796,606796.0720267476,409322.56615831266,433877.4972974053
2017-10-06,1289327.9566615988,992971.3286940025,648718.4692643705,1606817.2288737379,608152.3939395577,408750.8749657882,436297.4525308312
2017-10-09,1300913.057152764,1004029.0268399171,654438.1468920598,1615882.9361245984,616357.2476745825,407893.4030982342,435531.9639778688
2017-10-10,1310707.4842899449,1011767.5288861401,656665.3604041198,1618014.0000173256,623014.9263840129,412730.39900304354,438232.0644719382
2017-10-11,1318413.9417354674,1016907.9051687424,656820.244969995,1627352.4152082603,629592.5523608812,414733.8288374443,442183.07083919627
2017-10-12,1325748.2681437442,1022794.8252601462,659899.7808917558,1632601.3485474603,627793.7540138961,405817.24143714394,433682.3001490131
2017-10-13,1332861.7042147964,1030512.5902371395,666210.9249705458,1638301.9648517065,635531.0018665186,412599.5688301667,435905.2692225913
2017-10-16,1341905.8061701893,1041258.5671357699,674206.7803590074,1645512.7651119642,639767.0805960776,414400.4088439637,439452.59595006617
2017-10-17,1334768.5680992992,1035708.8410632282,670420.3772342833,1639288.3235461568,637483.8123202893,410150.7593127374,436885.2635941638
2017-10-18,1333803.251688967,1039313.531931787,670858.392452465,1640130.5713026274,632502.5130353188,411824.5231113125,443045.4200372185
2017-10-19,1330591.3485712532,1033316.1801505128,668781.9309732864,1639398.4971019512,631139.8677876713,430807.3727962274,451818.8285865121
2017-10-20,1334883.8172424876,1039576.8247625002,675029.7378866274,1653289.6897035493,638969.8143846154,444476.01958550175,470259.9781597568
2017-10-23,1330908.989274479,1036555.1906778214,672646.1055615685,1645728.473716312,636677.98031361,440557.1906286514,467650.11010840425
2017-10-24,1338662.1901645907,1041868.884150626,677569.8693018721,1654444.320153281,640794.814505629,448548.718235422,479104.10813608265
2017-10-25,1321777.2846678945,1011785.5576160996,658890.6469531372,1642444.4317281134,630083.4595321688,438283.88044977206,471762.36615421047
2017-10-26,1322307.9216158856,1008455.0715887678,664270.9826565703,1646093.8111563395,637875.7936101822,440666.95897939213,475586.699353216
2017-10-27,1364960.9199501423,1032933.4268810279,678777.4232487702,1686752.903248889,670042.322615308,442111.50423006783,480345.8719655939
2017-10-30,1369968.3059803732,1025413.0224250092,671727.7345779721,1688158.4722983926,671646.8300018096,444039.14222261054,477590.78213309706
2017-10-31,1388397.7683819816,1032765.2672474239,681361.0063638615,1697742.1418659019,677041.3945460399,460216.60504549363,484008.99610250816
2017-11-01,1384250.4961525158,1022707.2741801239,675636.0077899075,1692750.2930304988,672603.9433444064,458902.68679729494,483711.33203210554
2017-11-02,1393332.3731182418,1031822.9590415356,680931.7528475258,1701658.6352814874,683762.352282429,465927.2847146922,491220.34731809224
2017-11-03,1413278.160220543,1047598.2623152924,689193.320649998,1727853.1599904958,694039.2908482036,466105.09739903215,492296.89885207254
2017-11-06,1421871.3528566028,1056472.9459261969,697422.7793404476,1742467.6282582534,699826.5530043257,468145.51673204295,496509.0998650971
2017-11-07,1432530.5090843914,1069331.4564649165,703488.5577696272,1748823.3433063345,703466.2942312877,468448.6854260177,495199.1511606017
2017-11-08,1432966.0642163188,1064666.1408609992,702520.581348036,1749598.676830501,708735.3597774261,468448.6327094652,489832.92927746585
2017-11-09,1420447.9407611254,1048768.7657010832,688406.5690675444,1738035.8078570091,702468.4969326842,455272.9511762794,478026.44668494456
2017-11-10,1440210.873749936,1061414.325760579,696366.5003182641,1751320.0891140918,700230.1185899919,463011.574002641,481791.1796988194
2017-11-13,1449430.975788244,1066380.7150241975,701179.5254835217,1756701.0980252898,711591.4183502394,469847.8793032528,485511.57824184815
2017-11-14,1452860.3609596547,1065269.7265761378,703555.1382423206,1760463.0082573493,714568.5283359378,468253.82132609247,484558.820001854
2017-11-15,1446047.9049964712,1059311.1690266926,694628.9389090964,1752783.789392984,709176.1755437511,465712.6059531951,479578.1186652334
2017-11-16,1458550.0423106758,1073012.4876208156,711887.830924111,1773367.425266917,717045.2075029073,489495.7084257798,496897.75414810673
2017-11-17,1456264.4828940425,1070156.8517157729,710392.3030688588,1767261.2545105156,713611.5388660464,478528.94212347246,488283.6129683577
2017-11-20,1469773.6139020054,1079396.1156300798,715538.5658227771,1776349.3675534225,725868.0737735855,489890.33455575467,494945.54773766
2017-11-21,1484626.044400779,1093750.8739988734,727344.8995488258,1789888.7540385595,734951.4851031267,510088.4796946411,509640.7429366971
2017-11-22,1475716.6638141687,1084422.9797352457,724678.5554349517,1784084.7408514288,727808.2009494769,502045.7615849379,507488.4904211347
2017-11-24,1480566.8194143972,1090117.3949199528,729398.3112815667,1787891.4040851274,732736.1042335206,510088.3035828635,511643.86846086924
2017-11-27,1469498.349372638,1080916.3128508567,727070.8888274642,1783925.1534671409,731217.7374497183,498038.1702995094,504778.4546347922
2017-11-28,1469866.66726757,1086075.5457400426,729406.5554485128,1782193.4073245204,740973.0501205254,501047.2907951465,508561.71461892466
2017-11-29,1411509.1846318042,1038834.7840470307,698883.5251997587,1742270.258106316,715997.674652138,446945.5411965111,477794.8225701136
2017-11-30,1405774.1743486945,1041304.1174840297,709529.1463581208,1741080.5177369604,729913.5641002934,457883.3708392008,490364.2014722355
2017-12-01,1393547.0200741545,1029106.689990403,700535.8050511965,1731866.5572995178,722935.8352910161,445701.0849727887,483928.5457467501
2017-12-04,1341406.5112236636,995613.083174728,668743.8380189947,1684094.1194870176,708619.0165380501,410583.85817404295,463564.4360600474
2017-12-05,1348999.8823034517,996379.3507924632,668694.1997433449,1691817.1273762044,707521.8660278779,415120.5404425133,465678.9234980369
2017-12-06,1359815.3193135958,1002665.5804146847,673970.7055307751,1696949.039196083,718690.5061667818,433746.4597100769,473961.1305584766
2017-12-07,1383694.5963482498,1019706.1968910454,686828.863016712,1715788.7093637767,729695.9443231422,450798.5330925909,484598.78907927073
2017-12-08,1381894.5029650861,1022209.1654532277,690066.5610504363,1720214.922614087,731677.2276699642,447569.58832185616,486059.8837826506
2017-12-11,1385382.6413727433,1023334.0347096219,692563.7717133199,1725671.6023883238,727073.823906531,447094.49463492475,488182.7780524719
2017-12-12,1370623.9148218099,1016223.1739144643,687380.369687275,1714351.608894132,730116.0893627979,442125.44823201955,483655.648207378
2017-12-13,1364049.1521992492,1015688.6084410206,692620.7129087378,1710267.9959648608,732066.4335836916,451364.814651486,496724.9997301972
2017-12-14,1361270.709703148,1014398.7842274996,687433.9540450637,1704493.3956711965,725842.1992542195,454131.20006692584,494914.7979988939
2017-12-15,1369380.304078588,1024511.3460081449,691491.6570594652,1710632.9871781145,735812.580281138,465598.9033026139,505007.037414421
2017-12-18,1387429.4976549933,1033834.346947801,700204.4726540707,1727546.980767984,745944.2880896647,474808.7238643356,512300.5859914303
2017-12-19,1380824.4565783676,1028854.3914590612,695351.2500827542,1723969.4863566454,738497.5281033543,471000.49637057487,507516.2573903058
2017-12-20,1389796.5146445525,1031583.038292643,699386.364579814,1730390.2416281388,738603.2203020894,478914.9010395012,509297.8595182791
2017-12-21,1369743.0503863713,1019882.0490469979,692988.4520032352,1716309.8176300768,722689.0469241191,465761.3930081556,503007.0822740922
2017-12-22,1377632.4308527785,1024458.2239063936,695150.0372606637,1721280.2368028986,724671.3865368465,465193.13113629137,501669.82113806636
2017-12-26,1370845.7487518236,1022145.5184254863,693962.8332279716,1717217.9525560946,728342.0298452011,453078.23779575154,493542.5065993109
2017-12-27,1369969.609096114,1024122.3161436586,695678.9758508363,1714418.2419407296,732191.4128862132,458620.91543019016,495411.49639035686
2017-12-28,1369512.0959072446,1023628.6287931196,696464.7310824404,1714673.6070153706,735597.3285150678,455213.1108224493,495155.7560386601
2017-12-29,1360351.9702698342,1014794.9787742331,689025.9203684182,1708149.2268024853,724939.3157193318,446891.2845717584,486737.5697258113
2018-01-02,1389215.8666243628,1035579.3841687711,701678.2614900095,1728777.0767445227,734586.6894886354,470894.70300897997,504302.5970882096
2018-01-03,1418039.0133528963,1057878.8708601284,721232.7697664803,1746816.9799791125,758010.6389763108,492761.863402276,520865.18332933163
2018-01-04,1428513.5713765114,1063054.6076018391,723991.1611537278,1752962.1780370008,749552.9991076707,504538.73240192916,528945.9921167105
2018-01-05,1436513.69100841,1077099.0192557964,736639.8116012963,1756972.394631413,771525.9555826543,516501.7633583814,540715.6323995865
2018-01-08,1453719.0536528428,1093036.0252219927,745437.1229491222,1770055.7768234932,786975.0330138238,521826.0241047902,541676.8794150198
2018-01-09,1440056.2304274135,1090498.5433154486,745814.9566484827,1753450.969615989,798986.0352274622,513495.3551998741,538936.423938845
2018-01-10,1430961.4870361043,1094297.1760201447,740643.2918991575,1741853.203795232,798478.6281700378,511343.8739380819,535494.6864623751
2018-01-11,1432971.4425327154,1098600.279486353,744817.6728276603,1752089.7951620508,815789.7006667309,517043.79973856744,540410.3621332443
2018-01-12,1436502.7223702148,1103668.1505449512,750878.9445155875,1759505.638059738,824007.988090119,532448.0675307163,552132.255074878
2018-01-16,1434891.9975383803,1099294.8324458848,747231.6856825592,1750061.0605652318,819939.6117961011,533014.039753318,553606.5565040067
2018-01-17,1465543.8368551608,1127910.384373568,771095.8216989208,1767715.837935692,852706.6955521216,570890.3989272708,582611.6271872288
2018-01-18,1458538.6998784204,1121920.3708999327,764505.9069158928,1757251.7651836993,838438.9036521609,563378.5755323071,578843.2038867637
2018-01-19,1460019.5990948875,1125269.5390604814,770925.1184735894,1755288.1831034904,840949.8806724872,557125.9167866523,579175.6450949331
2018-01-22,1465605.2053972967,1141065.8503153638,781467.2008613998,1755435.293323921,847010.6208945632,562343.6789401468,582003.7809712504
2018-01-23,1477515.347697916,1150277.6551012874,788446.0674067361,1761271.0241521904,848479.7921605769,560382.1736374344,583141.24811515
2018-01-24,1468239.180542061,1148790.037742032,784442.9814099678,1761164.7900012832,846418.4500997126,556926.4505134973,576640.8724453533
2018-01-25,1468498.5519323328,1148813.6979166856,785307.2146755293,1767197.6271093178,845723.2904670966,571325.3763469277,580502.9848057425
2018-01-26,1485444.539247129,1149006.9184151778,794391.6696731327,1781512.2896801098,854808.7895160881,600628.4948451609,602208.3270973328
2018-01-29,1472074.4323688897,1125136.437556588,774005.355527905,1771371.0275012075,831003.1116012783,587858.4785142145,588380.8638377257
2018-01-30,1454914.527410776,1115033.3011120018,761483.6115076909,1757845.3512638884,818188.8548972091,573892.1828428819,575873.1074167632
2018-01-31,1473071.1794845825,1120170.255674952,765611.6299923629,1757229.804628169,820576.62052271,576801.955658792,578303.9174548625
2018-02-01,1455691.1334681376,1110322.087241661,758501.4114098846,1750865.5456642492,814660.5320033386,568462.0341053524,574490.7739106069
2018-02-02,1431756.4822483144,1086621.616952115,735609.5877420837,1729691.3173332703,797358.9305771497,551277.5138262678,549274.3382856132
2018-02-05,1378573.8569659572,1042442.8058130153,695559.5738671202,1691542.8980706134,754087.9964036506,516491.9961912722,514747.74759410066
2018-02-06,1421599.9537367385,1070118.8188533124,713402.2558806925,1710147.2274678692,750209.7724592306,539771.1564975232,540992.3458032337
2018-02-07,1415334.2058306641,1071167.891356251,708191.7445730257,1707269.4627308277,744908.4390347889,542288.3188824062,535960.2362112378
2018-02-08,1369289.5784426196,1028547.8439992073,668370.8221618015,1653888.15917113,705794.5826685092,500061.1729327576,495030.46119728184
2018-02-09,1390350.7998225994,1043445.7820988599,682181.7155674682,1677429.3062631998,706478.8424470463,521807.4012594602,514890.56796520733
2018-02-12,1407430.0384576686,1052021.3701019892,697241.8325571773,1685109.705565496,726800.560231429,537810.589475055,535499.351925789
2018-02-13,1413589.898663944,1056118.897360021,701688.3394361945,1690995.495536513,728163.9413697352,539227.3247112125,540166.6311964615
2018-02-14,1437645.691105982,1074901.7561089436,721908.1952690423,1708843.375722423,747555.5352524784,556168.8559765714,560781.8833871485
2018-02-15,1452772.2636263086,1087761.059478743,732501.3435042609,1733342.917564752,761924.1249787482,571106.5593266098,577263.8268442117
2018-02-16,1453569.240690944,1088600.3617852298,730475.4518182353,1725920.7449893027,753929.8320598068,575042.7818450705,579610.4487702332
2018-02-20,1459834.5965608265,1096149.7000622004,732522.2694564151,1732552.6986959942,754352.5128238923,571889.4364852805,579334.0408059862
2018-02-21,1447409.1297372077,1085189.247660626,725010.3934215422,1728131.4737642563,748197.7303199753,567764.8801684387,575714.4207370721
2018-02-22,1457778.2989738432,1091502.362118336,729001.607318342,1738712.4916037037,758378.6532651999,575544.5694126032,580463.288457913
2018-02-23,1480976.6746788989,1116711.4073165285,748448.2228920391,1764277.1581564732,769700.6013808693,597903.9253275914,600843.5825883619
2018-02-26,1492244.6547525178,1130483.3452559721,761000.8495367753,1773579.3183116633,780664.1882180695,613780.4568108907,614019.1305139017
2018-02-27,1493311.237552072,1124147.6674419574,748259.5423170712,1759117.3348466987,776907.1405390472,608788.2051845337,600888.2921656237
2018-02-28,1488449.587714026,1114861.3083929277,741404.3359738641,1755018.9886137445,775425.1488198864,595749.9858841611,594116.2253439407
2018-03-01,1452518.6317925407,1087077.5123513362,723957.3020068299,1747070.9293081204,745343.8532403554,572362.5430297188,574956.8014854271
2018-03-02,1467061.1170082607,1097936.1366288555,733764.3096957208,1768453.8200628532,758668.8629422863,573959.1613287724,580278.9227701818
2018-03-05,1486017.813261616,1117461.9126016295,745899.0271736466,1780574.6128657104,769074.1964589526,599342.1037866005,593335.9485645037
2018-03-06,1497729.0257832734,1129021.9399622094,758505.9471407651,1797679.4358620648,773861.2545142615,606839.2784064612,604474.9639390205
2018-03-07,1503698.823482119,1135447.3100103966,758091.5685171514,1782627.5048340429,782072.4654838446,604964.0002144867,606155.873866913
2018-03-08,1514855.998275906,1150924.2598584248,764399.6293405176,1787510.6972694807,791008.7683827337,618987.6050670287,615578.2643478195
2018-03-09,1523648.353588328,1175441.9684134747,787171.3171969968,1812770.9046206358,811504.236245159,631350.955061192,635549.8014435009
2018-03-12,1545885.8810533476,1188078.9202809804,791415.6263435506,1803851.0096659374,806460.7562649241,640406.9614897451,635683.1016175081
2018-03-13,1535652.7166624065,1175018.7603841107,784318.7615908384,1804471.8041451988,791233.7056287838,637956.7216386036,630190.906117999
2018-03-14,1543483.3396330029,1177144.3548018015,780812.844900845,1796488.739762662,795766.817879128,639901.7607976281,630114.4776006935
2018-03-15,1537987.2942687003,1176561.2292023425,775757.5097311544,1781341.9627335954,793374.8671631814,629438.6963885742,624354.7626329581
2018-03-16,1543624.3819189102,1178463.051348503,780439.072414874,1798803.39796592,788197.4854036375,636843.0617375844,633301.5681761828
2018-03-19,1530422.576297345,1160880.3262704222,767261.4495681081,1792710.1710003163,779616.4710079031,623179.0607480361,620082.5184982353
2018-03-20,1551276.467824631,1176798.9344969122,782780.5524521918,1801411.0589567325,796735.8564244724,634961.1776812907,632785.121854434
2018-03-21,1548052.827496758,1175403.2843111039,778520.3271676105,1801791.7083123687,794361.0918662372,636686.9516173565,628706.8779646743
2018-03-22,1509370.3468532832,1129971.2607448935,745277.5873512939,1782114.2276719438,753573.1623382119,576350.5797423997,585557.6565246464
2018-03-23,1485952.1885747463,1107367.0656398567,723161.8573989351,1753117.779069908,736569.4694660329,552019.4846246808,563795.0401720568
2018-03-26,1527359.5562039057,1139120.2591407152,756481.3047320803,1783967.7824281803,768889.7132736404,569839.159917328,591719.8724062309
2018-03-27,1476644.8964331804,1099246.959119671,723399.5719887288,1761760.4568865497,740770.736620024,539665.7576662244,563266.8845965216
2018-03-28,1457185.5031914457,1084205.241043973,715700.3479780337,1755071.5019859946,730769.6093614061,534588.570720512,557282.540097559
2018-03-29,1487254.5067048408,1104927.238210692,735945.2807082083,1775852.4226117677,754528.9437480206,546969.4206948665,574027.1640586177
2018-04-02,1452992.6112587398,1073110.004713892,710053.7943252836,1742893.9796701875,730876.8884608975,524620.2362413115,552900.0525251534
2018-04-03,1469840.7968562297,1083424.6491301302,723043.5018074167,1760007.739438648,746002.8075662056,533505.2856242867,561658.7930038923
2018-04-04,1469627.2303052137,1089047.8537431527,736619.0808502114,1778146.818018504,743453.571381208,542356.6139578165,571169.9520643835
2018-04-05,1482956.847105203,1099678.4207345159,743251.9368893552,1792327.0783561822,762615.4349868699,543828.3854621346,573787.9482069843
2018-04-06,1455060.2844457822,1071645.8748764673,718069.218246342,1767447.2495325583,735375.4376096483,514684.76433430135,546846.8854566092
2018-04-09,1457642.8912884356,1076712.0771119099,719373.9877070603,1766087.075743276,736577.9411288769,515414.9681061988,546228.5267348723
2018-04-10,1492238.7764498207,1106349.140635138,743649.9891376448,1792382.8550423188,765178.5946641155,547030.4983951246,570632.2265665942
2018-04-11,1489325.332909309,1101844.7520686495,740133.7160814862,1779099.6782099218,758583.8653613921,540177.1517872533,564940.9835144049
2018-04-12,1508840.638692415,1117538.2337036403,753237.0849750356,1792985.801032352,770930.1615850541,558891.7456574207,580755.9827709551
2018-04-13,1503653.134629223,1113050.3722351172,744934.285230166,1783794.1980615987,763161.0663641324,551877.697300237,572286.2854736913
2018-04-16,1507226.5931031634,1116537.214478609,750870.3893034887,1795613.267623004,774362.9828236854,556570.0031322195,577973.725596979
2018-04-17,1540670.1633615154,1145147.3138468212,772858.7015699018,1808705.8740298033,789841.5873790608,570263.0475747468,593367.1281546325
2018-04-18,1545204.6118453897,1150727.522555425,781393.7411012087,1810417.5061053836,798818.0542907908,584057.2264470208,601878.1986892109
2018-04-19,1515763.4199581114,1133560.4751324938,765878.7196444934,1813155.9253069125,775136.9689714425,571034.4744924658,591606.7889541165
2018-04-20,1507409.6123413402,1124011.4270324628,754713.0327780403,1793556.334073366,763579.7213901702,561772.9691384662,581840.5861016135
2018-04-23,1489665.9860964075,1112473.0233150057,751987.3450918314,1784512.2397469576,754726.9553755266,555515.1619466369,576611.309755709
2018-04-24,1464370.9173171688,1087242.906295451,726462.2808991141,1766443.9954896846,735355.3517996401,524261.1789733963,549038.4721312891
2018-04-25,1461946.302359843,1087692.5643082866,727832.0740965346,1763969.7944359628,734670.4243694583,531690.3817970509,553733.4644693397
2018-04-26,1499738.2425728585,1116639.8256465606,749723.5830811078,1786663.639569707,745287.1614256653,562947.4113091141,579322.7642441102
2018-04-27,1486162.1416988997,1107236.2230551403,747475.8544799696,1796910.1391195378,742873.2782340653,549418.3353331778,567285.3646774509
2018-04-30,1472737.9110544964,1095520.5335101609,738556.2967401887,1790301.9077912625,734382.3236758043,535255.6576597692,562435.817503328
2018-05-01,1480682.8905753202,1112125.0953861005,748811.6837061481,1781207.5726696993,724401.6580833409,550714.4187989858,571431.4126036998
2018-05-02,1477684.7781842453,1099797.2065348052,737612.3952431774,1787563.8393794033,702924.0643344817,529857.0790857426,556151.675890542
2018-05-03,1484042.2716440374,1114465.4035147857,743464.3704487073,1782373.6427314093,710614.7612836233,545150.1817838236,566531.4961796041
2018-05-04,1488493.5146703857,1122920.9490986513,755412.6653261344,1777857.5339687672,708569.5819727911,554470.307430424,578564.6887364766
2018-05-07,1512751.2810116254,1140130.796982356,766392.702137255,1779341.2991859172,721370.7892901173,564332.7349044414,585277.895653123
2018-05-08,1513812.2873807815,1140299.13126949,769278.1599517176,1781148.9661443443,725462.134845213,568812.3586712962,591258.5039126354
2018-05-09,1531667.8415719643,1160193.6408591068,788395.767129262,1788430.5647030582,738025.0322640209,593793.8877180363,609469.5990285905
2018-05-10,1548187.3523442396,1177629.7081612332,801776.6117651397,1784080.0656279302,744004.7321234576,611469.4659093319,623461.6678543729
2018-05-11,1550134.4887986793,1180536.7113459674,803333.0153644885,1783438.2679978933,747733.7677842167,610741.3726010068,623762.4276527953
2018-05-14,1560185.5491091502,1187778.6357306691,806549.2462145567,1792440.4875972564,753620.5927189651,616253.5472764946,628358.262053434
2018-05-15,1557726.8978879075,1178845.2772414286,801618.057505832,1802611.2306202736,747840.371062067,610922.1328924802,622635.7613379023
2018-05-16,1578174.9377368698,1189996.3918880026,813166.9915293691,1820476.544632488,754970.3974768808,622712.6979905776,633254.8595313354
2018-05-17,1559348.7982721322,1180455.8222011554,807588.7045263787,1799127.8865688785,743415.8997110459,621087.7490642578,633848.7888875599
2018-05-18,1569917.2559306915,1189056.1368506998,810791.9218557541,1801927.8607169157,760974.567225374,626303.1382058526,629789.3146260943
2018-05-21,1584149.2645276312,1201407.7355545557,819907.9816519906,1807897.5940916392,774273.4364090194,647016.8965224832,645731.3282820338
2018-05-22,1588395.7889918515,1194339.075445814,812261.7029884929,1797562.7252664275,762473.473453786,652782.2180774912,646225.5345171874
2018-05-23,1602597.8804967492,1206859.0719952816,826335.4310056228,1807495.3128148012,781128.6015733341,669184.5778439441,657655.782454931
2018-05-24,1613380.7991568614,1221215.6442797098,836200.5480122439,1812555.8447692734,778941.6520788238,676118.9470815232,660189.3825369839
2018-05-25,1610587.3951069736,1216410.8606455303,833461.4536185858,1806045.7128604646,774515.6011683946,670052.6167670167,655882.2936735951
2018-05-29,1603512.2235095068,1212897.87371738,829460.5067629138,1794271.4251678903,764504.6986691263,669604.9074269722,652280.2029100287
2018-05-30,1619515.4754705932,1216449.857302853,837120.5034479297,1812514.8597450785,783131.4411965378,683575.5907168114,667630.3305414197
2018-05-31,1594388.1087332894,1199279.1029779296,827524.7982258112,1805832.4123058396,773639.9389024745,658978.7368518201,650254.1683424202
2018-06-01,1628167.3785323119,1224636.852513266,847385.4917004454,1844595.8471603433,807856.5522590398,670435.1884001414,667646.101045674
2018-06-04,1544021.7882576452,1190607.427675506,838208.9472919588,1761677.0546681897,724860.6857973319,677914.7497122878,674870.5399125742
2018-06-05,1554047.8298698147,1203267.5315456917,852182.8037110893,1784385.1045909268,732436.5670550979,675704.2373203371,675082.3321359223
2018-06-06,1572774.8611694884,1212576.7999286132,861855.8773896479,1796489.398403003,745196.9116976055,679108.5713402057,684114.6455360389
2018-06-07,1549057.0129252756,1197772.1943950942,849607.2125168433,1762522.232747799,728331.9471170445,677789.0865602465,676144.062216251
2018-06-08,1556357.033612202,1205495.9046883907,856392.8402217577,1769880.0272407795,730301.529970637,687228.6158780293,679792.6777970603
2018-06-11,1552186.8249880157,1209587.4660252535,858836.4380069805,1779374.7008498465,733204.8330183411,692038.6172931879,680251.642349582
2018-06-12,1556635.3905857787,1216021.3582443949,864240.4369848665,1782494.85773281,734338.1903520374,688626.492624005,681872.949329122
2018-06-13,1563417.6333342672,1219332.1373649049,861887.2870225661,1789514.1811583252,737946.802583577,683614.0530708708,678068.5110242954
2018-06-14,1571432.3176924689,1224487.901079527,864104.8895016244,1817077.8590077052,751284.1561622722,680470.6562161767,675792.2241578093
2018-06-15,1566902.3958351505,1223174.8227397392,860089.0358210191,1819181.908632374,750646.7387952046,668397.3832572189,667102.0031187827
2018-06-18,1572902.811518461,1229997.0308329363,862848.9677917705,1823859.5816605599,753792.7148418147,674437.0752549218,667434.6327511828
2018-06-19,1563240.7853539507,1225750.8390503244,854228.7118996982,1813818.9314811437,755717.9937069226,665131.7814443301,659651.3240676569
2018-06-20,1573967.4949533348,1231553.4972564094,860792.551822795,1831959.0395057658,766100.0429337657,664890.5928879996,661372.2387804772
2018-06-21,1560543.7172719536,1220572.940396446,846458.3677984206,1818922.093334824,747319.9625655172,653255.4984774868,643421.2681001198
2018-06-22,1537380.3967250553,1199959.3924223932,832549.2916589939,1799561.0263603337,733359.0684046886,644259.7294905474,642671.4818389846
2018-06-25,1514974.5026450893,1172196.7974972958,804551.947403831,1771370.6155931647,703865.5669411616,611591.5979992028,614139.0389862017
2018-06-26,1526349.2387651415,1185356.1693569443,812168.8155741972,1781764.0616907312,708945.320969084,621802.6988067512,619283.0898420864
2018-06-27,1498184.2429927308,1160858.9806102568,792724.0900264218,1765143.0658746266,681795.2828117777,604787.9767589235,609459.0249813315
2018-06-28,1507209.3920204565,1167144.414843575,801491.9438785902,1787713.663899051,693015.3672287232,615418.6913531247,615439.6851402768
2018-06-29,1505309.4816879497,1169795.4529754114,803112.9897566328,1773142.6806132789,699941.7661079974,619077.137693608,620763.0802526829
2018-07-02,1509019.670488237,1173280.535888604,805960.3865474022,1781527.7568624439,702970.3831719637,624340.0455875194,621714.138657406
2018-07-03,1497250.885711065,1158382.3378452302,793248.6952496407,1771862.7251368442,688255.0244126914,608059.0402055639,613647.8438001178
2018-07-05,1502296.1493119716,1165427.3338632064,801615.906491786,1773031.9215243144,691452.465146558,616068.1490173014,620582.3949306209
2018-07-06,1516389.8995536112,1174795.3516647888,810090.8629866407,1781094.3598577774,699927.3667668172,622832.5678485127,628827.8426902134
2018-07-09,1520264.5031191322,1181979.1887095144,820886.7932968098,1786326.735234244,712959.9239717032,635780.7895729063,639749.8667871483
2018-07-10,1520601.3116414484,1185812.3804858038,825476.8784066215,1789379.8996186065,709680.1144490608,642178.8135134648,648198.376547431
2018-07-11,1515278.2561386034,1172820.2421926367,815785.6440650261,1777805.476927429,706364.5963494319,631153.7246739351,629001.8055815755
2018-07-12,1528164.6881110773,1187334.9538076818,830080.5585765481,1778901.8625136986,715930.5499261054,648612.1576084379,643614.4614246849
2018-07-13,1520760.9262066921,1187115.0999006736,831661.8356341333,1764151.3263318846,709393.9359094232,656396.2142538894,650777.2533778035
2018-07-16,1527815.2341945192,1190848.2992666375,832075.0244424143,1764052.4082212357,709621.2295399322,651928.8572490248,645466.8118087718
2018-07-17,1525820.428791466,1194429.1613024583,838390.4252688616,1752734.5467685224,702060.8628629158,659963.4678394283,648264.5757376389
2018-07-18,1522344.4590653786,1196917.698883509,847434.1564228704,1751534.100313517,701428.0087581617,667655.6400940464,650372.2761266363
2018-07-19,1521421.4619658662,1196494.0544107396,845873.2319572339,1751020.055143638,698609.4571016361,657324.2612682675,639653.6997920789
2018-07-20,1519043.3279068852,1190155.2766801894,840621.4910235343,1739559.840350066,691567.4096935649,651723.889306453,636436.628674358
2018-07-23,1526068.037237593,1192134.478547329,842889.06744155,1741953.960394686,691954.1247966519,652050.2158760766,640367.5588726657
2018-07-24,1502152.2725058831,1174586.5181819953,831750.0562233337,1723585.809099293,683960.5285267138,645230.1629849331,640210.1402879154
2018-07-25,1530296.3678849998,1197102.0559749946,851222.0397082813,1744005.928824076,702115.2244924993,653185.4827283975,649736.195997826
2018-07-26,1519559.5073727109,1189942.9870019462,847957.2347691067,1757066.1186632705,704679.1397610283,652379.1583463885,642507.7948552852
2018-07-27,1508073.0276832124,1179698.3930061995,834958.5337323279,1717463.5638431455,687003.7996313878,640150.1449770406,618420.7130175089
2018-07-30,1497774.4212988063,1172713.0730558794,819911.9685868849,1700841.227627897,665137.0668502423,608776.3935604952,593958.335496142
2018-07-31,1516181.0694473358,1182281.7771981168,832830.1268387126,1697894.5136235121,676667.3792957069,615459.1468303466,597124.6221716419
2018-08-01,1503645.108791919,1164855.787461483,822829.7159411417,1670176.2434793573,672555.9219098362,613528.3308409094,600430.7616246344
2018-08-02,1524429.0922612615,1179280.9189175458,838531.2041693347,1664842.1844646076,684863.0521170129,623765.5248913019,611597.1803151254
2018-08-03,1519779.9233561514,1175102.3490516183,834860.0214120955,1674929.4284763772,681382.0501297531,618697.27225353,608117.7504617288
2018-08-06,1537266.0477131738,1186576.668410591,843363.8100459843,1681238.2051408112,695229.6650649741,620071.4444343917,611339.835631102
2018-08-07,1536697.1109936377,1192436.06633561,850785.8405478499,1689555.2007100792,721164.0734426363,625459.3142054015,618786.4601332424
2018-08-08,1545701.6182030037,1206218.9879970823,858283.791096409,1696247.8194457602,718810.8271975331,622752.7492017368,616896.429764058
2018-08-09,1562374.4577532292,1220491.318738829,864348.1866508725,1709966.0993858606,721299.6950484545,617012.7085525249,616181.616738638
2018-08-10,1562837.8151300908,1218273.6990896408,861285.2549553154,1701741.1423363893,718728.2025397228,611885.5238336537,610535.659133911
2018-08-13,1560468.5436464925,1214047.6895239565,856550.8181094619,1700553.3308657429,710159.271058002,609152.801627347,606265.1420417324
2018-08-14,1577862.5830633778,1230457.89670712,870480.4763602735,1721068.4821528576,714470.3950075939,610987.6761026208,611111.7791704434
2018-08-15,1540352.971205707,1181767.6617691836,839149.6984675371,1660936.3943956727,693391.3122273303,590683.1395089421,587788.995844771
2018-08-16,1546210.7203708894,1188405.9137823896,842894.281859486,1668613.7479723624,697930.2379378953,596313.8549429154,594557.230668057
2018-08-17,1549687.9777004244,1194564.4080439548,846176.2190686679,1658272.0785273914,699107.612290811,595379.7098189963,593938.9643255948
2018-08-20,1563597.6506457725,1212983.6315482329,859307.8948572769,1674749.920993826,715004.5848436068,608762.9331529844,601843.2033588305
2018-08-21,1576947.0508478472,1226331.2094715617,869501.2510508472,1681262.0750578153,725013.1555453581,622061.0452016032,611431.2031821011
2018-08-22,1588981.0206872264,1231633.4855804017,876652.7520826648,1689406.1955256297,737882.5154599928,633233.9622186444,617563.851990431
2018-08-23,1589335.408004687,1235076.772658941,881852.7630560637,1706849.4361401016,739682.5832937806,639216.7690198539,620261.4528033361
2018-08-24,1606594.011967951,1241729.481836115,891275.2068733595,1720905.603843765,758648.305739245,657246.5567025043,637331.4976468119
2018-08-27,1623743.962885366,1252253.090555919,897834.3752611723,1732525.9056955343,771118.1189220857,661152.4593768464,643665.5950130878
2018-08-28,1630025.3251037074,1256616.935594258,901233.7171197429,1732745.9599951939,775964.0765612992,662887.3186949124,645121.912850339
2018-08-29,1635278.3640717554,1258382.1082016437,907914.3481661415,1733562.3602325262,783940.7543765553,671615.4948430839,652482.2066768528
2018-08-30,1632541.66253628,1254544.8784374194,903703.6606645938,1729971.5599181238,785731.1577756329,671941.4755836187,648512.7829278101
2018-08-31,1631562.5701584253,1257527.4612864335,905283.7814650802,1732233.6469990977,782350.2137880397,666873.1045397324,645841.3867936159
2018-09-04,1638742.2783107548,1257079.4092738412,907896.9080032539,1763572.7465143232,791544.5779700965,671505.5033912599,648664.9218085265
2018-09-05,1603061.4005950768,1228811.1083850618,885570.547457309,1746715.119752496,754583.7879200724,644491.933429567,629026.019124326
2018-09-06,1598862.9321176964,1213181.696307234,877715.5344204301,1737788.7318228253,754123.6375175058,619230.8580664766,615577.8115748782
2018-09-07,1592820.7836573776,1210387.1979627106,876370.19394289,1732392.273390483,753749.4373973861,618775.5211422078,612435.0745782463
2018-09-10,1604081.59889556,1218610.3822128242,885877.9927746688,1767717.0021842644,754852.8101517451,629813.5571923712,616262.0048781213
2018-09-11,1613952.786900541,1222370.8989335531,890687.335616008,1780102.06375,770060.7539232263,627518.9695916462,616764.1920883113
2018-09-12,1614195.6505635432,1220613.6156478957,889954.8548747047,1803639.6289348535,780879.2724342322,623552.163793263,619793.8152353355
2018-09-13,1609487.5856876378,1217352.4960239707,891597.228367502,1784609.1043367924,780741.0270911248,636747.4812555296,631570.7481460688
2018-09-14,1605823.9064373218,1218620.0648600776,892281.714483869,1815080.493920283,773653.6230325339,647689.5301013726,639164.8836916088
2018-09-17,1579154.2551999614,1194613.5866708134,872965.8608699726,1792309.7211017795,745718.5477362938,636511.5929752967,629463.2132847782
2018-09-18,1600140.5578038758,1213312.864939173,886100.6036534763,1799425.809456437,765966.6794380161,650674.6686047115,644358.8934399115
2018-09-19,1586293.3948564609,1205195.000477764,868380.5405345403,1785282.9799515936,722406.3721935576,628955.1965404585,631653.1744077507
2018-09-20,1596513.3903457487,1210689.0708564245,873985.408127486,1782109.9849539297,729881.2887809875,635855.4711867425,640510.4061350437
2018-09-21,1600352.6822192166,1208750.9213447096,870249.103886155,1781958.5770174207,718904.618920138,630043.9643565546,638117.7655555488
2018-09-24,1609963.4784670458,1209162.7989226948,868601.506483445,1793402.9074285734,714721.1663669824,635800.1140537908,639556.2415496842
2018-09-25,1618051.6152681164,1210654.9179123442,872461.0629314501,1791212.3868349278,721203.5700114167,643183.82285213,644677.8560080864
2018-09-26,1611240.93376331,1209952.0263826624,873246.906456386,1799531.061359545,719543.8692656312,639610.4631987914,642893.9784170623
2018-09-27,1618629.745002122,1210420.2462459162,874090.0156590255,1801127.988466648,718233.1230788385,649096.1028272324,648242.2073639701
2018-09-28,1620168.0154680512,1211885.1859267668,873238.5661784557,1785619.6482046843,721575.4450550493,647477.1803140949,650644.472596906
2018-10-01,1605664.1924364201,1209916.4730590228,871550.9902290002,1784741.267263847,722873.8551330249,658422.0737930052,658225.0972631942
2018-10-02,1587757.0800010127,1188376.6098086669,854826.1726008465,1751246.8788523832,711438.4169126864,641773.7375453492,649834.5324566332
2018-10-03,1582233.1607171118,1190991.4755725039,859412.4526370653,1750119.0998976792,717677.3978512764,641708.6156979435,650766.3975095176
2018-10-04,1556271.522039808,1167284.120300644,841276.9222144195,1739653.6729659985,699377.2902300379,616595.2642587749,628425.5085375954
2018-10-05,1548417.0223549155,1160910.6271149076,835817.8881529358,1732792.7483789679,692576.527115494,608104.2239135278,615344.4052975267
2018-10-08,1530154.7716736165,1148562.166285377,828202.9727431561,1730615.1688671096,676875.4161548882,591250.3074163067,602198.7336962078
2018-10-09,1523715.2504916922,1142163.287277789,824375.3901295718,1736872.4621025422,672164.7179987777,592831.3400771657,606663.1529741678
2018-10-10,1467127.3692314078,1102299.1417382602,783110.3643747512,1691014.252523104,624094.7402438015,531915.6577341957,552410.5213446828
2018-10-11,1451258.4281412216,1087722.0083754056,769553.2045995089,1691317.831312707,604199.6629883721,528742.4343786503,545114.1984224671
2018-10-12,1477877.7220065002,1113847.8747871232,791829.8513810112,1711642.9263295936,627208.4415153682,561034.6544024091,579385.9814138178
2018-10-15,1470232.2023237036,1105999.496807271,781292.5620689483,1711782.8547166914,621253.9640757187,538300.0391121298,559957.3717377968
2018-10-16,1474951.7641533685,1119235.299592166,800889.7284634624,1738369.175658591,619709.810288697,577303.1139361601,592326.2554406455
2018-10-17,1477764.0985623263,1117504.3112452612,792781.9046464345,1714937.8688392139,623122.3510814725,570916.4865647259,591070.0363637055
2018-10-18,1457910.0179131667,1101927.6318370006,780906.6228558281,1709053.9675415414,606880.2763210874,553030.1747676583,574743.4724739676
2018-10-19,1446237.7164745475,1090935.513837247,764827.9155603457,1685121.8198132871,600968.9770407024,537544.0965344458,566279.4851811393
2018-10-22,1431057.7401902375,1090577.5141896852,770864.7370651104,1705351.0273494734,617402.4300786739,544594.201705462,570904.4184148508
2018-10-23,1427770.0684243697,1084760.4468194242,762734.8365532035,1701757.6137035997,605478.4623983103,527332.7291883908,555676.6456013122
2018-10-24,1368065.0678084835,1032175.6593288876,716815.1240163987,1642258.5659894482,560020.6592448876,486694.2762793789,518688.2618210451
2018-10-25,1362131.4887801404,1021475.4607648947,723320.3857420259,1585726.5493827115,596330.1360144697,519154.2723556431,551201.5140648239
2018-10-26,1327104.8001542643,991287.1259088888,704427.1311290408,1566035.4104810292,561847.5296376108,505515.984812879,532650.0392029006
2018-10-29,1306562.061118348,980738.2125919437,697868.5520346847,1552260.3432838242,548240.4355581815,493039.948097483,520634.2772445913
2018-10-30,1316057.3788682055,1002253.4719338443,718969.1716038017,1562814.4900305527,575471.5004719822,515154.37090604415,536676.8613454715
2018-10-31,1338728.6760249306,1012102.3979391991,730046.6241379615,1566089.7259080692,598187.4744832858,528335.2422741852,555150.1387388543
2018-11-01,1379999.708985539,1042606.8035699673,750763.076559657,1597515.4277000702,619968.963049435,538353.0776308157,562056.7611916877
2018-11-02,1347677.4791214305,1027559.1151922295,745852.4709575386,1573950.971284481,590638.1866131757,522527.2609149823,554850.3096756159
2018-11-05,1350376.4960256943,1038822.3321926104,751783.320687373,1577143.1977599326,597185.5685504789,528029.0169392952,561537.860958035
2018-11-06,1345734.0937029526,1038101.0513115416,743908.3374008267,1591556.8326161474,599652.0180935804,524984.7576812751,562494.6319364848
2018-11-07,1386681.2269606777,1073224.234641608,779578.2880189848,1627214.7532857736,644616.873535138,561473.8525340746,596402.0820622476
2018-11-08,1372733.135083064,1066938.3542652596,778329.1116585467,1631174.728717116,645673.3759637997,549605.3047508721,590421.2183554536
2018-11-09,1351747.860699818,1047473.6849769244,759380.8326618789,1614915.8621866442,626175.5660611849,537526.0848123208,578414.7497793515
2018-11-12,1331146.165815984,1020812.3121615206,732254.0201738765,1575482.7688495726,599697.8644917908,510884.1407436964,551921.7026166358
2018-11-13,1357752.0361792506,1030151.1454392374,738652.8884626062,1607308.9351449753,595353.2199479048,510735.08186168317,551822.7392533661
2018-11-14,1356581.604494769,1012314.6712868563,727615.5000572345,1607355.6513328617,585470.6205089506,502437.5275658244,543966.328508703
2018-11-15,1367101.3887247243,1001110.3799356333,725015.1855650138,1609928.8995951752,563640.7116355567,508274.76167717145,553465.0180573681
2018-11-16,1358808.4792816404,1002597.9857792831,727070.9034654003,1609987.8454529783,571674.8842272189,514311.556394217,555387.132113077
2018-11-19,1308513.7007616304,962357.9271154316,692523.7391261724,1580260.083112881,522461.0185137827,492681.89358207583,526242.8823614432
2018-11-20,1297895.7951638196,929132.1282789089,664422.4694379362,1567049.7514976193,506060.43274056405,473015.1123445759,509562.81769504567
2018-11-21,1297049.4627332753,933527.1206192643,673608.856232769,1562643.523529498,506039.63912906375,469958.1203492848,511388.96824662253
2018-11-23,1302488.7321401953,927177.32236393,670746.7193166226,1572335.7686727536,512626.5473762866,462029.9182336724,503552.7225023896
2018-11-26,1320293.6308819556,948153.8653493362,686739.559112987,1586042.2925868079,529617.5652462214,468133.3230263109,518139.72673312627
2018-11-27,1338315.5837025428,966132.5840139069,698541.4588719582,1603187.3182059305,541791.7862495966,475550.42351016926,523802.4649483341
2018-11-28,1368634.7386420383,995436.009942744,728434.4011429597,1616737.9488273622,569850.139460047,508227.6317538698,554293.9575111308
2018-11-29,1373545.8415807902,991175.3603903996,725484.0116423896,1621251.523357726,569100.3264997316,516549.8429677468,557523.203688095
2018-11-30,1370109.190929091,994412.4062134416,727718.8101702504,1624022.4452121567,572777.071501679,524898.5168743324,569670.4380344155
2018-12-03,1403299.1952407823,1018581.4263487522,747275.8601460665,1652800.8257212902,601266.3721309878,542908.7945392479,583278.5516947453
2018-12-04,1357444.9495816275,972826.476432151,709952.2194682687,1619918.3683237876,561134.2084848774,511692.3603122989,554952.9482977386
2018-12-06,1365531.3433535253,978570.9631494484,712440.3236158236,1623456.5514024075,561186.9004805312,498662.3633609976,554181.5619261467
2018-12-07,1308644.8787658485,934881.9367890048,675501.7455518263,1580473.7878527509,512152.38922805275,475731.0161709996,527078.9441833067
2018-12-10,1321304.5973768514,946853.6654865498,681565.1129777547,1594476.3072204618,525199.0964013266,477429.73860746314,535892.1192737141
2018-12-11,1316697.6066015365,941281.7169510579,679625.1533123603,1596192.3351459387,521788.39460792707,474111.1428359228,533435.0788005278
2018-12-12,1333106.3831963628,955374.2628155479,687140.7184651041,1606750.5178848777,532953.8791632343,479056.13688018685,539429.4869520124
2018-12-13,1327222.9692830686,943032.9686625947,674549.1630759265,1600293.9533811912,525147.481703541,482662.12175622716,542264.9007571533
2018-12-14,1300332.5737185362,924396.6570020856,655965.5624104878,1582695.1507084768,502380.2470831586,452737.7017701965,511583.36609202606
2018-12-17,1263763.1480491164,894892.1126740255,626222.6559797233,1540582.020087227,465215.82132829935,432002.92206180404,490821.99455354805
2018-12-18,1283380.2586380998,911762.6412756382,638171.9218702991,1547513.2557715501,478096.002211652,434257.9926069863,492216.04312944546
2018-12-19,1260619.2716011286,889879.8246040104,616680.5907373745,1531651.6863802893,456578.7203563298,425828.66930260847,484558.85516352265
2018-12-20,1246351.3723202578,870542.7553878136,593737.356638136,1521588.6680001505,441936.3816572101,410273.8824698939,469700.1652980271
2018-12-21,1214385.5245770225,843648.0943409585,569658.6874929352,1498035.9842383715,417754.8885213771,402616.64682439744,453161.560954118
2018-12-24,1193543.478114758,819406.4783765787,545639.6729990981,1471048.4074295682,391539.24688074697,373052.32229559746,430674.29940267943
2018-12-26,1242944.5732275927,863355.9400371175,595223.7750283421,1508775.9449911045,427234.2833693566,415518.98875682335,481742.6438797029
2018-12-27,1245621.6991712681,870123.1298044659,602342.4153936316,1519353.184693545,435826.2160240139,433430.3090862892,497000.8072310149
2018-12-28,1253469.701736529,870744.361390244,600972.1080434622,1522037.6076125896,436037.7120278536,439150.25063316745,496896.6969811973
2018-12-31,1272243.2848499557,883047.4321958313,615458.9202611808,1531702.7205321537,444962.29406325694,454316.7737756461,511792.4873244818
2019-01-02,1279675.48312845,881086.344123887,611559.9958923406,1516065.251490768,433849.25495674834,437882.2091412606,500971.9318543205
2019-01-03,1247194.1291644643,858556.9340653209,589523.6239285739,1497085.3866928422,431327.32282866584,409287.0013616003,470331.2886594185
2019-01-04,1290333.201956213,892999.9982371689,627626.7982779584,1519402.4233802427,446349.0168695128,439542.53777452966,504581.449538359
2019-01-07,1334025.5430596794,914981.9944746998,646850.9503681017,1526512.338386629,436903.57768860104,440371.30880016525,512366.7759539639
2019-01-08,1351138.7697099412,932977.3061855598,657456.6493376931,1534610.5492575516,444429.5054502241,451402.88915991905,525005.0873997704
2019-01-09,1356979.1454081987,936354.5910854468,663280.0666305979,1540855.8391640857,448929.71497699374,453429.3100274999,528680.9890451992
2019-01-10,1359505.2691475768,941418.9669515528,666374.2075660208,1546545.9360798923,450876.81761113286,452824.3615908869,529122.1990680906
2019-01-11,1350064.3839940436,936298.498335507,666386.7334698688,1543735.0280153148,441385.3206027192,451797.23608957697,530193.2098836203
2019-01-14,1345361.150209221,926063.2849894243,656388.1140454621,1537541.46907253,430428.92742690066,441456.4263114948,519944.6057113804
2019-01-15,1363019.2141284267,944059.7465772043,675583.2581303993,1552135.3582213675,444762.98851923214,464902.8127045096,540686.9224370744
2019-01-16,1360298.5419053852,940873.2006735295,675364.4366478885,1550156.8746755363,450988.4810351959,465795.99111728574,540771.1126762534
2019-01-17,1381775.5793208356,955229.442064676,688939.632595914,1560431.058646398,464970.91796900984,475759.06151424703,550724.7232080655
2019-01-18,1389873.3867878066,956473.0990894838,688339.8150458108,1558966.9225031547,466095.0817253375,480152.8429398202,559791.2658680129
2019-01-22,1365543.6406113822,941617.7166526535,675823.0902824758,1551865.432802252,463390.31860218087,476301.6025762672,558229.5962615301
2019-01-23,1375918.8194360547,947205.7545417146,679960.9083596164,1558073.7592440355,471167.81580443075,480385.4063231422,559173.6406316772
2019-01-24,1373661.1448119914,945392.1480343834,679555.409758529,1526932.361883158,449495.67543857166,466289.9257159928,550421.7031177545
2019-01-25,1380670.5772063385,953893.2373512061,684167.6150276161,1521935.0020691191,442001.6813243605,469292.7772155788,551400.747621036
2019-01-28,1359483.754683483,942209.418337006,676801.4779378382,1516983.0477049167,438401.39745674725,465170.9050064803,541501.9558900853
2019-01-29,1345569.521941871,936711.9507915397,673635.3731509803,1514716.7466785135,447758.96135087096,479057.04411484173,548906.3246307676
2019-01-30,1393976.8213393474,966108.5574515392,691287.7250515391,1519499.9769254986,456311.60921538685,486493.8001463398,560057.1032501046
2019-01-31,1416835.8190216944,978189.631993605,701933.5326062569,1532387.0867395005,468588.742560835,501599.2461402815,576213.8833927951
2019-02-01,1423844.0279405925,982719.1426452744,704361.5781511237,1533021.721710809,462796.8520423386,505012.893764447,578064.2725140363
2019-02-04,1423057.4401865038,984689.6790692036,708435.2262903051,1543893.715238973,462608.55146061635,504092.00963377673,578787.7138837344
2019-02-05,1430826.709798933,992024.2572346767,709596.4375583215,1530223.0529108068,468909.17857284314,507557.79116327723,581555.6460187427
2019-02-06,1424250.1889687625,984836.3828499769,708657.1455666105,1536507.2357166766,469259.6715090799,509450.50433205016,582995.0446716229
2019-02-07,1417375.8900447988,982881.5350621532,713981.764900582,1541935.5519607326,482316.6611037461,508326.52660287236,579103.4881782463
2019-02-08,1431468.7660682995,993466.4851760688,721143.5406707703,1553203.8368356174,485498.87847955304,514468.23009102227,587549.1228556869
2019-02-11,1436885.7857421883,997501.4298018506,727111.1746830535,1559416.6843385955,487733.67333034007,509629.1883599965,583786.7748213405
2019-02-12,1445103.3067298473,1016161.2343892632,739471.8460168269,1560415.0031419639,490246.9602092256,522646.18975001085,595453.7473703482
2019-02-13,1432156.2131021067,1005625.1075405676,735183.3502949968,1567040.2640615625,492370.0135187771,524247.8814000967,594779.9772094219
2019-02-14,1438405.4844032591,1010933.2716070274,739434.5962350238,1565998.2262628553,493246.9795378715,533260.3800469663,597747.1065751846
2019-02-15,1440446.9285829586,1005845.5775848058,741454.2600986155,1566879.9833154574,498159.7400141545,544308.7543190968,605613.1636584454
2019-02-19,1443059.4751346484,1006727.3211091243,741324.4007906468,1564917.3256838282,498700.8017273194,542591.794654945,605529.6893786048
2019-02-20,1441165.4777704403,1004164.5606026107,738679.0513994502,1565888.1000007172,494683.37361065985,540833.1189226065,603941.0634663985
2019-02-21,1446042.4509272422,1006487.9745356683,740485.4778024878,1571746.9770009427,501817.47126105666,542910.5152592972,603446.5207679104
2019-02-22,1452880.5767363743,1015499.301525149,750211.199841877,1571328.3828560528,508128.7150515729,554282.6556043804,618830.4131429024
2019-02-25,1450327.8094896113,1012217.3367226555,742990.4218303764,1566201.0862908836,501847.5404385739,549457.9189333043,611972.1156362353
2019-02-26,1445629.4211532592,1014563.4139899282,744919.0421327587,1563235.5462232023,500680.5008517475,552020.3131873001,615142.8799895964
2019-02-27,1437855.1693736082,1008587.7102304252,743086.9010815582,1554843.0301666602,497873.5153894106,548726.075483818,617535.9214054402
2019-02-28,1445933.099793266,1013703.9138227914,747994.5733365488,1564705.957625237,506076.60983964376,553893.2416237744,620911.562853996
2019-03-01,1458358.0839396683,1022630.02602523,754860.2353614469,1568126.9038621874,516726.22370112577,562422.618154245,629636.3202285183
2019-03-04,1449069.9180235877,1010578.8468622335,743510.6815452765,1566097.409369887,508116.3753055268,546340.3528601644,617833.1426475599
2019-03-05,1454599.7857892443,1013424.4744383655,744349.1066855139,1569203.966965189,515057.2447489751,545388.3659171271,617081.5159194293
2019-03-06,1441775.3161582798,1005507.9920074401,736324.110632304,1561957.7206611675,509111.14061231934,528541.1084415925,606643.056396484
2019-03-07,1437556.6719029543,1000156.8519533423,730951.9263529249,1551514.4564937444,508040.4999233522,522204.6937349879,601067.7263789282
2019-03-08,1441225.1096895519,998242.8941129004,729559.2175982385,1548754.1541762927,509220.63245618506,517095.3997399826,595119.8287325316
2019-03-11,1448914.479842194,1009955.651391168,742344.9301016984,1559335.2656126185,514228.0783574645,521356.82204574515,607031.2875340687
2019-03-12,1465238.398563538,1019158.2967131534,748334.4959997657,1567132.1358140567,524123.86755260243,529008.0007983112,613088.8661744717
2019-03-13,1468204.1929693178,1021113.8774231903,753178.2835401292,1573259.991686152,526766.9814608259,535729.1090783007,620788.2648635937
2019-03-14,1458278.8743989991,1019413.9645308893,752484.82191655,1565338.8556344185,522671.8852794577,536333.2615457291,621428.9957075799
2019-03-15,1464378.294146816,1021168.3131946726,758518.2456932085,1599083.8258057765,524210.61240038706,540201.8998665609,620756.1525100166
2019-03-18,1470492.724459494,1026178.4141506811,762580.4759871819,1601551.3934403975,519442.31125899724,533173.6995668012,618131.607109754
2019-03-19,1499000.1738481224,1038718.9303809584,770334.4611199197,1600884.9326357923,515618.9360785211,533464.9740424261,614153.1713240144
2019-03-20,1499739.7556984443,1039192.6867664554,768830.3831284087,1602108.3865972396,522084.4966489019,533508.5147048857,613252.6712690534
2019-03-21,1531380.2128289882,1065879.845720346,791399.4673393348,1618398.27431656,538754.8426457617,541644.0418735386,623249.8961816226
2019-03-22,1512490.7873776753,1048476.6646175082,771499.8409736013,1608522.6290146196,535470.4484652538,530836.9752411281,602986.4758815332
2019-03-25,1518280.3256088933,1056400.3533226235,778730.7643015111,1614538.8588356492,543442.7983123285,537214.8040533304,609087.8920625852
2019-03-26,1525349.7024806493,1062345.6363683448,782540.7521127719,1626292.630059512,551430.5492014427,546422.6823946609,619165.3340024144
2019-03-27,1515643.2020284615,1053791.9155116172,775806.3218521564,1619103.1591670215,541337.3469764792,541369.0317370099,615716.6453325836
2019-03-28,1518277.8964603462,1056995.1785673513,780776.986386579,1623700.2642714009,543431.029673262,551089.4338892018,624336.5393963256
2019-03-29,1531282.6508123612,1065825.6352711227,788473.5689057496,1625988.2807880726,542962.0874823921,558329.7212138289,629754.2710278012
2019-04-01,1533568.7430699295,1069935.119298626,794800.4646994531,1624217.6734161763,536652.8700572901,569304.6622503705,641357.9925504003
2019-04-02,1537304.467562013,1072138.1747711739,796803.8196948447,1625435.3352985226,538844.9124023841,567410.4074227235,637826.4532611755
2019-04-03,1556000.5567829788,1084705.6588689568,803758.8887321514,1619718.6871429668,532981.4730620123,561488.7730839055,633894.0273268386
2019-04-04,1556291.1698915919,1077861.3050342633,801031.5804555275,1614474.9146794428,524479.4746118846,551934.1109232052,626282.618748443
2019-04-05,1565527.351813613,1084442.3798442516,807163.9801539478,1625945.4406084903,529784.900270086,554490.1010909455,628931.2745191887
2019-04-08,1562061.0890845975,1084029.8740210957,806208.0617441474,1621940.2634726677,523160.1764697196,556428.7591354944,630671.1133046958
2019-04-09,1549513.694996032,1076686.456670651,798251.47566076,1616018.112741975,522054.558640522,554057.9971729254,625291.799647129
2019-04-10,1557050.2577233203,1086191.1196025212,808490.7458694035,1622521.9426140992,524970.9765850891,555569.4568084972,628839.3540667894
2019-04-11,1554069.7033409276,1084321.2984721116,807791.8016876635,1618608.7141181072,518481.07278344024,549930.9269277988,625756.2751211912
2019-04-12,1555000.0990764897,1085852.1185798608,807920.561669216,1621289.0167422264,513064.90410459175,550028.671877558,630913.4137067593
2019-04-15,1553428.5029816092,1090278.8898595553,810036.9871562985,1617477.9419071514,513414.0972702286,547635.15605649,628711.3774038847
2019-04-16,1548823.0817306184,1082150.737480271,795311.791038898,1606291.8288435051,488764.3448163336,527911.095445141,618991.2230626065
2019-04-17,1529461.327045301,1062725.6714601484,777683.8229347296,1593946.7469307093,464611.1487677053,512372.7271673862,612498.0237710426
2019-04-18,1530667.1072672892,1059628.3023281724,779756.06007878,1595963.6240419499,465015.4999149952,509977.20740915096,617265.7503260423
2019-04-22,1530261.493967336,1056967.322455043,777845.2000366492,1598887.0698373562,460658.597086456,515132.40922210354,620657.773022678
2019-04-23,1536057.0945913054,1068859.4097005203,790072.2016933247,1617454.5270486975,468648.74835937493,530349.5575633746,629258.289024435
2019-04-24,1542104.060013945,1074363.5085599907,793803.116638212,1617842.7088506934,470929.50941943843,531900.1694023944,632124.0714832383
2019-04-25,1519257.3927593073,1056551.0501977592,786105.2310407627,1596076.528073045,452283.1201360062,539248.8170445311,635006.9061426434
2019-04-26,1521624.4153360617,1055893.8369163445,789213.9673477206,1597029.6176804444,451593.2187362471,537099.321234158,639616.9205452963
2019-04-29,1515501.8464704587,1049984.4671023788,781493.5044825075,1596569.1919866668,444134.634043291,530918.5151288457,633975.7346258784
2019-04-30,1516420.399314092,1051470.9858539056,786558.0497050696,1611112.7711414685,445907.739513952,540787.1043051161,641480.6496373641
2019-05-01,1509265.8338110745,1040140.5126251135,770707.5875464649,1598583.0271849863,442175.03578065365,532503.0469502106,625484.3579429946
2019-05-02,1532465.538778033,1059368.2683290474,782605.4556567776,1612773.9208228276,456387.6389695055,536798.7752255293,628798.8424911143
2019-05-03,1526173.225063807,1056571.0676459689,781647.6151589623,1625239.763804398,449235.8542765985,537589.340545949,634211.7206416541
2019-05-06,1521444.9377198187,1051567.3262335716,777995.4188857923,1631032.8359348262,448922.6452808028,535651.9276478309,629571.8595364385
2019-05-07,1503710.9631456153,1033858.6466278646,758163.483725401,1612926.2733366264,433494.42151621764,516948.1470581448,611828.7958385892
2019-05-08,1507545.0411564868,1033202.5274750555,759004.5352085347,1615294.2954114815,427964.0680999662,519751.4135438302,614510.7719638522
2019-05-09,1505957.6377187,1034010.0074280724,760255.9690901983,1609744.688307923,427102.4602399508,518645.46646689984,614494.1949079051
2019-05-10,1510148.2004478176,1036586.8761336561,765516.1132389151,1608979.9256126331,427352.97795131296,524912.3341966971,622933.6577939363
2019-05-13,1480890.0114895839,1008801.6549173087,743590.5736677314,1570854.984206182,408929.71810978017,511633.49871962477,605199.7012267329
2019-05-14,1495093.652395456,1020468.2384026059,754807.3607055581,1584375.5821837706,414988.54729674384,519124.1122810982,615547.0638594847
2019-05-15,1496532.4337567976,1022387.4528203924,759766.7789756565,1590660.8604214084,416141.4973339459,526114.9285571352,619197.2510514619
2019-05-16,1503726.708217769,1031897.2972349252,769995.6814100107,1602109.3085088306,421707.92012302234,538768.4130123596,632913.8208657994
2019-05-17,1500924.5517356086,1024878.8213593591,763960.5112233091,1588192.9572198202,422279.60268631886,532880.1623122079,626118.4232536729
2019-05-20,1473022.6586454394,1004908.4289181137,749440.4115307672,1532774.636009889,399062.48326070094,515778.33726011013,612020.3209763501
2019-05-21,1493920.1859686899,1020698.6027943941,761051.1566944447,1543511.7425089837,410292.2667604431,517785.2086240344,617293.8539716167
2019-05-22,1496634.2273923624,1024137.7930972768,759887.6525437832,1517913.713233091,417143.82364450337,502679.4853501012,598710.2362269014
2019-05-23,1473766.0501381413,1001089.5392046495,744574.0251651023,1494122.290704504,415030.1963289721,495826.627944407,587419.2430427148
2019-05-24,1477528.4864040355,1002220.7909135389,741792.3239077928,1488245.607338485,417554.24577888404,490621.32624719,591099.9347162006
2019-05-28,1489332.9100808902,1007988.1011516745,741127.8546757643,1485974.6707739397,406991.9002724576,485628.68747245177,582205.4354750973
2019-05-29,1470697.519451025,996275.9382022232,731483.5165464596,1481280.7539429346,396870.27458862006,481182.8564340618,577371.3641873673
2019-05-30,1498202.4992868183,1017112.8554188763,746695.2699315376,1508412.0867090044,429894.0531961181,491923.9384713687,583762.2464277319
2019-05-31,1469459.0407457934,995112.3498414471,735138.5822663985,1490239.3678717038,413828.21936040197,489140.57452371105,578197.846704894
2019-06-03,1467962.1844440706,989000.4335959003,732022.4891835493,1479878.2210535943,420116.01644174516,484849.2495717619,574665.3663639425
2019-06-04,1496303.4115220485,1011402.9200507439,748859.8824743332,1514611.0637623866,427531.3592884974,496668.56545418146,590990.8662754903
2019-06-05,1511488.1004554017,1024907.1098719285,762821.1983124149,1527198.0296475715,450097.66650439444,505867.3335370438,600476.2703904093
2019-06-06,1538043.921706002,1040632.7115375088,775945.8685094932,1538833.1492511502,459856.3244103679,511037.8607784447,606165.2329441519
2019-06-07,1550471.9976002274,1051969.2881006289,783829.0476141099,1553374.890646583,469786.8840142143,521549.15177958325,616914.1304266213
2019-06-10,1559668.5900149178,1061573.0383782107,785862.682325572,1570145.7686289279,468266.22146278125,518675.59369661787,615266.3894953146
2019-06-11,1555209.0091637068,1060116.4074217766,784281.3664736999,1573539.3302615671,466982.44077987986,515994.4258016418,612514.2148569076
2019-06-12,1560250.5915266543,1066119.9851718615,790180.2426133998,1570567.1692122663,474309.80886649183,520012.6770345492,615965.5128211775
2019-06-13,1556598.7630568547,1062323.5890000612,788799.2750206799,1570186.7166383024,477152.6313577032,516951.0597213871,617382.802254795
2019-06-14,1546284.7788356727,1058468.6941032775,787024.9877938938,1553676.3169876006,479241.3571974713,517347.7817579015,619650.7158088512
2019-06-17,1535167.4942068863,1050430.6230966565,781140.9981382297,1550139.4057515063,481851.7054933357,525365.462010423,623186.8750463725
2019-06-18,1549400.237306701,1063611.4707449062,790847.1488323124,1577755.3295607462,484600.16637703177,531109.3430718333,627873.2721965447
2019-06-19,1555499.803423629,1068966.8032322181,798085.8148301512,1588120.923408103,488762.91193111334,537062.2244529595,633607.5566460092
2019-06-20,1557409.4390049924,1071047.4778928028,803745.8584218066,1599744.3789900197,498081.0982584562,546681.0763505738,645903.0663564636
2019-06-21,1540278.51600283,1058028.2900578806,794823.9468496196,1584108.0707113883,486196.55645324633,538207.3069042318,637283.486458878
2019-06-24,1538542.6257615811,1058765.3651032725,792835.9440402037,1581459.662719119,488906.6055061012,535494.9434878168,636543.9305990704
2019-06-25,1536007.300523871,1053928.4378854705,786768.43972944,1579338.5129869594,482947.3605013449,530881.4832983211,628299.8992009512
2019-06-26,1534445.6400645457,1040780.1472307709,772883.6084272328,1570874.0831598453,460768.03872055403,514145.8598239866,616217.4430608548
2019-06-27,1545920.0313605464,1048235.0220439355,778064.0287007384,1575117.9094079814,463200.63622885774,515555.6118804745,615937.9248117807
2019-06-28,1548069.7977968655,1048610.7682592692,781472.0567955477,1592137.522886033,462917.47713846277,519501.57924874313,618158.4339447136
2019-07-01,1554203.3953365127,1053635.404915984,787559.5377086238,1563805.1813873008,465284.22790565935,525721.6123832208,624580.2196267035
2019-07-02,1562096.7898560672,1062037.666306342,797378.9531961933,1565809.8368073578,475962.95374894014,534929.3984515248,633937.1981513368
2019-07-03,1577678.7967934534,1079326.8823381255,811350.1761172145,1571913.808998839,493040.2226120648,551746.1922929784,648895.4485431047
2019-07-05,1581697.3170607283,1079439.586167855,809337.2494814023,1567760.3580790048,490781.11659582326,544660.0455818739,642888.1060133412
2019-07-08,1587347.197027906,1082500.1490499289,811160.1964625788,1559219.416113562,492066.20898189046,541080.2345455419,636271.7232750022
2019-07-09,1591243.506798287,1084156.0917830642,813082.0849942969,1556767.4016723281,492275.96153170307,542176.4156358222,639157.0010004573
2019-07-10,1597859.7866421805,1088769.6350503534,817717.0675219329,1562236.5666144227,494930.5406693561,549653.6548028608,647419.7403691496
2019-07-11,1593170.945678546,1085570.3135809342,813643.9468164144,1555089.7801576832,492305.8774528971,545503.5811879402,642742.4699316656
2019-07-12,1603629.223349329,1092358.2581890693,818034.7028484384,1567009.334793798,493579.46355104854,549823.9710746714,643516.9551006781
2019-07-15,1619376.8260461478,1102467.7411882186,823152.5383962387,1565224.8378052632,498619.8009874655,551730.6890286014,647709.2377941008
2019-07-16,1616101.068860571,1102959.675414894,823516.0440523798,1565870.315186492,500989.65955918084,553974.8851957918,647755.4089384947
2019-07-17,1609097.9248892777,1101618.693476084,816900.9683271317,1561427.568436846,505850.4522764443,535284.7162037501,635654.6358294685
2019-07-18,1611781.1804139405,1106440.0678254345,823204.7624176878,1566897.2149994373,512284.2559017614,545711.7992024028,646259.5075598082
2019-07-19,1600343.054996478,1094852.6871152278,809036.6793795689,1560542.9756169058,499259.88942177925,535416.5672929249,635510.437114354
2019-07-22,1605109.9819996264,1098445.8364931815,811431.1422223044,1557728.7541523054,504247.8567313171,537975.0464054948,639804.7196982191
2019-07-23,1604361.869345093,1101180.7539924022,814977.7517608978,1566738.7285704382,502342.2740274572,537028.9084656137,641968.5429714367
2019-07-24,1601639.885023333,1101400.5074704334,816001.341804639,1556997.524076367,502554.66767874645,533661.6086760485,636112.0805578084
2019-07-25,1600301.076811957,1103720.8732655826,816062.5490555313,1556565.5049934904,503284.45421576215,536035.4404514676,635291.0935413998
2019-07-26,1623227.0653575584,1116790.1612499931,826811.512766878,1557135.0854300326,526168.6625154243,554543.1136422843,645171.1567319218
2019-07-29,1619740.2982633992,1114408.2091137609,824232.3950408236,1542829.7934501055,521156.03499839903,558460.8213931586,649538.2325608223
2019-07-30,1616841.1130343766,1113029.2730039794,827503.729993275,1542239.8905502358,519668.11278470117,568036.9742522814,651147.0643501065
2019-07-31,1585785.5553325415,1096167.1433989834,813170.9077725648,1527911.9638083193,516625.9348591353,558669.1127113686,637520.4750368911
2019-08-01,1580644.5308979922,1091094.8817031682,807545.2591157153,1513579.0734081191,512482.5640304016,559039.5615385934,638908.6975886484
2019-08-02,1577862.2052291033,1088775.8922290674,802899.6756341124,1498515.3572499354,516081.09286300064,563235.2361324272,636724.9687414422
2019-08-05,1556511.5844030615,1065347.4560665113,780079.0736640195,1466274.4132565698,496170.84024975874,543609.5289082193,612996.4778635267
2019-08-06,1573699.3352051927,1083324.0385783014,796300.2355082768,1479390.0337531634,513769.4409679643,558891.7583544333,635641.4075108656
2019-08-07,1578401.3226767923,1087475.216005736,800924.387788017,1482296.9778045802,517271.3164572906,561760.6556794286,637729.5743856919
2019-08-08,1619088.1749794402,1118417.9480552473,826407.3488496154,1494852.183891718,532544.1614400208,575905.3590580703,655879.7902757825
2019-08-09,1627273.6756930428,1121954.9710013564,825134.1640119302,1484050.8390502627,535556.3674776442,577123.8767349048,653738.0472395504
2019-08-12,1609870.9458161846,1108877.6841271145,814020.5566019668,1469198.7347602518,527836.7939995856,568807.4864562554,644572.5141923816
2019-08-13,1616358.0204596394,1117721.5526909581,824606.0993808606,1477893.2854133835,535152.6669688396,579276.2932424203,654350.4531961095
2019-08-14,1586250.4816363486,1088635.8159820037,795924.0729670913,1449474.7614617452,514391.7287872215,558286.6277123969,631235.1654669016
2019-08-15,1596356.2453934061,1101083.0762310824,808620.6932305052,1447980.36554952,532310.7627667834,568920.9164641305,634162.5453821545
2019-08-16,1611386.2791821463,1112621.469920793,819602.8657360538,1459972.178223116,536289.1821694783,581181.1927830944,646341.9286990493
2019-08-19,1617882.8867153393,1122178.0880232076,835234.9519932255,1472002.344378515,543024.0143142748,612246.4805465495,666503.0824255286
2019-08-20,1610695.1619526716,1116202.6751461152,829106.3609205052,1476465.6650730516,540087.2955528521,606472.2036605007,661327.354595753
2019-08-21,1631729.1233000057,1130678.655360193,841816.8321782885,1494354.6327392377,554227.5612797504,612090.6375175425,670103.490805925
2019-08-22,1639742.2696272011,1146641.1118910215,851034.5995808482,1496963.5312246832,558033.869967758,611448.3535562041,665963.887405176
2019-08-23,1602136.0065177307,1114765.3069417481,821073.1312404459,1466788.1190616472,545502.8361167827,590509.4318618109,643341.6834417137
2019-08-26,1622027.3479694016,1130848.1217224759,836495.1779261766,1470557.7711391295,562437.0417969963,605519.540267362,659301.9272877654
2019-08-27,1620469.4913563377,1128442.7498782708,837264.8225480666,1479150.678401604,568065.5803493357,609554.3296448295,663470.0804206567
2019-08-28,1628822.7457156512,1137843.4703984016,843398.6840554449,1480133.4491551127,570846.3277042556,617324.3779668887,669261.4278784266
2019-08-29,1638495.7829231254,1143720.4075728366,853457.7016066086,1490907.986563871,564659.7096475635,623289.8520794531,676898.1830074055
2019-08-30,1575576.20162524,1111736.8805433544,835498.6581350708,1494091.8345797937,565448.1120241438,613435.4137741195,673664.4448045085
2019-09-03,1573755.8915888297,1109973.6843455879,830277.407244365,1485653.7884073572,573203.5335334748,621143.9187534678,673826.7356581036
2019-09-04,1571925.426197269,1113603.5260239632,837413.7145189601,1495094.4347866848,581697.0783967485,629946.6159419896,685270.4180423175
2019-09-05,1587168.261233205,1123906.7005785315,847733.9796219952,1525933.5183723636,576778.5761617831,629639.6123090512,691274.8559057896
2019-09-06,1581573.1115417778,1117453.0747394667,846213.663016312,1535030.0910425994,580718.6292927827,631621.2894998522,692247.8576589795
2019-09-09,1541868.390479896,1091261.9541375155,825263.4471594299,1500661.4219180606,535842.7360021896,610561.0480919163,666716.2846208855
2019-09-10,1512801.850779975,1072967.5388505957,805702.1071775879,1467769.008713258,496842.4063679881,581244.5709106487,643882.4107244662
2019-09-11,1507852.1039586791,1070427.14399739,808037.919842287,1469461.7310127201,496344.4618824135,583431.2608580453,648638.0941878203
2019-09-12,1515728.697846079,1075035.4029965855,814262.0852322053,1476559.8948930085,506775.73816631606,596839.9683521063,663301.3532652302
2019-09-13,1506098.3385645535,1070350.8403209243,806030.2410043003,1464879.1444936641,489553.6779318565,585643.1787621733,657292.4453651038
2019-09-16,1506689.6829449418,1068067.512257182,802272.3221826132,1467925.1430998114,490710.7029572564,577659.6928042965,647308.3945469303
2019-09-17,1524802.7963167122,1087772.3603131976,818786.3663359033,1491138.1498961612,512427.2098493903,587886.6889654711,657656.6896793928
2019-09-18,1520880.3840131012,1083825.4759853918,818278.5968988679,1485852.9116147433,515381.91184237204,592088.4536384866,657711.5121420155
2019-09-19,1518550.3479173752,1080170.5411621765,817925.258021599,1481366.1885481768,514324.13812769833,602623.7762734091,664089.2479297474
2019-09-20,1507382.4020321576,1077881.3492243234,815254.0689876488,1462891.9249022296,512535.11464471766,598431.1257654958,656627.3720990021
2019-09-23,1507784.9512373395,1076543.0030841075,816021.2169719829,1454400.2184877114,510710.0648103757,601794.2653333353,661096.17622719
2019-09-24,1504059.129023131,1073058.1267811924,814421.8449483045,1455153.206242649,511294.09297267726,602297.633923121,661579.8980548527
2019-09-25,1492421.0070363511,1068386.3132130045,813904.0547496565,1460020.1796429534,498152.2543095939,597402.4654746145,658824.3365075989
2019-09-26,1491062.5124775853,1070338.562608701,818341.3731057697,1461070.6915742515,498889.92113589833,604073.1102153931,665378.7937796372
2019-09-27,1476108.8339780753,1053212.2558387928,805676.8063034677,1448275.6924387799,480054.5906350083,595336.3025789028,655502.6905377792
2019-09-30,1487992.1764171186,1064183.07917222,812949.8885752406,1455336.4602977207,488667.138563885,600879.9198382578,660894.7496962595
2019-10-01,1476191.6734697428,1048873.8982666163,801254.0228137367,1443505.6347574692,479439.6945157151,594630.1158268474,652118.6791278397
2019-10-02,1458784.3816453489,1035604.2599501912,786845.7320833306,1427155.1491976047,465750.14093246066,574488.0275535006,635173.7518220908
2019-10-03,1476789.4185200678,1052565.1360078943,799131.8395124596,1444858.8468602435,485964.6256278701,584735.4022287237,645552.4342177178
2019-10-04,1489694.8137213392,1065444.067108521,814768.0667968626,1463112.9567062012,498607.46883111726,602053.8820081585,660005.225298162
2019-10-07,1487762.877386135,1060704.2753659883,808766.4034034685,1461773.870439613,498437.7835918221,594818.2356394158,653086.3140611055
2019-10-08,1481815.2014357017,1049943.4370245112,797362.2457936851,1452477.094014493,495204.3262377225,582849.1871407576,643375.8198941634
2019-10-09,1495518.3950124215,1063504.483569135,808123.2092523983,1463576.4536784953,504195.8296898039,590839.4863867374,651571.3315484987
2019-10-10,1501166.9989749328,1068636.2691988065,811724.4511756382,1469228.335844353,509475.94138239056,590850.7066407799,652974.0028218041
2019-10-11,1493894.194196153,1069490.4306511187,812271.6661888317,1461107.7495765614,499950.5374348405,594741.7123536112,653366.6526430065
2019-10-14,1494288.6763872593,1070287.2007669832,809258.3534762409,1461620.3250519563,501936.6496559373,590620.9053187043,649581.8403854343
2019-10-15,1488382.4267013299,1069763.0875760023,810035.7041487368,1461492.747870406,495090.100072736,585869.0002657912,646401.4438713972
2019-10-16,1476819.8262024452,1057774.5670745575,804745.3714742479,1452187.9907000097,482369.0647431486,585469.4262736596,647353.2869699108
2019-10-17,1489859.2653063796,1066372.5265815961,809257.9529762954,1457777.118802729,497522.4322271662,583398.9358929488,648102.0788732127
2019-10-18,1497332.4301535555,1071669.1008367105,811031.5023110902,1455130.235097453,504653.22286015906,584003.885019769,651595.6280087206
2019-10-21,1510339.654485777,1078513.5509652963,819225.3606778114,1454431.0818064753,511677.0758159573,587100.8704151565,652642.7451326764
2019-10-22,1484457.9800558572,1059689.0721246556,805218.5694580016,1409098.8515779066,503962.747276044,584514.5525527305,645634.7877765297
2019-10-23,1474072.5401975762,1052432.4705812938,803239.8788881294,1410548.0114291997,499367.8777950916,586138.9292463049,647328.4992841484
2019-10-24,1496935.852041839,1082836.5708272145,823279.0560760057,1411893.7120018569,499406.27172106586,589783.4177732072,651010.5060587439
2019-10-25,1490951.3419238296,1081911.5794485642,818556.0649402865,1405600.2530078315,485385.0266270456,580869.8746903078,644126.9293913675
2019-10-28,1499517.6942015477,1091699.5207687346,821585.642553912,1402507.9417328215,472871.2583635498,572344.7117050677,632521.6064370285
2019-10-29,1488037.0273497093,1082609.2629017648,819628.5485843803,1419533.0333148476,471253.17034125066,583330.2718560848,643183.8303439781
2019-10-30,1504103.1763482166,1091760.5225531803,826125.9567248053,1426266.5831784923,487466.5513232822,595316.9433289368,649101.1385394338
2019-10-31,1499307.8525641742,1083636.8981445099,819914.9360884684,1419523.9555337336,487773.93677343725,588730.4182956545,647370.6324804822
2019-11-01,1499898.707166644,1091760.1951583868,826506.0766539078,1410935.5731688964,478499.7069254789,581293.248656761,640990.6566010823
2019-11-04,1493204.9025564697,1079507.682346652,813633.0457886695,1409586.4921848697,462523.2816942913,560375.4961425236,626380.5253620669
2019-11-05,1476187.0084359106,1067817.7447447688,804397.4697235598,1399167.8649080663,446058.5371757647,555735.0480960784,616604.5592083945
2019-11-06,1482084.9458359727,1075283.1043361728,810258.1155768015,1405148.236304908,453664.50846498524,567331.3027752921,628668.10659452
2019-11-07,1475998.9196966134,1070477.8221770097,805122.2058974454,1404906.7376818864,439607.0238985505,558079.620635418,622044.476101987
2019-11-08,1478197.990538377,1071164.256941267,805799.2989749375,1412008.590650419,441911.3045077032,559893.7668067703,622370.7430654581
2019-11-11,1489610.2647396899,1081618.729542442,814304.2078936218,1416695.7855151496,442160.8043577962,559495.3216186004,622180.9795156172
2019-11-12,1494983.7925361241,1082773.1924024788,816180.8462798436,1418520.8176013774,445147.0119172503,563369.9305003671,624294.4581272912
2019-11-13,1504153.3826027708,1090964.0505858168,824604.9698577484,1421874.756005587,459889.38436584885,574415.8292778069,635404.8594479812
2019-11-14,1509096.6767372985,1100502.762458754,832283.5716692253,1430213.1300736195,463700.83581575233,581737.3124755191,642256.141178824
2019-11-15,1516513.7964849526,1104655.305930028,834874.5894468391,1432023.8579972866,468550.7528438215,582649.8723618669,649047.535979763
2019-11-18,1520573.3403582952,1111664.4124503827,839406.9383178451,1426229.2582820556,473166.8688948334,582001.0602195213,649532.9287137976
2019-11-19,1521032.4658099676,1109996.5623886874,841118.0853426197,1413861.3837594322,476793.1374573952,576322.9047164893,651145.2733189733
2019-11-20,1520127.560634144,1107291.6679042666,838245.4068038998,1446253.130490627,475004.0537634421,594188.8486230717,659200.8772198423
2019-11-21,1489883.83077234,1089286.2949830024,825360.4640797768,1431745.6364485533,471713.5295316443,579664.8519160298,649082.3717533067
2019-11-22,1480168.191420133,1083751.4016283134,821586.9163845695,1428610.2602337527,474637.9864771912,577357.7567773765,644782.1066392566
2019-11-25,1501659.232298158,1102920.341243758,835963.4394635473,1436804.7456817224,475986.7089270184,584592.1821313051,651867.1930717216
2019-11-26,1509880.3638970505,1111382.8153528958,842293.7489211982,1434449.1651100246,490763.5537461976,585635.1165045795,656849.7997601134
2019-11-27,1521665.660536694,1115885.3605174234,846047.4327605924,1442959.326933586,489055.80316191586,586113.7143407322,661314.9146180763
2019-11-29,1512783.519328028,1108591.240415886,839722.0848702629,1437068.871907329,481632.37150361435,579914.4904368629,654969.5340022797
2019-12-02,1497452.3970706256,1093643.2898518143,826460.1497598265,1419707.5241017968,474919.40013691876,566524.1041781161,642479.2478323504
2019-12-03,1485369.455702285,1083962.7732820027,819567.5352290705,1404431.2105818712,469412.6991230376,558768.9035034442,639136.6634381105
2019-12-04,1492490.624425755,1091612.3333121978,827133.65510924,1410174.153813968,473468.4723345703,568534.8391227862,644770.2268946577
2019-12-05,1486891.9334747447,1094219.0556861414,829223.9051075083,1415583.0922967356,478988.1261129507,572550.9498258136,649731.1314228701
2019-12-06,1494421.2780528972,1097541.3479394144,832072.4560496726,1425787.8437146842,480282.99557150353,580235.8005120928,656014.7248465397
2019-12-09,1484695.4107077038,1092613.2087841872,826538.0408071963,1421134.6825949594,480398.1102665937,581780.4282216834,655961.9238751952
2019-12-10,1486751.3129294147,1095543.865400179,825927.033520798,1424373.741838567,477070.60629565176,577217.1109837097,651597.3123663372
2019-12-11,1504540.237653902,1110021.5641338527,836226.785542724,1437563.6990788432,476691.37045964313,592966.7080177472,664243.7173824131
2019-12-12,1516533.4620234317,1112790.3471035245,840185.1693021265,1457663.6933906693,476249.77018129994,603753.3126373311,672958.6555540517
2019-12-13,1518691.0018686224,1117900.227149754,844535.0747084668,1457520.1455019324,478278.460381873,603933.719650582,677534.1141190298
2019-12-16,1518800.6647622979,1120631.9495970109,847755.4007389455,1463031.3650169203,482639.6474286953,604805.6712287781,680732.7123297786
2019-12-17,1527256.3011170193,1123435.2319724197,847740.8041830956,1479584.1888603293,476459.3368389764,612052.758863411,683043.1993755326
2019-12-18,1521364.726067803,1114862.3589039887,844066.4658967631,1478358.8936413368,478201.18913757696,608724.1951248299,682061.8734805847
2019-12-19,1531084.0679043683,1119286.2682003481,848141.3114844434,1487820.7246520785,477165.73424144986,616574.1305769694,693359.975173132
2019-12-20,1533806.3438221244,1133226.390335266,857377.4191005075,1498684.9332023114,484408.77367544285,620893.0586028602,702952.4383952937
2019-12-23,1536090.1482473721,1127321.673160298,852306.6872961797,1494960.979533067,478457.13579295675,622216.6480768366,703185.6038277505
2019-12-24,1542561.989096743,1131354.3895766134,855149.6988177598,1498530.4843597277,481061.84835546016,624984.8567846172,705277.9223271845
2019-12-26,1545102.3251993854,1134801.3363513332,858426.3390160754,1499376.4454321535,485885.6117673563,631758.9293384046,709538.3173275972
2019-12-27,1541569.4949648483,1132415.1154791855,855676.0616708855,1497275.1015234732,485404.3982178625,631403.3049555686,711116.4171802282
2019-12-30,1536272.3838099067,1129503.7195649284,850214.7081939477,1492873.2365287966,478311.5197196229,629375.9709373573,705638.9807656561
2019-12-31,1536278.3458524598,1132416.9878153326,853217.9179168631,1493117.1202835848,478035.115017689,631860.4689288097,707877.5753663675
2020-01-02,1556615.577698255,1146879.6515750678,866265.5413925243,1497642.2743182445,482070.63988506614,642868.6223128851,722258.3883453576
2020-01-03,1543649.2926338008,1141520.383859699,857835.7581523128,1481740.8427057147,479913.45959389926,636558.7164984926,716569.4958834623
2020-01-06,1529665.4909656548,1129370.0315940767,851425.0086114001,1471251.0336760562,484474.7265598118,634976.1785273501,718779.3508936454
2020-01-07,1535948.907439609,1135129.4261683547,853042.4441356747,1476445.383997411,485558.5453085894,642051.7846621644,722909.2725700284
2020-01-08,1536086.5125556309,1129835.1537456685,852552.202571774,1479023.3071936155,489161.5128146308,648381.575522044,727639.9712871818
2020-01-09,1542315.8433956152,1140011.5889758668,860429.9870265882,1475367.330793134,501726.7730931517,660506.0540855484,739029.2118657507
2020-01-10,1535657.1382154357,1131696.9789462762,857142.0188932552,1472554.5185714255,499766.8118308461,659877.7637341829,736888.7053560306
2020-01-13,1543394.2599585704,1138619.8226230906,867521.6493642268,1481281.9697605614,508652.19476456154,670443.6378606958,750499.711448026
2020-01-14,1546714.6185530967,1143054.731518313,867075.49519025,1491611.041209247,511635.6840508965,668061.2677596281,746736.4622789095
2020-01-15,1534008.4927563276,1144864.207412192,868167.8934412113,1475704.1132070273,509648.2709118527,658478.635075412,742875.1549278188
2020-01-16,1550041.9969593068,1159043.9779077242,880444.440493598,1487458.5301676881,520178.44276123267,664383.3843234254,751161.8240082347
2020-01-17,1555137.8409087854,1158414.4440326137,881465.6175903254,1488421.8575048055,525523.6929653906,662447.8183583528,756923.7695309403
2020-01-21,1551440.3459857835,1154813.0695253396,877074.5217835085,1484095.9708407808,527842.8605921831,651824.7911139063,755345.6043146086
2020-01-22,1558442.3459966315,1161033.5205478724,879266.4174558222,1486337.22443458,533740.5677097295,645882.8939840097,755613.6474045473
2020-01-23,1569835.599141131,1170091.8133138837,886035.7525079249,1494729.148827585,544347.9901344666,645278.780869664,753650.6555277784
2020-01-24,1545861.2287943114,1154026.5841851544,868834.4579551357,1467220.6132338357,541100.161982262,629179.6681178028,738310.2118561529
2020-01-27,1519683.425677748,1129139.8849215587,846480.1297579989,1450937.752129631,515641.00896696944,608506.765419613,720608.6468865168
2020-01-28,1541747.9613226156,1150123.4174854918,865945.191808348,1467249.4967294708,532926.2516100397,622884.9676118097,732544.4184626007
2020-01-29,1519197.351713385,1141383.3403662764,858661.9195462205,1459549.7896910433,532418.6009276131,612751.9988422869,724217.6137168054
2020-01-30,1533118.13134773,1150116.1089971105,865677.7467593825,1466844.8276029364,537170.2360791035,617135.4817191804,727417.9312809253
2020-01-31,1492761.982048507,1115913.9570660407,837900.6852308,1433618.8763676044,513035.9012494892,586068.9644214317,706182.1563666412
2020-02-03,1514089.997699377,1131463.7309789208,852625.7683047423,1447505.5086449895,520458.88430037996,595954.628407534,720231.8592307845
2020-02-04,1542485.1189380514,1160606.6575148592,874825.2441447304,1466417.30715908,542771.6569473373,618177.4527443596,740800.8542708183
2020-02-05,1545623.4013988914,1164199.0852955915,874554.5900328497,1485016.6147235788,534818.3574362225,630188.0458476841,743342.0194905663
2020-02-06,1539363.6308032267,1161829.7771339621,878461.792760576,1479898.6180991263,538619.2395782075,638499.6482682059,752965.6929255385
2020-02-07,1521021.7171159901,1147286.5840420886,866053.3834124046,1463153.0660136286,525598.8545715571,629150.0992211826,744565.0396573454
2020-02-10,1540800.2384152967,1161824.173838709,879078.8887529375,1472202.7189268572,534174.4051745274,644590.8243695357,759747.4814776042
2020-02-11,1560401.8232437999,1175176.8247487426,890219.0241174363,1483639.920913991,540005.1014016856,652878.3484375258,762121.1506868325
2020-02-12,1577747.841904207,1190424.6623287578,903312.8531322248,1498308.3742205524,548696.6819143053,668542.0775313493,771244.5460443245
2020-02-13,1583686.2873906454,1194611.838217741,907278.8952704306,1496534.2641503727,555766.6840729656,666447.4614389372,773979.6665498399
2020-02-14,1574225.3583583732,1187684.9746625863,903734.8534154146,1483883.751414189,555776.0303028321,665950.8315869144,774651.0265097045
2020-02-18,1561812.650450941,1175920.731373482,899785.5983307842,1472515.0685627148,538473.6307997103,665091.6848070606,773383.2061970414
2020-02-19,1580431.6166819602,1194012.1885636705,910900.4021742612,1482299.4828278753,549736.6260338954,681937.6340120445,787982.2268233671
2020-02-20,1561943.8406338925,1178665.4446914238,898471.3979416423,1474141.0361935585,527127.6808130261,671034.8797451128,779138.732763696
2020-02-21,1523110.2414576535,1148066.1959751693,873355.613524333,1453418.5531557645,502292.4645420694,641288.4247848804,754861.3381511081
2020-02-24,1473945.7621127043,1108252.6061891895,838805.1719916651,1404457.9744230562,479494.34455681394,595139.0785213317,719494.8708783275
2020-02-25,1441306.8061735495,1079506.1304128885,807194.4116430565,1374147.8415544943,448955.7968619155,563564.0864074321,686993.857976402
2020-02-26,1444186.6622408526,1081807.429609148,808185.0865552737,1365340.7991611627,447097.527942341,565731.7317634244,687985.2442313605
2020-02-27,1395555.7226886924,1044002.7754302993,774853.3159210575,1333949.9351388763,402108.6060761615,512697.48972880095,646027.9041541782
2020-02-28,1411044.0986141213,1058967.1909937607,780617.7291223494,1348200.4467869007,391067.496458481,528041.0981692085,649675.0013667678
2020-03-02,1448926.0360602434,1091360.0442802962,818877.3828224586,1373109.392074811,442891.1412051632,577238.0052131958,695633.3562711679
2020-03-03,1423849.7601142842,1066301.2085471498,797550.3062602063,1346275.9609116807,421511.68785344134,549934.4585440452,670995.8286462185
2020-03-04,1470090.099961212,1109970.4734361349,839485.3630004358,1384481.0458229943,465784.19021090533,593029.786990332,715928.9392240248
2020-03-05,1438442.171247269,1074144.282196682,804452.5825384532,1343294.3849829338,434653.77604441403,560349.3161424795,679953.5163967463
2020-03-06,1423849.0348350052,1048958.905620713,781233.4176903478,1323954.9007339336,416906.46056038345,544427.2723817772,664401.7636507659
2020-03-09,1352174.1278395762,976012.9512507836,711833.1763884712,1256337.4622170918,355096.8342061521,471910.0749170785,595387.0104046225
2020-03-10,1405998.3725131017,1026086.2493593817,760874.7256687433,1308866.8113907655,389309.48217441095,534744.015712593,644282.5166084148
2020-03-11,1377120.8631422552,982837.1147935169,716078.8120409851,1259427.6812674385,352425.25809233927,502145.9020009648,608720.6187157258
2020-03-12,1278098.0723725238,880793.5761423851,624486.1625055348,1160055.4938682974,273650.04592173966,411192.3570107677,530650.1607585337
2020-03-13,1361399.843798671,959129.3719775757,695588.7005467813,1236863.40877878,325542.8332557726,506605.74296278704,612210.9112265939
2020-03-16,1247107.8364523333,843522.6919031253,582064.6911544076,1109215.8242976298,239543.15191316872,379332.35044281057,495977.6630661467
2020-03-17,1292121.4719924445,898729.1783561097,633789.0290442925,1168568.800603902,300637.29048945743,428485.35317774164,529197.7222646959
2020-03-18,1232929.7824573163,828643.5929340424,567646.8707616243,1104061.0860279165,255467.25591114626,376514.3064145069,480390.0276056437
2020-03-19,1249603.7360732805,841636.8286912164,572419.1929612611,1118360.5390191106,242339.13544946015,385388.9311092186,486883.86310188164
2020-03-20,1203631.3156885004,797365.3555310103,534383.4228780641,1106823.9649228572,180441.20527966868,347710.4741972857,458344.5423089511
2020-03-23,1206270.204981385,795748.3750195308,530316.9194610441,1119821.467202532,189532.42932285572,355578.0942148455,444743.77031353
2020-03-24,1360008.0382381447,948586.3307565986,664234.0947676938,1282672.46804286,311220.94475630723,433907.5112815257,529416.787119569
2020-03-25,1399009.851038909,983599.2714091983,702830.7504751578,1284611.229078606,332949.3661613896,395261.86962267314,537444.3577961654
2020-03-26,1493933.7090009835,1056841.101359211,778955.806824527,1347966.2045362093,398609.5167674324,464108.5251287798,610216.735033699
2020-03-27,1451209.2597646804,1006979.3859888973,721664.916829799,1297750.2869431195,371548.2226567726,430215.6135835969,575933.8260622509
2020-03-30,1486478.5643948223,1036330.1326312395,751590.5384825888,1337534.3051402925,410717.2723632646,468799.5138664303,611436.3517641084
2020-03-31,1426495.9842549816,993087.3558130625,707181.8142283575,1313874.4071402578,370193.27580073714,441885.6749666194,584318.2537564655
2020-04-01,1362920.7404052909,927334.1635150911,639161.4666115744,1241134.0896342986,315770.06573958637,411844.9079556979,546296.8714159003
2020-04-02,1371734.4016643595,937900.075182324,649438.6232227389,1253851.2862381903,340000.4806014276,429222.3586868956,575649.0292587724
2020-04-03,1353812.664564387,903004.2501487571,616984.2446295174,1228852.7699721726,321721.96752401016,401638.92575394665,556656.7348238501
2020-04-06,1470230.8701947888,1017366.9765580741,725997.9580962578,1349639.0535042433,405418.1188201269,490489.21151162975,639735.0677199668
2020-04-07,1475347.6400099124,1017498.3161904847,733061.5061677698,1335258.3648593794,403566.2876508226,492831.68011826975,627670.8650631196
2020-04-08,1528445.9039581837,1075717.3935783291,786715.0328232239,1376983.9950910823,432908.0318482148,522273.481816677,661842.6683452115
2020-04-09,1533807.469872112,1100325.6741161665,804530.2148987378,1357793.942179108,450727.53638276854,515263.9640921868,673652.5933097899
2020-04-13,1517766.5218155968,1085737.1982837184,777225.7374358379,1374905.7808919726,439955.41089848336,539951.0664663232,677025.6288763095
2020-04-14,1582478.674813915,1142916.6332955612,826368.8591788546,1439934.4146237527,494665.08088488603,605615.6567259901,730308.4284086784
2020-04-15,1540174.390792467,1110109.0256570983,794965.3290401914,1422215.27589505,475180.2344434266,591465.9164822312,712270.9278821019
2020-04-16,1564873.7935688114,1114208.5998678342,803473.1446909739,1447516.5203651781,486320.9586730459,619955.2012451949,727520.2627346558
2020-04-17,1608502.8148365244,1159243.0186765061,845717.3202032883,1467361.5901391066,514620.79499325855,622492.6349492392,749128.6772517434
2020-04-20,1597935.8955669543,1147074.7924925599,832019.5490429285,1464245.1216591801,515450.2848733428,608220.0639462,735518.3624530396
2020-04-21,1552715.8557425272,1115239.625035446,807584.5397068919,1432123.66235615,484102.66191075626,573479.9505987454,702783.5069416999
2020-04-22,1574633.0310601776,1125591.8194479707,821606.4920436703,1424520.1028496171,495214.8785609461,581013.3028970037,716773.0873653211
2020-04-23,1572925.3334186855,1120157.259181592,814850.9816530895,1433843.1391929202,500121.67807906395,571991.4012993572,709499.1852133902
2020-04-24,1577333.719048784,1126584.3653917501,823039.0685190946,1443305.0524855629,506111.7656649329,580780.6891056485,724441.1633221309
2020-04-27,1582182.2980011287,1133837.9055611533,826775.1525246197,1452494.8484457682,518300.81491227157,583963.2122783434,725820.8581395489
2020-04-28,1572088.593977302,1123398.3286821807,816780.1341436149,1435295.533100239,498476.22312137345,566828.8915727354,709487.8082943258
2020-04-29,1563652.3384481133,1115737.3790276889,806398.9558796627,1430259.4637087928,490967.58059634507,564979.1368589338,709014.0662905807
2020-04-30,1549284.036469678,1106669.0353768435,795022.1922839546,1422380.5845224948,486357.31354357116,560174.1704362333,705333.3732438445
2020-05-01,1534259.2574099854,1094189.5111847108,788624.1417798349,1414574.304785278,488268.3705537241,538091.8072681548,691673.7192180306
2020-05-04,1541712.6074681827,1102347.4663778567,802082.3832256923,1421883.9007303165,490295.4530572209,557490.8135062982,710095.1397199943
2020-05-05,1568288.652791822,1119610.496316506,819435.8708305287,1455164.6806659102,519094.1966698003,572608.407891369,726090.9380883636
2020-05-06,1561130.1497268612,1112039.7657828075,807854.2903902502,1456370.8110341965,519831.02032653807,561920.4529440312,722134.4275776523
2020-05-07,1558321.1417068583,1111258.625166649,809223.5560452174,1451870.2539130594,515487.58575590997,565411.916448851,721182.3585367466
2020-05-08,1569072.1999569512,1122407.4019904716,817180.3149170246,1459487.2857941228,528947.1307986865,571580.4610681152,730239.3807463576
2020-05-11,1589985.248275758,1144993.8468887825,835000.9824790962,1481219.6765061237,546791.2253653248,600360.9351437006,759830.4814517668
2020-05-12,1568284.5817045928,1126307.7943175759,816519.52598403,1462718.633985601,533325.5320956786,571810.8102340457,738066.5282234561
2020-05-13,1567659.1810703704,1123838.8527113372,817606.3552623398,1470711.924300519,541356.3643370983,572544.9171886549,736369.3800302204
2020-05-14,1569704.458627702,1122230.1229729909,819064.0628541481,1461057.9235329793,529835.9946551735,573860.5072695322,738395.0321048541
2020-05-15,1574496.671882404,1123933.5916285068,825003.296946605,1465000.9367894563,535868.8051759299,572198.5097410763,742479.7969330035
2020-05-18,1569941.3446066421,1126328.098695254,831629.9510451746,1453624.1381215635,525233.9375429021,567212.5927832694,738188.6474621694
2020-05-19,1572133.9839332018,1124949.7804521783,824726.2128414403,1453837.210246635,525498.8539350127,571606.4268472618,733455.1441075268
2020-05-20,1578996.4823639372,1127101.6256562464,829235.7984498546,1455340.918252157,525289.0450704314,569268.763347025,735900.9976964538
2020-05-21,1555590.692414753,1113298.9648311313,815143.8913114304,1431493.7543173449,506294.8862391995,551202.5592983234,721521.1028826762
2020-05-22,1568067.292959186,1116691.7139579174,823219.7245464104,1435006.4211876679,513485.38931597327,552551.3640858926,727587.2391883985
2020-05-26,1522385.7065093338,1086979.3464796792,808705.2444405954,1390184.5765282812,476586.89498666604,522764.61582263303,699353.6938133519
2020-05-27,1503751.1526068025,1085609.9239777818,814897.4169196669,1378338.919497564,470002.34182966436,524211.2204200641,710126.7750483523
2020-05-28,1512044.154587899,1092339.81020311,820155.5186466682,1384692.7119406243,475801.08752929437,536292.6155696876,717950.0703711283
2020-05-29,1547949.5322246323,1120696.2056687595,846222.4272063766,1414216.741757583,510686.33016111393,565075.5227424505,740958.5087327559
2020-06-01,1547201.5875735828,1115694.8946450106,843494.2428614647,1417825.6604369613,511558.5140223506,556455.1117876864,736430.3058203774
2020-06-02,1546262.807971392,1115866.7089414813,841217.1352264193,1417051.410574816,510479.8245611487,557124.8210383924,733490.8386293566
2020-06-03,1526077.4148957103,1101988.184613513,839083.2140441565,1395827.8383149502,489377.20125325443,542165.7997994727,721686.7479446008
2020-06-04,1513327.3563894902,1094783.0099735742,827881.3557110709,1379689.9511341113,472351.2426352242,535775.39322841,711519.0003049262
2020-06-05,1524175.8755137222,1108852.7952792023,842169.4150017663,1389241.7636285035,479340.7406698804,535003.0343849827,717141.912887726
2020-06-08,1527712.2214764126,1112174.7043154843,840314.8386676253,1395439.7016384096,485960.66814352764,544807.0438173601,721171.7196607927
2020-06-09,1558099.099844814,1126298.1714948453,850083.9045164102,1426558.6355476722,510942.93200711714,557105.8513651327,732320.4986221772
2020-06-10,1575689.3480132085,1137145.9960882235,860272.0839746756,1436779.6006681307,525237.7878634043,564874.7864478996,742348.1406719864
2020-06-11,1522906.2347933464,1091489.1416855662,812652.6900426372,1393512.8098102396,483866.1172868654,523453.48038328945,699981.2561687155
2020-06-12,1527749.9704361707,1094704.1598060029,818478.2702604072,1391847.5186213434,480796.23460156156,522242.25325569324,702701.5956643851
2020-06-15,1556341.632436279,1111512.969709813,835385.7887979868,1418025.715249944,507943.9690764926,533637.2863979466,712750.4853387964
2020-06-16,1548442.2553342115,1113818.6316297431,846151.2676153086,1417287.4759781067,505843.1586332261,532306.5167891918,721622.8579329978
2020-06-17,1560038.2876110452,1120446.2998088996,852547.8597583359,1430061.8569649544,512261.2776003665,534523.0319106968,724299.8838865308
2020-06-18,1554982.2402158703,1116473.4131938769,847101.1696575439,1426354.7053665938,509343.54167658964,528419.506295711,715882.1988085479
2020-06-19,1580324.871707064,1137976.0665771284,866669.2960972107,1452148.708022561,530648.5265240629,555250.7964567102,742364.5736094208
2020-06-22,1590748.9211321983,1145204.9332418616,870602.4481889544,1457291.5165183204,535791.3350198222,560697.092799016,750414.2259924914
2020-06-23,1578132.0882019156,1143752.0037374068,870768.2249182863,1458183.9565560657,536683.7750575677,562555.2663974054,749153.1479247715
2020-06-24,1550067.2385938913,1123169.454817081,851241.6980003177,1437320.3970812804,515820.2155827824,539483.3747883454,726374.5748009596
2020-06-25,1562546.9821272776,1135990.5227776598,862985.712050913,1456259.9286485487,534759.7471500507,548011.3125689756,739405.1630541254
2020-06-26,1536676.6027010595,1119301.817901496,844314.8707143178,1440806.2156194823,519306.0341209844,521407.4422763539,719037.0792623654
2020-06-29,1543977.0444461245,1126674.084726265,853373.5232630246,1447583.2366250923,526083.0551265943,528496.568032395,726088.3066333799
2020-06-30,1572046.3737868674,1153036.8169736292,875803.7430782007,1475731.227763717,554231.046265219,548540.7882639258,749430.335433398
2020-07-01,1568451.807796882,1147948.125052146,871980.849776232,1466046.3090642833,544546.1275657853,539180.6319692197,741075.1922889887
2020-07-02,1575814.930865486,1156347.566221217,879953.4710904651,1478407.0820479647,556906.900549467,545972.7431018606,746027.2530417765
2020-07-06,1595694.6188027943,1178144.683779929,899645.8353283008,1497388.6284562962,575888.4469577979,557285.3907647086,761079.225706935
2020-07-07,1597660.304317445,1178910.0365506324,900971.1845921776,1505091.0207584924,583590.8392599941,562449.7679910257,756707.6529184665
2020-07-08,1623564.1670252478,1198393.497834074,911961.0225517459,1521616.4909377866,600116.3094392888,566351.4323971837,768272.2267184808
2020-07-09,1651494.7478824419,1212529.949981214,919423.0527683885,1531559.8734189314,610059.6919204335,581481.5129846543,774643.4468406804
2020-07-10,1633642.9345644086,1200178.7781059607,913135.9562447033,1517953.421131449,596453.239632951,571579.4499292539,770424.517170659
2020-07-13,1575653.135193456,1160972.0178587618,886019.2346547514,1478717.4902500818,557217.3087515838,553791.9400875827,751548.5764039638
2020-07-14,1602607.8875977118,1186070.3285471583,909666.7066021259,1508340.1051689205,586839.9236704228,577831.4101393861,768226.8346311485
2020-07-15,1595187.882388477,1185876.4228445513,912896.9040636955,1514814.2896843837,593314.1081858855,582518.4466410875,774026.9658525814
2020-07-16,1586288.6788424468,1179575.01248983,908110.0200252644,1507478.8485898045,585978.6670913065,575415.7342044868,765826.8720144541
2020-07-17,1599515.8581613165,1195147.5745707448,921551.291140574,1528545.9689338347,607245.7874353364,581124.2608338601,770349.1325612519
2020-07-20,1621897.4522549368,1218506.171307658,943193.9633262835,1564238.0842190539,629627.3815289572,605647.5580410339,785869.9465718493
2020-07-21,1608744.68536977,1212003.7034134308,935513.9604134221,1545398.45694299,616474.6146437902,585107.0289549688,770019.1524552694
2020-07-22,1611739.4475557273,1223616.397491114,943574.2757198315,1546468.8353956954,619469.3768297473,601995.6275177348,784286.9761410458
2020-07-23,1596771.814614139,1207932.2682825727,929644.0189520676,1522377.4234084622,604501.7438881592,573895.8741175546,764767.5989641051
2020-07-24,1592233.5329615152,1211635.9800505221,923092.3750685295,1517845.5664224387,599963.4622355351,596061.8288110442,775505.9004619913
2020-07-27,1614409.9950642888,1233774.747055638,941830.8863843718,1541284.343541288,622139.9243383089,612935.4007701152,787734.0920818648
2020-07-28,1600409.8112773167,1217051.4736577868,927710.8688006981,1526928.5699598847,608139.7405513366,601499.5642802237,782934.8185247811
2020-07-29,1618071.5161134375,1247677.4946279642,946591.2608145887,1548388.4793375821,625801.4453874575,635436.3031230104,805176.0421993504
2020-07-30,1624638.2404925348,1274810.0485592308,957035.2423557328,1563437.553689887,632368.169766555,635193.8697356848,803685.1603202
2020-07-31,1647643.8666001076,1287989.8878162277,963159.8769968854,1577318.7402693247,655373.7958741275,645199.3400998844,810222.4949190875
2020-08-03,1676776.4888746452,1309754.7513781895,983442.4828385208,1590559.9448625804,684506.4181486652,663881.0242295493,823384.5160105977
2020-08-04,1679317.8081127433,1323568.7902503756,989147.6912485554,1597112.6051829192,687047.7373867633,693016.4079740376,839888.4459974617
2020-08-05,1678710.299379774,1325688.4703021192,989052.3671888149,1606396.2580319245,686440.2286537939,685099.3822303738,833117.5998579242
2020-08-06,1679968.0977385284,1331614.7132270476,991147.9406055427,1603002.6148343275,687698.0270125484,695446.7558369997,838343.712890169
2020-08-07,1672140.0759054734,1315621.766260223,977593.1009002107,1590662.9464443757,679870.0051794933,682823.3247045726,835230.7092446217
2020-08-10,1656115.9875513576,1302799.6408426156,962371.4497817489,1569680.7190545858,663845.9168253777,670173.0994008315,824836.2295570112
2020-08-11,1633826.1735439796,1277208.6572122206,942739.679790429,1546356.7319996785,641556.1028179995,633289.217287425,797288.0292905574
2020-08-12,1671430.1291293926,1320403.9878690282,973037.2547861532,1578147.0378278845,679160.0584034126,674278.6843463157,829894.6901255007
2020-08-13,1680877.3099583474,1323384.1794624783,976903.5103962529,1583159.994553252,688607.2392323674,671040.0922141087,826489.8890402691
2020-08-14,1676609.2232961128,1317054.5671002762,975046.7946451246,1578555.8877067757,684339.1525701329,669033.3921994414,826425.5371028027
2020-08-17,1703142.4206743264,1336690.6727048492,992806.2157184615,1611547.2341040194,710872.3499483464,681204.5815967035,838103.0036288963
2020-08-18,1701485.1917816678,1331095.9312956533,990437.2822821208,1614449.775205378,709215.1210556878,679960.2489144984,839217.4483967037
2020-08-19,1700457.1847998633,1328189.866288004,988034.8692580054,1607474.8964463712,708187.1140738833,679783.7788309001,850132.126183085
2020-08-20,1701864.9107516073,1325310.9219111416,987689.7938683197,1612188.2277949816,709594.8400256272,687045.76463388,854647.3843563009
2020-08-21,1715803.5362763407,1334465.769331045,989708.6432302784,1613684.5516557423,723533.4655503607,696910.0203887515,859181.3524876159
2020-08-24,1707841.1401597848,1331373.4479397677,990337.5778113127,1612601.4774437982,718697.6983665951,697527.8271410643,856611.7436634611
2020-08-25,1728351.9809743634,1340307.918570005,998092.4329893949,1614237.9375928668,733781.6312228567,714078.5325277277,869839.77814172
2020-08-26,1726009.7260157047,1342339.8967052954,1011990.1767877934,1625281.9875373144,738033.1617601133,724162.106577514,887088.1769414454
2020-08-27,1720235.611429051,1332118.6854928075,999245.3940589072,1612221.9215315604,735008.5681752266,715739.0454368533,881462.9682318917
2020-08-28,1722681.5933314045,1341904.2402886488,1005578.2256559508,1593542.2951227291,733388.0312485009,715758.7541790955,883029.9574779188
2020-08-31,1756693.6542684939,1360905.991532807,1013909.3763217075,1607752.013033878,757817.2981836855,743509.8454938487,900787.5668817967
2020-09-01,1754907.238881818,1367141.8831526886,1027809.0735363205,1609138.5505772263,755717.798111715,753820.4125161356,905885.3677890371
2020-09-02,1780864.477779675,1389471.5864582013,1046026.1894283686,1622865.9846871283,788320.7909756807,754332.5349790897,915306.0288973936
2020-09-03,1699176.2010864941,1320143.812249603,982847.809940079,1580633.4177771823,715007.5408988814,692393.171936862,859587.9140351794
2020-09-04,1683116.9905688418,1306727.833206805,960353.3282185091,1551169.834605958,695745.1429524543,674402.3017255416,843209.0288759558
2020-09-08,1652896.4650654895,1270355.8968958834,930367.9620345181,1532062.9580061338,664631.9374776204,632487.3836560799,804771.530901987
2020-09-09,1689470.9336424246,1302987.069569377,961725.8622760993,1564676.4870448376,700754.0126675807,666489.3631857256,835643.3560094597
2020-09-10,1665772.8921149764,1280581.2983742787,944516.860883177,1550514.4185176764,678354.9467133188,636108.613464105,812515.2738615645
2020-09-11,1650121.6727963972,1271338.928027056,935108.7494230097,1544108.2169960078,665418.0285832214,615870.4140165483,804293.7565164047
2020-09-14,1680210.1331366668,1293985.808943224,950027.0461034742,1553671.7563644971,690976.9969704096,633622.4619858633,820993.3018403741
2020-09-15,1696565.6381077592,1307944.7165931691,967993.9236167007,1560179.97408075,708111.3757221126,643837.2109542607,831599.7350299642
2020-09-16,1675900.6581483663,1289667.626140904,949638.2318016583,1543728.3410976082,688112.3069716466,619441.2110090748,811853.4280071385
2020-09-17,1665194.7722869883,1280008.761118244,940227.2728276062,1521830.5838073585,673445.1138552971,605502.0933076516,804581.4231919633
2020-09-18,1657050.7577820476,1265909.9160502416,931539.7376816194,1519467.2288860492,665699.6252582858,589784.0294074048,791258.3924279725
2020-09-21,1677920.2641447862,1278606.4012736771,940646.1742610853,1467532.6054904244,686569.1316210245,612535.7401886886,806723.640802981
2020-09-22,1691498.5720754978,1300588.0582922974,958353.5679933754,1478762.3836257039,700147.439551736,637425.7405779341,829887.6795843975
2020-09-23,1657885.9575728527,1264305.5900328292,928210.3282816322,1432634.8833907577,666534.825049091,602693.7451920965,799192.0241210482
2020-09-24,1661674.152517222,1265857.5278674364,929540.8904676577,1430647.785599765,670323.0199934604,606885.6954757301,803872.4721759119
2020-09-25,1700303.1510587477,1295267.6887010264,951360.1348976925,1428188.5916835594,708952.0185349858,637291.1260423289,829544.6262579556
2020-09-28,1709870.317793729,1313044.7171698038,967970.5945188866,1459776.5387078843,718519.1852699673,656087.2542852535,846453.1643156004
2020-09-29,1719114.9702949051,1320649.3256770559,972596.78833419,1421819.553037346,727763.8377711433,662022.4897425558,848818.204794056
2020-09-30,1728103.5687842218,1326631.609205011,978539.8706789913,1428812.8330203542,736752.4362604601,663982.2667102875,852840.984176954
2020-10-01,1742815.2682388779,1346313.2354984304,993724.1422989037,1414746.8245469679,751464.1357151162,681295.4683982607,867481.5183758102
2020-10-02,1702263.4877401355,1311819.0099307036,969291.5132735912,1428355.5549302367,710912.3552163738,652638.612511125,837523.2962399839
2020-10-05,1743385.9883827385,1349878.769016342,997515.0267973323,1453034.2371276563,752034.8558589771,695906.5187302743,872098.526162094
2020-10-06,1721860.5815466475,1327283.8353256946,977892.7708349491,1438349.8282381617,730509.4490228856,664141.1344530766,846413.7948140247
2020-10-07,1748431.380445514,1351026.4071181885,1001641.7103634597,1467444.7284102936,757080.2479217524,687084.5105849659,869374.3332815612
2020-10-08,1745393.270259359,1349775.0586277163,1000325.7928478387,1496212.7287651661,754042.1377355974,687239.651399143,870522.8240652703
2020-10-09,1738806.4859584684,1358581.3748974213,1011544.5702691746,1497546.3550360596,747455.3534347066,693957.1708759874,882976.5022805283
2020-10-12,1767507.3679496434,1383825.8723200227,1029202.7380508198,1484576.9370049876,776156.2354258815,726248.680858014,907753.1926524582
2020-10-13,1770126.4280658015,1383029.3109897324,1034067.2586013678,1451730.8060363925,778775.2955420397,732153.9316722556,914142.0061902277
2020-10-14,1758789.2575036844,1368290.4877609944,1025139.7756565913,1456807.6775403782,767438.1249799227,716775.3484441685,903063.0685472265
2020-10-15,1750180.848577871,1364720.5063341972,1025058.3754725449,1470421.433752371,758829.716054109,705141.8742437026,874201.8086938706
2020-10-16,1752342.2690935049,1363149.703475587,1021855.7846465767,1449408.2375540421,760988.3331332874,704147.4706491774,874862.9174800699
2020-10-19,1732064.619649762,1348641.402388032,1009074.63590395,1438906.4035281534,740283.34005788,683364.4667686,857282.1057074782
2020-10-20,1733843.3108452004,1347920.5138893577,1010449.3541194057,1464846.2561293726,737320.122830235,684318.4685396509,862596.7766577058
2020-10-21,1721324.4848904232,1332383.003504014,998309.068638348,1454553.5602002381,724466.074273283,687574.3717959991,861304.0861849311
2020-10-22,1718100.3700859672,1333703.6842026438,992914.8394718212,1458393.7333736417,724234.4436919439,673474.5714736767,856089.6505117726
2020-10-23,1735566.8142951415,1346974.4758218706,1003197.1376772546,1478715.1538612302,744254.5841590255,680828.424351691,862662.9641296513
2020-10-26,1731941.5219163585,1336589.2827004425,990961.8226765959,1439254.4973711995,742590.0107523319,672488.5317418141,854649.6636228866
2020-10-27,1715817.2168148845,1334513.8649457565,990289.7054369439,1430020.1219234744,722787.3102922782,670440.1458900924,861742.6764076086
2020-10-28,1670080.1018344911,1292651.2939364524,950690.8708932064,1389895.4255277587,680962.0241738469,633709.2317074753,823867.8752551313
2020-10-29,1676387.3142127895,1298473.854664871,964475.9051852496,1408705.0573610438,676594.4368905326,645093.7663907785,831088.1941904178
2020-10-30,1641949.672207325,1265794.7249117466,936792.5074572036,1401539.6040627754,648933.6650927722,609306.556675076,803339.928833862
2020-11-02,1636854.5653790075,1268078.968499751,943833.1638229543,1445257.6636962814,645663.8509137302,610145.95772966,808367.7076761401
2020-11-03,1664153.37126474,1291548.797886694,960020.1537817104,1475539.1422359305,673027.6767741541,616178.9416260364,820535.4893895839
2020-11-04,1709445.7064394993,1331587.9267960272,990153.4244064579,1469226.1744775001,720729.1450638743,672590.0168179112,864686.8268859877
2020-11-05,1734386.725330297,1359331.0247163398,1026457.6557824094,1490422.466588524,739371.0503184699,697692.415061036,887616.6215785738
2020-11-06,1750507.173653335,1369547.0015138395,1031709.5080325488,1486876.6614467343,752123.8511413542,698273.8687310872,892806.0370336543
2020-11-09,1711535.122642939,1324226.3888381014,992054.1153866567,1504604.7044780299,713646.3156944402,657191.2749816697,846967.2933875174
2020-11-10,1679138.701599436,1297868.3493885868,966275.5802731083,1512951.8733545113,679061.2182172824,632544.5725709506,821048.735302569
2020-11-11,1710165.9053515294,1328010.4952553979,992971.5428426035,1510293.470544353,707001.1306079499,664268.3656059892,849231.1000630846
2020-11-12,1709366.1543819131,1323509.4364777156,985815.0502804786,1499595.237644628,703021.1007350719,656266.3067511442,842812.0510612102
2020-11-13,1706948.3832721557,1327102.2731034923,991603.4007187821,1522688.0446037583,703737.2717374297,660801.8024425531,848530.3176606983
2020-11-16,1719895.5250253298,1335113.9111508022,999596.2154808862,1570648.5979867133,712552.7150355648,665612.8338887965,850108.2097711398
2020-11-17,1709745.6389037285,1332310.8465560349,998852.1424527221,1579415.6650614075,696884.9200101688,659278.0336692291,850792.6105657677
2020-11-18,1699271.8447756823,1317969.447967757,985316.9625259145,1562912.6382867706,682327.6078347777,643138.5734812698,833943.5484345009
2020-11-19,1708337.5021422831,1331941.4507281068,996470.2492743946,1573653.200807683,688922.5551078517,653459.0233296511,841686.6936595157
2020-11-20,1693591.7543647962,1329717.4086117973,994129.3951555793,1565915.3390324404,677508.9728299855,650392.8132990815,835468.0087757859
2020-11-23,1698304.5076429655,1334992.5138753343,999416.3690461145,1596275.6216610756,667967.3640222653,650276.4282742148,834626.1353832993
2020-11-24,1690990.44074042,1331129.2608620292,990600.0823526169,1614484.4096521968,654614.3355460231,656107.2961403143,840103.969550189
2020-11-25,1719622.4379968469,1347749.3026444092,1001684.9992416456,1623477.5318108606,673991.9526427855,673632.9639035461,845678.5478829877
2020-11-27,1746204.2860140405,1364913.4225309722,1015913.102743013,1643566.68176952,702899.3392820723,672807.7647837349,847867.3517044482
2020-11-30,1762354.1559047755,1375734.1484594904,1022838.3499508271,1647213.7069556129,708482.6873561998,697952.6134292908,865663.3649789653
2020-12-01,1753796.3674653275,1380206.6348608525,1030704.6365076797,1646437.1369368224,701169.5491688448,710334.9090001925,872820.4080906744
2020-12-02,1756951.5649528827,1382200.2955303418,1026577.0478988837,1656841.9691130412,704588.1783867097,708194.8692982767,864467.9035502572
2020-12-03,1751377.7287624907,1382477.6897713877,1025721.2523096366,1661890.9028517418,697960.5784444052,704255.0772049559,862907.943695672
2020-12-04,1761228.161282087,1387988.7755183885,1031362.8190850703,1674280.6233015773,699777.434873989,709927.0783784513,871427.0590013254
2020-12-07,1762468.2253024455,1388612.0482849423,1032215.7023102496,1672509.7213553325,702008.7442365682,713948.8852552696,876720.024891812
2020-12-08,1764303.4275426224,1397426.4978477436,1037050.8065501058,1682522.4372088625,706486.134663984,710174.7746010991,875827.3537333051
2020-12-09,1733152.3783810914,1367632.987185376,1015150.4321131574,1671612.4028579483,683709.0692060258,686767.0284380136,860029.4694504197
2020-12-10,1755361.6663063727,1384598.0577527795,1023517.4994491064,1674538.921854102,697034.3306625613,698445.322713509,866801.3640661059
2020-12-11,1759486.5082246854,1386193.4130988193,1024465.7330308527,1682854.6821635196,703953.3285209894,697120.1175092004,856835.968990222
2020-12-14,1778974.4851581813,1396204.8099610815,1034611.0509207919,1668897.7874263504,709328.2349590792,710697.3323795698,867449.5208477365
2020-12-15,1798904.0236088866,1410915.392121458,1048604.1411493008,1690972.5229036266,725247.3521745021,729824.3484314464,880201.0654244774
2020-12-16,1812181.4654385229,1423865.7260742348,1059209.263430946,1704159.4843817595,734004.410602125,741763.0019521785,887020.0806388671
2020-12-17,1831590.9404402163,1438932.1472270412,1073774.9197378343,1727964.628974093,749905.0258247895,750747.9059721576,895251.703275267
2020-12-18,1835745.0882626243,1434311.8633605503,1076896.444460144,1720473.915169481,754485.2886106671,745072.0033570344,893125.0464571465
2020-12-21,1825643.2058124824,1428272.9003204925,1072687.0870279279,1722698.648712105,748821.1112533074,742458.2602576817,887561.251697063
2020-12-22,1839144.7285566856,1447062.008734418,1084461.6579224134,1723958.8995113226,766837.5164181773,752353.4925565871,896368.1194554282
2020-12-23,1821243.5449321119,1433342.6491533928,1076782.0794070535,1735064.9728026844,747855.6314017816,743631.8856699493,887720.3167407005
2020-12-24,1821429.2988381195,1434810.045312652,1079597.330301375,1734366.7617800913,749119.6858398287,746788.9233913582,889795.4856940614
2020-12-28,1798619.3962463513,1416880.211133625,1071941.9128844102,1727552.5645642786,731857.6062385509,756869.064733469,893847.2254794103
2020-12-29,1795645.9297073868,1409452.8043463128,1068280.9147894734,1718931.6084461089,730906.280992875,751370.109997966,888165.9705761798
2020-12-30,1808654.1720033346,1419533.1994390117,1077583.5858298796,1746054.91154199,739961.400439788,753164.8165376192,887161.4474053606
2020-12-31,1802718.2175516796,1419587.0501389164,1080260.4153292025,1741762.483372687,737728.8874396863,754040.3012153707,891805.834584301
2021-01-04,1795678.7474740285,1410895.4558966807,1068053.43023454,1742867.076033206,725645.6857502691,738561.7328858412,878590.2273670383
2021-01-05,1808006.528887454,1429330.8302289746,1085741.3994761836,1760106.6875320785,742095.7224469726,751920.2649807311,888972.4066342919
2021-01-06,1785764.6087515168,1417945.3352660928,1084295.0556994965,1813634.5951959493,722812.7361557821,726346.9347093008,882620.2830855493
2021-01-07,1811884.9725790273,1445633.7087442258,1113279.8513532288,1830222.1222590415,749063.9379254734,757787.7608221773,904197.7332162634
2021-01-08,1816480.4386189606,1459626.692205821,1122814.7517269077,1821577.2434750309,760031.8222110593,767197.1719805994,911273.8731741823
2021-01-11,1831556.7853503227,1457901.9525536266,1113399.644225636,1819965.9655726557,765550.4920826682,758723.9332407363,906390.0562896273
2021-01-12,1848619.7127383768,1467956.7261837397,1117364.2490511567,1837182.7920153516,787216.3098700331,752778.81965948,901311.3617831329
2021-01-13,1845789.4886910827,1465368.9019977855,1115485.9845420674,1820691.3897649264,784229.3917205884,761599.2059303154,905591.8868608798
2021-01-14,1846895.3852839526,1457506.7004186264,1116388.3438261442,1840687.381876968,770286.7246703404,756259.8566773928,898319.2650643428
2021-01-15,1826322.5798046547,1443888.2114808075,1105366.3109360512,1814493.8609278356,755208.6448195983,739393.6261568438,885218.8029307332
2021-01-19,1863906.4586054722,1470174.016594758,1128018.7456475503,1827493.8269295027,791044.7594714405,762447.5956260795,896557.6252711549
2021-01-20,1861571.9951868951,1464705.8811753849,1133046.6352360218,1836397.7341891215,799486.1194887552,770040.3524651158,906893.7393878312
2021-01-21,1884591.5840715207,1470039.002438625,1136120.0384996864,1852202.9744683823,819012.2624604972,781675.5398532657,917406.498524598
2021-01-22,1886443.5237786511,1470690.1232430916,1134433.8115532992,1851921.0498601666,817056.4154716078,783816.794890045,918029.8996243925
2021-01-25,1882352.0105026828,1464391.3131320705,1132653.3222373268,1833725.8103708571,810040.7446519338,794214.7219794086,921782.9738477283
2021-01-26,1860376.2268212717,1440963.6277150637,1116733.1055803618,1801047.2194870447,788819.9866533097,790168.9092736488,917580.7282008164
2021-01-27,1814903.783039392,1398773.591891283,1075003.5802949574,1753726.109302273,750629.4697985274,745719.5596769128,872161.8398851726
2021-01-28,1831319.5731498676,1420201.8109831526,1088299.7887796252,1787941.2690785532,770362.8319128717,745037.2664174185,881792.510082933
2021-01-29,1800760.5383613808,1393587.773487649,1064966.5852482978,1747771.935766733,742042.0257338298,726633.9487899161,862381.844308429
2021-02-01,1829155.4266502017,1421997.67438618,1091423.4481119597,1763691.5404901507,774662.9163537986,764260.153852709,890016.0183037105
2021-02-02,1857812.6330387043,1444537.8205823977,1112949.239774291,1803291.2013615328,802990.9133463815,787477.4138395617,912240.5209247104
2021-02-03,1854501.2660926748,1440928.7699420962,1104342.2651177498,1815290.5537463871,797531.8964684079,775727.4746062104,902269.0062821717
2021-02-04,1865122.3769709638,1466934.2920330337,1120916.3389571959,1843470.0711630427,809456.3715320646,772877.1353915525,911538.801534876
2021-02-05,1872169.2032709252,1481324.7977525485,1127624.1766999552,1866637.0004484628,817729.7888143668,771380.5555637436,908145.0157024178
2021-02-08,1901615.5067010657,1502869.7708452994,1142646.6811076798,1888165.6454424658,837199.8428002464,792880.1645132684,923922.0678144
2021-02-09,1894796.2645550987,1501263.4845922384,1140840.573558176,1885710.8591074073,830494.4535674481,787151.3182604066,919195.7300296987
2021-02-10,1892984.9931619293,1493610.2731343752,1136765.955770183,1890280.9579831655,824231.4910575929,776795.5546167725,911134.8026877904
2021-02-11,1900163.8594555727,1496834.2388008884,1146540.0288149621,1884418.4916701112,829132.2325820469,779198.5019360508,910810.0251644567
2021-02-12,1914695.6933259107,1518399.385234503,1163693.4132809096,1889573.493957895,842151.1353572406,798006.0330559344,921464.5737427687
2021-02-16,1891307.167764491,1513883.3873576324,1159799.2372066719,1872108.6202432124,823435.7136148595,791697.384010561,917573.5528717737
2021-02-17,1871582.2005181208,1498675.6045433646,1145888.3270365896,1857333.0559243849,809714.2154647416,781876.6697518477,908269.2015740369
2021-02-18,1854354.639495119,1476306.1595756726,1131025.6341716002,1837710.0463689626,796696.3036080932,771184.8506016427,897683.8824448317
2021-02-19,1871751.574162774,1502824.4596319296,1144166.250261773,1868916.0175272524,806913.1052804602,764428.9145442933,902272.7037346131
2021-02-22,1811571.6704688796,1458796.025602692,1107763.0515784721,1841766.6432533949,759154.3100064944,729248.6299484597,876069.8810775708
2021-02-23,1806936.2360061738,1448796.846563906,1099936.6780791078,1836818.5782868755,755803.5246702001,715565.7004796145,865746.9864795121
2021-02-24,1835499.1735428355,1475254.707992247,1125297.4913392237,1869979.3570184244,783697.7357693304,737071.5330779471,888059.7813932134
2021-02-25,1771198.3215600066,1429772.109105539,1086457.881906719,1824468.3132135072,741242.1049959328,700344.3369304196,850173.8770030497
2021-02-26,1795222.590324959,1449167.2078437456,1102658.8928035987,1821453.090583855,757239.1178870869,704730.8921155435,858992.4688302219
2021-03-01,1851218.6514071308,1485081.342921979,1134757.2114273058,1866081.6609048168,810644.4605017541,746232.5197663612,891219.5361695455
2021-03-02,1814171.611930437,1458208.1208090186,1109157.307474224,1840952.8481602822,779121.4972275603,722565.2448842544,869130.377162233
2021-03-03,1759308.7924536162,1409938.3459846121,1066310.6840262734,1813959.6321090555,728437.1266213943,687857.7582907829,843137.4586973428
2021-03-04,1704179.1049548197,1365681.4315773663,1028696.9967191329,1774630.785547072,684610.3698711841,657160.9777311889,814063.2326946233
2021-03-05,1708315.6944919648,1373552.8004116735,1038234.1961710826,1784016.4962831612,689577.5360321695,663024.0525237474,830437.1309837743
2021-03-08,1659599.9507805693,1329377.2693214961,998508.4846591223,1772909.7152429519,657106.1554495345,630515.3041181439,804972.7371428174
2021-03-09,1728030.3655862678,1381878.5307189522,1042927.7531514365,1816374.4277820594,714173.7710777123,684610.9471551647,846375.1332669763
2021-03-10,1732764.4683853118,1387672.9163573403,1041399.7423219858,1826436.8185264743,724987.5414159863,685155.1056312224,849278.1413840534
2021-03-11,1790832.450388549,1438146.415550544,1080723.0732617371,1870997.5821596829,780818.8103405469,711804.7148555781,871219.8423102578
2021-03-12,1785310.6116239268,1431219.4211857098,1072855.0162380785,1874683.274924973,781833.8303791307,707052.3592885043,872429.7629605528
2021-03-15,1803698.8430296557,1448741.6984469476,1090444.0918924585,1897126.798934851,795361.3504666752,720249.44785721,876062.407232457
2021-03-16,1771096.9782854088,1424919.064606913,1079942.514106639,1856012.4816699321,758129.9437148556,716536.4975337922,875602.1202726151
2021-03-17,1787844.600832307,1434928.0355949665,1086370.1856351816,1869477.775083893,771761.3495192991,727029.495897573,885152.036081792
2021-03-18,1739331.5197141618,1393342.061416309,1051709.021650275,1835159.823671862,726110.0949754731,693873.5730559404,857702.8007667817
2021-03-19,1753031.563181223,1403979.4083652657,1060415.1527213417,1838944.1926996305,735116.1326868098,691796.8190473249,862864.8342784207
2021-03-22,1764769.3527675692,1404457.3263858706,1052780.3687036636,1838518.517667462,752280.7816547413,703698.3852088643,872109.1831421773
2021-03-23,1731142.4375674967,1371046.9062629975,1020417.8490687844,1808899.5047404508,722670.3739923971,687511.197294707,846730.8743146498
2021-03-24,1686495.1386748943,1353397.4448915476,1006690.9372709021,1786179.9847852318,675420.3208610495,677257.6797335607,833644.8578888578
2021-03-25,1689902.4794615633,1356780.837525134,1020103.474587694,1786865.1445494664,677951.2094883792,685564.9350473807,841296.1088083354
2021-03-26,1702772.7929794858,1371438.403959861,1038586.4727070826,1808072.2383850294,696175.4714097452,707012.4562360776,863485.1629392318
2021-03-29,1674595.7955427114,1342379.9612224724,1016571.7630539,1766086.5739020775,665935.1698334266,689930.6878771242,848051.3923432287
2021-03-30,1703884.108027262,1360954.1937127947,1031346.2278617829,1789587.2831390703,693124.0298304046,710063.0866721678,859037.4909446976
2021-03-31,1731602.1463376228,1377349.6700412296,1038693.8815104289,1801896.6214933875,728438.4289867092,733730.7051548039,876106.4728802127
2021-04-01,1749749.4651435504,1406218.5406308877,1062172.0390591985,1827784.7181644214,739371.7965328242,751936.8867580212,897226.4023058761
2021-04-05,1750494.6812862938,1390851.7306047173,1056274.6975325146,1783976.3394217722,731216.1974973505,779951.8330228633,915541.6859067676
2021-04-06,1766919.7722254868,1403180.592464511,1065421.2778917884,1806992.2310067348,750769.2858032439,779345.6490294954,914760.9669511322
2021-04-07,1740520.0950831098,1389969.621229432,1058365.2243621834,1793317.5938901477,726034.4842623128,770038.5371604814,912352.6138115532
2021-04-08,1766497.4294252903,1402756.3330937838,1064831.9301762686,1803511.5168721578,755525.6266974638,779827.4791580264,922070.5360116921
2021-04-09,1761346.990420013,1401617.019417381,1064119.588164982,1807508.3313725337,758573.6576631055,783897.6591860643,924961.4650308294
2021-04-12,1764069.8182027189,1403592.2138265688,1061008.1605145414,1806439.3478040844,767573.8869950351,787298.3535756741,918994.177471912
2021-04-13,1789044.2111181305,1414781.7894764086,1068399.9704491813,1810186.470026317,791327.5938568845,806257.771023893,925929.4168779949
2021-04-14,1789356.3857197766,1430478.8300955663,1079298.6678823377,1820757.3290078489,790026.380361634,790555.0871874987,914702.996791967
2021-04-15,1785475.030007143,1425708.3101773218,1075008.202383709,1811736.8212783525,798257.6588106594,802508.4720200521,928445.9201809826
2021-04-16,1796065.2343418736,1424968.6852769717,1076824.0506589746,1811064.1102460523,805652.2003825108,802396.5641308265,925361.4539104874
2021-04-19,1748859.991067831,1394001.2630937437,1057930.678706632,1811403.761322859,776144.7706152543,785842.923569726,915781.5215299864
2021-04-20,1744656.5819321098,1376199.8065878486,1034074.8995654591,1762584.5111808414,755621.3069568126,768359.1470645326,894647.6527466576
2021-04-21,1778749.9438593446,1399083.9630167363,1056896.6181456645,1785133.7794487746,781148.1686716592,793797.32588622,918076.784855651
2021-04-22,1767770.1200498922,1391590.2007918688,1049324.210760795,1787036.8997801875,762039.1411926652,773708.0998759907,898883.1493956
2021-04-23,1791553.714437415,1411178.5154119057,1068295.2610773013,1809331.801014474,778009.5302576281,790864.5001331399,917358.9583471568
2021-04-26,1818396.7276070546,1423514.6595632394,1077735.089145436,1822399.87290134,796558.6851572108,805608.3825654817,927968.6081537844
2021-04-27,1820369.959900147,1425483.9415181268,1083009.9636348728,1841470.8628510092,809817.5897156105,797221.7709849993,926432.679498009
2021-04-28,1790957.3322550277,1412111.0987504157,1086930.3588308077,1895265.2979966898,811268.5201054014,791711.0979637417,920658.1559454328
2021-04-29,1766684.7676599019,1407116.9843059808,1087610.5839741125,1899919.7698478177,797221.1540571443,775631.896027831,916174.9827769339
2021-04-30,1758579.748082124,1387473.4396337946,1068907.5325272952,1874213.2663558607,780589.5085331218,775595.3868698321,911100.2962327168
2021-05-03,1754118.047792655,1387030.589591063,1072500.2957046677,1896594.515187176,789271.6165949503,768084.8593610635,908354.7102915128
2021-05-04,1737729.8283700666,1377264.8334884155,1060712.839388234,1875098.895908341,784043.9784283838,749102.7713956612,899612.3610080353
2021-05-05,1767323.922677676,1396619.4105519971,1079319.5354976805,1921893.097633055,819817.1416020001,755941.0702649308,909870.9077977139
2021-05-06,1744924.034488432,1373165.954977558,1069238.5219909844,1914993.7496144932,810874.3928880431,769170.5832337736,919493.5226468812
2021-05-07,1771557.2652121396,1403002.5919872178,1100519.1947070612,1946569.512250793,846797.2747387888,777545.4436388457,929352.8241131651
2021-05-10,1733548.1465169857,1377080.4230006358,1077348.4594518384,1929030.4295655508,825482.9908436954,739412.2373390438,902951.0648015217
2021-05-11,1741240.4677497973,1378575.7313202156,1071817.9211915887,1889945.224517318,829193.530908884,728185.4332969259,891111.3320078938
2021-05-12,1685597.0347274542,1332080.0818248845,1035982.0538455114,1886939.7600182653,770367.2225982649,689688.1235321742,861608.2953176402
2021-05-13,1677339.5982210855,1331146.5224422535,1036348.2882552774,1853517.3327369676,773606.2431234969,698165.4162434567,872545.2460288261
2021-05-14,1709271.8856195698,1360684.3943554445,1068153.3810297595,1905839.5102676102,800211.7839340152,722301.4292205151,895523.2785464851
2021-05-17,1717738.465019668,1365669.7975136216,1075687.336390845,1937243.2568823982,815319.8971592536,715397.8821471807,894720.6369473377
2021-05-18,1718397.5549132612,1361411.5405713345,1066331.9280863546,1913293.4822185228,799787.5926243772,704447.3087079636,881068.3452901182
2021-05-19,1698803.6332107573,1345248.8394725497,1049149.4213866375,1875610.725174191,763805.527242755,698965.1442115826,876675.766709807
2021-05-20,1731031.1481173234,1366401.4720217583,1060858.2006605607,1864492.5882294504,780982.2859495548,716892.3043769429,886257.2773159251
2021-05-21,1725917.4956389691,1361904.7676411795,1058722.924578753,1865355.185072239,774878.8196024988,718458.1995000044,892087.777423809
2021-05-24,1748143.9378050677,1377617.970270544,1070612.4110010345,1883178.657761101,787478.4746348865,735065.4515528185,904582.7675837444
2021-05-25,1738330.337916975,1375359.3164258962,1067855.1265167752,1872596.7169071794,782805.4126055914,739398.4559109306,901711.6375438168
2021-05-26,1764504.8910862824,1393489.8293544147,1084907.8904892516,1889651.8633843139,793951.3416464113,751056.8323937623,910068.6350538942
2021-05-27,1788224.697448984,1410645.5421115512,1104463.689935069,1903690.0370134192,820015.8988188207,779330.1863628927,930607.3704558932
2021-05-28,1783184.6414106337,1407431.5103896428,1098942.5668655676,1908143.179880548,818120.6868555569,771251.4082130293,928589.5522461453
2021-06-01,1778387.534832482,1409276.5962243092,1102771.861236574,1949977.4135883718,819314.0316532693,775432.184889314,936032.1131229134
2021-06-02,1764893.0941306425,1405680.7415862978,1093731.8715737031,1957148.70196468,807534.7165251038,764912.9820734229,931827.7995000015
2021-06-03,1749986.9122939138,1391255.335429254,1080115.275592453,1953230.5344608119,796580.1607553916,764360.9883573423,935355.7920800635
2021-06-04,1761169.5214993004,1396408.3252109736,1082030.9121622818,1954107.5794520471,802563.1150564519,775244.1120694327,941272.6173900599
2021-06-07,1771242.9130779547,1403372.7703499226,1086531.9085868576,1957497.4125002355,797613.7809203733,774044.8269255287,936836.1286508548
2021-06-08,1774957.212193874,1416273.0021627645,1098797.695223765,1962147.2055153612,804349.6327130644,771592.8577587261,933404.3507619982
2021-06-09,1759663.530258993,1399565.1992337543,1078771.8044744486,1943651.8135128645,788544.9913200359,757508.2178973844,916126.0137887413
2021-06-10,1756809.0465418925,1396207.7135494682,1074781.325808751,1944391.6963391495,783503.4094640075,754269.7260216387,907895.8401044663
2021-06-11,1776554.8443351109,1406586.127434638,1086856.2932446452,1945434.2891585648,791588.5055322585,755169.3398498956,909571.5005816931
2021-06-14,1755590.7946040693,1392441.8951406633,1070896.3415519698,1940441.7476403508,779388.7014597459,752149.839414914,900796.0531705463
2021-06-15,1737708.0371465601,1383342.4179974876,1067485.7939408203,1956996.1824045205,767746.4238827057,747783.3703549721,899660.4161056896
2021-06-16,1731467.2109489487,1381818.591549976,1067316.921251287,1961707.8337551078,761935.6403267029,748077.440489723,899978.9697048753
2021-06-17,1705936.4036863626,1359384.235138489,1050052.9382559007,1928005.8052143052,732389.8902681166,735522.6883206377,880888.6649979057
2021-06-18,1688702.493467919,1346946.8679894856,1038090.3820669653,1908450.2241788143,723846.2327558676,720479.8833313901,861977.9362373896
2021-06-21,1695521.227840816,1364673.7009198503,1061364.0943319038,1951918.0575265842,751210.9617585518,735325.269986397,882464.2577528353
2021-06-22,1710189.1728891975,1372997.5408110255,1068260.0544180104,1954749.707817837,760863.800015654,741308.5616588088,885028.7778762454
2021-06-23,1734522.5274380213,1386887.072919433,1078310.498571064,1966826.5271588261,771302.2628382389,760026.4003850482,894881.7471575255
2021-06-24,1739668.1857104134,1396497.030404116,1089450.862071379,1984693.493327266,782422.5999328031,775268.9034025781,909977.6735856944
2021-06-25,1745048.243132288,1398380.9270322619,1094338.4164496367,1988689.6674486913,783390.4738406263,769569.7355757924,908270.1601746599
2021-06-28,1765773.7658253408,1401412.5887418035,1086016.8818748547,1958107.7180812801,776795.6779480247,776196.5727415319,908209.7504987359
2021-06-29,1761542.8779029108,1398437.6807734745,1084028.0058879543,1955943.828152458,776591.3990687949,778076.678590807,913821.8819765854
2021-06-30,1766639.6979185378,1407131.664640453,1094112.0884510707,1970250.345695406,785717.0502913899,782293.5408629328,920652.9381151816
2021-07-01,1759617.1920144446,1404906.9699750587,1099664.0965011488,1993978.537406427,784574.8982566342,777974.631355522,920440.8008809518
2021-07-02,1765949.4792431977,1401085.8333301018,1095508.5903836372,1985285.214313105,782998.9865397486,778332.291491284,920440.9856196081
2021-07-06,1758831.7743580274,1385621.4771380061,1078126.9198736085,1941275.9863986527,763739.9471189319,762822.5963847077,901648.9380719975
2021-07-07,1744660.6655790175,1378835.241215556,1070820.6696077678,1938946.5320016972,767827.1078600602,756644.5522975347,899284.4037083049
2021-07-08,1730319.1105857156,1366762.1842731882,1058612.8544667147,1924698.2191100684,747112.6404025191,746618.8581775558,886729.249735287
2021-07-09,1759363.1975288822,1397702.1969812983,1089461.3542603347,1962839.3890657742,777893.6408766513,766216.3184862351,908277.8432474444
2021-07-12,1780232.978347418,1411149.4171950156,1100384.8481809478,1971342.9120570463,788834.0555665338,781380.7397799939,922150.6518067451
2021-07-13,1761876.2941628702,1392121.6336573667,1081266.4855788231,1961280.8341235789,773461.5740879154,770057.8805814781,913635.3811693514
2021-07-14,1729568.7586957444,1368981.2976666258,1063931.0930004506,1923809.2704857483,760796.1024547878,758826.8998703675,903297.3595611802
2021-07-15,1715263.8019266687,1359860.9116996953,1055616.1543419005,1914360.5063106795,756665.2966263205,752295.0973227062,899929.5579896738
2021-07-16,1694919.1478978328,1335605.9426744662,1030258.6824769888,1881318.5119898722,738671.9971007704,732788.9513580324,881876.5957347695
2021-07-19,1673007.1787558314,1316334.017134532,1006608.4304711622,1867642.2248647765,717523.3498816149,718661.4752205635,861960.6440194177
2021-07-20,1695419.114003738,1344250.9351464324,1037713.0629789977,1893384.9505542524,745571.7535679045,746722.1334635232,891116.3922507501
2021-07-21,1729924.572459232,1376210.8043134278,1069660.204642398,1894743.3050156997,771484.0850381753,765364.2581594667,909980.1645305823
2021-07-22,1718092.3400387221,1365055.4415647932,1057897.5336688787,1897261.227023992,758452.9667600432,749446.5291473878,894600.9121766434
2021-07-23,1718310.77727226,1362015.8288343279,1055365.905501206,1905622.4258586299,758729.1623034595,750931.1549682296,896052.87867137
2021-07-26,1740715.539114991,1380016.5101127527,1071296.1858498158,1916301.7049251054,763601.4745129272,759244.424593899,904715.4121135961
2021-07-27,1723084.6391392022,1365625.3746374038,1056629.3093363948,1912089.742145307,753335.1957938441,743817.5397973044,897043.1481007064
2021-07-28,1721669.0573198784,1372033.9805608874,1064783.0378049198,1916814.5896968157,748008.0275020091,751288.7294371929,901756.010248246
2021-07-29,1734038.6480852359,1381983.7483394989,1076495.0435793952,1936820.551850937,755546.1977155716,773359.026098236,920203.6617951937
2021-07-30,1731273.8002323736,1379566.3839763356,1069785.9158484822,1933203.7884173745,757082.123196147,777867.0956465097,915897.9397239466
2021-08-02,1711118.6576382674,1365987.3262837697,1060432.6601110708,1939401.814209655,742432.8051955373,784870.3919921585,913157.406606932
2021-08-03,1724068.0528104196,1386350.4313992138,1077639.0285818868,1966399.8782259943,756095.1071101178,793020.3703027867,928048.12702416
2021-08-04,1702737.10413416,1368637.4821339014,1056633.878702832,1951829.1515830627,742693.7893244127,773438.8885483741,914449.2896025296
2021-08-05,1722279.3707829593,1370663.4468793222,1071596.0532593273,1954902.495447843,761112.1248601315,786892.6258676494,926873.8698529317
2021-08-06,1743145.9196638924,1390218.8926492385,1084751.3042536257,1971610.5267223704,777601.9323218599,793994.127731659,940371.5498091057
2021-08-09,1735086.4818348202,1392134.5745408346,1080780.7782897365,1978872.9358622606,774541.2201228515,799314.907763557,944106.2419759387
2021-08-10,1757955.0139600069,1409061.8544603414,1097729.6315120913,2005416.3445228445,789588.9027270012,800600.3208392949,952918.894648477
2021-08-11,1770308.650888412,1422899.402496497,1113063.308208889,2022416.171452196,807713.3114616758,801244.4444244907,957685.9792133572
2021-08-12,1774726.704993366,1427064.1600477688,1117841.429343939,2024261.3003584943,816352.1519703661,800279.128991154,958597.7384224291
2021-08-13,1760627.4550999536,1411533.1869555607,1102697.9107270343,2021328.9955361953,806567.7042013925,791215.699858651,947550.1049741062
2021-08-16,1745420.2443969625,1392750.9468241099,1084910.261200159,2009701.6623931557,803806.0129040095,779111.0913080344,937103.0585310179
2021-08-17,1707592.7984786974,1347916.399432994,1047443.7736170103,1987319.822828837,771292.794756557,753182.3506539834,916228.1298360009
2021-08-18,1689383.1650463329,1336155.3121641267,1041497.0828096579,1981090.6829416535,765151.5749900982,755301.3651098486,910590.2843674078
2021-08-19,1663060.5386796044,1310726.1333050642,1019599.592763149,1971691.114633557,747997.6737117472,736880.7133658472,894650.4285524044
2021-08-20,1678361.3023323766,1327994.3171987575,1031510.6893946849,1971622.692566705,759317.9729328079,732496.0471370695,897643.3562175558
2021-08-23,1722391.3619864774,1365761.8256659242,1059943.6879038338,2006578.8718120242,790635.0861269011,757400.5165704663,916793.181034821
2021-08-24,1734730.6093219626,1376763.9825372382,1073372.7782398767,2004352.81567992,792855.4234915046,757606.7831527257,921491.5338631851
2021-08-25,1743451.4265421208,1386136.9827986963,1080969.3400480927,2006694.7382729808,802566.7424651135,771419.0963859217,937094.538258503
2021-08-26,1732902.4145327422,1377607.98662644,1069160.5909593613,2003603.9492957906,790495.8999170793,765837.0755323686,934014.1981304566
2021-08-27,1745485.6567110042,1399715.6082531863,1090632.1160931077,2006942.5649939268,795931.7839932982,777039.8564224124,945253.3287156726
2021-08-30,1724861.274353361,1385993.0090393808,1082180.484844152,2000641.6474080293,766381.5371713438,745042.5552250119,924704.5875327507
2021-08-31,1718526.6494661276,1377933.8224847098,1073124.7817247112,1992748.2692314514,766979.4923721458,734584.6388822163,920312.761187351
2021-09-01,1711259.0571854378,1370968.8288327083,1068356.0586616725,1978717.592648739,767240.8360307394,725255.8495617365,914111.8208188483
2021-09-02,1723552.089860246,1381939.8558287043,1078982.7092879121,1987240.9812298494,773227.128125904,732838.6697933126,919730.284376676
2021-09-03,1729590.9531319,1382392.994462136,1076141.6328559641,2001377.4029402442,776919.5302541658,737660.8066084619,920150.8534965786
2021-09-07,1736871.5491112452,1381840.5252839085,1070837.1401939164,2006681.0803056075,781984.7522612537,749153.2992276255,920502.1896377677
2021-09-08,1713397.1496744952,1356535.8364064433,1054835.0619470405,1987089.4409927633,767386.9758120015,731211.2462715595,909572.9597455309
2021-09-09,1740158.1302900948,1374881.569761449,1066547.2583495239,2006752.1867359537,796221.9210318375,756543.5013429606,922690.9854616647
2021-09-10,1733178.8862271544,1371879.6638072124,1060690.7162483481,1993612.3848397501,789270.6360375709,753165.2612245633,918955.391693377
2021-09-13,1727466.2337180835,1370469.214704678,1056708.9094351977,1973614.7908250885,779180.1958925588,753059.9813501874,922809.6594474044
2021-09-14,1723586.7658305957,1362281.9105976718,1045858.4404800539,1970255.6267679094,775490.7021676515,748158.1720717386,912450.4898921782
2021-09-15,1753041.913026374,1387040.6054482108,1066995.8157059313,1987503.8840919198,792661.0107074807,765208.7161869091,924807.5993031138
2021-09-16,1758627.8666856128,1385945.2730289323,1067616.3232049712,1998367.5683401914,794454.2789035162,771897.705173614,927877.5757993738
2021-09-17,1757847.8133637342,1379812.4486251986,1057574.0572120952,1980190.356479305,795244.3563674064,759885.5918960931,917591.064049709
2021-09-20,1721266.2095322635,1345072.6762429343,1020610.0180604461,1959340.5377283443,784987.5776129608,731702.6958323793,898107.663082708
2021-09-21,1728740.2017045675,1349502.3984987938,1020970.0518592804,1963521.888596796,783921.2834968675,733345.4803132976,899357.0097879983
2021-09-22,1754136.3823047187,1372894.2307439097,1045802.9994011516,1976132.1290513834,797553.6015899442,755999.7709892215,915251.1724050755
2021-09-23,1789640.2600117212,1402735.3840792757,1074957.844943435,2000432.2251433337,820287.326205814,786475.2258732634,933963.3425648288
2021-09-24,1783927.9227064766,1395590.9220100574,1072068.742059713,1993989.3410161575,807917.3284587404,778139.5792713192,931425.1843828491
2021-09-27,1788737.5015635968,1400195.1757625598,1081974.3329519015,1969144.5207647167,773970.6309583234,783363.9856002014,929054.6137072108
2021-09-28,1763614.2603652615,1371455.0435304325,1055160.8274765464,1933694.299814823,733630.6568179464,743228.1602754485,894440.5929462165
2021-09-29,1761267.8209756305,1364351.2341390664,1046548.4556485862,1931485.9246631612,731620.0108552478,724674.8885294513,889293.8721250196
2021-09-30,1748818.4514482415,1350997.3720862078,1031820.1546895602,1927845.7514088284,726406.0516453184,712979.4085815966,877375.3950083075
2021-10-01,1742486.8389417604,1357552.5489715068,1040787.7270097308,1909212.8378668386,709158.4641014502,702105.1612884837,878872.0369899872
2021-10-04,1738884.7884664761,1345826.5269816462,1030306.7090104768,1889250.616526257,688121.3171394131,679327.8935362027,860150.7324189183
2021-10-05,1761687.0222704895,1365559.3221745878,1051586.6616053332,1907997.4992128229,704064.6422399582,703889.1845506965,879989.3019759643
2021-10-06,1731533.4837024848,1348339.517833177,1043472.5771302072,1886428.9042571592,684728.2898813118,688288.0863966714,871200.1115334335
2021-10-07,1747809.4930208903,1361434.177792717,1054039.772621164,1903228.72340857,694537.6499781156,696101.825746524,880723.1702027101
2021-10-08,1751848.8556840383,1358651.2138740963,1052164.1272842535,1892157.0355161866,686595.1470997628,697928.2259817141,882777.6915056104
2021-10-11,1746744.957146117,1358984.0847973302,1048508.5153310656,1889962.5448920256,681761.3563344802,688488.8469936802,873797.2253869128
2021-10-12,1752618.8466488582,1369865.6212136445,1054923.0338615836,1894060.3609698233,683307.1340741138,693738.4834517428,872019.0037168895
2021-10-13,1763231.6884487371,1376613.4306483683,1055414.5925248,1905668.2247732054,696093.8234011772,699221.5496272044,876680.5715220773
2021-10-14,1780709.6319417171,1394064.3905471019,1075010.4232810654,1919506.0678056427,712785.602184057,722051.3609268799,892981.8477696883
2021-10-15,1778207.6955050044,1393769.3045100665,1079640.16704296,1916998.21033384,712044.3169382362,735289.6266722534,908747.0529748705
2021-10-18,1803809.1639678376,1415820.8836189962,1096901.0124237775,1944643.6808983444,732625.5864216373,751080.1113625861,918855.6545205232
2021-10-19,1804280.129652426,1420577.5488352869,1098020.3159748337,1952320.4939947417,737895.8086190106,756001.6779550707,927327.5967840302
2021-10-20,1809311.5885758852,1425841.3920395155,1105148.8076461365,1946421.6108513938,742104.7790109325,749707.6722794683,926091.883828472
2021-10-21,1798802.3334805549,1420881.0842626642,1098773.5680870658,1942337.7760122367,746559.4321694236,752592.6331373104,932345.6691955263
2021-10-22,1800015.5361576967,1426286.7083963065,1104423.1644048956,1945298.96641022,747840.865782335,756146.2390991763,928644.6218577708
2021-10-25,1830543.131069965,1449033.3549149618,1120249.5620420934,1968365.4557755312,761359.259015354,770350.3960372139,930614.7260015712
2021-10-26,1834654.1829737837,1448655.1793448133,1119468.951427421,1956443.1467591906,756808.3239967647,766783.7906623279,930580.710252959
2021-10-27,1797719.681376716,1420631.6619049315,1096727.535328148,1941998.2853513202,738976.726322837,755237.6449918697,932123.4435594659
2021-10-28,1825132.399192627,1443642.882796161,1117221.233511387,1973319.7673240635,755980.917667118,775371.4655733105,944974.4010974612
2021-10-29,1819833.3287875121,1447901.1628876089,1114747.817215806,1985745.52634634,764758.6113913448,773658.4199596697,946133.519065543
2021-11-01,1845370.5219825194,1459378.8236219503,1130578.5760067627,1975584.4275722269,757600.3071276147,779374.6079670605,942421.0147937313
2021-11-02,1858427.379880125,1471048.008168385,1139174.891079766,1993979.0515152505,765499.6380848987,792162.0377040543,950230.6395150109
2021-11-03,1850288.9338878454,1471439.8672510881,1144030.263813279,1988363.6395706732,754882.0479036685,788746.052693687,953867.362556919
2021-11-04,1824535.0923921966,1471390.5336075455,1142639.6436287384,1973351.1781109138,726693.9921031368,746479.0541695426,929372.0546998488
2021-11-05,1801294.3210070636,1462796.53394618,1145292.1640885698,1946444.4764335805,704034.1132421627,721192.971726674,917207.5655254424
2021-11-08,1823028.0401238725,1480828.3273867443,1155671.4480232336,1966094.6249970794,723330.3186223832,728234.6450805559,921866.2219138434
2021-11-09,1806503.551039577,1473795.1566149597,1148610.0243182727,1961078.5029737593,720161.441775562,722216.3272795327,916421.3010369132
2021-11-10,1762702.2340522825,1434803.9656652072,1122587.192875976,1923738.8022410695,691403.4761400874,703454.0159650707,902064.1267267149
2021-11-11,1773327.0456595202,1448963.5857166436,1139081.8433377892,1928670.703200673,693229.0110693725,711565.4797933616,906498.3512247747
2021-11-12,1781453.5453901433,1455386.3413465803,1141279.0911357496,1943874.7254537148,704458.115419744,724029.9820546332,917233.9874137559
2021-11-15,1784003.6217791908,1452229.146954447,1138794.9054826216,1940103.6086083583,699921.0910846925,726745.9548163698,917524.9130926209
2021-11-16,1783073.8351965286,1457707.8268995942,1141099.9620371526,1950468.4861792387,705697.55117804,725828.1022978553,916318.373275363
2021-11-17,1770820.202406615,1446668.0626310292,1129475.0774567907,1957426.932565785,703320.1391308659,714057.1392931112,909385.9137400565
2021-11-18,1783308.187223081,1464321.249308613,1139395.844279893,1964544.721728666,715043.469935301,724075.3398616589,916171.0010741678
2021-11-19,1762693.1661048215,1444779.9978261425,1122849.6462928643,1976003.4729801342,711978.5507883909,710070.265815478,903385.7604755972
2021-11-22,1785425.794530692,1454549.219338793,1138876.0743331849,1973757.2012254477,705678.0281185324,745197.8532556174,927289.0490401884
2021-11-23,1812390.3917076678,1475875.794589487,1155531.668008624,1965492.400213984,726410.2828375292,747027.4017424088,938367.7238286433
2021-11-24,1830082.7088095997,1484828.6604141719,1160938.4174493074,1978062.7499634663,738888.845854054,744942.9420801903,937894.9040824062
2021-11-26,1828515.0278112656,1469455.0654335886,1134411.9315469575,1994564.5717987458,708773.2631047033,755107.2503712696,923095.0770647224
2021-11-29,1880562.6327621348,1500512.0536461328,1151878.7374483298,2037865.012122468,731248.9059271887,797716.8202562517,950342.6943581018
2021-11-30,1843593.9878870125,1467408.9935279377,1118549.986091126,2005848.199029638,701339.6702889098,772569.0649487878,923859.748298272
2021-12-01,1778088.2615259765,1420806.0294306807,1087617.4609862873,1957756.4964050096,670051.9476924994,725798.5469609798,901376.6547029291
2021-12-02,1790973.861461715,1441700.5679931503,1111175.1321441857,1965201.2270561713,697808.2669431078,735677.6233808952,916295.3396872607
2021-12-03,1785610.21788008,1426510.7071554388,1098568.5191373832,1944866.9647240706,684217.3726806057,719716.2226560141,902244.8567252111
2021-12-06,1759875.3573549492,1411478.5604497213,1095723.9841477447,1906197.4429442047,683929.3693445706,699922.3263467512,898603.4236642891
2021-12-07,1824289.5641725082,1454564.263664156,1131453.5757322437,1960446.0052690606,729641.3457849871,736911.0823896214,930328.9792270426
2021-12-08,1820846.9551563144,1455953.8078172898,1130382.6725803828,1962448.9347760847,735135.6884831768,734523.3688526305,927054.5143241845
2021-12-09,1790030.0434870443,1431597.303733475,1112531.1982667337,1930654.5554781368,715597.9759851709,710812.1053591626,911730.3010982089
2021-12-10,1798835.7464277786,1443520.2544999127,1129991.1425920043,1920441.5600472486,734658.7136636776,703624.1585909069,906884.0828045491
2021-12-13,1778180.9023098175,1419526.380482106,1107835.3628334266,1904633.2305828312,719918.3706113013,688893.3205724264,888321.0362519587
2021-12-14,1760921.8705987355,1407434.9774905234,1100887.342355184,1895359.9204870078,704249.1810804259,693968.2265782639,895809.3412148145
2021-12-15,1773867.7523504426,1422688.4910203374,1105746.4477343708,1908576.20635053,728196.2413551691,702539.7282960609,904828.3096586255
2021-12-16,1768799.1173695044,1413182.2521821084,1106377.6029791462,1893987.5294152088,726035.822465126,705240.9528173484,907797.3680585701
2021-12-17,1770669.6417701847,1412433.5811978453,1099290.7734811816,1910930.9901125694,711253.2162160699,688738.6380080119,890027.7203055131
2021-12-20,1748538.7087222275,1383635.7518829945,1078839.655846039,1885789.937319863,697905.5798632704,681832.4367514439,869996.078825165
2021-12-21,1783706.0170159396,1417686.538704345,1110285.6345180974,1920558.5509224837,714225.6177941799,705851.9655655948,890627.8371566242
2021-12-22,1801492.1921613843,1432501.5998618319,1125238.5070739773,1939378.5568744454,731488.8195715643,717140.8241974871,900561.7307581842
2021-12-23,1805018.1461546232,1437074.0591545287,1130805.5274281704,1961307.51639042,736000.0261390887,724154.6670900412,911519.0298449848
2021-12-27,1845828.9781962933,1471537.5569968203,1161296.1436426574,1991384.3095762187,765482.1547665332,744334.7256050281,927480.4215457945
2021-12-28,1838684.8645729176,1462435.7461889894,1150027.7598691408,1975640.0260033696,764292.8498353594,734413.5235388123,919630.0211625277
2021-12-29,1835148.2877381204,1461506.0741240142,1151265.9577500992,1968078.1485152761,773216.3283572029,735823.283860857,921464.0104140536
2021-12-30,1825202.9659235624,1455128.4696679157,1144234.147222262,1959258.5821340196,762755.9893100251,727048.019485458,915479.7376143681
2021-12-31,1831261.1371184485,1457826.9007185695,1144279.5987398063,1952018.89862836,766076.9340010039,722235.542732677,911535.1388509698
2022-01-03,1840692.0270351113,1461902.9585501486,1139321.8534317615,1986913.5177474145,724698.3883263882,742620.4995788564,935944.6858747201
2022-01-04,1887219.7161118656,1490409.9222456717,1152875.779239221,1963280.5122709826,731345.5234237672,756494.594014708,942011.9209724581
2022-01-05,1850961.8243380485,1460401.5996613335,1121285.93859858,1907908.090621541,696232.4165027913,725574.855643069,905779.3065987938
2022-01-06,1872950.6372823769,1469625.125813407,1128035.515661075,1910903.0739675008,706232.4791491925,742841.2556262003,912723.9144701426
2022-01-07,1864651.4178679413,1458045.714262782,1112782.5393052767,1879641.7583040812,682462.2571683006,744517.2326420569,908384.0075293028
2022-01-10,1858144.5080288553,1447169.9831278939,1105493.3601769481,1879074.3846928324,684207.8499425072,750936.927111004,921954.7027713645
2022-01-11,1876197.4869480259,1464447.478809022,1121760.8335149875,1900121.685070597,684317.6695343733,768821.9927409341,930426.0879213249
2022-01-12,1876213.9971514964,1470123.5934574201,1128139.7612670176,1904326.2189381884,687738.235094988,786998.6934037658,940137.512008942
2022-01-13,1868009.267494061,1454091.4552353544,1108569.5559138213,1859860.353807976,667331.3700443717,772269.3036818409,916423.9900202076
2022-01-14,1881983.3368765407,1453635.3622222573,1112869.1892281466,1867481.7486050618,666880.470321248,805598.8632915308,928315.5258052691
2022-01-18,1863953.8168586511,1430482.6132301854,1088416.9002467976,1840546.4236742877,650565.4759111633,772290.3863967364,890661.6709913638
2022-01-19,1836013.9494540957,1405653.3531337823,1068613.2642142898,1820702.5882896264,646097.5737011322,752095.4533546183,872343.6988258444
2022-01-20,1810626.8026904878,1384046.3334609591,1048172.8534938633,1801820.689986086,634469.2057868749,733972.8217002633,859640.9776819667
2022-01-21,1769462.145855743,1350953.331188108,1022395.5210799426,1769276.6504480883,616130.9887720585,704568.5011693356,831000.5900743424
2022-01-24,1781617.0210636458,1371099.350052978,1035235.108063567,1780479.9971157229,613324.4448674342,697631.55718992,826423.487036847
2022-01-25,1764931.1177670304,1353668.4519542763,1024788.9600753977,1779601.8391980228,599222.549802723,701102.191860678,818472.8635780958
2022-01-26,1770367.4821794315,1354287.5728414136,1021673.3926354301,1771402.3579616249,589974.8295306239,695981.620537717,815201.3158991672
2022-01-27,1762106.2609440626,1354384.4755583827,1022478.4225089983,1746574.7825202225,578293.6674841407,701366.1789499219,811533.1002324944
2022-01-28,1797680.6033239043,1389207.1728084115,1049461.943299703,1772719.525233636,618564.0224020563,719815.3883646842,830664.0875816122
2022-01-31,1833743.5720921415,1415115.0938801966,1069019.5991222,1798690.7540938589,633312.0243990333,729477.6100867516,848227.8595461402
2022-02-01,1864382.5472130913,1432508.8614480621,1084167.1719727996,1832698.7898134002,628628.7924365161,739365.5237156228,860137.2031200246
2022-02-02,1883639.094426417,1456887.2035881407,1103350.8012953224,1848196.405114531,663515.2854673371,749167.813289353,882073.1019217197
2022-02-03,1856153.6815479088,1428354.7766501799,1076800.3287928686,1822127.0883525612,650384.1312637184,725639.6719211363,858130.1414452053
2022-02-04,1867426.319924973,1435012.7364998097,1074930.978090927,1839636.9092081715,652425.9793298417,707212.2867503031,855118.9166958983
2022-02-07,1861060.8733974823,1430554.8464565738,1072673.3475226327,1839009.0802117023,641671.8372836383,708543.355081732,851859.248136518
2022-02-08,1864403.3710669873,1439486.613617156,1072456.536290819,1856350.1378982668,644369.972636619,699511.511577538,854441.9747397501
2022-02-09,1915568.3406537499,1477755.8002842504,1105366.7663375218,1883855.4467599387,677092.4238348792,723586.040053296,879021.644188931
2022-02-10,1904094.6382407353,1458862.8608646167,1087926.4140250552,1868672.830032326,647753.6963413861,697935.3721227967,852166.3113868635
2022-02-11,1880081.089683817,1436374.4870842115,1066785.9370026942,1842866.6991286436,631404.3105495041,687527.3592201717,825052.6246313335
2022-02-14,1849004.3755682923,1410514.4663196022,1048398.7182919108,1823375.0962883972,622803.1751480914,674317.0468062905,817521.6176378875
2022-02-15,1892688.3475385213,1439214.550072013,1069143.6324736674,1861393.3464158203,627916.3025475361,675650.3047372214,828080.0417624045
2022-02-16,1905119.1130674486,1447925.3725654788,1074974.5448481983,1873308.9581030752,623819.6963650017,674381.3491363387,825209.8718554409
2022-02-17,1876732.4223179545,1420877.6839016986,1052561.738881453,1851791.2544498853,606800.4615156506,655623.9898307304,795975.661714148
2022-02-18,1866245.438855963,1411678.2193381453,1044340.0242811469,1836875.7690682383,597977.1748614348,648530.1914259207,789281.776047956
2022-02-22,1836089.7217446745,1385807.601972721,1022684.3736608138,1804914.2322028172,580136.9364874642,630566.7746350168,778182.1919093585
2022-02-23,1830296.6655262182,1376594.332338756,1011584.8978889034,1806812.6769261698,582048.231109338,617929.4451284324,764425.8922859484
2022-02-24,1846891.5216538894,1396623.5339857868,1026016.151879402,1812360.5021963147,584693.8492669789,614428.5162566638,764875.6176351182
2022-02-25,1885048.3990868584,1426813.593989824,1056976.4301891248,1840433.4940181444,618393.9653504051,649336.4351351087,800642.5049924863
2022-02-28,1926121.1074462542,1452608.3088995598,1067724.5186015698,1886547.8513812162,623049.3352323334,644831.0309803579,799024.9292720364
2022-03-01,1913856.343242264,1441337.0218802001,1058388.7926893027,1886979.4909241593,621280.386734746,623878.953549965,771969.0019409811
2022-03-02,1933932.6267972111,1465879.3587154502,1083752.5006094878,1904264.7905755267,634254.9489824007,659422.4988277117,804304.0790830471
2022-03-03,1919183.9376989207,1454237.3707423888,1078909.01255192,1898215.5595915706,643549.3227407867,652207.9637331376,794902.9663655246
2022-03-04,1924918.6150144509,1458577.431665405,1082143.4989852072,1910022.8258720066,660963.6861393322,646613.737139997,794397.9001218083
2022-03-07,1884502.5232145337,1423777.2392078722,1052731.954009815,1889108.0507774707,655329.5452711065,622906.3918228549,775176.9015475188
2022-03-08,1868620.2247047324,1407759.9181527717,1042207.8463153967,1888499.012057507,641906.4692140917,615477.7269372036,768778.9876042536
2022-03-09,1864885.208998363,1417422.2315581895,1059368.518910689,1876785.5076800059,646804.0517277309,633469.9350759896,784298.8006200201
2022-03-10,1883927.949954943,1433136.0995627893,1068646.1838581553,1907716.8771019576,649482.3374372716,643015.8545498459,790390.0388762039
2022-03-11,1862608.5828840944,1417952.2485233922,1056093.73986757,1882435.9217831327,643933.545083302,634786.164601194,782365.4747515958
2022-03-14,1825306.0677694548,1387940.8711334292,1040443.9680348122,1842851.9937241967,614706.0859817747,642346.9869282667,786033.0695787343
2022-03-15,1829373.7303284537,1401700.1445721528,1051598.0756907149,1835973.6603003987,618965.1546063548,647027.601502817,793044.212898789
2022-03-16,1843547.7546411478,1418561.4352679504,1068623.5743051153,1840782.6319567184,625757.4541576243,664392.3419237267,813600.0622536947
2022-03-17,1887782.454680144,1448920.9488018486,1092906.5559752255,1897018.6689299457,649474.7685761965,682410.1928389458,826305.0145852063
2022-03-18,1902094.5318086161,1465640.791463907,1103623.875233374,1893251.2198833127,649694.4082517402,692442.4000093036,831299.0476386949
2022-03-21,1919111.1383307255,1493867.7023602233,1124180.2752143547,1946057.7781215215,656958.1349254266,701029.321552454,839655.9880823066
2022-03-22,1925932.831123205,1493968.7249351323,1126317.0528808928,1932052.838060736,657105.4821904161,707118.7605217865,841925.9965909644
2022-03-23,1920958.3462796842,1499200.828539491,1129406.1759090666,1954778.7718447852,652587.9627023487,698073.1215840891,836472.2398407027
2022-03-24,1958737.0204248622,1521728.1730966368,1147735.4976081634,1948976.365301401,659805.1136417837,714676.8858726263,849067.135562542
2022-03-25,1960715.152771786,1533111.1172764115,1158346.5211200393,1973973.2148860896,664973.0143358454,724352.9105274093,858337.9658593539
2022-03-28,1954765.190420642,1515599.5435524858,1146257.8475383103,1934433.9797614343,666350.0442948906,718597.1446818851,855276.9832883233
2022-03-29,1960375.3143354505,1520948.870709428,1157744.1554439506,1939862.7680991176,683416.2890754993,719371.510902373,855747.9304374538
2022-03-30,1947227.1717575686,1512531.0995439657,1153027.299014239,1946413.304545924,682135.8745017208,712222.178772955,851286.6566165551
2022-03-31,1938134.1659709364,1500992.1094187833,1141742.9619199445,1932200.850926543,664651.476492323,683891.994281043,828611.1002023187
2022-04-01,1938205.331218097,1505280.3666366744,1147447.177400299,1948848.72162627,671948.2790578866,684621.6547296243,831685.2621422694
2022-04-04,1954543.7045490476,1518951.6757757606,1154810.463250258,1958118.9912762316,675318.5980053771,686564.4614544256,831793.2455311436
2022-04-05,1924975.3561577469,1491679.760359094,1134604.8835012608,1925037.3195372117,664155.2010610456,675669.562962506,825346.0651776827
2022-04-06,1892035.9194126534,1470318.771436847,1126651.3103596026,1919523.9916537327,678690.3532869766,678453.5880042306,833742.4566581992
2022-04-07,1906908.2747007655,1484493.7354595845,1138479.7764097394,1935825.9143532694,698662.0934745464,696609.3621471084,849635.4344737944
2022-04-08,1908084.3090675725,1499043.787073451,1151093.9650097287,1984134.0643896568,704462.4716638867,701145.4938062734,855630.4829866188
2022-04-11,1870006.1641331355,1467260.0781794765,1123764.581232363,1941211.008347903,682112.1660604088,674948.5619427398,829973.6966697499
2022-04-12,1880271.0292428564,1484138.6669399282,1134611.7636542628,1968920.6142147153,687640.4773175283,667130.8391545818,827877.0537991329
2022-04-13,1903877.9336703322,1504901.5923064072,1150724.4956987374,1986323.2047799595,687268.704623599,667375.728360195,831300.986296314
2022-04-14,1881357.6566088775,1490907.6093625654,1143630.8510418693,1980791.7887980067,683612.4618175415,656511.5509974023,821417.0986227569
2022-04-18,1899838.2418612442,1508783.2527744684,1153029.2480212112,1988489.3278642548,692038.1785881122,654884.9534030091,819839.4175854713
2022-04-19,1887294.03699579,1499266.0479941475,1149641.3506740506,1973267.8423035312,679226.962976405,647933.4481586207,820062.2687741857
2022-04-20,1896443.5143434093,1492154.1904703062,1147185.9073615524,1979156.3293511898,692043.017205023,651787.4634027984,822873.2666554556
2022-04-21,1848079.1589373345,1451770.6306967498,1115756.6459035052,1950794.9594374283,666010.5262678144,630684.8578304924,803533.4598847664
2022-04-22,1813028.599895785,1415228.6842028413,1081686.5604220605,1922616.6839332418,634124.8923747521,602858.7669555059,779121.4457280312
2022-04-25,1780596.1259216275,1380107.5354124308,1064568.2067533028,1912602.1258331516,616543.3018641485,594962.1959127332,775661.9809748562
2022-04-26,1779194.1912879376,1379534.173420632,1055319.3595110306,1910152.280263178,614659.3599418908,586559.194773534,764082.4922869705
2022-04-27,1800652.5875229272,1395816.9672804882,1064115.7038601758,1915591.5318421824,625851.2402877103,593034.2218300675,771755.1192423116
2022-04-28,1829616.8887148746,1419719.724305424,1088537.4558943564,1929116.604342006,647084.4312507551,617810.2367063517,796872.2033111334
2022-04-29,1808032.0964142028,1395495.5076424417,1058067.3671503307,1896450.2188620416,613193.5419677215,582537.8268596572,757483.569969042
2022-05-02,1818026.852448216,1397742.319236584,1062846.9790149303,1912434.3970228322,617629.3121163083,585494.1729266365,759508.393787774
2022-05-03,1862646.9663806153,1435448.747031867,1083891.1483907565,1930469.9850024881,648476.1254206413,595475.8986304675,768723.0961444285
2022-05-04,1906121.337940103,1468000.4269511416,1112804.6666635713,1950298.6402752,685054.383492431,623672.1087153956,800823.2193530005
2022-05-05,1883571.1101173293,1438582.3653643841,1081781.0456734991,1943641.532724334,677569.2709075728,610000.8534201102,776923.030205601
2022-05-06,1922188.0044202586,1463485.9586610207,1098231.364039217,1961079.8937785563,712790.4355724957,623759.3949641923,788413.5369217641
2022-05-09,1806334.7755427225,1363863.8926965194,1028009.9678769442,1901713.2403633958,647282.3775976156,580805.6097061621,741297.4734787281
2022-05-10,1822635.473788513,1379741.1903361364,1041005.1924873285,1910530.475534442,659678.0584525098,584113.3039125591,742779.3775804156
2022-05-11,1838310.8843112255,1394661.0854142052,1043935.7771049992,1917498.8900586222,668683.2268774896,585234.2628801435,743218.1697854557
2022-05-12,1840594.5347152732,1391542.8989940425,1042242.743487624,1928424.8391908044,668005.2736707948,593418.5055919697,749746.7685663037
2022-05-13,1901335.7054621729,1438811.755168557,1077310.4786431496,1958186.2648110224,691700.8671439526,606960.2619871362,769201.4119834977
2022-05-16,1938590.022915621,1463531.2968012714,1089602.5531997818,1987077.3235901934,715706.0225617123,625645.7811358875,780557.9836387709
2022-05-17,1953446.3601572982,1479783.1922265016,1100310.6478153563,1984930.5777624552,727437.9547378495,628962.0901301426,794869.8977095457
2022-05-18,1902618.530476134,1435353.216267322,1056577.54617601,1925687.5951624545,697917.487156666,590835.4757662559,756579.9131483391
2022-05-19,1899784.398919958,1434809.8650165366,1055401.9243000266,1921968.2505385606,693638.9086693997,580682.8329300547,752224.3384091685
2022-05-20,1894722.4776379287,1428193.2614836434,1054631.2788651134,1901727.922961406,697914.4929241322,587457.9566554752,758100.6058484984
2022-05-23,1938358.4141418524,1469677.902946662,1086752.7773604302,1950489.2550328951,718745.7718102031,619169.4663013975,779224.1031229764
2022-05-24,1921102.1378827766,1452860.8698898377,1086118.4139639242,1934507.9694007123,721531.2345955252,612947.7379095891,778795.4142596006
2022-05-25,1945505.1635026245,1480416.1142480054,1107927.7235468556,1962574.4706991804,737144.3832756623,636167.1586317708,795405.4746912109
2022-05-26,1948395.7041609646,1502116.6822235198,1137652.7190508894,1983047.6458517653,753491.4461122106,669041.4877777207,814271.4377292051
2022-05-27,1970593.3832421075,1534358.0965367677,1161079.9720504314,2015944.9671936054,770175.5236156096,697352.0596846661,837944.9506261076
2022-05-31,1976221.590886026,1527918.3174414427,1151918.3194364577,2004932.8554674985,751819.4071231883,686359.1438856582,821556.0016230402
2022-06-01,1967191.6006059116,1525605.12066939,1150410.242892222,2000191.347889416,757976.4212172051,689837.9527983678,821381.3218670867
2022-06-02,1971498.000006868,1532780.6166749178,1158261.713429685,2000374.3906478984,750467.7320941535,712287.4102167554,828815.406023226
2022-06-03,1975779.9462192175,1527804.5185824428,1156850.4521862117,2006176.1393537505,755067.7045960726,698213.4559412772,821651.2888014329
2022-06-06,1971230.1746591653,1526320.174041594,1158058.228964867,2002600.4912210286,752116.562233981,695227.2668666571,817051.9588284255
2022-06-07,1978446.5058063976,1545700.0326475713,1177123.26341983,2024771.2418992827,766532.4213374613,717509.2141819206,840037.8149275951
2022-06-08,1965610.3399223639,1537685.0056444246,1169280.7400092972,2013464.6681304616,754674.9249313902,717560.3725829584,836887.3983463787
2022-06-09,1935327.066598829,1509276.6245999122,1147965.3262418716,1970904.0325124064,730100.8448457371,701645.6003156843,813459.4570326019
2022-06-10,1914464.1962111702,1484413.928739199,1129541.2098848103,1944593.1178532122,714152.6347089558,687344.4312510439,796035.3955812609
2022-06-13,1862643.2182381556,1425646.319581371,1080413.5289556233,1880217.188882543,663899.9913767892,629386.0729706815,746853.6311072083
2022-06-14,1894612.1980451718,1443965.5082387466,1089603.0436036624,1891654.4940947862,669143.642103442,635564.2889223581,750577.9827452993
2022-06-15,1881489.693012224,1438003.9823126183,1081425.9643266469,1885963.836243164,653803.305222656,634078.1351344303,755898.6436171349
2022-06-16,1824542.3082281218,1374827.8895489955,1033174.4346179974,1828975.5833146367,610574.8386868202,575970.6486901126,718642.5903844194
2022-06-17,1784627.6369817376,1335428.6102614845,996804.2269663926,1804254.0889312704,579600.8325928919,538313.4740261919,696706.2029784814
2022-06-21,1819628.237400647,1374201.9381363408,1035588.9731256473,1837680.2295606113,614705.0045598486,589168.2106447152,734972.0063198966
2022-06-22,1776102.9408002044,1336225.222922461,1002746.9661898982,1793160.5288704524,591876.0969646489,552026.1970153201,721361.1257468937
2022-06-23,1723695.4553800449,1289317.4884392507,964034.9578822138,1743815.62870786,561539.7728900398,523795.0514388817,713877.9301503706
2022-06-24,1738385.0147818886,1304422.5705528362,982546.326281187,1751180.0646601976,577374.7400475469,547622.3765588661,742562.9738099035
2022-06-27,1778871.9969397716,1340264.7193468602,1012610.5990671152,1798395.7493426264,609112.5667703131,567520.7104353234,752533.6785337004
2022-06-28,1805786.4147517255,1361398.7934328516,1032431.1540059624,1830142.1589395904,617194.7677980686,590089.1161364194,752976.66526051
2022-06-29,1762406.5596100467,1324433.378607839,1001352.6359066167,1776935.7079169718,603902.2747462948,563435.822333073,742707.7722756077
2022-06-30,1747980.3395455047,1308462.0431623003,988543.3719010544,1759410.6507615992,600577.1015695756,544766.8943563785,742805.1801839583
2022-07-01,1753617.8465847978,1318921.6197870283,996121.4627561539,1769107.2995985139,607749.3779376016,557089.2194207519,753440.1617948312
2022-07-05,1710914.0491911168,1278737.0045338934,953226.5633922452,1722575.113668992,570744.8916416133,519914.0953151134,727410.1493011623
2022-07-06,1704029.4315751533,1267894.8426118726,941220.6157159072,1712254.4605753066,567804.9608547378,502004.08684083255,726940.8945117469
2022-07-07,1739499.72809741,1299453.6600954076,971636.3236982818,1753567.5221752175,583537.1497695417,525030.5257002667,740196.3265415764
2022-07-08,1744659.8346769863,1305387.2717043525,974756.5540662345,1756802.956842903,594602.3265747838,526616.5402530232,740781.8353637301
2022-07-11,1732863.2474871576,1297954.6321999077,966957.1206430502,1745575.9611328265,588781.5978546719,519229.7018462046,735759.7783026699
2022-07-12,1708934.8253050442,1277897.6229231416,946981.9575435624,1718575.600911274,576430.1984054983,499922.3211358076,717794.6099763849
2022-07-13,1721896.2597485979,1279529.4317392744,945549.4435686807,1726844.4948806511,573206.9795938847,498099.84237555065,713659.7404324022
2022-07-14,1686644.8869000538,1256470.0750885122,925279.800122434,1699979.7815190582,558720.8409154268,481373.4018548922,700031.0442007631
2022-07-15,1712378.8858272743,1280595.5769287385,943685.5459659379,1723721.381957778,576553.9520291521,497800.9711009029,714219.1454374279
2022-07-18,1737804.0100832519,1302142.8399356834,958953.505443765,1745805.4923928664,591667.2939229483,498449.0355573937,704364.1897050862
2022-07-19,1779570.1118214868,1340085.9803911645,994072.1636212404,1785550.899033915,624364.318796617,525316.4996285185,726181.7618020452
2022-07-20,1794379.705667693,1350372.9504194586,998927.4886487218,1797206.8360581,631491.0494123404,532679.4169585435,717762.3185262793
2022-07-21,1759434.5487463172,1321145.5451741677,979856.8607357008,1761012.8242058293,601310.5648173402,525197.2595895841,713940.1306597969
2022-07-22,1744699.6589811898,1304839.4524998334,969317.9266702974,1746312.9442448977,591406.7483074514,520182.11854179774,710737.3696603193
2022-07-25,1798927.3443740662,1356215.8960213978,1006398.0749788914,1798544.9629395248,635717.7254492559,545060.5202204118,730492.026524046
2022-07-26,1777114.8424298784,1339747.4525365797,993118.5403036944,1777058.8150321476,623093.8478264542,536476.9181745313,729390.1583291418
2022-07-27,1811364.3409038181,1376473.467606846,1025115.2807532921,1810833.8346100464,655632.0616437681,548068.0080382257,733380.3540920198
2022-07-28,1814683.7129919447,1375440.3512882171,1025772.6603770978,1811323.055607011,656901.1736379307,559020.247903062,734923.3637240233
2022-07-29,1854954.089332763,1410195.771935944,1061774.6551174666,1848366.2461914702,684234.738589633,606684.7612048783,756194.847191429
2022-08-01,1835196.359385034,1387837.6351280739,1041493.6696005119,1831055.8568229477,669204.8762669944,585756.1150335844,738281.4684215604
2022-08-02,1834082.168441534,1398156.2194049638,1047750.5479337177,1838700.6768046382,672986.4254064335,581822.5550291954,734550.1781048271
2022-08-03,1779612.9581551687,1358395.3038915945,1023507.0637276223,1790184.0374775107,633492.1039733477,557396.9543098321,725845.1119255213
2022-08-04,1725486.022292423,1318301.040533651,991140.6530479367,1733585.1347529092,595409.3118473289,532272.1467593559,710458.9113765631
2022-08-05,1754114.8485000338,1347622.8967276418,1012777.4327969636,1755166.297799144,617092.0983525583,543160.3330143618,718853.8309542036
2022-08-08,1768393.5381813464,1356802.746672936,1018476.3002261065,1767965.723354059,626800.957253905,543332.9681122373,723837.065047449
2022-08-09,1797975.452590645,1382312.228919379,1033978.0274438419,1800024.1300070616,655264.5962697356,556564.2490498915,735867.0675333487
2022-08-10,1809965.504295062,1392636.2545972515,1043814.6266577046,1815215.5411982131,671856.3191284433,561031.6647513525,738322.190857709
2022-08-11,1861566.3283043986,1435336.4371711628,1075634.3310392993,1859872.9033462391,706357.9536464748,580077.6245333679,744458.6410266989
2022-08-12,1872848.5454700682,1446131.0857988223,1091865.2405302315,1867188.9660247052,717440.8061492869,596907.5354121441,762576.8265567063
2022-08-15,1843576.7391904793,1419096.556843233,1070817.0576882884,1837621.0638965918,696395.9111385775,591500.7203546291,762585.1298127357
2022-08-16,1839590.7254973273,1416538.176794486,1070799.9947193472,1838691.2318906873,701742.027419547,584450.7759826723,759657.848288457
2022-08-17,1854066.918135255,1428012.1201018111,1073989.2459258016,1854809.1226330933,715778.2769439039,598125.802250005,764070.0767573228
2022-08-18,1903460.985171447,1469165.9455406338,1105301.1178243258,1900844.095152495,756027.9025898804,615981.6710868328,770856.0272732789
2022-08-19,1925282.4801424388,1479389.5085974874,1107787.227245839,1920649.5816293813,755672.6680031494,616282.4904071902,775489.0690263472
2022-08-22,1927333.866463711,1481013.0446070416,1104779.2227063146,1909300.3677709715,751498.0592305862,610833.900453934,770468.9810561244
2022-08-23,1970551.094973504,1514581.5373314784,1129961.6091510043,1921116.867767463,784894.786092699,623272.3740438075,768678.1301500435
2022-08-24,1993369.3592061356,1531457.0585681158,1146904.5412234794,1937332.2193599239,800088.5145850787,634820.6260968532,776216.5202524731
2022-08-25,2007929.1154674632,1531470.086262604,1154249.2805938553,1926985.9991494291,815120.9176449091,642922.263345589,784451.8235641702
2022-08-26,2000668.379179152,1518082.80654299,1133497.1832227386,1895079.3923155677,803536.1688957828,627725.0966778407,766839.4435841566
2022-08-29,2008910.3643451044,1530828.450091453,1141175.6424934855,1892654.0525892072,810793.3322762123,638058.6888810487,771111.7367048276
2022-08-30,1956296.5893267286,1490093.7939874234,1109176.221698107,1877182.7880726948,770993.2129474904,617711.0216084353,757270.1078864377
2022-08-31,1944515.103033491,1479989.931859637,1098887.4636775046,1869238.7785350005,762283.7292353959,610097.783038247,749308.1836182578
2022-09-01,1910514.0086311356,1455882.3796812433,1081018.8122596187,1862540.5316992386,740430.7427205186,608371.034790409,756038.2232129276
2022-09-02,1936729.0748319705,1478041.7767220268,1095796.45172296,1857936.6622582837,760063.4268251355,613792.0598108013,751093.5547511708
2022-09-06,1914301.4989335816,1464717.5511443191,1083640.339014632,1867314.1010161445,741821.2244706425,606249.4538731361,749768.7582108167
2022-09-07,1899016.439549861,1452796.9768994334,1078780.2748903008,1891560.936197666,734772.234052435,605194.2366378972,755477.9971751709
2022-09-08,1898847.2286176267,1455511.2856686166,1085576.5239187216,1896478.369202926,737693.0860975827,614393.6646772401,765141.045341968
2022-09-09,1916578.3740749776,1477685.0519814398,1105104.5515021982,1896421.1728659493,747909.1525103349,633361.8943681442,776852.9632620683
2022-09-12,1931947.4266533903,1493997.0881865823,1113257.7286990534,1900508.2880901434,752162.9678586902,645347.8534734296,782068.9272097351
2022-09-13,1912956.5496669156,1470807.7995288277,1085496.1810619305,1873994.1202986594,729623.6363516867,619072.5638849103,755102.4040263931
2022-09-14,1944739.3086232133,1502733.9764892617,1105484.8508615964,1892532.5023530973,751262.1448256966,640101.1961987866,767719.7089744642
2022-09-15,1918110.7699137742,1476510.5784230512,1087542.6584155094,1875566.1673464202,727247.8474106938,632521.8324464225,771448.7351639415
2022-09-16,1896251.0804869444,1461216.4099946767,1073424.8424229354,1879296.269722485,711667.1925420467,620586.0943753913,764957.9210102347
2022-09-19,1906032.6570353797,1466766.2544345667,1076282.3780317532,1897936.670569626,721786.4153887738,615845.6932256445,762544.1874975049
2022-09-20,1909016.4228581886,1463074.9166135744,1071657.9526360591,1871328.0770074108,717163.0138029391,611933.2649461795,757923.9220638833
2022-09-21,1892162.5063427766,1449464.9863905716,1054865.3967445085,1868498.3802826072,703309.061165767,598576.2608638819,744226.778574406
2022-09-22,1885627.491804761,1440097.6742997633,1046135.690847448,1832573.434148674,697116.7497675312,600068.3843507596,752388.331230368
2022-09-23,1833213.9374348726,1393245.2957295869,1000157.3772525663,1822320.3894884677,640313.1585832889,542852.5559616704,717891.0353782392
2022-09-26,1806660.3727017834,1373294.357827146,978854.4623033183,1810136.9842209532,618107.2085830551,520633.84711160406,700842.3798118427
2022-09-27,1826013.0973043486,1390633.2746807109,993135.8180130724,1822268.7424276196,633528.4403753466,529648.8952370938,707280.5519193207
2022-09-28,1872701.545548996,1434466.9407167751,1030027.851737693,1846010.7010283987,673288.4515295364,568179.3646263133,739707.8383909515
2022-09-29,1866659.492214583,1423836.8651436258,1024489.2801649694,1816997.8290034982,666525.8345066097,569996.734267939,733960.299774183
2022-09-30,1858663.2118791898,1417112.5110067078,1017720.8890969448,1814615.8176781398,657682.5473911514,558991.2838862928,717551.4733471752
2022-10-03,1908822.6235198195,1462455.0452601868,1061623.5062685509,1833509.6055930255,703838.7722100483,611819.6974972468,756200.8223571618
2022-10-04,1947019.4158556378,1498373.010355826,1095684.3922737532,1866288.6847401226,743762.3583849153,647527.4413893948,784996.138094911
2022-10-05,1954056.2236651396,1497487.324734919,1098589.589798749,1841805.9967761927,749541.7575542068,659946.0191849103,790612.6352751398
2022-10-06,1974423.7030598286,1510350.1456052877,1107682.8550170376,1831783.768425421,770317.8702286627,673080.7859963087,795025.6857196757
2022-10-07,1959095.6518566844,1499346.6893704447,1096428.7423698374,1812109.428157239,761450.3025138992,668157.0985595135,790117.028739633
2022-10-10,1938317.3292415952,1485396.8575061501,1087387.3047852954,1811776.770599935,743628.3857860279,650045.3885429566,781952.963953615
2022-10-11,1918599.640593637,1471266.5891563622,1077646.934370285,1795623.7292060931,728308.2738905991,644874.7264138431,785080.7188948152
2022-10-12,1930219.432993293,1475592.0573379076,1079932.5664435576,1775543.636227963,730620.8146768028,645468.4838078098,777722.7268081787
2022-10-13,1970199.0846352808,1512145.4193467058,1113764.6778517936,1795706.164053252,772224.5706827848,684979.7778307259,808847.2392624627
2022-10-14,1916040.8983372378,1468777.8725802887,1072144.3890952386,1766159.7437651393,729605.7398171308,651815.4337806442,778333.1743598267
2022-10-17,1929362.302451574,1480580.490356091,1084340.5559329488,1790196.6893530288,741307.4495934956,660273.6046924818,787395.1197972391
2022-10-18,1941225.813113563,1493917.2838070295,1098168.189867591,1806688.0139193167,750774.1723651689,668912.7669673621,800970.9190798306
2022-10-19,1962937.5542169968,1508958.942823555,1112296.0608464316,1795142.5907971514,766855.4087632028,692297.9661141223,811147.4430552216
2022-10-20,1970592.232077195,1513976.8582361888,1113782.6076975374,1789747.6866197262,775293.8822989494,696314.7842900666,811808.1794853519
2022-10-21,2004240.6253499524,1543112.8156317563,1140796.508948361,1807799.011561231,807989.9473889883,723099.0140504704,839174.9104526478
2022-10-24,2006502.4370787304,1549552.5921241434,1148036.00525935,1809338.5337444302,825938.1866766406,731968.3646477798,851909.6389270015
2022-10-25,2023105.9111971078,1560639.2965702573,1159900.5152491885,1841911.1352127786,832849.6313586198,725958.135595558,849251.2214722851
2022-10-26,2024993.5553741264,1577479.541109809,1174124.6444129439,1866665.9113261485,840327.648728943,739778.9410308864,864246.4752159149
2022-10-27,2027128.1675412243,1577341.8049815767,1174369.3083211393,1878509.5017528937,826233.6545007809,726178.4895252589,859603.2362768283
2022-10-28,2024568.6169834002,1587728.8992491774,1183565.821814637,1888628.808994666,836843.4192404666,751709.1450256228,879558.4344258952
2022-10-31,2045186.8291611194,1597383.728014431,1185178.6817333319,1873679.283708726,849868.1590795878,754176.9060980905,879872.6644592002
2022-11-01,2041578.519868965,1600735.2623236913,1190725.6955890832,1865572.8763871281,845686.1612197148,761650.0401748195,882673.7661299737
2022-11-02,2001535.1385847572,1568150.4691366127,1165349.8801144056,1828630.5618596408,834768.0663142629,747108.5428803794,871662.8482851133
2022-11-03,2015513.3515951275,1588587.5332461118,1182779.4290570174,1824418.066216172,836757.2537992657,769697.9709271402,887074.7979106336
2022-11-04,2029540.7891746424,1588794.2709404381,1190850.8831102247,1840215.0214533121,848021.0373525809,776268.9767979715,888835.6128260514
2022-11-07,2052541.9557065177,1598052.7038590545,1203795.707056649,1837694.561777013,871616.2855465559,787289.5999017046,900377.8323472348
2022-11-08,2054101.011888939,1603961.8324884772,1209612.0393695415,1854588.6917812538,867990.5254766505,792471.6796771913,907410.265091245
2022-11-09,1994344.6772439065,1561786.7372153644,1169726.7118985816,1836083.5974994847,830402.1164894763,748624.3435910464,881540.08562229
2022-11-10,2016946.0767718551,1591238.98476824,1199772.6258736006,1941998.6058754511,843875.3306957115,767398.3182696417,894518.866680253
2022-11-11,2015684.5373214139,1589891.2430987032,1201429.9912000285,1938030.1155228317,841001.9636214025,789035.740204536,886737.9043472207
2022-11-14,2023219.1189430635,1596282.1671166797,1202681.7249775357,1932020.8417834872,843353.8987596482,789559.67462814,888415.9666437776
2022-11-15,2033935.5262807193,1604274.6871584076,1214275.5979952102,1918967.2376728333,851220.4209892406,795608.0667426039,889881.6367035084
2022-11-16,2006019.1775457938,1586936.713077865,1196578.6439683214,1897827.2802696803,835830.2859515157,776332.3059366689,882976.9799631257
2022-11-17,2005615.2273983958,1593511.7644847578,1201251.9773602665,1889602.0730689075,840746.1538380795,784881.9131097322,894673.1759739598
2022-11-18,1997612.3014394077,1588342.8081489804,1198616.870062138,1900773.7887008183,844749.8080411577,775549.8269349148,894926.550398309
2022-11-21,1983585.9000893044,1577350.6527824197,1190019.4802393795,1900755.6937861487,836268.0744301057,766187.6859795533,890253.3076082784
2022-11-22,2027548.9604991782,1612946.7470426986,1221047.1853560982,1919364.8295744886,869151.9364651707,793663.1732566244,907123.9775782141
2022-11-23,2013957.0210631147,1601064.3115011682,1207912.080771563,1918832.2340073446,862327.861866514,780053.2043163803,896982.7663838381
2022-11-25,2008758.3642463835,1597845.205655355,1207948.259617314,1918711.8868340028,861310.0568618965,776822.4609411338,897802.3767379593
2022-11-28,1979828.043206072,1573715.1561653602,1184877.9948670908,1895649.024842527,841190.8058517358,753279.0888755757,881049.0143779886
2022-11-29,1993722.9595495716,1585639.9545016252,1198803.6330088177,1887710.4178253629,848789.8712484911,765372.9775272488,891370.7313970858
2022-11-30,1991465.2672558313,1585244.654708032,1205557.2870827706,1932913.982095078,852696.2617350513,769093.7067938002,899350.3847380773
2022-12-01,1979582.4006645018,1578340.6913468672,1195270.9642720234,1929962.4990938164,843783.5297779596,767334.1406915722,895572.950990561
2022-12-02,1960183.7086015819,1568130.0457469693,1196557.9581354992,1942217.8418573746,845182.3721955561,760853.4428272896,902004.6850964705
2022-12-05,1917143.7441816307,1535921.487243024,1169574.1211231188,1928247.2326671989,819085.2017401053,736979.7723007873,884890.0181274505
2022-12-06,1894912.9302949444,1511697.2831124356,1148596.3951894145,1904026.8533636876,799749.0846193705,708172.6142961887,867095.3954081151
2022-12-07,1895301.1895980942,1513819.7748661165,1147504.78891995,1915562.8960990945,804304.1372847564,708540.32699617,866699.755292902
2022-12-08,1882374.6814906276,1505283.5035188752,1140817.601338441,1914077.665192073,804282.6876586055,707605.4862500699,868362.4533517127
2022-12-09,1865491.019733746,1486330.5674455627,1117833.6173682476,1912368.165086688,782764.1430538885,686069.8672353686,847601.3121204674
2022-12-12,1895806.0651336524,1509170.1016125032,1139772.6913342352,1916810.6558029521,807072.1723711849,699912.1592900481,862996.4078326012
2022-12-13,1899788.2335121282,1511814.250127493,1148057.3405384484,1924336.2058057857,802844.8871345673,708957.4491779746,863906.1968780786
2022-12-14,1899876.921783723,1512631.879806702,1143565.8593759455,1927772.2047958581,800857.9546113341,708531.6047597585,864839.5320310206
2022-12-15,1899624.1994497005,1509584.5652992285,1141558.6253929548,1888330.8183189277,795328.049173542,703462.8153698769,859545.417700955
2022-12-16,1885769.2717898334,1499659.4668219376,1133134.3719009734,1880897.4141036181,794349.4557313776,692586.3400646005,851368.4269708917
2022-12-19,1882520.0567273211,1497839.3904327299,1132281.7669729115,1868206.2510039313,799394.9871365374,696300.133622421,850677.5378027337
2022-12-20,1891048.8043818374,1510394.8548575095,1143416.0445497523,1867472.4119621934,809347.0411092032,715856.6816684005,861210.4546663176
2022-12-21,1913831.5935895948,1536313.9283225597,1164423.7204849443,1901840.5994270507,823095.9131686025,739329.0686732291,876506.8900202378
2022-12-22,1879396.0635539175,1504369.194156104,1138375.4151420835,1868092.8706166733,803060.8452927942,712262.0401506706,861101.2542372212
2022-12-23,1918745.1998731762,1541798.6991552233,1164844.633968272,1859458.6751586734,830577.0322231266,746088.9210786276,878979.172069145
2022-12-27,1928955.8870357685,1553056.7459857508,1166940.6150157303,1824319.1603870853,839325.0534044481,758607.6522377306,886305.275409382
2022-12-28,1889304.1257291117,1519167.822733885,1140775.870026297,1809533.4802346902,821265.2301775086,735163.1325117346,871810.9324461212
2022-12-29,1899915.2507954405,1528095.9826874717,1146497.6610533567,1832447.3953701279,826838.8013041822,743497.4949746388,877578.9902675007
2022-12-30,1906775.6697731533,1536647.4499992963,1151580.850955617,1830749.097848969,832498.4565766281,753562.3168050628,883386.5195018343
2023-01-03,1854405.1995068863,1488753.2351419418,1113351.2046120923,1813172.9138025888,797234.9679374143,714909.5979380904,857459.8446177958
2023-01-04,1854025.1003155222,1490691.4799982451,1112850.7549298976,1841659.1862060414,796523.999358874,714376.6962473597,852070.7335685276
2023-01-05,1870788.3375386316,1508575.0475837595,1128243.829187081,1836473.2373370426,825724.1226060364,732827.6269932815,861714.6430415786
2023-01-06,1891221.3501318167,1529309.6619846192,1148722.841700303,1850933.3315967906,843191.2783610283,751899.9498721391,870514.5698672395
2023-01-09,1901389.390730608,1535779.2559290552,1149090.2497607362,1846103.98723607,837893.8803955305,749806.2224361908,855336.9739805559
2023-01-10,1904731.4683079724,1541738.240866355,1152274.1785812185,1872836.660035827,848688.8166072608,756305.6085880767,861777.2725870018
2023-01-11,1908419.8630286176,1544609.4349580493,1154103.2023903646,1883632.5167305702,854606.8226708315,758296.0295530262,865428.6433415405
2023-01-12,1938159.3256153807,1571224.070518829,1173432.0608715452,1896516.2442627072,872535.6179902963,780086.2802664717,877383.8529506386
2023-01-13,1938966.35095683,1572456.9415553361,1177449.6331797843,1912104.3815954202,874580.8485058069,783778.6983454702,874944.7923631787
2023-01-17,1940394.6853534854,1572518.4972121448,1179295.8245020418,1911952.5008710343,875352.5543536281,786279.5565986312,876750.1730091082
2023-01-18,1921891.916330732,1554353.7747785072,1161214.9548504238,1897550.1767022645,862900.1618086859,767484.6298809864,860090.899683665
2023-01-19,1940859.2354690875,1570445.5173825556,1165553.5615957482,1862215.896237153,876867.8092202347,777938.7652278765,865292.7417783277
2023-01-20,1956634.1312581294,1584244.981860021,1176140.4342096604,1894999.2684077572,895205.8298687366,789612.2708022717,873489.7926502317
2023-01-23,1972783.3776682222,1595276.8225939265,1180686.0895305322,1904038.9047497902,893123.6536214603,785842.8870592918,866932.9633804196
2023-01-24,1952986.3127713115,1585477.4083565616,1176124.2367599062,1899682.4886973966,891626.8701968977,788356.9010588231,870163.6031366824
2023-01-25,1944361.5271050162,1578443.1159640686,1172371.9163189211,1899618.478135762,894538.7737260524,790404.6116988546,876558.0921442452
2023-01-26,1984916.897857521,1611758.4222585624,1194106.7430199953,1915390.1879387395,906332.4373133066,803686.5309258664,889999.9989601133
2023-01-27,1986842.9916154793,1605187.4909463916,1181965.8751569954,1922952.2734747303,895597.2781749257,781368.293152865,875849.702755168
2023-01-30,1961567.188394971,1586359.934505113,1167832.0045221637,1896873.423316662,887626.7646177374,773649.8026243165,868301.0255351692
2023-01-31,1989899.9363020847,1603736.836901665,1182496.4711573068,1916423.670372776,899291.1856959999,786377.1160712447,879799.4804176495
2023-02-01,2003044.1825924416,1597655.8822465232,1174232.1462753671,1911940.1876066518,889606.7773281637,777301.3037434235,870594.3123742947
2023-02-02,1987579.9777508816,1584481.4522166112,1155790.8101207102,1879762.194798116,875247.1334007201,747484.472207383,837429.6319702681
2023-02-03,1978226.1844970153,1579543.8478545235,1153208.5223085796,1881749.022756396,878252.7589505822,747428.095366139,838352.7906677959
2023-02-06,1969846.9298011388,1566652.4168676033,1146584.721090074,1888492.2580241938,872879.2515839414,745773.5726128232,840083.4472746259
2023-02-07,1987856.942156422,1588637.452548528,1164602.8064929212,1895720.124063118,890548.8820678075,760854.1418131243,853338.1513847391
2023-02-08,1974571.6794290396,1580615.826843109,1159026.5030137687,1891048.9211904085,894150.531129579,757699.5188801809,852592.5993927759
2023-02-09,1957335.4120502486,1570425.0355616058,1152766.338327799,1886029.9413968462,888437.20781263,758341.2024453172,849952.2598670952
2023-02-10,1973706.5167064779,1594702.6124850607,1178706.6440651105,1903792.8490486732,906648.4196503418,779281.4608842559,873467.125768045
2023-02-13,1977813.626528172,1593991.0592534058,1178276.7494911014,1914168.9976375957,908907.2680202621,783565.989962061,878619.898138185
2023-02-14,1980395.3150595613,1594133.2259334885,1177504.1403180491,1903628.7517132687,903187.0379407154,780614.572411044,875666.9798904192
2023-02-15,1985750.9553481713,1593712.076094125,1170763.7329636414,1910998.1573923244,892244.2773657743,768274.0342291866,865516.7718126557
2023-02-16,1962265.000859606,1584859.094506278,1162069.4462911964,1893012.033643556,884233.3310207691,758187.6243525138,852738.6703661336
2023-02-17,1953008.6235221282,1572688.5471638234,1149628.3203331386,1883735.8223559477,890072.2023031726,753607.5697338751,847097.6400325114
2023-02-21,1935010.1073094255,1559423.5060377968,1140443.0083756864,1882656.6820840396,874739.4061773733,751987.8811599688,840683.895706344
2023-02-22,1923035.4071525922,1557852.2191083923,1137357.491662693,1878615.4504056587,869890.5903655883,744112.270013527,834979.988916378
2023-02-23,1931823.7973366326,1568884.5827522054,1145248.0323654283,1870290.4268909264,883189.6974401313,748741.7326167178,838886.5258129397
2023-02-24,1927335.5133414688,1569883.4549125363,1143926.258099489,1863293.1232589562,877226.3503670093,741714.1242121158,832699.9397662631
2023-02-27,1938036.1087731028,1577851.3351630913,1148504.585444672,1870088.5941458517,881234.8367151332,739672.0793819793,834937.8860569532
2023-02-28,1934657.232402783,1569063.3476991672,1136346.9904443002,1877016.0506513536,861783.6142937078,724224.0671507985,822939.9541531719
2023-03-01,1985956.0869094243,1602095.6419804369,1157763.2598169611,1906388.0998950016,903373.2274582046,732611.8963726548,833593.0347625121
2023-03-02,2001177.849688698,1610366.65731106,1163531.3149755963,1916245.5862856577,908961.3237413906,736330.02232364,838634.095055142
2023-03-03,2033594.2743508683,1636782.2462828064,1180617.6388115152,1935496.4482002798,937408.599829311,746693.8198166363,846559.6050413252
2023-03-06,2028435.9173482598,1637180.4023402492,1180036.079377308,1924829.3564509787,943403.2750109768,754214.9296661767,852286.2518596629
2023-03-07,2020191.6481299703,1629284.4464847513,1166246.7594132314,1897576.9188554753,936917.5536800455,738627.9310618924,834622.6214015372
2023-03-08,2021052.2271779312,1618203.47250236,1158128.8368220767,1895591.5953647003,927276.8576581655,729337.8296835459,828699.4168662818
2023-03-09,2006168.8388583458,1605969.296761829,1144504.687954243,1856941.5910227653,921018.532271633,721181.814840899,816716.751504115
2023-03-10,1984267.8387089684,1588304.1282454652,1131995.0398671853,1839018.3665101908,914333.6691583676,714641.217957251,807134.0000903835
2023-03-13,1964303.4168087833,1571747.1511922537,1117377.850057667,1817569.8724737363,894078.7671358405,706525.3256662603,799408.5206552461
2023-03-14,1978377.297162843,1586254.1132144812,1129015.6809571143,1826167.9503588,912293.0170691696,716793.6761568143,807148.7408308263
2023-03-15,1926282.6812064596,1542389.0368894453,1093527.996659023,1775767.4871975738,896532.2687051811,694473.5461796075,781518.740272791
2023-03-16,1951974.6492931587,1558309.2361607745,1106017.4941476167,1799103.513070608,908460.8462104235,696617.4204592095,788117.7689776102
2023-03-17,1932279.7627680984,1532068.662976238,1084740.5315525604,1785165.2908965051,884997.2162091412,676226.7779068402,769777.2783383913
2023-03-20,1953012.3292954243,1552517.1443636247,1105149.4403451213,1798582.1860735652,906817.7273726175,696884.4066171375,786420.5835594703
2023-03-21,1967317.0813195228,1568422.9075575694,1123554.555143878,1824167.7995568777,914443.9945654533,708935.4646729445,798242.2619337388
2023-03-22,1948327.1546621076,1549772.4110237292,1103628.8968628044,1803780.610412724,902569.5208858291,689900.1412652205,782576.2161214136
2023-03-23,1948048.654272883,1547774.5940455876,1097283.4899236658,1811316.168650512,906636.6766896102,689997.3110102088,776741.2887257974
2023-03-24,1951330.4857166542,1551511.9594455604,1096663.6370016618,1803888.13247392,912404.1213355723,698999.6114260361,781572.9107779992
2023-03-27,1969434.502211042,1565452.728278671,1109030.0679957953,1811343.6993570677,924319.526828691,708934.4428102743,787583.1193522634
2023-03-28,1971421.4710551454,1575194.2424777409,1117988.295882698,1809998.2697305554,929397.5315752883,717251.8085547917,791259.3678013438
2023-03-29,1985991.6477047142,1589116.659857935,1133466.8460546262,1827243.4526886407,940292.224640456,723897.9698479092,799987.1920845299
2023-03-30,1989317.0309194992,1593820.120147955,1137394.359805058,1833900.1791478386,940963.1190131431,727249.188637865,806037.3808821804
2023-03-31,2006036.9146153633,1610784.4932153828,1152254.406810294,1854304.3664298116,954837.473225863,735247.5919157687,815824.2907257613
2023-04-03,1993018.0636247832,1614329.6628556112,1158480.3768094569,1857940.235041492,951966.9201714634,758007.0807613352,841870.4514290043
2023-04-04,1954816.710451294,1581874.3071612548,1125632.2523041184,1812249.4765851095,931444.3674417866,751015.4529316658,833781.7467772025
2023-04-05,1961745.6040274473,1597313.516131901,1130261.2571214067,1795107.9204698391,947133.5188202367,766529.3756228767,847221.5323494363
2023-04-06,1965266.03712005,1595356.5336614826,1126934.7954335792,1798419.9502882543,949132.3833529297,764015.2785070892,844050.4199702083
2023-04-10,1984372.5098833274,1605971.387997667,1139663.4768582261,1816610.943514514,960236.8614734136,764936.2572751219,845070.5024001172
2023-04-11,1988946.361977448,1608750.106781943,1143255.5474370767,1815109.6098278216,960925.1710345624,765507.7160649996,846748.7538091567
2023-04-12,1979511.8756775493,1599806.9903324887,1141340.868670781,1806903.8085997582,957299.8400385475,761611.230472984,843752.2300434175
2023-04-13,1984193.3204748626,1608944.5030066276,1148265.0930964788,1810823.0513980724,970156.0724315437,755829.608120177,847834.6197136235
2023-04-14,1976971.5715394623,1605446.184678095,1148861.0780081458,1818121.3069673402,964996.5260453533,751681.5011756873,843478.2487369716
2023-04-17,1986081.5138502042,1605676.3256297426,1150463.3742566423,1829627.1664415144,975728.3141009624,754916.8854195963,842554.027591518
2023-04-18,1987997.2218727337,1609405.7838325414,1155314.5618626294,1844909.918353779,976343.4848322455,760128.0469832069,843693.464027167
2023-04-19,1979197.2369449195,1602270.7070619827,1148100.6417336855,1840985.9817258366,968802.8369312519,760022.1760949682,841494.6657265301
2023-04-20,1992533.6187217694,1613168.516432832,1148751.0034585744,1847561.7216632708,969111.0339448797,761819.4843030352,841059.1214420485
2023-04-21,1987825.4207461397,1613352.15518257,1140222.9683880787,1843060.1682450343,974281.3588210023,765599.6480053136,843934.5954422872
2023-04-24,1985421.1650806023,1613745.43080063,1143997.7186174663,1833173.4287706483,971129.3902489303,773983.3206853282,847218.5851850745
2023-04-25,1968435.9528761625,1598554.9430046915,1130343.530887084,1813201.9511841452,966097.2806833267,766201.0072582841,836598.895434877
2023-04-26,1963789.437623185,1589546.7129452054,1122513.3032055332,1810678.1603473616,951737.1635713627,754163.90897143,827769.1185175992
2023-04-27,1965979.895673224,1600455.105375588,1134034.2141539608,1824279.190005821,962269.7546029198,765187.5858487752,839224.1984417298
2023-04-28,1953953.283924964,1603720.460882587,1140055.7163394156,1820916.9604609958,945410.3541947715,769908.2348414011,844971.7043855508
2023-05-01,1976084.8553381187,1618430.8307851846,1145958.5672211498,1835937.678532395,951773.1550869875,768205.105352148,847278.3783479211
2023-05-02,1962229.2994538269,1607107.6735519774,1128920.3124250288,1821216.6297772129,938326.3585956963,761227.8537133151,838265.2828786912
2023-05-03,1951328.657625417,1587156.677067677,1112842.9710833593,1794292.6084877881,929597.9659366875,736883.9132182169,829507.5095955153
2023-05-04,1934061.531651783,1572260.854457,1101291.7980882786,1796764.6495345894,912891.5390493257,726484.3964338648,823009.3296990289
2023-05-05,1953090.2690446407,1588141.2453728775,1115326.6576589895,1820162.1357516977,923263.201005014,740866.8072221118,837563.6937677346
2023-05-08,1954430.0686205642,1593422.7894118389,1120502.3256292148,1839047.4225714519,927715.0515713218,741434.419890407,842696.0740289114
2023-05-09,1954167.6764486649,1594535.7633816425,1121402.7479073033,1833686.049341307,930443.7074714385,739634.8533659395,838825.2411655542
2023-05-10,1965559.6321255802,1601121.187369454,1126037.4729231603,1848355.7785136928,939775.4936205363,733988.2449251558,839062.8220633728
2023-05-11,1966638.7036930146,1595732.643373235,1123584.2814484525,1838075.2592229296,939027.301574668,729817.6664938043,836127.9011974973
2023-05-12,2014470.5339993786,1615844.355738613,1131847.5528981935,1872716.819237693,983381.8823881462,727348.4937109154,836134.6710301485
2023-05-15,2011933.660252496,1608211.10627479,1131148.262603576,1876748.079810511,976662.3622815883,734244.2440528356,840311.8441445413
2023-05-16,1999475.8007980809,1594835.321978386,1122973.6520486744,1874566.617079204,961938.8240548284,724893.3756584374,833432.2421717227
2023-05-17,2008617.472627309,1604933.677509758,1132588.2729401644,1892934.3245768524,961767.509100336,733201.5291624002,848098.46493816
2023-05-18,2013363.4421577277,1613955.4621197905,1148157.8734410154,1917312.4197815796,962863.4669139935,735836.0245572047,854585.6971429397
2023-05-19,2001683.797494481,1607978.1143637816,1141717.1756010836,1903293.677056507,959549.2311131086,737716.8284138154,855414.689191571
2023-05-22,2005792.1896410948,1606372.2781082606,1133833.6220155393,1911964.7068577507,953013.5363076071,731090.685412344,849011.733630875
2023-05-23,1978248.855662026,1576940.8497343017,1109181.249508257,1884909.4233689737,934046.2988535761,708145.9823834527,824926.3567756203
2023-05-24,1979713.1232827236,1575384.102127146,1106519.4007330586,1882443.0935334074,929902.0331452572,700752.6497116798,819739.7809603822
2023-05-25,1981594.370011945,1571234.9314216156,1123528.5392320144,1932873.3198318596,935082.6333924816,760345.6774821501,846720.2849414686
2023-05-26,2001208.046418652,1581207.4061696308,1123713.320427623,1954533.8832951216,937616.174422904,771314.0564423423,854004.5030870211
2023-05-30,2003042.405085993,1580778.19601112,1128239.7431738367,1957353.176982111,936532.180835875,779748.5684397809,856546.311939581
2023-05-31,2004175.9490693645,1581507.0811580275,1122836.250916714,1940356.3234541693,933322.6106352508,765824.2584767957,852077.9002576229
2023-06-01,2015929.9265382832,1590038.5001651575,1132277.5741119036,1979109.366534224,944080.4997493268,786301.9009256797,864426.0129430523
2023-06-02,2024540.2184678107,1606045.7648082096,1149544.4123840856,1982994.3317276859,947519.5498948953,794411.2302937936,875141.7096968684
2023-06-05,2018058.3544765967,1602887.801500474,1148192.8544579654,1979719.1865057717,943344.805018644,788571.0762576561,873806.5869684811
2023-06-06,2015412.0750415598,1607974.1923108771,1152278.2547201116,1980065.8647415645,937187.631592888,783511.6703175084,867683.07826617
2023-06-07,2003745.600162555,1598297.140597758,1141857.7421444599,1964750.762673534,932926.5417532881,777533.1368858269,862457.8754124244
2023-06-08,2006672.0471290841,1601184.5549253463,1148417.6151699834,1978471.3037847057,937994.9041687049,796818.9266583567,875308.8340190407
2023-06-09,2016563.3669176847,1607023.3874736365,1154190.3967950267,1978445.8708008446,938642.4058486023,800498.2955835204,880182.7598441006
2023-06-12,2033248.4282211969,1618605.4703930228,1165801.4874056159,1997726.7216156202,945478.8008393222,822800.0784356329,893451.964378315
2023-06-13,2041039.415331955,1623630.9118463204,1174664.7988668256,2016397.087658264,949719.7991722625,834485.241540303,903795.9749591352
2023-06-14,2041920.041473018,1620338.9799576665,1174458.3353490161,2025293.1036662234,942589.2843596941,853345.5619556896,920237.4348733929
2023-06-15,2046481.878481089,1626864.8542009427,1183953.934195338,2041642.027766306,951438.91479632,864638.0714489783,932418.7825785435
2023-06-16,2033963.3238417704,1620252.2940331982,1180361.963526669,2041764.5323955677,946887.884393647,865519.6732412293,933672.3200392611
2023-06-20,2030638.7151696119,1626464.9253140748,1182749.350379685,2048096.7283938366,937384.1531394275,855324.1908068833,926876.2652088975
2023-06-21,2024136.4687212077,1619777.7594173055,1182301.0528062263,2026216.5876792828,943910.6992623834,852098.9524590771,925030.4216351026
2023-06-22,2024949.9551837586,1618788.7902540755,1182775.441402562,2029142.2515974464,948983.0508275613,853162.2766102005,926799.4368638545
2023-06-23,2010539.7852457697,1607777.0154176385,1175586.4103883887,2021931.229855722,940326.0200641977,847671.6855404435,920439.6542845918
2023-06-26,2003072.3151197322,1600430.6405786732,1169516.402770639,2001759.398680574,937965.2240503936,840058.474828833,909168.0611692924
2023-06-27,2024621.4968675165,1619338.6154013406,1184218.6053367562,2020754.0512607037,945210.7286805137,855104.2239126784,923674.000457968
2023-06-28,2036068.2534641265,1622121.4047422728,1187678.0037299641,2022751.169248007,950648.939473261,859850.4584754847,922899.5532508176
2023-06-29,2037250.1329503374,1620748.9614394594,1188968.5438729245,2020130.0448194777,953415.3279892396,864756.1011997055,926078.0197054036
2023-06-30,2054695.6023045108,1638394.8884342392,1204402.719812678,2040143.6892504871,972101.260892967,879241.6057041023,939153.09990261
2023-07-03,2047897.513971815,1636928.3195940095,1200187.818456464,2040575.7607903539,969075.39123698,868932.5803884108,929497.8690289932
2023-07-05,2042262.776100152,1624363.6789235573,1194120.7000989392,2045700.1961050914,963892.2346974046,870583.2845876431,932091.0316879902
2023-07-06,2025610.5671801683,1607899.0324342856,1180173.0109472056,2036336.7665572003,956042.8837502596,861585.7734233238,922882.9591909898
2023-07-07,2036293.2782855444,1617469.7496693505,1183258.716934885,2037829.243829086,958192.1622637232,863331.0258713159,918847.0735465453
2023-07-10,2054297.805587016,1638578.276456429,1200981.66120719,2046987.356841488,968887.8049468374,875707.4285586753,930141.9075996567
2023-07-11,2052022.8031960733,1641318.2221537607,1203894.2885725386,2056454.497129291,968775.521329429,881587.24812773,932699.2678234857
2023-07-12,2054438.4717631117,1651326.9422447595,1217175.5540261797,2082494.9735499348,976300.0473529215,892591.1359872628,944364.842702761
2023-07-13,2054740.0788589632,1660476.2453075661,1222033.5582836168,2100413.4153291625,974730.1678401878,902359.8739414881,951582.6896430637
2023-07-14,2045352.617585698,1656830.5826236238,1225597.2298521241,2091970.3664597776,968604.805529054,899374.7156558789,953678.6004350578
2023-07-17,2072450.3179266849,1668450.412109539,1234315.0704941032,2102190.3886138606,989409.448499684,901167.2615625387,952934.7817816641
2023-07-18,2065883.5926312904,1675973.6255427022,1237547.8279686337,2106897.9199523227,980097.79170814,904783.516286747,957863.7347340145
2023-07-19,2058206.88079051,1670215.6212989877,1231637.3998622084,2109427.0411432046,973242.2603557794,892661.711313855,952260.5760236091
2023-07-20,2060623.728142379,1645858.4682791492,1215656.6626989322,2078915.3908782988,979146.5759483032,891363.5853639982,947984.1453037437
2023-07-21,2054613.4506366802,1638730.3739079586,1212214.4688993827,2066301.35231881,974713.9369096576,874026.1819439322,938637.5591441055
2023-07-24,2057064.9773411895,1639293.790388345,1212068.5173343762,2071806.3788755804,975804.2201141915,874189.7358931737,932966.0713147295
2023-07-25,2073909.4805532794,1660106.199644679,1225483.8368133293,2079622.6947409317,989401.4055910942,893517.3312131191,946342.7279377972
2023-07-26,2062035.5299492928,1651068.1248093543,1218888.0747465934,2077146.387221619,973628.4839448123,884341.7209710506,939074.5785571042
2023-07-27,2079477.6579556044,1657135.9494555935,1214254.1558076902,2083495.9126064184,995344.795198672,893983.3528777355,938264.3233381958
2023-07-28,2094879.6720023549,1668676.7772604194,1220387.560149672,2110889.8545253645,998725.544674718,902461.7476124875,942743.4463928246
2023-07-31,2100727.9793367293,1674290.7101109738,1221913.9534671933,2110722.944231741,1000133.6902358627,899218.1649732059,944025.8853806161
2023-08-01,2089680.9611403283,1669166.6129555632,1216652.607669477,2116023.8023744007,991773.3212362198,901059.9458904144,948771.2087785862
2023-08-02,2060275.5741412297,1642465.4515644289,1201294.0691304053,2066043.1062995908,976014.7815628259,876100.802452082,929005.9233993927
2023-08-03,2063744.1929852904,1644496.54268335,1203017.8846953271,2078299.5553429052,977252.2888491197,876138.9592970322,929158.3047029619
2023-08-04,2062596.0748743531,1646343.205474123,1201954.2202515886,2062293.7373319825,969483.463131444,874848.7428391874,929646.0985355304
2023-08-07,2082555.7908283807,1662210.3166605646,1215448.2362419188,2066987.2187710956,986734.841584041,890715.4993809821,941488.023704329
2023-08-08,2072641.1368011246,1651566.3608503593,1203438.1931394867,2050040.430272212,978903.7139364122,877548.3084995622,931931.1355479099
2023-08-09,2057975.6636065827,1651561.5716388274,1202080.8495490062,2026347.1267320234,974989.6785749194,856494.1793225184,923200.4565576395
2023-08-10,2062475.6979045628,1655283.9980578444,1204373.5664095161,2028432.2681660133,980340.8458952005,859122.1934630428,923160.773192794
2023-08-11,2051924.2497254228,1648947.195303575,1200700.0219896338,2015061.130375831,980806.1762994408,852475.3821824893,921793.826858386
2023-08-14,2078036.3773896294,1665026.3591816989,1211704.9654937254,2038093.0664810187,996550.352385338,875556.5022821986,935077.2692010236
2023-08-15,2061698.689544344,1649173.4769889824,1201424.2733883434,2026670.6955022744,979007.6798447284,871874.1157283648,931719.1972169093
2023-08-16,2042706.7616205951,1631928.1387735503,1186772.3340640755,2004868.9916711384,962244.7822799281,859589.6565763688,920001.1483725521
2023-08-17,2019747.4114677904,1611320.141603416,1167007.4401637395,1982860.7427844785,936362.9231760527,846172.4083255226,907712.3716964362
2023-08-18,2019370.0138561302,1613844.6544344802,1169247.862680665,1981497.6662775087,936603.7177182127,850912.1738952145,907804.1934577079
2023-08-21,2035344.6229042672,1628351.319077128,1177392.3373972606,2014696.3840937696,949948.5258607675,871431.8658549539,921110.8614108119
2023-08-22,2033488.7305919384,1621892.231823976,1175542.051603981,2004509.1754105769,944669.8368228126,859956.4651156189,915785.3219367915
2023-08-23,2058767.4003495784,1644677.4477607072,1194551.4920073333,2030748.893276344,965045.3169389886,881931.447611806,931605.6887507885
2023-08-24,2034414.8259607211,1622268.9888396193,1172964.7765513435,2010070.7184912877,950913.8647816842,865399.1417934848,914879.0339501458
2023-08-25,2033714.038694593,1622361.807338912,1174919.4939438668,2014027.4480652476,943614.0738809588,868084.2584056566,922963.492513949
2023-08-28,2040641.5272449423,1629225.9805130274,1181395.6165297474,2023716.1249196313,948394.9356440706,886249.7655931255,936090.4461453548
2023-08-29,2067846.1588774752,1656548.6936148214,1205180.072311748,2055628.870175379,973848.0819566364,910737.3374816113,955045.8422952227
2023-08-30,2070347.8704219866,1661909.5526708309,1211948.767749538,2059921.8878257957,977597.9299137979,917505.5405828615,959676.136942804
2023-08-31,2072968.293469455,1669883.6413003765,1214546.9738019465,2063545.0602138303,980096.4348947497,914487.6549499565,957459.2384179719
2023-09-01,2070669.789024204,1660546.7456246323,1211861.450905254,2045042.5627231323,975131.3863769047,912942.4765203838,962394.9542732129
2023-09-05,2063353.2363833645,1656254.0677033197,1201899.4232689065,2041272.0775035273,960407.2069515908,912618.7543760767,959013.8983730621
2023-09-06,2057828.7669440324,1653308.397021084,1202060.4848677914,2034635.3854185685,957868.120942796,907564.3832042608,958642.4829583967
2023-09-07,2052230.1794596843,1649081.1704639075,1196278.9408793077,2017708.0002645643,957366.0446708989,893814.9810219414,954808.4541235114
2023-09-08,2048533.4187303875,1647167.573718918,1195289.2467620084,2014892.2376637452,952215.9055628026,888463.7927881035,957163.8013593198
2023-09-11,2055619.9232649833,1654868.9028630333,1204113.4539837707,2025482.974228549,962130.3149752727,902981.0137768864,966819.5598515264
2023-09-12,2044548.910989469,1644620.034370835,1188528.154362662,2015537.4789994655,956334.5483004277,902759.645615835,943583.1873763568
2023-09-13,2026903.0796897935,1632492.3766392583,1178551.68192905,2017975.5638704207,948538.6957260289,901178.8034109834,940058.1592449865
2023-09-14,2034169.7762670787,1646356.7029214753,1195138.6345258006,2036205.6226992263,963555.0266943824,914111.4853909499,950156.2808950763
2023-09-15,2013982.8319032397,1626123.1885069583,1176230.35895159,2003559.0037826537,944763.6640098819,888332.6675889415,928493.566784707
2023-09-18,2015483.9556377735,1629504.2733054666,1179642.2197799694,1998201.3751942907,947790.2276104323,887488.86568864,930471.0359682952
2023-09-19,2020797.7208404597,1634596.1632494254,1178644.232888557,2004397.1338349222,948489.019718906,888773.6687676605,925837.8019682709
2023-09-20,2002869.0152293853,1620519.9714150277,1168559.6017220353,1984778.3517277932,935946.0049916218,875313.4131735158,915428.5835675623
2023-09-21,1980889.9086716312,1597369.8037529504,1145427.8518349936,1959232.5917975581,906306.300512732,851082.9594258899,895066.7649434521
2023-09-22,1976591.1395404194,1594706.1497537042,1146185.9741915206,1950591.8541930001,906687.000433009,852442.5298377537,897034.7568782917
2023-09-25,1980917.3547067419,1597102.7644534523,1149863.6558963312,1951432.450337997,908998.8300581947,856675.6470574773,903211.9262715346
2023-09-26,1972375.261981873,1587316.4450950972,1137260.310188509,1944602.4325987191,900693.373136578,844114.4164456989,888514.1022570953
2023-09-27,1978659.99306443,1591001.8734306367,1143232.850551482,1952845.7065546978,903823.350375826,846959.8752746906,895970.278966513
2023-09-28,1996716.3172308437,1602813.9228015966,1153106.3104933852,1968458.5559990453,914836.9515276003,857285.7488684801,903035.2037406705
2023-09-29,1987011.1744914367,1591941.081021645,1146409.223584996,1952329.8727140606,906590.7368572495,850607.0283581524,893910.4651358746
2023-10-02,1991128.5672267536,1592245.7771843108,1144722.2681638943,1954444.8577760556,905316.2998156111,859594.2869023607,894871.267608521
2023-10-03,1963034.47032355,1566478.7394585507,1122187.7530628676,1915650.527890508,880760.672111283,839733.8223127386,883020.8004055249
2023-10-04,1979971.9021486423,1580799.127568386,1134827.8507483213,1934395.5028628882,894194.9933917773,853773.3997769986,884987.2901549571
2023-10-05,1979671.856966341,1580688.6986102657,1135741.6008755213,1941093.0861439,898081.2508698909,861680.660690607,883659.5518315214
2023-10-06,2001613.6187441077,1600222.8616487824,1154553.5370481524,1958904.3845159265,917760.8840248386,889500.0320082812,904416.829680747
2023-10-09,1996212.3823006114,1604954.3125089973,1161772.586471346,1948415.9748429307,921342.3794192432,890030.9014116848,912611.2020072055
2023-10-10,2007418.312620849,1611198.5581116525,1170193.4994489043,1960578.0672281291,932535.5285254843,898406.5886318887,921418.1067226996
2023-10-11,2023163.8961693277,1626148.320407658,1183314.7157974963,1974987.450064057,956204.4816342668,919670.3222816777,935138.0702448
2023-10-12,2007687.6015316118,1606037.151295734,1170442.6725237074,1966448.5311254016,934408.1382946189,915401.0262807698,931679.8338773437
2023-10-13,1988144.2874547972,1596885.7761642735,1156281.2504956832,1951663.0814836137,928717.7571323393,896986.8893991086,912919.5747950858
2023-10-16,1996103.9512744527,1603482.5690901298,1167160.8932147748,1959638.025746042,935279.5086739735,907157.0251638432,921134.9775763935
2023-10-17,1990810.4790262429,1602067.6355943964,1169479.3720755102,1949870.6413784046,926334.2552929532,898440.7221933836,920377.62414688
2023-10-18,1962059.2269507258,1579994.936546279,1145145.996514213,1919010.4564053726,904995.6643174584,879812.8710440923,901654.3583054087
2023-10-19,1951862.608727455,1583589.381186534,1139647.5014409835,1902997.122526927,891261.8051304856,869982.142882801,885827.9873634741
2023-10-20,1938661.2656408926,1573358.359571875,1126555.674709951,1886967.6161345486,881661.0536222964,848461.9077208597,866930.9178116153
2023-10-23,1957388.1195697044,1588175.8822698824,1135307.0964470806,1904189.0757039406,894255.279014408,860719.8235262784,872651.9165845199
2023-10-24,1961561.092408259,1595899.6524468544,1142605.781926002,1919824.1209769247,902560.8012780147,876848.9044378803,887957.2519794141
2023-10-25,1930689.32909574,1567223.4356664352,1114734.2223111885,1898941.7645765934,873588.6446793976,840792.3151227841,857729.8614351291
2023-10-26,1914560.7095733385,1560123.0944499979,1100498.925212087,1890330.3409099006,860794.7218340276,820553.6756078642,833392.3511634183
2023-10-27,1920068.3015532938,1561616.1242968584,1102883.0489599805,1884636.2233220227,860597.4671182752,820614.0492279463,835870.6875973211
2023-10-30,1941949.2847669146,1575500.227707203,1115988.411271401,1894983.8780512935,878537.6772916795,840729.6378149535,850431.3964691787
2023-10-31,1932970.5503333968,1575291.8786560087,1125129.330348089,1894493.9820084695,879914.7279651662,839624.376824387,859042.6078359444
2023-11-01,1951548.5710211056,1594975.4134809736,1145947.1925523663,1908399.0095826825,903341.6409164288,860327.668073185,885966.3781156817
2023-11-02,1971754.2666558085,1622059.1297492897,1169882.0953295184,1948904.7521913787,928344.7976369649,876454.321373154,901613.3764291655
2023-11-03,2000176.9417632532,1650814.538295736,1190914.6129328646,1979183.560036196,953352.8570222917,891943.574976553,914045.9300755047
2023-11-06,2004572.8655758265,1649281.28124901,1195437.3526338527,1985747.9110376057,955928.4700113888,903289.7556528894,924120.7869529966
2023-11-07,2016183.5090685457,1661437.8862533635,1204596.500235344,1992544.8556324583,958834.2204039963,915629.9074921965,931368.2991040953
2023-11-08,2030253.9706391082,1674538.6944012728,1214839.3801850837,2008124.654501765,966131.8171376396,926862.0092299378,943382.8840080554
2023-11-09,2028974.2669331967,1668112.5259221434,1205567.5782974237,1981766.4319836814,965685.6272525867,923365.6331429044,935542.8710336365
2023-11-10,2058331.9959706091,1705830.2460866987,1231221.1578256616,2008830.7812986586,992160.1011384751,957896.0050031516,963967.7768480247
2023-11-13,2071113.5872980754,1707988.301522333,1232278.013475665,2026275.4102012648,995943.6592344266,956071.4639987656,964321.8122211932
2023-11-14,2099752.21430994,1750577.5602458864,1267120.280357189,2085391.4090463612,1031464.4294980513,980597.2803739667,985152.7292867458
2023-11-15,2088785.5035230531,1751840.271103526,1263194.186345354,2089276.8053870162,1024971.6749922923,971350.9250149743,973133.9791611144
2023-11-16,2104428.526816723,1759885.9815948904,1266884.9844784585,2091667.6091881287,1033420.3684389469,981808.6098917176,981110.457129768
2023-11-17,2111774.4216910983,1762648.6887366164,1270331.37021707,2095130.8640825602,1040261.4372550999,974083.7105423097,979442.8043207595
2023-11-20,2128225.3472195296,1778901.1068791025,1281686.6410431396,2106519.255915006,1053613.9335781462,987090.203700597,991423.3421519772
2023-11-21,2119328.2650656975,1775941.9249893397,1280165.8165959432,2102656.819593264,1044984.1507633711,980861.0074624028,985992.436659934
2023-11-22,2118895.44788465,1776460.5995865283,1284002.7737457787,2102240.147555355,1041170.54741112,981826.48058531,992812.1967379827
2023-11-24,2116476.393308291,1777957.2693405682,1284643.5177407148,2100620.0743056256,1039464.7880534611,978619.1855335912,988594.8217823007
2023-11-27,2107115.442609353,1775655.697890827,1284290.6276564295,2103967.5104685877,1030156.9263770762,975114.6553689617,987269.494747088
2023-11-28,2108540.341084039,1777340.1790422332,1282505.196234792,2100882.9810757646,1028370.0350226199,975467.5126789984,989058.6488399369
2023-11-29,2102772.126168962,1778565.8113094976,1282843.2236542853,2089215.3413729349,1024586.4219356264,970845.1062704033,985609.9551356924
2023-11-30,2088716.2088327494,1778685.8036218728,1281236.6970602933,2083268.0651570885,1017550.6546493882,964780.8670843972,975008.8957269366
2023-12-01,2086296.9573628558,1785585.3487661635,1285061.687588894,2088421.2039182123,1015814.244763715,962655.5312440187,972524.42520974
2023-12-04,2075036.0440831934,1774516.817090691,1272402.9647677382,2077296.476053099,1005560.7405412807,951010.4414180769,956273.5213308488
2023-12-05,2076142.9783201076,1775029.235117369,1272985.8314526228,2071002.8925344967,1005276.2964522914,952168.855772328,961008.8442425334
2023-12-06,2067597.479995204,1767874.8850027914,1264760.8989563345,2040501.956536453,998194.1200721697,944862.1579049219,952101.389962453
2023-12-07,2085306.507489722,1781419.384498867,1282159.5859322231,2041335.6754137932,1011012.0685621834,958212.0523840447,980411.6159666613
2023-12-08,2100898.1478758715,1796051.7137013888,1292578.1761787257,2051197.7465002774,1028046.6154118846,971146.3707506609,985798.9562143233
2023-12-11,2110553.0092280656,1802563.975066125,1302467.2427273856,2061067.64958966,1032143.5138927955,962909.318831282,986523.3844046061
2023-12-12,2131923.733842852,1819532.186978148,1315513.2596662315,2062931.879284774,1054108.686745525,978877.959032345,998714.6855308196
2023-12-13,2138730.8917900072,1831760.6769872534,1323030.1796633794,2070520.47963057,1062134.2273284916,980222.6691051755,1000335.740302179
2023-12-14,2121090.1617450383,1821443.3201555386,1315948.6777127527,2069136.4746840103,1057925.3694831522,959428.9405067562,983359.8739306418
2023-12-15,2127935.753728845,1826641.2020584003,1319337.7659214851,2072153.0318311092,1068088.320569077,965057.7863099166,990072.6548380915
2023-12-18,2136364.481825321,1837705.5326146078,1327770.9116871026,2085401.7007026938,1078777.9180190517,980955.0685918272,1002920.0885689105
2023-12-19,2147965.9941930925,1845493.807576437,1332977.690727154,2091788.2596469834,1088126.606780209,989862.0594445525,1009322.9480167518
2023-12-20,2130349.4484187523,1827813.7001100658,1315301.8121089207,2076130.8192343658,1072219.375774965,969276.9248534659,989453.0377497559
2023-12-21,2153645.035997006,1846079.29473465,1332824.2322685374,2082401.5356058904,1087511.2262325143,989365.0710246025,1008017.4425001937
2023-12-22,2153897.4059819756,1845294.0473308738,1329198.9573074998,2076516.578572414,1085321.5544013542,986917.104186778,998729.0950264751
2023-12-26,2160583.2637874666,1851844.3492413226,1332212.5554498597,2084720.758922034,1088648.1305694424,996188.1567137337,1004209.7465922899
2023-12-27,2167255.7244379367,1858635.8291651688,1334751.3052678765,2087144.1825571025,1095979.888430071,1002937.2006423194,1011142.4884742164
2023-12-28,2167393.9599878117,1859980.2047124314,1334955.7750210236,2084327.6484584545,1098584.5361785537,1007528.9306500546,1009531.4608704993
2023-12-29,2162358.3632760034,1856019.2667088963,1331191.1467517484,2084780.065998226,1095155.1565491597,1002233.8217038909,1003049.3958958111
2024-01-02,2130982.8590305867,1827128.2382890177,1302526.7901088148,2085455.1684145741,1078631.1134551894,971040.6277488873,982165.9677923223
2024-01-03,2117873.457299331,1818111.1186422561,1289139.4568615356,2102723.9505097587,1066119.4395714737,956916.1122328619,971833.943122027
2024-01-04,2124402.6927285716,1819215.9454926697,1288608.9792101393,2094154.0476392428,1068598.7872829868,960598.3260647804,969681.6020467104
2024-01-05,2142675.7758549983,1830335.3643015125,1294972.621183963,2097949.3492548503,1080433.7707866284,973481.3680263609,976093.0686186351
2024-01-08,2169623.9177608397,1858852.83417926,1322919.7739671224,2121729.1267907815,1108718.5772523754,1010010.0403846062,1005860.6709875632
2024-01-09,2171610.902530886,1864249.2566195785,1328584.836178462,2115314.159562845,1110575.0662373723,1020075.6077810047,1010664.6309158161
2024-01-10,2189605.704005222,1877798.9399576697,1344273.5421722857,2114123.359790374,1128646.5723285787,1034923.8840810765,1021745.0009395787
2024-01-11,2192168.9279492227,1883797.5829434802,1351255.8903728847,2114909.316593237,1134005.9503980957,1038050.5674749643,1024154.359240411
2024-01-12,2189137.1839186507,1884442.848396772,1350860.9521486019,2121324.304115333,1137872.4540123015,1037982.2335611722,1021199.8290223847
2024-01-16,2189874.1525903973,1892362.9877017278,1358351.355915952,2113996.894099482,1139441.6694830188,1055564.621120131,1029659.6900110441
2024-01-17,2185957.7582715917,1889679.5477161135,1354777.2045804749,2106910.4916520705,1140087.6145467544,1054506.8355831476,1025989.2814865274
2024-01-18,2203222.657645314,1904097.6988133641,1369313.4332748933,2110005.5882492648,1152455.3457557852,1068936.8964874418,1030700.3491114506
2024-01-19,2225198.01930985,1934001.1682798169,1393269.0480941448,2129194.220226925,1170040.086501876,1107427.9687107466,1058755.9325203605
2024-01-22,2234226.9108209996,1938374.6102117072,1397250.0223606874,2142460.2019976038,1181690.9984103679,1095244.638782398,1056384.1630961553
2024-01-23,2223170.6319594868,1926576.4129350253,1387775.454490788,2142066.9187198263,1173455.1523113241,1097654.1328773957,1057874.417816011
2024-01-24,2224267.3306948254,1933441.8973938485,1392927.1061779512,2139201.400439541,1182596.586140904,1113903.5639069623,1066982.4416093538
2024-01-25,2238463.0686292956,1931215.2103859358,1396382.8883679903,2149374.438326626,1187412.6629178473,1101524.4539131487,1063448.3542031397
2024-01-26,2236527.039553491,1926680.6111612443,1384852.583213111,2108569.422715903,1167824.8612178015,1095629.4750735422,1047354.4393567421
2024-01-29,2259177.4770601448,1945874.3067411599,1405482.4769860273,2115806.462068801,1184264.5959831367,1116428.209427812,1066823.4940864951
2024-01-30,2259560.169265824,1942693.9495397648,1402967.9092949294,2106964.194394262,1178235.873952904,1110534.8942857303,1062179.5443696808
2024-01-31,2237893.925919231,1919028.1911426608,1386130.5369724247,2089316.1635018452,1162633.796566713,1087276.6286997625,1045054.0831202489
2024-02-01,2256839.1076812507,1936171.7254446389,1403243.656639709,2106237.1337317256,1184529.3944858662,1103906.7254558709,1060215.1435289967
2024-02-02,2318343.7531623463,1975730.044861968,1424741.755290845,2117713.300251779,1241407.6972554931,1167738.1114568196,1095812.68246795
2024-02-05,2320384.3197622765,1971525.6603302362,1424416.5320711392,2114096.7672869274,1244120.15016714,1162707.8587903841,1101329.72670952
2024-02-06,2316718.6343610063,1961519.3401654148,1414055.245102653,2112132.883008868,1231796.5096860933,1157598.1356994468,1090924.8984623433
2024-02-07,2348391.899368386,1984356.5346933333,1431558.9974558654,2123206.568937839,1255646.5444614715,1178063.9546731708,1109265.1538215543
2024-02-08,2356538.74732285,1993502.2677107498,1444554.8001009072,2140158.197048328,1264220.0458556232,1179728.0270757186,1115433.6340439953
2024-02-09,2367723.889449562,2005836.383179631,1455060.3221307737,2154480.329575898,1273119.696566671,1192342.3420662158,1126656.350900801
2024-02-12,2362179.9893780267,2000487.6606702285,1447455.574543664,2148196.0173388906,1271697.5907650362,1181860.828141247,1117292.298857704
2024-02-13,2348873.5834897924,1981280.7306992584,1429446.6313812318,2122021.918551545,1252989.665393304,1172179.9557280373,1103780.9554281689
2024-02-14,2398220.035402758,2014923.0054185898,1455700.1378512946,2134457.5151424455,1274853.9675509473,1228849.5031088241,1142799.77436682
2024-02-15,2405893.897091315,2024351.7662321515,1458954.6710651193,2140589.9908399875,1279406.7550381126,1246000.3235885976,1148879.3630098058
2024-02-16,2386679.050728105,2006651.5881471513,1443437.9026284947,2127013.922836636,1261207.3275812631,1227098.6824853658,1133140.1248973073
2024-02-20,2363891.6177915214,1990236.1583768353,1432371.4002301444,2113889.615060644,1244654.5218991458,1196951.3544314427,1117745.9643366102
2024-02-21,2356437.143862445,1955257.564779968,1412716.0775929426,2048240.323561714,1234517.0953478205,1185623.8120072698,1109054.3149522406
2024-02-22,2432345.6343587474,2006367.083165435,1450414.2477940826,2079952.3613329516,1287316.1179532646,1254094.102212502,1149556.0860717688
2024-02-23,2425040.022955351,2007437.4555231049,1452004.1277014792,2081153.418924433,1288335.3758692094,1248239.832784277,1150556.7568152738
2024-02-26,2428217.2662117933,2017957.3647155564,1459762.5662630699,2093191.764662632,1290563.1304415925,1248458.7075283395,1155143.0617353404
2024-02-27,2432563.8605802427,2022961.4960516624,1460288.8138544,2099907.839080831,1289357.4382986755,1251141.9962771744,1153117.3440515778
2024-02-28,2425769.9758210834,2017762.1938273069,1456105.6334818378,2092770.9634115952,1282268.4736007347,1240838.0316547807,1147355.641711878
2024-02-29,2454594.593662225,2035988.8252762384,1472250.387460667,2116758.1873980337,1290939.192832289,1269308.5750400776,1169295.1207929405
2024-03-01,2501164.27011705,2069323.6148461886,1499496.1509104935,2135326.194004495,1321607.4705848778,1305984.4606621154,1198561.4592187956
2024-03-04,2512133.850532567,2075543.03883351,1505600.3050667823,2146699.7978570657,1331203.4446279884,1318808.9806004025,1210060.2715300864
2024-03-05,2498191.3972091037,2058181.3924975526,1481713.3572596477,2119134.9230606803,1319080.0236997255,1307792.9022143045,1183594.4715803165
2024-03-06,2517834.176277535,2066874.3892428307,1491661.1442370438,2127637.4556976287,1335424.0574732663,1323548.284886723,1197308.826185104
2024-03-07,2549805.6188359405,2089057.0890676847,1512881.6368888773,2149480.6972749364,1365232.2514418403,1344217.4872476556,1219202.3703867195
2024-03-08,2507963.9516339027,2056997.9947773803,1491517.6761800388,2124375.7356727473,1336227.5408988425,1316408.3049000546,1201307.401036732
2024-03-11,2473047.1198251764,2032671.9493935658,1476791.8866119382,2113775.322037904,1308456.5392708203,1281527.1720571318,1183330.0603114727
2024-03-12,2509193.8299892517,2060275.604190874,1501155.4175249017,2130642.9656200847,1347209.3001094817,1317730.274922787,1209319.9463580959
2024-03-13,2491583.7989001623,2054872.2015608768,1491289.224087537,2102087.3891571634,1334624.2305427594,1304531.5696579,1196663.3415639927
2024-03-14,2467483.0155047136,2038692.2644004046,1476374.6539295395,2081236.5986159588,1310225.8619029063,1285157.3696580695,1182898.4040132558
2024-03-15,2463884.5923051084,2031388.965886075,1463733.7842675976,2079273.9224864212,1308424.047392714,1280448.034391647,1167305.5661834374
2024-03-18,2471697.2270410866,2036565.8130634595,1472817.1186732764,2077115.4864286827,1317337.735454785,1288025.8665760038,1175440.103572972
2024-03-19,2484188.465451046,2038564.0743948403,1477938.6673539637,2067689.9232503164,1328043.3476437952,1286517.4153380624,1179976.203653844
2024-03-20,2501595.95693075,2053551.6321262522,1493601.4101771493,2083729.6090252858,1337814.729995389,1294922.7126201948,1187589.9097272507
2024-03-21,2513099.2615743238,2071307.18457851,1506659.7180282765,2091789.8348019456,1345090.1898233257,1300712.8418874182,1192805.3941044842
2024-03-22,2519796.4444816797,2075387.7890202512,1508946.253735438,2095292.4049261417,1352523.4757384756,1309018.7965140643,1194995.292630076
2024-03-25,2515424.185621563,2070386.9200250215,1506431.2108416352,2087638.0481169734,1349582.4177264539,1305379.4196661776,1192066.71057582
2024-03-26,2501663.301917068,2063629.1660841375,1501465.632696072,2076513.3296950136,1338222.9346032904,1292603.111901892,1186541.8346938111
2024-03-27,2499659.153745978,2060764.369751601,1501086.6829199407,2080703.296080648,1335062.6141789763,1289698.5418389286,1190609.1041333824
2024-03-28,2492320.7246597316,2060390.9674378964,1500708.1182370635,2081583.8585338842,1327495.0047108503,1284458.2934901244,1184794.9225872403
2024-04-01,2485339.819940197,2057160.8844799453,1504536.1032134332,2076952.014238093,1323734.958968635,1283673.1750582084,1182847.230725452
2024-04-02,2482391.2151111434,2045791.2140119732,1493134.04747742,2056532.6474722263,1326652.4723503245,1281658.0389642187,1176267.084724543
2024-04-03,2490984.158964809,2053174.8792596618,1505153.4707424247,2054022.2951307169,1334430.8473051288,1289328.1727007611,1189775.3524669954
2024-04-04,2476612.4957587896,2028942.510892036,1483453.030423605,2022283.0194307163,1318969.168191656,1261384.046662527,1172327.0235393979
2024-04-05,2501819.7405874874,2050318.3816151358,1505976.408398842,2041919.2336972335,1341698.855547307,1287927.8537181797,1200576.0124269382
2024-04-08,2485325.9445991754,2040800.695298486,1501316.7608790884,2040234.0005788382,1326527.9925969767,1274613.6965488165,1192037.6023283852
2024-04-09,2473936.2088637915,2037813.8710053624,1494871.0187972435,2036552.0175545788,1314975.7219996823,1265485.362001082,1184927.4195537413
2024-04-10,2465835.3499606363,2023044.5449151618,1484279.6397468671,2026383.967172108,1318556.4434231855,1265902.1814158324,1185323.8453159977
2024-04-11,2481773.881689209,2040596.6889101418,1500185.3947514915,2046460.0342163348,1330441.074706529,1283117.407303081,1197834.6709750006
2024-04-12,2467318.995377684,2023725.651536236,1482038.213570137,2018156.6435819208,1314404.7444627082,1260900.0734633114,1179457.710641081
2024-04-15,2447254.1047129002,2003014.164134648,1464214.623395249,2001613.0863531958,1299611.0707292727,1242831.5738656425,1164524.5801236609
2024-04-16,2448613.3474904518,2006287.1684670383,1470632.8046562157,2013442.0260934515,1306887.131726435,1249994.5011925185,1171774.8532873106
2024-04-17,2431074.5832942077,1989029.2567237834,1452886.168082172,1983098.1455964327,1292494.7152322773,1225418.1556844304,1154306.7872337238
2024-04-18,2435752.5572583876,1991920.6879250065,1448022.021381129,1976771.8954742518,1293026.0304530154,1228167.2064281832,1151408.5086122132
2024-04-19,2391382.5736930813,1956354.6593989884,1414806.9888533135,1935380.219052529,1255355.5386381403,1180713.5810608407,1115978.254574675
2024-04-22,2403239.1516251117,1968031.854099848,1424057.0468722377,1945572.0486597416,1268138.2305942057,1193170.9072804842,1127475.9815161547
2024-04-23,2440225.548220811,2000849.9323465538,1455086.6705246207,1989566.599050722,1302294.6813543106,1220935.0072636092,1156225.768100489
2024-04-24,2423463.749828031,1992581.4476626958,1452371.9557704884,1967420.672886178,1289815.1568471864,1204047.299658552,1147301.7064183932
2024-04-25,2420610.7018414047,1993389.0324561363,1458317.6785988805,1986063.1118991901,1309345.0607797843,1190726.9852980238,1133373.0195875668
2024-04-26,2454073.735622573,2019130.3299551066,1481689.3593629687,2019759.1008395173,1341871.1142991444,1211507.0192535217,1154897.9258217853
2024-04-29,2454415.0925285774,2023016.7493792253,1487927.3666689638,2023418.1068206772,1349906.9121189236,1207194.9734974133,1158484.7523952702
2024-04-30,2434780.4034521845,2009299.3849411008,1465247.482065143,1999322.8953497396,1328784.47707415,1208960.352811721,1143651.198007174
2024-05-01,2398806.157738904,1986624.5013398684,1442423.4452756282,1963283.6631279537,1291905.7845733212,1187839.608121616,1128451.1318500892
2024-05-02,2417960.4862619624,1997437.653040261,1457417.6493716808,1989369.044583678,1314250.0436576726,1195254.3558574007,1141786.7014698482
2024-05-03,2447194.178886267,2019274.0019061961,1481006.422016981,2017832.9908784875,1343578.7538671764,1209525.7320974371,1156436.6671524495
2024-05-06,2484776.7541318443,2053650.623305993,1510498.8021115207,2058652.3014990287,1379021.4065007786,1246411.2490180228,1185165.3401677904
2024-05-07,2478619.31446274,2022151.580705769,1491982.768676397,2008298.0910922412,1358894.3901559159,1241403.9486336275,1183312.1741544397
2024-05-08,2477576.2307407777,2027118.4104703148,1497902.3309433928,1999416.1965802396,1362994.2951599446,1229329.0475259156,1177756.713494627
2024-05-09,2481116.735349159,2038637.6025869176,1506521.1632922655,2000535.7974480619,1382435.3578607922,1227925.6742758316,1179452.0275697592
2024-05-10,2480272.9881926845,2039752.6155197355,1512220.0301629782,1997413.2090280978,1386699.5976479817,1224680.2098438446,1175639.8305378775
2024-05-13,2469539.441812086,2032826.8210566721,1504369.462993935,1994090.3578474615,1375950.581393923,1217351.1010107505,1167051.1092161392
2024-05-14,2487313.467758723,2046852.6976757483,1517527.7681687025,2007267.6224983127,1391035.9776110686,1224711.6356627396,1174101.4986376103
2024-05-15,2546280.071311704,2088952.226164687,1556508.8829525306,2058516.5001142367,1452900.9456177314,1256683.1697491994,1198864.4417625638
2024-05-16,2519319.914474424,2067060.0591411754,1536560.4557654504,2034236.1570231414,1424911.7881328617,1250507.4154152793,1185811.592724577
2024-05-17,2504140.590387304,2057098.2392077327,1531246.981489837,2028664.3676345143,1408670.5262506576,1245702.5493215288,1183741.3545089432
2024-05-20,2507115.3876607344,2059805.4710291086,1538508.156223792,2028188.511322252,1411645.3235240881,1247331.1427671646,1196769.9736536834
2024-05-21,2523929.559170937,2063518.197672918,1543740.7630777266,2035499.6782071819,1428459.4950342912,1249045.5642968286,1199516.3755865514
2024-05-22,2510175.4627302997,2057207.6647384888,1537507.1781783313,2024446.2763269604,1414705.3985936532,1253465.6925101555,1200322.8114468248
2024-05-23,2528469.0663400386,2056120.71212851,1539074.7325183826,2046223.3329642885,1432999.0022033923,1272952.7340054808,1208609.035945402
2024-05-24,2575975.8200530377,2087150.291370497,1566242.218105541,2077160.7159817973,1480505.7559163917,1290094.3642143297,1224937.1953717156
2024-05-28,2594077.1278058,2094775.4095339752,1573482.721435622,2096966.7342147187,1498607.063669154,1304034.7215560155,1235425.432084722
2024-05-29,2572363.7368956916,2080687.0513647716,1560573.6847245977,2077425.4751078347,1476893.6727590454,1299059.4010163657,1226639.2435181672
2024-05-30,2570740.9179176665,2075824.8783363905,1556229.197279836,2073254.68476528,1475270.8537810203,1285684.935458927,1213970.7404109628
2024-05-31,2529619.0421820357,2052946.5634416328,1546258.886738542,2056306.6438305548,1434148.9780453895,1285414.8783394892,1212208.735639297
2024-06-03,2510782.732485544,2039092.7386158553,1535196.9233336642,2051059.2301970127,1415312.6683488977,1289510.275497996,1216747.4723703219
2024-06-04,2500202.8703694665,2033569.8784568666,1527934.7128293274,2044333.0739030968,1404732.8062328205,1289600.0611836016,1212942.4450629442
2024-06-05,2540214.4256577115,2068014.2152812516,1555366.1937030288,2072523.4227518565,1444744.3615210652,1321882.6253097272,1244313.7481986014
2024-06-06,2503986.533843245,2051649.0846901878,1540259.5901948698,2049203.351192339,1408516.469706599,1317227.3915859587,1237434.0677377149
2024-06-07,2495056.5481565706,2049970.667032786,1539393.9544707933,2047085.168981286,1399586.4840199242,1320354.8689374162,1240053.8894706946
2024-06-10,2528387.445438983,2070517.1160338568,1556830.15081027,2068988.3591773396,1432917.3813023372,1330315.4024326946,1254719.7754855496
2024-06-11,2534630.640263869,2077403.0418832053,1558004.1628821762,2068850.594168985,1439160.5761272227,1328103.3135303154,1253699.313861105
2024-06-12,2542120.444956516,2090965.6195662771,1570072.708932296,2082043.684267223,1446650.3808198697,1354512.579845466,1279214.3801425796
2024-06-13,2568228.1783726127,2119429.996857998,1585177.5103484474,2096688.2366985006,1472758.1142359662,1349077.5298564925,1281027.20995622
2024-06-14,2558907.052583115,2115001.7360925144,1579099.2486231716,2090274.5120877468,1463436.988446469,1346375.4857471413,1274719.0077589224
2024-06-17,2556144.739109227,2125593.155463551,1593487.816453904,2102392.464249806,1460674.6749725807,1359801.7551074761,1294031.8022577513
2024-06-18,2592661.8932519015,2144019.288141844,1608906.5190538361,2130046.219282516,1497191.829115255,1369779.6335643702,1309983.2655576828
2024-06-20,2586776.45618028,2135755.331118387,1595196.6501968645,2121914.5150377085,1491306.3920436339,1357647.2514586926,1287213.7311901464
2024-06-21,2566359.959381518,2117443.0574504253,1582172.6771046454,2105576.9989620303,1470497.93718468,1341842.806293742,1271364.056335072
2024-06-24,2540839.690953455,2100349.3206830947,1571737.934015245,2080056.7305339673,1474107.1056176135,1313618.3653908342,1257046.1424070813
2024-06-25,2567255.5085290414,2117319.8074202514,1583092.0866835972,2106472.5481095538,1485986.9425405753,1332798.3699138844,1270812.2751445912
2024-06-26,2539113.2361447667,2101159.372844073,1571059.9276679156,2078330.2757252792,1455076.6103332997,1330860.9472477224,1267234.3745703595
2024-06-27,2544180.672035528,2102951.918489262,1573530.3523248276,2083397.7116160407,1452911.3154431523,1312072.1453916226,1259656.3210118294
2024-06-28,2518791.4378763284,2087045.4849819413,1565861.2454666817,2058008.477456841,1441798.3566391105,1311458.9044151232,1255782.9325998365
2024-07-01,2525928.448666001,2090989.9569936707,1567947.9612167866,2065145.4882465135,1449287.4021030157,1315479.625002635,1258448.079960063
2024-07-02,2530780.324428606,2099027.2008147673,1574122.928734679,2069997.3640091182,1451750.596191249,1315846.627944704,1263762.9438557108
2024-07-03,2558491.2556436947,2120940.973872132,1589617.4557744267,2097708.295224207,1470158.8444750365,1334148.1016657434,1275683.6631032273
2024-07-05,2544563.113281903,2108225.75492813,1582812.0080281578,2083780.1528624152,1459293.0736200933,1325303.0773654191,1279349.847410058
2024-07-08,2575664.4408836477,2128818.376911405,1596036.6495879174,2114881.4804641604,1475003.1201762008,1334387.1952013508,1283025.949721264
2024-07-09,2578392.962614398,2128658.3713806625,1596540.1337289829,2117610.0021949103,1474668.1907656337,1342126.918958095,1289758.7750242346
2024-07-10,2590073.4462622604,2143744.054998832,1606586.2831203998,2129290.4858427728,1489050.7413185001,1361594.002517835,1304478.699080175
2024-07-11,2572907.373810194,2125326.7687735027,1595383.7167470453,2112124.4133907063,1484853.1019388046,1326922.5043898234,1273850.1813183343
2024-07-12,2580777.1358374883,2131555.839223517,1603350.1624442127,2119994.1754180007,1487517.1215372283,1336697.6499671096,1277643.113892725
2024-07-15,2549711.782881311,2113222.614040956,1596622.885126916,2088928.8224618237,1458682.4839713986,1338136.955854367,1280155.0796203997
2024-07-16,2536374.811884794,2104756.566016823,1600663.7644956338,2075591.8514653065,1459135.7718798013,1333383.7804242119,1275155.6016603354
2024-07-17,2461064.654028537,2040995.8591591546,1547807.103842056,2000281.6936090495,1390296.165705621,1276020.8483636046,1228258.847949462
2024-07-18,2466805.0110762273,2038931.1176468576,1544735.1197523728,2006022.0506567399,1399834.9052744226,1267617.3713872244,1225777.4492449188
2024-07-19,2465203.3059083554,2034692.862099154,1538600.7697428493,2004613.3573200125,1398798.266137005,1255240.8090478794,1214780.8584943584
2024-07-22,2454007.161061495,2040265.7485868458,1554407.6492483218,2021522.0557301575,1418955.7516025328,1277800.7307714538,1239127.9276576606
2024-07-23,2455438.4371085335,2043386.3213791372,1559775.3781873584,2019112.7906300104,1418112.0017094675,1292318.0779208185,1244155.2163504453
2024-07-24,2389725.0497282217,1988078.8497633333,1514758.6567569524,1944816.9506046504,1361872.1086475225,1238940.5518977887,1199945.3492576582
2024-07-25,2369056.2595028454,1960079.5050228387,1493924.6844678118,1921852.0612539474,1342493.134921564,1221956.5963241467,1184260.4291994737
2024-07-26,2381225.1932022865,1971535.8344474449,1510520.7099022423,1937573.3947827227,1354930.5379555738,1232317.8287442462,1197142.880786662
2024-07-29,2374423.764174246,1964568.6431903066,1507635.3797523486,1926540.5869443703,1350044.1060627638,1226116.8766938453,1191757.001699727
2024-07-30,2321588.382787623,1923745.2081103465,1478604.4184916262,1885990.2516101096,1325839.3961824595,1187907.042371038,1163650.26774864
2024-07-31,2391326.8907223474,1990310.4680266613,1530715.83488191,1979140.2702096167,1400901.0233844172,1251662.909899652,1214128.514433077
2024-08-01,2342760.7323302664,1943138.586522139,1491493.0120204485,1922728.9660788723,1364087.6003156593,1212514.4306794172,1174594.6780792205
2024-08-02,2298511.0734547554,1900751.3107433792,1451384.440562067,1871547.7016960294,1332390.9538787184,1171307.5563498514,1136292.3697308265
2024-08-05,2275878.8339403505,1884617.047911608,1435760.5164208896,1849240.5707522207,1309567.927758401,1144314.9462061315,1114859.6477839448
2024-08-06,2299154.2035471057,1909007.5400480304,1458425.2669384652,1877889.5495092645,1347703.9725240557,1159706.5958036764,1129800.6812575918
2024-08-07,2253241.888852574,1877569.544791251,1437961.077034654,1831188.1591957218,1340069.8222279719,1131992.5262515745,1111609.1307383475
2024-08-08,2296948.047719066,1929696.770926753,1481960.7303931282,1876221.0341262326,1389650.187001222,1184971.532585919,1156643.0360815972
2024-08-09,2297145.0981494547,1942421.3897558572,1491522.295360002,1879169.4069242913,1400427.4255310057,1202295.370650955,1169687.1200184508
2024-08-12,2312403.310463247,1948695.0096001334,1496829.9239159552,1893135.7939693334,1403597.0504977696,1210695.6236366522,1174674.4166763274
2024-08-13,2348282.5382419396,1979691.785012812,1523373.157704794,1925465.1047332513,1429126.2198306248,1244146.2746049804,1201162.3747872934
2024-08-14,2361376.2488560136,1988839.117708676,1530811.2390654492,1929789.3875541002,1438173.5544796982,1260078.6934122727,1215735.9429086447
2024-08-15,2401934.69639727,2020213.1683470518,1557956.2220353251,1972035.4985483435,1459730.9036376006,1293141.8805551582,1244900.2869288558
2024-08-16,2402805.710497494,2019681.7698635838,1555509.0680536053,1970776.1686647227,1455586.7405916362,1294076.8580827366,1240658.3739858954
2024-08-19,2417008.4361001435,2029082.9942606678,1564947.6575313054,1988961.9605666315,1470008.506403162,1310628.6063776184,1253375.5750180776
2024-08-20,2404426.6873384486,2019133.9845120723,1557008.1630612898,1973861.8703300445,1460645.0806881124,1297837.3696197234,1243668.3314970785
2024-08-21,2424641.323442299,2030639.9377328425,1571900.211633246,1992144.0316057948,1474628.6324602927,1302904.2524532152,1246638.2547013287
2024-08-22,2406228.4000817817,2013652.0745565186,1555211.1111890853,1978778.2459049718,1467611.7824195265,1277459.5146950528,1230109.7564275656
2024-08-23,2427178.114915792,2030648.7240123157,1570284.8061674112,2005244.1009818234,1489087.75508756,1299843.5139928234,1244499.009647195
2024-08-26,2401911.042514047,2008301.7312168505,1552402.944233741,1994843.1314112565,1484839.032776207,1274948.358418039,1229177.1160110054
2024-08-27,2403093.4434667,2009501.71010209,1558696.075173098,2000513.764931952,1488979.8838332582,1283654.2543470883,1234569.2399123786
2024-08-28,2355272.586869945,1976640.6093315878,1537134.3707574778,1983882.2872805318,1470920.843738772,1266213.2201015926,1226499.122708808
2024-08-29,2356401.7849483215,1979883.5163931926,1534691.6802190728,1962284.3732203299,1471814.7647336645,1251309.8962478624,1222207.6014206582
2024-08-30,2364870.1454637907,1993492.4638012005,1550645.8790003916,1974405.0966112162,1486766.4042439342,1271952.8026183497,1236247.0757247969
2024-09-03,2305685.2736121933,1937391.7615179415,1493487.0776016803,1914885.0000310785,1418049.6462160004,1204162.1298291264,1186029.3349424137
2024-09-04,2291109.495444942,1933898.43029966,1493916.2984773046,1914082.4744081523,1413737.3834604244,1205628.4957538731,1187393.3175223477
2024-09-05,2280305.163711351,1928062.4831745608,1485527.9986923616,1912962.0997633405,1406114.4226284185,1206232.7211529186,1184150.844495189
2024-09-06,2247638.6798168523,1893787.596240079,1457328.9380062267,1885269.2089591157,1381180.379766134,1164405.673203274,1152448.3849072899
2024-09-09,2267732.1547193807,1912030.203332433,1475251.9562399,1895083.6417141238,1397913.9488966437,1181396.6986262572,1169418.2221473174
2024-09-10,2271063.0483572474,1919567.2068231578,1483602.8074827257,1903226.075520611,1400313.7684626495,1194397.047472674,1174012.2125173868
2024-09-11,2312207.0587775423,1954604.1490393104,1512676.1717488596,1938434.8655384704,1429609.8070907015,1233803.36100924,1202155.9013852589
2024-09-12,2319958.893364526,1962092.1637137616,1519685.5484172695,1942121.1620379789,1437259.2754548907,1240251.689270337,1208991.2729191966
2024-09-13,2338622.2271134555,1980965.656957226,1536089.0123746514,1962814.3240705228,1455016.129047291,1258700.545326189,1229693.8604224657
2024-09-16,2346229.4606371885,1983125.6592063855,1536371.5830604378,1968102.895837587,1457011.8333229353,1248038.1847255905,1228728.1005656847
2024-09-17,2350732.287341836,1987129.1294901576,1539144.7626695938,1977020.8061092866,1464581.0714969467,1251969.5105363717,1233068.878620689
2024-09-18,2345719.3874139343,1985604.5793740482,1536919.2498927203,1971488.9887355398,1462359.316286933,1246566.8535789286,1230435.4952314983
2024-09-19,2371932.5727807963,2008757.4949236198,1561791.7128325987,1992730.348496314,1483480.226617039,1277438.6828146782,1258129.4650298236
2024-09-20,2431452.133468113,2049097.607807448,1593589.1830525235,2024361.0125979707,1533557.8450676491,1276421.8374871998,1258264.1768547317
2024-09-23,2442218.1133974018,2057935.6551527185,1602122.0885862743,2036112.9758664293,1542953.4845673814,1280488.5327903233,1259974.925909943
2024-09-24,2449444.360118488,2063648.678575094,1606514.235259213,2045089.4767227652,1552614.93762577,1291014.1461721503,1264901.0838456634
2024-09-25,2468318.9932431756,2074765.8264626306,1613840.9865702814,2041157.0074338128,1574698.6273946324,1296701.9503454692,1269439.9844715076
2024-09-26,2434843.6140716393,2062650.5059278228,1607587.141407213,2063761.0102070346,1564745.0929562184,1295250.994375415,1267789.3346482422
2024-09-27,2446406.5738602825,2061220.9589154925,1605038.1766260539,2050137.447524665,1568539.1848262353,1286201.2290746225,1256439.98540335
2024-09-30,2447230.955742278,2064834.512570252,1610159.9735836284,2044645.9313665042,1572958.8444026,1288935.924197711,1262808.8266852333
2024-10-01,2441292.631079533,2053989.5872288514,1601253.3161768608,2034433.0406788916,1573163.0002894113,1273334.520002678,1253913.4438656566
2024-10-02,2457914.6969118407,2070770.6130338497,1614657.01116801,2033167.244565481,1584202.4407654253,1282626.3943066036,1260926.2751056934
2024-10-03,2478878.55282247,2081863.037933529,1622278.5500401699,2029588.2634402346,1606026.2569636952,1289802.6717619838,1261724.7782903966
2024-10-04,2497474.417148367,2097052.971169873,1640765.5839807834,2033023.7697390697,1628648.7356137736,1310597.9911335784,1275004.3915660463
2024-10-07,2513771.2440928384,2105766.4151466335,1636863.8094435208,2030256.6362483122,1618114.0736669893,1305501.806825213,1266632.200861458
2024-10-08,2510472.9151884415,2110570.989512919,1645933.06520249,2024557.1846781764,1625597.464989068,1325553.1286622714,1279970.1841332547
2024-10-09,2501411.9991891156,2114841.47018769,1649274.1393214941,2029685.5920506397,1609508.5728983304,1337731.377682963,1292034.3178720402
2024-10-10,2500373.7681220192,2110505.438720126,1642555.3167583921,2007733.3564636733,1608773.094571717,1334784.9134968088,1286766.2190628608
2024-10-11,2514531.918142344,2122100.1309552286,1654403.4476029358,2023740.1552131888,1620644.1307083606,1338983.6214361193,1293971.6400218194
2024-10-14,2533227.1537335254,2132324.321809754,1662951.5592794358,2024538.2273783234,1638731.3865863713,1348756.12282289,1303682.7939070398
2024-10-15,2512738.971783718,2108312.5418022457,1639729.2553693217,2012690.9134896803,1619210.8787588282,1325380.9308508658,1286242.0474269732
2024-10-16,2543987.4120804803,2130118.3484714907,1651468.7527735718,2023984.4896315306,1649002.5164122316,1331644.1320575704,1290240.3163682017
2024-10-17,2513951.805888409,2119936.2585148006,1644383.3637413066,2026771.9648407695,1625887.5743149975,1343013.498986403,1293234.8156343077
2024-10-18,2522071.7157120225,2117147.8227136214,1650819.8580176926,2024946.4402342169,1634058.8255138688,1345509.4768171469,1303984.4726513107
2024-10-21,2533405.0382994446,2122477.4676680793,1647991.373203161,2027809.122253213,1633585.3717809883,1355408.590012867,1305699.2447792466
2024-10-22,2499317.367542214,2110258.0712686027,1630520.9835053545,2033016.2233078869,1608254.451108817,1336857.224835318,1297982.0513016784
2024-10-23,2498355.0569828027,2105076.234759928,1627275.8439299276,2026671.7210004686,1612019.7766152923,1325766.9206880643,1286951.3939597527
2024-10-24,2499332.305155225,2107412.4473085394,1631523.6636283994,2083032.510076742,1612722.7957941436,1333853.6438300686,1290619.8366290934
2024-10-25,2494537.3560182713,2104001.015128865,1621291.4891957967,2087310.0680319353,1610287.8309482655,1337848.2594299964,1289335.0276835437
2024-10-28,2498014.3969286303,2106798.8731952976,1623167.6812925679,2078896.2211032338,1609459.6191720844,1333153.502206265,1291419.0277900721
2024-10-29,2489633.3340741424,2108730.349461291,1624861.9294575576,2088171.2982348087,1602630.4168478404,1338660.7893849264,1299514.3715799805
2024-10-30,2486795.0861023534,2092402.1776492123,1614152.2827470347,2078377.17578122,1606815.9017321533,1329059.0344247918,1295588.6576481347
2024-10-31,2470119.216548337,2079685.39739501,1594359.508628359,2060504.3149127823,1598476.4546756959,1296226.0410595748,1261046.5976088825
2024-11-01,2465195.0394887226,2074712.9551132345,1589693.2663664706,2057667.7511740103,1589772.202604517,1299755.4470358612,1265972.1898189138
2024-11-04,2459238.4470743663,2075189.6740387701,1593558.5157266331,2044840.7805200324,1593125.5724614037,1297122.5130451121,1261344.6664205256
2024-11-05,2485379.0002047555,2117632.9278768967,1625812.3075291577,2116298.0250790636,1612228.4602573253,1360662.4068958703,1302785.2287850988
2024-11-06,2548828.150504331,2176593.3907833607,1656921.0890276446,2205708.2345664836,1653006.0006456554,1420416.7212730038,1352938.1586329548
2024-11-07,2557151.2137854313,2185787.6685791835,1668268.951568728,2219570.5502710193,1647655.8774026013,1427303.3527458995,1354285.332702577
2024-11-08,2577830.733493397,2212142.3898187587,1680480.0321193135,2273432.4861236094,1665819.2464686288,1445308.1959037934,1365459.9373733848
2024-11-11,2587336.2689585667,2233062.0986767965,1682023.075314985,2315666.247232085,1675626.3340325863,1450265.4000056959,1370656.2837682469
2024-11-12,2578172.8136943136,2233464.163487252,1675395.1703417974,2277702.861587072,1667925.2553550065,1443932.4517657757,1364219.449848487
2024-11-13,2578817.3478394165,2234644.425372452,1673805.783775199,2289773.5892696925,1675745.6405761517,1441506.1088012785,1361826.0287616719
2024-11-14,2561446.6926775975,2216623.0324760037,1660601.8481804861,2255637.577957529,1654508.069483784,1423919.7270212523,1352283.8387173011
2024-11-15,2555207.701065848,2227142.089051603,1661576.1783841571,2291120.044117376,1649252.5181671735,1439182.8845367366,1356457.0405513209
2024-11-18,2553808.644139777,2228968.231337878,1661765.7429476003,2273616.9521037103,1668276.7985765524,1427804.1725554487,1355327.258221596
2024-11-19,2584556.1457100604,2249563.4224012434,1677107.2678337116,2294699.2773221973,1686046.1094992384,1442794.8301966714,1366358.1385828424
2024-11-20,2579988.824456766,2250840.7784093483,1678201.297793575,2291000.688940144,1684719.0744339935,1435728.8346210497,1363538.6616575005
2024-11-21,2617593.3023767513,2273148.2528068977,1699493.9589524283,2303757.3085325556,1714624.6580570368,1443486.6211005463,1379208.8779546472
2024-11-22,2612979.1402800838,2276319.7037457377,1704256.6349958186,2321792.6782581583,1707603.320758514,1450331.299397432,1391087.1868286193
2024-11-25,2594149.068045667,2265254.7483469173,1697031.1065927632,2309596.014553449,1690418.7478929677,1442956.7940383235,1384388.045842667
2024-11-26,2629698.1383463484,2291926.695870759,1717178.3712724247,2328466.4278437737,1716900.026456775,1455510.7873048794,1390720.7551453488
2024-11-27,2603413.453021203,2274143.232823489,1703414.3640295956,2327312.8409650056,1701203.2976946468,1441901.6638918743,1367357.1522859894
2024-11-29,2624742.7365186745,2288677.427377257,1715591.1806501336,2332496.037311307,1712221.2208047842,1457606.5766686944,1380516.9873937715
2024-12-02,2604600.820881439,2274324.647021347,1704276.0723168082,2336375.9736985927,1688107.9668932713,1455181.5029527973,1378406.2347199724
2024-12-03,2616685.224999464,2280911.995335879,1710458.919118682,2348203.985650624,1688739.5701505886,1471347.7590827225,1389280.8241056383
2024-12-04,2635809.6216134382,2294316.5650819335,1721722.3917365475,2357857.5908966446,1697854.440151294,1479552.4027055814,1395180.0363249397
2024-12-05,2642187.495491246,2291777.425661971,1723540.652601267,2366146.9882398276,1687611.8817814374,1473730.6256431476,1390391.0104588538
2024-12-06,2649922.577716176,2300349.7496397053,1728801.3362144409,2381403.247719637,1687351.8536064948,1498936.299184023,1406022.5192024107
2024-12-09,2596757.003582018,2251091.0780865396,1691204.6967144178,2324800.0582701084,1645321.3438541056,1468946.9668259555,1383865.4967570433
2024-12-10,2569743.921207186,2232785.110638968,1676348.6077961477,2312835.3641744843,1633453.0471200899,1449476.7364360665,1373894.6206341628
2024-12-11,2598184.3073261767,2249208.54102269,1693913.263498895,2339572.6027218564,1640432.870694873,1478661.6426789246,1395031.6079153675
2024-12-12,2596184.512658723,2242963.726670179,1686707.8066527927,2325711.712563039,1633489.4783482663,1468409.6716179368,1388274.7859645118
2024-12-13,2598456.4094032585,2243103.932888385,1702007.1917525544,2336697.716100661,1631098.3549305995,1525793.129068665,1413158.6593447186
2024-12-16,2597510.808213107,2241598.221949656,1711057.1143018515,2339467.9759515678,1631212.7198299316,1554349.7647189307,1429830.1552695464
2024-12-17,2572253.078953235,2224887.7013827213,1691414.3649704934,2321287.483603194,1619005.6747282676,1529584.3317627653,1412702.7029065161
2024-12-18,2533143.1936470824,2182945.178846138,1646163.7868821907,2275295.3546631294,1575672.9218663585,1480950.7364986145,1365546.47287152
2024-12-19,2550144.8856738014,2194532.943181911,1654437.677784496,2294485.241217261,1586483.7898555445,1491466.4896667772,1369796.759660139
2024-12-20,2585899.9193996876,2223948.400595593,1678596.0442535472,2342293.6947862883,1605206.3368961373,1528569.90253677,1392092.351657724
2024-12-23,2597732.0596109624,2230593.59539687,1685132.8690692561,2346958.2828790457,1611823.2271284405,1538299.0337743536,1397144.564955692
2024-12-24,2612915.0796886347,2244228.624964632,1698583.8982867864,2362077.4706990686,1628219.3146965334,1553854.6634157177,1412989.5755393032
2024-12-26,2610795.6343699708,2239605.332583417,1695013.1791374371,2357089.733060145,1625312.9074361452,1553849.1323746103,1414043.7085453565
2024-12-27,2588056.9376319414,2221642.1567811016,1679235.8483990303,2333653.604075663,1603987.769017087,1532974.892012029,1398213.7394941833
2024-12-30,2578438.0991188055,2212213.420527724,1670040.9929430236,2315151.9303534683,1598657.9572865365,1522205.4577590271,1387043.0187175653
2024-12-31,2567243.3295489545,2200836.0297829714,1661318.994844575,2304822.264325578,1587245.591359288,1511078.244692835,1379071.3994918156
2025-01-02,2607209.714322834,2229288.8941140636,1679897.9586261027,2319912.63187352,1613370.6501791554,1519111.7425098978,1384721.1665280336
2025-01-03,2655156.1934750834,2258907.82338118,1703268.715472276,2347792.453410234,1657545.587574753,1548128.072962368,1407371.8204575023
2025-01-06,2657677.7724844925,2263396.487424955,1706824.3502075353,2347126.0267280727,1658723.07497845,1543727.4188036623,1410155.5597794426
2025-01-07,2635797.601190301,2247680.6716928477,1691102.3294851412,2339028.8763537826,1629910.4293067846,1505145.502239001,1386829.108539379
2025-01-08,2635546.1377267293,2251820.3351519397,1695105.3640882887,2346584.8412473197,1628690.2830725522,1504925.08314807,1395299.951684736
2025-01-10,2641265.8912430215,2279610.551732111,1696734.5292268735,2353586.1485808175,1632601.0991688822,1475208.885214716,1378724.9541895585
2025-01-13,2629705.729326822,2261360.340096013,1685939.902114013,2342346.2584230136,1617917.1068634496,1465174.0361021673,1368903.5099072903
2025-01-14,2651127.5061285887,2286914.4779728227,1706457.2121095196,2368167.9919018946,1632838.2327421142,1477671.3565067886,1379055.9166587528
2025-01-15,2674301.3464827784,2307272.5503237178,1726608.5954373223,2379226.8483025837,1648965.395313932,1505587.647174868,1405072.1570802792
2025-01-16,2691575.80190609,2322492.1924983766,1737911.088079531,2391662.698822296,1662976.0592268778,1508866.8693923445,1411967.8712252476
2025-01-17,2705706.620631038,2331393.531692087,1747362.1853073891,2412415.73256752,1675191.733480157,1532002.2283712486,1427028.1352488894
2025-01-21,2736763.6922979667,2352823.185384227,1769033.5660357892,2450054.1620386057,1704305.0155960652,1546036.4785889057,1440519.7714808134
2025-01-22,2744771.104489171,2359542.929935985,1778623.798145014,2463872.3933446463,1710187.7109357147,1567574.3336138446,1459841.0291495833
2025-01-23,2747759.0966202347,2364642.3732295255,1785942.6889836234,2473616.151026835,1726205.3148220247,1580553.8834319683,1471431.126955063
2025-01-24,2743136.3389956597,2358802.4216887187,1783600.0433241804,2466817.9513440453,1725317.3909467813,1575647.6853662576,1473358.527137092
2025-01-27,2656597.5583123667,2250365.3136977106,1703437.1367503654,2349963.771596525,1646477.7039162712,1444561.0548891579,1383017.832279133
2025-01-28,2697727.354686835,2283680.920507385,1735299.7112956399,2400847.5550563,1686567.9600004628,1480508.7863207392,1413372.647115592
2025-01-29,2706876.7578284494,2286245.8457538392,1740266.0638154557,2409523.895857634,1692251.3310119603,1474725.1807873335,1412741.452697221
2025-01-30,2745459.263866953,2319124.813954273,1764487.4983338374,2459728.249821609,1725308.8202632696,1503790.3925320976,1436015.7807718085
2025-01-31,2732659.8344972767,2306502.0047061844,1752893.22354453,2441522.9340453367,1710097.6856041732,1502011.1501544635,1435750.9677178676
2025-02-03,2741888.1981682787,2306538.6208857372,1747730.8434366381,2440142.0477137305,1721835.359244787,1491751.8811284842,1425608.9956162341
2025-02-04,2809869.7332007317,2345066.925681409,1760052.7491832422,2502080.057031787,1776185.1631049626,1558597.9653400609,1450604.8981513206
2025-02-05,2816419.6104649547,2358093.063200176,1774964.4673662607,2509063.5867793052,1780568.6638232071,1566908.8947524575,1464106.7988158169
2025-02-06,2835574.178001947,2366111.80061942,1786271.368091268,2539546.775874523,1803050.1582126461,1596516.372467262,1478383.3801859815
2025-02-07,2832172.135344372,2360042.003330221,1779584.9107346656,2536764.987338046,1797364.1210180959,1584310.039327046,1470764.2551877317
2025-02-10,2849260.0445890916,2378947.1326010334,1788205.624779435,2552267.7873693258,1823524.498325233,1616961.2280799223,1489754.242367688
2025-02-11,2826648.205342264,2357959.3318209765,1771556.6715908635,2526043.6515248083,1802510.7992915208,1588972.6417137817,1466915.2691942754
2025-02-12,2836015.6799687957,2362736.5931999404,1771476.334480682,2536758.975412209,1815976.0361843219,1604852.9236042504,1468767.0613522741
2025-02-13,2831503.7526568016,2368870.055579799,1780478.3255928417,2531157.433011597,1827985.1357009541,1619516.9173640998,1478411.0725676403
2025-02-14,2852638.365116709,2383110.504536474,1786602.5092401777,2548216.0074935905,1802286.3952012332,1629471.858028366,1485052.6811127102
2025-02-18,2882268.3078816887,2400546.332764705,1799462.613378851,2575224.3232427854,1821533.2536103944,1646122.9731826438,1493128.8078661687
2025-02-19,2813313.144810444,2366688.841631403,1779801.4184336353,2508085.8822143213,1783365.217913896,1611580.792111974,1465659.8512905622
2025-02-20,2768788.644799044,2336311.7721105097,1752678.1980724507,2452128.191069235,1740055.7598361827,1584417.955694976,1438221.5210416396
2025-02-21,2705892.9586515785,2283508.9074661625,1708405.1150044391,2385472.237060546,1698874.6891216636,1531813.6897652703,1397632.5567478277
2025-02-24,2659116.2918178895,2248921.8202838805,1685596.0844373216,2346521.8395331097,1658501.088036629,1479051.0559899372,1370401.8637647554
2025-02-25,2641500.706232367,2225883.595581197,1672441.9648858905,2316668.7774107326,1639419.5988250358,1447054.8635623388,1347353.156150441
2025-02-26,2673115.547445517,2268456.6222757376,1701487.0425023413,2338533.5133641115,1669398.4083219415,1466402.584120918,1364479.1556915822
2025-02-27,2615411.373701251,2210285.2162706237,1664761.3908070216,2283791.819297117,1634224.872611951,1412010.5919740966,1326489.8444259851
2025-02-28,2635237.845075234,2231249.196885846,1687782.8382525942,2304320.120350019,1662973.499855899,1430435.8132748026,1346342.2043952649
2025-03-03,2591658.0578328897,2190221.24789283,1653413.4007125865,2267344.36194947,1630966.6910696442,1381032.4107758384,1310481.2535163693
2025-03-04,2587374.6406078306,2183445.323579233,1638385.9226909785,2252624.2097418224,1631725.594766896,1377475.3906817832,1285715.9328610366
2025-03-05,2607755.86578594,2194951.5011736066,1648820.9050966832,2280847.4507575347,1638028.1332327395,1403341.3934127523,1307945.749454765
2025-03-06,2536925.550354502,2133395.8799574464,1602247.0001214386,2211116.470509402,1584833.334494748,1346805.268694101,1255747.8913642098
2025-03-07,2552587.234330119,2144937.9207876083,1610934.4279507268,2209860.8245889475,1602518.4531353947,1370471.5448022913,1264667.5024762277
2025-03-10,2503287.4730359544,2097093.6508979972,1575841.729115238,2138622.759886299,1568002.8032222472,1299739.3719277112,1203840.8863420747
2025-03-11,2515048.9719651984,2113933.2268954143,1588142.4281430107,2160047.9267191603,1583320.412746939,1319027.2072937249,1215823.7238539525
2025-03-12,2536461.341851993,2147665.35064859,1612218.5364328283,2192834.1625762912,1614144.774345724,1356910.9757502424,1243254.2965096827
2025-03-13,2500245.32212745,2119149.85099847,1590549.468532174,2170895.024359659,1583107.607011855,1341484.209421346,1222340.1128892195
2025-03-14,2544257.858601709,2160599.9637291115,1623632.2572892727,2214083.838640788,1626282.050235408,1379795.1941032296,1252689.4278873443
2025-03-17,2553623.694999119,2163709.443925664,1632551.952489492,2223322.4077619566,1645175.1835049058,1373977.8726475723,1258719.2845025877
2025-03-18,2534180.669541477,2141757.1731889085,1612411.813918779,2193213.291956445,1632160.0381784206,1345959.8970688416,1240102.4825862523
2025-03-19,2563364.0408992027,2172225.4075458515,1638208.6426673306,2227721.6057970757,1657007.1156832983,1366863.044246428,1257832.581632104
2025-03-20,2567093.4654778037,2174651.7716616048,1636808.6304529351,2233347.29519628,1662720.071175909,1364124.7793441357,1258039.278660272
2025-03-21,2561403.748022184,2174765.796083088,1636542.6320382336,2245512.602155447,1649663.1902131054,1378232.8785473336,1264699.940956291
2025-03-24,2630254.949100097,2220590.598135689,1669210.5488426012,2292066.4526977683,1674588.2464576464,1419789.7650884674,1294821.7901288879
2025-03-25,2631955.828690983,2226874.4588642144,1672115.214238562,2287258.0321467994,1682884.9059501123,1426898.560529659,1296576.6358304059
2025-03-26,2594481.052705455,2203262.3215254988,1647856.6262790964,2252960.7554900427,1674466.3808422913,1393853.0334998104,1274920.3228158276
2025-03-27,2567517.7737254207,2184258.7569245636,1628156.0606707823,2224131.7985947817,1663860.1995176303,1377890.725919114,1267075.291359528
2025-03-28,2537161.9852882954,2162186.6697892845,1607457.7974951752,2193539.9283829625,1656552.610622647,1352475.8695103938,1247876.0889858007
2025-03-31,2527854.2002402972,2167032.9132159194,1609566.967970208,2182670.192945956,1671579.2476907033,1349829.22103971,1250708.4568932694
2025-04-01,2545404.594840117,2178731.5509316092,1621278.203840963,2200561.1569934376,1669408.184367333,1358980.3298633434,1258678.8057526671
2025-04-02,2585106.2930865106,2208834.597517488,1647276.9718483954,2232791.3494243147,1686242.0677740497,1382945.1713792246,1272096.501498884
2025-04-03,2478588.113589785,2102893.6049332777,1557166.200492282,2125796.450712044,1611524.07726764,1332598.223509651,1230256.763316207
2025-04-04,2390433.4276421946,2028000.6517047724,1486550.7003325091,2062237.6987342795,1541576.9755230187,1251638.5965290957,1156952.2174955443
2025-04-07,2415699.3803528463,2040786.3337207749,1503611.7514551447,2082317.5598349762,1538778.4617733539,1262243.7664475853,1166876.0048896046
2025-04-08,2391878.8096675756,2018826.297922561,1491310.7449062422,2067247.8671713348,1522679.082686346,1250076.2849187057,1155000.3568740117
2025-04-09,2551055.127729349,2139920.5492854957,1602510.4060491978,2210525.2174068983,1605956.3863167497,1375977.7512567309,1255491.328206719
2025-04-10,2480544.3212921727,2084258.4518552984,1553307.3038879936,2153623.9586005504,1573211.374632325,1328714.915860299,1224246.9387667368
2025-04-11,2499514.668139855,2092831.8798626473,1566560.5389203222,2168608.5852203174,1571634.0436618547,1343847.376205572,1240989.65538696
2025-04-14,2512032.8329333575,2103554.512287272,1573133.7321176715,2180758.006791294,1589720.5757153302,1357354.035178332,1253710.058347821
2025-04-15,2536972.872152837,2117231.227058017,1583774.8774246695,2209897.6710521975,1610340.3514449818,1376778.3522529851,1267624.1570741718
2025-04-16,2516609.7153590224,2100853.593340874,1567261.822401248,2187461.603542535,1587878.890861534,1347024.9302431864,1236257.344173381
2025-04-17,2518993.558136354,2102600.8166207,1567356.6363397674,2186442.8977836077,1592175.8384775075,1352154.4263973094,1241047.9763966354
2025-04-21,2485684.486389155,2072227.5932445365,1540081.0591240274,2164561.852411755,1566871.780398366,1333178.5043747642,1217221.195708819
2025-04-22,2525260.756097868,2106173.7795894267,1573106.740219472,2191348.068659044,1593009.0003673541,1354134.0605951636,1239438.5045944527
2025-04-23,2559737.317831698,2140276.547464158,1595105.4055212531,2223109.517923716,1616545.1319616255,1377503.6881349985,1264722.9595074744
2025-04-24,2598462.123010203,2171206.9000539165,1615930.3748882404,2257543.2399446713,1638294.5811692795,1396949.214305015,1288324.4083804884
2025-04-25,2618421.849261945,2185351.283629486,1619732.7710755258,2278777.350905052,1641205.9048460296,1395742.8563995662,1289495.7489289143
2025-04-28,2625389.9771606945,2192088.147839496,1628834.018094373,2291943.757304062,1651091.6313186733,1410637.6024768504,1299122.497059442
2025-04-29,2628520.8940933505,2196981.1058201417,1630859.5993191972,2302699.9339452023,1659682.0412035456,1414542.6692138144,1306288.1093275447
2025-04-30,2627659.925466993,2198664.9629706494,1632789.0176302444,2301450.48196416,1669477.9618409798,1429835.4077701052,1313441.1140723894
2025-05-01,2638698.0085930238,2211682.068980745,1631282.5881755976,2294220.8502716157,1650314.2078779475,1413647.5376180243,1308140.5967834622
2025-05-02,2687384.9991312334,2250471.7788817803,1657188.136869955,2331876.301125268,1675626.6711318886,1433003.279928532,1327342.9519349278
2025-05-05,2685313.0642176797,2252303.463584582,1655113.6751951817,2330203.130308541,1676381.890410912,1432654.885023883,1322081.9605958739
2025-05-06,2655998.000416512,2236834.077709567,1643511.1383727482,2300419.3340800405,1647982.0677130853,1396720.1623512448,1304733.5329464602
2025-05-07,2667490.1450937795,2243822.176477098,1652194.3734297622,2317876.227317588,1654726.9523238114,1404393.7769256532,1312176.0731453868
2025-05-08,2670516.453439565,2270199.123505404,1663625.8258312338,2351771.4903133623,1660707.7713020267,1408513.5074897327,1315626.9690801695
2025-05-09,2673152.1165155247,2262747.518112243,1660459.2727440912,2358652.5461044256,1659103.6402139012,1403346.8119926779,1315339.049012697
2025-05-12,2689737.1191407363,2287878.5721381838,1683658.7165272168,2369027.854611875,1642662.1078747513,1402137.4304449433,1325309.7172608858
2025-05-13,2727534.205279415,2327018.091046094,1708156.9704693763,2403881.7618482397,1656343.4673275796,1412285.604050577,1341345.3134909573
2025-05-14,2736416.2989314673,2326038.010295027,1703560.5086009144,2411198.109182701,1657976.0689203488,1409419.1980519842,1344352.244960855
2025-05-15,2735216.1404482997,2322512.470463605,1708267.4685670321,2409146.853802596,1673290.2584013925,1426355.2695493018,1357951.9508218018
2025-05-16,2745453.0920012523,2334355.2299704864,1721911.8500331843,2412740.0966443294,1685476.2206442605,1440015.6959924947,1368855.3264069373
2025-05-19,2753433.6901192195,2343815.957767466,1727344.875641533,2408522.2024404835,1689824.2533679197,1450430.598324053,1380412.5246061757
2025-05-20,2748216.876742572,2342037.1560121034,1727967.720784137,2404040.5802641236,1686325.7058734987,1447772.7543456454,1382202.0687498352
2025-05-21,2738373.3229030026,2332810.120808448,1715596.1519512953,2393588.0493141836,1672665.262228172,1439436.1683936198,1370276.3362983493
2025-05-22,2730507.364942974,2327266.800639039,1708999.881239547,2396083.1559329927,1672433.232404584,1443792.0777061093,1368855.9912045272
2025-05-23,2739329.497545148,2333170.516308012,1715619.4597722734,2398305.7622404955,1683603.0276018516,1454511.6226513782,1377618.716940239
2025-05-27,2743976.464753382,2340969.4528499567,1727480.6827646727,2396071.5508701117,1689563.9916819332,1459361.32178402,1386723.423218828
2025-05-28,2748325.768623289,2341671.0480841007,1726676.1349102787,2398080.717204243,1687852.3759425299,1464992.763466159,1386682.5139939853
2025-05-29,2729941.549859818,2329390.3619890194,1717216.1807085332,2389617.9619632773,1683704.3388436267,1452535.9017070746,1383256.6235353656
2025-05-30,2742275.8377511296,2339260.1011907225,1725993.1738929388,2406006.973203383,1709288.346370039,1477338.3992233095,1399173.179751897
2025-06-02,2752821.7376140333,2345862.137898054,1734209.6869986427,2427716.058375045,1715137.958910579,1487614.6934761377,1406719.0644332375
2025-06-03,2760178.4258275544,2350702.3510923823,1737463.4364909874,2436818.2299977154,1713270.4134667912,1493457.4787240094,1408279.12398214
2025-06-04,2753402.5287323776,2344671.463992441,1732565.9475259762,2432865.5525238095,1700265.2671195872,1478392.6646483697,1398022.1267756901
2025-06-05,2738501.7835440487,2343993.9416060587,1732858.0608504582,2403553.7755523613,1692830.6946629006,1467855.3884516528,1394040.5981309044
2025-06-06,2754394.3406159854,2356060.2107650787,1741761.582383118,2415151.0990265897,1709633.288211425,1483070.7609691885,1404554.308560071
2025-06-09,2754122.358552728,2348223.5940434774,1733594.0882857258,2427415.171223595,1701345.9066192252,1478014.7778253101,1400663.6719847508
2025-06-10,2740008.3260806114,2337767.243906304,1727084.081931843,2421913.5020755334,1704657.9185638013,1473669.8076987364,1396610.000630999
2025-06-11,2763456.88171748,2347671.4597014934,1735068.8935712446,2437791.5265178313,1708817.4693393838,1487201.7234219152,1404885.952401604
2025-06-12,2763209.4317888725,2348300.388783172,1735755.5116535304,2449315.528642347,1707708.8238270297,1485809.612967656,1406841.6096434202
2025-06-13,2767156.662629327,2347402.9461884173,1733910.60247016,2451785.77563865,1710893.9852898659,1484028.00830867,1403010.6583706897
2025-06-16,2772807.477351726,2353685.2467358373,1740780.4723926994,2467706.336136997,1714304.2950510597,1494291.8024526823,1409346.6393091301
2025-06-17,2766821.122942308,2343299.278580646,1731692.273162308,2464079.6856347616,1701064.5994601317,1479681.7217559607,1400873.274439935
2025-06-18,2766314.5279971445,2341066.4306292357,1732642.8317139114,2468667.8262305064,1704254.7852857183,1481825.0640387067,1404604.5769945525
2025-06-20,2763502.974807466,2340181.3578527085,1735251.7857216443,2468005.3792097173,1699165.996337127,1477838.4633061937,1402445.9483330967
2025-06-23,2776962.344975843,2354808.1206925283,1750539.399902442,2479659.3224172737,1715839.2817516823,1500978.4693781242,1421725.8611008571
2025-06-24,2792348.4964984856,2363350.832235748,1759431.5590048167,2504537.8330049315,1726320.986050088,1506564.3706701493,1426201.662693307
2025-06-25,2785111.0632182397,2346157.513018029,1747555.0549582404,2499382.3010256207,1713990.8910873581,1487030.476084807,1413456.8641651173
2025-06-26,2805345.5358546907,2363641.1052909186,1763084.3109321503,2518906.868978984,1720278.9670155952,1493870.3445261251,1416144.5035421706
2025-06-27,2805488.680173613,2365524.28619219,1770844.6111835327,2509391.9646574375,1717632.2670824435,1485646.7535187402,1412639.411862729
2025-06-30,2818585.471044373,2372268.9991830983,1778097.413349566,2521211.206416127,1738480.4156382093,1495544.3641183132,1424395.4865460284
2025-07-01,2769822.1721209567,2339056.1178139965,1755635.3643743023,2492885.729413999,1703833.3638698806,1463826.1923004503,1406043.415394934
2025-07-02,2770459.728142278,2342363.3708823835,1755907.2639494976,2488898.0816267706,1699351.301474391,1472630.1984084798,1406031.4699928954
2025-07-03,2793671.9832941527,2363584.8172869906,1773995.9795765951,2508644.1576330317,1717051.6374696805,1484330.63219999,1416062.7540089875
2025-07-07,2807222.624621074,2363045.2356058983,1772662.0225015169,2523152.768909651,1731399.2542651736,1486016.501022834,1421394.116234022
2025-07-08,2794215.1967582875,2357370.9183590948,1768127.127004711,2514786.2696388024,1726542.1303772086,1484010.431002592,1412719.3496682048
2025-07-09,2806535.7649162887,2370445.0171995126,1777804.2502560474,2520780.9017447694,1735072.5420322774,1494468.0903608392,1417200.6243539935
2025-07-10,2786444.0085080974,2365128.0063952925,1772830.7462068344,2514206.218569005,1734134.6554039055,1509415.4649115498,1421092.9558249963
2025-07-11,2785343.7653077575,2362739.040488313,1762931.7633974534,2508865.6538772946,1728881.3294940742,1500790.866819682,1414144.53000027
2025-07-14,2813299.836166262,2380446.1188893816,1779207.2428162182,2522419.887397568,1753332.0526151443,1525126.5104741752,1431157.0265000009
2025-07-15,2808129.4246825245,2368972.9448381257,1770080.3936708455,2511551.098940325,1753962.6740586648,1516975.5115094152,1424127.5906479626
2025-07-16,2808400.4484957596,2368494.8353804634,1769205.6748507938,2509761.865584481,1759633.289487436,1531810.6135256283,1432242.0308635524
2025-07-17,2825791.0206364505,2378255.096815781,1778639.130435184,2520347.2595402203,1768826.4103563144,1532147.5644738032,1432680.7775571854
2025-07-18,2837007.5464920667,2396879.221219804,1786176.4228393482,2528765.005438719,1770812.4572064872,1537860.0933195695,1436288.9416774623
2025-07-21,2822867.9254127136,2396604.524628888,1779885.373241588,2528658.331233278,1763556.7813515954,1533924.8979889238,1437733.343213542
2025-07-22,2801459.7133348202,2374454.4695669804,1766371.9255908588,2507177.336672036,1730532.0412594208,1509038.4057029437,1418737.6883065174
2025-07-23,2847111.4841010026,2403320.275602604,1781689.4205847126,2519162.9949111333,1769015.535289806,1549781.9202154228,1448849.633075968
2025-07-24,2843117.211576459,2398536.6357630435,1772998.825115883,2509996.4091296913,1764607.671306879,1528595.115221516,1440054.9843613107
2025-07-25,2860911.2789746756,2408930.284041939,1781792.2023679703,2512741.7113661277,1778168.7514474355,1545720.9045162941,1451562.9306166754
2025-07-28,2863516.235026447,2409824.427244482,1783885.8513228162,2506434.9240643615,1772081.6631714478,1538649.69800639,1446461.2323728758
2025-07-29,2857409.4063450163,2405674.3759697382,1776965.3999929896,2512544.1033819113,1772676.5116081813,1538524.055914117,1453234.5880508614
2025-07-30,2886022.075775625,2428143.4823109373,1783766.4843706116,2524016.3690271205,1786648.2882533525,1548213.6135922102,1461610.241253459
2025-07-31,2877904.3857284444,2424264.012422704,1779857.3720467354,2521320.95293783,1773908.6526140356,1542281.6229968981,1455082.0300604524
2025-08-01,2872031.7967816503,2418768.9840022367,1769483.1379044645,2522397.890428428,1771745.784050024,1533902.9127401963,1446793.5195013417
2025-08-04,2886150.181685742,2440457.4902976262,1786927.9419988904,2545482.1452095658,1782316.6014489406,1548252.7075148425,1462190.5689078318
2025-08-05,2923815.0905999118,2455200.645527327,1791253.2653202293,2556650.8536636303,1793078.8527494906,1556718.0577968888,1466225.1280607395
2025-08-06,2930039.5468374775,2448786.900621591,1788030.8467657834,2546618.5024764147,1810421.5319318946,1570337.1437988249,1474547.7820547826
2025-08-07,2933340.565311251,2456182.0390728423,1780889.949170423,2562071.263871043,1804196.5774562922,1567131.4724513816,1473389.48791479
2025-08-08,2928794.0412761196,2452826.099024168,1780567.483635554,2576048.4293564283,1818039.5544210817,1589205.62560863,1483565.2644476432
2025-08-11,2914473.6493921424,2443570.0937338527,1778540.3475458752,2567842.947972665,1812601.2560439403,1582122.0059768213,1480900.435509236
2025-08-12,2920025.879376838,2455284.3886955273,1791835.2239981072,2579980.5413375674,1805424.0160590345,1586202.9832352693,1486712.0627573582
2025-08-13,2899035.0729483888,2438777.5215157024,1786524.5575846513,2568959.624439264,1788912.5631033794,1575672.6281059666,1474926.2460921388
2025-08-14,2883485.5258405586,2411938.9188808054,1770397.7635335734,2564640.4998457492,1782499.0610484942,1563323.1346093614,1469975.3783290791
2025-08-15,2867882.862065343,2406839.031160934,1769696.6184234007,2550917.1621403354,1770998.2872893272,1558204.007908971,1467714.758627427
2025-08-18,2873528.6451626485,2418250.4236597903,1775060.695368043,2552965.8489418575,1775298.530049054,1560223.7595394128,1471251.4260001674
2025-08-19,2840729.953865694,2386266.2308526556,1748066.7471435633,2543887.261961285,1739134.0505837356,1512074.4855636305,1446008.9284228669
2025-08-20,2839897.918425875,2383668.519323591,1745621.0368587056,2548394.95854189,1737016.2102730684,1504823.20240806,1444990.8220896597
2025-08-21,2834319.196440672,2378540.6649157293,1741781.5199624095,2543158.3410553527,1735041.1681839651,1504009.7555442648,1444410.0600173099
2025-08-22,2852768.5083743706,2400932.7173856045,1760534.2095538995,2548265.644726333,1757747.7339060467,1514427.9522069052,1454734.7391815763
2025-08-25,2846908.871221501,2392322.384446315,1755890.9121712153,2545200.981289411,1751344.421123236,1508856.5236988144,1448738.2330499534
2025-08-26,2873797.4880635436,2411564.9630915816,1769146.3963706386,2550904.243296472,1772688.320441013,1524954.7121470484,1463538.657479797
2025-08-27,2871404.999656825,2410313.8664497575,1770919.854260515,2556478.6924294042,1770386.327784208,1519356.9624113343,1460152.4835803893
2025-08-28,2886296.662131784,2421297.0819489784,1783141.6581741336,2562856.092164051,1784979.331827264,1535043.3026677943,1472580.0671930485
2025-08-29,2867111.428841106,2402255.381814249,1760994.0685310438,2537089.25667805,1768805.6157353509,1506328.8720265955,1457999.23048245
2025-09-02,2849593.1732361326,2390589.0316164447,1755418.0738871836,2533139.186033909,1752077.7915258335,1495011.026073649,1446880.9400774613
2025-09-03,2852455.247471792,2391928.240214915,1759572.5231229388,2516850.494527885,1753638.8309162462,1496723.4644658738,1444593.535190171
2025-09-04,2868470.8612134396,2407044.9682010566,1770759.8222950278,2522761.0364465793,1772453.100241772,1507143.6295317907,1455912.7739767844
2025-09-05,2850483.085468294,2396132.3558758814,1770966.4279383384,2517059.7928994866,1758197.0888338704,1523476.9711074503,1457522.069244449
2025-09-08,2860209.9595261863,2405054.466992462,1780053.7773044163,2518138.836199073,1767050.040526133,1547313.6425039775,1468764.8089037964
2025-09-09,2871938.247416242,2412655.6179039995,1785215.0878357503,2516318.6890812586,1772976.6881474357,1557499.6916946112,1478512.8618552797
2025-09-10,2902508.823067416,2436598.0273831375,1824943.6989314843,2544273.769663681,1793945.7248458515,1666761.8240342045,1537616.6963204313
2025-09-11,2900256.329152932,2440058.7980698342,1837220.525320473,2544104.9714853996,1795585.5684867857,1640295.8658352972,1526775.0154777563
2025-09-12,2901603.386097865,2439165.7293725,1844800.4114007968,2533691.255965202,1791001.873462055,1631254.7429596735,1519861.5376323443
2025-09-15,2909383.274365313,2445876.4780036644,1854096.5028269645,2534325.6726899175,1796767.6423640354,1642880.0212480268,1527284.316717253
2025-09-16,2894213.060555671,2434570.0489989137,1843628.15332247,2527239.662241077,1783207.1510156398,1643339.0645268047,1530406.347319293
2025-09-17,2891525.8610023316,2431296.121556469,1836670.5739256481,2532006.0424024495,1781943.041983623,1623810.0399227045,1524301.8985297743
2025-09-18,2910496.4408576256,2457951.7575825104,1860603.6579921024,2541376.299456084,1808001.5564445474,1635063.5304618701,1534091.5268307202
2025-09-19,2925551.2482836037,2466698.543284458,1868116.8306933327,2534961.667169247,1822666.2216925295,1652373.3879292032,1543498.383839313
2025-09-22,2934769.8244319386,2471258.715323293,1872254.2796382757,2554605.1277337116,1831250.9745481228,1647855.1881101655,1551033.7487735297
2025-09-23,2926226.216752606,2470978.3266257793,1869997.7399425055,2549844.825560096,1838577.6426331769,1654128.9389207491,1547140.4417705743
2025-09-24,2894153.169986216,2443721.105257418,1851719.6886413048,2542712.583938348,1817160.2029670011,1642697.6720676788,1536675.1005209025
2025-09-25,2880186.502821246,2428740.2698681406,1838593.9080049854,2523298.781316175,1787527.7016787112,1636056.461819859,1533186.066614278
2025-09-26,2884369.4710787884,2434815.2264467115,1846986.6870107274,2520274.1927047903,1792586.465655067,1636522.750967498,1538151.5266905692
2025-09-29,2882196.520759381,2441672.6226698104,1850427.3703069969,2548033.9924007305,1803719.8893523847,1649012.4763585606,1548838.9165890368
2025-09-30,2891684.7644925634,2444454.0955256457,1854433.4451680293,2569425.1307848194,1816688.8902567013,1657725.595118332,1550215.5762369814
2025-10-01,2896388.449061987,2438622.6072689155,1855211.9114059391,2599488.2334728017,1812371.1844241114,1656345.6837556772,1549019.0710569702
2025-10-02,2905199.0241645966,2450495.985201476,1865953.2256568254,2601000.888125617,1820334.343883784,1669976.9379864605,1557132.4065732248
2025-10-03,2883225.711320117,2431581.811790756,1855171.6405616277,2579849.023000328,1789000.6248105306,1650193.333490718,1550458.6328319218
2025-10-06,2894019.1934264735,2442473.008364927,1860210.7572701909,2564398.19572388,1807757.6489466974,1663865.710665254,1558418.355910453
2025-10-07,2894887.7129399907,2439651.5278697927,1854672.483003041,2536484.204892441,1807814.1068829573,1663685.2503837226,1555131.4206173092
2025-10-08,2915188.3401334193,2456694.9119426697,1869531.0737425832,2551805.903612807,1824951.8087450885,1688205.7954053236,1570638.9342111882
2025-10-09,2919254.326971422,2459332.65341327,1868362.9638195669,2554045.682459281,1818188.1413762595,1690371.2894404763,1577288.8808755379
2025-10-10,2869077.4888220634,2415247.3758896356,1827030.685390517,2515900.9783971556,1771798.5774005603,1639806.2029060875,1536165.7384389099
2025-10-13,2909058.6487810514,2445936.717599282,1856094.3258249082,2553401.392390023,1808890.4256454564,1684671.0960487842,1571792.708469518
2025-10-14,2909255.064009896,2449436.0916398093,1854510.6475600952,2543329.080481408,1812656.026679431,1673100.0561954966,1565475.2113432086
2025-10-15,2890401.568396631,2444246.257115239,1856052.407063247,2555636.3333672066,1811326.3790909976,1670852.3835875527,1569173.4279783163
2025-10-16,2885399.588626171,2429485.228623946,1847043.4260748476,2561757.818889898,1802967.9550028585,1658053.0335979213,1556026.3174648476
2025-10-17,2880947.4217291293,2423241.6680687815,1844224.4140042388,2565561.7422623583,1799224.6819358214,1644471.6714007412,1547446.592342902
2025-10-20,2883348.5684535718,2416737.07829148,1841961.3875872877,2550670.404648322,1803411.7427247467,1644319.6239671218,1548615.8980169517
2025-10-21,2896193.474655883,2418699.5605872488,1840224.2399178057,2535668.781904393,1789015.3383304167,1627013.104306446,1534780.5102078945
2025-10-22,2885487.449596168,2409757.115569206,1828085.900336899,2527782.008368899,1783257.1368827478,1612744.3322638127,1518019.2261384628
2025-10-23,2917518.616538207,2441586.477596608,1855665.1032018422,2573574.019616821,1817527.0565263187,1646265.6973852534,1544494.3908288456
2025-10-24,2939270.257258173,2456371.7466617962,1874474.459410783,2616977.399421823,1838006.5525574596,1671487.5806290654,1560642.7760733354
2025-10-27,2960667.779718935,2469721.500813803,1886610.3910221814,2627352.7254128656,1863940.230213742,1698183.812612971,1582955.8150317874
2025-10-28,2952572.69885676,2463780.3714953354,1881059.650693965,2615040.4429064146,1858591.4539485157,1695602.945289516,1581730.4385548374
2025-10-29,2965664.6237049964,2507386.028712889,1908629.0177400834,2682837.1255928995,1871750.77772421,1714951.4134996163,1589965.5598599825
2025-10-30,2947415.373871158,2488646.6640650947,1885542.0121786876,2663619.056635424,1849404.1836420163,1689531.941705415,1561611.1442609262
2025-10-31,2979519.379628171,2512377.3918201155,1899979.2993717263,2690455.940809798,1872748.3992896592,1714939.2311875506,1583972.926726026
2025-11-03,2978048.0146176615,2522135.0717340875,1900118.0028874578,2720944.767568764,1876553.942129977,1715854.696094719,1585924.144144629
2025-11-04,2939447.4995768615,2477399.2505813255,1860864.0601584082,2658099.7412669766,1826825.1009144464,1656563.8829663908,1542431.338598597
2025-11-05,2954555.2225058824,2510520.1426391513,1880987.581003238,2723958.8348452747,1843627.6314907577,1672858.8045955168,1556742.7181042703
2025-11-06,2896144.1125136176,2479047.9182779016,1846220.8908707276,2710451.202079091,1787745.1556379062,1631043.5167342883,1510602.8401703704
2025-11-07,2915036.139018914,2487044.7230665036,1854695.3644700965,2714385.0089433463,1805448.3092045723,1643645.888297729,1515563.341387364
2025-11-10,2959130.2142069926,2531428.864731661,1881677.5942738766,2779392.667909518,1853710.5678661321,1686909.7546311668,1542839.1281605053
2025-11-11,2925102.0759977177,2504667.5698068156,1864426.8410123663,2730421.2722010734,1818307.9001002165,1654106.7640018426,1521093.5142072528
2025-11-12,2909607.552419227,2490509.5054503097,1852776.5007555848,2722074.516374112,1809801.8979428436,1646386.294307335,1515419.2002840503
2025-11-13,2862830.985841577,2437097.6254888074,1808319.8655914173,2654458.2341773035,1752958.354836292,1591201.206326658,1466760.4196542397
2025-11-14,2877839.374114041,2447808.024424429,1817288.0667739862,2663434.6267144806,1755777.610648209,1603447.1661122188,1477791.3622176014
2025-11-17,2855913.7244637087,2442792.025917762,1808448.5716046882,2652543.0103107058,1734796.207027599,1583823.750628807,1463253.666746027
2025-11-18,2857598.701351452,2426654.5714681875,1801124.9763545776,2610384.4055066374,1726210.966415477,1563829.501825113,1452193.8296789476
2025-11-19,2858082.7967209816,2441469.9664415456,1808644.0856912602,2621569.6271671015,1740009.1626499011,1590431.2119218896,1467649.0278832004
2025-11-20,2819616.767256384,2392684.1800735695,1765789.8277712602,2537516.3297752533,1693824.2719099321,1541288.9878834407,1423635.6997239003
2025-11-21,2828088.395196673,2391447.0596595462,1766232.2614579462,2540187.3944966053,1700898.989870053,1536844.244410207,1417041.7910857154
2025-11-24,2879517.164093255,2445734.151329647,1812769.5281401332,2595709.3281387673,1762285.949827924,1610609.8241314804,1473964.9641299827
2025-11-25,2896781.5832244814,2459399.919146202,1818570.9091773026,2595952.246985383,1778064.3320021182,1617747.7784894148,1474077.747401481
2025-11-26,2943229.4755011615,2499598.562947141,1848244.7945877034,2644268.906219646,1827381.9923056106,1649677.5149294757,1503279.0945239554
2025-11-28,2960013.271477355,2512080.143683713,1860978.2509794533,2663105.359959594,1843634.5008884754,1668552.1200034635,1530225.4487899027
2025-12-01,2942617.6113663623,2503492.494045953,1849556.2879598488,2658526.4867208083,1830003.6676162386,1668799.1663103134,1520067.0724740087
2025-12-02,2949677.8361747675,2503292.3763391552,1856995.5562822034,2658802.1380040282,1828123.579644827,1685418.0907574294,1540172.3344349603
2025-12-03,2958090.5146542187,2507454.724795371,1861531.2379111135,2664334.4291568464,1834196.9355217398,1692771.1869174119,1546122.8666773234
2025-12-04,2980440.8346173875,2517533.0113326735,1874873.9563449936,2669613.922038395,1859376.837530444,1692707.9674199058,1542540.827169325
2025-12-05,3011560.2327932417,2542438.181759468,1885492.2588665928,2696838.536982066,1874896.8363217604,1718674.2319103512,1556814.494320365
2025-12-08,3036343.3770654327,2565548.373972633,1901973.233130133,2728832.4751146943,1887927.484380096,1738900.7750917461,1565129.9921305815
2025-12-09,3041851.60598636,2581646.5611216244,1913147.8398650724,2741841.1819999907,1896773.4126686824,1765420.7870163152,1579969.568563816
2025-12-10,3091931.615492094,2615729.486093935,1940656.5222684566,2781248.95695504,1936635.733573326,1783313.5151835936,1608587.114917921
2025-12-11,3083289.3569269013,2618775.081519251,1944684.2056078897,2760510.7131366264,1940399.1009358212,1779790.7294307896,1603172.776648212
2025-12-12,3042522.616403943,2568833.3580515585,1896478.0344357209,2714734.2626910172,1892327.5945307072,1701352.982539529,1543716.8874597521
2025-12-15,3023957.2161150645,2556750.0896662576,1891427.0506776618,2691665.723655915,1879816.6134515589,1692637.0920404843,1540022.6633624514
2025-12-16,3036294.2855920675,2557758.742386904,1890851.6968854424,2692791.10208963,1895157.3822769984,1693872.701287156,1541138.7683018513
2025-12-17,2989328.1657909295,2521447.029482942,1849822.6431310074,2650564.049895312,1857558.7420017053,1645256.571242752,1489303.1987673375
2025-12-18,3022200.7647313485,2559877.4794273837,1884539.974279758,2685609.5264033335,1895346.1767135044,1708552.6609554496,1532839.4883686516
2025-12-19,3053509.1270327307,2594566.751182707,1915875.146040849,2731822.6147653204,1929771.6612031301,1762006.2920883263,1578024.1130563342
2025-12-22,3049010.6335329,2601970.313456928,1925454.9102725047,2727201.940825991,1924660.9002631768,1786107.2714694813,1591595.3815206194
2025-12-23,3047997.7606361513,2604925.6523479405,1928515.6491731538,2736744.9580016634,1929470.33781578,1787157.064340139,1591698.8990925776
2025-12-24,3050960.8548518545,2614044.238353919,1935685.5258303704,2747781.547657393,1931872.125911289,1797314.6311814194,1597091.509888809
2025-12-26,3046409.7018208406,2609766.9817246464,1933792.9355993639,2749545.5814697654,1938141.8515310914,1792130.5194456703,1592807.8133955838
2025-12-29,3023399.671612883,2600255.6542973635,1927449.2395517959,2731763.8206448457,1919604.539493342,1778312.294795897,1584699.0794147367
2025-12-30,3015906.0978364046,2594324.468226455,1923367.8376723535,2721104.8606930776,1918537.8601044524,1775306.9860351703,1583304.4360378175
2025-12-31,2997509.0745375897,2578923.049416429,1909763.5092480183,2709709.3348345836,1904181.1931277136,1757240.8402566453,1567599.6392758063
2026-01-02,3018726.3565284875,2615570.5616128575,1944673.6916998574,2768020.973343968,1933528.6734436625,1796701.9412963851,1595427.0356782281
2026-01-05,3044661.8009175602,2630210.726768472,1954344.7283957554,2771953.103568156,1940773.9710305624,1818782.461464606,1609191.0230699999
2026-01-06,3121438.874806143,2687086.710914294,1988300.1495802565,2913847.3741523293,2020298.2729557152,1875639.9789457095,1636165.4394934697
2026-01-07,3076799.5052730055,2652798.487051705,1966347.5659845276,2886176.8733833665,1976763.708526814,1865361.930419956,1631817.4705701598
2026-01-08,3037427.3401277596,2620785.209451062,1940186.8873519015,2834181.8357593617,1937597.7649157168,1840280.2845899134,1606987.4205501236
2026-01-09,3069364.2188692163,2662269.537184844,1972114.9528533164,2905793.4207525775,1967688.189234853,1883535.3670476456,1641923.4977981753
2026-01-12,3107618.1311678737,2684525.1440303256,1987239.854283967,2947990.9547423846,2005436.5714097274,1897996.7928134413,1651841.630623945
2026-01-13,3114930.5062151733,2687372.9575675484,2001051.496025386,2962106.808622843,2016584.3564037299,1890010.592423542,1667156.6357060035
2026-01-14,3109400.571892504,2676609.093096989,1996267.7338773534,2956621.931986529,2020184.8762704234,1872955.0164552971,1655389.016721765
2026-01-15,3106064.9091957835,2691781.750733386,2012870.4998083173,2981764.853167819,2036666.0228307263,1884934.0056432097,1661575.435050856
2026-01-16,3100001.9002925013,2697968.4917519563,2017214.9010722404,2974285.0108098555,2038143.514930707,1907590.8439718771,1668621.8849049923
2026-01-20,3090506.7199814324,2697061.145686059,2011851.5420469253,2989908.6408066317,2042539.7793581733,1912803.1699226277,1668690.7957132403
2026-01-21,3117318.0068401094,2716846.788500005,2034279.9006727918,3052548.6732086083,2069040.9953961861,1916073.9901166623,1692098.2713898884
2026-01-22,3120073.3083293554,2722966.6534182206,2032065.0284832537,3055912.829468267,2076061.3998600582,1915650.207860853,1686059.3930287983
2026-01-23,3120808.8348334217,2724237.319122144,2024529.5892265055,3038081.2599714897,2080027.5515872394,1924104.4378213596,1668860.8081517278
2026-01-26,3127456.288630612,2730301.4611311075,2025616.9733159053,3034694.4744876735,2089478.178284916,1926912.9265609244,1664172.2497119315
2026-01-27,3139880.0536192823,2752615.101780431,2053888.328445159,3067271.7886940762,2107031.784941487,1955235.880271531,1686834.300396984
2026-01-28,3194143.720093453,2776005.1309768055,2061102.0218971132,3137317.41607885,2173354.7337755025,1968530.9361824922,1706029.9681194506
2026-01-29,3182156.00194348,2778258.4584335512,2063613.6948203677,3140636.0224393746,2156542.0431258334,1970749.354637387,1712858.052330714
2026-01-30,3123054.368487846,2700726.0837041344,2009188.3684931807,3111625.6305670324,2075125.4355820424,1880504.9604127458,1658943.6711675427
2026-02-02,3140225.4212078606,2721149.0639356603,2032014.0789087869,3192643.871735276,2110774.3674664926,1902488.4817138277,1689018.8339343825
2026-02-03,3169648.783414064,2728067.861523897,2040027.9803180608,3242238.237929764,2152939.6086865757,1897626.9406469031,1691671.3124516574
2026-02-04,3100574.088355102,2656126.231257375,1981367.9813992437,3134388.6794699505,2095219.8462111263,1809180.3397325005,1620784.2942937918
2026-02-05,3056527.3256272892,2625118.3971543577,1968896.9902619603,3123867.075193739,2051195.582723694,1784282.7113798338,1600277.486320065
2026-02-06,3121116.1688452787,2684599.8041447517,2028155.6811854783,3190708.6385883954,2109034.1967138844,1836529.30369487,1656337.0799975242
2026-02-09,3135576.4566865563,2703936.2713441583,2051466.3196687414,3188211.367167667,2126096.9273516657,1865359.0365107232,1677679.9340455728
2026-02-10,3095169.320478048,2678119.9607309895,2029859.7806960342,3140853.343091651,2088857.5133554256,1859146.797456307,1665238.3161724547
2026-02-11,3094835.198930148,2685618.999012269,2046383.5480052938,3215143.441460512,2107937.1554163033,1882464.5498607708,1688452.2335182105
2026-02-12,3099432.0050726193,2661218.103625905,2027531.87024979,3233169.6288001738,2113776.3624434234,1830398.662483855,1651378.672867203
2026-02-13,3104728.888142408,2675730.997431316,2039847.2416929964,3230274.811269711,2123612.4102612785,1857368.0765019609,1667241.8707661924
2026-02-17,3107079.033986321,2669925.1094202516,2035412.4647710864,3205927.957051485,2120820.9707146054,1841647.268962921,1660877.5430298885
2026-02-18,3125964.9515614575,2696626.983513549,2049929.3914479734,3242011.526888262,2144300.985379746,1874146.2448513778,1672869.3999631936
2026-02-19,3104345.968526195,2679088.39357802,2043608.399942759,3238423.3122226717,2123117.0143764094,1873086.4660393246,1677369.240811243
2026-02-20,3108620.3595049493,2686659.053513165,2057196.4357540947,3268246.3417811375,2120814.540377272,1882434.205805226,1681305.4365350998
2026-02-23,3098307.6807762696,2685801.117980675,2055053.9316401968,3273482.0575273936,2117358.557104872,1874655.1060270444,1679668.155184043
2026-02-24,3083406.718426703,2681410.5234041335,2069157.1308024777,3256915.424168585,2099376.2127540032,1903144.3392335975,1706769.0263247124
2026-02-25,3111033.314471799,2697508.8217096953,2086112.679818795,3279043.340078235,2123908.6207453245,1914261.3267685643,1723171.7820218138
2026-02-26,3097050.358750133,2686126.7736590537,2067192.6628375282,3264715.345885917,2115009.0761913937,1890160.161365758,1695238.3602257576
2026-02-27,3086582.4861357,2681574.023585731,2058450.6737977287,3256469.1752138035,2107082.6827153526,1885796.0039911643,1692120.4572120372
2026-03-02,3062410.4543220922,2672029.093211947,2049479.5072852634,3250160.333318993,2085920.2129874777,1879408.891174148,1694764.9472850172
2026-03-03,2999754.211302259,2616647.995732132,1999645.6457441417,3190174.5400991524,2023559.5743706864,1817914.0064556447,1641451.808806804
2026-03-04,3041272.299341978,2642051.711475772,2021833.5409229044,3222386.6742819175,2058200.195125502,1856405.4165110416,1661510.4181034628
2026-03-05,3012763.5117886905,2605036.302195072,1995996.8636072215,3182772.8917237003,2033657.286337508,1841551.134225295,1636553.884975429
2026-03-06,2962396.2807962885,2573856.666291316,1960836.8286009918,3145436.8575757174,1996299.1282782373,1798348.4783429445,1593756.848112689
2026-03-09,3025201.920371521,2617328.843675485,2000458.013459846,3198155.111924247,2046546.8532430122,1838031.9372796335,1632145.87760503
2026-03-10,3050219.943771914,2635983.886968266,2014303.0677697186,3228099.3247707183,2064495.3898209927,1856982.8880448784,1651492.2171242842
2026-03-11,3074616.7357734637,2647536.9678107467,2022240.432565952,3250329.8470304715,2083901.9966812916,1869862.039540311,1656460.1094999027
2026-03-12,3041347.619499579,2623592.538677873,1991656.7726599535,3222979.879945558,2055619.7980912733,1833660.4509464626,1628838.0401061852
2026-03-13,3075591.1580596287,2637221.015918895,1989739.115250383,3251953.191007104,2091542.8747464467,1835553.0044298056,1625904.4851186522
2026-03-16,3119596.8138534976,2672067.9060928645,2013246.256882216,3300351.9343243605,2129279.297859431,1852902.2525035178,1642417.8194444173
2026-03-17,3165590.7000686238,2702402.328661238,2028777.3280740129,3338662.9894690993,2176766.9063486215,1861390.1918103548,1650848.9833078266
2026-03-18,3162513.1882220763,2701142.042085561,2025063.850913031,3349816.3541941238,2176204.57071366,1860131.5649075734,1649010.0933028562
2026-03-19,3184944.963026965,2717065.7530453186,2037909.0605072945,3374013.941702321,2191292.626676627,1858538.5762235078,1654035.7794513355
2026-03-20,3115471.3611576306,2665421.7455846993,2002441.4660883122,3309332.08944594,2128858.009070871,1823361.9405347432,1624256.277614886
2026-03-23,3114819.357342807,2683131.964841242,2021816.6830726466,3321188.4919301164,2144570.4503723164,1835108.3500627533,1635051.3679164308
2026-03-24,3136291.7046005554,2715573.526296065,2045695.070728221,3343631.0308449133,2178066.584229515,1853290.3534289456,1639037.8854898356
2026-03-25,3118622.625558133,2712251.3668540204,2046106.3715002318,3333535.411215285,2168098.0186657887,1843672.7000830474,1649828.6325796521
2026-03-26,3026757.4193499023,2628450.491778702,1983803.8672294267,3240550.7059420017,2072319.6926138117,1778173.7915655307,1591814.13408662
2026-03-27,3040234.7071608994,2639156.2187496307,1987924.6780015244,3252214.6694702352,2086160.1500361008,1771070.4556808053,1577851.3475293554
2026-03-30,2967518.2471439946,2578684.7595819323,1944265.0019391559,3174847.5030603013,2016334.5686919538,1719828.1027487842,1542586.0091212972
2026-03-31,3032049.6909581805,2642987.3157385797,1997154.8561348254,3238918.9009847855,2088874.651691467,1775005.802488474,1594286.040288113
2026-04-01,3110436.7442504102,2705828.2634600196,2037392.5827706086,3312851.7416878655,2160364.542778067,1814807.2323363232,1634985.4332966043
2026-04-02,3130192.7794230646,2717135.6188784814,2040311.5346940088,3327786.558537863,2179212.130126686,1804976.0126324769,1632744.5359617956
2026-04-06,3153030.2062568925,2730355.601641861,2049945.3766895754,3342962.8896685024,2199090.428537989,1815582.988377315,1640652.3061892842
2026-04-07,3168985.2093722005,2744534.4060758916,2055314.012456031,3354878.2122451845,2213777.355096341,1823771.5440151554,1652511.303119674
2026-04-08,3258301.9793378543,2836239.8563676346,2123367.887814748,3456759.5973753757,2304080.5326794893,1894344.1777793125,1713310.708831947
2026-04-09,3283319.458432719,2864460.577355727,2141614.325783915,3483670.41256885,2329371.1374344244,1930913.285585916,1741881.7659915711
2026-04-10,3292378.725378681,2876919.8794685365,2148145.808367653,3494179.3559141424,2341576.570869486,1942240.4893941942,1753494.2403170594
2026-04-13,3324728.5919424854,2896572.516198539,2165127.7673641816,3523055.8548264364,2376256.8388395794,1946431.6840612313,1766324.663982463
2026-04-14,3355120.8992917673,2915116.393706512,2178078.0689737666,3540449.2021209337,2391491.8187957257,1969227.8202835722,1789553.256821395
2026-04-15,3332686.4621388316,2890236.4951975914,2160058.091826744,3524379.343149441,2373294.8867877303,1950199.133543916,1794371.7915362509
2026-04-16,3354782.012416092,2895234.884679703,2170876.427766568,3541186.4152469956,2388580.089969766,1943497.1512461563,1807375.845612027
2026-04-17,3375502.317687401,2918413.007634686,2188001.7148289173,3563885.501654058,2416708.618781382,1963622.8970664414,1824668.507931729
2026-04-20,3370295.597316353,2917806.676963042,2184244.43470832,3561761.8244348248,2411501.8984103343,1961502.8786372307,1820627.0260759098
2026-04-21,3361887.320878637,2916443.64038584,2188201.8048882172,3550148.72855989,2403093.621972618,1971138.4951345376,1824750.3081317833
2026-04-22,3403346.8342189356,2944811.573164269,2212680.4474688265,3598223.7092601326,2444553.1353129167,2009680.9270104696,1865673.6400990128
2026-04-23,3398892.4348606328,2952845.4736098186,2219201.430894468,3579702.117344835,2440098.735954614,2018183.253505706,1873386.9315138306
2026-04-24,3428161.7872268287,2968922.9201895995,2242001.678370235,3606098.7732448536,2469368.08832081,2038340.7032075163,1893511.2458654991
2026-04-27,3445467.7109680385,2974662.994370043,2243505.3295029937,3620663.9126963113,2486674.0120620197,2069096.9306405177,1894781.5086888066
2026-04-28,3388446.3808617652,2922045.349942927,2203327.3003793135,3566332.231486873,2429652.6819557464,2022756.9795348942,1848949.9818586353
2026-04-29,3435441.8502173675,2938825.9956046366,2222783.775924406,3613214.137406125,2476648.1513113487,2078321.1703482086,1871917.6841172841
2026-04-30,3483980.215669702,2996975.970069029,2267013.1867209934,3649749.7954620034,2525186.516763683,2122042.761976508,1919811.202342736
2026-05-01,3526718.4526817915,3032987.5365161886,2282026.7629411495,3695124.243495792,2567924.7537757726,2170432.6506507467,1936478.4633721064
2026-05-04,3569681.182313528,3056979.5883856537,2294883.348703473,3737043.9023780194,2610887.483407509,2212224.347608707,1958898.9168128923
2026-05-05,3649237.9961711047,3117378.774426265,2344534.3479781793,3817526.576495247,2690444.297265086,2303605.922276507,2023106.391292002
2026-05-06,3672616.7787003447,3149650.145396081,2370146.6677576755,3833459.3345291964,2713823.079794326,2342878.79603646,2072242.5865304167
2026-05-07,3611755.1283186604,3090366.373126334,2326730.726298925,3772816.766366221,2652961.4294126416,2288970.624423775,2026032.2933971996
2026-05-08,3718908.558873599,3153660.4135350822,2376679.418272943,3885600.375665942,2760114.85996758,2395818.0597929116,2090954.9961599272
2026-05-11,3802803.9645422874,3233648.3082846296,2436147.288444747,3982102.2005556813,2844010.265636269,2470114.3152007833,2150335.12611212
2026-05-12,3739591.6107312962,3192373.2128518233,2401586.4501036643,3917299.964899394,2780797.9118252774,2412468.417404226,2108315.253070023
2026-05-13,3766502.994715375,3219334.649496726,2416188.3073677607,3961132.12478991,2807709.295809356,2435566.747613909,2126396.2024949454
2026-05-14,3736702.3334095487,3203195.4271819904,2406811.5654758415,3926656.5433964683,2777908.63450353,2406230.577582117,2120234.1262380546
2026-05-15,3693852.2599398447,3163839.164257914,2370560.980599688,3885397.3241089256,2735058.561033826,2378188.0703917984,2081448.5054614637
2026-05-18,3631375.6593848313,3107053.910328025,2327896.062172514,3826395.795219316,2672581.9604788125,2318442.1274509053,2040226.9432210291
2026-05-19,3642767.140653723,3107702.112142128,2319354.0703250566,3834859.386352939,2683973.441747704,2324418.9147938085,2033413.806409361
2026-05-20,3650219.112831352,3127248.2773165395,2346432.5742207402,3840402.854445962,2691425.413925333,2346020.5113490485,2066426.8137070916
2026-05-21,3729135.3083265903,3184360.1379599026,2377833.9523762185,3914584.401732093,2770341.6094205715,2413344.6154356664,2106650.6081660935
2026-05-22,3714886.880838821,3179129.591876135,2378337.909201642,3899540.4019905105,2756093.1819328023,2403170.0174101274,2108574.817121028
2026-05-26,3754984.6902909046,3232078.5937270503,2420781.4401124897,3933310.396252671,2796190.9913848857,2486172.6022046986,2170807.420974704
2026-05-27,3754691.93195582,3230962.9937287876,2413163.9636961264,3926145.3574454673,2795898.233049801,2498429.7686184673,2167141.1958997627
2026-05-28,3751925.592900889,3225313.0797590455,2410062.4052025,3919160.5762124816,2793131.89399487,2498937.814301057,2170986.078012808
2026-05-29,3761744.496777196,3229514.260256484,2407643.1483022156,3921115.6166282976,2802950.797871177,2517804.039645908,2176168.4629455414
2026-06-01,3794309.0489159836,3248376.697926899,2412379.1550889816,3944003.9476575344,2835515.350009965,2557033.165088469,2189665.9501295434
2026-06-02,3842543.249625147,3312755.908836657,2456807.068220933,4024356.235876096,2883749.550719128,2591629.7860410777,2218636.5395879643
2026-06-03,3854137.863891917,3321549.0064544133,2469221.2665381543,4027463.736765391,2895344.164985898,2629041.7344798194,2247262.475645534
2026-06-04,3803407.8021960827,3281899.3997545014,2449287.281881692,3982767.173366416,2844614.103290064,2581159.4688117923,2214110.009518882
2026-06-05,3694909.1556284474,3167040.4771499126,2352014.7319899914,3870524.8861228433,2736115.4567224286,2449101.9163902877,2097220.8247150714
2026-06-08,3719105.953740467,3204485.139886562,2387351.9307090263,3900397.1972514964,2760312.254834448,2508463.788111664,2149543.850531799
2026-06-09,3683163.997735168,3165553.026917712,2363778.104134716,3848138.831750088,2724370.298829149,2479654.6846528905,2127043.6361682387
2026-06-10,3668477.1119335657,3139328.611489518,2334814.2521819756,3840387.8559208536,2709683.413027547,2441997.3957124455,2092468.9075771566
2026-06-11,3742999.441133886,3214193.326151466,2408969.787516085,3906418.1312289783,2784205.7422278672,2542673.248932899,2183715.0317260795
2026-06-12,3793657.3994120564,3257540.19482195,2444151.0956947724,3952466.132655913,2834863.7005060376,2585301.8157399283,2222755.5927762324
2026-06-15,3885115.341706045,3337817.9173249668,2505489.91537223,4036925.1430015652,2926321.642800026,2701545.619478708,2307662.3751989873
2026-06-16,3854362.8687831527,3291210.9302309756,2468737.512588014,3986792.868311353,2895569.169877134,2670128.3709220155,2264815.409237988
2026-06-17,3872535.449255726,3301318.4912295146,2490619.802066854,3994162.6715181954,2913741.750349707,2691174.65827113,2284380.563896653
2026-06-18,3912325.6715612947,3351869.3619030933,2537192.6549937883,4038394.315473505,2953731.972655276,2783713.2166354707,2355986.44211756
2026-06-22,3955806.1566182,3399633.2110663014,2571574.1233218457,4077251.746757551,2988012.8173923166,2816683.703046924,2399221.836404206
2026-06-23,3866927.596572672,3315713.5081359465,2502348.2470318032,3975671.0186973563,2916922.140303732,2720272.4643729343,2311434.403843553
2026-06-24,3859786.314293845,3314373.0597727913,2505302.6131713022,3965879.9570696126,2902015.235948122,2698703.157661407,2308022.67310266
2026-06-25,3950318.428185327,3380766.582473464,2556664.16037386,4048340.9960462907,2969442.5851266873,2782594.9408140164,2379770.7656247895
2026-06-26,3876781.795940653,3305702.8409719733,2499173.5916418685,3970436.8194957655,2886770.2316390756,2691814.5136044323,2310390.9744233536
2026-06-29,3900743.4785387125,3340193.0594349997,2542788.501295949,3999739.720091814,2921282.367175175,2725853.0023020585,2361223.7597435764
2026-06-30,3926249.702014839,3365755.229189364,2571868.6048211446,4031621.010143664,2944539.35119141,2755507.089016442,2400966.948425794
2026-07-01,3845286.256567785,3285738.4367558546,2502476.519175308,3944968.6867638654,2875779.6984057347,2672928.0945087774,2309080.268264393
2026-07-02,3757266.0072363825,3199209.295252763,2437700.676944478,3865665.123690633,2779991.6122326907,2592991.878598266,2236249.1685987287
2026-07-06,3775168.9575549737,3219650.768370447,2453467.8736693864,3881019.1195278713,2805242.16406465,2616651.604934647,2259151.7590955077
2026-07-07,3728653.2388595133,3164359.2176622953,2408831.990761909,3823843.5967289223,2759309.601544906,2559489.1963329124,2205969.492252038
2026-07-08,3757621.527068915,3184516.7332691867,2421930.950607744,3842284.8713126127,2792495.2016193853,2582058.761836078,2223087.617556276
2026-07-09,3813107.602480544,3226860.5910099815,2452311.082814108,3891223.1945050014,2846047.844083186,2618109.842929979,2256848.9413790037
2026-07-10,3820489.718276501,3227719.917555794,2452893.3452563,3895331.770275614,2859393.625511742,2622184.1845304933,2259373.198770558
2026-07-13,3768528.5127908015,3182241.528649533,2417785.4260791834,3840476.493490062,2805603.334102816,2566005.3482527933,2211648.5716829747
2026-07-14,3798094.63941862,3207962.312743164,2440086.8681028616,3876272.6095031146,2830334.808023327,2594125.7107656077,2234250.7410262437
2026-07-15,3729778.6648334186,3158155.654412314,2408167.832325956,3814133.59850213,2766573.5279506235,2537410.8441015203,2191195.25444302
2026-07-16,3664878.658386432,3100344.6746263495,2359640.9020886873,3754110.8010590896,2695197.5997231174,2472671.2543338905,2134732.4212490334
2026-07-17,3661036.028780828,3100655.4309253194,2351589.4815183496,3753713.5066084256,2699989.29779307,2474516.4513494372,2129496.2449784353
2026-07-20,3687221.880215239,3122077.2762732,2359592.923212117,3766416.0616822676,2726175.149227481,2496020.5263813096,2138428.9638694613
2026-07-21,3809238.6355424915,3224126.5818503504,2442139.7814879376,3869334.6983262403,2848191.9045547335,2616040.1537883785,2230254.6071695313
2026-07-22,3813480.2732209438,3217668.9701096974,2440647.7772907265,3900635.0296154763,2852433.542233186,2616471.5504616476,2236919.1525463457
2026-07-23,3825446.5370723456,3223515.826089886,2445740.6082056225,3901272.857280273,2864399.8060845877,2622333.05554763,2237243.460869288
2026-07-24,3732401.9537206185,3144909.4047071934,2382245.669322325,3826901.2107184655,2771355.2227328606,2531924.5272179795,2169261.387085794
2026-07-27,3672233.023756958,3101809.616013126,2347321.674622154,3774831.3832831164,2711186.2927692,2484314.7617798955,2128183.348228159
2026-07-28,3578077.9535138346,3028937.3458473627,2274373.195823383,3682651.983075142,2617031.2225260767,2395242.49118467,2040680.0732036526
2026-07-29,3537232.2303541,2990015.532382056,2224971.3248838964,3651458.227826405,2576185.499366342,2358626.703725065,1998997.2232595298
2026-07-30,3684889.42475424,3111990.7151109315,2332287.647475607,3781221.033969165,2723842.693766482,2500943.8367031026,2122558.563674001
2026-07-31,3674836.295737105,3108038.57530699,2335865.4914238425,3782480.3673290345,2713789.5647493475,2483284.2239486394,2114723.8650297862
2026-08-03,3691415.223810498,3125215.7490262957,2362129.753261878,3798083.1917679007,2730368.49282274,2483547.694049334,2131775.725842188
2026-08-04,3758465.1366232024,3205907.8385970877,2437160.5473120417,3876893.550630876,2797418.405635444,2552357.121983161,2211795.150467299
2026-08-05,3726598.876087619,3176956.5469423593,2412481.7267627944,3840905.144858804,2765552.1450998606,2527246.153822041,2181346.9302483425
2026-08-06,3689019.6195815317,3153086.318597435,2397305.440444331,3789696.1511077653,2727972.888593774,2483815.9932010635,2154288.8279681685
2026-08-07,3678055.7097344073,3157721.502453787,2414789.2574031414,3782247.8891786425,2717008.9787466493,2462502.3762541097,2158125.9627346345
2026-08-10,3655730.0558576975,3124858.46449859,2381855.3280933825,3776055.644127778,2694683.3248699396,2452407.5452762325,2139246.3390558064
2026-08-11,3669111.7693588003,3136905.2514405535,2391449.6074348646,3781161.290311664,2708065.0383710423,2464256.8292420544,2146369.052879501
2026-08-12,3741958.7971378127,3203260.413748608,2452059.63278015,3840456.737880508,2780912.066150055,2513387.9487647847,2196228.566184858
2026-08-13,3788834.6023304365,3237590.366175703,2463940.5938938786,3902926.7492456436,2827787.8713426786,2582068.6832145676,2233540.51764636
2026-08-14,3845375.315771491,3262657.5816085665,2477631.6682478376,3939804.321465191,2884328.5847837324,2621793.8192275483,2262047.2656381205
2026-08-17,3904828.8742253217,3312560.773869462,2515887.588619403,3985631.8592522694,2943782.143237564,2671660.7167777885,2297366.6857790756
2026-08-18,3798403.864425086,3217111.2021881714,2434665.325630544,3896948.7430247497,2837357.133437328,2577014.221290566,2219459.0435729683
2026-08-19,3744330.6567609794,3186294.1409598053,2393796.188585393,3863037.1108981757,2783283.925773221,2527230.090129462,2182920.386165943
2026-08-20,3779296.682997357,3207920.9774414827,2402869.923684708,3888294.4558878327,2818249.9520095987,2546681.738452336,2200260.7160785785
2026-08-21,3769297.275073194,3191502.1309663844,2395315.787087144,3872017.207835376,2808250.544085436,2535769.452404105,2189960.728148958
2026-08-24,3712809.3809042256,3145606.733345404,2359551.0079075745,3829924.4132160866,2751762.6499164677,2481473.8671044493,2151174.862325377
2026-08-25,3741755.94411813,3171961.6921213814,2379949.9343996216,3860159.5505333203,2780709.213130372,2498126.1153878076,2173647.863982965
2026-08-26,3771251.428569899,3196571.032012791,2398519.559994189,3873917.691690056,2810204.697582141,2516971.6980428677,2187598.9575154018
2026-08-27,3769970.4219129714,3201938.4446452116,2405164.853114986,3870417.988429466,2808923.6909252135,2520291.3337879074,2191067.1235014354
2026-08-28,3750128.696080115,3170280.95948769,2367290.1516234493,3837013.9875577493,2789081.9650923572,2508740.44979662,2159334.8508353
2026-08-31,3766081.3315104716,3178211.8173375684,2370317.572626143,3850489.0918340837,2805034.6005227137,2520222.132917724,2163220.4995300276
2026-09-01,3743730.392519986,3148382.073043635,2346379.0555395754,3821723.501552734,2782683.661532228,2507243.1335778986,2139877.918135025
2026-09-02,3748285.179234788,3163641.0268957135,2353604.6705931,3854503.491620264,2787238.44824703,2513819.922994118,2154891.5369658684
2026-09-03,3738031.512184322,3154533.056997234,2356134.0178353637,3867679.1796294292,2776984.781196564,2512519.3382760934,2161378.5393781867
2026-09-04,3804313.935809467,3204752.95240178,2401568.1239089756,3927923.8614255753,2843267.204821709,2580153.1913497634,2216275.038866177
2026-09-08,3840446.8189481925,3250362.2277580504,2443967.7581430096,3942174.4646112416,2879400.0879604346,2613089.6631445764,2249422.9219587203
2026-09-09,3849653.706410557,3256161.800527797,2442233.4187313383,3966357.031380407,2888606.975422799,2623816.5538866566,2260132.9495430375
2026-09-10,3803123.8775719535,3212403.504594243,2403467.6820237236,3919829.290682824,2842077.1465841956,2576436.159901802,2214180.0352235534
2026-09-11,3779700.7221804396,3225826.972176479,2425755.391342536,3952415.9272149266,2818653.9911926817,2560831.3731782557,2227175.5495792297
2026-09-14,3723071.4839018895,3156124.577308084,2353483.6307637664,3892507.453668196,2762024.7529141316,2512663.994833684,2169101.633418595
2026-09-15,3707611.6370835286,3155134.0874709673,2352615.3378647757,3901768.2574085696,2746564.9060957707,2496186.2404600866,2164993.695938387
2026-09-16,3729444.4893355845,3181728.410380161,2371314.3549108254,3919396.6674654237,2768397.7583478265,2508139.088081184,2178879.0697603477
2026-09-17,3753563.614287529,3211519.8139486457,2396105.646753237,3976224.432005404,2792516.883299771,2555418.300424805,2220182.510135614
2026-09-18,3812823.9565100637,3250173.241703218,2429252.7973789503,4005730.249907504,2851777.225522306,2605807.9591436293,2256835.2732929564
2026-09-21,3848248.8444658336,3291543.5930214548,2460842.2915669065,4042875.600870153,2887202.1134780757,2640218.0159783396,2299984.6153058303
2026-09-22,3890005.826951666,3321297.3985367077,2473703.1231591026,4044374.991494144,2928959.095963908,2685110.214107481,2326159.362354326
2026-09-23,3879031.7316665906,3312109.813667253,2463974.9434326706,4048634.3774570297,2917985.0006788326,2675198.810431081,2318397.7630790523
2026-09-24,3877905.9862064146,3310336.112996514,2464213.953484428,4065463.6047601853,2916859.2552186567,2664093.5225191126,2312161.6642377614
2026-09-25,3891875.463809301,3323379.2563067856,2473720.8225783263,4089853.520106621,2930828.7328215432,2664540.5732337357,2323799.29793269
2026-09-28,3870990.923793609,3300314.1432262254,2456984.4654931165,4067385.178660618,2909944.192805851,2638355.876076896,2299243.885345732
2026-09-29,3894404.960649813,3315431.9113761857,2471545.373551485,4078185.541340043,2933358.229662055,2640474.9052449446,2313171.173432219
2026-09-30,3881367.3593322593,3313436.7453618012,2470965.7896580035,4069394.036548694,2920320.6283445014,2652046.577607722,2321275.592034401
2026-10-01,3908025.8494716147,3335518.663423222,2499090.0557264662,4070476.7219566074,2946979.118483857,2672398.6811314914,2342470.3134864205
2026-10-02,3884524.775149986,3326228.7592049716,2511092.6786605082,4102759.536285779,2923478.0441622282,2615247.938183328,2327507.662758695
