Date,"stock, no stop","stock, trend + trail 15%",ATM calls,"ATM calls, 2x share count (delta-matched)",ATM / 20d call spread,"ATM / 20d call spread, 2x","ATM calls, trend filter","ATM / 20d spread, trend filter"
2007-02-16,95895.13765732881,95807.3268419816,37981.07244876986,76042.14489753972,37309.49733793479,74778.99467586957,37981.07244876986,37309.49733793479
2007-02-20,102043.33060584446,101955.51979049726,39180.483522930575,78440.96704586115,38577.95388188647,77315.90776377294,39180.483522930575,38577.95388188647
2007-02-21,122751.70816419144,122663.89734884423,51970.37379861405,104020.7475972281,45527.78539651197,91215.57079302394,51970.37379861405,45527.78539651197
2007-02-22,109827.83295567577,109740.02214032855,45901.25669779342,91882.51339558684,42478.817482181665,85117.63496436333,45901.25669779342,42478.817482181665
2007-02-23,105266.67211408768,105178.86129874046,45140.77425081911,90361.54850163822,41643.01836304205,83446.0367260841,45140.77425081911,41643.01836304205
2007-02-26,86418.47670176037,86330.66588641318,36192.51998856494,72465.03997712988,36892.10989514136,73944.21979028272,36192.51998856494,36892.10989514136
2007-02-27,34815.28272687316,34727.47191152596,20513.721508405393,41107.44301681079,25782.270712742273,51724.541425484545,20513.721508405393,25782.270712742273
2007-02-28,49342.91387350863,49255.103058161425,24084.4695208955,48248.939041791,28699.73765072778,57559.47530145556,24084.4695208955,28699.73765072778
2007-03-01,41673.677575477224,41585.86676013002,20871.634136628476,41823.26827325695,26179.141021448388,52518.282042896775,20871.634136628476,26179.141021448388
2007-03-02,18248.838297202907,18161.027481855694,16729.679849304932,33539.359698609864,22630.480482234954,45420.96096446991,16729.679849304932,22630.480482234954
2007-03-05,703.0556934429769,615.2448780957639,15236.135513873807,30552.271027747614,21264.937540813775,42689.87508162755,15236.135513873807,21264.937540813775
2007-03-06,33528.61076377732,33440.79994843011,17755.276551557108,35590.553103114216,23650.03168728297,47460.06337456594,17755.276551557108,23650.03168728297
2007-03-07,31227.981470080755,32275.32146105753,17995.8448734327,36071.6897468654,23887.635916094903,47935.27183218981,17995.8448734327,23887.635916094903
2007-03-08,55850.01469259053,49708.15559678513,21964.16611441194,44008.33222882388,27546.56308030449,55253.12616060898,21964.16611441194,27546.56308030449
2007-03-09,62134.81087320903,54263.2236972728,22873.24989530213,45826.49979060426,28436.395998986616,57032.79199797323,22873.24989530213,28436.395998986616
2007-03-12,65902.93057936669,59544.85031854865,23928.26519508318,47936.53039016636,29709.321968987788,59578.643937975576,23928.26519508318,29709.321968987788
2007-03-13,33359.05544391569,36082.06822377017,16159.791002179598,32399.582004359196,22214.719070559255,44589.43814111851,16159.791002179598,22214.719070559255
2007-03-14,42069.356917538644,43495.07363729491,16679.886541869088,33439.773083738175,22736.762357369495,45633.52471473899,16679.886541869088,22736.762357369495
2007-03-15,49989.680964244486,47793.76533998684,17096.63723445046,34273.27446890092,23154.368213167625,46468.73642633525,17096.63723445046,23154.368213167625
2007-03-16,50217.327353129476,44561.95556861006,17143.94294198324,34417.88588396648,22726.529862618543,45713.059725237086,17143.94294198324,22726.529862618543
2007-03-19,76951.86041896165,71296.48863444224,29860.669201717985,59851.33840343597,30674.910211194634,61609.82042238927,29860.669201717985,30674.910211194634
2007-03-20,85688.03973740939,80032.66795288995,34096.29995485465,68322.5999097093,33414.93890807807,67089.87781615613,34096.29995485465,33414.93890807807
2007-03-21,101166.1679951277,95510.79621060829,43300.946375726286,86731.89275145257,38664.06742082052,77588.13484164103,43300.946375726286,38664.06742082052
2007-03-22,101180.08120978586,95524.70942526644,42570.17613194922,85270.35226389844,38618.70640569988,77497.41281139976,42570.17613194922,38618.70640569988
2007-03-23,102900.45982075017,97245.08803623074,42809.82595025952,85749.65190051903,39172.77236808727,78605.54473617455,42809.82595025952,39172.77236808727
2007-03-26,118922.51110907507,113267.13932455564,52368.02452849668,104866.04905699336,44994.57235895824,90249.14471791648,52368.02452849668,44994.57235895824
2007-03-27,103140.24704574412,97484.8752612247,40583.33717277668,81296.67434555336,39027.05283141437,78314.10566282873,40583.33717277668,39027.05283141437
2007-03-28,86740.07568709821,81084.7039025788,29832.69561095759,59795.39122191518,32774.68325349489,65809.36650698978,29832.69561095759,32774.68325349489
2007-03-29,90671.10335808696,85015.73157356754,30965.81914035354,62061.63828070708,34130.31802781163,68520.63605562325,30965.81914035354,34130.31802781163
2007-03-30,87181.36837948,81525.9965949606,28627.01222300132,57384.02444600264,32755.095276972206,65770.19055394441,28627.01222300132,32755.095276972206
2007-04-02,93612.24997203979,87956.87818752037,31698.9104738916,63527.8209477832,35511.15348457937,71282.30696915874,31698.9104738916,35511.15348457937
2007-04-03,108473.03445433456,102817.66266981515,39215.51176286122,78561.02352572244,40911.087785733405,82082.17557146681,39215.51176286122,40911.087785733405
2007-04-04,116652.36333797328,110996.99155345384,45715.141564936705,91560.28312987341,44609.382658265175,89478.76531653035,45715.141564936705,44609.382658265175
2007-04-05,119821.38190702777,114166.01012250833,48424.361772921024,96978.72354584205,46412.532148825136,93085.06429765027,48424.361772921024,46412.532148825136
2007-04-09,121456.86032677209,115801.48854225266,47585.7600183857,95301.5200367714,48394.69642141668,97049.39284283336,47585.7600183857,48394.69642141668
2007-04-10,118784.53432818773,113129.1625436683,45334.28320511981,90798.56641023963,47210.01494295472,94680.02988590943,45334.28320511981,47210.01494295472
2007-04-11,111679.22479839445,106023.85301387504,42758.33698662117,85646.67397324234,45944.05714665095,92148.1142933019,42758.33698662117,45944.05714665095
2007-04-12,123642.77318140495,117987.40139688554,48963.74687598021,98057.49375196041,50135.837403294485,100531.67480658897,48963.74687598021,50135.837403294485
2007-04-13,125046.88181505987,119391.51003054046,47175.12450176719,94480.24900353438,50136.40120661008,100532.80241322015,47175.12450176719,50136.40120661008
2007-04-16,139889.81776871937,134234.44598419993,59444.48051218981,119018.96102437962,58110.97675504677,116481.95351009355,59444.48051218981,58110.97675504677
2007-04-17,137407.63839443497,131752.26660991553,54508.285033467924,109146.57006693585,58252.26263547302,116764.52527094603,54508.285033467924,58252.26263547302
2007-04-18,129628.9482191049,123973.57643458547,46604.01564586595,93338.0312917319,56000.602808610565,112261.20561722113,46604.01564586595,56000.602808610565
2007-04-19,123162.96335489789,117507.59157037846,42925.70140173481,85981.40280346962,55509.06915048417,111278.13830096833,42925.70140173481,55509.06915048417
2007-04-20,139066.60122658306,133411.22944206363,53288.70410104026,106747.40820208052,61329.9622058221,122999.9244116442,53288.70410104026,61329.9622058221
2007-04-23,154436.0758669407,148780.70408242126,57844.539758024555,115859.07951604911,64340.15876540205,129020.3175308041,57844.539758024555,64340.15876540205
2007-04-24,174706.11370581875,169050.7419212993,73481.20425646682,147132.40851293365,69138.33222891692,138616.66445783383,73481.20425646682,69138.33222891692
2007-04-25,177587.78967797803,171932.4178934586,72720.30569235294,145610.61138470587,70340.48551726801,141020.97103453602,72720.30569235294,70340.48551726801
2007-04-26,171327.76037479154,165672.3885902721,67948.26227863337,136066.52455726673,68560.47796911628,137460.95593823257,67948.26227863337,68560.47796911628
2007-04-27,187498.38947970816,181843.01769518873,79935.46129111748,160040.92258223495,73973.70959443592,148287.41918887183,79935.46129111748,73973.70959443592
2007-04-30,171022.37912865067,165367.00734413124,65177.00741728451,130524.01483456902,68066.31939839323,136472.63879678646,65177.00741728451,68066.31939839323
2007-05-01,170935.37519703523,165280.0034125158,65417.71821874303,131005.43643748606,67167.60184315042,134675.20368630084,65417.71821874303,67167.60184315042
2007-05-02,187306.63115359176,181651.25936907233,75433.88040651246,151037.7608130249,72736.74837662787,145813.49675325575,75433.88040651246,72736.74837662787
2007-05-03,193156.3903163109,187501.01853179146,79196.07604885675,158562.1520977135,75221.17123080677,150782.34246161353,79196.07604885675,75221.17123080677
2007-05-04,191212.13491953188,185556.76313501247,78191.15307367005,156552.3061473401,74729.8022181442,149799.6044362884,78191.15307367005,74729.8022181442
2007-05-07,188211.22562754317,182555.85384302374,74704.74126544961,149579.48253089923,73073.93506910354,146487.87013820707,74704.74126544961,73073.93506910354
2007-05-08,183951.2137837904,178295.84199927095,72231.32058293825,144632.6411658765,70950.1444049901,142240.2888099802,72231.32058293825,70950.1444049901
2007-05-09,197892.85948486853,192237.4877003491,81699.91170400607,163569.82340801213,75706.21306484412,151752.42612968825,81699.91170400607,75706.21306484412
2007-05-10,187417.3563729524,181761.98458843294,72036.83111660591,144243.66223321183,73566.27210438217,147472.54420876433,72036.83111660591,73566.27210438217
2007-05-11,198170.78176619703,192515.4099816776,78469.32971508006,157108.65943016013,75630.99284402045,151601.9856880409,78469.32971508006,75630.99284402045
2007-05-14,201840.7802015107,196185.40841699127,76308.89672425942,152787.79344851885,75605.09959910513,151550.19919821026,76308.89672425942,75605.09959910513
2007-05-15,191610.97264187637,185955.60085735697,66662.39923557636,133494.79847115272,71924.56317820109,144189.12635640218,66662.39923557636,71924.56317820109
2007-05-16,189374.10800008097,183718.73621556157,63627.58121392563,127425.16242785126,66769.65972057228,133879.31944114456,63627.58121392563,66769.65972057228
2007-05-17,193181.13566277415,187525.7638782547,67597.09358841984,135364.18717683968,73139.74593835538,146619.49187671076,67597.09358841984,73139.74593835538
2007-05-18,193848.40174755396,188193.02996303453,67985.685285486,136181.370570972,70887.22989801795,142194.4597960359,67985.685285486,70887.22989801795
2007-05-21,196306.00594370498,190650.63415918555,66733.13086388243,133676.26172776485,70421.90401801413,141263.80803602826,66733.13086388243,70421.90401801413
2007-05-22,200646.65927699913,194991.2874924797,67811.18462977251,135832.36925954503,71004.23260039052,142428.46520078104,67811.18462977251,71004.23260039052
2007-05-23,195546.93499692058,189891.56321240115,64942.95810842869,130095.91621685738,69346.2183973337,139112.4367946674,64942.95810842869,69346.2183973337
2007-05-24,181132.07849178507,175476.70670726564,60611.02127114696,121432.04254229392,66561.50271283966,133543.00542567932,60611.02127114696,66561.50271283966
2007-05-25,187246.30054866822,181590.9287641488,63790.19799670056,127790.39599340112,68500.09692291598,137420.19384583196,63790.19799670056,68500.09692291598
2007-05-29,195995.32914051812,190339.9573559987,64621.500857469524,129453.00171493905,69668.00334810243,139756.00669620486,64621.500857469524,69668.00334810243
2007-05-30,208230.59769051324,202575.2259059938,68854.68895501444,137919.37791002888,71338.8373698389,143097.6747396778,68854.68895501444,71338.8373698389
2007-05-31,214201.05316479623,208545.6813802768,70509.19419995119,141228.38839990238,72652.57919330742,145725.15838661484,70509.19419995119,72652.57919330742
2007-06-01,222555.6486668401,216900.27688232067,76031.57881524021,152273.15763048042,75853.10619243616,152126.2123848723,76031.57881524021,75853.10619243616
2007-06-04,219734.47314469534,214079.1013601759,74278.55390050513,148767.10780101025,75232.46214865633,150884.92429731265,74278.55390050513,75232.46214865633
2007-06-05,209247.22084584093,203591.84906132153,73526.93728794425,147263.8745758885,75072.24230919093,150564.48461838186,73526.93728794425,75072.24230919093
2007-06-06,192116.19331220235,186460.8215276829,65476.66447344635,131163.3289468927,70727.89949085395,141875.7989817079,65476.66447344635,70727.89949085395
2007-06-07,161822.55088025847,156167.17909573903,57810.593627309645,115831.18725461929,65457.48267156673,131334.96534313346,57810.593627309645,65457.48267156673
2007-06-08,173075.25416752172,167419.8823830023,58678.02626361438,117566.05252722876,66548.71436866332,133517.42873732664,58678.02626361438,66548.71436866332
2007-06-11,172796.9519818832,167141.58019736377,57944.208396572845,116098.41679314569,66245.16654239633,132910.33308479266,57944.208396572845,66245.16654239633
2007-06-12,159137.7947176206,153482.4229331012,54525.49538395632,109260.99076791263,63637.78243826292,127695.56487652584,54525.49538395632,63637.78243826292
2007-06-13,178634.26909344376,172978.89730892432,58949.3012079085,118108.602415817,67774.6086548696,135969.2173097392,58949.3012079085,67774.6086548696
2007-06-14,180500.99204616525,174845.62026164582,58562.74077309128,117335.48154618256,67836.68367493425,136093.3673498685,58562.74077309128,67836.68367493425
2007-06-15,186012.1956797754,180356.82389525598,60569.041914197034,121398.08382839407,69434.75203796761,139389.50407593523,60569.041914197034,69434.75203796761
2007-06-18,187972.6865055596,182317.31472104017,60159.522064582714,120579.04412916543,69525.7471818589,139571.4943637178,60159.522064582714,69525.7471818589
2007-06-19,182638.0412131418,176982.6694286224,57294.266530593726,114848.53306118745,67855.34166688025,136230.6833337605,57294.266530593726,67855.34166688025
2007-06-20,163866.03008985653,158210.6583053371,48041.95914545041,96343.91829090082,62002.48885750526,124524.97771501052,48041.95914545041,62002.48885750526
2007-06-21,176452.16804583848,170796.79626131905,52973.316740571536,106206.63348114307,65400.840168085386,131321.68033617077,52973.316740571536,65400.840168085386
2007-06-22,167178.7844943576,161523.41270983816,48478.333473591774,97216.66694718355,62482.05123370923,125484.10246741846,48478.333473591774,62482.05123370923
2007-06-25,160270.7572983479,154615.38551382849,43906.59240761529,88073.18481523058,59600.08411503867,119720.16823007734,43906.59240761529,59600.08411503867
2007-06-26,142968.35083322274,137312.97904870333,37471.76356063154,75203.52712126308,54876.099137659665,110272.19827531933,37471.76356063154,54876.099137659665
2007-06-27,145335.30537564616,139679.93359112673,37964.100721304174,76188.20144260835,55221.80487169157,110963.60974338315,37964.100721304174,55221.80487169157
2007-06-28,150012.57211215675,144357.2003276373,37874.6723980886,76009.3447961772,55418.361366142955,111356.72273228591,37874.6723980886,55418.361366142955
2007-06-29,156239.38656865316,150584.01478413373,39890.22858156321,80040.45716312643,57011.12555119847,114542.25110239694,39890.22858156321,57011.12555119847
2007-07-02,180359.28767127404,174703.9158867546,46294.91833877956,92849.83667755911,62597.88854037199,125715.77708074398,46294.91833877956,62597.88854037199
2007-07-03,191340.10764330107,185684.73585878164,52364.979583845845,104989.95916769169,66933.14419327726,134386.28838655452,52364.979583845845,66933.14419327726
2007-07-05,199031.18921978943,193375.81743527,58183.49988068105,116626.9997613621,70237.38289160309,140994.76578320618,58183.49988068105,70237.38289160309
2007-07-06,198157.4313736248,192502.05958910537,56820.09943748456,113900.19887496912,69613.66825920921,139747.33651841842,56820.09943748456,69613.66825920921
2007-07-09,222417.13452951814,216761.7627449987,67463.9433315748,135187.8866631496,78657.16249553343,157834.32499106685,67463.9433315748,78657.16249553343
2007-07-10,210644.3395429794,204988.96775845997,59685.29990417324,119630.59980834648,73191.19207282721,146902.38414565442,59685.29990417324,73191.19207282721
2007-07-11,217490.25584718393,211834.88406266447,62390.53562657721,125041.07125315443,75661.44455916481,151842.88911832962,62390.53562657721,75661.44455916481
2007-07-12,239295.43613341238,233640.06434889295,75573.81453181023,151407.62906362046,85510.0962166043,171540.1924332086,75573.81453181023,85510.0962166043
2007-07-13,252154.35674728133,246498.9849627619,84164.75980575045,168589.5196115009,91684.54331865869,183889.08663731738,84164.75980575045,91684.54331865869
2007-07-16,249120.62888786366,243465.2571033442,80759.63630394018,161779.27260788035,88802.08830449145,178124.1766089829,80759.63630394018,88802.08830449145
2007-07-17,246717.06474597516,241061.69296145573,78327.9265095016,156915.8530190032,86975.09848296104,174470.19696592208,78327.9265095016,86975.09848296104
2007-07-18,243948.64540759393,238293.27362307452,75270.1477305069,150800.2954610138,86127.0580754395,172774.116150879,75270.1477305069,86127.0580754395
2007-07-19,255481.51560904272,249826.1438245233,83211.7225153413,166683.4450306826,91009.64268792159,182539.28537584317,83211.7225153413,91009.64268792159
2007-07-20,239420.98843632004,233425.19670230648,72025.28287323783,144360.56574647565,75101.72695898415,150823.4539179683,72025.28287323783,75101.72695898415
2007-07-23,239790.55476702467,233794.76303301108,69417.36235995786,139144.7247199157,74282.0696404261,149184.1392808522,69417.36235995786,74282.0696404261
2007-07-24,203913.4786327161,197917.68689870252,53095.48636230805,106500.9727246161,63589.31494289836,127798.62988579672,53095.48636230805,63589.31494289836
2007-07-25,241909.58971524387,235913.79798123028,82594.42113268841,165498.84226537682,76384.59432680374,153389.18865360747,82594.42113268841,76384.59432680374
2007-07-26,225460.90512954572,219465.11339553213,79134.34643979237,158578.69287958473,75976.11747432352,152572.23494864703,79134.34643979237,75976.11747432352
2007-07-27,205119.4272640075,199123.63552999395,76127.54378289788,152565.08756579575,74150.90882055073,148921.81764110146,76127.54378289788,74150.90882055073
2007-07-30,220719.9081538786,202592.49399029682,72288.12810100897,144886.25620201795,73814.93361807072,148249.86723614144,72288.12810100897,73814.93361807072
2007-07-31,190087.77206429347,174249.37170426472,57835.749935398024,115981.49987079605,65950.58372814345,132521.1674562869,57835.749935398024,65950.58372814345
2007-08-01,183784.85851145396,174927.8454770428,54807.946607917766,109925.89321583553,64638.02623069554,129896.05246139108,54807.946607917766,64638.02623069554
2007-08-02,191787.2306051754,183159.09321685502,59419.76168509193,119149.52337018386,67344.56712417628,135309.13424835255,59419.76168509193,67344.56712417628
2007-08-03,153762.28394674137,151028.32248385728,46437.87609374385,93185.7521874877,58554.033312173466,117728.06662434693,46437.87609374385,58554.033312173466
2007-08-06,167059.91488639067,167301.63092856715,50524.94807098126,101359.89614196253,61740.42729403894,124100.85458807788,50524.94807098126,61740.42729403894
2007-08-07,173956.77979017972,177746.39308867307,51120.84353042874,102551.68706085748,62564.52498413062,125749.04996826124,51120.84353042874,62564.52498413062
2007-08-08,164880.50560015006,159228.07022571354,50063.151376372276,100436.30275274455,62749.13809775999,126118.27619551998,50063.151376372276,62749.13809775999
2007-08-09,132221.62335622075,131547.71426991757,42156.68440657976,84623.36881315953,56891.68911611941,114403.37823223881,42156.68440657976,56891.68911611941
2007-08-10,129744.87546543319,121994.73165151835,38306.42978813322,76922.85957626643,53518.503447978874,107657.00689595775,38306.42978813322,53518.503447978874
2007-08-13,150197.73752052154,123999.14989508336,35681.25512126945,71672.5102425389,51466.973446635835,103553.94689327167,35681.25512126945,51466.973446635835
2007-08-14,137073.89589814917,122297.29706382834,34104.48224434853,68518.96448869706,50080.73517932216,100781.47035864432,34104.48224434853,50080.73517932216
2007-08-15,104719.4720822155,105093.64049547081,29553.393617504305,59416.78723500861,45567.867229341195,91755.73445868239,29553.393617504305,45567.867229341195
2007-08-16,91818.77007408929,103045.49248999977,29031.126923425858,58372.253846851716,45046.87261187793,90713.74522375586,29031.126923425858,45046.87261187793
2007-08-17,135326.16160323366,113643.9722519854,31983.889359002787,64327.778718005575,47260.87489266623,95241.74978533246,31983.889359002787,47260.87489266623
2007-08-20,146808.11640535266,125125.9270541044,35194.899691840255,70749.79938368051,49965.3745859908,100650.7491719816,35194.899691840255,49965.3745859908
2007-08-21,171903.7104752447,150221.52112399644,47848.55136489932,96057.10272979864,57858.88642563804,116437.77285127608,47848.55136489932,57858.88642563804
2007-08-22,207711.11064207874,186028.92129083048,69573.63833567835,139507.2766713567,70069.5814291815,140859.162858363,69573.63833567835,70069.5814291815
2007-08-23,189531.15101613273,167848.96166488447,56723.409701347526,113806.81940269505,63596.37883159923,127912.75766319846,56723.409701347526,63596.37883159923
2007-08-24,217914.89863637916,196232.7092851309,75228.12156525161,150816.24313050322,73630.76496504933,147981.52993009865,75228.12156525161,73630.76496504933
2007-08-27,196041.62084329504,174359.43149204677,57037.234981811765,114434.46996362353,65472.284828854325,131664.56965770863,57037.234981811765,65472.284828854325
2007-08-28,155084.54320003264,133402.35384878438,31365.978403429974,63091.95680685995,50146.76642042574,101013.53284085148,31365.978403429974,50146.76642042574
2007-08-29,189573.40008126735,167891.21073001908,51025.06103330683,102410.12206661367,62700.90686662399,126121.81373324798,51025.06103330683,62700.90686662399
2007-08-30,189643.33168211346,167961.1423308652,51112.63291961023,102585.26583922046,62711.78001733622,126143.56003467244,51112.63291961023,62711.78001733622
2007-08-31,218702.8057329185,197020.61638167023,70203.43200623043,140766.86401246086,74145.87064569068,149011.74129138136,70203.43200623043,74145.87064569068
2007-09-04,248620.4674419911,226938.27809074282,90848.72924519697,182057.45849039394,86636.04419370524,173992.08838741048,90848.72924519697,86636.04419370524
2007-09-05,228296.69220627783,206614.50285502957,73745.52677466921,147851.05354933842,79094.5573881809,158909.1147763618,73745.52677466921,79094.5573881809
2007-09-06,233119.23412705841,211437.04477581015,77286.7632623729,154933.5265247458,81256.31697057867,163232.63394115734,77286.7632623729,81256.31697057867
2007-09-07,194019.16218737874,172336.97283613047,48243.072495289,96846.144990578,64585.63686839332,129891.27373678664,48243.072495289,64585.63686839332
2007-09-10,188545.27985429319,166863.09050304492,43460.90765335233,87281.81530670467,62956.15252842637,126632.30505685274,43460.90765335233,62956.15252842637
2007-09-11,207098.46210841503,185416.27275716676,57079.080885040574,114518.16177008115,72550.42249381682,145820.84498763364,57079.080885040574,72550.42249381682
2007-09-12,204166.0062899741,182483.81693872582,55410.96722478902,111181.93444957804,71087.23782011373,142894.47564022747,55410.96722478902,71087.23782011373
2007-09-13,215263.61753627646,193581.4281850282,61212.12883124665,122784.2576624933,76278.56733681716,153277.1346736343,61212.12883124665,76278.56733681716
2007-09-14,217290.61689850397,195608.4275472557,63030.799356557836,126421.59871311567,77720.14057944433,156160.28115888865,63030.799356557836,77720.14057944433
2007-09-17,212531.9489074237,190849.75955617544,59125.71153030137,118611.42306060274,79422.28461939178,159564.56923878356,59125.71153030137,79422.28461939178
2007-09-18,275780.2462605627,254098.0569093144,107248.2365882739,214856.4731765478,107484.99930792842,215689.99861585684,107248.2365882739,107484.99930792842
2007-09-19,289602.1655758191,258458.0995687392,113755.76872697253,227871.53745394506,117008.97486645447,234737.94973290895,113755.76872697253,117008.97486645447
2007-09-20,281024.13576579606,250168.9540400439,104207.53608558213,208775.07217116427,114607.24863587249,229934.49727174497,104207.53608558213,114607.24863587249
2007-09-21,303865.9494550843,265851.14432193094,123594.80837218807,247599.61674437614,124223.96923236648,249267.93846473296,123594.80837218807,124223.96923236648
2007-09-24,299659.3930681656,261644.58793501224,119169.73700826961,238749.47401653923,122131.33003530494,245082.66007060988,119169.73700826961,122131.33003530494
2007-09-25,313848.48405885766,275833.6789257043,125823.1649294361,252056.3298588722,126416.96096705622,253653.92193411244,125823.1649294361,126416.96096705622
2007-09-26,328182.88181795826,290168.076684805,132723.05987631832,265856.11975263664,130902.59515894992,262625.19031789986,132723.05987631832,130902.59515894992
2007-09-27,335388.44549718994,297373.6403640366,136831.7697122242,274073.5394244484,133277.0381118279,267374.0762236558,136831.7697122242,133277.0381118279
2007-09-28,323839.805281035,285825.00014788174,129649.64887703973,259709.29775407945,129243.32779605246,259306.65559210491,129649.64887703973,129243.32779605246
2007-10-01,336627.80294338387,298612.9978102306,133303.75767945367,267017.51535890735,132810.0051164768,266440.0102329536,133303.75767945367,132810.0051164768
2007-10-02,334615.8306509793,296601.02551782597,130222.00671302369,260854.01342604737,131708.52036092576,264237.0407218515,130222.00671302369,131708.52036092576
2007-10-03,319518.1725065103,281503.36737335694,119728.86575930877,239867.73151861754,125260.56279141991,251341.12558283983,119728.86575930877,125260.56279141991
2007-10-04,328597.77819554857,290582.97306239523,123944.62135590479,248299.24271180958,128523.31834447331,257866.63668894663,123944.62135590479,128523.31834447331
2007-10-05,344394.8847053607,306380.0795722074,132845.53253506738,266101.06507013476,134928.08827686662,270676.17655373324,132845.53253506738,134928.08827686662
2007-10-08,346096.9476041161,308082.14247096283,130043.16950796603,260496.33901593206,134811.29776936234,270442.5955387247,130043.16950796603,134811.29776936234
2007-10-09,358492.02410707826,320477.21897392493,137851.95409376195,276113.9081875239,140774.9344755489,282369.8689510978,137851.95409376195,140774.9344755489
2007-10-10,357870.3901680381,319855.5850348848,136006.22975633675,272422.4595126735,140344.8285963013,281509.6571926026,136006.22975633675,140344.8285963013
2007-10-11,341161.57507333823,303146.7699401849,124932.40961607565,250274.8192321513,132240.30267479183,265300.60534958367,124932.40961607565,132240.30267479183
2007-10-12,357979.830617707,319965.02548455365,134432.16221896763,269274.32443793525,140319.36875124287,281458.73750248575,134432.16221896763,140319.36875124287
2007-10-15,347364.4301953836,309349.62506223033,123922.96472556671,248255.92945113342,133275.59192544068,267371.18385088135,123922.96472556671,133275.59192544068
2007-10-16,333504.5552021468,295489.7500689935,111830.51265530566,224071.02531061132,123529.05778750282,247878.11557500565,111830.51265530566,123529.05778750282
2007-10-17,331574.619059653,293559.8139264997,106366.91533738813,213143.83067477625,119044.98673288745,238909.9734657749,106366.91533738813,119044.98673288745
2007-10-18,332407.3894737317,294392.5843405784,105780.64660481724,211971.2932096345,118588.55060623052,237997.10121246104,105780.64660481724,118588.55060623052
2007-10-19,282617.0458735835,244230.13253615564,79694.43979660569,159848.87959321137,91891.09375538125,184702.1875107625,79694.43979660569,91891.09375538125
2007-10-22,279162.55348209233,240775.64014466442,74984.70177005508,150429.40354011016,89836.79839807286,180593.59679614572,74984.70177005508,89836.79839807286
2007-10-23,326634.89881674293,288247.98547931504,101638.27364402713,203736.54728805425,105262.7881479513,211445.5762959026,101638.27364402713,105262.7881479513
2007-10-24,292116.64304307353,253729.72970564562,79592.39402848044,159644.78805696088,93291.81502942699,187503.63005885397,79592.39402848044,93291.81502942699
2007-10-25,256938.1730967311,218551.25975930318,68130.156487281,136720.312974562,85158.40731566315,171236.8146313263,68130.156487281,85158.40731566315
2007-10-26,275658.06652751984,237271.15319009192,72874.54430336379,146209.08860672757,88899.0291324468,178718.0582648936,72874.54430336379,88899.0291324468
2007-10-29,284626.94926972827,242411.77739100668,73851.94581271244,148163.89162542488,90407.05501206777,181734.11002413553,73851.94581271244,90407.05501206777
2007-10-30,274366.29218834924,233054.5675525398,64748.04952527246,129956.09905054492,85295.76099913046,171511.52199826093,64748.04952527246,85295.76099913046
2007-10-31,300751.54598000436,257740.14373790307,78293.3016564339,157046.6033128678,94746.39656651206,190412.79313302413,78293.3016564339,94746.39656651206
2007-11-01,277136.88282131404,231859.1184337901,62158.305833108796,124776.61166621759,84216.01154045742,169352.02308091483,62158.305833108796,84216.01154045742
2007-11-02,291662.30834730674,246246.81646523325,70328.78441043364,141117.56882086728,90017.18959199628,180954.37918399257,70328.78441043364,90017.18959199628
2007-11-05,281696.7318807305,235561.5189415968,60772.60696535279,122005.21393070558,84015.63487211408,168951.26974422816,60772.60696535279,84015.63487211408
2007-11-06,318775.87447409076,263606.0995793844,78622.01955751155,157704.0391150231,97687.9128874732,196295.8257749464,78622.01955751155,97687.9128874732
2007-11-07,281050.84160195,231063.90142427053,54311.38613213218,109082.77226426436,79753.4368354006,160426.8736708012,54311.38613213218,79753.4368354006
2007-11-08,269569.54706077557,227276.7782840965,47193.13824451349,94846.27648902698,74152.44060819312,149224.88121638625,47193.13824451349,74152.44060819312
2007-11-09,236731.20384651684,211473.04867206124,36720.83160421542,73901.66320843084,64697.24987040683,130314.49974081366,36720.83160421542,64697.24987040683
2007-11-12,181474.31044171972,170962.55672451027,23421.99456727899,47303.98913455798,51986.573596923714,104893.14719384743,23421.99456727899,51986.573596923714
2007-11-13,203553.9149864894,178906.01580086426,23351.29437719047,47162.58875438094,51916.55473679149,104753.10947358298,23351.29437719047,51916.55473679149
2007-11-14,210458.45279140034,179607.5068975864,23074.299993212,46608.599986424,51639.71885903539,104199.43771807078,23074.299993212,51639.71885903539
2007-11-15,179758.0070103684,176731.34232449412,22531.16090547073,45522.32181094146,51096.58460823547,103113.16921647094,22531.16090547073,51096.58460823547
2007-11-16,188308.80546727864,179467.21168274377,21459.96730402084,43429.93460804168,49325.668674675144,99671.33734935029,22525.075632885782,51090.49933565087
2007-11-19,162472.86467789108,179467.21168274377,8215.444874732202,16940.889749464404,41376.275977804384,83772.55195560877,22525.075632885782,51090.49933565087
2007-11-20,182446.95882407296,179467.21168274377,17602.010483101112,35714.020966202224,47295.81687862323,95611.63375724645,22525.075632885782,51090.49933565087
2007-11-21,169918.05473453575,179467.21168274377,10764.269720169257,22038.539440338514,43282.081900179735,87584.16380035947,22525.075632885782,51090.49933565087
2007-11-23,187992.79988292488,179467.21168274377,17907.966649555787,36325.93329911157,48185.46537292333,97390.93074584666,22525.075632885782,51090.49933565087
2007-11-26,176245.96474555883,179467.21168274377,10808.027519827301,22126.055039654602,44167.20717830236,89354.41435660471,22525.075632885782,51090.49933565087
2007-11-27,188483.7842442942,179467.21168274377,17029.40722086384,34568.81444172768,47940.61619378746,96901.23238757491,22525.075632885782,51090.49933565087
2007-11-28,231426.24929478078,179467.21168274377,40092.558875293034,80695.11775058607,61589.42544535636,124198.85089071273,22525.075632885782,51090.49933565087
2007-11-29,250852.96403983698,179467.21168274377,49535.245107114286,99580.49021422857,68518.1994881618,138056.3989763236,22525.075632885782,51090.49933565087
2007-11-30,254665.1564012433,179467.21168274377,50104.98711552717,100719.97423105434,69300.30385845323,139620.60771690647,22525.075632885782,51090.49933565087
2007-12-03,256911.02106593762,179467.21168274377,49342.90186914004,99195.80373828008,70301.48013895305,141622.9602779061,22525.075632885782,51090.49933565087
2007-12-04,268507.7451609087,179467.21168274377,58336.68895044201,117183.37790088402,73852.3057577099,148724.6115154198,22525.075632885782,51090.49933565087
2007-12-05,290961.0374178245,179467.21168274377,70883.68213688068,142277.36427376137,83877.44618481013,168774.89236962027,22525.075632885782,51090.49933565087
2007-12-06,320339.7506978685,179467.21168274377,93044.57629894398,186599.15259788797,96650.94389174267,194321.88778348535,22525.075632885782,51090.49933565087
2007-12-07,328040.19958677725,179467.21168274377,97922.31562964857,196354.63125929714,100324.51061771209,201669.02123542418,22525.075632885782,51090.49933565087
2007-12-10,323866.59676727786,179467.21168274377,91236.3163401182,182982.6326802364,100954.31439511915,202928.6287902383,22525.075632885782,51090.49933565087
2007-12-11,285721.7108531936,179467.21168274377,59237.51898007216,118985.03796014431,83172.00271473388,167364.00542946777,22525.075632885782,51090.49933565087
2007-12-12,315961.9722591399,179467.21168274377,82529.07163511656,165568.14327023312,99596.39838855775,200212.7967771155,22525.075632885782,51090.49933565087
2007-12-13,318373.42640852014,179467.21168274377,85942.7461154641,172395.4922309282,100476.06605165303,201972.13210330607,22525.075632885782,51090.49933565087
2007-12-14,304607.7247279354,179467.21168274377,72796.71763791415,146103.4352758283,94707.89869827338,190435.79739654675,22525.075632885782,51090.49933565087
2007-12-17,241757.23302665114,179467.21168274377,20299.248382182897,41108.496764365795,61347.41990482441,123714.83980964882,22525.075632885782,51090.49933565087
2007-12-18,246097.73589662084,179467.21168274377,19747.16994081706,40004.33988163412,61651.64132756077,124323.28265512154,22525.075632885782,51090.49933565087
2007-12-19,249726.65392576193,179467.21168274377,21322.11999596371,43154.23999192742,62249.923971721946,125519.84794344389,22525.075632885782,51090.49933565087
2007-12-20,275400.77486528875,179467.21168274377,38630.378590105596,77770.75718021119,78464.81196907617,157949.62393815233,22525.075632885782,51090.49933565087
2007-12-21,304786.0468276242,178542.7718910685,63326.453224662764,127212.90644932553,98728.20145177185,198576.4029035437,21658.120653580903,49639.50967982712
2007-12-24,323175.98078147846,196932.70584492275,70515.49570594876,141590.99141189753,103789.44681953399,208698.89363906797,28847.163134866907,54700.75504758925
2007-12-26,333482.73254985816,207239.45761330245,74470.6644346639,149501.3288693278,106816.1175076993,214752.2350153986,32802.33186358203,57727.42573575457
2007-12-27,327861.8776432345,201618.60270667876,70186.53008354166,140933.0601670833,104627.31079535023,210374.62159070047,28518.1975124598,55538.6190234055
2007-12-28,333148.12799673766,206904.85306018192,72288.23367372542,145136.46734745085,106270.25888287013,213660.51776574025,30619.90110264357,57181.567110925396
2007-12-31,321978.5649554232,195735.2900188675,62535.71163633988,125631.42327267976,101210.06017681815,203540.1203536363,20867.379065258025,52121.368404873414
2008-01-02,319720.83451985545,193477.55958329974,60440.00649138437,121440.01298276873,100001.3671828048,201122.7343656096,18771.673920302506,50912.675410860065
2008-01-03,324456.3980798178,198213.12314326214,61956.55952976444,124473.11905952888,101472.08925227293,204064.17850454585,20288.226958682575,52383.397480328196
2008-01-04,266217.85113688564,139974.57620032996,36560.6794668047,73681.3589336094,82285.12703744133,165690.25407488266,-5107.65310427716,33196.435265496606
2008-01-07,249714.72637928603,123471.45144273032,28816.91452950932,58193.82905901864,76067.95095718355,153255.9019143671,-12851.418041572542,26979.25918523882
2008-01-08,228535.39924511223,102292.12430855652,25443.188448690256,51446.37689738051,73015.07774404908,147150.15548809816,-16225.144122391604,23926.385972104355
2008-01-09,224129.7332634615,97886.4583269058,25749.834134707286,52059.66826941457,73260.38278467339,147640.76556934678,-15918.498436374575,24171.691012728654
2008-01-10,211725.72837863868,83219.8795325422,23873.400115473705,48306.80023094741,71565.44828836793,144250.89657673586,-17794.932455608156,22476.7565164232
2008-01-11,182310.88885968958,63889.776922594916,21048.65869971033,42657.31739942066,68896.97104243895,138913.9420848779,-20619.67387137153,19808.279270494222
2008-01-14,212251.29411917296,81705.87999000291,22220.892223810086,45001.78444762017,70075.19100448357,141270.38200896714,-19447.440347271775,20986.499232538834
2008-01-15,163055.96701648494,59898.60390623582,19635.22488767036,39830.44977534072,67509.46453962664,136138.92907925328,-22033.1076834115,18420.772767681916
2008-01-16,137568.59165099997,38716.60135269252,19520.127895749996,39600.25579149999,67394.3785763638,135908.7571527276,-22148.204675331865,18305.68680441907
2008-01-17,112478.56738396743,27422.355241605517,19520.0947985913,39600.1895971826,67394.34547920531,135908.69095841062,-22148.23777249056,18305.653707260586
2008-01-18,108706.53379284142,27422.355241605517,18339.99172378682,37289.98344757364,65435.6978606917,132091.3957213834,-22148.23777249625,18305.653707254896
2008-01-22,97097.13306448472,27422.355241605517,7899.901655788561,16409.80331157712,60221.411995276954,121662.82399055391,-22148.23777249625,18305.653707254896
2008-01-23,77614.07306307607,27422.355241605517,3095.493805334161,6800.987610668322,56278.90834427967,113777.81668855934,-22148.23777249625,18305.653707254896
2008-01-24,128462.45759107507,27422.355241605517,33450.03716687594,67510.07433375188,73889.61813700625,148999.2362740125,-22148.23777249625,18305.653707254896
2008-01-25,123250.3459173235,27422.355241605517,36983.6929216275,74577.385843255,72754.96663573425,146729.9332714685,-22148.23777249625,18305.653707254896
2008-01-28,138279.43774631098,27422.355241605517,47333.70061033459,95277.40122066918,76682.0413848438,154584.0827696876,-22148.23777249625,18305.653707254896
2008-01-29,118058.2171686488,27422.355241605517,30585.937397140835,61781.87479428167,70299.52251866434,141819.04503732867,-22148.23777249625,18305.653707254896
2008-01-30,108344.16309121072,27422.355241605517,20698.448439239794,42006.89687847959,66637.97262427174,134495.9452485435,-22148.23777249625,18305.653707254896
2008-01-31,126327.18231453528,27422.355241605517,27942.541867102038,56495.083734204076,70324.6101361831,141869.2202723662,-22148.23777249625,18305.653707254896
2008-02-01,139123.46792397453,27422.355241605517,41083.68224870264,82777.36449740527,75192.64276319338,151605.28552638675,-22148.23777249625,18305.653707254896
2008-02-04,140656.0877322098,27422.355241605517,41606.16793177978,83822.33586355957,76000.23080493383,153220.46160986766,-22148.23777249625,18305.653707254896
2008-02-05,103337.201170106,27422.355241605517,16961.107886429738,34532.215772859476,63735.16068925719,128690.32137851437,-22148.23777249625,18305.653707254896
2008-02-06,68078.99402943437,27422.355241605517,5237.341565537825,11084.68313107565,55722.673041007874,112665.34608201575,-22148.23777249625,18305.653707254896
2008-02-07,83349.64708044776,27422.355241605517,13115.366635387754,26840.73327077551,58449.483183813005,118118.96636762601,-22148.23777249625,18305.653707254896
2008-02-08,104280.52684790519,27422.355241605517,22912.720067002338,46435.440134004675,60363.12018411669,121946.24036823338,-22148.23777249625,18305.653707254896
2008-02-11,134396.58666817553,27422.355241605517,34100.97683931443,68811.95367862887,61389.4950677714,123998.9901355428,-22148.23777249625,18305.653707254896
2008-02-12,111318.71084160334,27422.355241605517,17845.643417681764,36301.28683536353,58449.20079293794,118118.40158587588,-22148.23777249625,18305.653707254896
2008-02-13,138912.34719862242,27422.355241605517,33314.1556681022,67238.3113362044,63456.46080492653,128132.92160985306,-22148.23777249625,18305.653707254896
2008-02-14,121281.11037594432,27422.355241605517,27712.190467564134,56034.38093512827,58851.4590808459,118922.9181616918,-22148.23777249625,18305.653707254896
2008-02-15,99006.51342951087,27422.355241605517,6768.888291697147,14197.776583394294,53287.47702968561,107894.95405937122,-22148.23777249625,18305.653707254896
2008-02-19,105773.66326491981,27422.355241605517,7589.075654873532,15838.151309747063,54536.25865946176,110392.51731892352,-22148.23777249625,18305.653707254896
2008-02-20,112901.15532824668,27422.355241605517,11026.326338555751,22712.652677111502,56743.21225043377,114806.42450086754,-22148.23777249625,18305.653707254896
2008-02-21,86039.97841737825,27422.355241605517,-3900.339619938959,-7140.679239877918,47755.42772538193,96830.85545076386,-22148.23777249625,18305.653707254896
2008-02-22,95295.30807768753,27422.355241605517,-110.40584600740385,439.1883079851923,50387.80989396457,102095.61978792914,-22148.23777249625,18305.653707254896
2008-02-25,115095.20320514648,27422.355241605517,9058.948203763117,18777.896407526234,56539.16911179829,114398.33822359658,-22148.23777249625,18305.653707254896
2008-02-26,116896.15968224069,27422.355241605517,9446.484498533177,19552.968997066353,56959.91547056772,115239.83094113544,-22148.23777249625,18305.653707254896
2008-02-27,109710.21562592135,27422.355241605517,2014.4145692621478,4688.829138524296,53255.16623829696,107830.33247659392,-22148.23777249625,18305.653707254896
2008-02-28,108395.52047206262,27422.355241605517,4323.357182507085,9306.71436501417,54262.63925970039,109845.27851940077,-22148.23777249625,18305.653707254896
2008-02-29,57466.12913035603,27422.355241605517,-18733.112732273912,-36806.225464547824,38377.218936871075,78074.43787374215,-22148.23777249625,18305.653707254896
2008-03-03,48204.17368702606,27422.355241605517,-23936.780525384398,-47213.561050768796,34822.348335870105,70964.69667174021,-22148.23777249625,18305.653707254896
2008-03-04,58589.62380353288,27422.355241605517,-24556.10697038466,-48452.21394076932,34703.03032002684,70726.06064005368,-22148.23777249625,18305.653707254896
2008-03-05,80242.54966571802,27422.355241605517,-15899.331774366952,-31138.663548733904,41752.68799841935,84825.3759968387,-22148.23777249625,18305.653707254896
2008-03-06,54726.63459720411,27422.355241605517,-24502.13008690175,-48344.2601738035,34804.30484983298,70928.60969966595,-22148.23777249625,18305.653707254896
2008-03-07,40638.215226971246,27422.355241605517,-32746.353011728526,-64832.70602345705,28075.748305022553,57471.496610045106,-22148.23777249625,18305.653707254896
2008-03-10,16640.69688363494,27422.355241605517,-41633.7197311039,-82607.4394622078,20054.713487412882,41429.426974825765,-22148.23777249625,18305.653707254896
2008-03-11,70100.95736712878,27422.355241605517,-30118.165096219826,-59576.33019243965,30901.346215981204,63122.69243196241,-22148.23777249625,18305.653707254896
2008-03-12,55921.813570077466,27422.355241605517,-35289.60452158896,-69919.20904317792,26161.669023768332,53643.338047536665,-22148.23777249625,18305.653707254896
2008-03-13,77656.84327595183,27422.355241605517,-31059.162901976764,-61458.32580395353,30274.569519949713,61869.139039899426,-22148.23777249625,18305.653707254896
2008-03-14,71889.89208509216,27422.355241605517,-32201.80530405321,-63743.61060810642,29248.0481019162,59816.0962038324,-22148.23777249625,18305.653707254896
2008-03-17,34185.63947478519,27422.355241605517,-41362.44840169151,-82064.89680338302,20433.063397476522,42186.126794953045,-22148.23777249625,18305.653707254896
2008-03-18,83274.27892836729,27422.355241605517,-31358.133251690182,-62056.266503380364,30343.22110088426,62006.44220176852,-22148.23777249625,18305.653707254896
2008-03-19,35268.61896205962,27422.355241605517,-40186.46090698449,-79712.92181396898,21618.93451792153,44557.86903584306,-22148.23777249625,18305.653707254896
2008-03-20,60967.21808790106,27422.355241605517,-28489.973348195246,-56269.94669639049,32660.986938049013,66741.97387609803,-22148.23777249625,18305.653707254896
2008-03-24,102840.91050879529,27422.355241605517,-8940.046976290585,-17170.09395258117,45220.341656409204,91860.68331281841,-22148.23777249625,18305.653707254896
2008-03-25,123135.39749933322,27422.355241605517,2675.531774406423,6061.063548812846,52160.00211917504,105740.00423835008,-22148.23777249625,18305.653707254896
2008-03-26,134612.48787028325,27422.355241605517,10219.454421255658,21148.908842511315,56307.32697378892,114034.65394757784,-22148.23777249625,18305.653707254896
2008-03-27,119486.25579184435,27422.355241605517,331.33855552418754,1372.677111048375,51241.639413620695,103903.27882724139,-22148.23777249625,18305.653707254896
2008-03-28,106877.8980162064,27422.355241605517,-8465.779355662504,-16221.558711325008,46729.87800044396,94879.75600088792,-22148.23777249625,18305.653707254896
2008-03-31,118674.9732949981,27422.355241605517,-4609.542800821928,-8509.085601643856,50414.64378165325,102249.2875633065,-22148.23777249625,18305.653707254896
2008-04-01,161316.83811665876,27422.355241605517,23149.039989834855,47008.07997966971,66882.51009584403,135185.02019168806,-22148.23777249625,18305.653707254896
2008-04-02,175098.99604496916,27422.355241605517,33692.042581547474,68094.08516309495,72162.66470099195,145745.3294019839,-22148.23777249625,18305.653707254896
2008-04-03,189437.1182226904,27422.355241605517,46605.7972103085,93921.594420617,77123.3919444124,155666.7838888248,-22148.23777249625,18305.653707254896
2008-04-04,216721.35539020255,27422.355241605517,68836.74832297806,138383.49664595613,87259.01266443732,175938.02532887465,-22148.23777249625,18305.653707254896
2008-04-07,212069.52810833912,27422.355241605517,62102.087118610834,124914.17423722167,87786.10382456795,176992.2076491359,-22148.23777249625,18305.653707254896
2008-04-08,232129.6353903466,27422.355241605517,80384.21542963051,161478.43085926102,94477.87571698186,190375.7514339637,-22148.23777249625,18305.653707254896
2008-04-09,211993.95441485415,27422.355241605517,64046.543318428456,128803.08663685691,83404.77439935309,168229.54879870618,-22148.23777249625,18305.653707254896
2008-04-10,228162.50251779225,27422.355241605517,77596.2283903367,155902.4567806734,90775.43388268302,182970.86776536604,-22148.23777249625,18305.653707254896
2008-04-11,196780.65732146477,27422.355241605517,50223.92700361717,101157.85400723435,81943.43553889339,165306.87107778678,-22148.23777249625,18305.653707254896
2008-04-14,221093.8913067395,27422.355241605517,70700.9230486941,142111.8460973882,91177.9397598114,183775.8795196228,-22148.23777249625,18305.653707254896
2008-04-15,232859.20801619554,27422.355241605517,81842.90114432812,164395.80228865624,97658.37089448504,196736.74178897007,-22148.23777249625,18305.653707254896
2008-04-16,273242.12512681424,27422.355241605517,118322.83041883231,237355.66083766462,104943.6242288936,211307.2484577872,-22148.23777249625,18305.653707254896
2008-04-17,262950.46883968334,27422.355241605517,107778.79036234872,216267.58072469744,104886.01311402867,211192.02622805734,-22148.23777249625,18305.653707254896
2008-04-18,303502.3369970771,27422.355241605517,145663.90583426645,292087.8116685329,119568.09592405235,240656.1918481047,-22148.23777249625,18305.653707254896
2008-04-21,312952.17257449887,27422.355241605517,147663.54661802595,296087.0932360519,121639.81150842278,244799.62301684555,-22148.23777249625,18305.653707254896
2008-04-22,303786.91419513396,27422.355241605517,141933.83631571985,284627.6726314397,118380.67638711825,238281.3527742365,-22148.23777249625,18305.653707254896
2008-04-23,291995.3191599148,27422.355241605517,136038.90796045892,272837.81592091784,114633.52569449005,230787.0513889801,-22148.23777249625,18305.653707254896
2008-04-24,247554.97364120831,27422.355241605517,118179.30097338364,237118.60194676727,102258.25807522036,206036.51615044073,-22148.23777249625,18305.653707254896
2008-04-25,282334.29923531465,27422.355241605517,129805.81070511679,260371.62141023358,110876.11874297784,223272.23748595567,-22148.23777249625,18305.653707254896
2008-04-28,283187.6167236284,27422.355241605517,126770.7229304904,254301.4458609808,109430.45625589992,220380.91251179983,-22148.23777249625,18305.653707254896
2008-04-29,249112.8163389456,27422.355241605517,114962.85245963198,230685.70491926395,100324.6297341593,202169.2594683186,-22148.23777249625,18305.653707254896
2008-04-30,256495.11371323958,27422.355241605517,114625.916661968,230011.833323936,100463.07517976718,202446.15035953437,-22148.23777249625,18305.653707254896
2008-05-01,238337.17727643883,27422.355241605517,110631.94803118857,222023.89606237714,97104.9654154424,195729.9308308848,-22148.23777249625,18305.653707254896
2008-05-02,252237.38989485515,27422.355241605517,112163.96026062299,225087.92052124598,98666.43136109409,198852.86272218818,-22148.23777249625,18305.653707254896
2008-05-05,275111.1021507429,27422.355241605517,116522.29214778233,233804.58429556465,102723.68486025017,206967.36972050034,-22148.23777249625,18305.653707254896
2008-05-06,302483.1186569505,27422.355241605517,126599.59746701785,253959.1949340357,111195.72663248643,223911.45326497286,-22148.23777249625,18305.653707254896
2008-05-07,279929.5614453167,27422.355241605517,115901.98975719948,232563.97951439896,102483.33094789794,206486.66189579587,-22148.23777249625,18305.653707254896
2008-05-08,297768.4973510695,27422.355241605517,123943.20567428677,248646.41134857354,109393.95703555988,220307.91407111977,-22148.23777249625,18305.653707254896
2008-05-09,287438.0915609847,27422.355241605517,118638.32524754402,238036.65049508805,105097.90069746209,211715.80139492417,-22148.23777249625,18305.653707254896
2008-05-12,287710.0572697679,27422.355241605517,113046.44073554472,226852.88147108944,100740.88690508904,203001.77381017807,-22148.23777249625,18305.653707254896
2008-05-13,311505.6715300073,27422.355241605517,123541.14435245043,247842.28870490086,110421.33820809217,222362.67641618435,-22148.23777249625,18305.653707254896
2008-05-14,284975.60515808215,27422.355241605517,110188.40708836776,221136.81417673553,98285.47658030535,198090.9531606107,-22148.23777249625,18305.653707254896
2008-05-15,301414.730745129,27422.355241605517,117889.73640738927,236539.47281477854,105845.31362120988,213210.62724241975,-22148.23777249625,18305.653707254896
2008-05-16,332349.9783805711,26828.979674285554,132517.9146279317,265845.8292558634,120272.7555029553,242165.5110059106,-22916.688143388885,17066.988054416757
2008-05-19,335246.43704516033,29725.43833887476,132319.29446757038,265448.58893514075,120629.5083449298,242879.0166898596,-23115.3083037502,17423.740896391242
2008-05-20,356959.6616899445,51438.662983658964,143959.00078770315,288728.0015754063,127475.5210435798,256571.0420871596,-11475.601983617456,24269.75359504126
2008-05-21,329043.55505032087,23522.556344035336,128489.48960275322,257788.97920550645,118416.11846718243,238452.23693436486,-26945.113168567368,15210.351018643878
2008-05-22,313984.43957757734,8463.440871291812,120026.42744256102,240862.85488512204,113333.76254968942,228287.52509937884,-35408.175328759564,10127.995101150866
2008-05-23,296097.92653280165,-9423.072173483917,111862.09806476123,224534.19612952246,107836.84336783364,217293.6867356673,-43572.50470655936,4631.075919295101
2008-05-27,283459.9585757511,-22061.040130534442,104627.961183704,210065.922367408,102875.32323335245,207370.6464667049,-50806.641587616585,-330.4442151861076
2008-05-28,303219.9216247585,-2301.0770815270407,110625.06585782935,222060.1317156587,107647.64502992599,216915.29005985198,-44809.53691349125,4441.877581387433
2008-05-29,258266.2345785289,-47254.76412775663,97094.14641955764,194998.29283911528,96862.3051106618,195344.6102213236,-58340.45635176295,-6343.462337876757
2008-05-30,272097.67789450544,-33423.32081178011,100091.8723837237,200993.7447674474,99396.18365818198,200412.36731636396,-55342.73038759689,-3809.583790356577
2008-06-02,283046.8303539816,-22474.168352303976,103691.74866358022,208193.49732716044,102156.47545243966,205932.9509048793,-51742.85410774038,-1049.291996098891
2008-06-03,268622.4151167484,-36898.58358953712,100962.30105688659,202734.60211377317,99847.71139738735,201315.4227947747,-54472.301714434,-3358.0560511512085
2008-06-04,253648.57438047603,-51872.42432580951,94765.23677281453,190340.47354562907,94987.55990754298,191595.11981508596,-60669.365998506066,-8218.20754099558
2008-06-05,307196.1793068775,1675.180600591917,109320.94739411159,219451.89478822317,107149.51304269905,215919.0260853981,-46113.655377209005,3943.745594160506
2008-06-06,290127.29153296724,-15393.707173318333,102603.57574310101,206017.15148620203,101768.35799888769,205156.71599777538,-52831.027028219585,-1437.4094496508696
2008-06-09,319150.58692505135,13629.588218765815,111070.04576072963,222950.09152145925,108726.51078784681,219073.02157569362,-44364.557010590965,5520.7433393082665
2008-06-10,291017.56434251333,-14503.434363772212,97936.4646359461,196682.9292718922,98246.1058002063,198112.2116004126,-57498.13813537449,-4959.661648332261
2008-06-11,298309.31737372576,-7211.681332559776,99302.37819006959,199414.75638013918,99588.11227287236,200796.2245457447,-56132.224581251,-3617.655175666201
2008-06-12,283506.5730168582,-22014.425689427342,94953.01158301855,190716.0231660371,95562.48966723954,192744.97933447908,-60481.591188302045,-7643.277781299017
2008-06-13,302957.3101989571,-2563.6885073284575,102749.60821491078,206309.21642982156,102593.9965537029,206807.9931074058,-52684.994556409816,-611.7708948356412
2008-06-16,308387.9918820901,2866.9931758045277,101776.18492900101,204362.36985800203,102190.70228210339,206001.40456420678,-53658.417842319584,-1015.0651664351535
2008-06-17,324736.70679452195,13321.390490100399,105637.38477039142,212084.76954078284,105495.50077841291,212611.00155682582,-49797.21800092916,2289.7333298743615
2008-06-18,338377.2128263346,28399.536134048558,120115.28839940083,241040.57679880166,110988.37870504055,223596.7574100811,-35319.31437191976,7782.611256501996
2008-06-19,302032.425798206,4964.8885105541085,105165.13199740503,211140.26399481006,105573.99917770331,212767.99835540663,-50269.47077391556,2368.2317291647687
2008-06-20,296573.18063897843,-1769.1883892812984,103792.39538863023,208444.79077726047,104254.5534664039,210229.1069328078,-50863.5860370873,2305.3626252875147
2008-06-23,325363.5975924092,-1769.1883892812984,117254.31381003688,235368.62762007376,112850.17784802416,227420.35569604833,-50863.5860370873,2305.3626252875147
2008-06-24,297191.7722580639,-1769.1883892812984,100708.25443381787,202276.50886763574,103348.80738174784,208417.6147634957,-50863.5860370873,2305.3626252875147
2008-06-25,284576.9382097384,-1769.1883892812984,93335.7233494708,187531.4466989416,98898.99065780855,199517.9813156171,-50863.5860370873,2305.3626252875147
2008-06-26,273218.8607592037,-1769.1883892812984,88408.89457072335,177677.7891414467,95516.81992893307,192753.63985786613,-50863.5860370873,2305.3626252875147
2008-06-27,289799.09888871526,-1769.1883892812984,95474.07257233387,191808.14514466774,100446.79266698204,202613.5853339641,-50863.5860370873,2305.3626252875147
2008-06-30,296179.0782434295,-1769.1883892812984,95580.78966281409,192021.57932562818,101329.91262840426,204379.82525680852,-50863.5860370873,2305.3626252875147
2008-07-01,299882.4368313766,-1769.1883892812984,98731.0099188874,198322.0198377748,103411.19484069885,208542.3896813977,-50863.5860370873,2305.3626252875147
2008-07-02,238345.58346761714,-1769.1883892812984,77990.89421245926,156841.78842491852,87589.201864549,176898.403729098,-50863.5860370873,2305.3626252875147
2008-07-03,222254.3676966585,-1769.1883892812984,70178.36538403186,141216.73076806372,82131.96769325953,165983.93538651906,-50863.5860370873,2305.3626252875147
2008-07-07,204778.59041741805,-1769.1883892812984,62587.859183146364,126035.71836629273,76013.39157047402,153746.78314094804,-50863.5860370873,2305.3626252875147
2008-07-08,205434.59002440388,-1769.1883892812984,62169.11512185056,125198.23024370112,75680.3104578171,153080.6209156342,-50863.5860370873,2305.3626252875147
2008-07-09,183635.06016472384,-1769.1883892812984,59416.24281293303,119692.48562586606,73124.47683621004,147968.9536724201,-50863.5860370873,2305.3626252875147
2008-07-10,220140.13149610755,-1769.1883892812984,63253.39990942468,127366.79981884937,76734.09925309192,155188.19850618383,-50863.5860370873,2305.3626252875147
2008-07-11,235880.93992781412,-1769.1883892812984,64457.771285411174,129775.54257082235,77937.30416273585,157594.6083254717,-50863.5860370873,2305.3626252875147
2008-07-14,250829.1016567653,-1769.1883892812984,67048.06958283069,134956.13916566139,80512.7371053926,162745.4742107852,-50863.5860370873,2305.3626252875147
2008-07-15,215562.47847266617,-1769.1883892812984,61391.96856615299,123643.93713230597,75139.63762385295,151999.2752477059,-50863.5860370873,2305.3626252875147
2008-07-16,202055.95818465648,-1769.1883892812984,59332.144359612124,119524.28871922425,73099.09263744808,147918.18527489615,-50863.5860370873,2305.3626252875147
2008-07-17,170376.69217120297,-1769.1883892812984,58067.76321640088,116995.52643280177,71835.02607975036,145390.05215950072,-50863.5860370873,2305.3626252875147
2008-07-18,177683.25808662298,-1769.1883892812984,58856.02136510565,118622.0427302113,71972.39672701585,145764.7934540317,-50863.5860370873,2305.3626252875147
2008-07-21,193301.45988629165,-1769.1883892812984,64638.64821712923,130187.29643425846,76175.74627069055,154171.4925413811,-50863.5860370873,2305.3626252875147
2008-07-22,162319.57505201967,-1769.1883892812984,46213.76171937226,93337.52343874452,65482.0831108056,132784.1662216112,-50863.5860370873,2305.3626252875147
2008-07-23,168237.72898704902,-1769.1883892812984,55011.75991828341,110933.51983656682,68638.01803565426,139096.0360713085,-50863.5860370873,2305.3626252875147
2008-07-24,145242.91370868403,-1769.1883892812984,44733.1331733201,90376.2663466402,62564.00099137249,126948.00198274499,-50863.5860370873,2305.3626252875147
2008-07-25,161715.30234471866,-1769.1883892812984,49322.23778128321,99554.47556256643,66475.8104701513,134771.6209403026,-50863.5860370873,2305.3626252875147
2008-07-28,142017.2886736162,-1769.1883892812984,35099.6107013283,71109.2214026566,58496.84305610698,118813.68611221397,-50863.5860370873,2305.3626252875147
2008-07-29,137273.7990819366,-1769.1883892812984,33670.64188623696,68251.28377247392,57452.02591722905,116724.0518344581,-50863.5860370873,2305.3626252875147
2008-07-30,178177.85369312155,-1769.1883892812984,48610.115838602214,98130.23167720443,68916.55422317205,139653.1084463441,-50863.5860370873,2305.3626252875147
2008-07-31,102013.83997712421,-1769.1883892812984,21949.87397670898,44809.74795341796,48603.29964486501,99026.59928973002,-50863.5860370873,2305.3626252875147
2008-08-01,75057.62624562196,-1769.1883892812984,12651.731339610313,26213.462679220625,41729.20717909341,85278.41435818683,-50863.5860370873,2305.3626252875147
2008-08-04,24181.934235747758,-1769.1883892812984,6313.2334929351855,13536.466985870371,36572.90356095306,74965.80712190612,-50863.5860370873,2305.3626252875147
2008-08-05,34975.87007743551,-1769.1883892812984,9638.508718230376,20187.017436460752,39245.70525552093,80311.41051104186,-50863.5860370873,2305.3626252875147
2008-08-06,51107.00677671732,-1769.1883892812984,11212.344078171904,23334.688156343807,40758.00089071016,83336.00178142032,-50863.5860370873,2305.3626252875147
2008-08-07,31026.04178647272,-1769.1883892812984,6130.993744377578,13171.987488755156,36842.10534646066,75504.21069292132,-50863.5860370873,2305.3626252875147
2008-08-08,28238.739098361257,-1769.1883892812984,7705.981455076602,16321.962910153205,38223.43985636312,78266.87971272624,-50863.5860370873,2305.3626252875147
2008-08-11,27728.334918304055,-1769.1883892812984,5996.362405105821,12902.724810211643,37365.65913356956,76551.31826713913,-50863.5860370873,2305.3626252875147
2008-08-12,28705.749752558215,-1769.1883892812984,4145.583093328787,9201.166186657574,35804.60726094407,73429.21452188813,-50863.5860370873,2305.3626252875147
2008-08-13,54486.28907931519,-1769.1883892812984,2668.854048467467,6247.708096934934,34462.68900497878,70745.37800995757,-50863.5860370873,2305.3626252875147
2008-08-14,44323.29010644564,-1769.1883892812984,1758.2910715985854,4426.582143197171,33582.87984271958,68985.75968543916,-50863.5860370873,2305.3626252875147
2008-08-15,30999.087482460218,-1769.1883892812984,-3240.6477369933245,-5521.295473986649,27982.41265814697,57884.82531629394,-50863.5860370873,2305.3626252875147
2008-08-18,26371.815155597556,-1769.1883892812984,-8093.662391227517,-15227.324782455034,25739.231621822044,53398.46324364409,-50863.5860370873,2305.3626252875147
2008-08-19,62011.604569660645,-1769.1883892812984,9871.917832165716,20703.835664331433,36872.59226935396,75665.18453870792,-50863.5860370873,2305.3626252875147
2008-08-20,107393.93796980818,-1769.1883892812984,37866.287836607975,76692.57567321595,52272.252362686326,106464.50472537265,-50863.5860370873,2305.3626252875147
2008-08-21,128823.7756394542,-1769.1883892812984,52762.803966143576,106485.60793228715,59793.206600525635,121506.41320105127,-50863.5860370873,2305.3626252875147
2008-08-22,107491.62196440781,-1769.1883892812984,36261.31287070407,73482.62574140813,52342.01551528213,106604.03103056426,-50863.5860370873,2305.3626252875147
2008-08-25,77146.4521843837,-1769.1883892812984,13620.339482114361,28200.678964228722,41184.3184101845,84288.636820369,-50863.5860370873,2305.3626252875147
2008-08-26,112321.15097731305,-1769.1883892812984,36579.76960266904,74119.53920533808,54210.95894835267,110341.91789670534,-50863.5860370873,2305.3626252875147
2008-08-27,133328.8600921832,-1769.1883892812984,51676.78767099383,104313.57534198766,62216.365324555634,126352.73064911127,-50863.5860370873,2305.3626252875147
2008-08-28,119847.76469306319,-1769.1883892812984,38842.37134446951,78644.74268893902,57051.19092528458,116022.38185056916,-50863.5860370873,2305.3626252875147
2008-08-29,112206.90363580071,-1769.1883892812984,31956.461633008832,64872.923266017664,54057.52040452746,110035.04080905492,-50863.5860370873,2305.3626252875147
2008-09-02,37311.13651429402,-1769.1883892812984,-20199.964218198224,-39439.92843639645,21992.490575717515,45904.98115143503,-50863.5860370873,2305.3626252875147
2008-09-03,532.8345418588724,-1769.1883892812984,-37347.21741695918,-73734.43483391836,8408.506804276622,18737.013608553243,-50863.5860370873,2305.3626252875147
2008-09-04,-14092.715333515138,-1769.1883892812984,-40181.527816678965,-79403.05563335793,5789.4300978223255,13498.860195644651,-50863.5860370873,2305.3626252875147
2008-09-05,-3217.963506737142,-1769.1883892812984,-37861.48165997379,-74762.96331994758,7961.823664483403,17843.647328966807,-50863.5860370873,2305.3626252875147
2008-09-08,-45555.86292059538,-1769.1883892812984,-52626.0427991115,-104292.085598223,-4837.45561803224,-7754.911236064479,-50863.5860370873,2305.3626252875147
2008-09-09,-128391.64438420831,-1769.1883892812984,-61703.78801544829,-122447.57603089658,-13475.205708839196,-25030.41141767839,-50863.5860370873,2305.3626252875147
2008-09-10,-76466.90671606587,-1769.1883892812984,-58538.98447013389,-116117.96894026778,-10382.84153384075,-18845.6830676815,-50863.5860370873,2305.3626252875147
2008-09-11,-46358.712286318216,-1769.1883892812984,-56445.807338542116,-111931.61467708423,-8320.619852704003,-14721.239705408007,-50863.5860370873,2305.3626252875147
2008-09-12,-14416.868542840573,-1769.1883892812984,-51400.00466579636,-101840.00933159272,-3412.2542112883602,-4904.5084225767205,-50863.5860370873,2305.3626252875147
2008-09-15,-89798.68803850272,-1769.1883892812984,-61349.33498412727,-121738.66996825454,-13114.32674682953,-24308.65349365906,-50863.5860370873,2305.3626252875147
2008-09-16,-66923.68634710005,-1769.1883892812984,-59257.628108924764,-117555.25621784953,-11024.797278397491,-20129.594556794982,-50863.5860370873,2305.3626252875147
2008-09-17,-79787.00544130629,-1769.1883892812984,-54648.45770059558,-108336.91540119116,-6420.143098698594,-10920.286197397189,-50863.5860370873,2305.3626252875147
2008-09-18,-24166.976250890533,-1769.1883892812984,-37286.52774958531,-73613.05549917062,10565.468994721392,23050.937989442784,-50863.5860370873,2305.3626252875147
2008-09-19,41584.58059736118,-1769.1883892812984,-25977.05525448749,-50944.11050897498,18436.95932617918,38893.91865235836,-50863.5860370873,2305.3626252875147
2008-09-22,12896.41828556202,-1769.1883892812984,-40335.46513110987,-79660.93026221974,9906.719911707061,21833.439823414123,-50863.5860370873,2305.3626252875147
2008-09-23,-20435.27266172936,-1769.1883892812984,-55640.87726094485,-110271.7545218897,18.619488200576598,2057.238976401153,-50863.5860370873,2305.3626252875147
2008-09-24,-40251.19405470319,-1769.1883892812984,-62786.85860852807,-124563.71721705614,-5026.201230818617,-8032.4024616372335,-50863.5860370873,2305.3626252875147
2008-09-25,-50642.24252921531,-1769.1883892812984,-65840.31334110786,-130670.62668221572,-7252.652452828261,-12485.304905656521,-50863.5860370873,2305.3626252875147
2008-09-26,-96979.62328445993,-1769.1883892812984,-75492.35632665845,-149974.7126533169,-14838.751833918664,-27657.50366783733,-50863.5860370873,2305.3626252875147
2008-09-29,-172666.20788168727,-1769.1883892812984,-85874.96843797997,-170739.93687595995,-23245.471386124795,-44470.94277224959,-50863.5860370873,2305.3626252875147
2008-09-30,-136197.60938986368,-1769.1883892812984,-85173.43537495554,-169336.8707499111,-22539.274222538406,-43058.54844507681,-50863.5860370873,2305.3626252875147
2008-10-01,-174480.96242475216,-1769.1883892812984,-88308.95640809671,-175607.91281619342,-25332.050052069157,-48644.10010413831,-50863.5860370873,2305.3626252875147
2008-10-02,-277740.6137137568,-1769.1883892812984,-90878.10408868181,-180746.20817736362,-27710.093278162894,-53400.18655632579,-50863.5860370873,2305.3626252875147
2008-10-03,-280408.7004070448,-1769.1883892812984,-90912.36618496216,-180814.7323699243,-27742.141253957052,-53464.282507914104,-50863.5860370873,2305.3626252875147
2008-10-06,-295111.04614855,-1769.1883892812984,-91150.18095288824,-181290.3619057765,-27973.039917133705,-53926.07983426741,-50863.5860370873,2305.3626252875147
2008-10-07,-332835.7414886014,-1769.1883892812984,-91226.88070200384,-181443.76140400767,-28048.8005282042,-54077.6010564084,-50863.5860370873,2305.3626252875147
2008-10-08,-302003.5417761767,-1769.1883892812984,-91228.43481991501,-181446.86963983002,-28050.31972321892,-54080.63944643784,-50863.5860370873,2305.3626252875147
2008-10-09,-338389.98066210956,-1769.1883892812984,-91245.49711893662,-181480.99423787324,-28067.322378491488,-54114.644756982976,-50863.5860370873,2305.3626252875147
2008-10-10,-343523.3096211507,-1769.1883892812984,-91247.73897008253,-181485.47794016506,-28069.562008190216,-54119.12401638043,-50863.5860370873,2305.3626252875147
2008-10-13,-254266.48869703748,-1769.1883892812984,-91242.71993663852,-181475.43987327704,-28064.54318701467,-54109.08637402934,-50863.5860370873,2305.3626252875147
2008-10-14,-271975.211243385,-1769.1883892812984,-91247.84533416446,-181485.69066832893,-28069.668340849268,-54119.336681698536,-50863.5860370873,2305.3626252875147
2008-10-15,-359131.52249028435,-1769.1883892812984,-91247.90138595238,-181485.80277190477,-28069.72439261042,-54119.44878522084,-50863.5860370873,2305.3626252875147
2008-10-16,-339548.41905839037,-1769.1883892812984,-91247.9013859524,-181485.8027719048,-28069.724392610442,-54119.448785220884,-50863.5860370873,2305.3626252875147
2008-10-17,-342816.4808663763,-1769.1883892812984,-92845.5177946164,-184631.0355892328,-30668.540110056118,-59217.080220112235,-50863.5860370873,2305.3626252875147
2008-10-20,-317297.0219116714,-1769.1883892812984,-83683.34413980087,-166306.68827960175,-23903.39365741786,-45686.78731483572,-50863.5860370873,2305.3626252875147
2008-10-21,-347212.17749566806,-1769.1883892812984,-101403.91176133299,-201747.82352266597,-34070.27311268825,-66020.5462253765,-50863.5860370873,2305.3626252875147
2008-10-22,-421000.0460007135,-1769.1883892812984,-134082.76649138302,-267105.53298276605,-55684.391185766464,-109248.78237153293,-50863.5860370873,2305.3626252875147
2008-10-23,-457583.69958951423,-1769.1883892812984,-147409.75879611116,-293759.5175922223,-65174.80762016963,-128229.61524033926,-50863.5860370873,2305.3626252875147
2008-10-24,-473223.337594579,-1769.1883892812984,-153293.42314589716,-305526.8462917943,-69370.41467494606,-136620.82934989213,-50863.5860370873,2305.3626252875147
2008-10-27,-491481.4537747813,-1769.1883892812984,-162319.93521384837,-323579.87042769673,-75852.30233747576,-149584.60467495152,-50863.5860370873,2305.3626252875147
2008-10-28,-415640.3978692467,-1769.1883892812984,-138992.5560178452,-276925.1120356904,-57917.83598418885,-113715.6719683777,-50863.5860370873,2305.3626252875147
2008-10-29,-418922.3639144312,-1769.1883892812984,-142151.16396361537,-283242.32792723074,-59952.007820569546,-117784.01564113909,-50863.5860370873,2305.3626252875147
2008-10-30,-369126.37894297944,-1769.1883892812984,-122228.10975606673,-243396.21951213345,-45020.357207521614,-87920.71441504323,-50863.5860370873,2305.3626252875147
2008-10-31,-312622.1260584153,-1769.1883892812984,-97111.58444411692,-193163.16888823383,-26915.583147936013,-51711.166295872026,-50863.5860370873,2305.3626252875147
2008-11-03,-335005.9020940824,-1769.1883892812984,-115523.52174740697,-229987.04349481393,-37975.169426749075,-73830.33885349815,-50863.5860370873,2305.3626252875147
2008-11-04,-364247.2105165601,-1769.1883892812984,-113008.4215426839,-224956.8430853678,-37119.99933906751,-72119.99867813502,-50863.5860370873,2305.3626252875147
2008-11-05,-423108.9072434739,-1769.1883892812984,-143355.06362756962,-285650.12725513923,-59130.08807475852,-116140.17614951704,-50863.5860370873,2305.3626252875147
2008-11-06,-470531.2872077568,-1769.1883892812984,-160501.91217126188,-319943.82434252376,-73052.87507609546,-143985.7501521909,-50863.5860370873,2305.3626252875147
2008-11-07,-442092.5200150143,-1769.1883892812984,-148411.87871558365,-295763.7574311673,-62888.97562665321,-123657.95125330643,-50863.5860370873,2305.3626252875147
2008-11-10,-450610.90565242793,-1769.1883892812984,-150716.35520988973,-300372.71041977947,-64070.75735290165,-126021.5147058033,-50863.5860370873,2305.3626252875147
2008-11-11,-474138.28468588996,-1769.1883892812984,-161622.95917156828,-322185.91834313655,-73232.38379162767,-144344.76758325534,-50863.5860370873,2305.3626252875147
2008-11-12,-518924.4240573681,-1769.1883892812984,-177332.47175391743,-353604.94350783486,-87557.6791048637,-172995.3582097274,-50863.5860370873,2305.3626252875147
2008-11-13,-444689.8031326901,-1769.1883892812984,-159470.1005982022,-317880.2011964044,-70687.67810470819,-139255.35620941638,-50863.5860370873,2305.3626252875147
2008-11-14,-496983.80384099507,-1769.1883892812984,-175942.74694229785,-350825.4938845957,-86076.44277820468,-170032.88555640937,-50863.5860370873,2305.3626252875147
2008-11-17,-539878.0706381573,-1769.1883892812984,-185996.9907206435,-370933.981441287,-95939.84929753128,-189759.69859506257,-50863.5860370873,2305.3626252875147
2008-11-18,-539705.9508490376,-1769.1883892812984,-186231.07310677128,-371402.14621354255,-96172.86770766828,-190225.73541533656,-50863.5860370873,2305.3626252875147
2008-11-19,-614321.8076927197,-1769.1883892812984,-188240.4620657027,-375420.9241314054,-98181.8033578216,-194243.6067156432,-50863.5860370873,2305.3626252875147
2008-11-20,-672136.6017972297,-1769.1883892812984,-188364.4898399398,-375668.9796798796,-98305.83102761525,-194491.6620552305,-50863.5860370873,2305.3626252875147
2008-11-21,-615438.0560330278,-1769.1883892812984,-189549.89870807924,-377989.7974161585,-100266.06081129641,-198312.12162259282,-50863.5860370873,2305.3626252875147
2008-11-24,-614971.1198407881,-1769.1883892812984,-190802.6168355787,-380495.2336711574,-100382.3028507743,-198544.6057015486,-50863.5860370873,2305.3626252875147
2008-11-25,-614375.2248454338,-1769.1883892812984,-185598.1038085115,-370086.207617023,-97649.97133146881,-193079.94266293762,-50863.5860370873,2305.3626252875147
2008-11-26,-590279.9278022323,-1769.1883892812984,-173851.77931896472,-346593.55863792944,-90607.25256672977,-178994.50513345955,-50863.5860370873,2305.3626252875147
2008-11-28,-593311.6410938664,-1769.1883892812984,-179227.7602701057,-357345.5205402114,-92456.16180677048,-182692.32361354097,-50863.5860370873,2305.3626252875147
2008-12-01,-659968.0233620027,-1769.1883892812984,-214610.65933486648,-428111.31866973295,-114163.25014405281,-226106.50028810563,-50863.5860370873,2305.3626252875147
2008-12-02,-642020.8268125334,-1769.1883892812984,-208511.91237859265,-415913.8247571853,-109421.31740262924,-216622.63480525848,-50863.5860370873,2305.3626252875147
2008-12-03,-639359.2550569532,-1769.1883892812984,-208891.98830946718,-416673.97661893436,-109257.92044898408,-216295.84089796816,-50863.5860370873,2305.3626252875147
2008-12-04,-653066.9790566161,-1769.1883892812984,-214374.1136132036,-427638.2272264072,-113148.15026082768,-224076.30052165536,-50863.5860370873,2305.3626252875147
2008-12-05,-626123.7441732173,-1769.1883892812984,-202233.09563046953,-403356.19126093906,-104534.5913839457,-206849.1827678914,-50863.5860370873,2305.3626252875147
2008-12-08,-600131.7824485404,-1769.1883892812984,-191936.1784100495,-382762.356820099,-94542.91517434419,-186865.83034868838,-50863.5860370873,2305.3626252875147
2008-12-09,-646699.7921100137,-1769.1883892812984,-216921.58641315505,-432733.1728263101,-113362.6056183269,-224505.2112366538,-50863.5860370873,2305.3626252875147
2008-12-10,-637277.1014983398,-1769.1883892812984,-211293.28345224043,-421476.56690448086,-108180.57582200298,-214141.15164400596,-50863.5860370873,2305.3626252875147
2008-12-11,-656420.1440350458,-1769.1883892812984,-224097.93411667465,-447085.8682333493,-118604.56335932562,-234989.12671865124,-50863.5860370873,2305.3626252875147
2008-12-12,-675854.5741578806,-1769.1883892812984,-234367.7245905419,-467625.4491810838,-127732.80016709863,-253245.60033419725,-50863.5860370873,2305.3626252875147
2008-12-15,-685470.3873639487,-1769.1883892812984,-241360.8179653532,-481611.6359307064,-134018.9320855792,-265817.8641711584,-50863.5860370873,2305.3626252875147
2008-12-16,-648522.7222258867,-1769.1883892812984,-234208.84046607168,-467307.68093214335,-126831.58987934372,-251443.17975868745,-50863.5860370873,2305.3626252875147
2008-12-17,-636416.3144417685,-1769.1883892812984,-229047.60470662045,-456985.2094132409,-121561.33271896036,-240902.66543792072,-50863.5860370873,2305.3626252875147
2008-12-18,-661638.5567425357,-1769.1883892812984,-242110.97737386526,-483111.9547477305,-134569.66739875975,-266919.3347975195,-50863.5860370873,2305.3626252875147
2008-12-19,-680297.8030818136,-1769.1883892812984,-244580.11865627964,-488000.2373125593,-137505.0438045169,-272690.0876090338,-50863.5860370873,2305.3626252875147
2008-12-22,-687100.5416974642,-1769.1883892812984,-249782.4355104216,-498404.8710208432,-140183.10434376355,-278046.2086875271,-50863.5860370873,2305.3626252875147
2008-12-23,-691698.3857573561,-1769.1883892812984,-252771.35798489803,-504382.71596979606,-141906.40427169017,-281492.80854338035,-50863.5860370873,2305.3626252875147
2008-12-24,-683220.8045016206,-1769.1883892812984,-249417.8222832318,-497675.6445664636,-139554.36968987482,-276788.73937974963,-50863.5860370873,2305.3626252875147
2008-12-26,-684686.1702808272,-1769.1883892812984,-251975.34341956768,-502790.68683913536,-140737.86307852302,-279155.72615704604,-50863.5860370873,2305.3626252875147
2008-12-29,-684366.5021651216,-1769.1883892812984,-254108.50634606837,-507057.01269213675,-141640.12940538468,-280960.25881076936,-50863.5860370873,2305.3626252875147
2008-12-30,-668425.9278379531,-1769.1883892812984,-245977.54367864438,-490795.08735728875,-136030.6876968382,-269741.3753936764,-50863.5860370873,2305.3626252875147
2008-12-31,-654217.9854147136,-1769.1883892812984,-237991.12001687716,-474822.2400337543,-130764.67497457331,-259209.34994914662,-50863.5860370873,2305.3626252875147
2009-01-02,-643250.2736346507,-1769.1883892812984,-232779.20914008812,-464398.41828017624,-126834.26424006469,-251348.52848012937,-50863.5860370873,2305.3626252875147
2009-01-05,-641032.9858216685,-1769.1883892812984,-234045.23306839977,-466930.46613679954,-126172.08742919516,-250024.17485839032,-50863.5860370873,2305.3626252875147
2009-01-06,-666231.71425242,-1769.1883892812984,-251511.38685407824,-501862.7737081565,-138090.41887880035,-273860.8377576007,-50863.5860370873,2305.3626252875147
2009-01-07,-672457.1386047459,-1769.1883892812984,-256906.38642344688,-512652.77284689376,-141706.02889728625,-281092.0577945725,-50863.5860370873,2305.3626252875147
2009-01-08,-687418.3612046966,-1769.1883892812984,-261257.61959202716,-521355.2391840543,-145443.69657808356,-288567.3931561671,-50863.5860370873,2305.3626252875147
2009-01-09,-696903.0723119357,-1769.1883892812984,-267422.3117199692,-533684.6234399384,-150641.57355836057,-298963.14711672114,-50863.5860370873,2305.3626252875147
2009-01-12,-694731.7335649792,-1769.1883892812984,-267736.60605898174,-534313.2121179635,-150634.36621302916,-298948.7324260583,-50863.5860370873,2305.3626252875147
2009-01-13,-691758.1593278996,-1769.1883892812984,-270606.1934562588,-540052.3869125176,-153114.4379834597,-303908.8759669194,-50863.5860370873,2305.3626252875147
2009-01-14,-704877.5312419022,-1769.1883892812984,-274533.0218849261,-547906.0437698521,-156962.90799765405,-311605.8159953081,-50863.5860370873,2305.3626252875147
2009-01-15,-696703.3515855138,-1769.1883892812984,-272589.2536600442,-544018.5073200885,-155001.48067305412,-307682.96134610823,-50863.5860370873,2305.3626252875147
2009-01-16,-684398.0117162131,-1769.1883892812984,-267507.53109404066,-533805.0621880813,-150432.67195582562,-298445.34391165123,-50863.5860370873,2305.3626252875147
2009-01-20,-723396.6699552535,-1769.1883892812984,-287385.5759127367,-573561.1518254734,-162589.36294604768,-322758.72589209536,-50863.5860370873,2305.3626252875147
2009-01-21,-697416.1271118651,-1769.1883892812984,-277171.94695953873,-553133.8939190775,-155529.80571067953,-308639.61142135906,-50863.5860370873,2305.3626252875147
2009-01-22,-703011.7030732458,-1769.1883892812984,-280442.51199373126,-559675.0239874625,-157517.98963029822,-312615.97926059645,-50863.5860370873,2305.3626252875147
2009-01-23,-713032.8876898778,-1769.1883892812984,-284052.3106697496,-566894.6213394993,-160021.0992205724,-317622.1984411448,-50863.5860370873,2305.3626252875147
2009-01-26,-705672.2878291352,-1769.1883892812984,-284267.49259267113,-567324.9851853423,-159516.84245099674,-316613.6849019935,-50863.5860370873,2305.3626252875147
2009-01-27,-701496.0866511029,-1769.1883892812984,-281473.1562376678,-561736.3124753356,-157619.86101771006,-312819.7220354201,-50863.5860370873,2305.3626252875147
2009-01-28,-684550.3541394423,-1769.1883892812984,-275740.12171932706,-550270.2434386541,-153228.2166339807,-304036.4332679614,-50863.5860370873,2305.3626252875147
2009-01-29,-703756.869429256,-1769.1883892812984,-285532.3012830323,-569854.6025660646,-160014.06536870866,-317608.1307374173,-50863.5860370873,2305.3626252875147
2009-01-30,-719335.9855483251,-1769.1883892812984,-292255.3456996378,-583300.6913992756,-164917.5642293056,-327415.1284586112,-50863.5860370873,2305.3626252875147
2009-02-02,-728690.8415639393,-1769.1883892812984,-293431.01824249025,-585652.0364849805,-165685.3138801208,-328950.6277602416,-50863.5860370873,2305.3626252875147
2009-02-03,-706709.3603794258,-1769.1883892812984,-285583.51301883225,-569957.0260376645,-159552.12148959082,-316684.24297918164,-50863.5860370873,2305.3626252875147
2009-02-04,-713465.7411110221,-1769.1883892812984,-290133.6296584022,-579057.2593168044,-162740.9089655307,-323061.8179310614,-50863.5860370873,2305.3626252875147
2009-02-05,-695361.9760532993,-1769.1883892812984,-283393.81051460205,-565577.6210292041,-157464.96933153947,-312509.93866307894,-50863.5860370873,2305.3626252875147
2009-02-06,-674704.0166846238,-1769.1883892812984,-270924.78566071676,-540639.5713214335,-148785.70037204065,-295151.4007440813,-50863.5860370873,2305.3626252875147
2009-02-09,-662108.7577588197,-1769.1883892812984,-272486.0446773842,-543762.0893547684,-147833.60368161087,-293247.20736322174,-50863.5860370873,2305.3626252875147
2009-02-10,-694982.232676113,-1769.1883892812984,-290873.3938915288,-580536.7877830575,-162095.60221961024,-321771.2044392205,-50863.5860370873,2305.3626252875147
2009-02-11,-691659.0817255487,-1769.1883892812984,-289717.2732922864,-578224.5465845728,-160832.31649785265,-319244.6329957053,-50863.5860370873,2305.3626252875147
2009-02-12,-690033.7085006261,-1769.1883892812984,-288897.3900178063,-576584.7800356126,-159901.18783930351,-317382.37567860703,-50863.5860370873,2305.3626252875147
2009-02-13,-701659.7645860229,-1769.1883892812984,-296619.12552219286,-592028.2510443857,-166418.61269485502,-330417.22538971005,-50863.5860370873,2305.3626252875147
2009-02-17,-724880.5804481047,-1769.1883892812984,-310650.8635953405,-620091.727190681,-179622.4571156228,-356824.9142312456,-50863.5860370873,2305.3626252875147
2009-02-18,-722045.1505900151,-1769.1883892812984,-311865.73577493394,-622521.4715498679,-180831.62936904936,-359243.2587380987,-50863.5860370873,2305.3626252875147
2009-02-19,-718719.9935055652,-1769.1883892812984,-302756.5223503378,-604303.0447006756,-171745.27676156565,-341070.5535231313,-50863.5860370873,2305.3626252875147
2009-02-20,-714389.6888218333,-1769.1883892812984,-298275.7484647542,-595291.4969295084,-167733.47602368813,-332946.95204737625,-50863.5860370873,2305.3626252875147
2009-02-23,-737621.8687643672,-1769.1883892812984,-311409.6063443767,-621559.2126887534,-175429.41828329142,-348338.83656658285,-50863.5860370873,2305.3626252875147
2009-02-24,-716133.1009855793,-1769.1883892812984,-302575.29235994356,-603890.5847198871,-169387.08138448602,-336254.16276897205,-50863.5860370873,2305.3626252875147
2009-02-25,-723789.5963844962,-1769.1883892812984,-307210.2674271153,-613160.5348542306,-172151.25874076702,-341782.51748153404,-50863.5860370873,2305.3626252875147
2009-02-26,-767961.9666999357,-1769.1883892812984,-323163.45435664663,-645066.9087132933,-183510.5891989793,-364501.1783979586,-50863.5860370873,2305.3626252875147
2009-02-27,-787809.8513537816,-1769.1883892812984,-326707.9610987562,-652155.9221975124,-186278.77853845476,-370037.5570769095,-50863.5860370873,2305.3626252875147
2009-03-02,-804292.8853893856,-1769.1883892812984,-332058.49776314537,-662856.9955262907,-190257.73709639144,-377995.4741927829,-50863.5860370873,2305.3626252875147
2009-03-03,-787781.6620230768,-1769.1883892812984,-325478.1470316616,-649696.2940633232,-185415.9980603966,-368311.9961207932,-50863.5860370873,2305.3626252875147
2009-03-04,-776820.5564036291,-1769.1883892812984,-322279.9002941645,-643299.800588329,-183109.16377751774,-363698.3275550355,-50863.5860370873,2305.3626252875147
2009-03-05,-806614.5665529965,-1769.1883892812984,-328108.287415855,-654956.57483171,-187599.31186669346,-372678.6237333869,-50863.5860370873,2305.3626252875147
2009-03-06,-790176.4389407798,-1769.1883892812984,-325619.6160871554,-649979.2321743108,-185210.8607080209,-367901.7214160418,-50863.5860370873,2305.3626252875147
2009-03-09,-801809.0852256378,-1769.1883892812984,-330753.24112341844,-660246.4822468369,-188904.02808507817,-375288.05617015634,-50863.5860370873,2305.3626252875147
2009-03-10,-775656.4097994328,-1769.1883892812984,-323548.5334841398,-645837.0669682797,-183397.7630200124,-364275.5260400248,-50863.5860370873,2305.3626252875147
2009-03-11,-786550.3276766749,-1769.1883892812984,-324562.69310451753,-647865.3862090351,-184289.07058941427,-366058.14117882855,-50863.5860370873,2305.3626252875147
2009-03-12,-758785.967949531,-1769.1883892812984,-320443.53488969617,-639627.0697793923,-180839.7790308289,-359159.5580616578,-50863.5860370873,2305.3626252875147
2009-03-13,-752703.0951878035,-1769.1883892812984,-321756.3376138572,-642252.6752277144,-181524.13497393837,-360528.26994787675,-50863.5860370873,2305.3626252875147
2009-03-16,-764619.7363135765,-1769.1883892812984,-326731.33654670685,-652202.6730934137,-184645.0941328973,-366770.1882657946,-50863.5860370873,2305.3626252875147
2009-03-17,-736584.4314361783,-1769.1883892812984,-321657.3222804989,-642054.6445609978,-179897.02281342182,-357274.04562684364,-50863.5860370873,2305.3626252875147
2009-03-18,-736941.10739856,-1769.1883892812984,-317724.89839710726,-634189.7967942145,-175653.41643136632,-348786.83286273264,-50863.5860370873,2305.3626252875147
2009-03-19,-750325.5148415735,-1769.1883892812984,-322517.13399246597,-643774.2679849319,-179590.87003508728,-356661.74007017456,-50863.5860370873,2305.3626252875147
2009-03-20,-761639.3282357445,-1769.1883892812984,-326709.9141221679,-652109.8282443358,-184050.56721063465,-365481.1344212693,-50863.5860370873,2305.3626252875147
2009-03-23,-737914.3139233934,-1769.1883892812984,-315688.13323208364,-630066.2664641673,-176983.76356202865,-351347.5271240573,-50863.5860370873,2305.3626252875147
2009-03-24,-752779.3496063725,-1769.1883892812984,-325208.5883645649,-649107.1767291297,-182176.47060335334,-361732.9412067067,-50863.5860370873,2305.3626252875147
2009-03-25,-730638.902636149,-1769.1883892812984,-313537.90604310477,-625765.8120862095,-174883.72872582806,-347147.4574516561,-50863.5860370873,2305.3626252875147
2009-03-26,-711331.794140432,-1769.1883892812984,-301971.18854510697,-602632.3770902139,-168045.0409958859,-333470.0819917718,-50863.5860370873,2305.3626252875147
2009-03-27,-724109.260575212,-1769.1883892812984,-311151.6472851862,-620993.2945703724,-172773.1470114299,-342926.2940228598,-50863.5860370873,2305.3626252875147
2009-03-30,-731129.5576093955,-1769.1883892812984,-318466.92989320727,-635623.8597864145,-175884.35479981286,-349148.7095996257,-50863.5860370873,2305.3626252875147
2009-03-31,-731016.4329245201,-1769.1883892812984,-319184.18512256833,-637058.3702451367,-176019.5774403684,-349419.1548807368,-50863.5860370873,2305.3626252875147
2009-04-01,-726692.9201085776,-1769.1883892812984,-316860.397012543,-632410.794025086,-174256.57463417,-345893.14926834,-50863.5860370873,2305.3626252875147
2009-04-02,-728509.953441669,-1769.1883892812984,-315958.79121265735,-630607.5824253147,-174394.76387294615,-346169.5277458923,-50863.5860370873,2305.3626252875147
2009-04-03,-733372.0538960277,-1769.1883892812984,-319953.18174410117,-638596.3634882023,-176413.58786443394,-350207.1757288679,-50863.5860370873,2305.3626252875147
2009-04-06,-728829.1125768077,-1769.1883892812984,-322186.377664924,-643062.755329848,-175910.7622912102,-349201.5245824204,-50863.5860370873,2305.3626252875147
2009-04-07,-738914.2739616558,-1769.1883892812984,-327923.6114748979,-654537.2229497958,-179921.53952613927,-357223.07905227854,-50863.5860370873,2305.3626252875147
2009-04-08,-731262.8452245924,-1769.1883892812984,-326043.66721550457,-650777.3344310091,-177640.26223839776,-352660.5244767955,-50863.5860370873,2305.3626252875147
2009-04-09,-719987.3419429061,-1769.1883892812984,-318590.2183907427,-635870.4367814854,-172073.80702281193,-341527.61404562386,-50863.5860370873,2305.3626252875147
2009-04-13,-730647.3759037273,-1769.1883892812984,-329963.2889651106,-658616.5779302212,-178621.66042116092,-354623.32084232185,-50863.5860370873,2305.3626252875147
2009-04-14,-732550.4497625004,-1769.1883892812984,-334894.97468249634,-668479.9493649927,-182228.00155454894,-361836.0031090979,-50863.5860370873,2305.3626252875147
2009-04-15,-730606.780446776,-1769.1883892812984,-334246.36313481006,-667182.7262696201,-181671.6938186186,-360723.3876372372,-50863.5860370873,2305.3626252875147
2009-04-16,-725416.7461066933,-1769.1883892812984,-331049.89033564425,-660789.7806712885,-178171.26271727297,-353722.52543454594,-50863.5860370873,2305.3626252875147
2009-04-17,-722206.8966271373,-1769.1883892812984,-328245.1950475519,-655130.3900951038,-178011.3868336148,-353302.7736672296,-50863.5860370873,2305.3626252875147
2009-04-20,-740825.0790766731,-1769.1883892812984,-339447.3413469656,-677534.6826939312,-184401.26408927364,-366082.5281785473,-50863.5860370873,2305.3626252875147
2009-04-21,-737512.1154783253,-1769.1883892812984,-338795.0635978848,-676230.1271957696,-183766.99327228163,-364813.98654456326,-50863.5860370873,2305.3626252875147
2009-04-22,-738838.1601269697,-1769.1883892812984,-339496.3919083914,-677632.7838167828,-184205.93772504485,-365691.8754500897,-50863.5860370873,2305.3626252875147
2009-04-23,-728355.3657246697,-1769.1883892812984,-336381.1687022674,-671402.3374045348,-181697.33047103745,-360674.6609420749,-50863.5860370873,2305.3626252875147
2009-04-24,-725798.137413545,-1769.1883892812984,-334287.299100121,-667214.598200242,-180678.89748924813,-358637.79497849627,-50863.5860370873,2305.3626252875147
2009-04-27,-720510.0732226832,-1769.1883892812984,-334838.7255782571,-668317.4511565142,-180232.89134295768,-357745.78268591536,-50863.5860370873,2305.3626252875147
2009-04-28,-726733.79123079,-1769.1883892812984,-337400.90319809364,-673441.8063961873,-182132.79833468405,-361545.5966693681,-50863.5860370873,2305.3626252875147
2009-04-29,-744744.0381346024,-1769.1883892812984,-343075.9483434928,-684791.8966869856,-186929.39300872208,-371138.78601744416,-50863.5860370873,2305.3626252875147
2009-04-30,-742698.5398673834,-1769.1883892812984,-346747.0585131572,-692134.1170263144,-187964.90657382892,-373209.81314765784,-50863.5860370873,2305.3626252875147
2009-05-01,-757202.5467212189,-1769.1883892812984,-353041.69634860515,-704723.3926972103,-192857.0135748495,-382994.027149699,-50863.5860370873,2305.3626252875147
2009-05-04,-737791.7094663724,-1769.1883892812984,-350990.27974901866,-700620.5594980373,-190281.83534912145,-377843.6706982429,-50863.5860370873,2305.3626252875147
2009-05-05,-740363.859751886,-1769.1883892812984,-353971.7904912291,-706583.5809824582,-192510.81122383042,-382301.62244766083,-50863.5860370873,2305.3626252875147
2009-05-06,-746754.418572642,-1769.1883892812984,-357951.7798947318,-714543.5597894636,-195845.91400162084,-388971.8280032417,-50863.5860370873,2305.3626252875147
2009-05-07,-757323.6588475695,-1769.1883892812984,-362395.59150277404,-723431.1830055481,-199810.85742757597,-396901.71485515195,-50863.5860370873,2305.3626252875147
2009-05-08,-766685.9726096232,-1769.1883892812984,-364363.11801928375,-727366.2360385675,-201650.6818744911,-400581.3637489822,-50863.5860370873,2305.3626252875147
2009-05-11,-758980.3278823354,-1769.1883892812984,-365827.1673309475,-730294.334661895,-202904.23276238155,-403088.4655247631,-50863.5860370873,2305.3626252875147
2009-05-12,-767470.8496696518,-1769.1883892812984,-366146.78830942366,-730933.5766188473,-203184.49213987976,-403648.9842797595,-50863.5860370873,2305.3626252875147
2009-05-13,-785314.1298627576,-1769.1883892812984,-368173.0563624615,-734986.112724923,-205164.4949382675,-407608.989876535,-50863.5860370873,2305.3626252875147
2009-05-14,-774653.6389870985,-1769.1883892812984,-368667.41459899995,-735974.8291979999,-205651.98503625812,-408583.97007251624,-50863.5860370873,2305.3626252875147
2009-05-15,-774839.5995248655,-1769.1883892812984,-370960.1697251437,-740510.3394502874,-208693.44926345564,-414566.8985269113,-50863.5860370873,2305.3626252875147
2009-05-18,-744557.280171316,-1769.1883892812984,-357472.3633685763,-713534.7267371526,-199861.61384695972,-396903.22769391944,-50863.5860370873,2305.3626252875147
2009-05-19,-748937.5270445857,-1769.1883892812984,-360426.769916074,-719443.539832148,-201397.82158017743,-399975.64316035487,-50863.5860370873,2305.3626252875147
2009-05-20,-771208.538182972,-1769.1883892812984,-372434.17727389035,-743458.3545477807,-208668.68059623544,-414517.3611924709,-50863.5860370873,2305.3626252875147
2009-05-21,-782339.546168768,-1769.1883892812984,-379911.0240165397,-758412.0480330794,-212808.23606451202,-422796.47212902404,-50863.5860370873,2305.3626252875147
2009-05-22,-781657.5701098999,-1769.1883892812984,-380678.31189466,-759946.62378932,-213004.14839255903,-423188.29678511806,-50863.5860370873,2305.3626252875147
2009-05-26,-734920.3602513118,-1769.1883892812984,-360220.3807491638,-719030.7614983276,-198322.0020983639,-393824.0041967278,-50863.5860370873,2305.3626252875147
2009-05-27,-759270.5219902307,-1769.1883892812984,-374728.9459496983,-748047.8918993965,-207482.30866798307,-412144.61733596615,-50863.5860370873,2305.3626252875147
2009-05-28,-758436.9702539183,-1769.1883892812984,-374317.68395991996,-747225.3679198399,-207047.1826544177,-411274.3653088354,-50863.5860370873,2305.3626252875147
2009-05-29,-747948.3865179076,-1769.1883892812984,-369759.2737795317,-738108.5475590634,-203614.41783325782,-404408.83566651563,-50863.5860370873,2305.3626252875147
2009-06-01,-718855.4662029659,-1769.1883892812984,-356408.16384617,-711406.32769234,-193348.16752698994,-383876.3350539799,-50863.5860370873,2305.3626252875147
2009-06-02,-717413.0773391447,-1769.1883892812984,-356897.2232257145,-712384.446451429,-192965.2772799008,-383110.5545598016,-50863.5860370873,2305.3626252875147
2009-06-03,-714332.0987676121,-1769.1883892812984,-356104.77022196405,-710799.5404439281,-191971.80716782023,-381123.61433564045,-50863.5860370873,2305.3626252875147
2009-06-04,-714280.6053435797,-1769.1883892812984,-358326.42773351184,-715242.8554670237,-192248.2914061334,-381676.5828122668,-50863.5860370873,2305.3626252875147
2009-06-05,-720948.7079193523,-1769.1883892812984,-364547.26807989285,-727684.5361597857,-195897.19201732142,-388974.38403464283,-50863.5860370873,2305.3626252875147
2009-06-08,-723827.7124294867,-1769.1883892812984,-370158.35428767453,-738906.7085753491,-198476.74113274855,-394133.4822654971,-50863.5860370873,2305.3626252875147
2009-06-09,-715001.127490028,-1769.1883892812984,-366573.8251070757,-731737.6502141514,-194740.22296767734,-386660.4459353547,-50863.5860370873,2305.3626252875147
2009-06-10,-724209.6188429132,-1769.1883892812984,-373273.04386416945,-745136.0877283389,-199688.9145955132,-396557.8291910264,-50863.5860370873,2305.3626252875147
2009-06-11,-742083.744765823,-1769.1883892812984,-383523.1450086334,-765636.2900172668,-208138.9621512493,-413457.9243024986,-50863.5860370873,2305.3626252875147
2009-06-12,-738894.4543183189,-1769.1883892812984,-385298.7440540148,-769187.4881080296,-208964.26658052718,-415108.53316105437,-50863.5860370873,2305.3626252875147
2009-06-15,-751119.474855734,-1769.1883892812984,-400105.10060066,-798800.20120132,-221383.06705259014,-439946.1341051803,-50863.5860370873,2305.3626252875147
2009-06-16,-757943.4068365246,-1769.1883892812984,-401816.980774787,-802223.961549574,-223268.9264515028,-443717.8529030056,-50863.5860370873,2305.3626252875147
2009-06-17,-743249.4083437945,-1769.1883892812984,-396576.76182038034,-791743.5236407607,-219534.19007942278,-436248.38015884557,-50863.5860370873,2305.3626252875147
2009-06-18,-730840.0755457317,-1769.1883892812984,-393400.4627323419,-785390.9254646838,-216195.25209899302,-429570.50419798604,-50863.5860370873,2305.3626252875147
2009-06-19,-722612.6345055426,-2269.1883892812984,-392158.8431621669,-782857.6863243338,-213636.53321793542,-424353.06643587083,-51719.2021547253,861.7529250175073
2009-06-22,-742872.7689593444,-22529.32284308311,-403600.62069448066,-805741.2413889613,-220323.55982112774,-437727.1196422555,-63160.97968703906,-5825.273678174795
2009-06-23,-758353.8273766099,-38010.38126034866,-410243.094411158,-819026.188822316,-224766.71917027366,-446613.4383405473,-69803.45340371644,-10268.433027320729
2009-06-24,-769947.9483648621,-49604.502248600846,-414906.5964312211,-828353.1928624422,-228016.69577705392,-453113.39155410783,-74466.95542377951,-13518.409634100994
2009-06-25,-740400.2254828473,-20056.779366586055,-404601.1996222914,-807742.3992445827,-220508.52955212456,-438097.0591042491,-64161.558614849826,-6010.243409171633
2009-06-26,-739264.1753621211,-18920.729245859795,-404032.0831365631,-806604.1662731261,-220094.47418474263,-437268.94836948527,-63592.44212912151,-5596.1880417897055
2009-06-29,-724780.8832195877,-4437.437103326494,-400304.8069667124,-799149.6139334248,-216784.593061259,-430649.186122518,-59865.16595927082,-2286.306918306057
2009-06-30,-732206.1276385363,-11862.681522275034,-404454.5632392399,-807449.1264784798,-219521.2008527994,-436122.4017055988,-64014.92223179834,-5022.914709846471
2009-07-01,-728225.3953131739,-7881.949196912588,-402426.0991509906,-803392.1983019812,-217995.36274856608,-433070.72549713217,-61986.458143549025,-3497.0766056131533
2009-07-02,-759945.0520921806,-39601.605975919265,-415964.4306697129,-830468.8613394258,-227983.34412566514,-453046.6882513303,-75524.7896622713,-13485.057982712216
2009-07-06,-745431.0061714876,-25087.560055226324,-414760.3402775854,-828060.6805551708,-226355.4265423174,-449790.8530846348,-74320.69927014378,-11857.140399364474
2009-07-07,-760772.2197621264,-40428.773645865214,-419831.86745483155,-838203.7349096631,-230643.3725121044,-458366.7450242088,-79392.22644738996,-16145.086369151471
2009-07-08,-710705.544712858,9637.901403403213,-386208.07446177327,-770956.1489235465,-211209.15576180574,-419498.3115236115,-45768.43345433171,3289.1303811472044
2009-07-09,-716283.8770153739,4059.569100887403,-394258.78187045356,-787057.5637409071,-213905.22254150797,-424890.44508301595,-53819.14086301196,593.0636014449699
2009-07-10,-721259.7995755712,-916.3534593098957,-398557.13162534294,-795654.2632506859,-216426.1467639878,-429932.2935279756,-58117.490617901356,-1927.8606210348698
2009-07-13,-694654.3881458731,25689.05797038818,-392368.2282270657,-783276.4564541314,-209993.860771597,-417067.721543194,-51928.587219624125,4504.425371355916
2009-07-14,-688301.2689107492,32042.17720551201,-388750.1735385374,-776040.3470770748,-206247.5973712024,-409575.1947424048,-48310.53253109586,8250.688771750534
2009-07-15,-676961.4084377895,43382.037678471774,-382997.18102853454,-764534.3620570691,-200268.67919194401,-397617.35838388803,-42557.540021092944,14229.606951008916
2009-07-16,-666943.9191546782,53399.52696158308,-379443.10105323384,-757426.2021064677,-198385.94512050532,-393851.89024101064,-39003.46004579225,16112.341022447627
2009-07-17,-676680.3770361866,43663.069080074645,-382073.1000610097,-762636.2001220194,-201242.18887196734,-399464.3777439347,-41633.459053568135,13256.097270985572
2009-07-20,-662644.5297436013,57698.91637265986,-377285.998682562,-753061.997365124,-197584.20264286388,-392148.40528572776,-36846.35767512044,16914.083500089033
2009-07-21,-676764.3948192132,43579.05129704806,-385019.51472088584,-768529.0294417717,-202185.5138477484,-401351.0276954968,-44579.87371344425,12312.772295204511
2009-07-22,-679930.7936345172,40412.65248174395,-387105.11343803565,-772700.2268760713,-203347.51505731515,-403675.0301146303,-46665.47243059406,11150.771085637774
2009-07-23,-657891.5674329962,62451.878683264935,-376235.6728376925,-750961.345675385,-196462.04508275026,-389904.09016550053,-35796.031830250926,18036.24106020266
2009-07-24,-653966.02625432,66377.41986194122,-374295.04966584605,-747080.0993316921,-195284.481077428,-387548.962154856,-33855.40865840444,19213.805065524928
2009-07-27,-658034.4566853103,62308.989430950845,-379561.88185039704,-757613.7637007941,-197411.46192950942,-391802.92385901883,-39122.24084295547,17086.824213443506
2009-07-28,-656750.1164989446,63593.32961731665,-380003.7007581207,-758497.4015162414,-197262.0908707018,-391504.1817414036,-39564.05975067911,17236.195272251123
2009-07-29,-651218.4525653103,69124.9935509509,-376719.26900319435,-751928.5380063887,-195312.79761488677,-387605.59522977355,-36279.62799575278,19185.488528066162
2009-07-30,-625751.3945268429,94592.05158941839,-362802.4230391131,-724094.8460782262,-186189.09545136508,-369358.19090273016,-22362.782031671533,28309.19069158783
2009-07-31,-635688.3926568099,84655.05345945133,-368763.81190607976,-736017.6238121595,-189902.71202938643,-376785.42405877286,-28324.170898638185,24595.5741135665
2009-08-03,-635145.8530775703,85197.59303869089,-368811.24778558133,-736112.4955711627,-188983.5139042655,-374947.027808531,-28371.606778139758,25514.772238687412
2009-08-04,-659495.177552126,60848.26856413526,-384376.84620367084,-767243.6924073417,-198453.5112676807,-393887.0225353614,-43937.20519622925,16044.774875272207
2009-08-05,-658481.0188683565,61862.42724790478,-382757.31441045617,-764004.6288209123,-196947.36267601384,-390874.7253520277,-42317.673403014574,17550.923466939083
2009-08-06,-664777.5701691373,55565.875947123895,-387814.1023311763,-774118.2046623526,-200202.7099665021,-397385.4199330042,-47374.46132373468,14295.576176450819
2009-08-07,-638239.4308678255,82104.01524843567,-375050.2241772405,-748590.448354481,-190895.36908629068,-378770.73817258136,-34610.58316979891,23602.91705666225
2009-08-10,-657912.3135655227,62431.1325507386,-387915.6905680427,-774321.3811360854,-198680.1200788806,-394340.2401577612,-47476.04956060112,15818.166064072315
2009-08-11,-674794.0601971669,45549.385919094384,-400315.17199093685,-799120.3439818737,-207852.24673582005,-412684.4934716401,-59875.53098349528,6646.03940713287
2009-08-12,-669315.9492940299,51027.49682223138,-396856.2217784509,-792202.4435569018,-204736.61578237,-406453.23156474,-56416.580771009285,9761.670360582928
2009-08-13,-669033.0184641886,51310.4276520727,-395074.4842051479,-788638.9684102958,-203101.62601578736,-403183.2520315747,-54634.84319770631,11396.66012716556
2009-08-14,-686314.9211988639,34028.52491739736,-403688.25740145176,-805866.5148029035,-210157.2380020831,-417294.4760041662,-63248.6163940102,4341.048140869831
2009-08-17,-699760.2901443555,20583.15597190572,-416292.58794199093,-831075.1758839819,-220639.8902225816,-438259.7804451632,-75852.94693454933,-6141.604079628676
2009-08-18,-682566.6286066679,37776.81750959336,-414894.0116148215,-828278.023229643,-219118.64060456582,-435217.28120913164,-74454.37060737991,-4620.354461612897
2009-08-19,-675210.1597405716,45133.28637568956,-414022.0734510417,-826534.1469020834,-218152.74791993643,-433285.49583987286,-73582.4324436001,-3654.4617769834986
2009-08-20,-657552.4462489751,62790.99986728607,-405517.5535117302,-809525.1070234604,-209618.252735861,-416216.505471722,-65077.912504288615,4880.033407091942
2009-08-21,-648469.6737706185,71873.7723456427,-399950.3039341561,-798340.6078683122,-204847.76654189767,-406575.53308379534,-59510.662926714474,9650.519601055237
2009-08-24,-673415.1520585768,46928.29405768436,-414370.314673947,-827180.629347894,-213194.07780581695,-423268.1556116339,-73930.67366650538,1304.2083371359695
2009-08-25,-643317.3447276129,77026.10138864825,-401421.67676908424,-801283.3535381685,-204509.80358909492,-405899.60717818985,-60982.03576164265,9988.482553858
2009-08-26,-640659.394752429,79684.05136383224,-401079.8532844732,-800599.7065689464,-203983.3569460012,-404846.7138920024,-60640.21227703156,10514.92919695171
2009-08-27,-639951.8168003401,80391.6293159211,-402048.01333306415,-802536.0266661283,-204188.10725768076,-405256.2145153615,-61608.37232562254,10310.178885272155
2009-08-28,-631067.3554013456,89276.09071491557,-398089.3012570221,-794618.6025140441,-201407.47318057006,-399694.9463611401,-57649.6602495805,13090.81296238285
2009-08-31,-650123.5672752513,70219.87884100997,-412052.01787200227,-822544.0357440045,-209536.8955871192,-415953.7911742384,-71612.37686456066,4961.390555833714
2009-09-01,-694535.5899331109,25807.85618315037,-431050.97001305677,-860541.9400261135,-223644.6891177764,-444169.3782355528,-90611.3290056152,-9146.402974823506
2009-09-02,-707314.2392844945,13029.206831766634,-435365.2914077968,-869170.5828155936,-227081.80954009757,-451043.61908019515,-94925.6504003552,-12583.52339714467
2009-09-03,-682957.2155166563,37386.23059960496,-429055.910348878,-856551.820697756,-221716.4886329713,-440312.9772659426,-88616.26934143642,-7218.202490018406
2009-09-04,-681422.708743074,38920.73737318721,-428600.6474499472,-855641.2948998944,-221348.67072733745,-439577.3414546749,-88161.0064425056,-6850.384584384539
2009-09-08,-659065.119290663,61278.32682559816,-422934.41447244596,-844308.8289448919,-216339.28520522197,-429558.57041044394,-82494.77346500434,-1840.9990622690566
2009-09-09,-650819.3713497883,69524.0747664729,-421701.10206808615,-841842.2041361723,-214909.8574306703,-426699.7148613406,-81261.46106064455,-411.5712877173737
2009-09-10,-644629.1431389871,75714.30297727407,-416862.79733939806,-832165.5946787961,-212165.38173380418,-421210.76346760837,-76423.15633195644,2332.904409148725
2009-09-11,-664905.1550841205,55438.29103214078,-427380.84810572513,-853201.6962114503,-219683.9024769093,-436247.8049538186,-86941.20709828351,-5185.616333956385
2009-09-14,-662111.246399998,58232.19971626322,-430366.6645757779,-859173.3291515558,-221418.58529130477,-439717.17058260954,-89927.0235683363,-6920.299148351851
2009-09-15,-643884.6346990638,76458.81141719743,-422012.41864089447,-842464.8372817889,-214075.0233316705,-425030.046663341,-81572.77763345288,423.26281128241317
2009-09-16,-616267.744048015,104075.7020682462,-401818.12543696136,-802076.2508739227,-197568.73003947336,-392017.4600789467,-61378.484429519754,16929.556103479565
2009-09-17,-648435.7863172167,71907.65979904453,-419512.4253878183,-837464.8507756366,-210229.9268044204,-417339.8536088408,-79072.78438037673,4268.359338532522
2009-09-18,-649214.3638595914,71129.0822566698,-425518.7286557787,-849427.4573115574,-215587.02989534225,-427954.0597906845,-85079.08764833711,-1088.7437523893398
2009-09-21,-648353.7848411113,71989.66127514993,-427656.2342980729,-853702.4685961457,-216123.93675530044,-429027.8735106009,-87216.59329063127,-1625.6506123475342
2009-09-22,-626939.7876042918,93403.6585119694,-417119.99131173105,-832629.9826234621,-209411.98412029428,-415603.96824058855,-76680.35030428946,5086.302022658652
2009-09-23,-629217.9265704026,91125.51954585857,-418711.9275058323,-835813.8550116646,-210256.84295192824,-417293.6859038565,-78272.28649839072,4241.443191024686
2009-09-24,-647727.4056718023,72616.04044445879,-429109.8613759582,-856609.7227519164,-216583.46492757113,-429946.92985514225,-88670.22036851659,-2085.1787846181937
2009-09-25,-652020.0020765828,68323.44403967849,-432274.1007492949,-862938.2014985898,-218348.85418041263,-433477.70836082526,-91834.4597418533,-3850.5680374597023
2009-09-28,-628649.3238095324,91694.1223067288,-422956.28431187733,-844302.5686237547,-211326.81242567828,-419433.62485135655,-82516.64330443575,3171.473717274646
2009-09-29,-626862.1159848758,93481.33013138537,-423521.6928392928,-845433.3856785856,-211104.4977058523,-418988.9954117046,-83082.05183185122,3393.7884371006135
2009-09-30,-637486.9987943129,82856.4473219483,-431311.5938462089,-861013.1876924178,-215746.69335127188,-428273.38670254376,-90871.95283876729,-1248.4072083189533
2009-10-01,-681948.5332860835,38394.91283017771,-451205.11885987746,-900800.2377197549,-230766.6527066492,-458313.3054132984,-110765.47785243586,-16268.366563696278
2009-10-02,-686508.7860895727,33834.66002668844,-454105.3768215394,-906600.7536430788,-232936.26150157306,-462652.5230031461,-113665.7358140978,-18437.97535862014
2009-10-05,-648883.6232572979,71459.82285896323,-443117.49365458253,-884624.9873091651,-223169.59815711548,-443119.19631423097,-102677.85264714094,-8671.31201416257
2009-10-06,-643877.8509136272,76465.59520263397,-441504.55235728825,-881399.1047145765,-221613.74612099852,-440007.49224199704,-101064.91134984666,-7115.459978045587
2009-10-07,-628121.7663079246,92221.67980833651,-434862.42484812613,-868114.8496962523,-215782.53161978716,-428345.0632395743,-94422.78384068455,-1284.245476834249
2009-10-08,-631814.4061634404,88529.0399528208,-439059.1807896203,-876508.3615792406,-218684.44720667967,-434148.89441335935,-98619.53978217875,-4186.161063726751
2009-10-09,-621118.5802906812,99224.86582558,-434041.5045073213,-866473.0090146426,-214045.4765611324,-424870.9531222648,-93601.8634998797,452.8095818205183
2009-10-12,-597738.4078492895,122605.03826697177,-421807.4531617319,-842004.9063234638,-201971.3365060859,-400722.6730121718,-81367.8121542903,12526.949636867026
2009-10-13,-604598.7739366041,115744.672179657,-429131.5294133871,-856653.0588267742,-207858.60997642105,-412497.2199528421,-88691.88840594554,6639.676166531861
2009-10-14,-577112.0721613681,143231.37395489303,-406694.04469374235,-811778.0893874847,-186326.81891393143,-369433.63782786287,-66254.40368630078,28171.467229021502
2009-10-15,-581931.1297349755,138412.31638128572,-411745.2099374313,-821880.4198748627,-190593.74431359651,-377967.48862719303,-71305.56892998973,23904.5418293564
2009-10-16,-616296.7918908233,103789.70749528862,-437866.96566910204,-874073.9313382041,-215574.268185641,-427828.536371282,-97427.32466166049,-1075.982042688067
2009-10-19,-593285.5431869825,126800.95619912937,-427859.1568831127,-854058.3137662254,-208976.77536024567,-414633.55072049133,-87419.51587567109,5521.510782707273
2009-10-20,-599732.2614296143,120354.2379564976,-431936.08627957123,-862212.1725591425,-211157.44537503307,-418994.89075006614,-91496.44527212965,3340.8407679198613
2009-10-21,-608574.0059078682,111512.49347824379,-437028.06904143264,-872396.1380828653,-214125.3696740404,-424930.7393480808,-96588.42803399105,372.91646891251855
2009-10-22,-596030.6746146551,124055.82477145686,-430081.7526850026,-858503.5053700052,-210023.52043490196,-416727.0408698039,-89642.11167756103,4474.765708050951
2009-10-23,-637758.0147826752,82328.4846034367,-450463.71432288113,-899267.4286457623,-222723.79387888717,-442127.58775777434,-110024.07331543957,-8225.507735934234
2009-10-26,-666003.6529824187,54082.846403693235,-463058.52610510634,-924457.0522102127,-230929.08176440993,-458538.16352881986,-122618.88509766477,-16430.795621457004
2009-10-27,-698260.0485550347,21826.45083107728,-474598.0180775395,-947536.036155079,-239304.890906517,-475289.781813034,-134158.37707009792,-24806.604763564057
2009-10-28,-734727.428282208,-1996.226009392616,-483797.388469563,-965934.776939126,-246594.81269584142,-489869.62539168284,-143357.74746212136,-32096.52655288851
2009-10-29,-684044.2329695437,15145.890782956718,-473922.98403584707,-946185.9680716941,-238375.78838749262,-473431.57677498524,-133483.3430284055,-23877.502244539697
2009-10-30,-707781.8863737942,-8994.020619158866,-479434.8753912639,-957209.7507825278,-242804.61399512523,-482289.22799025045,-138995.23438382236,-28306.327852172286
2009-11-02,-696459.0900082163,12344.441127191152,-476607.6642426553,-951555.3284853105,-240513.56705588594,-477707.1341117719,-136168.0232352137,-26015.280912933016
2009-11-03,-674966.6014062134,9798.250445545738,-474250.73288660846,-946841.4657732169,-238095.88654886157,-472871.77309772314,-133811.09187916684,-23597.60040590863
2009-11-04,-693281.9484196085,8228.48765266806,-480398.69553643477,-959137.3910728695,-243184.3047803365,-483048.609560673,-139959.0545289932,-28686.018637383564
2009-11-05,-666396.5491788542,21002.217202237298,-472913.6786779662,-944167.3573559324,-236768.83115244028,-470217.66230488056,-132474.0376705246,-22270.54500948737
2009-11-06,-651505.1023010298,29869.5338680204,-468268.7440597123,-934877.4881194246,-232894.79473949055,-462469.5894789811,-127829.1030522707,-18396.50859653761
2009-11-09,-618790.8839170203,46871.21753511139,-455659.124844576,-909658.249689152,-222461.6919048703,-441603.3838097406,-115219.4838371344,-7963.405761917376
2009-11-10,-619188.7551661781,49827.33367131667,-453972.8087035008,-906285.6174070016,-220972.4365827325,-438624.873165465,-113533.1676960592,-6474.150439779583
2009-11-11,-601648.6252303894,57162.588681787616,-445484.7391117172,-889309.4782234344,-214129.64889931853,-424939.29779863707,-105045.09810427565,368.6372436343951
2009-11-12,-619903.2202813823,53100.724592708124,-454536.6768573117,-907413.3537146234,-220929.83868076207,-438539.67736152414,-114097.03584987011,-6431.552537809141
2009-11-13,-611597.3509621135,59151.60206242157,-449416.51646369067,-897173.0329273813,-216907.05513458638,-430494.11026917276,-108976.87545624906,-2408.7689916334625
2009-11-16,-580900.2848272779,70919.90319260536,-438250.516761302,-874841.033522604,-207676.457316693,-412032.914633386,-97810.87575386044,6821.828826259914
2009-11-17,-560505.8615784892,77806.98927013077,-429308.87110085296,-856957.7422017059,-202117.84054015105,-400915.6810803021,-88869.23009341139,12380.445602801874
2009-11-18,-569528.1788239739,73158.35568260067,-435424.8659442475,-869189.731888495,-205485.38120525522,-407650.76241051045,-94985.22493680593,9012.904937697702
2009-11-19,-599141.0513869666,60915.06538830252,-454227.837851477,-906795.675702954,-219066.41719010627,-434812.83438021253,-113788.19684403541,-4568.131047153347
2009-11-20,-612364.3821991935,56637.38752676623,-459787.37840422994,-917864.7568084599,-222055.824247078,-440691.648494156,-119347.73739678835,-7557.538104125073
2009-11-23,-604685.6320853562,64316.13764060357,-458973.8842134843,-916237.7684269686,-220606.3732232298,-437792.7464464596,-118534.2432060427,-6108.087080276887
2009-11-24,-609884.3403057166,59117.42942024318,-462576.79379069764,-923443.5875813953,-222546.71569677262,-441673.43139354524,-122137.15278325605,-8048.429553819686
2009-11-25,-610542.319431016,58459.45029494376,-464071.9030273612,-926433.8060547224,-223148.24888412826,-442876.4977682565,-123632.26201991964,-8649.962741175324
2009-11-27,-644400.9915499015,24600.77817605816,-481300.4498450191,-960890.8996900382,-234372.96170643877,-465325.92341287754,-140860.80883757747,-19874.675563485835
2009-11-30,-647460.9474130592,21540.822312900505,-482822.76790974813,-963935.5358194963,-235164.8006192483,-466909.6012384966,-142383.12690230657,-20666.514476295364
2009-12-01,-632391.7306605768,36610.03906538291,-479350.86362286867,-956991.7272457373,-232193.97097092975,-460967.9419418595,-138911.22261542705,-17695.68482797681
2009-12-02,-614236.4730657608,54765.296660198976,-470781.2378380432,-939852.4756760864,-225853.67796417774,-448287.3559283555,-130341.59683060161,-11355.391821224803
2009-12-03,-630880.1889024513,38121.58082350842,-481200.0359550609,-960690.0719101218,-233109.1971271561,-462798.3942543122,-140760.39494761935,-18610.910984203176
2009-12-04,-620689.5720369358,48312.197689023895,-476828.3758479111,-951946.7516958222,-229564.35407934405,-455708.7081586881,-136388.73484046952,-15066.067936391108
2009-12-07,-630842.8406203797,38158.92910558011,-487395.7482579804,-973081.4965159608,-236815.42034184028,-470210.84068368055,-146956.1072505388,-22317.134198887336
2009-12-08,-644462.269756523,24539.499969436773,-494009.9205363178,-986309.8410726356,-242179.8252690395,-480939.650538079,-153570.27952887618,-27681.539126086554
2009-12-09,-646638.484086578,22363.285639381786,-496133.4790648817,-990556.9581297634,-243893.91785965388,-484367.83571930777,-155693.8380574401,-29395.631716700947
2009-12-10,-637804.211702131,31197.558023828788,-494317.0112214033,-986924.0224428066,-242303.76698351337,-481187.53396702674,-153877.3702139617,-27805.480840560424
2009-12-11,-641586.0556321989,27415.714093760813,-497071.3975101467,-992432.7950202934,-244547.6376746338,-485675.2753492676,-156631.75650270516,-30049.351531680863
2009-12-14,-618871.9612000333,50129.80852592647,-493237.8350590337,-984765.6701180674,-240316.9229325868,-477213.8458651736,-152798.19405159212,-25818.63678963387
2009-12-15,-621810.1394581228,47191.63026783696,-493474.3679558229,-985238.7359116458,-241055.59152905838,-478691.18305811676,-153034.7269483813,-26557.305386105436
2009-12-16,-597933.0432029981,71068.72652296165,-488291.8008469054,-974873.6016938108,-235889.11335582784,-468358.2267116557,-147852.15983946377,-21390.8272128749
2009-12-17,-613111.7819469603,55889.98777899951,-495889.32991099684,-990068.6598219937,-242538.12055398323,-481656.24110796646,-155449.68890355522,-28039.834411030293
2009-12-18,-611770.0617874339,57231.70793852585,-492108.51394160587,-982457.0278832117,-239138.37352390462,-474756.74704780924,-151668.8729341643,-24640.0873809517
2009-12-21,-582530.3942276611,86471.37549829866,-479244.69334787066,-956729.3866957413,-230585.10618206643,-457650.21236413287,-138805.05234042913,-16086.820039113498
2009-12-22,-565713.9023857096,103287.8673402502,-469967.7203257693,-938175.4406515385,-224988.31366587683,-446456.62733175367,-129528.07931832773,-10490.0275229239
2009-12-23,-546484.3594839971,122517.41024196261,-458145.6278819602,-914531.2557639204,-218283.4186340587,-433046.8372681174,-117705.98687451865,-3785.132491105782
2009-12-24,-530058.8463855623,138942.9233403974,-447525.7371212846,-893291.4742425692,-212342.2032963143,-421164.4065926286,-107086.09611384303,2156.0828466385974
2009-12-28,-539694.9013840766,129306.86834188322,-458853.0428980501,-915946.0857961002,-215513.3454273427,-427506.6908546854,-118413.40189060857,-1015.0592843897648
2009-12-29,-549616.4176501877,119385.35207577195,-467348.23163211835,-932936.4632642367,-219489.9909925028,-435459.9819850056,-126908.59062467676,-4991.704849549882
2009-12-30,-558666.378738233,110335.39098772673,-474410.7167291329,-947061.4334582658,-223278.49935783155,-443036.9987156631,-133971.07572169136,-8780.213214878639
2009-12-31,-560541.4798167284,108460.2899092313,-476428.67627356347,-951097.3525471269,-224077.21353026296,-444634.4270605259,-135989.03526612188,-9578.927387310041
2010-01-04,-531750.8088874023,137250.9608385575,-461093.69149468816,-920427.3829893763,-211167.0116192252,-418814.0232384504,-120654.05048724658,3331.274523727716
2010-01-05,-490133.1436234918,178868.62610246794,-426068.71511795075,-850377.4302359015,-191703.59189645742,-379887.18379291485,-85629.07411050919,22794.694246495492
2010-01-06,-483208.78156770184,185792.98815825785,-419722.06556087534,-837684.1311217507,-188478.86487728008,-373437.72975456016,-79282.42455343378,26019.42126567285
2010-01-07,-482805.4909989593,186196.2787270004,-419355.81640808284,-836951.6328161657,-187825.0345834535,-372130.069166907,-78916.17540064127,26673.251559499426
2010-01-08,-471739.1574809066,197262.61224505317,-408903.06873426517,-816046.1374685303,-184104.12245377383,-364688.24490754766,-68463.42772682362,30394.163689179084
2010-01-11,-481355.38878435304,187646.3809416067,-417939.151034908,-834118.302069816,-184526.43587356407,-365532.87174712814,-77499.51002746646,29971.850269388844
2010-01-12,-518940.4069129663,150061.36281299347,-448390.4207543789,-895020.8415087578,-196823.25016949544,-390126.5003389909,-107950.77974693736,17675.03597345748
2010-01-13,-482352.12031268096,186649.6494132788,-420570.028626162,-839380.057252324,-182829.0842980259,-362138.1685960518,-80130.38761872044,31669.20184492701
2010-01-14,-478284.78228826204,190716.9874376977,-415461.9010375937,-829163.8020751874,-181166.31102350174,-358812.6220470035,-75022.26003015215,33331.97511945118
2010-01-15,-505322.0848911084,163426.06296588678,-440776.9067035806,-879743.8134071612,-190718.34182942376,-377816.6836588475,-100337.26569613906,23779.944313529173
2010-01-19,-503304.92539549107,165443.22246150408,-442992.3764425927,-884174.7528851854,-191087.27304651786,-378554.5460930357,-102552.73543515117,23411.013096435086
2010-01-20,-522630.892628825,146117.2552281702,-452688.55037655664,-903567.1007531133,-197140.71292118303,-390661.42584236606,-112248.90936911506,17357.573221769908
2010-01-21,-555944.1950086136,112803.95284838148,-464698.1884252557,-927586.3768505114,-205580.17199958191,-407540.34399916383,-124258.54741781414,8918.11414337101
2010-01-22,-613185.8447873353,55562.3030696599,-483229.3395311907,-964648.6790623814,-219043.50340452458,-434467.00680904917,-142789.69852374913,-4545.217261571652
2010-01-25,-588901.247159959,79846.90069703612,-478806.36899097136,-955802.7379819427,-215356.55762243984,-427093.1152448797,-138366.72798352982,-858.2714794869025
2010-01-26,-581435.352611765,87312.79524523014,-476400.42541966075,-950990.8508393215,-213391.34027871024,-423162.6805574205,-135960.7844122192,1106.9458642427016
2010-01-27,-574554.8458084225,94193.30204857264,-472874.2944550313,-943938.5889100626,-210782.08420742594,-417944.1684148519,-132434.65344758972,3716.201935526995
2010-01-28,-593442.0825985232,75306.06525847192,-475590.93536560383,-949371.8707312077,-213069.6322726601,-422519.2645453202,-135151.29435816227,1428.653870292841
2010-01-29,-602168.0044169989,71633.5127968993,-477327.9835927316,-952845.9671854632,-214450.0288191247,-425280.0576382494,-136888.34258529003,48.25732382822389
2010-02-01,-568129.7362501343,94046.58006499286,-472073.6716667118,-942337.3433334236,-210178.8896355767,-416737.7792711534,-131634.03065927024,4319.396507376245
2010-02-02,-549722.5963924353,111854.74603976129,-463412.97239005734,-925015.9447801147,-204396.23752597923,-405172.47505195846,-122973.3313826158,10102.048616973707
2010-02-03,-559325.814978973,109377.6441790841,-466689.1689821453,-931568.3379642906,-206075.358023843,-408530.716047686,-126249.52797470379,8422.92811910994
2010-02-04,-619301.5942064337,72254.56667015614,-484301.8494027996,-966793.6988055992,-219410.19588803413,-435200.39177606825,-143862.2083953581,-4911.909745081179
2010-02-05,-609399.4219173973,70256.8706826033,-483507.7602736885,-965205.520547377,-218806.0768875546,-433992.1537751092,-143068.1192662469,-4307.790744601658
2010-02-08,-618916.2195009238,61600.042161702644,-488006.0628550456,-974202.1257100912,-222298.5439988228,-440977.0879976456,-147566.42184760404,-7800.257855869873
2010-02-09,-593872.1943355958,72022.40636466815,-483605.3119941722,-965400.6239883445,-218388.1097915197,-433156.2195830394,-143165.67098673066,-3889.823648566751
2010-02-10,-596153.1889400996,71090.32642627419,-483331.3276650154,-964852.6553300308,-218170.09609935884,-432720.1921987177,-142891.68665757388,-3671.8099564058903
2010-02-11,-572080.1791528647,77916.89848449742,-480887.6083605889,-959965.2167211778,-215855.95126278535,-428091.9025255707,-140447.96735314734,-1357.6651198324143
2010-02-12,-571300.9293732692,80168.41814166862,-479324.3300655902,-956838.6601311804,-214487.4766554146,-425354.9533108292,-138884.68905814865,10.809487538357644
2010-02-16,-550684.3575210447,87500.11348398143,-477840.02256407135,-953870.0451281427,-212176.39290491297,-420732.78580982593,-137400.38155662979,2321.8932380399638
2010-02-17,-542500.4525031435,90729.94769386109,-477513.48693708866,-953216.9738741773,-211515.5467887438,-419411.0935774876,-137073.8459296471,2982.7393542091195
2010-02-18,-533606.337181775,94957.35652697165,-472426.1080455085,-943042.216091017,-206538.2117488392,-409456.4234976784,-131986.46703806697,7960.07439411373
2010-02-19,-535144.6844840471,94176.09596538001,-472374.4099007619,-942888.8198015238,-206636.57029994208,-409553.14059988415,-131934.7688933204,7861.715843010835
2010-02-22,-523751.3927387219,105569.38771070522,-468820.0508036003,-935780.1016072006,-203758.16664102327,-403796.33328204654,-128380.40979615877,10740.119501929667
2010-02-23,-553871.9206756052,75448.85977382198,-482438.9819975656,-963017.9639951312,-212519.14222035505,-421318.2844407101,-141999.34099012407,1979.143922597891
2010-02-24,-533753.9946413526,95566.78580807454,-472642.0325985641,-943424.0651971282,-206287.3556826604,-408854.7113653208,-132202.39159112258,8210.930460292544
2010-02-25,-541526.5459001127,87794.23454931445,-477109.2420972874,-952358.4841945748,-208944.2395340508,-414168.4790681016,-136669.60108984588,5554.0466089021065
2010-02-26,-531473.6495304176,97847.13091900953,-474977.0009118996,-948094.0018237992,-206880.16601431,-410040.33202862,-134537.3599044581,7618.120128642914
2010-03-01,-521593.40633284696,107727.37411658018,-469623.96727970574,-937387.9345594115,-204125.48282293437,-404530.96564586874,-129184.32627226421,10372.803320018545
2010-03-02,-508243.71466645406,121077.06578297305,-464899.10016974976,-927938.2003394995,-199688.76364061836,-395657.5272812367,-124459.4591623082,14809.52250233457
2010-03-03,-507474.5759979052,121846.20445152193,-463170.3968813034,-924480.7937626068,-200207.55489587426,-396695.1097917485,-122730.75587386187,14290.73124707866
2010-03-04,-508244.4483939069,121076.33205552025,-463440.6246112097,-925021.2492224195,-200852.18150380923,-397984.36300761846,-123000.9836037682,13646.104639143683
2010-03-05,-485193.90968019277,144126.87076923435,-450048.6066885591,-898237.2133771182,-192697.52295795068,-381675.04591590137,-109608.9656811176,21800.763185002237
2010-03-08,-490793.7907399745,138526.98970945264,-457328.1426164061,-912796.2852328122,-195612.23339305873,-387504.46678611747,-116888.50160896455,18886.052749894185
2010-03-09,-491636.8486393866,137683.93181004055,-458773.20191713085,-915686.4038342617,-195156.4475646635,-386592.895129327,-118333.5609096893,19341.838578289415
2010-03-10,-482110.6176110884,147210.16283833876,-452682.03182870615,-903504.0636574123,-190384.08242327994,-377048.16484655987,-112242.39082126459,24114.20371967298
2010-03-11,-470430.3639822836,158890.4164671435,-443879.1658357135,-885898.331671427,-184539.14120546123,-365358.28241092246,-103439.52482827198,29959.144937491692
2010-03-12,-466666.4730786581,162654.30737076903,-441048.66615018115,-880237.3323003623,-185903.82535552574,-368087.6507110515,-100609.02514273961,28594.460787427175
2010-03-15,-454413.26541888824,174907.5150305389,-438661.82031051733,-875463.6406210347,-182376.9047880768,-361033.8095761536,-98222.1793030758,32121.38135487614
2010-03-16,-442044.46999367216,187276.31045575498,-428356.3695282995,-854852.739056599,-174424.39045011156,-345128.7809002231,-87916.72852085797,40073.89569284137
2010-03-17,-432122.4051532751,197198.37529615202,-418405.52585017437,-834951.0517003487,-175641.76887852405,-347563.5377570481,-77965.88484273285,38856.51726442888
2010-03-18,-439806.2056937003,189514.57475572685,-427331.1088213999,-852802.2176427998,-174859.6393448416,-345999.2786896832,-86891.4678139584,39638.646798111324
2010-03-19,-460628.6334830038,168692.1469664233,-451786.5766009773,-901673.1532019546,-190221.56462844356,-376643.1292568871,-111346.93559353576,24276.721514509354
2010-03-22,-427209.4007707607,202111.37967866642,-432807.36612005625,-863714.7322401125,-178841.63519223963,-353883.27038447926,-92367.72511261472,35656.65095071329
2010-03-23,-423402.7327318177,205918.04771760944,-431052.69995461893,-860205.3999092379,-177534.1187112662,-351268.2374225324,-90613.05894717741,36964.16743168672
2010-03-24,-428549.3736449266,200771.40680450053,-431764.09172370145,-861628.1834474029,-177922.32144358582,-352044.64288717165,-91324.45071625993,36575.96469936708
2010-03-25,-438597.98887046584,190722.7915789613,-441272.6742395327,-880645.3484790653,-182768.31607063086,-361736.6321412617,-100833.03323209114,31729.970072322074
2010-03-26,-426300.34735806973,203020.4330913574,-436738.9994563461,-871577.9989126922,-180927.72322336657,-358055.44644673314,-96299.35844890456,33570.562919586344
2010-03-29,-411551.5849285871,217769.19552084003,-438869.1341446365,-875838.268289273,-181181.43598165532,-358562.87196331064,-98429.49313719498,33316.85016129761
2010-03-30,-427302.2731031954,202018.5073462317,-446638.72942425765,-891377.4588485153,-185725.3321041093,-367650.6642082186,-106199.0884168161,28772.954038843618
2010-03-31,-420789.71702052455,208531.06342890256,-438941.4770029252,-875982.9540058504,-184213.00567765936,-364626.0113553187,-98501.83599548365,30285.280465293552
2010-04-01,-399781.5222258614,229539.25822356576,-433444.8795912756,-864989.7591825512,-180497.97109634161,-357195.94219268323,-93005.23858383404,34000.315046611315
2010-04-05,-391489.6770938849,237831.10335554223,-429905.64899434336,-857911.2979886867,-178052.35083086923,-352304.70166173845,-89466.0079869018,36445.93531208369
2010-04-06,-391984.4283372109,237336.35211221623,-430576.20270283957,-859252.4054056791,-177519.80792411856,-351239.6158482371,-90136.56169539806,36978.47821883435
2010-04-07,-398465.5309941147,230855.2494553124,-433964.27024385554,-866028.5404877111,-177381.59521318134,-350963.1904263627,-93524.62923641404,37116.69092977158
2010-04-08,-390855.810209566,238464.9702398611,-433457.0691684497,-865014.1383368995,-177053.7187149805,-350307.437429961,-93017.42816100821,37444.567427972426
2010-04-09,-386323.5703959098,242997.21005351737,-435436.9217112351,-868973.8434224701,-177597.8764631054,-351395.7529262108,-94997.28070379354,36900.40967984752
2010-04-12,-381785.2759707325,247535.50447869464,-433062.2224506076,-864224.4449012151,-174026.01207903714,-344252.0241580743,-92622.58144316603,40472.27406391576
2010-04-13,-384534.96933251974,244785.8111169074,-436944.14414974547,-871988.2882994909,-175739.61020716993,-347679.22041433986,-96504.50314230395,38758.67593578298
2010-04-14,-353992.7552829445,275328.02516648266,-420462.4729057816,-839024.9458115632,-170869.23161527928,-337938.46323055855,-80022.83189834007,43629.05452767362
2010-04-15,-352801.8521324745,276518.92831695266,-420335.91642035346,-838771.8328407069,-169538.4767541377,-335276.9535082754,-79896.27541291194,44959.80938881521
2010-04-16,-390159.58379087894,238722.24380775233,-449532.5469377922,-897115.0938755844,-185558.71894124208,-367217.43788248417,-109092.90593035071,28939.56720171081
2010-04-19,-385514.6614746579,243367.16612397335,-449349.77124098584,-896749.5424819717,-184780.03431775974,-365660.0686355195,-108910.13023354435,29718.251825193154
2010-04-20,-353833.35969717527,275048.467901456,-432095.2291588242,-862240.4583176484,-174547.8587328617,-345195.7174657234,-91655.58815138268,39950.42741009119
2010-04-21,-350988.77645238716,277893.0511462441,-430457.211654293,-858964.423308586,-173529.67978369465,-343159.3595673893,-90017.5706468515,40968.60635925825
2010-04-22,-342871.01387284,286010.8137257913,-426351.6504194839,-850753.3008389678,-170872.59988839008,-337845.19977678015,-85912.00941204235,43625.68625456284
2010-04-23,-329873.2962094562,299008.53138917504,-419850.9509349888,-837751.9018699776,-166478.09080866867,-329056.18161733734,-79411.30992754726,48020.19533428424
2010-04-26,-342159.30382899946,286722.5237696318,-430208.57519065135,-858467.1503813027,-171183.98809752156,-338467.9761950431,-89768.93418320983,43314.29804543135
2010-04-27,-392793.0097231313,236088.81787549995,-458571.3220585511,-915192.6441171021,-189078.45647128086,-374256.9129425617,-118131.68105110955,25419.829671672043
2010-04-28,-383340.0506089733,245541.77698965796,-454811.0972255664,-907672.1944511328,-186253.0050201744,-368606.0100403488,-114371.4562181249,28245.281122778495
2010-04-29,-375277.05328754295,253604.77431108832,-448082.5571305664,-894215.1142611328,-182185.51124513883,-360471.02249027765,-107642.91612312487,32312.774897814077
2010-04-30,-409874.6473534069,219007.1802452244,-461566.3610412889,-921182.7220825778,-191776.0627806812,-379652.1255613624,-121126.72003384735,22722.223362271685
2010-05-03,-402837.7757766522,226044.05182197908,-455860.14822340594,-909770.2964468119,-187496.92746286094,-371093.8549257219,-115420.50721596442,27001.35868009198
2010-05-04,-459160.4249626255,169721.40263600578,-478250.6573765692,-954551.3147531383,-202937.08202006394,-401974.1640401279,-137811.01636912764,11561.204122888972
2010-05-05,-464125.9001998166,152853.8878057546,-482591.78587930516,-963233.5717586103,-206406.92238708833,-408913.84477417666,-142152.14487186365,8091.363755864586
2010-05-06,-507618.09592263267,125532.82113253219,-492297.7243375972,-982645.4486751944,-214381.90460723598,-424863.80921447196,-151858.0833301557,116.38153571692601
2010-05-07,-527364.0741593716,108318.10740893745,-496387.98979281227,-990825.9795856245,-218028.9365784304,-432157.8731568608,-155948.34878537073,-3530.650435477517
2010-05-10,-458016.3628085592,133388.5658275981,-489264.5582042342,-976579.1164084685,-211429.6579837577,-418959.3159675154,-148824.91719679273,3068.6281591951956
2010-05-11,-461594.6056559072,136627.99189215916,-487296.81824501196,-972643.6364900239,-209640.70208031178,-415381.40416062356,-146857.17723757043,4857.584062641145
2010-05-12,-443525.68212750205,142120.9355910803,-482383.56302214164,-962817.1260442833,-205327.18159354982,-406754.36318709963,-141943.92201470013,9171.10454940308
2010-05-13,-459356.5842709309,139304.0606874556,-486833.4338615602,-971716.8677231204,-209074.27888347575,-414248.5577669515,-146393.79285411868,5424.0072594771445
2010-05-14,-491922.6411469575,129163.27561148613,-494651.32609818253,-987352.6521963651,-216192.8626919458,-428485.7253838916,-154211.68509074103,-1694.5765489928963
2010-05-17,-500690.30713884614,127754.74960237289,-497291.7035380171,-992633.4070760342,-218738.10954920793,-433576.21909841587,-156852.0625305756,-4239.823406255018
2010-05-18,-527866.7267004797,120008.3104084171,-499866.26468692394,-997782.5293738479,-221307.3735651491,-438714.7471302982,-159426.62367948244,-6809.087422196193
2010-05-19,-535351.7482888533,118177.32179566832,-500508.36937287304,-999066.7387457461,-221949.423101042,-439998.846202084,-160068.72836543154,-7451.136958089097
2010-05-20,-586413.4809299624,107050.58401084723,-500579.5830972895,-999209.166194579,-222020.6368109305,-440141.273621861,-160139.94208984796,-7522.350667977589
2010-05-21,-547449.3214990248,116627.94539957623,-501423.5677461863,-1000857.1354923726,-223404.01061141508,-442828.02122283017,-160139.9608676284,-7522.369445758042
2010-05-24,-558671.9337032274,116627.94539957623,-509140.98795426695,-1016291.9759085339,-227409.1147544917,-450838.2295089834,-160139.9608676284,-7522.369445758042
2010-05-25,-546937.0757831531,116627.94539957623,-503996.0294088167,-1006002.0588176334,-223891.30651422992,-443802.61302845983,-160139.9608676284,-7522.369445758042
2010-05-26,-535395.981565454,116627.94539957623,-498104.7186529244,-994219.4373058488,-219928.04797576653,-435876.09595153306,-160139.9608676284,-7522.369445758042
2010-05-27,-471894.9688000438,116627.94539957623,-465999.86119947257,-930009.7223989451,-201488.0391575221,-398996.0783150442,-160139.9608676284,-7522.369445758042
2010-05-28,-494782.29616047,116627.94539957623,-481833.9184317791,-961677.8368635582,-209546.86765140836,-415113.7353028167,-160139.9608676284,-7522.369445758042
2010-06-01,-541480.6524552993,116627.94539957623,-506176.9527842307,-1010363.9055684614,-222868.64150053577,-441757.28300107154,-160139.9608676284,-7522.369445758042
2010-06-02,-499600.83123308705,116627.94539957623,-485537.4868004817,-969084.9736009634,-208699.46477147428,-413418.92954294855,-160139.9608676284,-7522.369445758042
2010-06-03,-495509.4568979066,116627.94539957623,-487163.72639518837,-972337.4527903767,-209174.89732542867,-414369.79465085734,-160139.9608676284,-7522.369445758042
2010-06-04,-552381.354617032,116627.94539957623,-514581.5779184011,-1027173.1558368022,-228028.08576506903,-452076.17153013806,-160139.9608676284,-7522.369445758042
2010-06-07,-583972.4267070851,116627.94539957623,-529222.251774859,-1056454.503549718,-239171.38634442823,-474362.77268885646,-160139.9608676284,-7522.369445758042
2010-06-08,-565978.7282080748,116627.94539957623,-523835.3914774338,-1045680.7829548676,-234231.79394148398,-464483.58788296796,-160139.9608676284,-7522.369445758042
2010-06-09,-570197.1520517404,116627.94539957623,-527475.7743924214,-1052961.5487848427,-237204.20168091074,-470428.4033618215,-160139.9608676284,-7522.369445758042
2010-06-10,-519671.05144597345,116627.94539957623,-506332.95506385155,-1010675.9101277031,-218916.35710985126,-433852.7142197025,-160139.9608676284,-7522.369445758042
2010-06-11,-501646.4114014345,116627.94539957623,-499718.6075179067,-997447.2150358134,-213076.63787581393,-422173.27575162787,-160139.9608676284,-7522.369445758042
2010-06-14,-506045.9888926012,116627.94539957623,-508837.72369156714,-1015685.4473831343,-218854.1984914202,-433728.3969828404,-160139.9608676284,-7522.369445758042
2010-06-15,-472557.9330140135,116627.94539957623,-491877.1750372537,-981764.3500745074,-203003.69298206872,-402027.38596413744,-160139.9608676284,-7522.369445758042
2010-06-16,-483058.17720876366,116627.94539957623,-502859.3824977747,-1003728.7649955495,-212155.02969257906,-420330.0593851581,-160139.9608676284,-7522.369445758042
2010-06-17,-491440.1539544726,116627.94539957623,-511837.65191998985,-1021685.3038399797,-220251.25563963767,-436522.51127927535,-160139.9608676284,-7522.369445758042
2010-06-18,-484167.01845651795,115789.83079841074,-506493.8246504033,-1010947.6493008066,-215363.01131188645,-426646.0226237729,-160986.6512389591,-8911.605280939424
2010-06-21,-480792.1688220048,119164.68043292391,-507213.46473054244,-1012386.9294610849,-215069.93873654035,-426059.8774730807,-161706.29131909827,-8618.532705593318
2010-06-22,-513776.7602596133,86180.08899531545,-523241.61150963884,-1044443.2230192777,-225270.50622926652,-446461.01245853305,-177734.4380981947,-18819.10019831949
2010-06-23,-506607.854928183,93348.99432674567,-520515.1005609944,-1038990.2011219888,-223343.7215282826,-442607.4430565652,-175007.92714955023,-16892.315497335563
2010-06-24,-531073.4414705838,68883.40778434495,-528808.0472415115,-1055576.094483023,-229351.82125626443,-454623.64251252887,-183300.87383006734,-22900.41522531739
2010-06-25,-518226.7751542331,81730.07410069564,-523591.6517887967,-1045143.3035775934,-225877.4530236577,-447674.9060473154,-178084.47837735253,-19426.046992710668
2010-06-28,-537217.14099583,62739.70825909878,-534688.4395729256,-1067336.8791458511,-233053.32583068986,-462026.6516613797,-189181.26616148144,-26601.919799742824
2010-06-29,-589669.1670963573,10287.68215857142,-546477.3207801534,-1090914.6415603068,-242634.88627499292,-481189.77254998585,-200970.1473687092,-36183.48024404589
2010-06-30,-605878.2806390179,-5921.431384089214,-548529.2392426797,-1095018.4784853593,-244418.46122561328,-484756.92245122656,-203022.06583123555,-37967.05519466624
2010-07-01,-609802.0697291945,-11430.717539476143,-548431.0494673416,-1094822.0989346833,-244343.36468366292,-484606.72936732584,-202923.8760558975,-37891.95865271588
2010-07-02,-628991.4178758237,-23170.505915992268,-550843.7485577932,-1099647.4971155864,-246443.78495087073,-488807.56990174146,-205336.5751463491,-39992.37891992368
2010-07-06,-630622.1791041194,-23584.734376827095,-552142.1534906324,-1102244.3069812648,-247600.44615801712,-491120.89231603424,-206634.98007918827,-41149.040127070075
2010-07-07,-579899.2920639522,-14358.14245689573,-549336.8829472401,-1096633.7658944803,-244917.9919566677,-485755.9839133354,-203829.7095357959,-38466.58592572067
2010-07-08,-578621.6693655144,-15579.332078264808,-550081.6102901765,-1098123.220580353,-245588.48149397605,-487096.9629879521,-204574.43687873223,-39137.075463029
2010-07-09,-559724.8871465669,-10287.599180842575,-547639.5557450296,-1093239.1114900592,-243220.73106577498,-482361.46213154995,-202132.38233358547,-36769.32503482793
2010-07-12,-566194.3790005187,-7845.219938104638,-549695.9523691357,-1097351.9047382714,-245141.1004300505,-486202.200860101,-204188.7789576915,-38689.694399103464
2010-07-13,-536553.3665956737,-1196.6915144550294,-546100.7625882034,-1090161.5251764068,-241580.2891293449,-479080.5782586898,-200593.58917675924,-35128.88309839787
2010-07-14,-543111.6221766281,-10016.309022440357,-551406.9069638863,-1100773.8139277727,-246820.45132909075,-489560.9026581815,-205899.7335524422,-40369.04529814372
2010-07-15,-544972.7908387838,-6081.355981508517,-551410.20565757,-1100780.41131514,-246823.48041401405,-489566.9608280281,-205903.03224612586,-40372.074383067
2010-07-16,-585473.0614738129,-17343.274383546363,-554618.0047562477,-1107146.0095124955,-250615.03925773487,-497050.07851546974,-208174.8100629378,-42643.84827559716
2010-07-19,-578100.8564536634,-17343.274383546363,-553286.2218196895,-1104482.443639379,-249068.38737216216,-493956.7747443243,-208174.8100629378,-42643.84827559716
2010-07-20,-539039.259305991,-17343.274383546363,-531314.4738243594,-1060538.9476487187,-236302.33118057874,-468424.6623611575,-208174.8100629378,-42643.84827559716
2010-07-21,-553772.6116099325,-17343.274383546363,-540200.2877135316,-1078310.5754270633,-241316.6624147092,-478453.3248294184,-208174.8100629378,-42643.84827559716
2010-07-22,-500292.7807707918,-17343.274383546363,-505377.6590489853,-1008665.3180979706,-223217.0937310946,-442254.1874621892,-208174.8100629378,-42643.84827559716
2010-07-23,-475056.0839844076,-17343.274383546363,-487244.99366735265,-972399.9873347053,-214555.55174852014,-424931.1034970403,-208174.8100629378,-42643.84827559716
2010-07-26,-451524.15415061614,-17343.274383546363,-471598.49392261973,-941106.9878452395,-205755.03699475294,-407330.0739895059,-208174.8100629378,-42643.84827559716
2010-07-27,-460967.84066338616,-17343.274383546363,-480702.13952562155,-959314.2790512431,-208165.44414571548,-412150.88829143095,-208174.8100629378,-42643.84827559716
2010-07-28,-468606.9503982158,-17343.274383546363,-487952.19712124614,-973814.3942424923,-210380.19154306082,-416580.38308612164,-208174.8100629378,-42643.84827559716
2010-07-29,-457463.85196806275,-17343.274383546363,-478628.1046292464,-955166.2092584928,-206570.25422522475,-408960.5084504495,-208174.8100629378,-42643.84827559716
2010-07-30,-489382.09780606197,-17343.274383546363,-502456.3698366852,-1002822.7396733704,-218779.5303923189,-433379.0607846378,-208174.8100629378,-42643.84827559716
2010-08-02,-451592.4088069415,-17343.274383546363,-472220.99268800265,-942351.9853760053,-206115.90730170807,-408051.81460341613,-208174.8100629378,-42643.84827559716
2010-08-03,-460369.46024675586,-17343.274383546363,-478382.9303180635,-954675.860636127,-208348.75337827872,-412517.50675655744,-208174.8100629378,-42643.84827559716
2010-08-04,-445808.58274777606,-17343.274383546363,-461821.21407022735,-921552.4281404547,-204794.5753156056,-405409.1506312112,-208174.8100629378,-42643.84827559716
2010-08-05,-449932.8120924904,-17343.274383546363,-469854.8103598653,-937619.6207197306,-205468.69837907297,-406757.39675814594,-208174.8100629378,-42643.84827559716
2010-08-06,-451591.06867827964,-17343.274383546363,-471242.56698029523,-940395.1339605905,-203409.95824709098,-402639.91649418196,-208174.8100629378,-42643.84827559716
2010-08-09,-425845.81195014226,-17343.274383546363,-449404.48446182284,-896718.9689236457,-195089.9331889829,-385999.8663779658,-208174.8100629378,-42643.84827559716
2010-08-10,-450611.92233119626,-17343.274383546363,-473088.73233056354,-944087.4646611271,-202913.25829077468,-401646.51658154937,-208174.8100629378,-42643.84827559716
2010-08-11,-507000.8974635796,-17343.274383546363,-517480.196829139,-1032870.393658278,-223503.79829081785,-442827.5965816357,-208174.8100629378,-42643.84827559716
2010-08-12,-518141.5347244647,-17343.274383546363,-521143.1700496043,-1040196.3400992086,-227554.84108818485,-450929.6821763697,-208174.8100629378,-42643.84827559716
2010-08-13,-519805.62649591727,-17343.274383546363,-523173.4302943942,-1044256.8605887884,-228076.47755464417,-451972.95510928833,-208174.8100629378,-42643.84827559716
2010-08-16,-514581.4076974127,-17343.274383546363,-520599.1610221884,-1039108.3220443767,-230912.5210710247,-457645.0421420494,-208174.8100629378,-42643.84827559716
2010-08-17,-490994.3260268577,-17343.274383546363,-498918.5623871008,-995747.1247742017,-221138.7446894244,-438097.4893788488,-208174.8100629378,-42643.84827559716
2010-08-18,-482642.8155769134,-17343.274383546363,-494062.1843489694,-986034.3686979387,-218921.19886727643,-433662.39773455285,-208174.8100629378,-42643.84827559716
2010-08-19,-522120.99391542457,-17343.274383546363,-522629.6820759342,-1043169.3641518684,-235621.39899242777,-467062.79798485554,-208174.8100629378,-42643.84827559716
2010-08-20,-490276.2083166953,-17343.274383546363,-487268.75336693117,-972397.5067338623,-218575.97830916956,-432871.9566183391,-208174.8100629378,-42643.84827559716
2010-08-23,-504544.3887646032,-17343.274383546363,-496733.34576198534,-991326.6915239707,-223761.77203075294,-443243.5440615059,-208174.8100629378,-42643.84827559716
2010-08-24,-523349.76757175504,-17343.274383546363,-505012.6955101705,-1007885.391020341,-229270.68900980233,-454261.37801960466,-208174.8100629378,-42643.84827559716
2010-08-25,-516230.121079055,-17343.274383546363,-503350.8643710213,-1004561.7287420426,-227842.8976508297,-451405.7953016594,-208174.8100629378,-42643.84827559716
2010-08-26,-530358.7333617952,-17343.274383546363,-509749.267075516,-1017358.534151032,-232211.30453379723,-460142.60906759446,-208174.8100629378,-42643.84827559716
2010-08-27,-499395.9044232227,-17343.274383546363,-497888.06754955073,-993636.1350991015,-223661.6129557782,-443043.2259115564,-208174.8100629378,-42643.84827559716
2010-08-30,-525988.5816722659,-17343.274383546363,-511538.93243219046,-1020937.8648643809,-232959.91265838922,-461639.82531677844,-208174.8100629378,-42643.84827559716
2010-08-31,-524361.1181484848,-17343.274383546363,-510693.49175323825,-1019246.9835064765,-232259.53031244324,-460239.0606248865,-208174.8100629378,-42643.84827559716
2010-09-01,-481571.7613320122,-17343.274383546363,-490957.78119301307,-979775.5623860261,-217998.105946899,-431716.211893798,-208174.8100629378,-42643.84827559716
2010-09-02,-452416.2992502149,-17343.274383546363,-475275.54764188395,-948411.0952837679,-207298.51239872273,-410317.02479744545,-208174.8100629378,-42643.84827559716
2010-09-03,-438117.16317409824,-17343.274383546363,-467206.6853062436,-932273.3706124872,-202134.75494670926,-399989.5098934185,-208174.8100629378,-42643.84827559716
2010-09-07,-437682.05359094485,-17343.274383546363,-468805.41968384926,-935470.8393676985,-201601.63634863318,-398923.27269726637,-208174.8100629378,-42643.84827559716
2010-09-08,-431360.0978119748,-17343.274383546363,-461025.0726867772,-919910.1453735544,-199481.6766211707,-394683.3532423414,-208174.8100629378,-42643.84827559716
2010-09-09,-442226.56062934466,-17343.274383546363,-471241.4212371087,-940342.8424742174,-205756.1706574307,-407232.3413148614,-208174.8100629378,-42643.84827559716
2010-09-10,-446727.46686005505,-17343.274383546363,-474675.4949945969,-947210.9899891939,-207947.19224985508,-411614.38449971017,-208174.8100629378,-42643.84827559716
2010-09-13,-411885.4473754622,-17343.274383546363,-455650.55987974297,-909161.1197594859,-196825.87464644195,-389371.7492928839,-208174.8100629378,-42643.84827559716
2010-09-14,-425191.11671607057,-17343.274383546363,-469408.93112394575,-936677.8622478915,-208451.26556138575,-412622.5311227715,-208174.8100629378,-42643.84827559716
2010-09-15,-418852.1389653545,-17343.274383546363,-464158.3637494137,-926176.7274988274,-208843.73057558294,-413407.4611511659,-208174.8100629378,-42643.84827559716
2010-09-16,-420295.0809038898,-17343.274383546363,-466187.7756400074,-930235.5512800148,-207677.72329000395,-411075.4465800079,-208174.8100629378,-42643.84827559716
2010-09-17,-428133.7469597784,-17929.261401486583,-470942.6322023242,-939705.2644046484,-214342.37056994188,-424324.74113988376,-208774.66078674112,-43630.32839414668
2010-09-20,-408771.534174762,1432.9513835297912,-466435.4507852826,-930690.9015705652,-211095.61878881833,-417831.23757763667,-204267.4793696995,-40383.576613023135
2010-09-21,-415143.81088670035,-4939.325328408502,-467977.7940022429,-933775.5880044858,-211994.19645183362,-419628.39290366723,-205809.82258665978,-41282.154276038425
2010-09-22,-425205.1256162737,-15000.640057981893,-472143.9929779177,-942107.9859558354,-214521.02960700062,-424682.05921400123,-209976.0215623346,-43808.987431205416
2010-09-23,-428568.4317845898,-18363.946226297932,-474660.4282598445,-947140.856519689,-215850.30128342766,-427340.6025668553,-212492.45684426138,-45138.25910763245
2010-09-24,-408423.5241103791,1780.9614479126903,-466165.99347755633,-930151.9869551127,-210622.94100627946,-416885.8820125589,-203998.02206197323,-39910.898830484264
2010-09-27,-411626.8988280219,-1422.4132697300684,-471112.02862577647,-940044.0572515529,-212692.14737722828,-421024.29475445655,-208944.05721019336,-41980.10520143307
2010-09-28,-404444.36540059274,5760.120157699068,-468683.5890175994,-935187.1780351988,-211166.27696505067,-417972.55393010133,-206515.6176020163,-40454.234789255475
2010-09-29,-404932.10870567727,5272.376852614569,-467963.71184664,-933747.42369328,-210744.134690748,-417128.269381496,-205795.74043105688,-40032.092514952805
2010-09-30,-410051.6227806641,152.8627776276735,-471511.0704651749,-940842.1409303498,-212748.8968771105,-421137.793754221,-209343.0990495918,-42036.8547013153
2010-10-01,-408816.44987941673,1388.0356788750905,-465139.64113461983,-928099.2822692397,-208967.34598753043,-413574.69197506085,-202971.66971903673,-38255.303811735226
2010-10-04,-422502.9623087558,-12298.476750463957,-472615.9722740576,-943051.9445481153,-212075.3855819334,-419790.7711638668,-210448.00085847455,-41363.34340613819
2010-10-05,-397334.7828001735,12869.702758118343,-461217.5791136634,-920255.1582273268,-204409.6375162937,-404459.2750325874,-199049.60769808028,-33697.5953404985
2010-10-06,-410080.0938734584,124.39168483342655,-454894.99590371444,-907609.9918074289,-200275.17649689803,-396190.35299379606,-192727.02448813134,-29563.134321102836
2010-10-07,-410855.0440635273,-650.5585052354763,-457793.60134493595,-913407.2026898719,-201115.12938358024,-397870.25876716047,-195625.6299293528,-30403.08720778505
2010-10-08,-385252.8691212094,21553.37523242458,-443204.7754490399,-884229.5508980798,-192478.2871156093,-380596.5742312186,-181036.80403345675,-21766.24493981411
2010-10-11,-395225.4730900562,18262.71079895232,-441953.2379539854,-881726.4759079708,-188853.34229702273,-373346.68459404545,-179785.26653840227,-18141.300121227534
2010-10-12,-390798.19267415866,16275.328095652862,-446270.4329435841,-890360.8658871682,-189848.72582673535,-375337.4516534707,-184102.461528001,-19136.683650940144
2010-10-13,-387111.4709897921,19694.773363841916,-445816.8953448153,-889453.7906896306,-187362.68588037023,-370365.37176074047,-183648.92392923217,-16650.64370457504
2010-10-14,-377099.4958485943,29210.37177550829,-441099.21514141664,-880018.4302828333,-184608.73444953255,-364857.4688990651,-178931.24372583354,-13896.692273737346
2010-10-15,-374496.5706571282,27788.583359573728,-445838.483470033,-889466.966940066,-185610.81726689712,-366801.63453379425,-183670.51205444985,-14898.775091101938
2010-10-18,-391779.7565206683,10505.397496033675,-454204.4706509291,-906198.9413018582,-190490.707018479,-376561.414036958,-192036.49923534598,-19778.66484268382
2010-10-19,-416261.0464375221,-13975.892420820157,-457871.2616210741,-913532.5232421482,-192876.47113987873,-381332.94227975747,-195703.290205491,-22164.42896408353
2010-10-20,-405995.7974756821,-3710.643458980154,-455990.91673060844,-909771.8334612169,-191467.07580737752,-378514.15161475504,-193822.94531502534,-20755.033631582333
2010-10-21,-400539.9653977338,1745.1886189681536,-452395.413882388,-902580.827764776,-188926.8036752214,-373433.6073504428,-190227.44246680482,-18214.76149942621
2010-10-22,-379040.4753152246,23244.67870147733,-448790.2712870973,-895370.5425741946,-186370.79454992924,-368321.5890998585,-186622.2998715142,-15658.752374134056
2010-10-25,-355478.9156745251,46806.23834217683,-442450.591940879,-882691.183881758,-181742.37688292348,-359064.75376584695,-180282.6205252959,-11030.334707128284
2010-10-26,-372250.97593877756,30034.178077924345,-448673.9976313055,-895137.995262611,-185942.3625267358,-367464.7250534716,-186506.02621572235,-15230.320350940605
2010-10-27,-358678.2747857554,43606.87923094657,-440673.1764616706,-879136.3529233412,-180836.90331355354,-357253.8066271071,-178505.20504608747,-10124.861137758346
2010-10-28,-380591.01874226,21694.135274441905,-439311.372861757,-876412.745723514,-179890.73504544413,-355361.47009088827,-177143.40144617384,-9178.692869648934
2010-10-29,-368730.879827254,33554.27418944794,-437255.6722390354,-872301.3444780709,-178623.3326745759,-352826.6653491518,-175087.70082345232,-7911.290498780729
2010-11-01,-380178.32874584297,24229.253659703896,-444569.8288000912,-886929.6576001825,-182285.4407898123,-360150.8815796246,-182401.85738450813,-11573.398614017122
2010-11-02,-357498.7339871683,42337.43892942203,-437939.20519235224,-873668.4103847045,-177457.68205254743,-350495.36410509486,-175771.23377676908,-6745.639876752228
2010-11-03,-348287.1217413488,46814.33795825312,-434675.18363529776,-867140.3672705955,-175220.4834300262,-346020.9668600524,-172507.21221971462,-4508.441254230984
2010-11-04,-336077.39893790294,56085.291653284396,-430155.8810521101,-858101.7621042202,-171859.42267743428,-339298.84535486856,-167987.90963652698,-1147.3805016391016
2010-11-05,-328042.480108276,59548.77362155635,-432161.8775836793,-862113.7551673586,-172535.72816399063,-340651.45632798126,-169993.90616809617,-1823.685988195437
2010-11-08,-315070.71193978604,63377.70912593381,-430496.2328328659,-858782.4656657318,-170638.9385043064,-336857.8770086128,-168328.26141728275,73.10367148880869
2010-11-09,-317805.05179913936,66520.92116960877,-442827.71130785864,-883445.4226157173,-178084.31363441382,-351748.62726882764,-180659.73989227554,-7372.271458618619
2010-11-10,-306322.8644243963,75227.58841917248,-436816.25125564774,-871422.5025112955,-173036.81134294145,-341653.6226858829,-174648.27984006464,-2324.7691671462617
2010-11-11,-314432.33771245676,68424.23017278558,-443688.83479622717,-885167.6695924543,-177581.43220681883,-350742.86441363767,-181520.86338064403,-6869.390031023655
2010-11-12,-325424.62458743464,57758.48232287544,-450331.7062632102,-898453.4125264204,-182751.01433828435,-361082.0286765687,-188163.7348476271,-12038.972162489172
2010-11-15,-343408.35763426416,39938.011945480015,-462398.7984845307,-922587.5969690614,-193298.27777551918,-382176.55555103836,-200230.82706894758,-22586.23559972398
2010-11-16,-365368.95861671976,22222.295113112512,-469938.83924406045,-937667.6784881209,-200669.13132638147,-396918.26265276293,-207770.8678284773,-29957.08915058628
2010-11-17,-356183.6291213727,29774.997914116684,-470463.9245306568,-938717.8490613136,-201180.21502695043,-397940.43005390087,-208295.95311507367,-30468.172851155243
2010-11-18,-327093.70676895924,52497.56666899979,-459812.343957787,-917414.687915574,-190530.54830460416,-376641.0966092083,-197644.37254220387,-19818.506128808964
2010-11-19,-282789.7724393825,94524.63467186144,-419910.8724468054,-837571.7448936108,-172789.68719072492,-341079.37438144983,-157742.9010312223,-2077.6450149297193
2010-11-22,-276970.8726310887,100343.53448015518,-419086.2049295435,-835922.409859087,-171845.85791335814,-339191.7158267163,-156918.23351396035,-1133.815737562935
2010-11-23,-286951.16796942754,90363.23914181642,-421874.8278928319,-841499.6557856638,-173702.26845327052,-342904.53690654103,-159706.85647724877,-2990.226277475315
2010-11-24,-264175.2827858011,113139.1243254428,-410537.9304000477,-818825.8608000954,-167033.1631066389,-329566.3262132778,-148369.95898446458,3678.8790691562854
2010-11-26,-263252.9584987541,114061.44861248988,-410387.6031438785,-818525.206287757,-166396.66459669342,-328293.32919338683,-148219.63172829535,4315.377579101764
2010-11-29,-269653.98425090255,107660.42286034136,-415476.11558325804,-828702.2311665161,-168585.70545355097,-332671.41090710193,-153308.14416767494,2126.3367222442175
2010-11-30,-273689.0279442795,103625.37916696444,-419190.32422403625,-836130.6484480725,-170597.76512605263,-336695.53025210527,-157022.3528084531,114.27704974255812
2010-12-01,-246512.07569685337,130802.33141439056,-405218.7071136214,-808187.4142272428,-161946.1517009514,-319392.3034019028,-143050.73569803825,8765.890474843794
2010-12-02,-232951.1616392391,144363.24547200484,-397582.86115127534,-792915.7223025507,-157239.11970735036,-309978.2394147007,-135414.8897356922,13472.92246844483
2010-12-03,-231807.84447473497,145506.56263650896,-397783.2877455186,-793316.5754910372,-156315.9848500911,-308131.9697001822,-135615.31632993545,14396.0573257041
2010-12-06,-222015.94333594062,155298.4637753033,-392387.96747602423,-782525.9349520485,-152375.72159697878,-300251.44319395756,-130219.99606044109,18336.320578816405
2010-12-07,-218646.3405881197,158668.06652312423,-387448.61945690715,-772647.2389138143,-149811.83908255468,-295123.67816510936,-125280.648041324,20900.20309324051
2010-12-08,-196824.17583927908,180490.23127196485,-373625.083902445,-745000.16780489,-140205.152048703,-275910.304097406,-111457.11248686185,30506.8901270922
2010-12-09,-200781.27756816463,176533.1295430793,-377543.9926895332,-752837.9853790664,-142472.68395391587,-280445.36790783174,-115376.02127395009,28239.358221879324
2010-12-10,-201135.75339156372,176178.6537196802,-377809.6691708825,-753369.338341765,-143601.8002036587,-282703.6004073174,-115641.69775529938,27110.2419721365
2010-12-13,-213378.26583546112,163936.1412757828,-388914.0026443305,-775578.005288661,-149218.7954867219,-293937.5909734438,-126746.0312287474,21493.246689073283
2010-12-14,-229931.8607364716,147382.5463747723,-397739.22666662914,-793228.4533332583,-159184.8793246151,-313869.7586492302,-135571.25525104598,11527.162851180095
2010-12-15,-240722.5532220599,136591.853889184,-404195.35126121406,-806140.7025224281,-163262.3727119664,-322024.7454239328,-142027.3798456309,7449.669463828786
2010-12-16,-230556.5841768625,146757.82293438143,-401626.2939256232,-801002.5878512464,-160375.1663198245,-316250.332639649,-139458.32251004002,10336.875855970704
2010-12-17,-234248.27192669667,143066.13518454725,-403332.3996875837,-804374.7993751673,-160176.38796310636,-315772.7759262127,-141164.42827200054,10535.654212688834
2010-12-20,-234283.9408806881,143030.46623055582,-405354.15042844496,-808418.3008568899,-161145.9952247677,-317711.9904495354,-143186.17901286186,9566.046951027472
2010-12-21,-222885.42138997465,154428.98572126927,-400511.06861863146,-798732.1372372629,-158029.33333246165,-311478.6666649233,-138343.09720304835,12682.708843333547
2010-12-22,-228126.98193307596,149187.42517816796,-405227.4637261145,-808164.927452229,-161004.70646908466,-317429.4129381693,-143059.4923105314,9707.335706710537
2010-12-23,-237362.87736760237,139951.52974364156,-409051.89781912765,-815813.7956382553,-163397.91120333478,-322215.82240666955,-146883.92640354455,7314.130972460418
2010-12-27,-242104.74403376266,135209.66307748127,-412121.15093721333,-821952.3018744267,-164948.22297226894,-325316.4459445379,-149953.17952163023,5763.819203526244
2010-12-28,-247554.27494450152,129760.13216674242,-413874.71122933255,-825459.4224586651,-166147.82397831537,-327715.64795663074,-151706.73981374945,4564.218197479832
2010-12-29,-244473.94670475004,132840.4604064939,-413446.1955147779,-824602.3910295558,-165690.1273641491,-326800.2547282982,-151278.2240991948,5021.91481164608
2010-12-30,-248386.10116603883,128928.3059452051,-414998.2358658413,-827706.4717316827,-166774.17822186905,-328968.3564437381,-152830.26445025823,3937.8639539261476
2010-12-31,-248247.60596744218,129066.80114380176,-414054.1613516278,-825818.3227032556,-165955.68572736933,-327331.37145473866,-151886.18993604468,4756.356448425852
2011-01-03,-216769.73691713304,160544.6701941109,-403865.0826945207,-805440.1653890414,-158329.7218511234,-312079.4437022468,-141697.1112789376,12382.32032467177
2011-01-04,-216723.86466123056,160590.54245001337,-399332.9068291672,-796375.8136583344,-155807.65327184543,-307035.30654369085,-137164.93541358414,14904.38890394977
2011-01-05,-186500.45408529587,190813.95302594805,-389379.1070906885,-776468.214181377,-149477.11589343133,-294374.23178686266,-127211.13567510541,21234.92628236387
2011-01-06,-185948.5010767856,191365.90603445834,-388979.0042580999,-775668.0085161998,-150015.24223607648,-295450.48447215295,-126811.03284251675,20696.79993971873
2011-01-07,-175744.3057527785,201570.1013584654,-381647.489909072,-761004.979818144,-147589.28386647993,-290598.56773295987,-119479.5184934889,23122.758309315243
2011-01-10,-172612.90631586697,204701.50079537695,-380852.166314785,-759414.33262957,-145995.57177478846,-287411.1435495769,-118684.19489920192,24716.470401006714
2011-01-11,-179973.65485818512,197340.7522530588,-384021.88099700684,-765753.7619940137,-146288.9169620104,-287997.8339240208,-121853.90958142372,24423.125213784777
2011-01-12,-171353.45846205702,205960.9486491869,-379103.53374106897,-755917.0674821379,-143867.84858003995,-283155.6971600799,-116935.56232548585,26844.19359575525
2011-01-13,-162789.85223215778,214524.55487908615,-376967.5468806463,-751645.0937612926,-141274.3085874728,-277968.6171749456,-114799.57546506322,29437.733588322386
2011-01-14,-155166.11670253618,222148.29040870775,-371673.7338466048,-741057.4676932096,-138300.3945725531,-272020.7891451062,-109505.76243102174,32411.64760324207
2011-01-18,-148720.62243395252,228593.7846772914,-369360.7208297597,-736431.4416595194,-134569.48593000043,-264558.97186000086,-107192.74941417662,36142.55624579475
2011-01-19,-171326.69540104034,205987.71171020358,-386895.7901325436,-771501.5802650872,-144317.11928988493,-284054.23857976985,-124727.81871696051,26394.92288591026
2011-01-20,-191267.8430849472,186046.56402629672,-399387.0148640037,-796484.0297280074,-152638.84237465946,-300697.6847493189,-137219.0434484206,18073.199801135735
2011-01-21,-200965.22512436754,176349.18198687639,-399908.4400241518,-797486.8800483036,-152824.4462911073,-300988.8925822146,-137740.4686085687,17887.59588468788
2011-01-24,-207682.37058618132,169632.0365250626,-405667.34335813456,-809004.6867162691,-155952.30498190544,-307244.6099638109,-143499.37194255146,14759.737193889743
2011-01-25,-196850.41063808894,180463.99647315498,-404905.13067712466,-807480.2613542493,-155499.11753279323,-306338.23506558646,-142737.15926154156,15212.92464300197
2011-01-26,-185970.12851268458,191344.27859855935,-401694.79845628404,-801059.5969125681,-153174.48740581743,-301688.97481163486,-139526.82704070094,17537.554769977756
2011-01-27,-150688.8959582938,226625.51115295012,-379116.95760640875,-755903.9152128175,-141222.93805685494,-277785.8761137099,-116948.98619082564,29489.104118940253
2011-01-28,-155660.7430739064,221653.66403733753,-377327.5332352253,-752325.0664704506,-141272.14599613327,-277884.29199226655,-115159.5618196422,29439.89617966191
2011-01-31,-168526.88822749184,208787.51888375208,-385441.07743471797,-768552.1548694359,-144386.51329224612,-284113.02658449224,-123273.10601913485,26325.528883549076
2011-02-01,-158840.35061005916,218474.05650118476,-382786.5241938534,-763243.0483877067,-141630.25294699607,-278600.50589399214,-120618.55277827027,29081.789228799134
2011-02-02,-152488.43264842668,224825.97446281725,-379447.1931390709,-756564.3862781418,-138277.75010553905,-271895.5002110781,-117279.22172348775,32434.29207025616
2011-02-03,-142831.28779479425,234483.11931644968,-373956.28269933595,-745582.5653986719,-134476.16511950162,-264292.33023900323,-111788.31128375282,36235.87705629357
2011-02-04,-113302.26178523472,264012.1453260092,-351557.4092772591,-700784.8185545182,-123048.93119733394,-241437.86239466787,-89389.43786167598,47663.11097846126
2011-02-07,-113605.04235655964,263709.36475468427,-352577.1291322361,-702824.2582644722,-120876.04310569726,-237092.08621139452,-90409.15771665303,49835.99907009794
2011-02-08,-114240.29352318286,263074.11358806107,-355593.8740707181,-708857.7481414363,-121527.58094737306,-238395.16189474612,-93425.90265513503,49184.46122842214
2011-02-09,-111317.66554762654,265996.74156361737,-352571.5591788982,-702813.1183577965,-120622.94718972156,-236585.8943794431,-90403.5877633151,50089.094986073644
2011-02-10,-102707.50410140371,274606.9030098402,-343866.0192271066,-685402.0384542132,-115617.9424723734,-226575.8849447468,-81698.04781152352,55094.0997034218
2011-02-11,-84860.16535959826,292454.2417516457,-331226.4929677218,-660122.9859354435,-109697.64632103895,-214735.2926420779,-69058.52155213864,61014.395854756236
2011-02-14,-54977.84582483012,322336.5612864138,-306631.02303286345,-610932.0460657269,-102654.23820921549,-200648.47641843098,-44463.05161728036,68057.80396657971
2011-02-15,-66316.60568456864,310997.8014266753,-319236.4695795004,-636142.9391590008,-103228.70247216994,-201797.40494433988,-57068.49816391728,67483.33970362526
2011-02-16,-73844.97324551563,303469.4338657283,-326230.7294515585,-650131.458903117,-104175.08227379614,-203690.16454759229,-64062.75803597538,66536.95990199904
2011-02-17,-85754.55385378993,291559.853257454,-334767.09489832126,-667204.1897966425,-105516.21423144429,-206372.42846288858,-72599.12348273816,65195.82794435091
2011-02-18,-85683.74183748955,291460.9881793369,-339460.2006952906,-676550.4013905812,-108111.91201908569,-211483.82403817138,-77292.22927970746,62600.130156709485
2011-02-22,-125663.94118535411,251480.78883147228,-356054.64733201504,-709739.2946640301,-118612.24698405003,-232484.49396810005,-93886.67591643192,52099.79519174515
2011-02-23,-149814.01567555126,227330.71434127516,-361294.49983220507,-720218.9996644101,-122593.3014901654,-240446.6029803308,-99126.52841662194,48118.74068562979
2011-02-24,-129791.75528049475,247352.97473633167,-359673.4972197022,-716976.9944394045,-121266.55714877418,-237793.11429754837,-97505.5258041191,49445.48502702101
2011-02-25,-115177.20238828227,261967.52762854414,-357799.3494275482,-713228.6988550964,-119868.63053940664,-234997.2610788133,-95631.37801196505,50843.41163638853
2011-02-28,-127017.91885489572,250126.8111619307,-362663.1671419087,-722956.3342838174,-123533.52800269076,-242327.0560053815,-100495.1957263256,47178.51417310443
2011-03-01,-134776.72513572942,242368.004881097,-363989.40067333216,-725608.8013466643,-124620.42527490207,-244500.85054980413,-101821.42925774904,46091.61690089312
2011-03-02,-132309.30478259543,244835.42523423096,-363924.6348313225,-725479.269662645,-124508.03694277027,-244276.07388554054,-101756.66341573937,46204.00523302491
2011-03-03,-114718.06352975294,262426.66648707347,-360562.4345853044,-718754.8691706088,-122028.0020549755,-239316.004109951,-98394.46316972126,48684.04012081968
2011-03-04,-111334.89737839047,265809.83263843594,-360733.4389052605,-719096.877810521,-122107.54297030537,-239475.08594061073,-98565.4674896774,48604.49920548981
2011-03-07,-132483.77993656462,244660.9500802618,-366915.12810912885,-731460.2562182577,-127018.17981963261,-249296.35963926523,-104747.15669354575,43693.862356162565
2011-03-08,-137686.7547930291,239457.97522379732,-366740.24492319877,-731110.4898463975,-126844.3431633627,-248948.6863267254,-104572.27350761564,43867.69901243248
2011-03-09,-140868.12415067057,236276.60586615585,-366469.4086865101,-730568.8173730202,-126604.62778794415,-248469.2555758883,-104301.43727092698,44107.41438785104
2011-03-10,-143652.03294014544,227522.64639864228,-369323.0451174333,-736276.0902348666,-129181.55342865977,-253623.10685731954,-107155.07370185017,41530.48874713541
2011-03-11,-136382.1684989152,230954.06432577525,-369263.7071381048,-736157.4142762095,-129118.16632959194,-253496.33265918388,-107095.73572252161,41593.875846203235
2011-03-14,-144579.04799904258,225593.56478919234,-369960.2169352084,-737550.4338704168,-129796.53038072365,-254853.0607614473,-107792.24551962531,40915.511795071536
2011-03-15,-134956.42874506192,221705.11592949094,-370405.43051286903,-738440.8610257381,-130240.707022858,-255741.414045716,-108237.45909728592,40471.335152937194
2011-03-16,-159678.03853068233,199760.44496470524,-370484.4435377253,-738598.8870754506,-130319.71634487518,-255899.43268975036,-108316.47212214216,40392.32583092
2011-03-17,-151547.3786511971,207840.16744149625,-370485.1230320374,-738600.2460640748,-130320.39583914824,-255900.7916782965,-108317.1516164543,40391.64633664694
2011-03-18,-168710.44457143065,195836.5886249188,-371174.1531820684,-739938.3063641367,-131467.20267821773,-258114.40535643548,-109006.18176648524,39244.83949757745
2011-03-21,-148988.1491348834,215558.88406146606,-364671.34380813467,-726932.6876162693,-127152.78212504124,-249485.56425008248,-102503.37239255152,43559.26005075395
2011-03-22,-163504.9821183869,201042.05107796256,-368104.9064926492,-733799.8129852985,-129290.59691478725,-253761.1938295745,-105936.93507706614,41421.445261007924
2011-03-23,-138291.98489671876,226255.0482996307,-356466.8069025793,-710523.6138051586,-122396.16625578729,-239972.33251157458,-94298.83548699622,48315.87592000789
2011-03-24,-117900.35290579977,246646.6802905497,-352579.18458622956,-702748.3691724591,-120116.99675494565,-235413.9935098913,-90411.21317064643,50595.045420849536
2011-03-25,-115119.37918591326,249427.6540104362,-347149.8250077083,-691889.6500154166,-117054.41230422904,-229288.8246084581,-84981.85359212513,53657.62987156613
2011-03-28,-119035.75629891035,245511.2768974391,-347048.4240703905,-691686.848140781,-116643.10924192751,-228466.21848385502,-84880.45265480739,54068.932933867676
2011-03-29,-101145.47310129613,263401.56009505334,-339189.2843270595,-675968.568654119,-111421.81162472008,-218023.62324944016,-77021.31291147642,59290.230551075096
2011-03-30,-85266.50764418626,279280.5255521632,-329678.07503103453,-656946.1500620691,-105744.55260069852,-206669.10520139703,-67510.10361545139,64967.48957509666
2011-03-31,-71974.73656680215,292572.2966295473,-328549.00925098953,-654688.0185019791,-104143.30385874295,-203466.6077174859,-66381.03783540645,66568.73831705224
2011-04-01,-91319.56806990699,273227.4651264425,-322925.22053691675,-643440.4410738335,-104990.25448278182,-205160.50896556364,-60757.24912133364,65721.78769301336
2011-04-04,-88933.76493527167,275613.2682610778,-322530.7024544402,-642651.4049088804,-103168.43166987947,-201516.86333975894,-60362.73103885705,67543.61050591571
2011-04-05,-89763.74982759223,274783.2833687572,-323459.60118766414,-644509.2023753283,-103186.16127784719,-201552.32255569438,-61291.629772081,67525.880897948
2011-04-06,-86532.346843696,278014.6863526534,-326550.59389834735,-650691.1877966947,-103383.34053337207,-201946.68106674415,-64382.62248276421,67328.70164242311
2011-04-07,-96377.51189703931,268169.52129931014,-330709.7850700786,-659009.5701401572,-104778.93888514409,-204737.87777028818,-68541.81365449549,65933.1032906511
2011-04-08,-98454.18265390489,266092.85054244456,-337270.57738911407,-672131.1547782281,-105773.3711673281,-206726.7423346562,-75102.60597353097,64938.67100846708
2011-04-11,-114349.81209504431,250197.22110130516,-349494.31897314236,-696578.6379462847,-110075.57866526784,-215331.15733053567,-87326.34755755923,60636.46351052735
2011-04-12,-122394.26357496658,242152.76962138287,-351455.5481439449,-700501.0962878898,-109726.09882572481,-214632.19765144962,-89287.57672836178,60985.943350070374
2011-04-13,-99726.75289628547,264820.280300064,-336979.07606266334,-671548.1521253267,-103391.4520690041,-201962.9041380082,-74811.10464708022,67320.59010679109
2011-04-14,-104745.2169172944,259801.81627905506,-341562.59595998673,-680715.1919199735,-105145.98107946655,-205471.9621589331,-79394.62454440362,65566.06109632863
2011-04-15,-105526.73111075509,258931.19096285076,-338465.65108003106,-674491.3021600621,-105550.91707261729,-206221.83414523458,-76297.67966444796,65161.125103177896
2011-04-18,-116148.72504026734,248309.1970333385,-341743.9668100737,-681047.9336201474,-107212.62735431171,-209545.25470862343,-79575.9953944906,63499.414821483464
2011-04-19,-99641.45714037835,264816.4649332275,-336590.7589950052,-670741.5179900104,-103915.4744137125,-202950.948827425,-74422.78757942213,66796.56776208269
2011-04-20,-83295.26064719998,281162.6614264059,-331654.45312303206,-660868.9062460641,-100795.08302869019,-196710.16605738038,-69486.48170744895,69916.959147105
2011-04-21,-63593.351239204654,300864.5708344012,-324832.8486778584,-647225.6973557168,-96799.01799492941,-188718.03598985882,-62664.87726227534,73913.02418086577
2011-04-25,-62746.14904996704,301711.7730236388,-324784.5623690335,-647129.124738067,-95858.97717686945,-186837.9543537389,-62616.59095345043,74853.06499892574
2011-04-26,-90952.96340063523,273504.95867297065,-339303.9644125272,-676167.9288250544,-104977.29555368009,-205074.59110736017,-77135.99299694413,65734.7466221151
2011-04-27,-87526.06140518608,276931.8606684198,-341957.5288652793,-681475.0577305586,-106152.12328244245,-207424.2465648849,-79789.55744969619,64559.91889335274
2011-04-28,-82115.0204734096,282342.90160019626,-340161.7696988821,-677883.5393977643,-104922.43994406667,-204964.87988813335,-77993.79828329904,65789.60223172851
2011-04-29,-87237.84231642843,277220.07975717745,-342561.5338634434,-682683.0677268868,-106401.03951454535,-207922.0790290907,-80393.56244786031,64311.002661249826
2011-05-02,-91324.66922171871,273133.25285188714,-345786.3281033803,-689132.6562067606,-108278.0842724683,-211676.1685449366,-83618.3566877972,62433.957903326875
2011-05-03,-85402.58032923135,279055.3417443745,-348651.64495131833,-694863.2899026367,-110698.24971809634,-216516.49943619268,-86483.67353573526,60013.79245769884
2011-05-04,-96249.70255778091,268208.2195158249,-349515.7333548002,-696591.4667096004,-111604.89544163489,-218329.79088326977,-87347.76193921715,59107.1467341603
2011-05-05,-100715.73679794969,263742.1852756562,-349250.37959939515,-696060.7591987903,-111389.01827430968,-217898.03654861936,-87082.40818381205,59323.0239014855
2011-05-06,-113923.48532799027,250534.4367456156,-351291.8553934262,-700143.7107868524,-112727.44009705381,-220574.88019410762,-89123.88397784311,57984.60207874137
2011-05-09,-96829.47767100461,267628.4444026012,-350698.55961666675,-698957.1192333335,-111603.19729999044,-218326.39459998088,-88530.58820108365,59108.844875804745
2011-05-10,-84644.0686095056,279813.8534641003,-349620.4298407987,-696800.8596815974,-110587.84206804227,-216295.68413608454,-87452.45842521565,60124.20010775291
2011-05-11,-99719.41488072748,264738.5071928784,-351650.02255378134,-700860.0451075627,-112055.01656241526,-219230.03312483052,-89482.05113819827,58657.02561337993
2011-05-12,-89732.42356543668,274725.4985081692,-347257.7886805364,-692075.5773610728,-108169.35391503925,-211458.7078300785,-85089.81726495331,62542.68826075593
2011-05-13,-97508.76489012498,267341.30809531384,-350070.50599014724,-697701.0119802945,-110346.05242331656,-215812.10484663313,-87902.53457456418,60365.98975247862
2011-05-16,-115966.87892948458,251915.94564586537,-358121.6325196354,-713803.2650392707,-117612.7422333181,-230345.4844666362,-95953.66110405227,53099.29994247708
2011-05-17,-117882.75919550232,253817.00741855628,-359115.4669236825,-715790.933847365,-118572.92127086673,-232265.84254173347,-96947.49550809941,52139.12090492845
2011-05-18,-91993.23062753488,273588.9093682643,-355954.02724551386,-709468.0544910277,-115406.56655815724,-225933.13311631448,-93786.05582993076,55305.475617637945
2011-05-19,-94085.40694778059,270999.97329098836,-356346.2000557805,-710252.400111561,-115791.78147422818,-226703.56294845635,-94178.22864019737,54920.26070156701
2011-05-20,-104196.02615413503,261334.47588030982,-359441.9810565406,-716403.9621130812,-119307.92861888591,-233655.85723777182,-97274.0096409575,51404.11355690927
2011-05-23,-113636.23935086498,251894.26268357987,-361864.41310132394,-721248.8262026479,-120426.66763340817,-235893.33526681634,-99696.44168574087,50285.37454238701
2011-05-24,-115901.2890922917,249629.21294215316,-361514.99313444115,-720549.9862688823,-120031.70037472747,-235103.40074945494,-99347.02171885807,50680.3418010677
2011-05-25,-87329.26806501951,278201.2339694254,-346224.14066209143,-689968.2813241829,-111412.69049682283,-217865.38099364567,-84056.16924650836,59299.35167897234
2011-05-26,-72946.9177747466,292583.5842596983,-339104.8643211659,-675729.7286423318,-107288.15284249268,-209616.30568498536,-76936.89290558282,63423.889333302504
2011-05-27,-69890.88295061197,295639.6190838329,-336555.5431639852,-670631.0863279704,-105655.95416077647,-206351.90832155294,-74387.5717484021,65056.08801501871
2011-05-31,-62913.570306173395,302616.9317282715,-336784.3223740397,-671088.6447480794,-104873.02849266422,-204786.05698532844,-74616.3509584566,65839.01368313095
2011-06-01,-75407.55515588039,290122.9468785645,-344424.2549087552,-686368.5098175104,-108433.41610899015,-211906.8322179803,-82256.28349317207,62278.62606680503
2011-06-02,-66460.08031370208,299070.4217207428,-339444.2366778541,-676408.4733557082,-105836.64975807138,-206713.29951614275,-77276.265262271,64875.3924177238
2011-06-03,-67273.07585651721,298257.42617792764,-337575.50398229907,-672671.0079645981,-105295.35432736254,-205630.70865472508,-75407.53256671598,65416.68784843264
2011-06-06,-91584.73072187978,273945.7713125651,-356173.9691128703,-709867.9382257406,-114335.09731618494,-223710.19463236988,-94005.9976972872,56376.94485961024
2011-06-07,-96138.84482535129,269391.65720909357,-357168.22549255023,-711856.4509851005,-115107.45740957808,-225254.91481915617,-95000.25407696713,55604.584766217085
2011-06-08,-103733.86963390518,261796.63240053967,-359727.17832240096,-716974.3566448019,-116727.24452018017,-228494.48904036035,-97559.20690681785,53984.797655614995
2011-06-09,-96275.80784553813,269254.69418890675,-355489.1746479736,-708498.3492959472,-113839.27662855804,-222718.5532571161,-93321.2032323905,56872.76554723713
2011-06-10,-118726.71935258838,246803.78268185648,-366119.0497209673,-729758.0994419346,-120770.36223506571,-236580.72447013142,-103951.07830538423,49941.67994072947
2011-06-13,-132763.80282388622,232766.69921055864,-372772.0886685888,-743064.1773371776,-125512.87730156948,-246065.75460313895,-110604.11725300566,45199.1648742257
2011-06-14,-113868.34004576152,251662.16198868334,-363275.3149627338,-724070.6299254677,-116865.55382149784,-228771.1076429957,-101107.34354715073,53846.48835429733
2011-06-15,-128598.25373993129,236932.24829451359,-371038.31557384314,-739596.6311476863,-123340.59818335161,-241721.19636670323,-108870.34415826005,47371.443992443565
2011-06-16,-143512.70975348417,222017.79228096068,-378133.7820313752,-753787.5640627504,-130259.08008871715,-255558.1601774343,-115965.81061579216,40452.96208707803
2011-06-17,-152569.7997285516,212960.7023058933,-383938.1182444529,-765366.2364889059,-136314.1094745324,-267608.2189490648,-121770.14682886984,34397.93270126279
2011-06-20,-138519.53789284435,227010.96414160053,-377028.5459066074,-751547.0918132148,-131944.77442686167,-258869.54885372333,-114860.57449102432,38767.26774893351
2011-06-21,-104801.45515936305,260729.04687508184,-366708.3127078298,-730906.6254156596,-126187.1215118647,-247354.2430237294,-104540.34129224674,44524.92066393049
2011-06-22,-117668.67546455553,247861.82656988935,-373749.53591737134,-744989.0718347427,-129831.23155697588,-254642.46311395176,-111581.56450178823,40880.810618819305
2011-06-23,-104255.25502284664,261275.24701159826,-370308.7458413754,-738107.4916827508,-127774.82093427892,-250529.64186855784,-108140.77442579232,42937.221241516265
2011-06-24,-113239.029748804,252291.4722856409,-371612.31197638967,-740714.6239527793,-129513.35461101064,-254006.70922202128,-109444.3405608066,41198.68756478455
2011-06-27,-99445.85163880441,266084.65039564046,-366491.1368115912,-730472.2736231824,-126351.95770571097,-247683.91541142194,-104323.16539600815,44360.08447008421
2011-06-28,-74256.25885196756,291274.2431824773,-353216.3673077631,-703922.7346155262,-120995.9793359756,-236971.9586719512,-91048.39589217998,49716.062839819584
2011-06-29,-64123.19500158464,301407.30703286023,-348811.8782659607,-695113.7565319214,-118840.3485397701,-232660.6970795402,-86643.90685037765,51871.693636025084
2011-06-30,-77933.0643277452,287597.4377066997,-362826.52934856236,-723143.0586971247,-124745.17152280016,-244470.3430456003,-100658.55793297931,45966.870652995036
2011-07-01,-59701.9816667455,305828.5203676994,-358310.33454089356,-714110.6690817871,-123205.03910569826,-241390.07821139653,-96142.36312531048,47507.00307009693
2011-07-05,-46597.581762547066,318932.9202718978,-350942.85711767996,-699375.7142353599,-116701.97387520154,-228383.94775040308,-88774.88570209689,54010.068300593644
2011-07-06,-43712.7065566783,321817.7954777666,-348526.24878998473,-694542.4975799695,-115264.77457876908,-225509.54915753816,-86358.27737440163,55447.267597026104
2011-07-07,-33078.61398633798,332451.8880481069,-342961.67342776817,-683413.3468555363,-111215.54823098914,-217411.09646197828,-80793.70201218507,59496.49394480604
2011-07-08,-27597.15428421265,337933.3477502322,-340982.0336309052,-679454.0672618104,-108920.16880079157,-212820.33760158313,-78814.06221532213,61791.87337500362
2011-07-11,-50898.90685830283,314631.59517614206,-356417.27114853053,-710324.5422970611,-113651.05380548337,-222282.10761096675,-94249.29973294745,57060.98837031181
2011-07-12,-56775.15199597698,308755.3500384679,-354987.9840100889,-707465.9680201778,-109904.44126943132,-214788.88253886264,-92820.01259450581,60807.60090636386
2011-07-13,-42535.036979976445,322995.4650544684,-344108.5750447942,-685707.1500895884,-103844.1226579873,-202668.2453159746,-81940.60362921111,66867.91951780788
2011-07-14,-55730.082635127284,309800.4193993176,-348512.89109835995,-694515.7821967199,-103075.38067124499,-201130.76134248998,-86344.91968277685,67636.6615045502
2011-07-15,-42706.562533082804,322483.9175228189,-338910.2232534422,-675270.4465068844,-99027.46929664366,-192954.9385932873,-76742.25183785913,71684.57287915153
2011-07-18,-48873.79658301827,316316.6834728834,-342218.01740029897,-681886.0348005979,-100655.23051208431,-196210.46102416862,-80050.04598471589,70056.81166371088
2011-07-19,-18962.761310116763,346227.71874578495,-331087.5588824962,-659625.1177649924,-93797.08400915004,-182494.1680183001,-68919.5874669131,76914.95816664514
2011-07-20,-33378.04127871491,331812.4387771868,-337915.83291692747,-673281.6658338549,-97694.29842445374,-190288.59684890747,-75747.8615013444,73017.74375134145
2011-07-21,-33558.72472546484,331631.75533043686,-336999.0245625038,-671448.0491250076,-97167.98661915766,-189235.97323831532,-74831.05314692073,73544.05555663753
2011-07-22,-19685.437953698038,345505.04210220365,-329900.59160293784,-657251.1832058757,-93022.39803283194,-180944.7960656639,-67732.62018735475,77689.64414296324
2011-07-25,-21103.26153143605,344087.2185244657,-333418.15069867973,-664286.3013973595,-94071.88790607503,-183043.77581215007,-71250.17928309663,76640.15426972015
2011-07-26,-31435.266574583955,333755.21348131774,-338606.06689208734,-674662.1337841747,-97555.95031131247,-190011.90062262493,-76438.09547650424,73156.09186448272
2011-07-27,-55578.20847766071,309612.271578241,-349911.26799566805,-697272.5359913361,-104628.66546302482,-204157.33092604965,-87743.29658008498,66083.37671277036
2011-07-28,-52338.66792893504,312851.81212696666,-349053.4435956043,-695556.8871912085,-104086.92435977647,-203073.84871955295,-86885.47218002121,66625.11781601871
2011-07-29,-48857.093597988955,316333.38645791274,-350973.7614030298,-699397.5228060596,-105243.86243731063,-205387.72487462126,-88805.7899874467,65468.17973848455
2011-08-01,-44227.9478640899,320962.5321918118,-350488.5173193194,-698427.0346386388,-104414.8479619779,-203729.6959239558,-88320.54590373636,66297.19421381729
2011-08-02,-80092.19290326798,285098.28715263377,-361965.10134050663,-721380.2026810133,-113416.88599081761,-221733.77198163522,-99797.12992492357,57295.156184977575
2011-08-03,-73945.90177800709,291244.57827789464,-361234.6783120371,-719919.3566240742,-112725.18572119497,-220350.37144238994,-99066.70689645404,57986.856454600216
2011-08-04,-138398.15659502143,226792.3234608803,-370803.9562947489,-739057.9125894977,-121134.61449038512,-237169.22898077025,-108635.9848791658,49577.42768541006
2011-08-05,-118956.03603007509,246234.4440258266,-370066.28663543327,-737582.5732708665,-120431.1587100976,-235762.3174201952,-107898.31521985019,50280.88346569758
2011-08-08,-193355.82961081422,190215.45562033425,-373706.1812548108,-744862.3625096217,-123872.7399902932,-242645.4799805864,-111538.20983922773,46839.30218550199
2011-08-09,-145314.84591246233,214871.693689354,-373247.2719800464,-743944.5439600928,-123419.52284809008,-241739.04569618017,-111079.30056446334,47292.5193277051
2011-08-10,-166365.26267714123,206019.23303400772,-373529.82990076236,-744509.6598015247,-123697.20301230741,-242294.40602461481,-111361.85848517928,47014.83916348778
2011-08-11,-133552.6927434415,216718.49311369017,-371890.47749734577,-741230.9549946915,-122087.99171281533,-239075.98342563066,-109722.50608176272,48624.05046297985
2011-08-12,-124910.74774457933,218722.5782771881,-371588.2498622213,-740626.4997244426,-121779.86149682976,-238459.72299365952,-109420.27844663823,48932.18067896542
2011-08-15,-104513.77317244871,224244.9156531988,-371960.65753841726,-741371.3150768345,-122128.77744582703,-239157.55489165406,-109792.68612283419,48583.264729968156
2011-08-16,-125166.2332465131,215391.12731472973,-373164.6463099554,-743779.2926199108,-123330.10938568079,-241560.21877136157,-110996.67489437229,47381.9327901144
2011-08-17,-152741.64361256827,209323.21074387792,-373818.7142352074,-745087.4284704148,-123984.10130203723,-242868.20260407447,-111650.74281962433,46727.94087375795
2011-08-18,-220868.09536209994,181305.87306931854,-373852.11924963194,-745154.2384992639,-124017.50630754985,-242935.0126150997,-111684.14783404887,46694.53586824534
2011-08-19,-249103.07230051598,174374.74950439733,-375000.2503699975,-747400.500739995,-125922.5308251801,-246645.0616503602,-111684.14783404887,46694.53586824533
2011-08-22,-257873.73998601627,174374.74950439733,-382836.7182197922,-763073.4364395844,-129748.60029262507,-254297.20058525013,-111684.14783404887,46694.53586824533
2011-08-23,-192574.82799568772,174374.74950439733,-348022.2824891532,-693444.5649783064,-108573.3887416218,-211946.7774832436,-111684.14783404887,46694.53586824533
2011-08-24,-189829.0377374484,174374.74950439733,-347588.4494724013,-692576.8989448026,-107740.72493793201,-210281.44987586403,-111684.14783404887,46694.53586824533
2011-08-25,-212211.3593256757,174374.74950439733,-362587.7475476808,-722575.4950953616,-115869.7652660185,-226539.530532037,-111684.14783404887,46694.53586824533
2011-08-26,-180215.3259559368,174374.74950439733,-343729.4844819267,-684858.9689638534,-104434.81040894416,-203669.62081788832,-111684.14783404887,46694.53586824533
2011-08-29,-140974.85173732138,174374.74950439733,-319972.7669900794,-637345.5339801589,-89143.48815682626,-173086.97631365253,-111684.14783404887,46694.53586824533
2011-08-30,-116820.70715234007,174374.74950439733,-302014.305893747,-601428.611787494,-79366.1305114663,-153532.2610229326,-111684.14783404887,46694.53586824533
2011-08-31,-117730.30253155736,174374.74950439733,-303477.8754059009,-604355.7508118018,-79365.59320898465,-153531.1864179693,-111684.14783404887,46694.53586824533
2011-09-01,-136059.04210804732,174374.74950439733,-319566.3962639087,-636532.7925278174,-86255.16115303474,-167310.3223060695,-111684.14783404887,46694.53586824533
2011-09-02,-179106.830142285,174374.74950439733,-352589.33171764354,-702578.6634352871,-104770.85271392284,-204341.70542784568,-111684.14783404887,46694.53586824533
2011-09-06,-174313.50631983322,174374.74950439733,-355784.55358201126,-708969.1071640225,-103454.64560750626,-201709.29121501252,-111684.14783404887,46694.53586824533
2011-09-07,-146680.41237850493,174374.74950439733,-336027.601890505,-669455.20378101,-88930.54979108022,-172661.09958216044,-111684.14783404887,46694.53586824533
2011-09-08,-162230.60637349208,174374.74950439733,-349380.8311142085,-696161.662228417,-97040.23037516544,-188880.46075033088,-111684.14783404887,46694.53586824533
2011-09-09,-191916.07839486448,174374.74950439733,-371542.72377164697,-740485.4475432939,-112950.6113281457,-220701.2226562914,-111684.14783404887,46694.53586824533
2011-09-12,-181304.78999221322,174374.74950439733,-371325.01559137396,-740050.0311827479,-109718.34444306068,-214236.68888612135,-111684.14783404887,46694.53586824533
2011-09-13,-171707.53195749488,174374.74950439733,-364184.3522143145,-725768.704428629,-104035.90866159959,-202871.81732319918,-111684.14783404887,46694.53586824533
2011-09-14,-162920.24737788847,174374.74950439733,-358250.31258251425,-713900.6251650285,-99056.77063262774,-192913.54126525548,-111684.14783404887,46694.53586824533
2011-09-15,-188171.59216616277,174374.74950439733,-351512.7076107602,-700425.4152215204,-93110.62990465363,-181021.25980930726,-111684.14783404887,46694.53586824533
2011-09-16,-203626.95275341865,174374.74950439733,-353957.4398528937,-705264.8797057874,-95347.25716926536,-185394.51433853072,-111684.14783404887,46694.53586824533
2011-09-19,-175079.25546020758,174374.74950439733,-339799.3863550133,-676948.7727100266,-86694.02133020957,-168088.04266041913,-111684.14783404887,46694.53586824533
2011-09-20,-202039.65431820988,174374.74950439733,-353505.7761471927,-704361.5522943854,-94837.23661120891,-184374.47322241782,-111684.14783404887,46694.53586824533
2011-09-21,-218924.57669445095,174374.74950439733,-356549.0228606798,-710448.0457213596,-97628.390668752,-189956.781337504,-111684.14783404887,46694.53586824533
2011-09-22,-258072.74473202587,174374.74950439733,-371033.3512605412,-739416.7025210824,-106841.86271655225,-208383.7254331045,-111684.14783404887,46694.53586824533
2011-09-23,-286425.5242288267,174374.74950439733,-383951.4542354324,-765252.9084708648,-115255.64129439031,-225211.28258878062,-111684.14783404887,46694.53586824533
2011-09-26,-261303.7436989882,174374.74950439733,-378253.8074371371,-753857.6148742742,-110982.68133906602,-216665.36267813205,-111684.14783404887,46694.53586824533
2011-09-27,-244851.14847963868,174374.74950439733,-375360.6815071058,-748071.3630142116,-108221.02560019399,-211142.05120038797,-111684.14783404887,46694.53586824533
2011-09-28,-276385.2677733965,174374.74950439733,-383109.07082686794,-763568.1416537359,-114105.38823060805,-222910.7764612161,-111684.14783404887,46694.53586824533
2011-09-29,-303493.85334055085,174374.74950439733,-388548.15758224076,-774446.3151644815,-118298.03566418911,-231296.07132837822,-111684.14783404887,46694.53586824533
2011-09-30,-355863.7936846946,174374.74950439733,-394217.77005955216,-785785.5401191043,-122944.33698924177,-240588.67397848354,-111684.14783404887,46694.53586824533
2011-10-03,-385105.7560957318,174374.74950439733,-398373.9300798674,-794097.8601597348,-126580.85370284088,-247861.70740568175,-111684.14783404887,46694.53586824533
2011-10-04,-360729.7630882033,174374.74950439733,-397253.6248471062,-791857.2496942125,-125544.2573353734,-245788.5146707468,-111684.14783404887,46694.53586824533
2011-10-05,-328739.73574228375,174374.74950439733,-394385.2978045921,-786120.5956091842,-122901.74997121474,-240503.49994242948,-111684.14783404887,46694.53586824533
2011-10-06,-296584.17920845444,174374.74950439733,-393240.7953653666,-783831.5907307332,-121816.6663150682,-238333.3326301364,-111684.14783404887,46694.53586824533
2011-10-07,-316271.8820409724,174374.74950439733,-395165.81852300745,-787681.6370460149,-123544.95712809564,-241789.9142561913,-111684.14783404887,46694.53586824533
2011-10-10,-266851.7172770482,174374.74950439733,-387763.7812560389,-772877.5625120779,-116624.16866662049,-227948.33733324098,-111684.14783404887,46694.53586824533
2011-10-11,-259477.15086169972,174374.74950439733,-387787.39755917754,-772924.7951183551,-116575.89434113917,-227851.78868227833,-111684.14783404887,46694.53586824533
2011-10-12,-253838.33626031358,174374.74950439733,-384430.49383522617,-766210.9876704523,-113552.85454362886,-221805.7090872577,-111684.14783404887,46694.53586824533
2011-10-13,-244613.0016933292,174374.74950439733,-376576.416110219,-750502.832220438,-106907.4501814605,-208514.900362921,-111684.14783404887,46694.53586824533
2011-10-14,-216526.21849850836,174374.74950439733,-360985.8627869688,-719321.7255739376,-96056.84539147206,-186813.69078294412,-111684.14783404887,46694.53586824533
2011-10-17,-227622.09374949968,174374.74950439733,-366014.45428105834,-729378.9085621167,-99974.0100370549,-194648.0200741098,-111684.14783404887,46694.53586824533
2011-10-18,-210642.7482139111,174374.74950439733,-359352.9790443398,-716055.9580886796,-96023.12974176095,-186746.2594835219,-111684.14783404887,46694.53586824533
2011-10-19,-246980.36444223212,174374.74950439733,-375034.136563818,-747418.273127636,-105065.45953607617,-204830.91907215235,-111684.14783404887,46694.53586824533
2011-10-20,-245986.55759465788,174374.74950439733,-370021.9569116929,-737393.9138233858,-101274.14639064245,-197248.2927812849,-111684.14783404887,46694.53586824533
2011-10-21,-223284.42762888482,174374.74950439733,-358982.2853800328,-715264.5707600656,-93635.46161057481,-181870.92322114963,-111684.14783404887,46694.53586824533
2011-10-24,-205328.90801863692,174374.74950439733,-351874.7124632963,-701049.4249265926,-88653.51256680528,-171907.02513361056,-111684.14783404887,46694.53586824533
2011-10-25,-237116.66685415103,174374.74950439733,-368645.60241522413,-734591.2048304483,-98854.28513793088,-192308.57027586177,-111684.14783404887,46694.53586824533
2011-10-26,-217540.7036687145,174374.74950439733,-358245.9952465076,-713791.9904930152,-92626.70332159345,-179853.4066431869,-111684.14783404887,46694.53586824533
2011-10-27,-206863.6325222602,174374.74950439733,-351692.9662542129,-700685.9325084258,-88812.43930385532,-172224.87860771065,-111684.14783404887,46694.53586824533
2011-10-28,-192267.44169400714,174374.74950439733,-345260.85630529776,-687821.7126105955,-84503.10348732819,-163606.20697465638,-111684.14783404887,46694.53586824533
2011-10-31,-223233.89338823743,174374.74950439733,-363359.0975832338,-724018.1951664676,-94931.18314020679,-184462.36628041358,-111684.14783404887,46694.53586824533
2011-11-01,-240936.547586493,174374.74950439733,-372404.2987351897,-742108.5974703794,-100679.2389800339,-195958.4779600678,-111684.14783404887,46694.53586824533
2011-11-02,-230302.7715041417,174374.74950439733,-369814.0924838799,-736928.1849677598,-98439.43254824259,-191478.86509648518,-111684.14783404887,46694.53586824533
2011-11-03,-220307.89983331194,174374.74950439733,-367858.6807891393,-733017.3615782786,-96268.75301424373,-187137.50602848746,-111684.14783404887,46694.53586824533
2011-11-04,-219706.364628165,174374.74950439733,-368821.7048022019,-734943.4096044038,-96533.7565039043,-187667.5130078086,-111684.14783404887,46694.53586824533
2011-11-07,-221955.5487793541,174374.74950439733,-372896.4628606753,-743092.9257213506,-98705.57689122109,-192011.15378244218,-111684.14783404887,46694.53586824533
2011-11-08,-214156.8984203766,174374.74950439733,-371148.96223055746,-739597.9244611149,-96905.01130838688,-188410.02261677376,-111684.14783404887,46694.53586824533
2011-11-09,-253648.9391402135,174374.74950439733,-389073.59351357643,-775447.1870271529,-111448.69905515389,-217497.39811030778,-111684.14783404887,46694.53586824533
2011-11-10,-242095.75930314456,174374.74950439733,-387819.6868426861,-772939.3736853722,-110091.15023857012,-214782.30047714023,-111684.14783404887,46694.53586824533
2011-11-11,-219879.0562935256,174374.74950439733,-380497.4164586326,-758294.8329172652,-103299.40972366274,-201198.81944732548,-111684.14783404887,46694.53586824533
2011-11-14,-230862.14063485735,174374.74950439733,-387623.6681759706,-772547.3363519412,-109265.68059235065,-213131.3611847013,-111684.14783404887,46694.53586824533
2011-11-15,-233815.5150865954,174374.74950439733,-391084.9373008016,-779469.8746016033,-112334.30233897253,-219268.60467794506,-111684.14783404887,46694.53586824533
2011-11-16,-259324.6577832651,174374.74950439733,-400303.9395189264,-797907.8790378527,-121362.6716886032,-237325.3433772064,-111684.14783404887,46694.53586824533
2011-11-17,-276076.26422751823,174374.74950439733,-404458.4085102851,-806216.8170205702,-125512.54645012354,-245625.09290024708,-111684.14783404887,46694.53586824533
2011-11-18,-281528.84704757354,174374.74950439733,-407358.0420586303,-811966.0841172606,-128857.16124709432,-252214.32249418864,-111684.14783404887,46694.53586824533
2011-11-21,-299423.96649229934,174374.74950439733,-417832.96909325005,-832915.9381865001,-134888.12169170452,-264276.24338340905,-111684.14783404887,46694.53586824533
2011-11-22,-291693.71843516704,174374.74950439733,-413361.31082050153,-823972.6216410031,-132443.52958103648,-259387.05916207295,-111684.14783404887,46694.53586824533
2011-11-23,-311593.52470352076,174374.74950439733,-423130.4694318317,-843510.9388636634,-138460.00615642863,-271420.0123128572,-111684.14783404887,46694.53586824533
2011-11-25,-320851.5999228584,174374.74950439733,-428015.5717237871,-853281.1434475742,-141656.141825943,-277812.283651886,-111684.14783404887,46694.53586824533
2011-11-28,-285299.4828090936,174374.74950439733,-416292.3550741727,-829834.7101483454,-132609.46400628483,-259718.92801256964,-111684.14783404887,46694.53586824533
2011-11-29,-277176.3046604957,174374.74950439733,-414467.143900164,-826184.287800328,-130730.96753109797,-255961.93506219593,-111684.14783404887,46694.53586824533
2011-11-30,-236401.7670502129,174374.74950439733,-390736.37027685443,-778722.7405537089,-115004.06610478557,-224508.13220957114,-111684.14783404887,46694.53586824533
2011-12-01,-236850.26563887083,174374.74950439733,-391576.69875804405,-780403.3975160881,-115336.40316936112,-225172.80633872224,-111684.14783404887,46694.53586824533
2011-12-02,-247110.0337475777,174374.74950439733,-399853.242716472,-796956.485432944,-119753.54973867962,-234007.09947735924,-111684.14783404887,46694.53586824533
2011-12-05,-245611.6595208541,174374.74950439733,-402035.30719627655,-801320.6143925531,-119859.37853801735,-234218.7570760347,-111684.14783404887,46694.53586824533
2011-12-06,-248322.84774943584,174374.74950439733,-404977.093401632,-807204.186803264,-121401.8108849005,-237303.621769801,-111684.14783404887,46694.53586824533
2011-12-07,-263405.4947531738,174374.74950439733,-413605.67313277355,-824461.3462655471,-127995.71953504476,-250491.43907008952,-111684.14783404887,46694.53586824533
2011-12-08,-281167.2067195012,174374.74950439733,-425481.28611229913,-848212.5722245983,-137023.83835088564,-268547.67670177127,-111684.14783404887,46694.53586824533
2011-12-09,-267673.6430564445,174374.74950439733,-417127.68382989307,-831505.3676597861,-130136.54166601565,-254773.0833320313,-111684.14783404887,46694.53586824533
2011-12-12,-289827.6300283098,174374.74950439733,-430830.6712108001,-858911.3424216002,-141024.71887988405,-276549.4377597681,-111684.14783404887,46694.53586824533
2011-12-13,-307639.01935272414,174374.74950439733,-436566.30284315255,-870382.6056863051,-146328.66265362917,-287157.32530725835,-111684.14783404887,46694.53586824533
2011-12-14,-325784.9905403434,174374.74950439733,-442492.9737507554,-882235.9475015108,-152121.23738939976,-298742.4747787995,-111684.14783404887,46694.53586824533
2011-12-15,-323583.2418357893,174374.74950439733,-442779.36001887964,-882808.7200377593,-152399.4925188922,-299298.9850377844,-111684.14783404887,46694.53586824533
2011-12-16,-319835.9871862308,174374.74950439733,-442428.7605013803,-882057.5210027606,-152449.22806826053,-299298.45613652107,-111684.14783404887,46694.53586824533
2011-12-19,-324916.7406412816,174374.74950439733,-446639.49946512416,-890478.9989302483,-154544.2724894763,-303488.5449789526,-111684.14783404887,46694.53586824533
2011-12-20,-295134.21966670855,174374.74950439733,-431045.95048174803,-859291.9009634961,-145066.65389412982,-284533.30778825964,-111684.14783404887,46694.53586824533
2011-12-21,-292057.3663550534,174374.74950439733,-429787.22584712075,-856774.4516942415,-144115.14046937303,-282630.28093874606,-111684.14783404887,46694.53586824533
2011-12-22,-287568.8407622183,174374.74950439733,-427501.1940750182,-852202.3881500365,-142600.9620447688,-279601.9240895376,-111684.14783404887,46694.53586824533
2011-12-23,-278792.8683007443,174374.74950439733,-421853.250378294,-840906.500756588,-139504.9443213761,-273409.8886427522,-111684.14783404887,46694.53586824533
2011-12-27,-274849.71182072465,174374.74950439733,-421643.3699504147,-840486.7399008294,-138135.6098987588,-270671.2197975176,-111684.14783404887,46694.53586824533
2011-12-28,-289020.56550481566,174374.74950439733,-431766.6311546191,-860733.2623092382,-143581.46745720244,-281562.9349144049,-111684.14783404887,46694.53586824533
2011-12-29,-278161.2398515811,174374.74950439733,-424851.12232920417,-846902.2446584083,-139435.0620187027,-273270.1240374054,-111684.14783404887,46694.53586824533
2011-12-30,-286980.3205662069,174374.74950439733,-431486.26398522366,-860172.5279704473,-142982.70391303263,-280365.40782606526,-111684.14783404887,46694.53586824533
2012-01-03,-279975.86441824347,174374.74950439733,-429090.9635489108,-855381.9270978216,-140570.3365110142,-275540.6730220284,-111684.14783404887,46694.53586824533
2012-01-04,-284658.29934698256,174374.74950439733,-431747.80938718974,-860695.6187743795,-142190.67612561674,-278781.3522512335,-111684.14783404887,46694.53586824533
2012-01-05,-276590.16328737326,174374.74950439733,-424868.5953852499,-846937.1907704998,-138448.62031604047,-271297.24063208094,-111684.14783404887,46694.53586824533
2012-01-06,-287716.20937141357,174374.74950439733,-430978.1338156903,-859156.2676313806,-142041.33646456702,-278482.67292913405,-111684.14783404887,46694.53586824533
2012-01-09,-295980.47024029365,174374.74950439733,-437726.4972352761,-872652.9944705522,-146546.01140573752,-287492.02281147504,-111684.14783404887,46694.53586824533
2012-01-10,-294490.2021399782,174374.74950439733,-436814.792889064,-870829.585778128,-146659.43370141924,-287718.8674028385,-111684.14783404887,46694.53586824533
2012-01-11,-305584.9938548582,174374.74950439733,-435649.82289066695,-868499.6457813339,-146328.46168568433,-287056.92337136867,-111684.14783404887,46694.53586824533
2012-01-12,-304448.8939365892,174374.74950439733,-436079.9388537192,-869359.8777074384,-145533.27775580666,-285466.5555116133,-111684.14783404887,46694.53586824533
2012-01-13,-305387.6269955,174374.74950439733,-434573.9202118762,-866347.8404237524,-144912.91974711613,-284225.83949423226,-111684.14783404887,46694.53586824533
2012-01-17,-294164.548540809,174374.74950439733,-429470.50002140994,-856141.0000428199,-139908.98640718672,-274217.97281437344,-111684.14783404887,46694.53586824533
2012-01-18,-283830.455695317,174374.74950439733,-428752.31888981286,-854704.6377796257,-137205.60104706022,-268811.20209412044,-111684.14783404887,46694.53586824533
2012-01-19,-289140.47743107216,174374.74950439733,-426794.619787845,-850789.23957569,-135975.42697237927,-266350.85394475854,-111684.14783404887,46694.53586824533
2012-01-20,-313993.30988128425,173874.74950439733,-444890.8362305899,-886931.6724611798,-145597.48878780814,-285494.97757561627,-112218.59033964777,45818.68022831661
2012-01-23,-317257.4291208256,170610.63026485592,-447892.96107926377,-892935.9221585275,-147050.18659616812,-288400.37319233624,-115220.71518832166,44365.98241995662
2012-01-24,-315088.92282020114,172779.1365654804,-447335.88649094006,-891821.7729818801,-146554.28739717134,-287408.5747943427,-114663.64059999792,44861.881618953405
2012-01-25,-301280.5443351677,186587.5150505139,-440822.5734776186,-878795.1469552371,-142257.13027816828,-278814.26055633655,-108150.32758667642,49159.038737956485
2012-01-26,-310348.231005109,177519.8283805726,-445851.8832274834,-888853.7664549669,-145333.3641060288,-284966.7282120576,-113179.63733654127,46082.80491009593
2012-01-27,-306179.60913893534,181688.45024674622,-444089.6264103271,-885329.2528206542,-144060.78547430504,-282421.5709486101,-111417.38051938497,47355.383541819705
2012-01-30,-307735.14839389734,180132.9109917842,-446648.24398456427,-890446.4879691285,-145141.9917684061,-284583.9835368122,-113975.99809362211,46274.17724771867
2012-01-31,-301425.9154184774,186442.1439672042,-443690.96020509343,-884531.9204101869,-143031.7851737784,-280363.5703475568,-111018.7143141513,48384.383842346346
2012-02-01,-292508.30300385493,195359.7563818266,-438625.5556833286,-874401.1113666572,-139532.0160274302,-273364.0320548604,-105953.30979238644,51884.15298869455
2012-02-02,-269575.24305435264,218292.81633132894,-419021.7092310112,-835193.4184620224,-131158.14745172855,-256616.2949034571,-86349.46334006905,60258.02156439619
2012-02-03,-255107.73205501487,232760.32733066668,-408510.2074025773,-814170.4148051545,-127332.02208240132,-248964.04416480265,-75837.96151163513,64084.14693372343
2012-02-06,-254966.5370030639,232901.52238261767,-409644.1029077753,-816438.2058155506,-127102.40538513285,-248504.8107702657,-76971.85701683318,64313.76363099189
2012-02-07,-249070.904393036,238797.15499264558,-406196.04112189944,-809542.0822437989,-125169.32633768371,-244638.65267536743,-73523.79523095729,66246.84267844103
2012-02-08,-247843.03214612853,240025.02723955302,-405349.00683316344,-807848.0136663269,-124489.43279284186,-243278.86558568373,-72676.76094222133,66926.73622328287
2012-02-09,-241949.32731200557,245918.73207367602,-400106.064434829,-797362.128869658,-121493.22158664378,-237286.44317328755,-67433.81854388685,69922.94742948096
2012-02-10,-244329.47697572524,243538.58240995632,-403073.0541421749,-803296.1082843498,-122288.95512292293,-238877.91024584585,-70400.80825123272,69127.21389320181
2012-02-13,-230689.86774795616,257178.1916377254,-392633.3232641747,-782416.6465283494,-117049.06418941163,-228398.12837882325,-59961.077373232525,74367.10482671313
2012-02-14,-225389.0502083563,262479.0091773253,-387628.8337500355,-772407.667500071,-115213.11508264046,-224726.23016528093,-54956.587859093386,76203.05393348428
2012-02-15,-233765.38894492856,254102.670440753,-395539.1607785835,-788228.321557167,-117768.12767357173,-229836.25534714345,-62866.91488764138,73648.04134255301
2012-02-16,-224305.65232169072,263562.40706399083,-387165.64488969615,-771481.2897793923,-115431.03636886775,-225162.0727377355,-54493.398998754,75985.132647257
2012-02-17,-225895.22373952702,261972.83564615453,-386122.6456902187,-769345.2913804374,-114837.71793444619,-223875.43586889238,-53450.3997992766,76578.45108167855
2012-02-21,-229999.6186880689,257868.44069761265,-389757.51494659873,-776615.0298931975,-116633.72502660623,-227467.45005321247,-57085.26905565662,74782.4439895185
2012-02-22,-231612.8792304018,256255.18015527976,-391062.32001138385,-779224.6400227677,-117320.44736774494,-228840.89473548988,-58390.074120441765,74095.7216483798
2012-02-23,-230189.32753553183,257678.73185014972,-390528.786854921,-778157.573709842,-116973.11520710237,-228146.23041420474,-57856.54096397894,74443.05380902237
2012-02-24,-226750.40979379253,261117.64959188903,-389920.00451246917,-776940.0090249383,-116247.21844095745,-226694.4368819149,-57247.758621527035,75168.95057516728
2012-02-27,-223906.12058695385,263961.9387987277,-390391.40399008174,-777882.8079801635,-116026.42883180846,-226252.85766361692,-57719.158099139604,75389.74018431628
2012-02-28,-220277.51359100416,267590.5457946774,-388499.5575832661,-774099.1151665322,-114814.85628319446,-223829.71256638892,-55827.311692324016,76601.31273293028
2012-02-29,-227896.74480456716,259971.3145811144,-393131.0114933796,-783362.0229867592,-117817.35550599525,-229834.7110119905,-60458.76560243748,73598.81351012949
2012-03-01,-212257.8690548395,275610.19033084204,-384841.1004244081,-766782.2008488162,-112070.70613576919,-218341.41227153837,-52168.85453346598,79345.46288035555
2012-03-02,-212726.84179823037,275141.21758745116,-385396.9086610776,-767893.8173221552,-112364.74996582638,-218929.49993165277,-52724.662770135474,79051.41905029835
2012-03-05,-206483.43249847894,281384.6268872026,-382295.93253573094,-761691.8650714619,-110421.86562749188,-215043.73125498375,-49623.686644788824,80994.30338863286
2012-03-06,-218449.2373600834,269418.82202559814,-388944.18025894143,-774988.3605178829,-115029.51839669721,-224259.03679339442,-56271.93436799934,76386.65061942753
2012-03-07,-213402.14640387305,274465.9129818085,-386736.3066158564,-770572.6132317128,-113721.18404930297,-221642.36809860595,-54064.06072491431,77694.98496682176
2012-03-08,-200952.57554065288,286915.4838450287,-380636.78915544495,-758373.5783108899,-108254.24666892798,-210708.49333785597,-47964.543264502856,83161.92234719676
2012-03-09,-200634.49117433268,287233.56821134884,-379780.49742919614,-756660.9948583923,-108039.78749699515,-210279.5749939903,-47108.25153825404,83376.38151912959
2012-03-12,-201624.43185826467,286243.62752741686,-382142.2762860704,-761384.5525721408,-108253.76335995353,-210707.52671990707,-49470.030395128284,83162.4056561712
2012-03-13,-194518.86664880486,293349.1927368767,-378152.11417209473,-753404.2283441895,-104176.69125508885,-202553.3825101777,-45479.868281152616,87239.47776103589
2012-03-14,-196442.56159467137,291425.4977910102,-380553.4752953689,-758206.9505907377,-106329.12951909215,-206858.2590381843,-47881.22940442674,85087.03949703259
2012-03-15,-197091.51906971482,290776.5403159667,-381763.16726092185,-760626.3345218437,-106546.0852781813,-207292.1705563626,-49090.92136997972,84870.08373794344
2012-03-16,-203443.34772382423,284424.7116618573,-387687.6665646784,-772425.3331293568,-109726.34516897827,-213552.69033795653,-55015.42067373632,81689.82384714647
2012-03-19,-197440.80299273194,290427.2563929496,-385461.8584605086,-767973.7169210172,-108120.84568294931,-210341.69136589862,-52789.61256956645,83295.32333317543
2012-03-20,-201147.80696784053,286720.25241784105,-387876.0964194932,-772802.1928389864,-109428.88855332496,-212957.7771066499,-55203.8505285511,81987.28046279978
2012-03-21,-194893.22117981734,292974.8382058642,-384591.3797636034,-766232.7595272068,-107428.05235844286,-208956.10471688572,-51919.133872661296,83988.11665768188
2012-03-22,-193403.32618585235,294464.73319982924,-384216.2429511554,-765482.4859023108,-107029.64517093897,-208159.29034187793,-51543.997060213296,84386.52384518577
2012-03-23,-187914.1766090804,299953.8827766012,-381754.2735304961,-760558.5470609922,-105295.79450144008,-204691.58900288015,-49082.02763955401,86120.37451468466
2012-03-26,-166223.7437761609,321644.31560952065,-368286.4848278277,-733622.9696556554,-97353.47578003707,-188806.95156007414,-35614.238936885595,94062.69323608767
2012-03-27,-168613.26991160633,319254.78947407525,-370294.1822765224,-737638.3645530448,-98234.25019843869,-190568.50039687738,-37621.936385580295,93181.91881768605
2012-03-28,-175579.32049775717,312288.7388879244,-375546.3882792672,-748142.7765585344,-100912.7966217027,-195925.5932434054,-42874.14238832506,90503.37239442204
2012-03-29,-174583.41890855756,313284.64047712396,-375061.80238077504,-747173.6047615501,-100554.6785834661,-195209.3571669322,-42389.55648983292,90861.49043265864
2012-03-30,-181279.7700839686,306588.289301713,-379703.88034901,-756457.76069802,-103186.42985670958,-200472.85971341917,-47031.634458067885,88229.73915941516
2012-04-02,-168291.44016042564,319576.6192252559,-371975.1697896833,-741000.3395793666,-97925.29998928933,-189950.59997857866,-39302.923898741195,93490.86902683541
2012-04-03,-164343.40021889482,323524.6591667867,-368890.41271405737,-734830.8254281147,-96327.35005176027,-186754.70010352053,-36218.16682311524,95088.81896436447
2012-04-04,-175769.44359120497,312098.6157944766,-377842.10472086904,-752734.2094417381,-101262.87383901583,-196625.74767803165,-45169.8588299269,90153.29517710891
2012-04-05,-163188.85462420975,324679.20476147183,-368455.16256184893,-733960.3251236979,-95545.15743877304,-185190.31487754607,-35782.91667090681,95871.0115773517
2012-04-09,-176496.04568130564,311372.01370437595,-379522.31820329896,-756094.6364065979,-101030.65684470866,-196161.31368941732,-46850.07231235683,90385.51217141608
2012-04-10,-205213.73447822934,282654.3249074522,-395408.83256851375,-787867.6651370275,-112637.42951971728,-219374.85903943455,-62736.58667757164,78778.73949640746
2012-04-11,-195858.85744063082,292009.20194505074,-391586.13565133297,-780222.2713026659,-109194.90205909999,-212489.80411819997,-58913.889760390855,82221.26695702475
2012-04-12,-187383.52454993292,300484.53483574867,-383374.0243433889,-763798.0486867778,-102710.0837325563,-199520.1674651126,-50701.77845244678,88706.08528356843
2012-04-13,-180965.88404380978,306902.1753418718,-377429.64070345165,-751909.2814069033,-98769.00524284592,-191638.01048569183,-44757.394812509556,92647.16377327882
2012-04-16,-188830.8402675032,299037.21911817836,-383641.65535839845,-764333.3107167969,-101066.2682681196,-196232.5365362392,-50969.40946745631,90349.90074800514
2012-04-17,-173114.28828061162,314753.77110506996,-371152.38981519424,-739354.7796303885,-92777.76812857299,-179655.53625714598,-38480.14392425213,98638.40088755175
2012-04-18,-178868.81721646764,308999.2421692139,-374936.5259020459,-746923.0518040918,-93896.81433739107,-181893.62867478214,-42264.28001110376,97519.35467873367
2012-04-19,-184854.8946480586,303013.16473762295,-377141.3067122103,-751332.6134244206,-94385.2806610282,-182870.5613220564,-44469.060821268184,97030.88835509654
2012-04-20,-176784.637605927,311083.4217797546,-371781.6698017818,-740563.3396035637,-91569.05543515782,-177138.11087031564,-39109.423910839745,99847.11358096692
2012-04-23,-189029.04569925772,298839.0136864239,-378787.65809934936,-754575.3161986987,-95584.04388795557,-185168.08777591115,-46115.41220840726,95832.12512816917
2012-04-24,-198605.81593432048,289262.24345136114,-383394.4736361783,-763788.9472723566,-98553.35525523098,-191106.71051046197,-50722.22774523619,92862.81376089375
2012-04-25,-163774.22230517058,324093.83708051103,-366499.25808139856,-729998.5161627971,-87867.12906446321,-169734.25812892642,-33827.01219045644,103549.03995166153
2012-04-26,-156324.11855932072,331543.9408263609,-362885.33855792315,-722770.6771158463,-85433.6683195687,-164867.3366391374,-30213.09266698104,105982.50069655605
2012-04-27,-145705.87959119142,342162.17979449016,-357150.1568294518,-711300.3136589036,-81815.78705166726,-157631.5741033345,-24477.910938509674,109600.38196445748
2012-04-30,-159059.06097043608,328808.9984152455,-367006.29719410714,-731012.5943882143,-86874.39963334931,-167748.79926669862,-34334.05130316501,104541.76938277543
2012-05-01,-152783.50595835733,335084.5534273243,-363309.5579610608,-723619.1159221216,-84582.80103534236,-163165.60207068472,-30637.31207011865,106833.36798078238
2012-05-02,-142044.78200244796,345823.2773832336,-356673.6966831298,-710347.3933662596,-80579.06527414096,-155158.13054828192,-24001.450792187694,110837.10374198378
2012-05-03,-150571.60145010328,337296.4579355783,-360149.19650405034,-717298.3930081007,-82849.38098481581,-159698.76196963163,-27476.950613108238,108566.78803130893
2012-05-04,-172116.04834197325,315752.0110437083,-371790.676156678,-740581.352313356,-89690.57871345022,-173381.15742690043,-39118.43026573591,101725.59030267452
2012-05-07,-175446.51345911587,312421.5459265657,-375495.9173518094,-747991.8347036188,-91077.16647671761,-176154.33295343522,-42823.67146086726,100339.00253940713
2012-05-08,-186557.6575631196,301310.401822562,-383823.6497673349,-764647.2995346698,-96857.64496256388,-187715.28992512776,-51151.4038763928,94558.52405356086
2012-05-09,-195415.50853170874,292452.55085397285,-386816.16500511713,-770632.3300102343,-99316.04804011493,-192632.09608022985,-54143.919114175,92100.12097600981
2012-05-10,-189080.54476606962,298787.51461961196,-385606.78062995593,-768213.5612599119,-98276.69856436808,-190553.39712873616,-52934.534739013805,93139.47045175666
2012-05-11,-190717.6517705431,297150.40761513845,-386599.18369556783,-770198.3673911357,-98953.14516681587,-191906.29033363174,-53926.9378046257,92463.02384930887
2012-05-14,-211459.77647269022,276408.28291299136,-397297.55570540787,-791595.1114108157,-108193.78024942189,-210387.56049884378,-64625.30981446577,83222.38876670285
2012-05-15,-206797.72922726237,281070.3301584192,-395344.8724763718,-787689.7449527436,-106270.66786902229,-206541.33573804458,-62672.62658542971,85145.50114710245
2012-05-16,-201882.10915817507,285985.9502275065,-392971.19395885145,-782942.3879177029,-103965.27733657345,-201930.5546731469,-60298.948067909354,87450.89167955129
2012-05-17,-241130.0566437572,246738.00274192437,-401407.37676200666,-799814.7535240133,-112230.52818464517,-218461.05636929034,-68735.13087106452,79185.64083147957
2012-05-18,-244582.5081770492,243285.5512086324,-402462.9505991575,-801875.901198315,-113731.36526021863,-221362.73052043727,-69790.70470821536,77684.8037559061
2012-05-21,-211694.0935381151,276173.9658475665,-385015.1913970603,-766980.3827941206,-103421.51526698183,-200743.03053396367,-52342.945506118165,87994.6537491429
2012-05-22,-215123.68444339972,272744.37494228187,-388121.70631505706,-773193.4126301141,-104668.98767841178,-203237.97535682356,-55449.46042411494,86747.18133771296
2012-05-23,-196752.40132633224,291115.65805934934,-375738.95293762395,-748427.9058752479,-98311.48747843971,-190522.97495687942,-43066.707046681855,93104.68153768503
2012-05-24,-200363.11424148612,287504.94514419546,-379348.8947813356,-755647.7895626712,-99501.02195638316,-192902.04391276633,-46676.64889039347,91915.14705974158
2012-05-25,-204325.3830987284,283542.67628695315,-382841.83143501315,-762633.6628700263,-100919.09594778337,-195738.19189556674,-50169.58554407103,90497.07306834137
2012-05-29,-190758.41608716405,297109.6432985175,-375408.2749936428,-747766.5499872856,-95572.75418032645,-185045.5083606529,-42736.02910270072,95843.41483579829
2012-05-30,-194290.87988363073,293577.17950205086,-378413.31924455136,-753776.6384891027,-96993.36357985574,-187886.72715971147,-45741.073353609245,94422.805436269
2012-05-31,-191727.05645131605,296141.00293436553,-376893.13583272696,-750736.2716654539,-95779.28300455981,-185458.56600911962,-44220.889941784844,95636.88601156493
2012-06-01,-230195.21895410036,257672.84043158122,-403516.3835282105,-803982.767056421,-111658.92391898323,-217217.84783796646,-70844.1376372684,79757.24509714151
2012-06-04,-213788.6042969859,274079.4550886957,-396405.4619254138,-789760.9238508276,-105416.73450628037,-204733.46901256073,-63733.21603447166,85999.43450984437
2012-06-05,-215300.24740290755,272567.811982774,-399013.4292023548,-794976.8584047096,-106550.4152325207,-207000.8304650414,-66341.1833114127,84865.75378360404
2012-06-06,-191032.39787391992,296835.66151176166,-381752.5861830095,-760455.172366019,-94086.6359756812,-182073.2719513624,-49080.34029206736,97329.53304044354
2012-06-07,-198563.08271620705,289304.9766694745,-388574.3545156719,-774098.7090313438,-98059.30906657549,-190018.61813315097,-55902.10862472976,93356.85994954925
2012-06-08,-190537.7532130017,297330.3061726799,-382501.4421886026,-761952.8843772052,-93719.72415172306,-181339.44830344612,-49829.196297660455,97696.44486440168
2012-06-11,-206357.6901890112,281510.36919667036,-398284.39378494374,-793518.7875698875,-103120.21712122201,-200140.43424244403,-65612.1478940016,88295.95189490273
2012-06-12,-191264.34631031853,296603.713075363,-386013.3649339853,-768976.7298679706,-92362.56955083713,-178625.13910167426,-53341.11904304317,99053.59946528761
2012-06-13,-208138.3376874755,279729.7216982061,-400502.0953934348,-797954.1907868696,-104002.83228618941,-201905.66457237882,-67829.8495024927,87413.33672993533
2012-06-14,-198622.642799013,289245.4165866686,-394110.41186126193,-785170.8237225239,-96845.1002410696,-187590.2004821392,-61438.16597031978,94571.06877505514
2012-06-15,-192268.5165371812,295517.4226975175,-388635.4041078955,-774170.808215791,-90691.8066676219,-175183.6133352438,-55963.1582169534,100724.36234850284
2012-06-18,-167535.3270074001,320250.6122272986,-376429.0581417213,-749758.1162834426,-83132.21988305963,-160064.43976611926,-43756.81225077915,108283.9491330651
2012-06-19,-166049.27533993436,321736.6638947643,-376019.0296385737,-748938.0592771474,-82693.10750522591,-159186.21501045182,-43346.783747631576,108723.06151089883
2012-06-20,-172278.96818553173,315506.9710491669,-380329.74907229893,-757559.4981445979,-84904.85419880539,-163609.70839761078,-47657.503181356806,106511.31481731935
2012-06-21,-195021.4952976214,292764.44393707725,-392916.9553728386,-782733.9107456772,-92509.43101430044,-178818.86202860088,-60244.7094818965,98906.7380018243
2012-06-22,-186200.23213211773,301585.7071025809,-388773.1728730089,-774446.3457460178,-89757.0213591637,-173314.0427183274,-56100.92698206676,101659.14765696104
2012-06-25,-199568.53572192817,288217.4035127705,-396445.0093534462,-789790.0187068924,-94467.18873963226,-182734.3774792645,-63772.76346250407,96948.98027649248
2012-06-26,-184907.97335442438,302877.9658802743,-389468.11300464405,-775836.2260092881,-89735.10241181846,-173270.20482363692,-56795.867113701905,101681.06660430628
2012-06-27,-213440.14406101726,274345.79517368146,-389552.3025141988,-776004.6050283976,-91390.05410337076,-176580.1082067415,-56880.0566232567,100026.11491275398
2012-06-28,-221963.24718062638,265822.6920540723,-388779.18809527863,-774458.3761905573,-91944.33747294279,-177688.67494588558,-56106.94220433651,99471.83154318195
2012-06-29,-191212.8982974251,291666.42243477295,-372573.02852282446,-742046.0570456489,-83914.28997452749,-161628.57994905498,-39900.782631882306,107501.87904159725
2012-07-02,-180474.58489784002,299719.2446659434,-369126.1181512823,-735152.2363025646,-81214.74942726057,-156229.49885452114,-36453.8722603402,110201.41958886417
2012-07-03,-184667.12309808526,297020.89419112925,-370227.33590450726,-737354.6718090145,-81731.6768274519,-157263.3536549038,-37555.090013565154,109684.49218867284
2012-07-05,-152310.83026988685,324894.609400717,-355347.46203719167,-707594.9240743833,-72059.68238387763,-137919.36476775527,-22675.21614624956,119356.4866322471
2012-07-06,-149616.88408400893,327265.4665019759,-353285.2748209428,-703470.5496418856,-71334.34135588491,-136468.68271176983,-20613.028930000655,120081.82766023983
2012-07-09,-148867.86390500233,328034.691483154,-353504.9398674835,-703909.879734967,-69515.79746888285,-132831.5949377657,-20832.693976541363,121900.37154724188
2012-07-10,-160324.1394313391,315589.001670058,-365657.14665196143,-728214.2933039229,-73560.15673908367,-140920.31347816734,-32984.90076101932,117856.01227704107
2012-07-11,-166440.7760175795,307857.0351992614,-372986.719850006,-742873.439700012,-76676.69486027272,-147153.38972054544,-40314.473959063886,114739.47415585202
2012-07-12,-148646.63370898739,319209.97611789615,-363402.5103487442,-723705.0206974884,-72257.7084296055,-138315.416859211,-30730.264457802125,119158.46058651924
2012-07-13,-140748.95251606972,326118.2719086895,-357806.14863457903,-712512.2972691581,-67813.26987057186,-129426.53974114373,-25133.902743636914,123602.89914555287
2012-07-16,-138835.5690735886,330272.9586027935,-354673.1755165602,-706246.3510331204,-64754.02807360883,-123308.05614721766,-22000.92962561806,126662.1409425159
2012-07-17,-133000.2383384053,332191.0562376005,-353138.1081304931,-703176.2162609862,-61806.51511528247,-117413.03023056494,-20465.86223955096,129609.65390084227
2012-07-18,-135562.54662270134,325529.8160565581,-359884.10334081546,-716668.2066816309,-62073.72153516635,-117947.4430703327,-27211.85744987332,129342.44748095839
2012-07-19,-136071.35870285862,325848.8520573739,-359590.5134304171,-716081.0268608342,-60729.24880119988,-115258.49760239976,-26918.26753947499,130686.92021492486
2012-07-20,-148454.276555759,319106.0625311596,-366457.74696252216,-729765.4939250443,-69303.84303797418,-132307.68607594835,-33785.50107158004,122112.32597815056
2012-07-23,-151020.54189778652,316539.7971891321,-370059.9191860683,-736969.8383721366,-70836.26291233246,-135372.52582466492,-37387.67329512615,120579.90610379228
2012-07-24,-157850.1574340763,309710.18165284226,-374053.36266546114,-744956.7253309223,-73196.93664876875,-140093.8732975375,-41381.11677451899,118219.23236735599
2012-07-25,-155010.93580865904,312549.4032782595,-373447.11935787054,-743744.2387157411,-72615.27063643241,-138930.54127286482,-40774.873466928395,118800.89837969233
2012-07-26,-125374.89158650998,342185.44750040857,-354406.5814398602,-705663.1628797204,-62227.960028004185,-118155.92005600837,-21734.33554891809,129188.20898812055
2012-07-27,-118613.28519533825,348947.0538915803,-351609.5038916001,-700069.0077832002,-60057.36124168053,-113814.72248336107,-18937.258000657996,131358.8077744442
2012-07-30,-117920.40162614809,349639.9374607705,-352107.2351213573,-701064.4702427146,-59830.931733429505,-113361.86346685901,-19434.98923041518,131585.23728269522
2012-07-31,-130813.09294088033,336747.24614603823,-360965.5016813557,-718781.0033627114,-64661.785318142625,-123023.57063628525,-28293.25579041356,126754.3836979821
2012-08-01,-137847.5245663628,329712.8145205558,-364507.05461785104,-725864.1092357021,-67195.06966255316,-128090.13932510631,-31834.808726908897,124221.09935357158
2012-08-02,-141337.9979124391,326222.34117447946,-367284.0195618422,-731418.0391236844,-68459.50530247901,-130619.01060495802,-34611.77367090009,122956.66371364573
2012-08-03,-115268.73840142165,352291.60068549693,-352734.22358184255,-702318.4471636851,-59375.341863581445,-112450.68372716289,-20061.97769090043,132040.8271525433
2012-08-06,-111520.3474949344,356039.9915919842,-351026.4578319515,-698902.915663903,-59398.82780706718,-112497.65561413436,-18354.211941009387,132017.34120905754
2012-08-07,-89243.72099727401,378316.6180896446,-336365.0308884778,-669580.0617769556,-51013.46460408527,-95726.92920817054,-3692.784997535695,140402.7044120395
2012-08-08,-89634.14195600245,377926.1971309161,-336006.40596521116,-668862.8119304223,-51441.32145857733,-96582.64291715466,-3334.160074269028,139974.84755754741
2012-08-09,-111280.71061002281,356279.62847689574,-343037.0422113725,-682924.084422745,-59784.35683485655,-113268.7136697131,-10364.79632043037,131631.81218126818
2012-08-10,-124218.75867400595,343341.58041291265,-335394.4852739083,-667638.9705478166,-61785.71476455285,-117271.4295291057,-2722.2393829661924,129630.45425157188
2012-08-13,-125580.05425003887,341980.2848368797,-336329.73019835283,-669509.4603967057,-61509.58997412662,-116719.17994825324,-3657.4843074107266,129906.57904199812
2012-08-14,-110850.36204024561,340333.19535869866,-337418.9113089781,-671687.8226179562,-61609.81177737421,-116919.62355474842,-4746.665418035947,129806.35723875053
2012-08-15,-110249.28432255793,340349.4037432656,-339664.97828378703,-676179.9565675741,-61567.88452495066,-116835.76904990133,-6992.732392844875,129848.28449117407
2012-08-16,-95860.15614649907,350182.56116243906,-335168.7106181397,-667187.4212362794,-61038.75071656655,-115777.5014331331,-2496.4647271975555,130377.4182995582
2012-08-17,-79717.16201503738,364460.0032028802,-322998.59425520425,-642797.1885104085,-58729.48144693812,-111058.96289387625,9673.65163573788,132686.68756918662
2012-08-20,-99153.60891642472,345023.55630149285,-333455.2856837994,-663710.5713675988,-64935.09803519411,-123470.19607038822,-783.0397928572929,126481.07098093064
2012-08-21,-110681.71006952494,333495.45514839265,-338367.8326383835,-673535.665276767,-68208.68517488668,-130017.37034977334,-5695.586747441343,123207.48384123808
2012-08-22,-85231.38571798478,358945.77949993283,-328594.51928642194,-653989.0385728439,-61388.795404676035,-116377.59080935207,4077.726604520204,130027.37361144873
2012-08-23,-98995.36570628849,345181.7995116291,-334726.5884876767,-666253.1769753534,-65452.025334960075,-124504.05066992015,-2054.3425967345593,125964.14368116467
2012-08-24,-85947.82639255068,358229.3388253669,-329487.1582410342,-655774.3164820684,-61782.16648515382,-117164.33297030765,3185.0876499079213,129634.00253097093
2012-08-27,-98455.97811469814,345721.18710321945,-337076.86651361384,-670953.7330272277,-66539.30244159704,-126678.60488319407,-4404.620622671713,124876.86657452771
2012-08-28,-98802.50078494685,345374.66443297075,-337723.4146679808,-672246.8293359616,-66887.60808641663,-127375.21617283326,-5051.168777038665,124528.56092970812
2012-08-29,-94806.31823436021,349370.8469835574,-336344.59709529567,-669489.1941905913,-65807.57406711164,-125215.14813422326,-3672.3512043535084,125608.59494901312
2012-08-30,-105457.89761399612,338719.2676039215,-339789.1980203262,-676378.3960406524,-68321.51257340658,-130243.02514681316,-7116.952129384048,123094.65644271817
2012-08-31,-97947.30321147223,346229.86200644536,-336345.96989136864,-669491.9397827373,-65723.93199846869,-125047.86399693738,-3673.7240004265295,125692.23701765607
2012-09-04,-86010.69419795932,358166.47101995826,-333655.9006269902,-664111.8012539804,-63018.92082359611,-119637.84164719222,-983.6547360480708,128397.24819252864
2012-09-05,-84813.44297546662,359363.722242451,-333278.597755955,-663357.19551191,-62721.54163054953,-119043.08326109906,-606.3518650128717,128694.62738557522
2012-09-06,-64467.17882221304,379709.98639570456,-317715.8719700706,-632231.7439401412,-52047.36227390466,-97694.72454780932,14956.373920871552,139368.8067422201
2012-09-07,-72794.66221002414,371382.50300789345,-318678.9426413805,-634157.885282761,-52818.36101743289,-99236.72203486579,13993.303249561628,138597.80799869186
2012-09-10,-91446.74612344468,352730.41909447295,-329386.71156741964,-655573.4231348393,-59182.1285182013,-111964.2570364026,3285.534323522498,132234.04049792344
2012-09-11,-84345.39857438335,359831.76664353424,-323667.2790101129,-644134.5580202258,-55287.53994223772,-104175.07988447545,9004.966880829208,136128.62907388704
2012-09-12,-59060.3036024881,385733.69961787976,-303050.21123887796,-602900.4224777559,-43113.41014388039,-79826.82028776078,29622.034652064194,148302.75887224436
2012-09-13,-35642.42872991237,407357.3612740684,-285372.64200440916,-567545.2840088183,-35545.4747856643,-64690.9495713286,47299.60388653296,155870.69423046045
2012-09-14,-11100.302511704867,431002.39061124064,-262810.36306917295,-522420.72613834596,-28856.310697289417,-51312.62139457883,69861.88282176916,162559.85831883532
2012-09-17,-30571.3931827833,415624.31297114945,-276826.960150143,-550453.920300286,-29868.096434011313,-53336.19286802263,55845.2857407991,161548.07258211344
2012-09-18,-45558.17526911916,400973.9738284657,-287044.187519999,-570888.375039998,-31238.660102038844,-56077.320204077696,45628.05837094313,160177.50891408592
2012-09-19,-23717.94140425427,424047.6891550695,-263788.4397125675,-524376.879425135,-27423.598209819764,-48447.19641963954,68883.80617837465,163992.57080630498
2012-09-20,-10615.548782171696,434066.3392141724,-257695.18252961108,-512190.36505922215,-26107.977997789494,-45815.95599557899,74977.06336133105,165308.19101833526
2012-09-21,2440.2802470111674,441847.8332544192,-247125.14952121506,-491000.2990424301,-26848.200542666706,-47196.40108533341,85547.09636972706,164567.96847345805
2012-09-24,-5577.553698021025,433829.999309387,-253099.85899724235,-502949.7179944847,-29967.41463231249,-53434.82926462498,79572.3868936998,161448.75438381228
2012-09-25,-25126.639803092028,414280.913204316,-261077.620373154,-518905.240746308,-35382.304616966794,-64264.60923393359,71594.62551778814,156033.86439915796
2012-09-26,-55504.17528252181,383903.3777248862,-270847.2143638189,-538444.4287276377,-42410.39759831615,-78320.7951966323,61825.0315271233,149005.7714178086
2012-09-27,-38241.69979317536,401165.85321423266,-265554.9486203795,-527859.897240759,-38635.76191736947,-70771.52383473894,67117.29727056267,152780.4070987553
2012-09-28,-53668.65020494269,385738.9028024653,-271702.62678874965,-540155.2535774993,-42833.75037766379,-79167.50075532758,60969.61910219252,148582.41863846098
2012-10-01,-63402.3109938424,376005.2420135656,-276861.2176985061,-550472.4353970122,-46539.584046361735,-86579.16809272347,55811.028192436046,144876.58496976303
2012-10-02,-56199.62120877107,383207.9317986369,-275970.9877407024,-548691.9754814048,-45719.87905466206,-84939.75810932412,56701.25815023972,145696.2899614627
2012-10-03,-18341.855502033584,421065.69750537444,-266271.3061078861,-529292.6122157722,-37583.78724636974,-68667.57449273948,66400.93978305609,153832.381769755
2012-10-04,-12164.542382009131,427243.0106253989,-264758.84670372144,-526267.6934074429,-36210.11900939184,-65920.23801878368,67913.39918722068,155206.05000673293
2012-10-05,-13453.686162365513,425953.8668450425,-265472.3773281851,-527694.7546563701,-36739.5962368274,-66979.1924736548,67199.86856275705,154676.57277929736
2012-10-08,-28007.852890775768,411399.7001166323,-273231.75440013834,-543213.5088002767,-42805.28466907695,-79110.5693381539,59440.49149080378,148610.8843470478
2012-10-09,-48177.225096571165,391230.32791083684,-278962.87363516085,-554675.7472703217,-47850.885965469235,-89201.77193093847,53709.37225578127,143565.28305065553
2012-10-10,-45790.857341430936,393616.6956659771,-278523.0884297995,-553796.176859599,-47450.33812345291,-88400.67624690582,54149.157461142655,143965.83089267186
2012-10-11,-55981.23226257632,383426.3207448317,-280135.28370387555,-557020.5674077511,-48995.607381327354,-91491.21476265471,52536.962187066565,142420.5616347974
2012-10-12,-69418.59814876226,369988.95485864574,-284409.04292120907,-565568.0858424181,-52893.48209679758,-99286.96419359517,48263.20296973305,138522.68691932719
2012-10-15,-41718.266071364065,397689.28693604394,-283035.98614611855,-562821.9722922371,-51506.50032417258,-96513.00064834516,49636.25974482361,139909.6686919522
2012-10-16,-44691.703289978934,394715.8497174291,-283737.65526068123,-564225.3105213625,-52197.389996264086,-97894.77999252817,48934.59063026091,139218.77901986067
2012-10-17,-21744.220157923082,417663.3328494849,-277898.8607725467,-552547.7215450933,-46369.65260178397,-86239.30520356794,54773.38511839548,145046.5164143408
2012-10-18,-17830.456612472717,421577.0963949353,-274758.2592162463,-546266.5184324926,-43214.30236415899,-79928.60472831798,57913.98667469581,148201.86665196577
2012-10-19,-18428.24844023696,420893.31759297487,-272983.9054085283,-542667.8108170566,-41987.065853792476,-77374.13170758495,59688.34048241386,149429.1031623323
2012-10-22,-15716.347671650663,423605.2183615612,-274342.49573717796,-545384.9914743559,-41990.62862859605,-77381.2572571921,58329.75015376416,149425.54038752872
2012-10-23,-39106.69589373363,400214.87013947824,-286367.80851871637,-569435.6170374327,-49490.52108997503,-92381.04217995006,46304.43737222574,141925.64792614972
2012-10-24,-30010.12656901427,409311.4394641976,-283454.8190302162,-563609.6380604324,-47248.44784726869,-87896.89569453738,49217.426860725944,144167.72116885608
2012-10-25,-39786.07625420074,399535.4897790111,-288250.5255982208,-573201.0511964416,-50404.8352395097,-94209.6704790194,44421.72029272129,141011.33377661507
2012-10-26,-42845.34453961199,396476.2214935999,-290446.1333223356,-577592.2666446712,-51727.86111979779,-96855.72223959558,42226.11256860655,139688.30789632697
2012-10-31,-43471.553979709715,395850.01205350214,-296836.9469757768,-590373.8939515536,-55280.78112370615,-103961.5622474123,35835.29891516533,136135.38789241863
2012-11-01,-13562.065512271925,425759.50052093994,-284731.8648219412,-566163.7296438824,-45733.241074385194,-84866.48214877039,47940.38106900094,145682.92794173956
2012-11-02,-39485.94509220717,399835.62094100466,-297403.66776014183,-591507.3355202837,-55353.76478142152,-104107.52956284305,35268.57813080029,136062.40423470322
2012-11-05,-14061.931629462142,425259.6344037497,-290295.70958715805,-577291.4191743161,-48759.51391966437,-90919.02783932874,42376.53630378406,142656.6550964604
2012-11-06,-2812.1284552464967,436509.4375779654,-284127.7076891644,-564955.4153783288,-44161.15503132563,-81722.31006265126,48544.53820177772,147255.01398479912
2012-11-07,-14314.629917942655,425006.9361152692,-292684.8411856255,-582069.682371251,-50292.99535247964,-93985.99070495927,39987.4047053166,141123.1736636451
2012-11-08,-27256.242512647597,412065.32352056424,-298552.2852760077,-593804.5705520154,-55469.66431501299,-104339.32863002598,34119.96061493439,135946.50470111176
2012-11-09,-44228.27587337121,395093.29015984066,-305154.87237706163,-607009.7447541233,-61243.40677518865,-115886.8135503773,27517.3735138805,130172.7622409361
2012-11-12,-78539.34327187808,360782.2227613338,-316472.0982820677,-629644.1965641354,-71457.51311051218,-136315.02622102437,16200.14760887441,119958.65590561258
2012-11-13,-84749.79389475769,354571.77213845414,-318086.63485168887,-632873.2697033777,-73017.76114485326,-139435.5222897065,14585.61103925325,118398.40787127151
2012-11-14,-120813.73166994759,318507.83436326426,-321716.8597878979,-640133.7195757958,-76630.13388827609,-146660.26777655218,10955.386103044228,114786.03512784868
2012-11-15,-122541.06982005155,316780.49621316034,-322101.69049687585,-640903.3809937517,-77014.94087130818,-147429.88174261636,10570.555394066272,114401.22814481659
2012-11-16,-100003.02188408437,335532.447926275,-323148.7631264697,-642947.5262529394,-78587.68495410637,-150475.36990821274,10354.04787489208,114184.72062847798
2012-11-19,-80162.90794430336,335532.447926275,-314494.36646866414,-625638.7329373283,-72890.70236143653,-139081.40472287306,10354.04787489208,114184.72062847798
2012-11-20,-58389.13797003741,335532.447926275,-302193.71902568924,-601037.4380513785,-65722.43489045759,-124744.86978091518,10354.04787489208,114184.72062847798
2012-11-21,-54866.809525306635,335532.447926275,-300849.05089093995,-598348.1017818799,-64594.26888380471,-122488.53776760942,10354.04787489208,114184.72062847798
2012-11-23,-45270.63706719424,335532.447926275,-296062.00945951167,-588774.0189190233,-61292.80716064675,-115885.6143212935,10354.04787489208,114184.72062847798
2012-11-26,-49162.72701943746,335532.447926275,-300926.65098008723,-598503.3019601745,-62807.81992505874,-118915.63985011748,10354.04787489208,114184.72062847798
2012-11-27,-49965.72671452392,335532.447926275,-302136.74422153604,-600923.4884430721,-63140.805925861314,-119581.61185172263,10354.04787489208,114184.72062847798
2012-11-28,-53516.78010314574,335532.447926275,-305654.3119931428,-607958.6239862856,-64633.3060337834,-122566.6120675668,10354.04787489208,114184.72062847798
2012-11-29,-51210.469676479894,335532.447926275,-305120.0505166847,-606890.1010333694,-63837.55495966063,-120975.10991932126,10354.04787489208,114184.72062847798
2012-11-30,-55240.23823625466,335532.447926275,-308618.70327496994,-613887.4065499399,-65532.25945277769,-124364.51890555538,10354.04787489208,114184.72062847798
2012-12-03,-59718.00553178029,335532.447926275,-314325.79957855976,-625301.5991571195,-67886.40699981406,-129072.81399962812,10354.04787489208,114184.72062847798
2012-12-04,-60301.229692931935,335532.447926275,-314633.22754732746,-625916.4550946549,-68051.93418124111,-129403.86836248223,10354.04787489208,114184.72062847798
2012-12-05,-75610.02312246211,335532.447926275,-322972.2799971882,-642594.5599943764,-74673.15665553544,-142646.31331107087,10354.04787489208,114184.72062847798
2012-12-06,-72307.18662148126,335532.447926275,-322341.228534883,-641332.457069766,-73780.03120399785,-140860.0624079957,10354.04787489208,114184.72062847798
2012-12-07,-61086.55419720342,335532.447926275,-313798.49439137237,-624246.9887827447,-69487.80652625354,-132275.61305250708,10354.04787489208,114184.72062847798
2012-12-10,-63495.46928528892,335532.447926275,-316774.29387904983,-630198.5877580997,-71698.02098116548,-136696.041962331,10354.04787489208,114184.72062847798
2012-12-11,-63064.06152605824,335532.447926275,-318397.41270122904,-633444.8254024581,-71869.64710434931,-137039.29420869861,10354.04787489208,114184.72062847798
2012-12-12,-42835.1670701672,335532.447926275,-306180.81782666006,-609011.6356533201,-61272.244994601744,-115844.48998920349,10354.04787489208,114184.72062847798
2012-12-13,-53059.11541102025,335532.447926275,-314774.5873483366,-626199.1746966732,-65872.32495882006,-125044.64991764011,10354.04787489208,114184.72062847798
2012-12-14,-49478.38136020709,335532.447926275,-312754.17930167535,-622158.3586033507,-65056.531364636496,-123413.06272927299,10354.04787489208,114184.72062847798
2012-12-17,-8641.245894403619,335532.447926275,-285244.50360315933,-567139.0072063187,-42024.46749031908,-77348.93498063817,10354.04787489208,114184.72062847798
2012-12-18,6890.560180237386,335532.447926275,-270504.0122811908,-537658.0245623816,-31396.348438173438,-56092.696876346876,10354.04787489208,114184.72062847798
2012-12-19,-2095.7744586107437,335532.447926275,-278052.1653278583,-552754.3306557166,-35348.47014934687,-63996.940298693735,10354.04787489208,114184.72062847798
2012-12-20,6315.6987102304265,335532.447926275,-272272.1835865014,-541194.3671730028,-31192.46625385323,-55684.93250770646,10354.04787489208,114184.72062847798
2012-12-21,-9416.913307321507,335032.447926275,-288212.2614528465,-573024.522905693,-41409.784262680696,-76019.56852536139,9691.101834544821,113089.2806072651
2012-12-24,-13369.977045476026,331079.3841881205,-292217.9355572508,-581035.8711145016,-43286.641952789745,-79773.28390557949,5685.427730140533,111212.42291715606
2012-12-26,-15786.151189656963,328663.2100439396,-294308.3570152429,-585216.7140304858,-44400.45529761962,-82000.91059523924,3595.006272148382,110098.60957232618
2012-12-27,-13860.866565691944,330588.49466790457,-294313.2987803278,-585226.5975606556,-44142.06827462728,-81484.13654925456,3590.064507063571,110356.99659531852
2012-12-28,-24787.05801240997,319662.30322118656,-299909.3665050916,-596418.7330101832,-47815.64153911946,-88831.28307823892,-2006.0032177003068,106683.42333082635
2012-12-31,-414.92196073442756,344034.4392728621,-290797.7726946472,-578195.5453892944,-40807.411325472414,-74814.82265094483,7105.590592744107,113691.65354447339
2013-01-02,33272.11750190409,377721.4787355006,-271019.1650283621,-538638.3300567243,-27764.029768827386,-48728.05953765477,26884.198259029203,126735.03510111841
2013-01-03,31023.323722529603,375472.68495612615,-273511.8735598722,-543623.7471197444,-28717.076369675196,-50634.15273935039,24391.489727519125,125781.9885002706
2013-01-04,41052.89251127178,385502.2537448683,-267286.1989803691,-531172.3979607382,-24350.18800378705,-41900.3760075741,30617.16430702226,130148.87686615875
2013-01-07,48587.38144078858,393036.7426743851,-263381.3878738361,-523362.77574767213,-20391.369967024104,-33982.73993404821,34521.97541355526,134107.6949029217
2013-01-08,51159.420789510434,395608.78202310693,-262113.95850313228,-520827.91700626456,-18880.11522347219,-30960.230446944377,35789.40478425906,135618.94964647363
2013-01-09,46984.081212036035,391433.44244563254,-264996.348599987,-526592.697199974,-20946.054572234596,-35092.10914446919,32907.01468740433,133553.0102977112
2013-01-10,48849.70290875592,393299.06414235244,-265430.74805404106,-527461.4961080821,-19627.69528880718,-32455.39057761436,32472.61523335025,134871.36958113863
2013-01-11,44003.35519467427,388452.7164282708,-269916.0269913825,-536432.053982765,-22226.218829345544,-37652.43765869109,27987.336296008856,132272.84604060027
2013-01-14,38791.9632105719,383241.3244441684,-276673.3591712609,-549946.7183425218,-24792.924015267272,-42785.848030534544,21230.00411613039,129706.14085467852
2013-01-15,39409.8176667911,383859.1789003876,-277395.92202067253,-551391.8440413451,-23963.96917661161,-41127.93835322322,20507.441266718815,130535.0956933342
2013-01-16,37485.15476937677,381934.5160029733,-280007.1802688977,-556614.3605377953,-25024.364923107474,-43248.72984621495,17896.183018493677,129474.69994683833
2013-01-17,57401.0181694037,401850.37940300023,-259474.49327643163,-515548.98655286327,-9079.375372811475,-11358.75074562295,38428.870010959705,145419.68949713433
2013-01-18,48578.66590619028,393028.0271397868,-267052.40750224696,-530654.8150044939,-17318.103827854124,-27736.207655708244,30850.955785144386,137180.9610420917
2013-01-22,57319.578145241,401768.93937883753,-265135.2015279713,-526820.4030559426,-15353.611220090528,-23807.222440181056,32768.161759420036,139145.45364985528
2013-01-23,73540.20731389652,417989.568547493,-256351.21888875877,-509252.43777751754,-10003.68567170436,-13107.37134340872,41552.14439863258,144495.37919824143
2013-01-24,83725.05967924124,428174.4209128377,-250024.47607412486,-496598.9521482497,-6520.866271523839,-6141.732543047678,47878.8872132665,147978.19859842196
2013-01-25,103509.88445135497,447959.2456849515,-238445.413682837,-473440.827365674,662.3354658317221,8224.670931663444,59457.949604554335,155161.40033577752
2013-01-28,84924.43948868019,429373.80072227673,-252942.56791329937,-502435.13582659874,-6305.3681874466565,-5710.736374893313,44960.79537409199,148193.69668249914
2013-01-29,105944.46986672787,450393.8311003244,-237780.5301595941,-472111.0603191882,1259.349763152928,9418.699526305856,60122.83312779725,155758.41463309873
2013-01-30,99058.01792200649,443507.379155603,-241733.7668163153,-480017.5336326306,-1831.3194035790293,3237.3611928419414,56169.596471076045,152667.74546636676
2013-01-31,111497.51811199402,455946.87934559054,-229869.31883383443,-456288.63766766887,1575.5348483586713,10051.069696717343,68034.04445355691,156074.59971830447
2013-02-01,112920.09461860938,457369.4558522059,-227342.99989008775,-451235.9997801755,1275.9523495362591,9451.904699072518,70560.36339730358,155775.01721948205
2013-02-04,96727.19466171929,441176.5558953158,-237564.45752253596,-471678.9150450719,-5490.22663835721,-4080.453276714419,60338.90576485539,149008.8382315886
2013-02-05,105054.54094293407,449503.90217653057,-233687.47310611242,-463924.94621222484,-1830.7176601643805,3238.564679671239,64215.89018127892,152668.3472097814
2013-02-06,96035.28986692509,440484.6511005216,-240168.90874466032,-476887.81748932065,-7805.101348246404,-8710.202696492808,57734.45454273104,146693.9635216994
2013-02-07,90517.53159381656,434966.8928274131,-241113.4621826965,-478776.924365393,-11108.24821062894,-15316.496421257882,56789.90110469484,143390.81665931686
2013-02-08,99261.18087284593,443710.54210644244,-233418.01706331017,-463386.03412662033,-10591.788452227709,-14283.57690445542,64485.34622408118,143907.2764177181
2013-02-11,90723.93766346062,435173.29889705713,-238727.15665635676,-474004.3133127135,-14931.857734011257,-22963.715468022514,59176.20663103459,139567.20713593456
2013-02-12,116731.8304363799,461181.1916699764,-230331.12075005763,-457212.24150011525,-5607.882523129745,-4315.76504625949,67572.24253733372,148891.18234681606
2013-02-13,118130.87847502777,462580.2397086243,-229155.41765372752,-454860.83530745504,-6306.609924147069,-5713.2198482941385,68747.94563366384,148192.45494579873
2013-02-14,121263.12709190899,465712.4883255055,-226372.50440809334,-449295.0088161867,-7411.797885807753,-7923.595771615506,71530.85887929799,147087.26698413806
2013-02-15,117097.95150882032,461547.3127424168,-229709.0342324006,-455918.0684648012,-9442.635002243225,-11885.270004486447,68194.32905499077,145056.42986770257
2013-02-19,107988.32133316796,452437.6825667645,-236563.6073841876,-469627.2147683752,-13052.344622614237,-19104.689245228474,61339.75590320375,141446.72024733157
2013-02-20,64510.5165154727,408959.87774906924,-250942.41439621363,-498384.82879242726,-23341.057574188177,-39682.11514837635,46960.9488911777,131158.00729575762
2013-02-21,72370.3821084304,416819.7433420269,-248136.04288957096,-492772.0857791419,-21285.24743836571,-35570.49487673141,49767.32039782039,133213.8174315801
2013-02-22,83997.93231719489,428447.2935507914,-244750.22052134783,-486000.44104269566,-18810.055336502286,-30620.110673004565,53153.1427660435,135689.00953344352
2013-02-25,57806.327109753656,402255.6883433502,-251221.45311484043,-498942.90622968087,-23545.730658403503,-40091.461316807,46681.91017255091,130953.3342115423
2013-02-26,82108.1468182755,426557.508051872,-247182.73917805907,-490865.47835611814,-20210.421861823655,-33420.843723647304,50720.62410933229,134288.64300812213
2013-02-27,99498.80806101186,443948.1692946084,-244120.4256429909,-484740.8512859818,-17433.77291590556,-27867.54583181112,53782.93764440045,137065.29195404024
2013-02-28,94252.05093152769,438701.4121651242,-246957.5583014509,-490415.1166029018,-19451.111789412025,-31902.22357882405,50945.80498594047,135047.95308053377
2013-03-01,94917.04861893549,439366.409852532,-248231.56656809553,-492963.13313619106,-20217.07377161185,-33434.1475432237,49671.79671929583,134281.99109833397
2013-03-04,113027.68320340085,457477.0444369974,-244474.94076254277,-485449.88152508554,-16507.720680128754,-26015.441360257508,53428.42252484857,137991.34418981706
2013-03-05,124640.4740801962,469089.8353137927,-240139.99828071243,-476779.99656142486,-12641.478591792718,-18282.957183585437,57763.36500667893,141857.5862781531
2013-03-06,117660.5750588623,462109.93629245885,-244253.0460032246,-485006.0920064492,-15978.052826751795,-24956.10565350359,53650.31728416674,138521.012043194
2013-03-07,123013.51563276976,467462.87686636625,-242873.90711302607,-482247.81422605214,-14555.684383672586,-22111.36876734517,55029.45617436527,139943.3804862732
2013-03-08,127411.6884247244,471861.0496583209,-241659.91755323578,-479819.83510647155,-13316.395815047481,-19632.79163009496,56243.44573415555,141182.66905489832
2013-03-11,127412.7300984328,471862.0913320293,-245368.60093805913,-487237.20187611826,-16013.031395439088,-25026.06279087817,52534.76234933221,138486.03347450672
2013-03-12,118367.10871356506,462816.46994716156,-251831.9283243828,-500163.8566487656,-21933.37577002762,-36866.75154005524,46071.43496300855,132565.68909991818
2013-03-13,127495.39078698082,471944.7520205773,-248405.965163921,-493311.930327842,-18479.311229298324,-29958.62245859665,49497.398123470324,136019.75364064748
2013-03-14,143676.53325869236,488125.8944922889,-240407.517026503,-477315.034053006,-10455.355674988874,-13910.711349977748,57495.84626088834,144043.70919495693
2013-03-15,148020.05272865485,492200.85577512725,-237835.65758477864,-472121.3151695573,-8204.37628413337,-9308.752568266736,60067.705702612686,146294.68858581243
2013-03-18,142802.85530154605,486983.6583480185,-241412.26939180453,-479274.53878360905,-10096.533519266242,-13093.067038532485,56491.093895586804,144402.53135067955
2013-03-19,134238.73768639186,478419.5407328643,-244906.82108495917,-486263.64216991834,-12372.529742995925,-17645.05948599185,52996.54220243217,142126.53512694986
2013-03-20,152643.5974953795,496824.40054185194,-235605.43284182105,-467660.8656836421,-6694.596691468711,-6289.193382937419,62297.93044557027,147804.46817847708
2013-03-21,140989.82849479595,485170.6315412684,-241570.4189513943,-479590.8379027886,-10165.93868852654,-13231.877377053075,56332.94433599705,144333.12618141927
2013-03-22,150679.77127436374,494860.57432083617,-237563.96388523476,-471577.9277704695,-7546.891796586879,-7993.7835931737545,60339.39940215658,146952.17307335892
2013-03-25,147901.9133657159,492082.71641218837,-238689.5245306868,-473829.0490613736,-8428.806702862785,-9757.613405725566,59213.83875670456,146070.25816708303
2013-03-26,154543.46413460755,498724.26718107995,-233574.8219946864,-463599.6439893728,-5919.450608351949,-4738.901216703897,64328.54129270493,148579.61426159384
2013-03-27,158072.00921984712,502252.8122663195,-229716.79345182137,-455883.58690364275,-3794.231448746226,-488.4628974924499,68186.56983556997,150704.83342119958
2013-03-28,160066.66569078146,504247.46873725386,-225809.67945618738,-448069.35891237477,-2451.9917305055505,2196.0165389889007,72093.68383120395,152047.07313944024
2013-04-01,158531.84088179976,502712.6439282722,-229466.0909779097,-455382.1819558194,-3386.3281633202864,327.343673359429,68437.27230948163,151112.73670662552
2013-04-02,150384.13645730622,494564.93950377865,-234845.26093219858,-466140.52186439716,-7226.3646883622705,-7352.72937672454,63058.10235519275,147272.70018158352
2013-04-03,110307.91992518077,454488.7229716532,-253202.4751141875,-502854.950228375,-18364.868148669677,-29629.736297339354,44700.888173203835,136134.19672127612
2013-04-04,112822.92323126644,457003.72627773887,-253538.90122349514,-503527.8024469903,-18622.351514759503,-30144.703029519005,44364.4620638962,135876.7133551863
2013-04-05,113797.89921828202,457978.70226475445,-254996.4955720797,-506442.9911441594,-19252.843227540707,-31405.686455081413,42906.867715311644,135246.2216424051
2013-04-08,124144.04486646593,468324.84791293833,-255381.12880859274,-507212.2576171855,-18912.096695966382,-30724.193391932764,42522.23447879861,135586.96817397943
2013-04-09,127616.64217167403,471797.4452181465,-252175.5385626888,-500801.0771253776,-17567.694836213745,-28035.38967242749,45727.82472470254,136931.37003373206
2013-04-10,126008.77990029517,470189.58294676756,-247355.88105814805,-491161.7621162961,-16971.130770898875,-26842.26154179775,50547.482229243295,137527.93409904692
2013-04-11,137894.64662388086,482075.4496703533,-238703.46066039288,-473856.92132078577,-16126.67196215797,-25153.343924315937,59199.90262699845,138372.39290778784
2013-04-12,132189.29596691034,476370.09901338274,-238330.63566315372,-473111.27132630744,-16940.38092076571,-26780.76184153142,59572.727624237625,137558.6839491801
2013-04-15,86329.31409404112,430510.11714051355,-245028.18952337888,-486506.37904675776,-18101.609611524113,-29103.219223048225,52875.17376401245,136397.4552584217
2013-04-16,110365.65136963142,454546.45441610384,-239120.5787943231,-474691.1575886462,-18055.001977454598,-29010.003954909196,58782.78449306823,136444.0628924912
2013-04-17,94681.2919596163,444988.5830833907,-239453.47405096883,-475356.94810193765,-18077.035645912576,-29054.071291825152,58449.88923642251,136422.02922403323
2013-04-18,77681.4672672659,437235.1996874677,-244236.28228396497,-484922.56456792995,-18077.03791497221,-29054.07582994442,53667.08100342637,136422.02695497358
2013-04-19,103065.10897481198,450659.3013738162,-234738.12062433825,-465876.2412486765,-19264.765071556707,-31329.530143113418,63165.242663053075,135234.29979838908
2013-04-22,110730.25598752513,458324.44838652934,-232846.38602316662,-462092.77204633324,-17472.83484417103,-27745.66968834206,65056.977264224704,137026.23002577477
2013-04-23,137679.62274273034,485273.81514173455,-217935.58777527805,-432271.1755505561,-8681.935172762429,-10163.870345524858,79967.7755121133,145817.12969718335
2013-04-24,139353.27647575742,486947.46887476166,-216707.42175550724,-429814.8435110145,-8062.571672648213,-8925.143345296427,81195.94153188409,146436.4931972976
2013-04-25,151129.2529646104,498723.4453636146,-207625.3519762762,-411650.7039525524,-4440.17764005155,-1680.3552801031,90278.01131111514,150058.88722989423
2013-04-26,139521.91887472337,487116.1112737276,-211204.12873240717,-418808.25746481435,-8527.33208838967,-9854.66417677934,86699.23455498416,145971.73278155611
2013-04-29,145771.39779704713,493365.59019605134,-205517.57860205596,-407435.1572041119,-4669.690835216325,-2139.381670432649,92385.78468533538,149829.37403472947
2013-04-30,146514.2386722686,494108.4310712728,-204587.96977274786,-405575.9395454957,-4453.000288725738,-1706.0005774514757,93315.39351464348,150046.06458122007
2013-05-01,124905.25838448426,472499.45078348846,-215669.04092259533,-427738.08184519067,-10230.508481113884,-13261.016962227768,82234.32236479601,144268.5563888319
2013-05-02,160033.08030150773,507627.27270051197,-192240.0063243344,-380880.0126486688,-1424.1298813968933,4351.740237206213,105663.35696305695,153074.9349885489
2013-05-03,180227.0839557955,520589.27744484943,-182165.4010365933,-360730.8020731866,3516.071871499291,14232.143742998582,115737.96225079804,158015.13674144508
2013-05-06,189651.0262101618,532315.7885241862,-175886.68269566924,-348173.3653913385,6167.2681958993235,19534.536391798647,122016.6805917221,160666.33306584513
2013-05-07,191914.08522786776,538535.3466775839,-172065.3526210746,-340530.7052421492,6986.147627133323,21172.295254266646,125838.01066631675,161485.2124970791
2013-05-08,188087.6524939565,534352.1801951918,-173493.39124212868,-343386.78248425736,3595.8780111207816,14391.756022241563,124409.97204526265,158094.94288106658
2013-05-09,177214.70930890576,527403.3618876059,-179785.90192850307,-355971.80385700613,247.44795142628573,7694.895902852571,118117.46135888826,154746.51282137207
2013-05-10,195126.88157771557,535910.6780310926,-169808.78293539336,-336017.5658707867,1852.215524585623,10904.431049171246,128094.58035199798,156351.2803945314
2013-05-13,198160.43330627738,537128.0526485904,-168961.43083858548,-334322.86167717096,-171.14553273749698,6857.708934525006,128941.93244880586,154327.9193372083
2013-05-14,220972.20816213964,555626.5812092366,-154144.94921705342,-304689.89843410684,3660.0001972702994,14520.000394540599,143758.4140703379,158159.06506721608
2013-05-15,213189.3677877767,547940.9843089428,-165157.3672065257,-326714.7344130514,4778.492604089723,16756.985208179445,132745.99608086562,159277.5574740355
2013-05-16,199180.66201589486,543110.1929897596,-170799.19534764983,-337998.39069529966,6342.226550695705,19884.45310139141,127104.1679397415,160841.2914206415
2013-05-17,212358.55744483904,555549.2385085252,-160901.06311505305,-318152.1262301061,13903.64466235411,35107.289324708225,137002.3001723383,168402.7095322999
2013-05-20,229223.76695649832,572414.4480201845,-151608.57403041932,-299567.14806083863,19155.234294992973,45610.46858998595,146294.78925697203,173654.29916493874
2013-05-21,229528.1802536822,572718.8613173683,-151908.6373338981,-300167.2746677962,19031.248487112738,45362.496974225476,145994.72595349324,173530.3133570585
2013-05-22,205577.74081822726,548768.4218819134,-166105.79349978146,-328561.5869995629,11217.189594214487,29734.379188428975,131797.5697876099,165716.25446416027
2013-05-23,202415.62158969467,545606.3026533809,-168498.87540405855,-333347.7508081171,9957.959223028298,27215.918446056596,129404.4878833328,164457.02409297408
2013-05-24,207522.4327601613,550713.1138238475,-166864.12005182638,-330078.24010365276,11229.848408112797,29759.696816225594,131039.24323556497,165728.91327805858
2013-05-28,207113.1617847796,550303.8428484658,-166744.38099715798,-329838.76199431595,11764.872331160832,30829.744662321664,131158.98229023337,166263.9372011066
2013-05-29,207001.3513070455,550192.0323707317,-167761.44156534426,-331872.8831306885,11291.937522352027,29883.875044704055,130141.92172204709,165791.0023922978
2013-05-30,235582.10943577444,578772.7904994607,-152792.68457892313,-301935.36915784626,20890.560104932545,49081.12020986509,145110.67870846821,175389.62497487833
2013-05-31,228730.8889774134,571921.5700410996,-159067.80551811075,-314485.6110362215,17498.09921126741,42296.19842253482,138835.5577692806,171997.16408121318
2013-06-03,219838.3723396316,563029.0534033178,-165843.0742078329,-328036.1484156658,13816.512870970353,34933.025741940706,132060.28907955845,168315.57774091614
2013-06-04,206735.8553540564,549926.5364177426,-174670.66550933107,-345691.33101866214,7722.85006961499,22745.70013922998,123232.69777806026,162221.91493956078
2013-06-05,189578.94217167186,532769.623235358,-183214.0076411965,-362778.015282393,1236.8526299434507,9773.705259886901,114689.35564619483,155735.91749988924
2013-06-06,208098.37088336507,551289.0519470513,-173730.15153289342,-343810.30306578684,8717.968631078764,24735.937262157528,124173.21175449793,163217.03350102453
2013-06-07,219031.9586097365,562222.6396734227,-169599.78396055714,-335549.56792111427,12334.723396431018,31969.446792862036,128303.57932683421,166833.7882663768
2013-06-10,227284.42382138563,570475.1048850719,-164781.35979350915,-325912.7195870183,15643.45766904137,38586.91533808274,133122.0034938822,170142.52253898716
2013-06-11,195144.937514328,538335.6185780142,-183162.46387939784,-362674.9277587957,2072.537159800213,11445.074319600426,114740.89940799351,156571.602029746
2013-06-12,163103.2099886213,506293.8910523075,-194663.94773023372,-385677.89546046744,-8209.223550274168,-9118.447100548336,103239.41555715764,146289.8413196716
2013-06-13,176454.6579009805,519645.3389646667,-191485.7472814574,-379321.4945629148,-5323.555971772217,-3347.1119435444343,106417.61600593393,149175.50889817358
2013-06-14,165897.3489708309,513649.8523638074,-194540.62331360628,-385431.24662721256,-8058.175713152104,-8816.351426304209,103362.73997378506,146440.88915679368
2013-06-17,175940.4150985992,521171.9057909539,-198287.55434120697,-392925.10868241393,-11528.729661413854,-15757.459322827708,99615.80894618438,142970.33520853193
2013-06-18,180165.66492562095,522916.1674724642,-198251.59045198956,-392853.1809039791,-11483.427123152902,-15666.854246305804,99651.77283540179,143015.63774679287
2013-06-19,165003.02542257687,513435.7936034777,-201839.60806000634,-400029.2161200127,-15064.653623786828,-22829.307247573655,96063.755227385,139434.41124615894
2013-06-20,124476.51122084683,483193.39192020585,-202921.51176108752,-402193.02352217503,-16146.540455558345,-24993.08091111669,94981.85152630383,138352.52441438744
2013-06-21,111402.49545758264,472533.3133077886,-203812.72147302178,-403925.44294604356,-17623.857291819884,-27847.714583639765,94090.64181436956,136875.20757812588
2013-06-24,112658.10088595963,473788.91873616556,-204950.03325293685,-406200.0665058737,-17837.355567856102,-28274.711135712205,92953.33003445451,136661.70930208967
2013-06-25,139828.42055145872,500959.23840166465,-189849.9599674864,-375999.9199349728,-9064.100056062962,-10728.200112125924,108053.40331990497,145434.9648138828
2013-06-26,147879.70275174768,509010.5206019536,-185359.76295452134,-367019.5259090427,-6414.251870524418,-5428.503741048837,112543.60033286999,148084.81299942135
2013-06-27,159937.72616884427,521068.5440190502,-178217.49768121846,-352734.9953624369,-2691.770006622399,2016.4599867552024,119685.8656061729,151807.29486332336
2013-06-28,151144.26416894834,512275.0820191542,-184350.04998721537,-365000.09997443075,-5491.047149174847,-3582.0942983496934,113553.31330017596,149008.0177207709
2013-07-01,176748.08618268478,537878.9040328907,-171440.35598689146,-339180.7119737829,3646.9460664974067,14693.892132994813,126463.00730049988,158146.01093644317
2013-07-02,157025.5809115645,518156.3987617704,-186487.46455975572,-369274.92911951145,-4054.710127738839,-709.4202554776784,111415.89872763562,150444.35474220692
2013-07-03,147358.62755020513,508489.44540041103,-194664.0236977153,-385628.0473954306,-8062.65713793593,-8725.31427587186,103239.33958967605,146436.40773200983
2013-07-05,148171.74297613854,509302.5608263445,-195310.29090217716,-386920.5818043543,-7978.503745450613,-8557.007490901226,102593.07238521417,146520.56112449514
2013-07-08,150109.17680931668,511239.9946595226,-196107.32717020175,-388514.6543404035,-6962.8132633822825,-6525.626526764565,101796.03611718961,147536.25160656348
2013-07-09,172164.4491998945,533295.2670501004,-183371.3824673579,-363042.7649347158,1855.9594855542273,11111.918971108455,114531.98082003344,156355.0243555
2013-07-10,163554.3945325614,524685.2123827673,-191476.67663235535,-379253.3532647107,-2412.1111647985963,2575.7776704028074,106426.686655036,152086.95370514717
2013-07-11,193179.26953562791,554310.0873858338,-170942.34869818564,-338184.6973963713,13559.1237024148,34518.2474048296,126961.0145892057,168058.18857236055
2013-07-12,210546.32120586792,571677.1390560739,-155440.18411382267,-307180.36822764535,21290.911954645642,49981.823909291285,142463.17917356867,175789.9768245914
2013-07-15,215930.5399905712,577061.3578407771,-151223.47874009225,-298746.9574801845,23535.99622377596,54471.99244755192,146679.8845472991,178035.0610937217
2013-07-16,216523.97346098465,577654.7913111906,-151201.79601227486,-298703.5920245497,26322.581110920393,60045.16222184079,146701.5672751165,180821.64598086616
2013-07-17,217998.77051648067,579129.5883666866,-150834.29698742018,-297968.59397484036,22446.595474359303,52293.190948718606,147069.06629997116,176945.66034430507
2013-07-18,210841.40447527345,571972.2223254794,-157899.99822117356,-312099.9964423471,18763.78612446558,44927.57224893116,140003.36506621778,173262.85099441133
2013-07-19,204236.62049492105,565283.5840765076,-166783.90757247125,-329817.8151449425,15264.076927036767,38028.153854073535,131119.4557149201,169763.14179698253
2013-07-22,207002.37989262212,568049.3434742087,-168465.810192918,-333181.620385836,15166.223280066024,37832.44656013205,129437.55309447333,169665.2881500118
2013-07-23,188141.74336261477,549188.7069442014,-178129.553763682,-352509.107527364,9154.167951488862,25808.335902977724,119773.80952370937,163653.23282143462
2013-07-24,172616.75367112845,533663.717252715,-185208.09733643348,-366666.19467286696,4471.43243597983,16442.86487195966,112695.26595095787,158970.4973059256
2013-07-25,189793.1390754963,550840.1026570828,-178688.63701953887,-353627.27403907775,9092.867747594435,25685.73549518887,119214.72626785246,163591.9326175402
2013-07-26,191430.52243991283,552477.4860214994,-175146.64297922692,-346543.28595845384,10586.639968646652,28673.279937293304,122756.72030816444,165085.7048385924
2013-07-29,186771.96912331102,547818.9327048976,-180162.8686285009,-356575.7372570018,8074.775260488645,23649.55052097729,117740.49465889044,162573.8401304344
2013-07-30,196825.0215338165,557871.9851154031,-175349.80652928428,-346949.61305856856,10971.073265787043,29442.146531574086,122553.55675810708,165470.13813573282
2013-07-31,220821.9176528878,581868.8812344744,-162321.23800818145,-320892.4760163629,17476.723352016048,42453.446704032096,135582.1252792099,171975.78822196182
2013-08-01,227721.15437205404,588768.1179536406,-159487.5905468287,-315225.1810936574,18091.421463187966,43682.84292637593,138415.77274056265,172590.48633313374
2013-08-02,220689.82367972296,581736.7872613096,-162880.7251618016,-322011.4503236032,14774.073141487963,37048.146282975926,135022.63812558976,169273.13801143374
2013-08-05,241521.19299566507,602568.1565772516,-157165.52294909762,-310581.04589819524,20727.19896890536,48954.39793781072,140737.84033829372,175226.26383885113
2013-08-06,224185.52155513535,585232.4851367219,-171000.25967077774,-338250.5193415555,13950.471359270297,35400.942718540595,126903.10361661359,168449.53622921606
2013-08-07,176368.12029577262,537415.0838773592,-188589.71189217575,-373429.4237843515,1656.018355784323,10812.036711568646,109313.65139521558,156155.08322573008
2013-08-08,181670.1212386483,542717.0848202349,-185871.19430800423,-367992.38861600845,2794.587118765994,13089.174237531988,112032.1689793871,157293.65198871176
2013-08-09,189615.56217728477,548551.1528682368,-183641.896902307,-363533.793804614,3691.4636238014373,14882.927247602875,114261.46638508436,158190.5284937472
2013-08-12,191476.40987377096,552274.9719998188,-185575.04765125274,-367400.0953025055,766.2096705619642,9032.419341123928,112328.3156361386,155265.27454050773
2013-08-13,200292.49255483435,568046.1375101889,-175452.91666118306,-347155.8333223661,11192.599472085803,29885.198944171607,122450.44662620829,165691.66434203158
2013-08-14,197396.81374587255,565357.452017887,-180786.68428188056,-357823.3685637611,9017.723648720474,25535.447297440947,117116.67900551078,163516.78851866623
2013-08-15,165710.85017242222,538680.799353468,-196840.80554854163,-389931.61109708325,-2513.8010173710027,2472.3979652579947,101062.55773884972,151985.26385257478
2013-08-16,166728.5721480446,537512.726449518,-201069.83023714356,-398339.6604742871,-6269.590644875518,-4939.1812897510345,96833.53305024777,148229.47422507024
2013-08-19,150275.42004350523,521059.5743449786,-210486.4431939896,-417172.8863879792,-11647.874502234095,-15695.74900446819,87416.92009340174,142851.19036771165
2013-08-20,172225.15249219773,543009.3067936711,-199746.27940691554,-395692.55881383107,-5038.869958743133,-2477.7399174862658,98157.08388047581,149460.19491120262
2013-08-21,163345.9956479174,534130.1499493908,-204958.97142076623,-406117.94284153247,-7985.285683000416,-8370.571366000831,92944.39186662513,146513.77918694535
2013-08-22,190617.8004944149,561401.9547958883,-190939.5696031031,-378079.1392062062,607.7966279106022,8815.593255821204,106963.79368428825,155106.86149785636
2013-08-23,195947.59488874735,566731.7491902207,-188044.92041103853,-372289.84082207707,2335.7609244442765,12271.521848888553,109858.44287635281,156834.82579439002
2013-08-26,198148.936674018,568933.0909754913,-187429.63640264858,-371059.27280529717,2969.2884616124156,13538.576923224831,110473.72688474276,157468.35333155817
2013-08-27,153342.14578744164,524126.30008891504,-210675.77635416336,-417551.5527083267,-11304.273486894885,-15008.54697378977,87227.58693322798,143194.79138305088
2013-08-28,163930.79581906745,534714.9501205408,-205012.8023081317,-406225.6046162634,-8079.062769088705,-8558.12553817741,92890.56097925964,146420.00210085706
2013-08-29,182489.4257255988,553273.5800270721,-196506.40769240193,-389212.81538480386,-2620.613960372962,2358.772079254076,101396.95559498941,151878.4509095728
2013-08-30,171920.77559268472,542704.929894158,-203181.92060675126,-402563.8412135025,-6259.449424592798,-4918.898849185597,94721.44268064009,148239.61544535297
2013-09-03,184289.03435940912,555073.1886608825,-200554.72918809953,-397309.45837619907,-3689.728511822113,220.54297635577382,97348.63409929183,150809.33635812363
2013-09-04,197665.39903829072,568449.5533397641,-193793.92551393976,-383787.8510278795,934.9861432636662,9469.972286527332,104109.4377734516,155434.05101320942
2013-09-05,223819.58378415334,594603.7380856267,-179586.70823209002,-355373.41646418005,11025.783599390685,29651.56719878137,118316.65505530132,165524.84846933646
2013-09-06,208473.4700909542,579257.6243924275,-189737.46158586568,-375674.92317173135,4998.435214469813,17596.870428939626,108165.90170152568,159497.50008441557
2013-09-09,226765.18733626028,597549.3416377336,-181948.90213732817,-360097.80427465634,11824.711386178034,31249.42277235607,115954.46115006317,166323.7762561238
2013-09-10,261399.98428117082,632184.1385826442,-154194.18670761184,-304588.3734152237,24012.862034859787,55625.724069719574,143709.1765797795,178511.92690480556
2013-09-11,255915.64549631486,626699.7997977883,-158930.0743008444,-314060.1486016888,22438.44575365836,52476.89150731672,138973.28898654695,176937.51062360412
2013-09-12,236683.269834599,607467.4241360724,-174240.01881631385,-344680.0376326277,15295.2514056152,38190.5028112304,123663.3444710775,169794.31627556097
2013-09-13,250421.80805464508,621205.9623561185,-162548.0723767972,-321296.1447535944,23042.85141620675,53685.7028324135,135355.2909105941,177541.9162861525
2013-09-16,252072.6491384787,622856.8034399521,-164955.7028934051,-326111.4057868102,25131.34000087345,57862.6800017469,132947.66039398624,179630.4048708192
2013-09-17,256289.50147821085,627073.6557796842,-160282.272451518,-316764.544903036,28902.080036532032,65404.160073064064,137621.09083587333,183401.1449064778
2013-09-18,267910.67570959893,638694.8300110723,-151188.00848579558,-298576.01697159116,29001.656974347745,65603.31394869549,146715.35480159576,183500.7218442935
2013-09-19,269552.5861630667,640336.74046454,-151202.11084032065,-298604.2216806413,32039.091811492086,71678.18362298417,146701.25244707073,186538.15668143786
2013-09-20,261369.80469266124,632153.9589941347,-159261.336499985,-314672.67299997,16156.625985777904,40013.25197155581,138642.02678740636,170655.69085572366
2013-09-23,250512.9134916818,621297.0677931552,-166305.93071915995,-328761.8614383199,12295.314268385624,32290.628536771248,131597.4325682314,166794.3791383314
2013-09-24,266635.9942665596,637420.148568033,-158852.58748759935,-313855.1749751987,17102.306622478707,41904.613244957414,139050.775799792,171601.37149242449
2013-09-25,273556.49624879786,644340.6505502713,-155160.48342446872,-306470.96684893745,19298.96246580654,46297.92493161308,142742.87986292262,173798.0273357523
2013-09-26,287919.29444974253,658703.4487512159,-147772.4849766979,-291694.9699533958,23792.44527965435,55284.8905593087,150130.87831069346,178291.5101496001
2013-09-27,281032.5224305897,651816.6767320631,-152810.92801578672,-301771.85603157344,21201.341848619682,50102.683697239365,145092.43527160463,175700.40671856544
2013-09-30,275290.33505881415,646074.4893602876,-158923.9312815672,-313997.8625631344,18465.49770548004,44630.99541096008,138979.43200582414,172964.5625754258
2013-10-01,300345.15096074523,671129.3052622186,-145007.91827363832,-286165.83654727665,27789.185059542506,63278.37011908501,152895.44501375302,182288.24992948826
2013-10-02,300409.40085901826,671193.5551604916,-145935.38393573166,-288020.7678714633,27755.32694076561,63210.65388153122,151967.97935165968,182254.3918107114
2013-10-03,297995.6197672794,668779.7740687528,-148524.12624670748,-293198.25249341497,26633.62837829366,60967.25675658732,149379.23704068386,181132.69324823943
2013-10-04,317864.8764192572,688649.0307207305,-135286.03301744626,-266722.0660348925,35007.71250862537,77715.42501725075,162617.3302699451,189506.77737857113
2013-10-07,301061.5224780665,671845.6767795399,-149845.1985568053,-295840.3971136106,27537.93300312818,62775.86600625636,148058.16473058605,182036.99787307394
2013-10-08,277434.3332524575,648218.4875539308,-164929.7240874297,-326009.4481748594,17014.44522292852,41728.89044585704,132973.63919996165,171513.5100928743
2013-10-09,275456.90468166006,646241.0589831334,-163155.96345132752,-322461.92690265505,18533.447263883125,44766.89452776625,134747.39983606382,173032.5121338289
2013-10-10,303359.43494532467,674143.5892467981,-148734.45459932412,-293618.90919864824,29482.877480953997,66665.754961908,149168.90868806723,183981.94235089977
2013-10-11,282762.76353648456,653546.917837958,-160489.95931789945,-317129.9186357989,19539.80841976533,46779.61683953066,137413.4039694919,174038.8732897111
2013-10-14,297828.388821849,668612.5431233224,-158854.4193723923,-313858.8387447846,23866.356859388925,55432.71371877785,139048.94391499905,178365.4217293347
2013-10-15,289531.0269209329,660315.1812224063,-166529.60859806312,-329209.21719612624,18280.842118840603,44261.684237681206,131373.75468932823,172779.90698878636
2013-10-16,303380.36188535,674164.5161868234,-155199.5603949988,-306549.1207899976,24771.473063203746,57242.94612640749,142703.80289239253,179270.53793314952
2013-10-17,321235.7084713885,692019.8627728618,-140764.9244186047,-277679.8488372094,35444.84841787442,78589.69683574884,157138.43886878664,189943.91328782018
2013-10-18,332691.8501051531,703476.0044066266,-129662.52988084678,-255425.05976169356,41966.22428531427,91732.44857062853,168240.83340654458,196465.28915526005
2013-10-21,346709.87458090554,717494.028882379,-123863.90192029566,-243827.8038405913,45923.66687076939,99647.33374153878,174039.4613670957,200422.73174071516
2013-10-22,340142.8507519718,710927.0050534452,-128491.36980894282,-253082.73961788564,43507.61845780357,94815.23691560714,169411.99347844854,198006.68332774934
2013-10-23,341382.35626383463,712166.510565308,-128984.8389811259,-254069.6779622518,43575.63253760331,94951.26507520663,168918.52430626543,198074.6974075491
2013-10-24,351159.28529817075,721943.4395996442,-124492.84355714635,-245085.6871142927,46543.43448213021,100886.86896426041,173410.519730245,201042.49935207597
2013-10-25,352454.63590708136,723238.7902085548,-123722.49668788987,-243544.99337577974,47059.340392528815,101918.68078505763,174180.8665995015,201558.40526247458
2013-10-28,344834.91760777374,715619.0719092472,-129765.93776310829,-255631.87552621658,44004.237582394315,95808.47516478863,168137.42552428305,198503.30245234008
2013-10-29,379950.14579381933,750734.3000952927,-110041.10720108805,-216182.2144021761,56416.32479195327,120632.64958390655,187862.2560863033,210915.38966189904
2013-10-30,367673.9584299714,738458.1127314449,-118344.79381970037,-232789.58763940074,51972.98910177875,111745.9782035575,179558.56946769098,206472.05397172453
2013-10-31,378354.96281411976,749139.1171155932,-112095.14583056215,-220290.2916611243,55832.506602818394,119465.01320563679,185808.2174568292,210331.57147276416
2013-11-01,386501.97436664056,757286.128668114,-108138.990292228,-212377.980584456,58720.3189211554,125240.6378423108,189764.37299516334,213219.38379110117
2013-11-04,415946.69578676403,786730.8500882374,-87531.71037791466,-171163.4207558293,69958.74565418842,147717.49130837683,210371.6529094767,224457.8105241342
2013-11-05,420121.6967044711,790905.8510059444,-86080.06079865365,-168260.1215973073,72173.7025625698,152147.4051251396,211823.30248873768,226672.76743251557
2013-11-06,404000.4299491037,774784.584250577,-99992.60434434694,-196085.20868869388,65657.42219533354,139114.84439066707,197910.7589430444,220156.4870652793
2013-11-07,383847.06754536147,754631.2218468349,-115394.46774294552,-226888.93548589104,57279.138636616415,122358.27727323283,182508.8955444458,211778.2035065622
2013-11-08,402763.4070815024,773547.5613829758,-104304.4326991554,-204708.8653983108,66462.03532582213,140724.07065164426,193598.93058823596,220961.1001957679
2013-11-11,412227.7229908949,783011.8772923683,-99489.57398109412,-195079.14796218823,71934.51636015213,151669.03272030427,198413.78930629723,226433.58123009792
2013-11-12,424689.3083904607,795473.4626919341,-87833.77418772483,-171767.54837544967,79738.90262438239,167277.80524876478,210069.5890996665,234237.96749432816
2013-11-13,435925.766807285,806709.9211087584,-78152.70662339157,-152405.41324678314,86571.91242411971,180943.82484823943,219750.65666399978,241070.9772940655
2013-11-14,448779.6857334002,819563.8400348736,-68400.08159853687,-132900.16319707374,90743.848410632,189287.696821264,229503.28168885448,245242.91328057775
2013-11-15,450028.1581224127,820812.312423886,-69014.1629127651,-134078.3258255302,89719.77434465098,187339.54868930197,228889.20037462626,244218.83921459675
2013-11-18,442842.03558864235,813626.1898901156,-74333.44572109047,-144716.89144218093,86961.62029214064,181823.24058428127,223569.91756630086,241460.68516208642
2013-11-19,417553.4186983025,788337.5729997759,-83652.836318986,-163355.672637972,80548.07751058077,168996.15502116154,214250.52696840535,235047.14238052655
2013-11-20,415802.9920055627,786587.146307036,-84776.70494111473,-165603.40988222946,79852.43532592557,167604.87065185115,213126.6583462766,234351.50019587134
2013-11-21,442115.0543158655,812899.2086173389,-72549.8442111873,-141149.6884223746,87653.40888913003,183206.81777826007,225353.51907620404,242152.4737590758
2013-11-22,450255.59410353657,821039.7484050099,-68874.46283968515,-133798.9256793703,90034.1921973381,187968.3843946762,229028.9004477062,244533.25706728388
2013-11-25,453932.67721426924,824716.8315157426,-69286.81141063607,-134623.62282127215,90488.367936496,188876.735872992,228616.55187675526,244987.43280644176
2013-11-26,458039.9461712815,828824.1004727549,-67775.03024284258,-131600.06048568516,91865.60901111507,191631.21802223014,230128.33304454878,246364.67388106085
2013-11-27,474098.04902943945,844882.2033309127,-57301.27142639813,-110652.54285279626,97964.16684120362,203828.33368240725,240602.0918609932,252463.2317111494
2013-11-29,475638.41416790476,846422.5684693782,-59686.015323220374,-115422.03064644075,97556.57334744331,203013.14669488661,238217.34796417097,252055.6382173891
2013-12-02,482867.94764715305,853652.1019486263,-57261.98204483166,-110573.96408966332,99828.48257741824,207556.96515483648,240641.3812425597,254327.54744736402
2013-12-03,481941.3591608629,852725.5134623363,-58750.49748947966,-113550.99497895932,98467.50981718296,204835.01963436592,239152.86579791168,252966.57468712874
2013-12-04,479453.59432090673,850237.7486223801,-61355.27267529357,-118760.54535058714,97100.41021018999,202100.82042037998,236548.0906120978,251599.47508013577
2013-12-05,473862.09712446906,844646.2514259424,-65316.35148809072,-126682.70297618143,94978.33825975901,197856.67651951802,232587.0117993006,249477.4031297048
2013-12-06,480541.86180665385,851326.0161081272,-59189.584401314016,-114429.16880262803,97410.90261483572,202721.80522967144,238713.7788860773,251909.96748478152
2013-12-09,495342.8668747485,866127.0211762219,-50040.29036298051,-96130.58072596102,101449.78310485766,210799.56620971533,247863.07292441084,255948.84797480344
2013-12-10,501354.99249751016,872139.1467989834,-46890.814062263045,-89831.62812452609,104128.07235877967,216156.14471755933,251012.5492251283,258627.13722872545
2013-12-11,480038.0936176233,850822.2479190966,-60936.54910889925,-117923.0982177985,97041.4412377989,201982.8824755978,236966.8141784921,251540.5061077447
2013-12-12,485119.2278464643,855903.3821479377,-57979.47552149686,-112008.95104299372,99586.2702835085,207072.540567017,239923.88776589447,254085.33515345427
2013-12-13,491976.50174650224,862760.6560479755,-53590.76947495762,-103231.53894991524,100368.56718035472,208637.13436070943,244312.5938124337,254867.63205030048
2013-12-16,490776.95018746227,861561.1044889357,-60479.0998468972,-117008.1996937944,97993.40737420483,203886.81474840967,237424.26344049413,252492.47224415062
2013-12-17,485698.20630017616,856482.3606016495,-58529.234786473666,-113108.46957294733,98505.76458553335,204911.5291710667,239374.1285009177,253004.82945547914
2013-12-18,483260.3853849081,854044.5396863815,-66125.45293894576,-128300.9058778915,100666.48183111908,209232.96366223815,231777.91034844558,255165.54670106486
2013-12-19,483560.36021609954,854344.5145175728,-66249.28953504661,-128548.57907009321,102649.99679744536,213199.99359489072,231654.07375234473,257149.06166739116
2013-12-20,482534.4653822846,853257.0211093326,-60400.99745003062,-116801.99490006124,104770.90249521348,217541.80499042696,237502.36583736073,259269.96736515927
2013-12-23,488950.03598746867,859672.5917145166,-58655.43301809954,-113310.86603619908,106306.24590042976,220612.4918008595,239247.9302692918,260805.31077037557
2013-12-24,491558.00897615094,862280.564703199,-58376.89052311711,-112753.78104623422,106813.15789311685,221626.3157862337,239526.47276427425,261312.22276306266
2013-12-26,500913.06730716076,871635.6230342088,-53346.49480186738,-102692.98960373476,109698.14907967306,227396.29815934613,244556.86848552397,264197.21394961886
2013-12-27,481475.20420837693,852197.759935425,-64329.05268978886,-124658.10537957773,103088.75655108666,214177.5131021733,233574.31059760248,257587.82142103245
2013-12-30,477966.5495840013,848689.1053110493,-68956.38576029862,-133912.77152059725,100868.261743731,209736.523487462,228946.97752709273,255367.3266136768
2013-12-31,483317.12562109006,854039.681348138,-68006.55949086793,-132013.11898173587,102031.21193475575,212062.4238695115,229896.80379652343,256530.27680470154
2014-01-02,485613.9854039628,856336.5411310109,-67787.61720915251,-131575.23441830502,102449.47430744985,212898.9486148997,230115.74607823885,256948.53917739567
2014-01-03,495303.18613640044,866025.7418634484,-59685.7708259059,-115371.5416518118,107029.29622334709,222058.59244669418,238217.59246148544,261528.3610932929
2014-01-06,482784.3520046043,853506.9077316524,-68304.54214197077,-132609.08428394154,101781.67343596299,211563.34687192598,229598.82114542057,256280.7383059088
2014-01-07,473122.4922442687,843845.0479713167,-72226.71541463397,-140453.43082926795,99356.36765946083,206712.73531892165,225676.64787275737,253855.43252940662
2014-01-08,498081.24638475204,868803.8021118001,-56008.92356015776,-108017.84712031552,111288.61346318928,230577.22692637856,241894.4397272336,265787.6783331351
2014-01-09,494937.6149825341,865660.170709582,-54974.82608389662,-105949.65216779325,109448.3728098634,226896.7456197268,242928.53720349472,263947.4376798092
2014-01-10,502023.5007817625,872746.0565088105,-48527.70760197988,-93055.41520395975,113166.26584874708,234332.53169749415,249375.65568541148,267665.33071869286
2014-01-13,487208.95526312635,857931.5109901744,-61963.54677090026,-119927.09354180052,106341.68918908606,220683.3783781721,235939.8165164911,260840.75405903184
2014-01-14,503509.3108932157,874231.8666202637,-48998.19650966585,-93996.3930193317,111938.7501744274,231877.5003488548,248905.1667777255,266437.8150443732
2014-01-15,498362.263423138,869084.819150186,-52850.87508884397,-101701.75017768794,111606.70827457368,231213.41654914737,245052.4881985474,266105.7731445195
2014-01-16,441795.6143749665,812518.1701020144,-56335.82464840317,-108671.64929680634,108370.5557180733,224741.1114361466,241567.5386389882,262869.6205880191
2014-01-17,414857.5584559099,785580.1141829579,-70899.98366182428,-137749.96732364857,96991.45477367676,202082.9095473535,227003.3796255671,251490.51964362257
2014-01-21,424832.6987536538,795555.2544807019,-68821.0803504595,-133592.160700919,99195.04104485686,206490.08208971372,229082.28293693188,253694.10591480267
2014-01-22,451002.9196747841,821725.4754018323,-54333.529133204196,-104617.05826640839,107820.23587528002,223740.47175056004,243569.83415418715,262319.3007452258
2014-01-23,472056.64164054487,842779.197367593,-38079.8907279461,-72109.7814558922,115162.27876632872,238424.55753265743,259823.47255944525,269661.3436362745
2014-01-24,439829.6685168984,810552.2242439465,-55887.817797326774,-107725.63559465355,104866.47614388449,217832.95228776897,242015.5454900646,259365.54101383028
2014-01-27,433107.5610562557,803830.1167833038,-61963.465873658766,-119876.93174731753,102596.5241113205,213293.048222641,235939.8974137326,257095.58898126628
2014-01-28,449961.80972383416,820684.3654508822,-49088.756635778926,-94127.51327155785,107231.8289800337,222563.6579600674,248814.60665161244,261730.89384997947
2014-01-29,431123.4490452375,801846.0047722856,-59535.769077152465,-115021.53815430493,101574.18550523728,211248.37101047457,238367.5942102389,256073.2503751831
2014-01-30,467024.49846365105,837747.0541906991,-36136.38892761268,-68222.77785522536,114683.48771072215,237466.9754214443,261766.9743597787,269182.55258066795
2014-01-31,465821.8915359845,836544.4472630327,-39547.019650284084,-75044.03930056817,113319.03843800664,234738.07687601328,258356.34363710726,267818.1033079524
2014-02-03,444011.6700274609,814734.225754509,-52823.60357471171,-101597.20714942343,107045.18732803279,222190.37465606557,245079.75971267966,261544.25219797858
2014-02-04,450008.3560451852,820730.9117722333,-48329.58201367149,-92609.16402734298,109740.77408531004,227581.54817062008,249573.78127371988,264239.83895525587
2014-02-05,455931.6686921363,826654.2244191844,-49456.64980451543,-94863.29960903086,110387.47722788938,228874.95445577876,248446.71348287593,264886.54209783516
2014-02-06,476709.8926162453,847432.4483432934,-38245.82345766621,-72441.64691533241,117777.56703900357,243655.13407800713,259657.53982972517,272276.63190894935
2014-02-07,504535.7166840815,875258.2724111296,-17216.17848447391,-30382.356968947817,126394.80677393296,260889.6135478659,280687.1848029175,280893.87164387875
2014-02-10,515104.3308904652,885826.8866175133,-15284.178083861632,-26518.356167723265,130406.7033557237,268913.4067114474,282619.1852035297,284905.7682256695
2014-02-11,514692.66824181704,885415.2239688651,-14221.382833928146,-24392.765667856293,130628.3532124182,269356.7064248364,283681.9804534632,285127.418082364
2014-02-12,513439.0467790665,884161.6025061145,-17889.000907390648,-31728.001814781295,130222.65308373277,268545.3061674655,280014.3623800007,284721.71795367857
2014-02-13,516116.346175047,886838.9019020951,-12672.47234514424,-21294.94469028848,130997.45582761349,270094.91165522696,285230.8909422471,285496.5206975593
2014-02-14,518589.6920067278,889312.2477337759,-10315.009426497425,-16580.01885299485,133248.38504738084,274596.7700947617,287588.3538608939,287747.4499173266
2014-02-18,526800.3118067889,897522.867533837,-8277.890490194193,-12505.780980388387,137487.3627339493,283074.7254678986,289625.4727971972,291986.4276038951
2014-02-19,514492.6786818099,885215.234408858,-18207.659553491438,-32365.319106982875,135438.93808225263,278977.87616450526,279695.7037338999,289938.00295219844
2014-02-20,519947.9359870144,890670.4917140624,-13713.290560444446,-23376.58112088889,136845.98916025576,281791.9783205115,284190.0727269469,291345.0540302015
2014-02-21,509766.98904828145,880489.5447753295,-24233.59423210116,-44367.18846420232,130950.30228060573,270100.6045612114,273669.7690552902,285449.3671505515
2014-02-24,516810.2161098558,887532.7718369039,-22218.331950999065,-40336.66390199813,132678.24415409926,273556.4883081985,275685.0313363923,287177.30902404507
2014-02-25,515104.72558293864,885827.2813099867,-22583.017761063493,-41066.035522126986,132265.23337293966,272730.4667458793,275320.34552632784,286764.29824288544
2014-02-26,523631.4303819003,894353.9861089484,-18278.739036598618,-32457.478073197235,134995.32014005454,278190.6402801091,279624.6242507927,289494.3850100003
2014-02-27,520602.74768784613,891325.3034148942,-20732.649926436367,-37365.29985287273,133817.54977302116,275835.09954604233,277170.71336095495,288316.61464296695
2014-02-28,515641.92019704834,886364.4759240964,-23878.48982836098,-43656.97965672196,132011.30631523288,272222.61263046577,274024.87345903035,286510.3711851787
2014-03-03,513267.38681761053,883989.9425446587,-28077.73928891072,-52055.47857782144,130191.82405332522,268583.64810665045,269825.6239984806,284690.88892327104
2014-03-04,539074.1199662323,909796.6756932804,-12556.64614392918,-21013.29228785836,139569.71055619788,287339.42111239576,285346.71714346216,294068.7754261437
2014-03-05,534951.5459962653,905674.1017233133,-15209.222870167121,-26318.445740334242,137828.93886727787,283857.87773455575,282694.1404172242,292328.0037372237
2014-03-06,518069.1988937827,888791.7546208308,-22274.961376880863,-40449.922753761726,131472.1369607426,271144.2739214852,275628.4019105105,285971.2018306884
2014-03-07,505586.8551334396,876309.4108604877,-26976.155231710447,-49852.310463420894,127841.48113142354,263882.9622628471,270927.2080556809,282340.54600136937
2014-03-10,514697.3378081894,885419.8935352375,-26847.150330579083,-49594.300661158166,129375.16618914757,266950.33237829513,271056.21295681223,283874.2310590934
2014-03-11,505400.80315220373,876123.3588792518,-30898.71973634685,-57697.4394726937,126846.9971016578,261893.9942033156,267004.6435510445,281346.0619716036
2014-03-12,509408.4747436951,880131.0304707432,-32013.02255643893,-59926.04511287786,127358.44232435817,262916.88464871637,265890.3407309524,281857.50719430397
2014-03-13,489904.37786454445,860626.9335915925,-41904.51179631085,-79709.0235926217,120484.17612568625,249168.3522513725,255998.8514910805,274983.2409956321
2014-03-14,488279.00325456954,859001.5589816176,-39264.950663999276,-74429.90132799855,122173.64700806122,252547.29401612244,258638.41262339207,276672.71187800705
2014-03-17,492031.151515316,862753.7072423641,-39766.073671888116,-75432.14734377623,122472.4202684226,253144.8405368452,258137.28961550322,276971.4851383684
2014-03-18,508746.2655961548,879468.8213232028,-37392.78249581777,-70685.56499163555,125493.26026146689,259186.52052293377,260510.58079157356,279992.3251314127
2014-03-19,497512.4426111606,868234.9983382087,-41616.24205008379,-79132.48410016758,122306.00518538934,252812.01037077868,256287.12123730755,276805.0700553351
2014-03-20,505192.2415104867,875914.7972375348,-36626.79830913502,-69153.59661827004,127663.69556155693,263527.39112311386,261276.56497825633,282162.7604315027
2014-03-21,490452.7603556332,861092.0628106346,-41548.76455904849,-78947.52911809698,122451.09003840949,253202.18007681897,256354.59872834285,276950.15490835527
2014-03-24,471916.93660126155,842556.239056263,-51230.32968785526,-98310.65937571051,116750.78156509997,241801.56313019994,246673.03359953608,271249.84643504577
2014-03-25,456728.52204012114,827367.8244951225,-57553.48859956373,-110956.97719912746,112573.32288986938,233446.64577973876,240349.87468782763,267072.38775981514
2014-03-26,431103.00618957164,801742.3086445731,-67021.90724071514,-129893.81448143028,105853.94445812536,220007.88891625073,230881.4560466762,260353.00932807114
2014-03-27,426807.5066699881,797446.8091249896,-68739.22393035231,-133328.44786070462,104646.32750300696,217592.65500601393,229164.13935703904,259145.39237295275
2014-03-28,424589.58939777606,795228.8918527775,-69806.4031317096,-135462.8062634192,103899.37642674462,216098.75285348925,228096.96015568174,258398.4412966904
2014-03-31,444661.914486327,815301.2169413284,-63998.560370834435,-123847.12074166887,108607.47522105451,225514.95044210902,233904.80291655692,263106.54009100026
2014-04-01,472144.33399848733,842783.6364534887,-54899.976885751166,-105649.95377150233,115542.31154173768,239384.62308347537,243003.3864016402,270041.37641168345
2014-04-02,471345.689651298,841984.9921062994,-56229.82827667486,-108309.65655334972,114872.75504506714,238045.51009013428,241673.53501071647,269371.8199150129
2014-04-03,444405.3309381147,815044.6333931162,-66010.5946040035,-127871.18920800702,107293.2471363052,222886.4942726104,231892.76868338784,261792.31200625098
2014-04-04,416331.1475514814,786970.4500064828,-73683.09842544224,-143216.19685088447,101081.77436626524,210463.54873253047,224220.2648619491,255580.839236211
2014-04-07,398545.94109424204,769185.2435492434,-78766.22047373133,-153382.44094746266,96548.69807807246,201397.3961561449,219137.14281366003,251047.76294801824
2014-04-08,424312.49921108363,789587.119956973,-74821.96790641689,-145493.93581283378,100213.1563066568,208726.3126133136,223081.39538097446,254712.2211766026
2014-04-09,444309.79579770647,807544.9502263116,-72252.72225815216,-140355.44451630433,102719.30588374277,213738.61176748553,225650.6410292392,257218.37075368853
2014-04-10,404062.80445949186,776312.9682828424,-79375.1674602767,-154600.3349205534,95998.2638778986,200296.5277557972,218528.19582711463,250497.32874784438
2014-04-11,388403.55687646166,764604.5454099908,-80906.0778175846,-157662.1556351692,94494.97691675073,197289.95383350147,216997.28546980675,248994.04178669653
2014-04-14,400802.0280624281,774603.9568762229,-81338.78101307452,-158527.56202614904,94065.00269689134,196430.0053937827,216564.5822743168,248564.06756683713
2014-04-15,392274.6957891239,768692.4532569665,-81435.63677188457,-158721.27354376914,93968.17703156969,196236.35406313938,216467.72651550677,248467.24190151546
2014-04-16,409238.06411633245,783123.721020359,-80644.53891995936,-157139.07783991873,94759.27490563634,197818.54981127268,217258.82436743198,249258.3397755821
2014-04-17,430477.18692274287,797117.5022976613,-82498.51639609144,-160797.03279218287,92341.67418872422,193083.34837744845,215404.8468912999,246840.73905867
2014-04-21,444504.08239077224,811144.3977656907,-77872.73097531924,-151545.46195063848,95890.27231921576,200180.54463843151,220030.6323120721,250389.33718916154
2014-04-22,473250.992384892,839891.3077598105,-60677.80209601935,-117155.6041920387,105485.7314290373,219371.4628580746,237225.561191372,259984.79629898307
2014-04-23,471035.17576062575,837675.4911355441,-60723.8585540865,-117247.717108173,104798.6696946667,217997.3393893334,237179.50473330484,259297.7345646125
2014-04-24,469680.1304410588,836320.4458159772,-62661.91959229397,-121123.83918458794,104357.06793226954,217114.13586453907,235241.44369509738,258856.13280221532
2014-04-25,425676.03785713395,792316.3532320524,-85283.96378966587,-166367.92757933174,90957.11270393942,190314.22540787884,212619.39949772548,245456.1775738852
2014-04-28,412112.299841493,778752.6152164114,-94974.60595746302,-185749.21191492604,85615.58698694747,179631.17397389494,202928.75732992834,240114.65185689327
2014-04-29,418141.4228309283,784781.7382058467,-91433.1041147856,-178666.2082295712,87310.13528867932,183020.27057735863,206470.25917260573,241809.20015862508
2014-04-30,428919.72386421263,794304.7552275513,-84738.21008807834,-165276.42017615668,91022.96406433417,190445.92812866834,213165.153199313,245522.02893427995
2014-05-01,448473.4453804611,805482.2190124365,-77947.37632353479,-151694.75264706957,96266.38105068773,200932.76210137547,219955.98696385656,250765.4459206335
2014-05-02,448653.64741578297,803273.3420881694,-77981.11259723507,-151762.22519447014,96357.2133494593,201114.4266989186,219922.25069015627,250856.2782194051
2014-05-05,460783.9162476937,813245.9442978874,-73188.49651811278,-142176.99303622555,99991.30429932177,208382.60859864354,224714.86676927857,254490.36916926753
2014-05-06,439230.45027821034,802214.8368922151,-80546.6990757815,-156893.398151563,93903.75897007273,196207.51794014545,217356.66421160984,248402.8238400185
2014-05-07,443448.45466232544,809701.1712670405,-78752.27901117173,-153304.55802234347,95318.53953952834,199037.07907905668,219151.08427621963,249817.60440947412
2014-05-08,440095.5782941689,805700.4175881639,-79221.7761427445,-154243.552285489,94963.66661553655,198327.3332310731,218681.58714464685,249462.73148548233
2014-05-09,443430.7587500124,805049.9573871093,-79108.64571440585,-154017.2914288117,96300.6196261904,201001.2392523808,218794.7175729855,250799.68449613618
2014-05-12,479102.5412784236,830945.5968380123,-61553.85797372131,-118907.71594744262,107613.48270265553,223626.96540531106,236349.50531367003,262112.5475726013
2014-05-13,476988.906636348,824737.4724598937,-65343.36146474002,-126486.72292948003,103097.86896372624,214595.7379274525,232560.00182265133,257596.93383367202
2014-05-14,463423.66285872186,811844.0001202555,-75476.54143969134,-146753.08287938268,100905.33481735642,210210.66963471283,222426.82184770002,255404.39968730218
2014-05-15,451276.39888401964,800286.2210461352,-89400.17060644712,-174600.34121289424,93941.54906821306,196283.09813642612,208503.19268094422,248440.61393815884
2014-05-16,449692.0520839128,796301.8269884834,-91522.98062330158,-178795.96124660317,93951.47766926706,196402.9553385341,206380.38266408976,248450.54253921285
2014-05-19,469667.3071512858,816277.0820558565,-81859.06011041203,-159468.12022082406,99966.92956757356,208433.85913514713,216044.3031769793,254465.99443751934
2014-05-20,455191.76950430573,801801.5444088764,-90478.41760392115,-176706.8352078423,95134.0419133576,198768.0838267152,207424.94568347017,249633.10678330337
2014-05-21,465476.2884317514,812086.0633363221,-85318.59296051438,-166387.18592102875,98388.7737863625,205277.547572725,212584.77032687695,252887.83865630827
2014-05-22,470608.4742553512,817218.2491599218,-82860.19237430462,-161470.38474860924,100036.43028821827,208572.86057643653,215043.1709130867,254535.49515816403
2014-05-23,485358.97013859835,831968.745043169,-74031.53548834406,-143813.07097668812,105174.81199291286,218849.62398582572,223871.82779904729,259673.87686285865
2014-05-27,503718.0582819452,850327.8331865158,-62659.42046766748,-121068.84093533496,112036.38466742786,232572.76933485572,235243.94281972386,266535.4495373736
2014-05-28,515794.4853790753,862404.2602836459,-53897.09653505821,-103544.19307011642,116704.76661339795,241909.5332267959,244006.26675233312,271203.83148334373
2014-05-29,516111.3902309136,862721.1651354843,-54077.87611059871,-103905.75222119741,116995.4805667049,242490.9611334098,243825.48717679264,271494.5454366507
2014-05-30,518261.719291822,864871.4941963927,-52774.941806129355,-101299.88361225871,118037.00640500632,244574.01281001265,245128.42148126196,272536.0712749521
2014-06-02,525244.6708433905,871854.4457479612,-47941.39182073482,-91632.78364146964,121279.43181147144,251058.86362294288,249961.9714666565,275778.4966814172
2014-06-03,523003.0792401008,869612.8541446715,-50419.08692962377,-96588.17385924754,120970.30707937868,250440.61415875735,247484.27635776755,275469.37194932444
2014-06-04,534132.09487024,880741.8697748106,-40890.826881407025,-77531.65376281405,125499.64680116283,259499.29360232566,257012.5364059843,279998.7116711086
2014-06-05,537764.7566032258,884374.5315077965,-38170.797971526976,-72091.59594305395,127666.91716576224,263833.83433152444,259732.56531586434,282165.98203570803
2014-06-06,550848.3584768331,897458.1333814037,-26117.502397670272,-47985.004795340545,132572.14783833572,273644.29567667143,271785.8608897211,287071.2127082815
2014-06-09,545206.4624864965,891816.2373910672,-32170.207048791788,-60090.414097583576,132556.5374249554,273613.0748499108,265733.15623859956,287055.60229490115
2014-06-10,544902.4979129782,891512.2728175488,-32681.877850543933,-61113.755701087866,133407.65347401742,275315.30694803485,265221.4854368474,287906.7183439632
2014-06-11,541656.1840389752,888265.9589435458,-35440.11497201039,-66630.22994402079,129917.44014490975,268334.8802898195,262463.24831538094,284416.50501485553
2014-06-12,523480.58390787226,870090.358812443,-51094.81350741731,-97939.62701483462,120669.99173721069,249839.98347442137,246808.549779974,275169.05660715647
2014-06-13,538238.7887626046,884848.5636671752,-38550.81648241825,-72851.6329648365,127993.5066629207,264487.0133258414,259352.54680497307,282492.57153286645
2014-06-16,550222.2725432405,896832.0474478111,-27100.222799358955,-49950.44559871791,132181.5922526928,272863.1845053856,270803.14048803237,286680.65712263854
2014-06-17,558392.8871956818,905002.6621002525,-19691.003162307956,-35132.00632461591,136244.2898258839,280988.5796517678,278212.36012508336,290743.3546958297
2014-06-18,560984.4568450963,907594.2317496671,-17276.53022079017,-30303.06044158034,138727.48967063407,285954.97934126813,280626.8330666012,293226.55454057985
2014-06-19,562155.349668424,908765.1245729947,-16143.993333276492,-28037.986666552984,138956.54334847,286413.08669694,281759.36995411484,293455.60821841576
2014-06-20,564516.8113840866,911126.5862886573,-13986.557355513844,-23673.114711027687,137853.76492732193,284307.52985464386,283916.80593187746,292352.82979726774
2014-06-23,552548.0818069816,899157.8567115522,-21336.641185001605,-38373.28237000321,133692.96276149916,275985.9255229983,276566.72210238973,288192.0276314449
2014-06-24,553509.8615600767,900119.6364646474,-20829.736678140398,-37359.473356280796,133992.5989031738,276585.1978063476,277073.6266092509,288491.66377311957
2014-06-25,565609.5564301247,912219.3313346953,-16273.732682269605,-28247.46536453921,137288.8933346516,283177.7866693032,281629.6306051217,291787.9582045974
2014-06-26,561356.5348983704,907966.309802941,-19119.298438623286,-33938.59687724657,135640.02043541195,279880.0408708239,278784.06484876806,290139.08530535776
2014-06-27,561137.16793439,907746.9428389607,-19726.030984747464,-35152.06196949493,135355.53449998517,279311.06899997033,278177.33230264386,289854.599369931
2014-06-30,565664.0593711264,912273.834275697,-18945.341484943325,-33590.68296988665,136310.5851486359,281221.1702972718,278958.021802448,290809.6500185817
2014-07-01,592021.3842432275,938631.1591477982,-4679.64520855288,-5059.29041710576,145920.5752089308,300441.1504178616,293223.7180788384,300419.6400788766
2014-07-02,580387.5261255633,926997.301030134,-10884.000206204026,-17468.00041240805,141808.53643548622,292217.07287097245,287019.3630811873,296307.60130543204
2014-07-03,587123.5668222891,933733.3417268598,-7641.209791663155,-10982.41958332631,144160.06159145,296920.1231829,290262.15349572815,298659.1264613958
2014-07-07,563813.5168061766,910423.2917107473,-21618.11445163557,-38936.22890327114,135280.3603356725,279160.720671345,276285.24883575574,289779.42520561826
2014-07-08,554233.1863366512,900842.9612412219,-25983.722716810196,-47667.44543362039,132125.29113058132,272850.58226116264,271919.64057058113,286624.3560005271
2014-07-09,561656.8733023492,908266.6482069199,-24347.96769210528,-44395.93538421056,133667.4483291977,275934.8966583954,273555.39559528604,288166.5131991435
2014-07-10,563049.703067577,909659.4779721476,-26710.55679789392,-49121.11359578784,132314.31477977056,273228.6295595411,271192.8064894974,286813.3796497163
2014-07-11,564091.9175864656,910701.6924910363,-26637.958403331228,-48975.916806662455,132614.7838369582,273829.5676739164,271265.4048840601,287113.848706904
2014-07-14,577536.8372609477,924146.6121655183,-20540.41548050744,-36780.83096101488,138842.64572716676,286285.2914543335,277362.9478068839,293341.71059711254
2014-07-15,584350.7827896446,930960.5576942152,-18417.005895893537,-32534.011791787074,141243.07716187957,291086.15432375914,279486.3573914978,295742.1420318254
2014-07-16,588668.1752713555,935277.9501759262,-14305.587982762716,-24311.175965525432,145258.9782650537,299117.9565301074,283597.7753046286,299758.0431349995
2014-07-17,556305.5698018712,902915.3447064419,-35513.84895175973,-66727.69790351947,125051.90815189417,258703.81630378834,262389.51433563157,279550.9730218399
2014-07-18,571966.3608005242,918576.1357050949,-26184.037252987353,-48028.074505974706,134044.39933215347,276768.79866430693,271719.326034404,288543.46420209925
2014-07-21,570706.0631687198,917315.8380732904,-29091.097929647534,-53842.19585929507,132747.20734684137,274174.41469368275,268812.26535774383,287246.27221678715
2014-07-22,585859.7103232308,932469.4852278015,-24165.977957416282,-43991.955914832564,135995.69007212078,280671.38014424156,273737.38532997505,290494.75494206656
2014-07-23,599179.5511332096,945789.3260377803,-16993.13381094775,-29646.267621895506,140131.64369584108,288943.28739168216,280910.2294764436,294630.70856578683
2014-07-24,623136.4187416448,969746.1936462155,-21810.06087903682,-39280.12175807364,137703.18786981818,284086.37573963637,276093.30240835453,292202.25273976394
2014-07-25,621808.7835275792,968418.5584321498,-21566.273391559127,-38792.546783118254,137720.70545069582,284121.41090139165,276337.08989583224,292219.7703206416
2014-07-28,614939.8283026768,961549.6032072474,-27065.122486247605,-49790.24497249521,134572.21707199805,277824.4341439961,270838.24080114375,289071.2819419438
2014-07-29,602745.8388206743,949355.613725245,-33174.99177856789,-62009.98355713578,130884.92872464369,270449.8574492874,264728.3715088235,285383.9935945894
2014-07-30,616852.58865084,963462.3635554106,-28225.62697955645,-52111.2539591129,134787.7481525823,278255.4963051646,269677.7363078349,289286.813022528
2014-07-31,586967.3186289401,933577.0935335108,-37285.39291118923,-70230.78582237846,128273.84019648415,265227.6803929683,260617.97037620214,282772.90506642987
2014-08-01,593718.5722089108,940328.3471134815,-36716.39856575698,-69092.79713151396,128873.99418849987,266427.98837699974,261186.96472163437,283373.0590584456
2014-08-04,599835.2578227124,946445.0327272831,-38556.24505077033,-72772.49010154066,128039.75129580827,264759.50259161653,259347.11823662103,282538.816165754
2014-08-05,585721.3305089979,932331.1054135686,-44758.46737235323,-85176.93474470646,122903.62275523218,254487.24551046436,253144.89591503813,277402.6876251779
2014-08-06,573371.6463177389,919981.4212223096,-47860.51850688299,-91381.03701376598,120121.2586903089,248922.5173806178,250042.84478050837,274620.32356025465
2014-08-07,564160.8398691125,910770.6147736831,-49365.49429741014,-94390.98859482029,118803.32924673564,246286.65849347127,248537.86898998122,273302.39411668136
2014-08-08,576652.4248730573,923262.199777628,-47706.33281344005,-91072.6656268801,120389.16988627506,249458.33977255013,250197.0304739513,274888.23475622083
2014-08-11,588388.0101409889,934997.7850455595,-47007.26173811822,-89674.52347623644,121218.93565821866,251117.87131643732,250896.10154927312,275718.00052816444
2014-08-12,584447.539370124,931057.3142746947,-47836.51834896326,-91333.03669792652,120489.59780121404,249659.19560242808,250066.84493842808,274988.6626711598
2014-08-13,602386.7869082608,948996.5618128314,-42994.60328502876,-81649.20657005752,124999.0178470548,258678.0356941096,254908.7600023626,279498.08271700057
2014-08-14,608817.2212578304,955426.996162401,-35933.71010852474,-67527.42021704948,131334.11221372397,271348.22442744795,261969.6531788666,285833.1770836697
2014-08-15,610707.0729219046,957316.8478264753,-36015.52671588094,-67651.05343176187,131992.0501282076,272744.1002564152,261887.83657151042,286491.11499815335
2014-08-18,626659.6061178038,973269.3810223745,-28533.663032232904,-52687.32606446581,136708.81227501665,282177.6245500333,269369.7002551584,291207.87714496243
2014-08-19,630928.639703663,977538.4146082336,-26738.938250530384,-49097.87650106077,137992.21730779202,284744.43461558403,271164.425036861,292491.2821777378
2014-08-20,647140.8295484374,993750.604453008,-15820.250084747637,-27260.500169495273,143563.39247955408,295886.78495910816,282083.1132026437,298062.4573494998
2014-08-21,639993.6057388234,986603.3806433941,-21266.788482274264,-38153.57696454853,141105.77351585726,290971.5470317145,276636.5748051171,295604.83838580304
2014-08-22,644011.9847622736,990621.7596668443,-17467.4200645416,-30554.840129083197,142653.15441355514,294066.3088271103,280435.94322284975,297152.21928350086
2014-08-25,648009.9353699229,994619.7102744936,-16829.784465252167,-29279.568930504334,143646.34488890573,296052.68977781147,281073.5788221392,298145.40975885146
2014-08-26,647927.2386978656,994537.0136024363,-19017.765947314314,-33655.53189462863,143420.88428630945,295601.7685726189,278885.59734007705,297919.94915625517
2014-08-27,651755.0186021881,998364.7935067588,-16485.5839999104,-28591.1679998208,144710.83430673214,298181.6686134643,281417.7792874809,299209.8991766779
2014-08-28,647307.5644205384,993917.339325109,-20238.8942248725,-36097.788449745,143057.66779805717,294875.33559611434,277664.46906251885,297556.7326680029
2014-08-29,666695.0070381073,1013304.7819426779,-6571.309378716203,-8762.618757432407,150551.97847641364,309863.9569528273,291332.05390867515,305051.0433463594
2014-09-02,677687.8332076939,1024297.6081122645,3573.701123296647,11527.402246593294,153474.81323259464,315709.62646518927,301477.064410688,307973.8781025404
2014-09-03,663671.7672808954,1010281.542185466,-6777.856777861161,-9175.713555722323,147461.38224774736,303682.7644954947,291125.5065095302,301960.4471176931
2014-09-04,665378.7341651651,1011988.5090697359,-4975.846344813977,-5571.692689627955,147827.07173067713,304414.14346135425,292927.5169425774,302326.1366006229
2014-09-05,673890.5526714845,1020500.3275760552,3017.595115893244,10415.190231786488,150113.08111004435,308986.1622200887,300920.9584032846,304612.1459799901
2014-09-08,668731.3262552626,1015341.1011598333,1789.175154761011,7958.350309522022,149147.61574181163,307055.23148362327,299692.5384421523,303646.6806117574
2014-09-09,661070.1081392396,1007679.8830438103,-3458.0605535963477,-2536.1211071926955,144623.87746013066,298007.75492026133,294445.302733795,299122.9423300764
2014-09-10,674450.2385954934,1021060.013500064,5310.713432982586,15001.426865965172,147422.48997113382,303604.97994226764,303214.07672037394,301921.5548410796
2014-09-11,675043.7216241352,1021653.4965287058,4982.695578922314,14345.391157844628,147068.41898255164,302896.8379651033,302886.05886631366,301567.48385249736
2014-09-12,665237.6737624073,1011847.4486669779,1108.9721845058084,6597.944369011617,145200.87942630576,299161.7588526115,299012.33547189715,299699.9442962515
2014-09-15,650065.005217416,996674.7801219866,-7807.085553326786,-11234.171106653572,139950.29946734855,288660.5989346971,290096.27773406456,294449.3643372943
2014-09-16,671165.7929977322,1017775.5679023028,2462.437046843843,9304.874093687686,142517.8731919895,293795.746383979,300365.8003342352,297016.93806193525
2014-09-17,669304.4244579496,1015914.1993625202,998.6667863170369,6377.333572634074,141387.29839717108,291534.59679434216,298902.0300737084,295886.36326711683
2014-09-18,683166.4682907055,1029776.2431952762,14660.202171109922,33700.404342219845,144887.56205736168,298535.12411472335,312563.5654585013,299386.6269273074
2014-09-19,667029.2796352471,1013313.5054156181,-705.811883760691,3008.376232478618,134816.4680480972,278472.9360961944,297197.5514036307,289315.5329180429
2014-09-22,637720.8730810573,984005.0988614283,-12251.531452651168,-20083.062905302337,127670.36487836803,264180.729756736,285651.8318347402,282169.42974831373
2014-09-23,640052.4978084726,986336.7235888436,-12174.744628576489,-19929.489257152978,127789.94759429377,264419.89518858754,285728.61865881487,282289.0124642395
2014-09-24,663152.8575173662,1009437.0832977372,-5127.451643332185,-5834.90328666437,132676.98704334424,274193.9740866885,292775.9116440592,287176.05191328994
2014-09-25,643350.5815845872,989634.8073649582,-12368.567796858975,-20317.13559371795,127779.3581036873,264398.7162073746,285534.7954905324,282278.42297363305
2014-09-26,669525.2535816716,1015809.4793620426,-2626.8314234417717,-833.6628468835434,133882.4363532823,276604.8727065646,295276.5318639496,288381.50122322806
2014-09-29,671104.579191161,1017388.804971532,-2204.756909381323,10.486181237353776,134039.97114184863,276919.94228369725,295698.60637801007,288539.03601179435
2014-09-30,662111.0704617496,1008395.2962421206,-4870.265830320057,-5320.531660640114,132463.03612869311,273766.07225738623,293033.0974570713,286962.10099863884
2014-10-01,633060.5454846808,979344.7712650518,-12107.617030374025,-19795.23406074805,127581.35266873354,264002.7053374671,285795.74625701737,282080.41753867926
2014-10-02,630836.2526363569,977120.4784167279,-11871.178131697252,-19322.356263394504,127555.89871114401,263951.797422288,286032.18515569414,282054.96358108975
2014-10-03,641686.9673688024,987971.1931491734,-10580.0637926559,-16740.1275853118,128743.87203896149,266327.74407792295,287323.2994947355,283242.9369089072
2014-10-06,621520.3941082455,967804.6198886165,-18714.021128112625,-33008.04225622525,123424.51363970783,255689.02727941566,279189.34215927875,277923.57850965357
2014-10-07,600441.4556450549,946725.6814254259,-22206.11459791943,-39992.22919583886,120615.0464154444,250070.0928308888,275697.2486894719,275114.11128539016
2014-10-08,617068.1613194566,963352.3870998276,-20902.020849351593,-37384.041698703186,121785.20371169726,252410.40742339453,277001.3424380398,276284.268581643
2014-10-09,573470.7422560375,919754.9680364085,-26117.87862276804,-47815.75724553608,117200.143399975,243240.28679995,271785.48466462333,271699.2082699207
2014-10-10,517727.9682167469,864012.1939971179,-28371.560843033338,-52323.121686066675,115023.02200115171,238886.04400230342,269531.802444358,269522.08687109745
2014-10-13,482794.7803539423,838137.8540947072,-28435.092066962923,-52450.184133925846,114959.66285102809,238759.32570205617,269468.27122042846,269458.7277209738
2014-10-14,502651.2255675959,844823.9619161568,-28435.498225917112,-52450.996451834224,114959.2567027283,238758.5134054566,269467.86506147427,269458.32157267403
2014-10-15,512205.1273987581,848624.573427542,-28435.723711380026,-52451.44742276005,114959.03121755253,238758.06243510506,269467.63957601134,269458.09608749824
2014-10-16,536682.7126431591,853360.7197370387,-28435.733752024946,-52451.46750404989,114959.02117690764,238758.04235381528,269467.62953536643,269458.0860468534
2014-10-17,542036.2099374791,854822.4942531448,-29375.22824008484,-54280.45648016968,113426.12866134706,235792.25732269412,269467.62926273776,269458.0857742247
2014-10-20,570760.1264463395,854822.4942531448,-16177.439883668809,-27884.879767337618,121908.20333354776,252756.40666709552,269467.62926273776,269458.0857742247
2014-10-21,621033.4204750583,854822.4942531448,15132.524856817054,34735.04971363411,138857.09724039043,286654.19448078086,269467.62926273776,269458.0857742247
2014-10-22,599521.7236609318,854822.4942531448,79.40223127128411,4628.804462542568,131455.30220002437,271850.60440004873,269467.62926273776,269458.0857742247
2014-10-23,604062.296421708,854822.4942531448,1550.300395069189,7570.600790138378,132993.25071207463,274926.50142414926,269467.62926273776,269458.0857742247
2014-10-24,616053.7441350366,854822.4942531448,8951.20505849041,22372.41011698082,137297.38495705707,283534.76991411415,269467.62926273776,269458.0857742247
2014-10-27,618537.1612450439,854822.4942531448,8729.82836165329,21929.65672330658,138324.40212584165,285588.8042516833,269467.62926273776,269458.0857742247
2014-10-28,636188.5265137721,854822.4942531448,20483.47613951527,45436.95227903054,145126.83962890762,299193.67925781524,269467.62926273776,269458.0857742247
2014-10-29,627177.8246309089,854822.4942531448,13105.477075148552,30680.954150297104,141822.20113948736,292584.4022789747,269467.62926273776,269458.0857742247
2014-10-30,618702.7321095942,854822.4942531448,5779.01769299385,16028.0353859877,138630.79079338518,286201.58158677036,269467.62926273776,269458.0857742247
2014-10-31,658794.5258492442,854822.4942531448,35752.74299836744,75975.48599673487,154645.51836067153,318231.03672134306,269467.62926273776,269458.0857742247
2014-11-03,673257.5961870115,854822.4942531448,45514.292711905364,95498.58542381073,161783.45746644188,332506.91493288375,269467.62926273776,269458.0857742247
2014-11-04,667206.7378354176,854822.4942531448,40156.06843645281,84782.13687290563,159545.63364351128,328031.26728702255,269467.62926273776,269458.0857742247
2014-11-05,675918.8574993722,854822.4942531448,46968.90954476353,98407.81908952707,163570.93752895732,336081.87505791464,269467.62926273776,269458.0857742247
2014-11-06,691190.9915152503,854822.4942531448,59944.982665467236,124359.96533093447,170007.99437567586,348955.9887513517,269467.62926273776,269458.0857742247
2014-11-07,686172.0735630458,854822.4942531448,55023.65164435773,114517.30328871545,168361.9427165147,345663.8854330294,269467.62926273776,269458.0857742247
2014-11-10,697612.3745704356,854822.4942531448,64031.4373486876,132532.8746973752,174803.3984253962,358546.7968507924,269467.62926273776,269458.0857742247
2014-11-11,702411.3495551052,854822.4942531448,68097.9117018738,140665.8234037476,177571.8640125821,364083.7280251642,269467.62926273776,269458.0857742247
2014-11-12,705317.2440072135,854822.4942531448,70377.22229517868,145224.44459035737,180161.75008597653,369263.50017195306,269467.62926273776,269458.0857742247
2014-11-13,703775.4182793896,854822.4942531448,68540.34371875072,141550.68743750144,180580.88449900557,370101.76899801113,269467.62926273776,269458.0857742247
2014-11-14,709362.3290426119,854822.4942531448,73556.83602823422,151583.67205646844,185552.4252979806,380044.8505959612,269467.62926273776,269458.0857742247
2014-11-17,699679.6793114719,854822.4942531448,63407.16495142902,131284.32990285804,185817.61214832007,380575.22429664014,269467.62926273776,269458.0857742247
2014-11-18,721641.9375935004,854822.4942531448,85175.18852912475,174820.3770582495,195934.28210234793,400808.56420469587,269467.62926273776,269458.0857742247
2014-11-19,710768.8353175088,854822.4942531448,74276.37918778745,153022.7583755749,196533.5357952043,402007.0715904086,269467.62926273776,269458.0857742247
2014-11-20,709539.1462876988,854822.4942531448,73041.82327152451,150553.64654304902,200459.4448437909,409858.8896875818,269467.62926273776,269458.0857742247
2014-11-21,708399.5187750091,854322.4942531448,71867.03689409017,148254.07378818034,202430.18841582467,413900.37683164934,268834.96628112136,268400.2019696589
2014-11-24,722651.8173339404,868574.7928120762,78056.93910538079,160633.87821076158,206542.3913840212,422124.7827680424,275024.868492412,272512.40493785543
2014-11-25,726488.485622987,872411.4611011228,79445.37914929417,163410.75829858833,207653.05901430623,424346.11802861246,276413.30853632535,273623.07256814046
2014-11-26,740989.5653705156,886912.5408486513,87945.91581515654,180411.83163031307,212628.53108070706,434297.0621614141,284913.8452021877,278598.54463454126
2014-11-28,762036.9238311667,907959.8993093024,102771.0944483142,210062.1888966284,219793.77278820446,448627.5455764089,299739.0238353454,285763.78634203866
2014-12-01,745789.4175722725,891712.3930504082,88914.31720681435,182348.6344136287,214333.9611201265,437707.922240253,285882.24659384554,280303.97467396077
2014-12-02,753852.1410682172,899775.116546353,94832.96236051488,194185.92472102976,217439.86243729005,443919.7248745801,291800.8917475461,283409.8759911243
2014-12-03,759349.9862003238,905272.9616784595,99785.3686245463,204090.7372490926,220169.64262116034,449379.2852423207,296753.2980115775,286139.65617499454
2014-12-04,773098.9261679617,919021.9016460974,111837.21420319032,228194.42840638064,225054.66786967736,459149.3357393547,308805.14359022153,291024.6814235116
2014-12-05,772030.3737934825,917953.3492716183,110597.7056564542,225715.4113129084,224585.5270059901,458211.0540119802,307565.6350434854,290555.5405598243
2014-12-08,776247.188764898,922170.1642430337,112805.85651053545,230131.7130210709,227810.38036122383,464660.76072244765,309773.78589756665,293780.39391505806
2014-12-09,777104.0866700732,923027.062148209,113212.07636302905,230944.1527260581,228886.49212627398,466812.98425254796,310180.00575006026,294856.5056801082
2014-12-10,763119.8846254671,909042.8601036029,99945.04487037692,204410.08974075384,223417.6479817023,455875.2959634046,296912.9742574081,289387.6615355365
2014-12-11,780935.6629352826,926858.6384134183,113649.14968585642,231818.29937171284,231146.48546665823,471332.97093331645,310617.0790728876,297116.4990204924
2014-12-12,760076.6075460492,905999.5830241849,97965.65294232103,200451.30588464206,223852.04665749412,456744.09331498825,294933.5823293522,289822.0602113283
2014-12-15,745402.8512987955,891325.8267769313,84756.72437601448,174033.44875202895,215807.69698424128,440655.39396848256,281724.6537630457,281777.71053807554
2014-12-16,728994.5242642456,874917.4997423814,68055.75588435587,140631.51176871173,205804.56330964033,420649.12661928067,265023.68527138705,271774.57686347456
2014-12-17,749291.9062007099,895214.8816788456,82055.03219413404,168630.06438826807,217675.4467736835,444390.893547367,279022.96158116526,283645.4603275177
2014-12-18,777630.6883141983,923553.663792334,105445.42689392378,215410.85378784756,236225.67150748335,481491.3430149667,302413.35628095496,302195.6850613176
2014-12-19,776286.3093841436,922209.2848622793,103749.65312946663,212059.30625893327,237223.70986511302,483567.41973022604,300717.5825164979,303193.72341894725
2014-12-22,780573.614032632,926496.5895107677,106245.31251771685,217050.6250354337,239134.50403842254,487389.0080768451,303213.2419047481,305104.5175922568
2014-12-23,772642.6155763767,918565.5910545124,102479.86525650305,209519.7305130061,236885.88471793782,482891.76943587564,299447.79464353423,302855.8982717721
2014-12-24,779110.1111543094,925033.0866324451,105043.80987235956,214647.61974471912,238614.44355778908,486348.88711557817,302011.7392593908,304584.4571116233
2014-12-26,777342.3681109815,923265.3435891173,103286.65116862673,211133.30233725347,237733.5402599857,484587.0805199714,300254.5805556579,303703.55381381995
2014-12-29,779545.0895194255,925468.0649975613,101934.56487094972,208429.12974189944,237348.77941686517,483817.55883373035,298902.49425798096,303318.7929706994
2014-12-30,775384.2811831867,921307.2566613224,100470.95155241627,205501.90310483254,236347.39047515957,481814.78095031914,297438.8809394475,302317.4040289938
2014-12-31,769324.1435138073,915247.1189919431,98853.47404772462,202266.94809544925,235142.93860323168,479405.87720646337,295821.40343475586,301112.9521570659
2015-01-02,767410.0961477158,913333.0716258516,98640.57377693774,201841.1475538755,235133.9677007266,479387.9354014532,295608.50316396897,301103.9812545608
2015-01-05,756761.5264467637,902684.5019248994,92353.84826988976,189267.6965397795,231256.6096604523,471633.2193209046,289321.77765692095,297226.6232142865
2015-01-06,747265.0896810325,893188.0651591682,88919.46852334283,182398.93704668566,228643.47053848725,466406.9410769745,285887.39791037404,294613.4840923215
2015-01-07,771987.3263559963,917910.301834132,95877.29796582024,196314.59593164048,234407.57592168803,477935.15184337605,292845.2273528514,300377.5894755222
2015-01-08,800032.6169813576,945955.5924594933,108557.77293208081,221675.54586416163,244732.58061514105,498585.1612302821,305525.702319112,310702.5941689753
2015-01-09,793854.3371030252,939777.3125811609,104931.95114595012,214423.90229190025,242290.07797756666,493700.1559551333,301899.8805329813,308260.0915314009
2015-01-12,780288.1102357244,926211.0857138601,93039.81320928084,190639.62641856167,233305.6596329393,475731.3192658786,290007.742596312,299275.6731867735
2015-01-13,778291.2981302183,924214.273608354,91094.37815649684,186748.75631299368,231607.8513924659,472335.7027849318,288062.30754352803,297577.8649463001
2015-01-14,777649.4323049611,923572.4077830969,95778.52953026016,196117.05906052032,235592.56759952696,480305.1351990539,292746.45891729137,301562.5811533612
2015-01-15,760372.9165835814,906295.8920617171,88555.03806934287,181670.07613868575,229127.229165862,467374.458331724,285522.9674563741,295097.2427196962
2015-01-16,775185.8234000542,921108.79887819,96869.88476029217,198339.76952058435,237137.13728595758,483474.27457191516,293837.81414732337,303107.1508397918
2015-01-20,782570.263402199,928493.2388803348,98727.04481785282,202054.08963570563,238735.14211431195,486670.2842286239,295694.974204884,304705.15566814615
2015-01-21,794674.6787322839,940597.6542104196,103396.05098518913,211392.10197037825,241537.3938294014,492274.7876588028,300363.98037222034,307507.40738323564
2015-01-22,825229.6970814209,971152.6725595567,119311.39189934003,243222.78379868006,248597.7853351958,506395.5706703916,316279.32128637127,314567.79888903
2015-01-23,831743.715032046,977666.6905101817,122724.22732934626,250048.45465869253,250293.7650966345,509787.530193269,319692.1567163775,316263.77865046874
2015-01-26,843560.2806567933,989483.256134929,126478.2476346268,257556.4952692536,252347.04032172167,513894.08064344333,323446.177021658,318317.05387555587
2015-01-27,838344.2016368019,984267.1771149377,121851.67252511819,248303.34505023638,250415.06042876467,510030.12085752934,318819.6019121494,316385.07398259884
2015-01-28,832831.7005663931,978754.6760445288,119823.1144407427,244246.2288814854,249668.67425650742,508537.34851301485,316791.04382777394,315638.68781034165
2015-01-29,849741.2361050843,995664.21158322,128128.04031083579,260856.08062167157,253030.7819781411,515261.5639562822,325095.969697867,319000.7955319753
2015-01-30,824377.3635261137,970300.3390042494,112240.69586866934,229081.39173733868,245839.16270082694,500878.3254016539,309208.62525570055,311809.1762546611
2015-02-02,821888.902133917,967811.8776120527,109119.55288197809,222839.10576395618,245186.86066728606,499573.7213345721,306087.4822690093,311156.87422112026
2015-02-03,824417.6405795936,970340.6160577293,106610.78444720272,217821.56889440544,244761.06417350605,498722.1283470121,303578.71383423393,310731.0777273403
2015-02-04,851513.9480957487,997436.9235738844,123163.4607860192,250926.9215720384,254585.17346121362,518370.34692242724,320131.3901730504,320555.1870150478
2015-02-05,853089.8485072856,999012.8239854213,123998.21806263692,252596.43612527385,255710.90260684272,520621.80521368544,320966.14744966815,321680.9161606769
2015-02-06,848147.6409069438,994070.6163850796,118455.92964750035,241511.8592950007,252407.8772974061,514015.7545948122,315423.8590345316,318377.8908512403
2015-02-09,824880.0280795513,970803.003557687,104342.73273271024,213285.46546542048,244636.13509865323,498472.27019730647,301310.66211974144,310606.14865248743
2015-02-10,844476.1492879086,990399.1247660443,114893.98006451137,234387.96012902274,252036.11583868545,513272.2316773709,311861.9094515426,318006.12939251965
2015-02-11,849018.7514474061,994941.7269255419,116212.35840686664,237024.71681373328,253686.95289383712,516573.90578767424,313180.28779389785,319656.96644767135
2015-02-12,856315.3645435309,1002238.3400216666,121270.24889886078,247140.49779772156,256845.71655842612,522891.43311685225,318238.178285892,322815.7301122603
2015-02-13,859744.7382263131,1005667.7137044489,123987.12402522119,252574.24805044237,258988.14088359356,527176.2817671872,320955.0534122524,324958.15443742776
2015-02-17,854226.068864555,1000149.0443426907,119663.08030358699,243926.16060717398,257294.64665093084,523789.2933018617,316631.0096906182,323264.66020476504
2015-02-18,863523.4706423061,1009446.4461204419,124703.61672629757,254007.23345259513,261512.84191781882,532225.6838356376,321671.5461133288,327482.855471653
2015-02-19,861682.8048282708,1007605.7803064066,123595.60454883573,251791.20909767147,263856.1189379567,536912.2378759134,320563.53393586696,329826.13249179086
2015-02-20,874747.6006122602,1020670.5760903959,132593.6997679575,269837.399535915,269610.5320629551,548521.0641259102,329561.62915498874,335580.54561678926
2015-02-23,878085.415149606,1024008.3906277417,132591.24170500643,269832.48341001285,270130.38228735887,549560.7645747177,329559.17109203764,336100.39584119304
2015-02-24,880867.2328280052,1026790.208306141,133461.04984281913,271572.09968563827,270855.27203453967,551010.5440690793,330428.9792298504,336825.28558837384
2015-02-25,874816.0382566764,1020739.0137348121,130015.55080956199,264681.10161912395,268780.90118072025,546861.8023614405,326983.4801965932,334750.9147345544
2015-02-26,902686.6284027165,1048609.6038808522,150854.61972697644,306359.2394539529,277691.2677255031,564682.5354510061,347822.5491140077,343661.28127933724
2015-02-27,889648.9264969904,1035571.9019751261,143439.3487672493,291528.6975344986,273896.6276239563,557093.2552479126,340407.27815428056,339866.6411777905
2015-03-02,906957.5615317886,1052880.5370099242,151974.69428727817,308599.38857455633,279404.1762309049,568108.3524618098,348942.6236743094,345374.18978473905
2015-03-03,901815.1714770868,1047738.1469552226,149378.68959521162,303407.37919042323,278181.25409911864,565662.5081982373,346346.6189822429,344151.2676529528
2015-03-04,906909.9613491563,1052832.9368272922,153297.76607211493,311245.53214422986,280056.9824733904,569413.9649467808,350265.69545914617,346026.9960272246
2015-03-05,925008.0293182114,1070931.004796347,162552.5352317542,329755.0704635084,285590.24556229595,580480.4911245919,359520.4646187854,351560.2591161301
2015-03-06,907721.4003603201,1053644.3758384557,149976.05665714524,304602.1133142905,279986.45616767334,569272.9123353467,346943.9860441765,345956.4697215075
2015-03-09,908903.5390092847,1054826.5144874204,148120.11071336144,300890.2214267229,280541.7977227445,570383.595445489,345088.04010039265,346511.8112765787
2015-03-10,896052.5674710779,1041975.5429492136,138376.88360493106,281403.7672098621,275215.0323010163,559730.0646020327,335344.8129919623,341185.0458548505
2015-03-11,898976.9318351042,1044899.90731324,137969.69090826376,280589.3818165275,275663.19941319694,560626.3988263939,334937.62029529497,341633.2129670311
2015-03-12,920107.8592874,1066030.8347655358,151282.3975333346,307214.7950666692,285367.67945728905,580035.3589145781,348250.3269203658,351337.6930111232
2015-03-13,911635.4823611458,1057558.4578392815,144708.5076380702,294067.0152761404,281360.4434109597,572020.8868219194,341676.43702510145,347330.45696479385
2015-03-16,950384.866087571,1096307.8415657068,176947.13856737805,358544.2771347561,297003.83853996405,603307.6770799281,373915.0679544093,362973.8520937982
2015-03-17,943561.3417136613,1089484.317191797,169689.9610581474,344029.9221162948,294117.931804717,597535.863609434,366657.8904451786,360087.94535855117
2015-03-18,948684.974122947,1094607.9496010826,173951.6083422002,352553.2166844004,295760.9656601185,600821.931320237,370919.5377292314,361730.97921395267
2015-03-19,959857.0085304313,1105779.984008567,184319.28959270954,373288.5791854191,302228.84885990596,613757.6977198119,381287.2189797408,368198.86241374013
2015-03-20,959484.1303676902,1105407.105845826,183939.23756708077,372578.47513416153,302734.40373097727,614868.8074619545,380907.16695411195,368704.41728481144
2015-03-23,956725.5945519767,1102648.5700301123,181205.87033533904,367111.7406706781,301457.0791035344,612314.1582070688,378173.7997223703,367427.0926573686
2015-03-24,953764.7378475899,1099687.7133257256,179498.39172639025,363696.7834527805,300461.27349179704,610322.5469835941,376466.32111342147,366431.2870456312
2015-03-25,923065.8203549192,1068988.795833055,167587.6269709086,339875.2539418172,292235.49115375854,593870.9823075171,364555.5563579398,358205.5047075927
2015-03-26,917452.414533433,1063375.3900115688,166622.58301552432,337945.16603104863,291447.9368690599,592295.8737381198,363590.51240255556,357417.9504228941
2015-03-27,936290.7436970044,1082213.7191751401,170708.4223020645,346116.844604129,294739.34920490906,598878.6984098181,367676.3516890957,360709.3627587432
2015-03-30,949451.6137114882,1095374.589189624,174691.54826206714,354083.0965241343,297877.3567072823,605154.7134145646,371659.4776490983,363847.3702611165
2015-03-31,936299.5413833555,1082222.5168614914,168639.87980826152,341979.75961652305,293535.58117010444,596471.1623402089,365607.8091952927,359505.5947239386
2015-04-01,924561.5015169327,1070484.4769950686,164762.13451825664,334224.2690365133,290497.44412051147,590394.8882410229,361730.0639052879,356467.45767434564
2015-04-02,921506.8436470631,1067429.8191251988,163927.66418692743,332555.32837385486,289834.6336050574,589069.2672101147,360895.5935739586,355804.64715889154
2015-04-06,917017.8572840176,1062940.8327621534,164169.34000032773,333038.68000065547,290117.8052842862,589635.6105685724,361137.269387359,356087.8188381204
2015-04-07,916745.1956471351,1062668.171125271,162562.59808922707,329825.19617845415,288892.98704688187,587185.9740937637,359530.5274762583,354863.00060071604
2015-04-08,924721.029798151,1070644.0052762867,162262.62906814596,329225.25813629193,288722.31504861306,586844.6300972261,359230.5584551772,354692.32860244723
2015-04-09,930962.0736087414,1076885.0490868771,163383.58357248444,331467.1671449689,289837.459997636,589074.919995272,360351.5129595157,355807.47355147015
2015-04-10,935651.9276070093,1081574.903085145,163931.9243404858,332563.8486809716,290409.5094457551,590219.0188915102,360899.853727517,356379.5229995893
2015-04-13,934039.0467791597,1079962.0222572954,160755.9685791054,326211.9371582108,287600.37563764106,584600.7512752821,357723.8979661366,353570.38919147523
2015-04-14,922925.3989220109,1068848.3744001468,158025.00665375762,320750.01330751524,284926.78463132796,579253.5692626559,354992.93604078883,350896.79818516213
2015-04-15,922871.7927667634,1068794.768244899,158618.62953463185,321937.2590692637,285526.7433401762,580453.4866803524,355586.55892166303,351496.75689401035
2015-04-16,923528.2252832856,1069451.2007614214,157424.80022347037,319549.60044694075,284335.62632950925,578071.2526590185,354392.7296105016,350305.6398833434
2015-04-17,912102.933977464,1058025.9094555997,154501.75198224542,313753.50396449084,280925.05000807403,571350.1000161481,351469.6813692766,346895.0635619082
2015-04-20,923819.5598246065,1069742.5353027424,158174.3822615785,321098.764523157,283900.2317297924,577300.4634595847,355142.3116486097,349870.24528362654
2015-04-21,938203.7517713292,1084126.727249465,165628.59746910934,336007.1949382187,288535.0281547759,586570.0563095518,362596.5268561405,354505.0417086101
2015-04-22,949339.1619179008,1095262.1373960364,171544.1033805674,347838.2067611348,292261.20055190084,594022.4011038017,368512.0327675986,358231.214105735
2015-04-23,948278.8364860798,1094201.8119642157,170336.6049659294,345423.2099318588,291813.8649577347,593127.7299154694,367304.5343529606,357783.8785115689
2015-04-24,934608.5012969373,1080531.476775073,162234.27479587722,329218.54959175445,287116.891578516,583733.783157032,359202.2041829084,353086.90513235016
2015-04-27,926310.8947586842,1072233.8702368198,153807.66070929109,312365.32141858217,283044.32529849396,575588.6505969879,350775.5900963223,349014.33885232813
2015-04-28,912166.7759684998,1058089.7514466357,145479.41008422818,295708.82016845635,277684.8807618822,564869.7615237643,342447.3394712593,343654.89431571634
2015-04-29,899899.6122500112,1045822.5877281469,138607.49999961763,281964.99999923527,272912.6573548278,555325.3147096556,335575.4293866488,338882.67090866197
2015-04-30,891182.2053526022,1037105.1808307379,133699.15343433886,272148.3068686777,269364.34165694425,548228.6833138885,330667.08282137004,335334.3552107784
2015-05-01,933078.6374667778,1079001.6129449136,152780.16249905326,310310.3249981065,284061.13939806656,577622.2787961331,349748.09188608447,350031.15295190073
2015-05-04,930591.2249372933,1076514.2004154292,148318.6939864185,301387.387972837,281777.25167969376,573054.5033593875,345286.6233734497,347747.2652335279
2015-05-05,899274.6982828857,1045197.6737610215,132429.6995077663,269609.3990155326,269072.02668000024,547644.0533600005,329397.62889479747,335042.0402338344
2015-05-06,901834.3010357915,1047757.2765139273,131933.35833391012,268616.71666782023,268906.4054466535,547312.810893307,328901.2877209413,334876.41900048766
2015-05-07,930119.2585068436,1076042.2339849793,143852.66524448874,292455.3304889775,279402.9325489255,568305.865097851,340820.5946315199,345372.9461027597
2015-05-08,920112.4934452269,1066035.4689233627,139959.58498648304,284669.1699729661,276425.117464623,562350.234929246,336927.5143735142,342395.1310184572
2015-05-11,919855.0818706057,1065778.0573487415,131732.1329486498,268214.2658972996,269867.27015588194,549234.5403117639,328700.062335681,335837.2837097161
2015-05-12,912836.9039479358,1058759.8794260714,126464.41819002274,257678.83638004548,264921.83675726416,539343.6735145283,323432.34757705394,330891.85031109833
2015-05-13,907555.1087071511,1053478.084185287,122902.4154899328,250554.8309798656,261442.538077703,532385.076155406,319870.344876964,327412.55163153715
2015-05-14,921678.4859777888,1067601.4614559247,129263.71297650413,263277.42595300823,267807.32257047686,545114.6451409537,326231.6423635353,333777.336124311
2015-05-15,924605.7245389029,1070528.7000170385,125754.85565568453,256299.71131136906,263938.1226210236,537456.2452420472,322722.7850427157,329908.1361748578
2015-05-18,942246.1609996099,1088169.1364777456,133304.2291490545,271398.458298109,268425.9376110601,546431.8752221202,330272.1585360857,334395.9511648943
2015-05-19,942517.6440524091,1088440.6195305448,133918.77480994014,272627.5496198803,268720.10258834815,547020.2051766963,330886.7041969713,334690.1161421823
2015-05-20,937393.5224544026,1083316.4979325384,130791.44289986874,266372.8857997375,267018.0279726463,543616.0559452926,327759.37228689995,332988.04152648046
2015-05-21,936221.7464085019,1082144.7218866376,130197.250067496,265184.500134992,266803.53445227566,543187.0689045513,327165.1794545272,332773.54800610984
2015-05-22,942164.516454773,1088087.4919329088,133334.03545627958,271458.07091255917,268588.3439264163,546756.6878528326,330301.96484331076,334558.3574802505
2015-05-26,929625.0972871521,1075548.072765288,125946.80776163416,256683.61552326832,264775.14964289794,539130.2992857959,322914.73714866536,330745.1631967321
2015-05-27,965362.7143287625,1111285.6898068981,150676.61241505368,306143.22483010736,277734.02194654284,565048.0438930857,347644.5418020849,343704.035500377
2015-05-28,966594.6148242569,1112517.5903023926,148752.95737608787,302295.91475217574,277108.2114500404,563796.4229000808,345720.886763119,343078.22500387457
2015-05-29,977585.0585214499,1123508.0339995855,159477.17625616468,323744.35251232935,280769.9513609198,571119.9027218396,356445.10564319586,346739.964914754
2015-06-01,973513.94965444,1119436.925132576,155069.03116834795,314928.0623366959,279447.8499667825,568475.699933565,352036.9605553791,345417.86352061667
2015-06-02,960332.9612975407,1106255.9367756764,146706.1196370389,298202.2392740778,276055.52086839266,561691.0417367853,343674.0490240701,342025.53442222683
2015-06-03,957382.1998389924,1103305.1753171282,141080.58594625155,286951.1718925031,274750.82086704986,559081.6417340997,338048.5153332827,340720.834420884
2015-06-04,955931.3295047816,1101854.3049829174,138788.12959618616,282366.2591923723,274111.9130672565,557803.826134513,335756.05898321734,340081.9266210907
2015-06-05,968211.65737749,1114134.6328556258,142121.44732353225,289032.8946470645,275786.4081426412,561152.8162852824,339089.37671056343,341756.42169647536
2015-06-08,947846.5004506356,1093769.4759287713,125776.93281423398,256343.86562846796,267568.59116481326,544717.1823296265,322744.8622012652,333538.60471864743
2015-06-09,946204.399050844,1092127.3745289799,126240.54367393385,257271.0873478677,267743.4089040281,545066.8178080563,323208.473060965,333713.4224578623
2015-06-10,964394.4840615238,1110317.4595396596,136635.19042326033,278060.38084652065,274264.24453791685,558108.4890758337,333603.1198102915,340234.258091751
2015-06-11,964512.9300548321,1110435.9055329678,135847.2086611431,276484.4173222862,274580.41825396527,558740.8365079305,332815.13804817427,340550.43180779944
2015-06-12,959509.1705415251,1105432.1460196609,130692.75220721727,266175.50441443454,271761.14804142667,553102.2960828533,327660.68159424845,337731.16159526084
2015-06-15,962175.1632633564,1108098.1387414923,134905.87423522177,274601.74847044353,275052.1695564949,559684.3391129898,331873.80362225295,341022.1831103291
2015-06-16,972657.0976082993,1118580.0730864352,134527.9031757078,273845.8063514156,276087.271594484,561754.543188968,331495.832562739,342057.28514831816
2015-06-17,972608.5355339687,1118531.5110121043,133171.72356599878,271133.44713199756,275913.5468023784,561407.0936047568,330139.65295302996,341883.56035621255
2015-06-18,994053.2361151151,1139976.211593251,146139.66901271846,297069.3380254369,282198.7315973714,573977.4631947428,343107.59839974967,348168.74515120557
2015-06-19,993212.3163481676,1139135.2918263033,144448.26742261957,293726.53484523913,281491.2221182532,572642.4442365064,341416.1968096507,347461.23567208735
2015-06-22,995680.9829866581,1141603.9584647939,143779.75248132198,292389.50496264396,281666.0985767869,572992.1971535739,340747.6818683531,347636.1121306211
2015-06-23,996250.1711262228,1142173.1466043585,143666.0427364027,292162.0854728054,281713.09541215934,573086.1908243187,340633.97212343384,347683.1089659935
2015-06-24,984963.9354719429,1130886.9109500786,137518.47269615196,279866.9453923039,277936.9224721287,565533.8449442574,334486.4020831831,343906.9360259629
2015-06-25,991372.4285227811,1137295.404000917,140265.26086649796,285360.5217329959,279814.59034492925,569289.1806898585,337233.1902535291,345784.6038987634
2015-06-26,982440.5381074147,1128363.5135855505,137638.97649748836,280107.9529949767,277533.83115985966,564727.6623197193,334606.9058845195,343503.84471369383
2015-06-29,948160.1081536275,1094083.0836317632,122630.16401284072,250090.32802568143,267406.08176356764,544472.1635271353,319598.09339987184,333376.0953174018
2015-06-30,956873.9390124811,1102796.9144906169,123958.19347875348,252746.38695750697,268653.6489744483,546967.2979488967,320926.1228657846,334623.6625282825
2015-07-01,963691.0024721622,1109613.977950298,125346.60722511577,255523.21445023155,269853.256879822,549366.513759644,322314.53661214694,335823.2704336562
2015-07-02,976715.5970203691,1122638.5724985048,129604.17613039937,264038.35226079874,273260.64666834683,556181.2933366937,326572.1055174305,339230.660222181
2015-07-06,965092.6665017378,1111015.6419798736,123774.17005831751,252378.34011663502,269001.1838664267,547662.3677328534,320742.09944534866,334971.19742026087
2015-07-07,962778.5499126624,1108701.5253907982,123833.20086701932,252496.40173403863,269045.3784050021,547750.7568100042,320801.1302540505,335015.3919588363
2015-07-08,930939.9385731467,1076862.9140512825,116509.63545276367,237849.27090552734,262705.6526512268,535071.3053024536,313477.5648397948,328675.66620506096
2015-07-09,922587.5437494576,1068510.5192275932,115509.18262532966,235848.36525065932,261821.2959072574,533302.5918145147,312477.1120123608,327791.3094610915
2015-07-10,953850.0224272297,1099772.9979053654,120494.09046635115,245818.1809327023,266385.428366555,542430.85673311,317462.0198533823,332355.4419203892
2015-07-13,964279.2499818333,1110202.2254599691,125717.50544363228,256265.01088726457,271091.10445745906,551842.2089149181,322685.43483066343,337061.11801129323
2015-07-14,984354.0181023339,1130276.9935804696,132424.40581178883,269678.81162357767,277088.80742408644,563837.6148481729,329392.33519882,343058.8209779206
2015-07-15,986927.1844363696,1132850.1599145052,135471.75772766574,275773.5154553315,281005.4685762104,571670.9371524208,332439.6871146969,346975.48213004455
2015-07-16,996806.8277885722,1142729.8032667078,138118.60114021317,281067.20228042634,284052.3303893457,577764.6607786914,335086.5305272443,350022.3439431799
2015-07-17,997265.8605412889,1143102.7332960272,138470.60762647534,281811.2152529507,284492.36665673705,578724.7333134741,335438.5370135065,350462.3802105712
2015-07-20,1005974.4147383248,1151811.2874930631,141149.36153283154,287168.72306566307,286668.2841316469,583076.5682632938,338117.2909198627,352638.2976854811
2015-07-21,1011482.4812691335,1157319.3540238717,143452.11290874364,291774.2258174873,288272.68053276005,586285.3610655201,340420.04229577485,354242.6940865942
2015-07-22,1000729.8748369891,1146566.7475917274,138970.1939353274,282810.3878706548,285118.90886401443,579977.8177280289,335938.1233223586,351088.9224178486
2015-07-23,1011445.0962109428,1157281.968965681,143181.40976515552,291232.81953031104,288121.6691783182,585983.3383566363,340149.3391521867,354091.68273215235
2015-07-24,989384.2371818897,1135221.109936628,133099.01423803138,271068.02847606275,281414.1270352491,572568.2540704982,330066.9436250626,347384.14058908325
2015-07-27,971522.0771162768,1117358.949871015,125489.81349627842,255849.62699255685,276366.3627738475,562472.725547695,322457.7428833096,342336.37632768165
2015-07-28,991668.1371207942,1137505.0098755325,132665.20166269908,270200.40332539816,281575.7762064994,572891.5524129987,329633.1310497303,347545.78976033354
2015-07-29,987971.0035869705,1133807.876341709,130953.70694208483,266777.41388416965,280203.2114568404,570146.4229136808,327921.636329116,346173.22501067456
2015-07-30,990303.9318004186,1136140.804555157,131452.11864598084,267774.2372919617,280531.94811603875,570803.8962320775,328420.048033012,346501.9616698729
2015-07-31,987544.5275560996,1133381.400310838,131597.68509158556,268065.3701831711,280160.0745294867,570060.1490589734,328565.61447861674,346130.0880833209
2015-08-03,984977.0195040276,1130813.8922587659,131241.78116890969,267353.56233781937,279308.46535418567,568356.9307083713,328209.71055594087,345278.47890801984
2015-08-04,975619.7020886014,1121456.5748433396,129430.13346444804,263730.2669288961,279183.0296754411,568106.0593508822,326398.0628514792,345153.04322927527
2015-08-05,986441.5872099462,1132278.4599646844,135676.89498057376,276223.78996114753,282771.29722124455,575282.5944424891,332644.8243676049,348741.3107750787
2015-08-06,954214.269859743,1100051.1426144813,119560.24959415084,243990.49918830168,273149.59777562896,556039.1955512579,316528.17898118205,339119.61132946314
2015-08-07,962206.1421957014,1108043.0149504398,122751.0952620935,250372.190524187,275375.3275048758,560490.6550097516,319719.0246491247,341345.34105870995
2015-08-10,969609.1686166128,1110242.4633556718,118068.18352702756,241006.36705405512,273061.9403301759,555863.8806603518,315036.1129140587,339031.9538840101
2015-08-11,952274.0116927067,1096922.1148345005,111081.76279026592,227033.52558053183,267640.1003863369,545020.2007726738,308049.6921772971,333610.1139401711
2015-08-12,960276.8575080505,1103112.4265635211,113456.4216795646,231782.8433591292,269613.32118662994,548966.6423732599,310424.35106659576,335583.3347404641
2015-08-13,965829.8128627868,1109172.1530309531,118601.91795028646,242073.8359005729,273814.2801624864,557368.5603249728,315569.84733731765,339784.2937163206
2015-08-14,962725.460701099,1107120.1595255826,120303.80758494796,245477.61516989593,275208.5333208478,560157.0666416956,317271.73697197915,341178.54687468195
2015-08-17,974133.5823120406,1114961.7846880683,119937.42012854027,244744.84025708053,276007.0868882937,561754.1737765874,316905.34951557143,341977.10044212785
2015-08-18,956840.6203122988,1107861.63472581,117131.77105674287,239133.54211348575,273840.13316256495,557420.2663251299,314099.70044377405,339810.1467163991
2015-08-19,954473.3906582287,1102512.500207454,111964.54258582153,228799.08517164306,269608.792880784,548957.585761568,308932.4719728527,335578.8064346182
2015-08-20,919832.3911980267,1077206.8242434624,103126.31126402732,211122.62252805464,260874.56182257537,531489.1236451508,300094.2406510585,326844.5753764096
2015-08-21,888360.4827689138,1052742.7936088117,96511.00900165539,197942.01800331078,253779.22165837136,517398.4433167427,294226.8982810201,320977.48695774924
2015-08-24,864853.8539916124,1052742.7936088117,85429.19893671642,175778.39787343284,247007.26532129775,503854.5306425955,294226.8982810201,320977.48695774924
2015-08-25,858226.0049967391,1052742.7936088117,82572.93740795451,170065.87481590902,245193.70291557346,500227.4058311469,294226.8982810201,320977.48695774924
2015-08-26,901343.748022462,1052742.7936088117,102509.19418571611,209938.38837143223,257750.93457429126,525341.8691485826,294226.8982810201,320977.48695774924
2015-08-27,933615.1667453754,1052742.7936088117,123444.9705388429,251809.9410776858,268719.56081943307,547279.1216388661,294226.8982810201,320977.48695774924
2015-08-28,933718.8088153439,1052742.7936088117,122701.12061547831,250322.24123095663,268803.8665962975,547447.733192595,294226.8982810201,320977.48695774924
2015-08-31,925837.7143212901,1052742.7936088117,114149.80445029719,233219.60890059438,265728.2786666261,541296.5573332522,294226.8982810201,320977.48695774924
2015-09-01,892991.3462417907,1052742.7936088117,93096.89539144076,191113.79078288152,253645.31435613282,517130.62871226564,294226.8982810201,320977.48695774924
2015-09-02,916011.2034546804,1052742.7936088117,105474.67199921918,215869.34399843836,261703.5439389262,533247.0878778524,294226.8982810201,320977.48695774924
2015-09-03,917328.3479460371,1052742.7936088117,104452.49357885229,213824.98715770457,261739.03994417514,533318.0798883503,294226.8982810201,320977.48695774924
2015-09-04,901263.5545371196,1052742.7936088117,94181.44079862184,193282.8815972437,255395.15682966617,520630.31365933234,294226.8982810201,320977.48695774924
2015-09-08,937509.6885788224,1052742.7936088117,114394.81390563528,233709.62781127056,269841.39683946065,549522.7936789213,294226.8982810201,320977.48695774924
2015-09-09,918163.5302059683,1052742.7936088117,103444.05244115792,211808.10488231585,262879.14048411866,535598.2809682373,294226.8982810201,320977.48695774924
2015-09-10,923702.2889012244,1052742.7936088117,108690.167855793,222300.335711586,266544.991860642,542929.983721284,294226.8982810201,320977.48695774924
2015-09-11,933579.4857706688,1052742.7936088117,113443.29553551399,231806.59107102797,270029.3514152828,549898.7028305656,294226.8982810201,320977.48695774924
2015-09-14,935781.7290363873,1052742.7936088117,114215.20608202011,233350.41216404023,273201.1128688629,556242.2257377259,294226.8982810201,320977.48695774924
2015-09-15,948866.4797041331,1052742.7936088117,124790.8798512425,254501.759702485,279255.698124577,568351.396249154,294226.8982810201,320977.48695774924
2015-09-16,946792.9738481336,1052742.7936088117,119508.85047224324,243937.70094448648,278938.29492675944,567716.5898535189,294226.8982810201,320977.48695774924
2015-09-17,947276.2083824775,1052742.7936088117,116023.57183377541,236967.14366755082,279597.58846858365,569035.1769371673,294226.8982810201,320977.48695774924
2015-09-18,933495.2082220849,1052742.7936088117,104529.05575073812,214018.11150147623,273163.8320064111,556247.6640128222,294226.8982810201,320977.48695774924
2015-09-21,925716.1749864294,1052742.7936088117,99221.59500511842,203403.19001023684,270349.467126202,550618.934252404,294226.8982810201,320977.48695774924
2015-09-22,916142.9972506089,1052742.7936088117,93788.5329783476,192537.0659566952,267070.93995045335,544061.8799009067,294226.8982810201,320977.48695774924
2015-09-23,918933.5485923662,1052742.7936088117,94136.72637744609,193233.45275489218,267501.62263601954,544923.2452720391,294226.8982810201,320977.48695774924
2015-09-24,928131.1888573319,1052742.7936088117,98626.44971712121,202212.89943424243,270523.1159763348,550966.2319526696,294226.8982810201,320977.48695774924
2015-09-25,912357.3715956848,1052742.7936088117,94634.96257694089,194229.92515388178,267627.03383475146,545174.0676695029,294226.8982810201,320977.48695774924
2015-09-28,877808.892121061,1052742.7936088117,83190.4891736691,171340.9783473382,260032.68748017526,529985.3749603505,294226.8982810201,320977.48695774924
2015-09-29,870226.9209768305,1052742.7936088117,80518.07685620681,165996.15371241362,258071.00871948103,526062.0174389621,294226.8982810201,320977.48695774924
2015-09-30,897069.9642834753,1052742.7936088117,88169.3399995238,181298.6799990476,264052.24726428004,538024.4945285601,294226.8982810201,320977.48695774924
2015-10-01,908631.269555392,1052742.7936088117,91286.41928402182,187532.83856804363,266559.0947622043,543038.1895244085,294226.8982810201,320977.48695774924
2015-10-02,915416.9059015929,1052742.7936088117,92121.36826244318,189202.73652488636,267541.7627167575,545003.525433515,294226.8982810201,320977.48695774924
2015-10-05,930706.284412159,1052742.7936088117,99545.9772625616,204051.9545251232,273948.22635633236,557816.4527126647,294226.8982810201,320977.48695774924
2015-10-06,915725.9040703927,1052742.7936088117,92467.93439190865,189895.8687838173,268905.67959061917,547731.3591812383,294226.8982810201,320977.48695774924
2015-10-07,925852.46121982,1052742.7936088117,91227.21323877278,187414.42647754555,268429.58871014434,546779.1774202887,294226.8982810201,320977.48695774924
2015-10-08,941568.0861896157,1052742.7936088117,100779.32522832789,206518.65045665577,275815.05739454227,561550.1147890845,294226.8982810201,320977.48695774924
2015-10-09,947527.4245637476,1052742.7936088117,99509.45072079085,203978.9014415817,275744.16928042367,561408.3385608473,294226.8982810201,320977.48695774924
2015-10-12,962714.0302203215,1052742.7936088117,101049.73196783196,207059.46393566392,278808.1119521452,567536.2239042904,294226.8982810201,320977.48695774924
2015-10-13,935014.4816116409,1052742.7936088117,85232.41419031788,175424.82838063576,264858.5473481492,539637.0946962984,294226.8982810201,320977.48695774924
2015-10-14,926925.8365775729,1052742.7936088117,80785.75688494797,166531.51376989594,260643.38351483762,531206.7670296752,294226.8982810201,320977.48695774924
2015-10-15,925625.8300748937,1052742.7936088117,76771.74014617172,158503.48029234345,256686.9386582779,523293.8773165558,294226.8982810201,320977.48695774924
2015-10-16,926891.533859516,1052742.7936088117,80223.36705141557,165456.73410283113,259590.27387625945,529200.5477525189,294226.8982810201,320977.48695774924
2015-10-19,920875.8527691202,1052742.7936088117,75484.61417751623,155979.22835503245,257196.5948278846,524413.1896557693,294226.8982810201,320977.48695774924
2015-10-20,913288.346849994,1052742.7936088117,70719.50129286028,146449.00258572056,254482.81911843282,518985.6382368657,294226.8982810201,320977.48695774924
2015-10-21,906503.9025826794,1052742.7936088117,67065.89529037659,139141.79058075318,252224.8127563481,514469.6255126963,294226.8982810201,320977.48695774924
2015-10-22,937557.0276699478,1052742.7936088117,81540.69263318123,168091.38526636246,261705.6385927352,533431.2771854704,294226.8982810201,320977.48695774924
2015-10-23,967127.292096862,1052742.7936088117,97646.38007596847,200302.76015193693,271612.9040731412,553245.8081462824,294226.8982810201,320977.48695774924
2015-10-26,949555.7497799242,1052742.7936088117,85266.62670766113,175543.25341532225,264999.69959228253,540019.3991845651,294226.8982810201,320977.48695774924
2015-10-27,942060.079393485,1052742.7936088117,81103.6488159993,167217.2976319986,262367.08447249845,534754.168944997,294226.8982810201,320977.48695774924
2015-10-28,968863.7080529387,1052742.7936088117,95984.20985652342,196978.41971304684,272068.00026329746,554156.0005265949,294226.8982810201,320977.48695774924
2015-10-29,952201.737003234,1052742.7936088117,87820.7085988872,180651.4171977744,266437.0517960086,542894.1035920173,294226.8982810201,320977.48695774924
2015-10-30,973946.7988860795,1052742.7936088117,99006.33293048262,203022.66586096524,274024.3855552097,558068.7711104195,294226.8982810201,320977.48695774924
2015-11-02,979811.517005912,1052742.7936088117,98814.24439240963,202638.48878481926,275751.20101871155,561522.4020374232,294226.8982810201,320977.48695774924
2015-11-03,975559.3512972686,1052742.7936088117,95609.06183431404,196228.12366862808,273893.5448671767,557807.0897343534,294226.8982810201,320977.48695774924
2015-11-04,1000688.2489765653,1052742.7936088117,113734.52471189348,232479.04942378696,284353.61265008996,578727.2253001799,294226.8982810201,320977.48695774924
2015-11-05,1009894.9060781454,1052742.7936088117,122757.93091570426,250525.86183140852,288100.7118056792,586221.4236113584,294226.8982810201,320977.48695774924
2015-11-06,1042124.9797564675,1052742.7936088117,143510.31963086515,292030.6392617303,302861.1086249777,615742.2172499555,294226.8982810201,320977.48695774924
2015-11-09,1020953.6748885165,1052742.7936088117,123228.11829564458,251466.23659128917,294778.69860526104,599577.3972105222,294226.8982810201,320977.48695774924
2015-11-10,1004652.9757770015,1052742.7936088117,114689.3727155973,234388.7454311946,286970.3628282708,583960.7256565418,294226.8982810201,320977.48695774924
2015-11-11,1009970.6310516731,1052742.7936088117,120576.41529595415,246162.8305919083,288738.77583925804,587497.5516785161,294226.8982810201,320977.48695774924
2015-11-12,985350.9842574514,1052742.7936088117,101658.54855169501,208327.09710339003,278938.76385994133,567897.5277198828,294226.8982810201,320977.48695774924
2015-11-13,960552.8845588784,1052742.7936088117,82697.16581270093,170404.33162540186,267670.7833423844,545361.5666847688,294226.8982810201,320977.48695774924
2015-11-16,991093.2976722001,1052742.7936088117,103385.91842796777,211781.83685593554,284590.7738604667,579201.5477209336,294226.8982810201,320977.48695774924
2015-11-17,1007256.5499360708,1052742.7936088117,113582.60508561174,232175.21017122347,290711.47719745897,591442.954394918,294226.8982810201,320977.48695774924
2015-11-18,1039402.0570487314,1052742.7936088117,137051.2068167518,279112.4136335036,301985.73955312045,613991.4791062409,294226.8982810201,320977.48695774924
2015-11-19,1034160.6756541756,1052742.7936088117,134818.21611600165,274646.4322320033,298596.75359879516,607213.5071975904,294226.8982810201,320977.48695774924
2015-11-20,1049092.6854349019,1052242.7936088117,147677.61203053643,300415.22406107286,299344.04984882835,608808.0996976568,293679.94269523013,320079.5688081344
2015-11-23,1060639.8892769325,1063789.9974508423,152772.11976061907,310604.23952123814,302643.61702311644,615407.234046233,298774.45042531274,323379.1359824225
2015-11-24,1046464.8415377409,1049614.9497116506,145341.49097231848,295742.98194463697,298203.3243246716,606526.6486493433,291343.8216370122,318938.84328397765
2015-11-25,1056244.5931477565,1059394.7013216664,149799.1283131626,304658.2566263252,300989.48464639403,612098.9692927882,295801.45897785627,321725.0036057001
2015-11-27,1058545.0410553226,1061695.1492292325,150011.37983082214,305082.7596616443,301415.01469661616,612950.0293932324,296013.7104955158,322150.5336559222
2015-11-30,1044103.5811204402,1047253.68929435,139694.03260121765,284448.0652024353,295644.10834084015,601408.2166816804,285696.36326591135,316379.6273001462
2015-12-01,1058421.5579064342,1061571.666080344,146884.62880418033,298829.25760836067,300518.9679110785,611157.9358221571,292886.95946887403,321254.48687038454
2015-12-02,1058249.1679820716,1061399.2761559815,146545.69287237973,298151.38574475946,300541.46179480123,611202.9235896026,292548.0235370734,321276.9807541073
2015-12-03,1043239.193096163,1046389.3012700728,138960.02889874755,282980.0577974951,295372.59897135047,600865.197942701,284962.35956344125,316108.11793065653
2015-12-04,1070745.0872520152,1073895.195425925,152769.02322657115,310598.0464531423,304757.55516368354,619635.1103273672,298771.3538912648,325493.0741229896
2015-12-07,1055795.6110480246,1058945.7192219344,140206.98443528565,285473.9688705713,297340.8782417892,604801.7564835785,286209.31509997934,318076.39720109524
2015-12-08,1064191.0090045487,1067341.1171784585,144348.33235313866,293756.6647062773,300647.6213541344,611415.2427082689,290350.6630178323,321383.14031344047
2015-12-09,1047737.5802735826,1050887.6884474924,133984.31178314055,273028.6235662811,292816.15720992826,595752.3144198566,279986.64244783425,313551.6761692343
2015-12-10,1047785.3830760566,1050935.4912499664,132786.35163753736,270632.7032750747,291979.18332643295,594078.366652866,278788.682302231,312714.702285739
2015-12-11,1021834.7363864618,1024984.8445603716,123567.2557219819,252194.5114439638,283578.8698086322,577277.7396172645,269569.58638667554,304314.38876793825
2015-12-14,1031153.6409769646,1034303.7491508744,122457.23719563194,249974.47439126388,282647.43827206275,575414.8765441256,268459.5678603256,303382.9572313688
2015-12-15,1039943.3097970014,1043093.4179709113,127445.61386983254,259951.22773966508,287503.0429803084,585126.0859606169,273447.9445345262,308238.5619396145
2015-12-16,1059592.407322465,1062742.5154963748,135946.74566967465,276953.4913393493,295559.0427477021,601238.0854954043,281949.0763343683,316294.56170700816
2015-12-17,1046766.5227512353,1049916.630925145,125699.94216184606,256459.88432369212,285918.68881829473,581957.3776365896,271702.2728265397,306654.2077776008
2015-12-18,1027090.0099816193,1030652.0105425359,117547.57267554411,240205.14535108823,276972.634881333,564165.2697626661,264585.05658470583,299538.00645180844
2015-12-21,1036017.4798478141,1030652.0105425359,120348.1096053798,245806.2192107596,279230.21163422614,568680.4232684524,264585.05658470583,299538.00645180844
2015-12-22,1036882.2354764859,1030652.0105425359,120262.98610151706,245635.97220303412,279361.66869507486,568943.3373901498,264585.05658470583,299538.00645180844
2015-12-23,1045203.1914706159,1030652.0105425359,124168.08120861472,253446.16241722944,281955.10554563464,574130.2110912694,264585.05658470583,299538.00645180844
2015-12-24,1044074.7764330002,1030652.0105425359,122918.50015867976,250947.00031735952,281436.32115641504,573092.6423128302,264585.05658470583,299538.00645180844
2015-12-28,1044677.717016394,1030652.0105425359,119708.55606413941,244527.11212827882,280744.03784757835,571708.0756951568,264585.05658470583,299538.00645180844
2015-12-29,1061880.855145092,1030652.0105425359,129885.80560686244,264881.6112137249,287315.51386064314,584851.0277212864,264585.05658470583,299538.00645180844
2015-12-30,1051391.6865591086,1030652.0105425359,122636.16620557396,250382.33241114792,283081.3933138533,576382.7866277067,264585.05658470583,299538.00645180844
2015-12-31,1036781.5242782667,1030652.0105425359,113081.06157446852,231272.12314893704,277038.90248722513,564297.8049744504,264585.05658470583,299538.00645180844
2016-01-04,1002431.7807308832,1030652.0105425359,94276.24721068883,193662.49442137766,263063.34049864276,536346.6809972856,264585.05658470583,299538.00645180844
2016-01-05,1002414.0382023632,1030652.0105425359,95105.41552148674,195320.83104297347,263704.6543631119,537629.3087262239,264585.05658470583,299538.00645180844
2016-01-06,1004231.4651803633,1030652.0105425359,92461.97431152065,190033.9486230413,261759.56609940846,533739.132198817,264585.05658470583,299538.00645180844
2016-01-07,974335.8773676378,1030652.0105425359,85239.85437465782,175589.70874931564,255079.64291206814,520379.2858241364,264585.05658470583,299538.00645180844
2016-01-08,960077.2600877713,1030652.0105425359,82675.9262185705,170461.852437141,252628.1188889362,515476.23777787253,264585.05658470583,299538.00645180844
2016-01-11,972903.1432150564,1030652.0105425359,83101.331061279,171312.662122558,253074.60084163386,516369.20168326783,264585.05658470583,299538.00645180844
2016-01-12,986195.0345906683,1030652.0105425359,85744.21296716342,176598.42593432683,255691.8459593409,521603.6919186819,264585.05658470583,299538.00645180844
2016-01-13,940465.0623465122,1030652.0105425359,80857.23558169647,166824.47116339294,250841.2132079759,511902.4264159519,264585.05658470583,299538.00645180844
2016-01-14,948549.0315932815,1030652.0105425359,81860.61376560396,168831.22753120793,251844.6171644345,513909.2343288691,264585.05658470583,299538.00645180844
2016-01-15,919953.4494234639,1030652.0105425359,78961.51280768884,163083.02561537767,247883.9729337367,506087.9458674735,264585.05658470583,299538.00645180844
2016-01-19,931820.0499215955,1030652.0105425359,81253.02057776386,167666.04115552772,250453.40727925795,511226.814558516,264585.05658470583,299538.00645180844
2016-01-20,927256.3630188776,1030652.0105425359,78028.20163930839,161216.40327861678,248728.00787612904,507776.0157522582,264585.05658470583,299538.00645180844
2016-01-21,913440.8286443676,1030652.0105425359,70714.63316503551,146589.26633007103,244199.76434972274,498719.5286994456,264585.05658470583,299538.00645180844
2016-01-22,939599.7257125292,1030652.0105425359,83425.2065529228,172010.4131058456,252473.83333089694,515267.666661794,264585.05658470583,299538.00645180844
2016-01-25,926574.5543260536,1030652.0105425359,73998.95132981637,153157.90265963273,247257.58697740495,504835.17395481,264585.05658470583,299538.00645180844
2016-01-26,936983.3652676017,1030652.0105425359,78918.90243954073,162997.80487908146,250729.7845870147,511779.5691740295,264585.05658470583,299538.00645180844
2016-01-27,909070.8313318191,1030652.0105425359,65441.5508183864,136043.1016367728,241733.58337063823,493787.16674127657,264585.05658470583,299538.00645180844
2016-01-28,933226.69238451,1030652.0105425359,78757.39606672,162674.79213344,249977.76524421974,510275.5304884396,264585.05658470583,299538.00645180844
2016-01-29,926516.8243417499,1030652.0105425359,73213.59288262906,151587.18576525812,247326.46603872936,504972.9320774588,264585.05658470583,299538.00645180844
2016-02-01,929274.258150695,1030652.0105425359,70160.1613007875,145480.322601575,246398.94209832212,503117.88419664436,264585.05658470583,299538.00645180844
2016-02-02,893064.7780544081,1030652.0105425359,50889.244982617325,106938.48996523465,232538.4469005856,475396.89380117133,264585.05658470583,299538.00645180844
2016-02-03,877488.3037006733,1030652.0105425359,46981.390199218,99122.780398436,229015.11443348113,468350.22886696237,264585.05658470583,299538.00645180844
2016-02-04,882144.2637063354,1030652.0105425359,48028.74593640288,101217.49187280575,229986.6649080831,470293.3298161663,264585.05658470583,299538.00645180844
2016-02-05,827751.5493448011,1030652.0105425359,33370.264532726345,71900.52906545269,217855.39971292613,446030.79942585237,264585.05658470583,299538.00645180844
2016-02-08,797422.887901962,1030652.0105425359,24053.498603142485,53266.99720628497,209741.6056094321,429803.2112188643,264585.05658470583,299538.00645180844
2016-02-09,804991.0250412045,1030652.0105425359,24719.828452720787,54599.656905441574,210391.43775931743,431102.875518635,264585.05658470583,299538.00645180844
2016-02-10,815292.1636575952,1030652.0105425359,25529.545135812587,56219.09027162517,211170.18363791343,432660.367275827,264585.05658470583,299538.00645180844
2016-02-11,818070.4117550704,1030652.0105425359,25149.09038750989,55458.18077501978,210819.33797378745,431958.675947575,264585.05658470583,299538.00645180844
2016-02-12,838603.2390938103,1030652.0105425359,29609.299462111747,64378.598924223494,214923.24645903416,440166.4929180684,264585.05658470583,299538.00645180844
2016-02-16,862071.5649001293,1030652.0105425359,35585.7796733284,76331.5593466568,220776.66763920189,451873.3352784039,264585.05658470583,299538.00645180844
2016-02-17,888595.8236887224,1030652.0105425359,42064.34387995109,89288.68775990218,226535.03776865735,463390.0755373148,264585.05658470583,299538.00645180844
2016-02-18,885797.014922592,1030652.0105425359,55211.26640713192,115582.53281426385,240496.3227162925,491312.6454325851,264585.05658470583,299538.00645180844
2016-02-19,893832.8571842269,1030652.0105425359,57641.72973754002,120489.92205715778,243031.30992270468,496475.5450095649,264585.05658470583,299538.00645180844
2016-02-22,910212.690747163,1030652.0105425359,64919.94101892785,135046.34461993343,247767.27152759637,505947.4682193483,264585.05658470583,299538.00645180844
2016-02-23,898588.2384384866,1030652.0105425359,58174.926839467196,121556.31626101212,243928.21857954812,498269.36232325184,264585.05658470583,299538.00645180844
2016-02-24,898552.0575643919,1030652.0105425359,58696.837142800745,122600.1368676792,244226.76169478786,498866.44855373126,264585.05658470583,299538.00645180844
2016-02-25,920096.9174399354,1030652.0105425359,68963.3997362235,143133.26205452473,250924.49135833018,512261.9078808159,264585.05658470583,299538.00645180844
2016-02-26,912700.1540185534,1030652.0105425359,64692.860942388135,134592.184466854,248484.64484090538,507382.2148459664,264585.05658470583,299538.00645180844
2016-02-29,902156.511132256,1030652.0105425359,56747.90919181144,118702.28096570061,244333.88516494093,499080.69549403747,264585.05658470583,299538.00645180844
2016-03-01,933414.611247848,1030652.0105425359,76114.50126464496,157435.46511136767,255687.50065920127,521787.92648255813,264585.05658470583,299538.00645180844
2016-03-02,935672.8830654668,1030652.0105425359,75584.95781684233,156376.3782157624,256153.67100805248,522720.26718026056,264585.05658470583,299538.00645180844
2016-03-03,939843.6674263057,1030652.0105425359,78037.83023087442,161282.12304382658,258236.73481079045,526886.3947857365,264585.05658470583,299538.00645180844
2016-03-04,944218.4480441002,1030652.0105425359,82095.61107770322,169397.68473748415,260282.39915364396,530977.7234714435,264585.05658470583,299538.00645180844
2016-03-07,915526.1854238699,1030652.0105425359,58290.37748882253,121787.21755972279,247562.25400437549,505537.4331729065,264585.05658470583,299538.00645180844
2016-03-08,917741.9226939324,1030652.0105425359,58848.4293144117,122903.32121090112,248430.98999266245,507274.90514948044,264585.05658470583,299538.00645180844
2016-03-09,927656.5376377155,1030652.0105425359,63596.42941567259,132399.3214134229,252398.49884585812,515209.9228558718,264585.05658470583,299538.00645180844
2016-03-10,928250.9025495325,1030652.0105425359,62408.23453999711,130022.93166207195,252365.488264377,515143.90169290954,264585.05658470583,299538.00645180844
2016-03-11,946693.7123735289,1030652.0105425359,74868.20735254046,154942.87728715863,262084.58377784074,534582.0927198371,264585.05658470583,299538.00645180844
2016-03-14,948209.3946515566,1030652.0105425359,73285.47953338885,151777.4216488554,263918.38274724357,538249.6906586427,264585.05658470583,299538.00645180844
2016-03-15,951269.9180951902,1030652.0105425359,74918.78811766308,155044.0388174039,266431.3779959967,543275.6811561489,264585.05658470583,299538.00645180844
2016-03-16,962073.0126970931,1030652.0105425359,84657.00289801348,174520.4683781047,276450.72061190446,563314.3663879645,264585.05658470583,299538.00645180844
2016-03-17,958811.3168106044,1030652.0105425359,81292.92508693517,167792.31275594808,275306.72013113095,561026.3654264174,264585.05658470583,299538.00645180844
2016-03-18,952449.9157530111,1030152.0105425359,74680.7510254102,154617.96463289813,269937.0121245082,550386.9494131721,263974.5511936914,298531.2423643259
2016-03-21,950350.5701073371,1028052.6648968619,71743.6946246763,148743.85183143034,268683.47819921613,547879.8815625879,261037.49479295747,297277.7084390338
2016-03-22,947353.5557172764,1025055.6505068012,69891.65550889609,145039.77359986992,267604.40507166483,545721.7353074853,259185.45567717726,296198.63531148253
2016-03-23,954618.3892005178,1032320.4839900426,73085.92987084802,151428.32232377378,269739.0211479719,549990.9674600995,262379.7300391292,298333.2513877896
2016-03-24,952719.3439478994,1030421.4387374242,72739.17126000943,150734.8051020966,269183.04223279515,548879.009629746,262032.9714282906,297777.27247261285
2016-03-28,961605.6215871106,1039307.7163766354,73650.15858983772,152556.7797617532,271016.85106096824,552546.6272860921,262943.9587581189,299611.08130078594
2016-03-29,978290.4239747206,1055992.5187642453,83107.51527049413,171471.493123066,277046.05036554125,564605.0258952382,272401.3154387753,305640.28060535894
2016-03-30,978668.8357831279,1056370.9305726527,83065.33356076523,171387.1297036082,276991.1716890713,564495.2685422982,272359.1337290464,305585.401928889
2016-03-31,971172.7669258264,1048874.8617153512,78043.04401637519,161342.55061482813,274106.471550129,558725.8682644137,267336.84418465634,302700.7017899467
2016-04-01,991024.8828865329,1068726.9776760577,89312.53307537978,183881.5287328373,281990.7213493889,574494.3678629334,278606.3332436609,310584.9515892066
2016-04-04,981085.3507231909,1058787.4455127157,80056.60831648545,165369.67921504864,277315.7104767807,565144.3461177171,269350.4084847666,305909.9407165984
2016-04-05,968266.5716683168,1045968.6664578416,72424.23294321792,150104.9284685136,272152.08530159673,554817.0957673491,261718.0331114991,300746.3155414144
2016-04-06,978050.8009502206,1055752.8957397453,78004.2984926293,161265.05956733634,275532.3682365104,561577.6616371764,267298.0986609105,304126.5984763281
2016-04-07,966270.9142325072,1043973.009022032,70436.7683763987,146129.99933487514,270805.45084495976,552123.8268540752,259730.56854467987,299399.68108477746
2016-04-08,964409.7644243493,1042111.8592138741,69737.26015495903,144730.9828919958,270219.8110888593,550952.5473418742,259031.0603232402,298814.041328677
2016-04-11,959456.5325911904,1037158.6273807152,65222.789149804164,135702.0408816861,267159.9519079558,544832.8289800673,254516.58931808535,295754.1821477735
2016-04-12,973977.7949436815,1051679.8897332062,76215.42698149847,157687.3165450747,276833.0157398357,564178.956643827,265509.2271497797,305427.2459796534
2016-04-13,973582.3796106935,1051284.4744002183,82730.20770269744,170716.87798747263,280273.46976659546,571059.8646973466,272024.0078709786,308867.70000641316
2016-04-14,971559.4560210997,1049261.5508106244,85176.84440418237,175610.1513904425,281162.27767110185,572837.4805063594,274470.6445724635,309756.50791091955
2016-04-15,980969.3183715878,1058671.4131611125,90591.97672934215,186490.41604076204,284382.3701957251,579377.6655556059,279885.7768976233,312976.6004355428
2016-04-18,987713.0442749931,1065415.1390645178,92519.65078776651,190345.76415761077,286012.5260808737,582637.977325903,281813.4509560477,314606.7563206914
2016-04-19,973885.8461377381,1051587.940927263,85100.45750771338,175507.3775975045,281558.4158444072,573729.7568529701,274394.25767599454,310152.6460842249
2016-04-20,966239.7954488689,1043941.8902383937,81283.29053057551,167873.04364322877,279134.38223434344,568881.6896328426,270577.0906988567,307728.61247416114
2016-04-21,953604.6951201861,1031306.7899097109,76656.63567322512,158619.73392852797,275913.9865357267,562440.898235609,265950.4358415063,304508.2167755444
2016-04-22,950361.9673385427,1028064.0621280675,74286.79346462383,153880.0495113254,274463.2523534294,559539.4298710144,263580.593632905,303057.4825932471
2016-04-25,958668.9370674059,1036371.0318569307,75546.4723554066,156399.40729289094,275747.60644112126,562108.1380463982,264840.27252368774,304341.83668093896
2016-04-26,958107.8379161239,1035809.9327056487,74615.5866859502,154537.6359539781,275226.7460222701,561066.4172086959,263909.38685423136,303820.9762620878
2016-04-27,956527.1747052459,1034229.2694947707,75486.30346773431,156279.06951754636,275833.2928198584,562279.5108038725,264780.10363601544,304427.5230596761
2016-04-28,951077.7443267186,1028779.8391162434,72306.70365373374,149919.8698895452,273605.315531979,557823.5562281137,261600.50382201487,302199.5457717967
2016-04-29,962742.4615260981,1040444.5563156229,79947.27636221796,165201.01530651367,278831.6570431208,568276.2392503973,269241.0765304991,307425.8872829385
2016-05-02,982231.6216374587,1059933.7164269835,86774.69225248975,178855.84708705725,283608.0045855992,577828.934335354,276068.49242077087,312202.2348254169
2016-05-03,974557.8184622676,1052259.9132517925,81396.97770301873,168100.4179881152,280358.29002325656,571329.5052106688,270690.7778712999,308952.52026307426
2016-05-04,975241.9138014521,1052944.008590977,80900.1624216725,167106.78742542275,280161.118936661,570935.1630374776,270193.9625899536,308755.3491764787
2016-05-05,970839.1259561933,1048541.2207457181,76599.91734405595,158506.29727018962,277424.68413237325,565462.2934289022,265893.7175123371,306018.91437219095
2016-05-06,984440.5255685309,1062142.6203580557,82689.00190804641,170684.46639817057,282041.56519432587,574696.0555528074,271982.80207632756,310635.79543414357
2016-05-09,996184.1557089398,1073886.2504984646,86914.53117894466,179135.52493996706,286112.57477310806,582838.0747103718,276208.3313472258,314706.80501292576
2016-05-10,1011889.1057472301,1089591.200536755,97091.85553291863,199490.173647915,292848.43720428523,596309.7995727261,286385.6557011998,321442.66744410293
2016-05-11,1009081.7898378863,1086783.8846274111,96684.36170873119,198675.18599954012,291942.1060970018,594497.1373581593,285978.16187701235,320536.3363368195
2016-05-12,1013516.5687061294,1091218.6634956542,98733.90517145047,202774.2729249787,293489.74665191077,597592.4184679772,288027.7053397316,322083.97689172847
2016-05-13,1036742.7990836493,1114444.8938731742,112736.74544501696,230779.95347211167,305968.5712645695,622550.0676932946,302030.54561329813,334562.8015043872
2016-05-16,1046294.6253450323,1123996.720134557,118172.51443108293,241651.4914442436,310896.17200537224,632405.2691749001,307466.31459936406,339490.40224518994
2016-05-17,1023876.0781710059,1101578.1729605307,104668.77011821282,214644.0028185034,300731.45819960546,612075.8415633666,293962.570286494,329325.68843942316
2016-05-18,1007477.5920337178,1085179.6868232426,108558.91741376749,222424.29740961269,300337.46841263317,611287.861989422,297852.7175820486,328931.69865245087
2016-05-19,1003539.8631383327,1081241.9579278575,108714.11259757701,222734.6877772318,300249.8000276395,611112.5252194346,298007.9127658582,328844.0302674572
2016-05-20,1007093.9113759749,1084796.0061654996,112951.86929925643,231260.2011805906,300831.6555560639,612376.2362762835,302245.66946753755,329425.8857958816
2016-05-23,1008225.4785392525,1085927.5733287772,112038.75127752617,229433.9651371301,300719.71169770084,612152.3485595573,301332.55144580733,329313.94193751854
2016-05-24,1024736.2768731496,1102438.3716626742,120898.7092648875,247153.88111185274,306075.3349445756,622863.5950533069,310192.5094331686,334669.5651843933
2016-05-25,1018318.5747154492,1096020.6695049738,116404.34453035964,238165.15164279702,303733.4919957136,618179.9091555829,305698.1446986408,332327.7222355313
2016-05-26,1022794.2183644582,1100496.3131539829,118600.56838481073,242557.5993516992,305194.14391814306,621101.2130004418,307894.3685530919,333788.37415796076
2016-05-27,1026618.7392613878,1104320.8340509126,120459.63786826606,246275.73831860986,306466.91733487626,623646.7598339082,309753.4380365472,335061.14757469395
2016-05-31,1027773.9220400465,1105476.0168295712,120620.92994598736,246598.32247405246,306857.9280897924,624428.7813437404,309914.7301142685,335452.1583296101
2016-06-01,1031627.0102299689,1109329.1050194935,121806.29872152989,248969.06002513753,308075.42964552785,626863.7844552114,311100.098889811,336669.65988534555
2016-06-02,1038115.880414047,1115817.9752035718,127823.94776579783,261004.3581136734,311360.26825278427,633433.4616697242,317117.747934079,339954.49849260197
2016-06-03,1027469.9762990379,1105172.0710885627,118186.65594093848,241729.7744639547,306487.7235821498,623688.3723284552,307480.45610921964,335081.9538219675
2016-06-06,1022252.065680025,1099954.1604695497,116287.65074984843,237931.7640817746,306004.37341268384,622721.6719895233,305581.4509181296,334598.60365250154
2016-06-07,1021224.9497065344,1098927.044496059,115018.11990515306,235392.70239238386,305477.3986543804,621667.7224729165,304311.9200734342,334071.6288941981
2016-06-08,1018732.7174974482,1096434.812286973,114867.39581739907,235091.25421687588,305779.3192118473,622271.5635878503,304161.1959856802,334373.549451665
2016-06-09,1029520.6279413349,1107222.7227308596,119854.45389283016,245065.37036773807,308911.67719561385,628536.2795553834,309148.2540611113,337505.90743543155
2016-06-10,1012311.2065779014,1090013.301367426,107743.98582388548,220844.4342298487,300878.10602562904,612469.1372154137,297037.7859921666,329472.33626544673
2016-06-13,1008888.8264442683,1086590.921233793,106061.89402387955,217480.25062983684,299784.01145148114,610280.948067118,295355.6941921607,328378.24169129884
2016-06-14,1011096.6570233201,1088798.7518128448,106351.84816757053,218060.1589172188,300304.2804858942,611321.486135944,295645.64833585167,328898.5107257119
2016-06-15,1006648.6951819464,1084350.789971471,103673.04145092273,212702.54548392323,297061.72529089084,604836.3757459373,292966.84161920386,325655.95553070854
2016-06-16,1016160.4826320496,1093862.5774215742,105565.33548239608,216487.1335468699,298856.5777103229,608426.0805848015,294859.1356506772,327450.8079501406
2016-06-17,1004973.9124949701,1082676.0072844948,96343.65122092239,198093.76502392252,291347.5755369962,593508.076238148,285637.45138920355,319941.8057768139
2016-06-20,1010065.4733662852,1087767.56815581,97668.99529168174,200744.45316544123,292552.2283087889,595917.3817817335,286962.7954599629,321146.4585486066
2016-06-21,1016804.7423648982,1094506.8371544231,100798.8847238597,207004.23202979713,294620.8819405756,600054.6890453069,290092.68489214085,323215.1121803933
2016-06-22,1017971.4487688058,1095673.5435583305,101086.40068599513,207579.263954068,294929.03294022963,600670.9910446149,290380.2008542763,323523.26318004733
2016-06-23,1031262.288827472,1108964.383616997,108704.54346486699,222815.5495118117,299552.2568965107,609917.4389571771,297998.3436331481,328146.4871363284
2016-06-24,1013711.2689607373,1091413.363750262,98879.99760783855,203166.45779775485,293553.50483976636,597919.9348436884,288173.7977761197,322147.73507958406
2016-06-27,1020509.9017334657,1098211.9965229905,104356.14649147181,214118.75556502136,296140.7345020067,603094.394168169,293649.946659753,324734.96474182437
2016-06-28,1030619.6302023489,1108321.7249918736,108698.29649303472,222803.05556814716,299389.884490062,609592.6941442797,297992.0966613159,327984.1147298797
2016-06-29,1039661.4444945486,1117363.5392840735,113986.5718989275,233379.60637993275,302558.8371452564,615930.5994546685,303280.37206720863,331153.0673850741
2016-06-30,1056722.086014778,1134424.1808043027,128470.7442622966,262347.95110667095,307893.77550479583,626600.4761737473,317764.5444305778,336488.00574461353
2016-07-01,1054527.0259650992,1132229.120754624,125778.43988204972,256963.34234617717,307736.8129765765,626286.5511173087,315072.2400503309,336331.0432163942
2016-07-05,1066411.3031880383,1144113.397977563,134228.59336365253,273863.6493093828,311719.35808033054,634251.6413248167,323522.39353193366,340313.58832014824
2016-07-06,1073495.5702616356,1151197.6650511604,139842.3031523203,285091.0688867183,314717.25677539245,640247.4387149406,329136.10332060145,343311.48701521015
2016-07-07,1068703.5697260455,1146405.6645155703,133454.98383403712,272316.430250152,316044.38573547394,642901.6966351036,322748.7840023183,344638.61597529164
2016-07-08,1088172.731646638,1165874.8264361627,151658.9744573323,308724.4114967424,323633.82178183296,658080.5687278216,340952.77462561347,352228.05202165066
2016-07-11,1091668.6077060853,1169370.70249561,154791.41840357287,314989.29938922345,327788.183397793,666389.2919597416,344085.21857185406,356382.4136376107
2016-07-12,1089859.402764761,1167561.4975542857,152974.0219884017,311354.50655888114,326655.5231268069,664123.9714177694,342267.82215668284,355249.7533666246
2016-07-13,1092179.3509585443,1169881.4457480693,155266.58974875035,315939.6420795785,327264.7418392141,665342.4088425839,344560.3899170315,355858.97207903175
2016-07-14,1090041.0235929473,1167743.118382472,153109.42433381474,311625.3112497072,326245.6621291463,663304.2494224482,342403.2245020959,354839.892368964
2016-07-15,1083130.0408922506,1160832.1356817754,145751.03803575924,296951.37044486025,323634.0920361588,658166.7728190015,335044.83820404037,352228.3222759765
2016-07-18,1084269.5568284376,1161971.6516179624,144626.69248870155,294702.67935074493,323457.4921047546,657813.572956193,333920.4926569827,352051.7223445723
2016-07-19,1085821.078891758,1163523.173681283,144844.0702338474,295137.4348410366,323763.4710942348,658425.5309351534,334137.8704021285,352357.7013340525
2016-07-20,1075599.8748438326,1153301.9696333574,140252.78799922467,285954.8703717912,320754.57986155583,652407.7484697954,329546.5881675058,349348.8101013735
2016-07-21,1067758.9618015883,1145461.056591113,135969.94252141466,277389.17941617116,318151.66635083593,647201.9214483557,325263.7426896958,346745.89659065363
2016-07-22,1090035.129123704,1167737.2239132288,145657.59118772476,296764.47674879135,324695.5083160629,660289.6053788097,334951.3913560059,353289.7385558806
2016-07-25,1086753.0557163563,1164455.150505881,143099.3307397612,291647.95585286425,323299.31718484266,657497.2231163691,332393.13090804237,351893.54742466036
2016-07-26,1094686.3365773975,1172388.4313669223,146619.38113856263,298688.0566504671,325736.14562609955,662370.8799988829,335913.18130684376,354330.37586591725
2016-07-27,1094902.7801560985,1172604.8749456233,145816.06979637308,297081.43396608793,325599.95376836124,662098.4962834063,335109.8699646542,354194.18400817894
2016-07-28,1106199.5789855076,1183901.6737750324,150801.66933819404,307052.6330497299,329362.65869824693,669623.9061431776,340095.4695064752,357956.8889380646
2016-07-29,1107496.8658530565,1185198.9606425813,153196.69892009575,311842.69221353333,330429.41654120747,671757.4218290987,342490.4990883769,359023.64678102516
2016-08-01,1114881.7535560203,1192583.8483455451,154106.4111238866,313662.116621115,332476.7039475509,675851.9966417857,343400.2112921677,361070.9341873686
2016-08-02,1111835.4566916907,1189537.5514812155,154099.1448259673,313647.5840252764,331676.9981348314,674252.5850163465,343392.9449942484,360271.2283746491
2016-08-03,1099705.4356712024,1177407.5304607272,147531.42825529334,300512.1508839285,327601.61728728656,666101.823321257,336825.2284235745,356195.84752710426
2016-08-04,1103966.4606491684,1181668.5554386931,149381.88278430133,304213.0599419445,329036.554095793,668971.6969382698,338675.6829525825,357630.7843356107
2016-08-05,1094127.816553764,1171829.9113432888,147297.09497657514,300043.48432649206,327138.68907029275,665175.9668872693,336590.89514485624,355732.91931011045
2016-08-08,1093421.2999056503,1171123.394695175,147742.72325210282,300934.7408775474,328090.5518804849,667079.6925076536,337036.5234203839,356684.7821203026
2016-08-09,1100376.0257597317,1178078.1205492564,149719.09116119338,304887.47669572855,329891.41117559106,670681.411097866,339012.8913294745,358485.64141540875
2016-08-10,1102374.7428435988,1180076.8376331236,150396.66367954045,306242.62173242273,330864.22817715356,672627.0451009909,339690.4638478216,359458.45841697126
2016-08-11,1105538.1067756356,1183240.2015651604,153471.28046808467,312391.8553095112,332836.918985177,676572.4267170379,342765.0806363658,361431.1492249947
2016-08-12,1120465.001557439,1198167.096346964,164821.8678728648,335093.03011907137,336788.06984520773,684474.7284370994,354115.6680411459,365382.30008502543
2016-08-15,1114525.7461989273,1192227.840988452,162183.5031832585,329816.3007398588,336539.74071396777,683978.0701746194,351477.30335153965,365133.97095378547
2016-08-16,1103190.0409907745,1180892.1357802993,157309.24461463565,320067.78360261314,333964.40009756736,678827.3889418185,346603.0447829168,362558.63033738505
2016-08-17,1101846.5682268823,1179548.663016407,150238.02730881906,305925.3489909799,332156.14578791405,675210.8803225119,339531.8274771002,360750.37602773175
2016-08-18,1105970.3956122003,1183672.490401725,155754.33422969468,316957.9628327312,335106.8930213827,681112.3747894493,345048.1343979758,363701.1232612004
2016-08-19,1103211.5549294322,1180913.649718957,154424.467363155,314348.2290996518,332809.3451895668,676617.2791258174,343718.2675314361,361403.5754293845
2016-08-22,1100045.5745927414,1177747.6693822662,151788.6088094061,309076.511992154,331500.55793677154,673999.7046202269,341082.4089776872,360094.78817658924
2016-08-23,1108015.9784282092,1185718.073217734,155410.09129769303,316319.47696872783,333884.99939072283,678768.5875281295,344703.89146597416,362479.22963054053
2016-08-24,1082432.7800280454,1160134.8748175702,145589.03064217206,296677.3556576859,327385.92013224633,665770.4290111766,334882.83081045316,355980.1503720641
2016-08-25,1082873.938944082,1160576.0337336068,144835.49091223045,295170.2761978027,327021.7745008458,665042.1377483754,334129.2910805115,355616.0047406635
2016-08-26,1085407.379452423,1163109.4742419478,146211.3040457115,297921.9024647648,327951.170017363,666900.9287814097,335505.1042139926,356545.4002571807
2016-08-29,1094163.5505704319,1171865.6453599567,147584.06766397937,300667.4297013005,329341.46968448075,669681.5281156453,336877.86783226044,357935.69992429845
2016-08-30,1078088.1887523443,1155790.2835418691,143316.14160604833,292131.57758543844,326306.74464607815,663612.0780388401,332609.94177432946,354900.97488589585
2016-08-31,1070775.1343817764,1148477.2291713012,140753.54269243756,287006.3797582169,324426.73213485046,659852.0530163846,330047.34286071867,353020.9623746681
2016-09-01,1088324.5746042076,1166026.6693937324,146317.11648871828,298133.52735077834,328636.68502380786,668271.9587942995,335610.9166569994,357230.91526362556
2016-09-02,1090412.5664443925,1168114.6612339173,144031.5131931249,293562.3207595916,327356.8975418604,665712.3838304046,333325.313361406,355951.1277816781
2016-09-06,1097166.149794987,1174868.2445845117,142749.98937855382,290999.2731304494,327025.26773521426,665049.1242171123,332043.7895468349,355619.49797503196
2016-09-07,1093517.6933922719,1171219.7881817967,139952.64646695688,285404.5873072555,324843.4119073715,660685.4125614268,329246.44663523795,353437.6421471892
2016-09-08,1086115.602099576,1163817.6968891008,137164.9026698419,279829.09971302556,322419.5951242678,655837.7789952194,326458.702838123,351013.8253640855
2016-09-09,1044593.4443179326,1122295.5391074573,129334.01560125712,264167.325575856,315151.96844891674,641302.5256445173,318627.8157695382,343746.19868873444
2016-09-12,1062740.6516160758,1140442.7464056006,130597.31278156074,266693.91993646324,316410.96146485594,643820.5116763957,319891.11294984183,345005.19170467363
2016-09-13,1046648.6970475098,1124350.7918370347,129203.93802072373,263907.17041478923,315038.09905914083,641074.7868649655,318497.7381890048,343632.32929895853
2016-09-14,1044876.527726162,1122578.6225156868,129037.59788781765,263574.4901489771,314873.55023086705,640745.6892084179,318331.3980560988,343467.78047068475
2016-09-15,1064419.7729347397,1142121.8677242645,133650.53566234023,272800.36569802224,319485.40984082915,649969.4084283421,322944.3358306213,348079.64008064684
2016-09-16,1058109.9793885618,1135721.666437097,131839.0848854746,269227.46414429095,317102.29482897464,645303.1784046331,321132.88505375566,345696.52506879234
2016-09-19,1066302.9329761704,1143914.6200247055,134463.38590059243,274476.06617452664,319182.1407398364,649462.8702263566,323757.18606887356,347776.3709796541
2016-09-20,1061141.580949957,1138753.267998492,131206.41693129932,267962.1282359404,317371.1798505805,645840.9484478448,320500.2170995804,345965.4100903982
2016-09-21,1093796.9706498655,1171408.6576984006,150008.65898815022,305566.6123496422,328275.33520646277,667649.2591596093,339302.4591564313,356869.56544628047
2016-09-22,1094290.8058055309,1171902.4928540662,150117.50539086713,305784.305155076,328427.87334611267,667954.3354389091,339411.3055591482,357022.10358593037
2016-09-23,1082167.954532573,1159779.641581108,142295.65589557023,290140.60616448225,324216.8933245925,659532.3753958689,331589.45606385136,352811.12356441026
2016-09-26,1076485.3643826444,1154097.0514311795,138077.53454469822,281704.3634627382,321973.1635405645,655044.9158278127,327371.3347129793,350567.3937803822
2016-09-27,1086767.3670279938,1164379.0540765289,144622.3390188809,294793.9724111036,325570.14260858105,662238.8739638459,333916.13918716204,354164.37284839875
2016-09-28,1097839.4667361742,1175451.1537847093,152156.85835004345,309863.0110734287,329145.4858183257,669389.5603833352,341450.65851832455,357739.7160581434
2016-09-29,1092146.1928931768,1169757.879941712,147352.1321101301,300253.558593602,327410.90496972366,665920.398686131,336645.9322784112,356005.1352095413
2016-09-30,1110154.8012691094,1187766.4883176445,160032.7117499359,325614.7178732136,333517.0662018057,678132.7211502951,349326.511918217,362111.29644162336
2016-10-03,1099413.721876207,1177025.4089247421,151781.01886523273,309111.33210380725,329638.43912434345,670375.4669953708,341074.81903351384,358232.6693641612
2016-10-04,1070123.963676621,1147735.650725156,138407.49894619084,282364.29226572346,321745.47983046365,654589.5484076111,327701.29911447194,350339.71007028135
2016-10-05,1076326.2551919809,1153937.942240516,141049.56579019869,287648.42595373915,323502.1502499776,658102.889246639,330343.3659584798,352096.3804897953
2016-10-06,1072272.0513965257,1152706.5101370914,139135.40690629632,283820.1081859344,322690.316813913,656479.2223745098,328429.20707457745,351284.5470537307
2016-10-07,1065869.208482031,1146721.8225431712,133686.1424465352,272921.5792664122,320257.34532291867,651613.2793925211,322979.9426148163,348851.57556273637
2016-10-10,1067487.3978303566,1147869.6222424167,134653.50268945444,274856.29975225066,320887.20094785164,652872.9906423871,323947.30285773554,349481.43118766934
2016-10-11,1048871.4747382945,1130351.4621265633,122962.27101662417,251473.83640659013,313618.4688378477,638335.5264223792,312256.07118490525,342212.6990776654
2016-10-12,1052994.0691528867,1130971.6261584854,122646.83708611505,250842.96854557187,313976.43292279384,639051.4545922715,311940.63725439616,342570.66316261154
2016-10-13,1042539.4993820305,1119001.1253320945,116610.27198686574,238769.83834707327,309679.33771665243,630457.2641799886,305904.07215514686,338273.5679564701
2016-10-14,1043905.965044752,1123399.5041408914,118576.66777058541,242702.6299145126,311346.8995401825,633792.3878270488,307870.4679388665,339941.1297800002
2016-10-17,1045339.3231796881,1120650.9518250383,116921.4744680443,239392.24330943037,310741.5682408844,632581.7252284526,306215.2746363254,339335.7984807021
2016-10-18,1058479.3687870814,1127831.7673848066,121237.47792609218,248024.25022552614,314812.5196028929,640723.6279524696,310531.2780943733,343406.7498427106
2016-10-19,1068598.5110203573,1133716.6755275277,124167.69348723428,253884.68134781034,317355.1368281752,645808.8624030342,313461.49365551537,345949.3670679929
2016-10-20,1082186.3983074264,1147147.757759069,136521.1719137294,278591.6382008006,328255.59278340987,667609.7743135035,325814.9720820105,356849.82302322757
2016-10-21,1076073.4969217884,1144389.5063549017,132875.73551269586,271350.7653987335,327007.6542254601,665213.897197604,322169.535680977,355601.8844652778
2016-10-24,1091230.7928165728,1159546.802249686,139465.7933823374,284530.8811380166,331380.5897000547,673959.7681467932,328759.5935506185,359974.8199398724
2016-10-25,1090378.0716241188,1158694.081057232,138899.11090751615,283397.5161883741,331092.17382782995,673382.9364023437,328192.9110757973,359686.40406764764
2016-10-26,1086719.072589448,1155035.0820225612,137153.24022831285,279905.7748299675,330094.99484396493,671388.5784346136,326447.040396594,358689.2250837826
2016-10-27,1072934.9327905616,1141250.9422236749,129097.43182118134,263794.1580157044,325358.7437003841,661916.076147452,318391.23198946245,353952.9739402018
2016-10-28,1074069.61743189,1142385.6268650033,128409.94926002386,262419.1928933895,325259.237160873,661717.0630684298,317703.749428305,353853.4674006907
2016-10-31,1089609.186245738,1157925.1956788513,133822.15650595608,273243.60738525394,329695.2622620427,670589.1132707692,323115.9566742372,358289.4925018604
2016-11-01,1091035.195050203,1159351.2044833163,134858.4243153128,275316.14300396736,330757.2882964001,672713.165339484,324152.22448359395,359351.5185362178
2016-11-02,1079445.6180521515,1147761.6274852648,127482.2322750716,260563.75892348497,326108.4295008331,663415.44774835,316776.03244335274,354702.6597406508
2016-11-03,1058590.1121184337,1126906.121551547,119771.7503950729,245142.79516348758,320143.12688639027,651484.8425194643,309065.55056335405,348737.35712620796
2016-11-04,1059427.121151283,1127743.1305843962,118661.94914158141,242923.1926565046,319523.8112958991,650246.211338482,307955.74930986256,348118.0415357168
2016-11-07,1073749.981521519,1142065.9909546322,123242.4290430197,252084.15245938118,323589.80285523087,658378.1944571455,312536.22921130084,352184.03309504857
2016-11-08,1071647.581423243,1139963.5908563563,122047.06289156704,249693.42015647586,322844.3019235943,656887.1925938724,311340.8630598482,351438.532163412
2016-11-09,1076512.282936499,1144828.2923696123,120840.91679726029,247281.12796786235,322723.27499106247,656645.1387288087,310134.7169655414,351317.50523088017
2016-11-10,1045052.0321526511,1113368.0415857644,107098.72228115311,219796.738935648,311006.6290828464,633211.8469123766,296392.5224494342,339600.8593226641
2016-11-11,1093443.7137778772,1161759.7232109904,162727.62287470733,331054.54012275644,329824.80494540086,670848.1986374855,352021.42304298846,358419.03518521856
2016-11-14,1081798.0060896685,1150114.0155227818,147426.63632850995,300452.5670303617,327714.14450593514,666626.8777585541,336720.4364967911,356308.37474575284
2016-11-15,1108280.169493651,1169388.511740882,158464.89496969644,322529.08431273466,331084.97649353,673368.5417337437,347758.69513797754,359679.2067333477
2016-11-16,1127261.358128909,1189195.0022936752,177490.2935040092,360579.8813813602,333862.0997595614,678922.7882658066,366784.0936722903,362456.3299993791
2016-11-17,1136248.4592494552,1204014.2360695256,184223.35666460666,374046.00770255516,337302.3459142601,685803.280575204,373517.1568328878,365896.5761540778
2016-11-18,1140279.0096284929,1208099.505074029,186139.63360111264,377928.56157556706,337156.2131985046,685611.015143693,375433.43376939377,365750.4434383223
2016-11-21,1154866.9050968604,1222687.4005423966,192708.10693491594,391065.50824317365,341384.8321124796,694068.252971643,382001.907103197,369979.0623522973
2016-11-22,1159098.500568651,1226918.9960141873,195075.39556005047,395800.0854934427,342722.2073625537,696743.0034717912,384369.1957283316,371316.4376023714
2016-11-23,1152483.4158400442,1220303.9112855804,191977.12057675564,389603.53552685305,340640.91848979035,692580.4257262645,381270.92074503674,369235.14872960804
2016-11-25,1155971.1290451484,1223791.6244906848,191967.23968091124,389583.77373516426,341373.5541699217,694045.6970865272,381261.0398491923,369967.7844097394
2016-11-28,1160096.6750306787,1227917.170476215,190743.66053594064,387136.61544522305,342107.55048174784,695513.6897101795,380037.46070422174,370701.78072156553
2016-11-29,1162435.8746559133,1230256.3701014498,191805.39723610756,389260.0888455569,342933.2391757398,697165.0670981634,381099.19740438863,371527.4694155575
2016-11-30,1165276.8187764457,1233097.3142219821,197156.18425242824,399961.66287819826,344160.3795145535,699619.3477757908,386449.9844207093,372754.6097543712
2016-12-01,1144352.343482976,1212172.8389285125,185999.58368368956,377648.4617407209,337605.4721490347,686509.5330447531,375293.38385197066,366199.70238885237
2016-12-02,1154019.6159547619,1221840.111400298,189577.36690262757,384804.0281785969,340548.3424026056,692395.2735518949,378871.1670709087,369142.57264242327
2016-12-05,1170541.4379230621,1238361.9333685983,198432.6534319304,402514.6012372026,345296.65224004746,701891.8932267787,387726.45360021153,373890.88247986516
2016-12-06,1170859.7120071035,1238680.2074526397,196748.21943441627,399145.7332421743,345110.01411861135,701518.6169839065,386042.0196026974,373704.24435842904
2016-12-07,1186964.916862706,1254785.4123082422,209269.40123055346,424188.0968344487,351476.96905822324,714252.5268631303,398563.2013988345,380071.19929804094
2016-12-08,1197563.9884473358,1265384.483892872,218552.3486727545,442753.9917188508,352835.3490878107,716969.2869223052,407846.1488410356,381429.5793276284
2016-12-09,1182034.3986639155,1249854.894109452,206375.70327474395,418400.7009228297,347315.6609947198,705929.9107361233,395669.50344302505,375909.89123453747
2016-12-12,1177723.4661209222,1245543.9615664585,204447.03641794587,414543.3672092335,344354.81531975855,700008.2193862009,393740.83658622694,372949.04555957625
2016-12-13,1194941.9733680908,1262762.4688136273,212543.6116167542,430736.51760685025,350120.4142376425,711539.4172219688,401837.41178503534,378714.6444774602
2016-12-14,1187011.3907441485,1254831.8861896847,205904.58301050417,417458.4603943501,348048.8774157688,707396.3435782214,395198.38317878527,376643.1076555865
2016-12-15,1190860.8936731848,1258681.3891187212,212172.50593244174,429994.30623822525,353278.65159218275,717855.8919310493,401466.30610072287,381872.88183200045
2016-12-16,1198925.652190123,1266746.1476356594,214830.68885982558,435360.6720929929,354099.3531312989,719597.2950092816,404124.4890281067,382693.5833711166
2016-12-19,1195428.9881913897,1263249.4836369262,211402.8307647559,428504.9559028536,352491.66563734005,716381.9200213639,400696.630933037,381085.89587715775
2016-12-20,1213100.797718893,1280921.2931644295,220204.14791792753,446107.59020919685,357957.42398710724,727313.4367208983,409497.94808620866,386551.65422692493
2016-12-21,1210447.6515946742,1278268.1470402107,218423.71635036642,442546.7270740746,356998.1232789412,725394.8353045662,407717.51651864755,385592.3535187589
2016-12-22,1206454.6491866924,1274275.1446322289,216253.65629456763,438206.60696247703,355623.3721483556,722645.333043395,405547.45646284876,384217.6023881733
2016-12-23,1222596.3953178904,1290416.890763427,224957.7442095873,455614.7827925164,360833.4384838776,733065.4657144389,414251.5443778684,389427.6687236953
2016-12-27,1238548.6136673302,1306369.1091128667,235839.709426701,477378.7132267438,365438.7273564707,742276.0434596252,425133.5095949821,394032.9575962884
2016-12-28,1214842.622192251,1282663.1176377875,217896.42115007198,441492.13667348574,357583.78668809077,726566.1621228653,407190.2213183531,386178.01692790847
2016-12-29,1234901.8218778465,1302722.317323383,232324.7202852523,470348.73494384636,365234.3045220372,741867.1977907582,421618.5204535334,393828.5347618549
2016-12-30,1210873.482436431,1278693.9778819676,215583.58695031868,436866.46827397915,356372.877367801,724144.3434822857,404877.3871185998,384967.1076076187
2017-01-03,1220486.320385002,1288306.8158305385,215545.12768583375,436789.5497450093,357936.58582867973,727271.7604040432,404838.92785411485,386530.8160684974
2017-01-04,1243246.5768669958,1311067.0723125322,228797.88587681297,463295.0661269677,367506.8914183657,746412.3715834152,418091.68604509404,396101.1216581834
2017-01-05,1247735.4386079859,1315555.9340535223,233348.12731168783,472395.54899671744,368670.2314338832,748739.0516144502,422641.92747996893,397264.4616737009
2017-01-06,1245106.9152982049,1312927.4107437413,229511.14580118755,464721.5859757169,368321.1161662113,748040.8210791064,418804.9459694687,396915.346406029
2017-01-09,1248838.9245470539,1316659.4199925903,229934.7824957615,465568.85936486477,370394.5910777993,752187.7709022824,419228.5826640426,398988.821317617
2017-01-10,1254500.5825867755,1322321.078032312,236538.91236473696,478777.1191028157,375187.02196918306,761772.6326850499,425832.7125330181,403781.25220900076
2017-01-11,1256739.8127613487,1324560.3082068851,235607.80222478686,476914.8988229155,374950.1989790908,761298.9867048654,424901.60239306797,403544.4292189085
2017-01-12,1242754.9620500328,1310575.4574955693,224268.94594830694,454237.18626995565,368318.69814712764,748035.9850409391,413562.74611658807,396912.92838694534
2017-01-13,1241243.9967129678,1309064.4921585042,222734.14924391673,451167.59286117525,367836.8142608754,747072.2172684346,412027.9494121978,396431.0445006931
2017-01-17,1237458.6156060235,1305279.11105156,217584.22362703094,440867.74162740365,365756.22783624445,742911.0444191727,406878.02379531204,394350.45807606215
2017-01-18,1246048.4379508921,1313868.9333964286,222991.05177997908,451681.39793329994,371556.82956188975,754512.2478704633,412284.8519482602,400151.05980170745
2017-01-19,1245109.0600050066,1312929.555450543,222930.89628095902,451561.08693525987,373117.7535921883,757634.0959310604,412224.69644924015,401711.983832006
2017-01-20,1248690.0070733645,1316510.502518901,223879.2258195135,453507.7460123687,374058.28490428865,759615.1585552611,413173.02598779456,402652.51514410635
2017-01-23,1250294.2892699256,1318114.784715462,222595.4328535681,450940.16008047794,373902.4108100191,759303.410366722,411889.2330218492,402496.6410498368
2017-01-24,1275835.0378040671,1343655.5332496036,237628.36672321858,481006.0278197789,382263.42568019015,776025.4401070641,426922.16689149966,410857.65592000785
2017-01-25,1273165.3943962269,1340985.8898417633,234523.46527696415,474796.22492727,381314.20246029145,774126.9936672667,423817.26544524526,409908.43270010914
2017-01-26,1270242.691257679,1338063.1867032154,231785.68887643915,469320.67212622,380121.191890569,771740.9725278218,421079.48904472025,408715.4221303867
2017-01-27,1276101.3414533408,1343921.8368988773,235026.13313834264,475801.560650027,382153.6368713399,775805.8624893636,424319.9333066237,410747.8671111576
2017-01-30,1260724.4053769428,1328544.9008224793,224585.41044238917,454920.11525812006,376485.92153700464,764470.4318206931,413879.21061067027,405080.15177682234
2017-01-31,1273476.346309575,1341296.8417551115,230240.9435263736,466231.1814260889,380549.76356271066,772598.1158721051,419534.74369465467,409143.99380252836
2017-02-01,1278787.6294248276,1346608.124870364,235174.1353540041,476097.5650813499,383221.4965810736,777941.5819088309,424467.9355222852,411815.72682089126
2017-02-02,1285692.456441964,1353512.9518875005,237899.007106093,481547.3085855277,385404.3427056951,782307.2741580739,427192.80727437406,413998.5729455128
2017-02-03,1283320.2976366042,1351140.7930821406,232945.03289992944,471639.3601732006,383657.9670294671,778814.522805618,422238.8330682105,412252.1972692848
2017-02-06,1287527.0076103604,1355347.5030558968,234683.4533453846,475116.2010641109,385341.05673201574,782180.7022107153,423977.25351366564,413935.28697183344
2017-02-07,1276162.9509210277,1343983.4463665641,229053.0763230445,463855.4470194307,380377.21362282056,772253.0159923249,418346.87649132556,408971.44386263826
2017-02-08,1270706.7760016026,1338527.271447139,224858.11160667607,455465.51758669387,377724.1670636138,766946.9228739113,414151.91177495715,406318.39730343147
2017-02-09,1274425.845775525,1342246.3412210615,223581.21545718337,452911.72528770845,378593.05845871277,768684.7056641093,412875.01562546444,407187.28869853046
2017-02-10,1275432.3466532265,1343252.842098763,220879.50243151342,447508.29923636856,378060.7184837649,767620.0257142136,410173.3025997945,406654.9487235826
2017-02-13,1273039.199495609,1340859.6949411454,214256.00863215642,434261.31163765455,374255.5606851002,760009.7101168842,403549.8088004375,402849.7909249179
2017-02-14,1276817.352375618,1344637.8478211544,216625.4436105694,439000.1815944805,376177.193194557,763852.9751357978,405919.2437788505,404771.4234343747
2017-02-15,1270509.3488175878,1338329.8442631243,213404.2592915217,432557.81295638514,373180.1723811624,757858.9335090086,402698.05945980275,401774.4026209801
2017-02-16,1252654.575461359,1320475.0709068954,202210.9318552236,410171.15808378893,362973.2795092942,737445.1477652722,391504.7320235047,391567.5097491119
2017-02-17,1249052.1288545302,1316789.4586515727,198946.7738063129,403692.84198596753,359453.4112077291,730505.411162142,388240.57397459395,388047.6414475468
2017-02-21,1256546.1072637816,1324283.4370608241,202153.9292701158,410107.1529135733,361709.0677546027,735016.7242558892,391447.72943839687,390303.2979944204
2017-02-22,1240985.8993358747,1308723.2291329172,194617.85833296934,395035.0110392804,357066.5958694242,725731.7804855322,383911.65850125044,385660.8261092419
2017-02-23,1212308.3061411653,1280045.6359382079,182979.6041783659,371758.5027300735,349206.23899205745,710011.0667307987,372273.404346647,377800.46923187515
2017-02-24,1205331.0078343153,1273068.3376313578,179151.23686005984,364101.7680934614,346786.14231962356,705170.8733859309,368445.0370283409,375380.37255944125
2017-02-27,1219391.7276967852,1287129.0574938278,182927.6030420452,371654.5004574321,349800.35301544884,711199.2947775815,372221.4032103263,378394.58325526654
2017-02-28,1219346.2827653068,1287083.6125623493,182512.1758738589,370823.64612105954,349530.85249372805,710660.2937341399,371805.97604214,378125.08273354574
2017-03-01,1248912.0746492343,1316649.4044462768,195539.37848310472,396878.05133955117,358355.1393577436,728308.867462171,384833.17865138577,386949.3695975613
2017-03-02,1220035.24512537,1287772.5749224126,184265.58349237507,374330.46135809185,350704.6518130331,713007.89237275,373559.3836606561,379298.8820528508
2017-03-03,1220854.151188574,1288591.4809856166,186242.87816469715,378285.050702736,351787.77319166705,715174.1351300179,375536.6783329782,380382.00343148474
2017-03-06,1220472.7028127073,1288210.0326097498,187116.03058818946,380031.35554972064,352949.979437602,717498.5476218878,376409.8307564705,381544.2096774197
2017-03-07,1215234.831093162,1282972.1608902046,184140.72110912157,374080.73659158486,350909.293758947,713417.1762645778,373434.52127740264,379503.5239987647
2017-03-08,1185827.566974098,1253564.8967711406,173305.55095847114,352410.396290284,342606.3757626242,696811.3402719322,362599.3511267522,371200.6060024419
2017-03-09,1180829.016957597,1248566.3467546399,171205.38670592758,348210.0677851969,340823.196985282,693244.9827172477,360499.1868742087,369417.42722509964
2017-03-10,1180068.6750362704,1248208.3973144111,170700.00378442512,347199.30194219196,340469.0120559567,692536.6128585972,359993.8039527062,369063.2422957744
2017-03-13,1191840.543567084,1257431.657032361,169104.7316968171,344008.7577669759,339127.07718951866,689852.7431257211,358398.53186509816,367721.30742933636
2017-03-14,1173619.601423862,1243100.712460296,165829.8691033847,337459.0325801111,335892.84501497407,683384.2787766319,355123.66927166574,364487.07525479177
2017-03-15,1200444.116037253,1261608.6565427934,168241.45128627867,342282.19694589905,338303.2592070952,688205.1071608742,357535.25145455974,366897.4894469129
2017-03-16,1196854.889313175,1258958.369280876,166146.28146060358,338091.8572945489,336209.4199105025,684017.4285676888,355440.08162888465,364803.6501503202
2017-03-17,1197145.4622278966,1259968.7786331922,164439.64506516175,334728.5845036652,333948.5312583563,679595.6512633964,353733.44523344276,362542.761498174
2017-03-20,1204875.0945056851,1267698.410910981,166961.43806796797,339772.17050927767,335896.302097603,683491.1929418897,356255.238236249,364490.5323374207
2017-03-21,1164000.3019666343,1226823.61837193,148776.6393366138,303402.5730465693,324218.35334184626,660135.2954303763,338070.43950489484,352812.58358166396
2017-03-22,1174656.766174943,1237480.0825802386,153118.45388036675,312086.2021340752,327102.07760917296,665902.7439650297,342412.2540486478,355696.30784899066
2017-03-23,1174232.213924797,1237055.5303300926,152637.3610792252,311124.0165317921,326842.0445620703,665382.6778708244,341931.1612475062,355436.274801888
2017-03-24,1190840.441459507,1253663.7578648028,163248.1052255991,332345.50482453994,332371.4626067129,676441.5139601096,352541.90539388015,360965.6928465306
2017-03-27,1191408.670271781,1254231.9866770767,163555.16713374262,332959.62864082697,332512.17045970354,676722.9296660909,352848.96730202367,361106.40069952124
2017-03-28,1199387.4630152932,1262210.7794205889,164743.88488738067,335337.06414810306,333980.18450200965,679658.9577507031,354037.6850556617,362574.41474182735
2017-03-29,1196427.2512211115,1259250.5676264071,162410.7519165016,330670.79820634495,332900.0955509138,677498.7798485113,351704.5520847827,361494.32579073147
2017-03-30,1207677.463728898,1270500.7801341938,168479.9080322884,342809.1104379185,336495.97089350235,684690.5305336885,357773.70820056944,365090.20113332005
2017-03-31,1200119.099719354,1262942.4161246496,165779.23681422402,337407.76800178975,334842.32440616796,681383.2375590197,355073.03698250506,363436.55464598566
2017-04-03,1202337.754978303,1265161.0713835987,161928.54698317856,329706.38833969884,333603.65616044484,678905.9010675735,351222.3471514596,362197.88640026253
2017-04-04,1191354.1536342583,1254177.470039554,156055.77170969383,317960.8377927294,329419.37881098466,670537.3463686531,345349.57187797484,358013.60905080236
2017-04-05,1176310.1858942765,1239133.502299572,149710.77138684198,305270.8371470257,325008.37912323634,661715.3469931565,339004.571555123,353602.60936305404
2017-04-06,1183339.8909747347,1246163.2073800303,153238.6383561604,312326.5710856625,327388.22611341125,666475.0409735063,342532.43852444144,355982.45635322895
2017-04-07,1185846.7612597847,1248670.0776650803,152216.16200761136,310281.61838856444,327083.01247267553,665864.6136920349,341509.9621758924,355677.24271249323
2017-04-10,1170982.1283001257,1233805.4447054213,144492.84652917244,294834.9874316866,322662.37304450903,657023.3348357019,333786.6466974535,351256.60328432673
2017-04-11,1166268.9671464516,1229092.2835517472,140849.8426269504,287548.97962724254,320132.3987152372,651963.3861771582,330143.6427952314,348726.6289550549
2017-04-12,1153457.9556187238,1216281.2720240194,134711.37443251436,275272.04323837045,314977.6178849853,641653.8245166544,324005.17460079544,343571.848124803
2017-04-13,1147227.2851904954,1210050.601595791,134162.81802574877,274174.93042483926,314547.42326314276,640793.4352729693,323456.61819402984,343141.65350296046
2017-04-17,1144109.2290638916,1206932.5454691872,133909.28586806732,273667.86610947637,314631.2679632329,640961.1246731495,323203.08603634837,343225.4982030506
2017-04-18,1133690.791244583,1196514.1076498788,133369.25327961726,272587.80093257624,314221.63538463926,640141.8595159623,322663.0534478983,342815.86562445696
2017-04-19,1133128.7521402289,1197790.40397218,133865.8031373124,273580.90064796654,314793.88294172985,641286.3546301435,323159.6033055935,343388.11318154755
2017-04-20,1133401.45260778,1199996.0596171953,139090.46545610795,284030.2252855576,319969.7825054829,651638.1537576496,328384.265624389,348564.0127453006
2017-04-21,1123394.0915278539,1189956.294811428,133247.50442916556,272394.30323167285,313641.13309290685,639080.8549324975,322541.30459744664,342235.36333272455
2017-04-24,1125557.9792067448,1192120.1824903192,132294.0559678702,270487.4063090821,313687.151978942,639172.8927045678,321587.8561361513,342281.3822187597
2017-04-25,1143362.1820428392,1209924.3853264134,141021.8160905394,287942.9265544205,319213.2231860896,650225.035118863,330315.61625882046,347807.4534259073
2017-04-26,1104051.415832997,1170613.6191165715,125280.85461049997,256461.00359434166,309057.4554189739,629913.4995846316,314574.65477878106,337651.6856587916
2017-04-27,1117138.5484109968,1183700.751694571,131017.78221880006,267934.85881094186,312897.6700058002,637593.9287582842,320311.5823870811,341491.9002456179
2017-04-28,1107753.0025693027,1175019.6666869482,125177.31711088159,256253.9285951049,309527.07042980817,630852.7296063001,314471.1172791627,338121.30066962587
2017-05-01,1124802.4911999826,1191861.9925822562,132301.01485152394,270501.3240763896,314894.4784828763,641587.5457124364,321594.815019805,343488.708722694
2017-05-02,1066608.3221784,1132590.334813686,111391.4756612696,228682.2456958809,299986.0036742712,611770.5960952262,300685.27582955064,328580.2339140889
2017-05-03,1071933.6584912562,1137625.5586427483,113087.89088077102,232075.07613488377,301318.6511572151,614435.891061114,302381.6910490521,329912.8813970328
2017-05-04,1066198.0916333236,1136061.4629347501,111336.99353805659,228573.2814494549,300252.5379255406,612303.664597765,300630.79370633763,328846.7681653583
2017-05-05,1076798.7005482675,1141257.5576467293,114336.42640344301,234572.14718022774,302573.15477545216,616944.8982975881,303630.22657172405,331167.38501526986
2017-05-08,1068556.5446536113,1138141.1374430854,110074.01702741937,226047.32842818045,300042.0516759223,611882.6920985284,299367.8171957004,328636.28191574
2017-05-09,1077915.5345255996,1145512.0724182837,114669.38507010696,235238.06451355564,303474.50067232316,618747.5900913301,303963.185238388,332068.73091214086
2017-05-10,1129886.3165545021,1186937.8859274164,149895.92479035605,305691.1439540538,320668.6707248037,653135.9301962912,339189.72495863715,349262.9009646214
2017-05-11,1139209.9542593777,1194564.7219494486,157517.3237631174,320933.9418995765,320252.7029162474,652303.9945791786,346811.12393139844,348846.9331560651
2017-05-12,1146980.077661373,1197090.917540576,159820.52363863378,325540.3416506093,320424.3207183994,652647.2301834826,349114.32380691485,349018.5509582171
2017-05-15,1165545.4703057818,1211371.332456033,172938.89544603456,351777.08526541083,321784.7745780001,655368.137902684,362232.6956143156,350379.0048178178
2017-05-16,1194627.6483562957,1217836.9385259526,180995.03367969027,367889.36173272226,325188.4651600528,662175.5190667894,370288.83384797134,353782.6953998705
2017-05-17,1125745.3832339686,1180426.2469205637,145854.8329178377,297608.9602090171,309818.03943909955,631434.6676248829,335148.6330861188,338412.26967891725
2017-05-18,1139656.8576905401,1192733.9597265024,155307.42164793564,316514.137669213,308843.138381663,629484.8655100098,344601.2218162167,337437.3686214807
2017-05-19,1150877.627586559,1200868.2908332427,161329.42009503927,328608.13456342026,308313.1038294163,628524.7964055163,350623.2202633203,336907.33406923397
2017-05-22,1154651.7404554177,1204642.4037021012,161622.93818866572,329195.17075067316,308995.7499070598,629890.0885608034,350916.7383569468,337589.9801468775
2017-05-23,1150382.764575978,1200373.4278226616,158958.43794197903,323866.1702572998,307512.0239969643,626922.6367406123,348252.2381102601,336106.25423678197
2017-05-24,1162004.5060508805,1211995.1692975643,165220.77245431227,336390.83928196627,311309.00202934945,634516.5928053827,354514.5726225933,339903.23226916714
2017-05-25,1167084.7115007285,1217075.3747474123,167311.40317703746,340572.10072741663,312777.5978885452,637453.7845237742,356605.2033453185,341371.8281283629
2017-05-26,1174051.4355256076,1224042.0987722913,171415.68359589417,348780.66156513005,315176.82912701287,642252.2470007095,360709.48376417527,343771.05936683057
2017-05-30,1193662.9024619278,1243653.5657086116,182061.7320366296,370072.7584466009,321957.9442535438,655814.4772537714,371355.53220491065,350552.1744933615
2017-05-31,1193342.3841183626,1243333.0473650463,180477.52021729064,366904.334807923,321646.24928544665,655191.0873175771,369771.32038557174,350240.47952526435
2017-06-01,1189012.6149125583,1239003.2781592421,178705.31882448687,363359.93202231545,320400.5227990856,652699.634344855,367999.11899276794,348994.7530389033
2017-06-02,1192101.0227659957,1242091.6860126795,180750.739297949,367450.77296923974,321395.27131559286,654689.1313778695,370044.5394662301,349989.50155541056
2017-06-05,1194277.1883046553,1244267.851551339,179372.28470765759,364693.8637886569,321570.5445230349,655039.6777927536,368666.08487593866,350164.7747628526
2017-06-06,1210033.6222334502,1260024.2854801337,188393.09563288704,382735.4856391158,328274.8185928577,668448.2259323992,377686.8958011681,356869.0488326754
2017-06-07,1225684.2454712112,1275674.908717895,201361.7076157445,408672.7096048307,334101.4760181262,680101.5407829362,390655.50778402557,362695.7062579439
2017-06-08,1256771.8978434813,1306762.561090165,227759.55342923786,461468.40123181744,345937.1289875115,703772.8467217068,417053.35359751893,374531.3592273292
2017-06-09,1203954.2679828678,1253944.9312295513,180903.8143858226,367756.9231449869,326736.8903932189,665372.3695331216,370197.6145541037,355331.1206330366
2017-06-12,1203030.4722123002,1253021.135458984,179678.4805304107,365306.25543416315,326094.8878228541,664088.364392392,368972.2806986918,354689.1180626718
2017-06-13,1215474.0939338903,1265464.7571805741,187427.26306662604,380803.8205065938,331399.0616452091,674696.712037102,376721.0632349071,359993.2918850268
2017-06-14,1200442.2291016055,1250432.8923482893,176177.2133239272,358303.7210211961,323862.8843384509,659624.3574235856,365471.01349220827,352457.1145782686
2017-06-15,1193069.1318457366,1243059.7950924202,168560.930259568,343071.15489247773,319067.70653296285,650034.0018126095,357854.7304278491,347661.93677278055
2017-06-16,1187627.1666888772,1237502.5327322022,158250.5601267704,322500.4146268825,311623.19938599685,635244.9875186775,347544.3602950515,340217.42962581455
2017-06-19,1216736.9261753487,1266612.2922186737,172051.6021931834,350102.49875970854,320353.1638458923,652704.9164384684,361345.4023614645,348947.39408571
2017-06-20,1218266.1501938566,1268141.5162371816,174004.54718617233,354008.3887456864,321010.4821660499,654019.5530787836,363298.3473544534,349604.7124058676
2017-06-21,1255958.5116158049,1305833.8776591301,201333.65103505438,408666.5964434505,332804.64606667514,677607.8808800341,390627.4512033355,361398.87630649284
2017-06-22,1263942.2992315986,1313817.665274924,207299.68712309317,420598.66861952806,334675.44954580127,681349.4878382863,396593.4872913743,363269.67978561897
2017-06-23,1256588.7595337138,1306464.125577039,201000.14407116786,407999.58251567744,332616.3307138707,677231.2501744252,390293.94423944893,361210.5609536884
2017-06-26,1258386.3298528837,1308261.695896209,199881.39011016538,405762.07459367247,333591.46301373927,679181.5147741623,389175.1902784465,362185.69325355696
2017-06-27,1220369.9185995243,1270245.2846428496,175766.92711827444,357533.1486098906,321791.7772586977,655582.1432640792,365060.7272865556,350386.0074985154
2017-06-28,1236117.3520582463,1285992.7181015713,181965.997520267,369931.2894138757,326977.91550230177,665954.4197512873,371259.7976885481,355572.14574211946
2017-06-29,1204240.8751493834,1254116.2411927087,162496.5714784496,330992.4373302409,316193.8649161164,644386.3185789166,351790.3716467307,344788.0951559341
2017-06-30,1190596.1416949143,1240471.5077382396,154915.66361933848,315830.6216120187,311306.99150109175,634612.5717488673,344209.46378761955,339901.22174090944
2017-07-03,1172067.1319163016,1221942.4979596268,144417.4315137395,294834.1574008207,304703.5752152008,621405.7391770852,333711.2316820206,333297.8054550184
2017-07-05,1208684.711940762,1258560.0779840872,164601.6429237847,335202.5802209111,317639.9119442963,647278.4126352764,353895.4430920658,346234.142184114
2017-07-06,1193280.1231547925,1246127.5019403407,157839.3008221238,321677.8960175893,313806.13151617884,639610.8517790415,347133.1009904049,342400.36175599654
2017-07-07,1209602.7643633198,1256506.1009917934,164900.02189930662,335799.33817195497,318067.3611763507,648133.3110993851,354193.8220675877,346661.5914161684
2017-07-10,1229703.364873356,1268739.5550080293,175101.71872008577,356202.73181351327,324775.93752620835,661550.4637991005,364395.5188883669,353370.16776602605
2017-07-11,1238554.7194980376,1276192.3095166194,178695.99964857262,363391.29367048695,327926.59351103345,667851.7757687507,367989.7998168537,356520.82375085115
2017-07-12,1263545.2296179517,1294189.819056076,195240.4290254427,396480.1524242271,337479.78483166464,686958.1584100131,384534.22919372376,366074.01507148234
2017-07-13,1237603.3930405064,1281534.7002541283,176215.353515474,358430.00140428974,330143.3341168318,672285.2569803472,365509.1536837551,358737.5643566494
2017-07-14,1261189.3034367748,1298302.4225799793,191252.11302391364,388503.520421169,339589.20991107286,691177.0085688295,380545.91319219477,368183.44015089056
2017-07-17,1253877.4022007615,1293088.4215181032,184136.41860877242,374272.13159088657,338014.25330226345,688027.0953512107,373430.2187770535,366608.48354208114
2017-07-18,1250660.7731436377,1295466.2095979739,181149.39051244094,368298.0753982236,339649.2252710037,691297.0392886912,370443.190680722,368243.4555108214
2017-07-19,1241690.6523893783,1285272.301237663,173894.6702427594,353788.6348588605,333266.2348501501,678531.058446984,363188.4704110405,361860.4650899678
2017-07-20,1247509.94280279,1286720.962120132,182005.90664361502,370011.10766057175,338537.0579886835,689072.7047240508,371299.7068118961,367131.2882285012
2017-07-21,1253395.5814338373,1291121.9925425986,183334.30235247064,372717.899078283,338714.7396742387,689528.0680951612,372628.10252075177,367308.9699140564
2017-07-24,1251589.1554290056,1289315.566537767,180100.0183105296,366249.3309944009,337417.13652390585,686932.8617944955,369393.81847881066,366011.36676372355
2017-07-25,1244363.9787797462,1282090.3898885075,177306.24755428525,360661.7894819122,335573.5968355894,683245.7824178626,366600.04772256635,364167.8270754071
2017-07-26,1260691.8463994397,1298418.2575082008,185817.88776699515,377685.069907332,340874.05837819586,693846.7055030755,375111.68793527625,369468.28861801355
2017-07-27,1234951.5540390585,1272677.9651478196,171267.86930706698,348585.0329874757,332002.96676697896,676104.5222806417,360561.6694753481,360597.19700679666
2017-07-28,1229581.8109183963,1267308.2220271577,169054.03618124092,344157.36673582357,330623.7673616979,673346.1234700796,358347.836349522,359217.9976015156
2017-07-31,1211388.7253618753,1249115.1364706366,161160.21785376308,328369.7300808679,325409.8811395315,662918.3510257468,350454.0180220442,354004.1113793492
2017-08-01,1214771.383619522,1252497.7947282833,162143.34027942296,330335.97493218764,326266.5916679128,664631.7720825094,351437.14044770406,354860.8219077305
2017-08-02,1205684.9153106087,1243411.3264193698,157042.0835242611,320133.46142186393,322619.9936462264,657338.5760391366,346335.8836925422,351214.2238860441
2017-08-03,1203394.972823556,1241121.3839323171,155707.94317726616,317465.18072787405,321703.73121682147,655506.0511803267,345001.74334554723,350297.96145663917
2017-08-04,1201975.0407850714,1239701.4518938328,154770.0821112591,315589.45859585993,321032.107701176,654162.8041490358,344063.88227954024,349626.3379409937
2017-08-07,1222755.0025745633,1260481.4136833246,158111.3965786829,322272.08753070753,324256.3454623116,660611.279671307,347405.196746964,352850.5757021293
2017-08-08,1216600.570509472,1254326.9816182333,153408.46281135114,312866.219996044,320435.5174996334,652969.6237459506,342702.26297963224,349029.7477394511
2017-08-09,1213622.0239794864,1251348.4350882475,152366.00615441074,310781.3066821632,319543.9880105178,651186.5647677194,341659.80632269185,348138.2182503355
2017-08-10,1179983.2603582733,1217709.6714670346,144076.9397245297,294203.1738224011,312048.16707703966,636194.9229007631,333370.7398928108,340642.39731685736
2017-08-11,1181556.815316065,1219283.226424826,142525.07901811192,291099.45240956557,310601.3838156109,633301.3563779056,331818.879186393,339195.6140554286
2017-08-14,1215159.113490848,1245248.627160479,144890.97064160122,295831.23565654416,312997.43215136183,638093.4530494075,334184.7708098823,341591.66239117953
2017-08-15,1223075.742922542,1249418.8556305282,144116.70162086905,294282.6976150798,312255.83891785436,636610.2665823925,333410.5017891501,340850.06915767206
2017-08-16,1219944.3033277642,1251907.0174782174,141994.1838385299,290037.6620504015,310143.3162273602,632385.2212014042,331287.984006811,338737.5464671779
2017-08-17,1194158.8561191433,1230300.2440370603,138843.38462861796,283736.06363057764,306994.1067948325,626086.8023363488,328137.1847968991,335588.3370346502
2017-08-18,1199797.5545580466,1235504.9364600745,137827.01533759112,281753.32504852396,305446.1057789726,623090.800304629,327120.8155058722,334040.3360187903
2017-08-21,1187513.7483477995,1223221.1302498274,129850.22335626466,265799.741085871,301040.7718271058,614280.1324008954,319144.0235245457,329635.0020669235
2017-08-22,1207494.0910533967,1243201.4729554246,139193.29645238753,284485.8872781168,307025.33250811213,626249.253762908,328487.0966206686,335619.5627479298
2017-08-23,1218584.64875056,1254292.0306525878,144965.27821447275,296029.8508022872,310530.97424430546,633260.5372352947,334259.0783827538,339125.20448412315
2017-08-24,1217981.0601333077,1253688.4420353356,144577.71128895387,295254.71695124946,310191.5143759927,632581.6174986692,333871.5114572349,338785.7446158104
2017-08-25,1210925.986891845,1246633.368793873,141478.17184751446,289055.63806837064,307966.69692053297,628131.9825877497,330771.97201579553,336560.92716035066
2017-08-28,1214998.5567662956,1250705.9386683234,141555.62240942527,289210.53919219226,308754.8659493798,629708.3206454434,330849.42257770634,337349.0961891975
2017-08-29,1217774.9159490103,1253482.2978510382,141446.73337044287,288992.76111422747,309324.4341640153,630847.4570747144,330740.53353872395,337918.664403833
2017-08-30,1228029.763038055,1263737.144940083,146201.26744415925,298501.8292616602,312952.08708948904,638102.7629256619,335495.0676124403,341546.31732930674
2017-08-31,1235981.4511166862,1271688.833018714,149458.62294023138,305016.5402538045,316197.14545290556,644592.8796524949,338752.4231085125,344791.37569272326
2017-09-01,1248833.3275037715,1284540.7094057994,158924.33476412756,323947.96390159684,321743.58480633696,655685.7583593577,348218.13493240863,350337.81504615466
2017-09-05,1229969.6351990593,1265677.0171010871,142481.1408368393,291061.5760470203,313466.4463031018,639131.4813528873,331774.9410051204,342060.6765429195
2017-09-06,1226634.8414645994,1262342.2233666272,141274.5045767003,288648.3035267423,312914.99353317544,638028.5758130347,330568.30474498135,341509.22377299314
2017-09-07,1226159.7684195458,1261867.150321574,139370.39927117547,284840.09291569266,312032.5783178034,636263.7453822906,328664.19943945657,340626.8085576211
2017-09-08,1209152.2041428818,1244859.58604491,127961.04805339694,262021.3904801356,303719.4388369632,619637.4664206102,317254.848221678,332313.6690767809
2017-09-11,1227704.6736418183,1263412.0555438462,138449.7982166623,282998.89080666634,313167.1149564149,638532.8186595136,327743.5983849434,341761.3451962326
2017-09-12,1233379.845352955,1269087.2272549828,145040.21101449715,296179.716402336,316464.388416932,645127.3655805478,334334.0111827782,345058.6186567497
2017-09-13,1225212.2072036474,1260919.5891056752,139735.8796647341,285571.0537028099,311136.16200288053,634470.9127524449,329029.67983301514,339730.39224269823
2017-09-14,1221141.1334630654,1256848.5153650935,137665.9906875416,281431.27574842493,309693.5165526776,631585.621852039,326959.7908558227,338287.7467924953
2017-09-15,1243887.7559151484,1279595.1378171763,156664.45839905844,319475.1584283709,323630.34363106906,659553.1705226465,345958.25856733945,352224.57387088676
2017-09-18,1276471.86947629,1312179.2513783178,173408.91563261318,352964.0728954804,333731.0447179125,679754.5726963334,362702.7158008942,362325.2749577302
2017-09-19,1281936.6746999177,1317644.0566019455,176713.2349305738,359572.71149140166,335559.3208675714,683411.1249956513,366007.03509885486,364153.5511073891
2017-09-20,1290121.4678109267,1325828.8497129546,181630.44050206858,369407.1226343912,338351.430494025,688995.3442485585,370924.2406703496,366945.6607338427
2017-09-21,1277444.278753347,1313151.6606553749,172978.24219488152,352102.7260200171,333978.98830686806,680250.4598742446,362272.04236316256,362573.21854668576
2017-09-22,1273702.576911887,1309409.9588139148,169995.2871106952,346136.81585164444,332615.30855198763,677523.1003644837,359289.0872789762,361209.53879180533
2017-09-25,1243917.4099106863,1279624.7918127142,152280.7262773798,310707.69418501365,322257.733679186,656807.9506188805,341574.52644566086,350851.9639190037
2017-09-26,1247374.3740443282,1283081.755946356,153857.41950711096,313861.08064447594,323282.1752875199,658856.8338355483,343151.21967539197,351876.40552733757
2017-09-27,1265068.7715944625,1300776.1534964903,163247.45356371396,332641.14875768195,329177.8784497302,670648.240159969,352541.253731995,357772.108689548
2017-09-28,1262315.8182840527,1298023.2001860805,161126.71959232492,328399.68081490387,328036.44303101924,668365.369322547,350420.51976060594,356630.67327083694
2017-09-29,1275378.3467293684,1311085.7286313963,168708.12809526944,343562.49782079295,332452.53484720306,677197.5529549145,358001.9282635505,361046.76508702076
2017-10-02,1277367.0015849052,1313074.383486933,167960.2992640592,342066.8401583724,332924.94500638836,678142.3732732852,357254.09943234024,361519.17524620605
2017-10-03,1290563.2253436844,1326270.6072457123,176518.1252996943,359182.49222964264,338349.6768739873,688991.837008483,365811.9254679753,366943.907113805
2017-10-04,1289156.4947943967,1324863.8766964246,174279.81387404967,354705.8693783534,337697.0403162952,687686.563893099,363573.6140423307,366291.2705561129
2017-10-05,1290977.2829840342,1326684.664886062,174657.50513569667,355461.25190164737,338675.3306377077,689643.144535924,363951.3053039777,367269.5608775254
2017-10-06,1289327.9566615988,1325035.3385636266,172388.0773678082,350922.39636587043,337867.12286978954,688026.7290000876,361681.8775360892,366461.35310960724
2017-10-09,1300913.057152764,1336620.4390547918,178500.6287016183,363147.49903349066,343495.304237899,699283.0917363066,367794.42886989936,372089.5344777167
2017-10-10,1310707.4842899449,1346414.8661919727,185662.70659675356,377471.65482376114,349059.2131747251,710410.9096099586,374956.5067650346,377653.4434145428
2017-10-11,1318413.9417354674,1354121.3236374953,191136.62238582756,388419.48640190915,354059.7001597965,720411.8835801014,380430.4225541086,382653.9303996142
2017-10-12,1325748.2681437442,1361455.650045772,197628.8588327463,401403.95929574664,358190.9129678686,728674.3091962456,386922.65900102735,386785.1432076863
2017-10-13,1332861.7042147964,1368569.0861168243,203959.50433275994,414065.2502957739,362482.63608918875,737257.755438886,393253.30450104096,391076.86632900644
2017-10-16,1341905.8061701893,1377613.1880722172,212104.34398902912,430354.92960831226,368980.1538158323,750252.7908921731,401398.14415731013,397574.38405565
2017-10-17,1334768.5680992992,1370475.950001327,204786.98196375943,415720.2055577729,368696.07591545896,749684.6350914263,394080.7821320405,397290.30615527666
2017-10-18,1333803.251688967,1369510.6335909949,203718.25323606713,413582.74810238834,370414.81882826943,753122.1209170474,393012.0534043482,399009.04906808713
2017-10-19,1330591.3485712532,1366298.7304732811,200456.1452341139,407058.5320984819,372210.23785716365,756712.9589748358,389749.945402395,400804.46809698135
2017-10-20,1334883.8172424876,1370591.1991445154,204212.6964030544,414617.4858853991,376247.99734750396,764880.1808535891,393506.4965713354,404842.22758732166
2017-10-23,1330908.989274479,1366616.3711765069,200171.13162696443,406534.3563332192,374352.9228550506,761090.0318686824,389464.93179524544,402947.1530948683
2017-10-24,1338662.1901645907,1374369.5720666186,203172.37407366247,412536.8412266153,376496.32937261224,765376.8449038056,392466.1742419435,405090.55961242993
2017-10-25,1321777.2846678945,1357484.6665699224,194464.256906304,395120.6068918984,370998.50563088566,754381.1974203525,383758.05707458506,399592.73587070336
2017-10-26,1322307.9216158856,1358015.3035179134,194041.66917642634,394275.431432143,370861.15959712194,754106.5053528249,383335.4693447074,399455.38983693963
2017-10-27,1364960.9199501423,1400668.3018521701,225025.57372405642,456243.2405274032,383746.6377640925,779877.4616867661,414319.37389233743,412340.8680039102
2017-10-30,1369968.3059803732,1405675.687882401,224953.18511524075,456098.46330977185,384824.7797070288,782033.7455726388,414246.98528352176,413419.0099468465
2017-10-31,1388397.7683819816,1424105.1502840095,237639.38913836618,481470.8713560227,391194.78286041506,794773.7518794113,426933.1893066472,419789.01310023275
2017-11-01,1384250.4961525158,1419957.8780545436,233112.35552861786,472416.8041365261,390604.20541394217,793592.5969864655,422406.1556968989,419198.43565375987
2017-11-02,1393332.3731182418,1429039.7550202697,235387.0139428728,476966.120965036,393869.0190414684,800122.224241518,424680.8141111538,422463.2492812861
2017-11-03,1413278.160220543,1448985.5421225708,251060.7650452545,508313.62316979934,400157.2754734541,812698.7371054894,440354.5652135355,428751.5057132718
2017-11-06,1421871.3528566028,1457578.7347586306,256180.17302871295,518552.43913671625,402766.78728446935,817917.7607275199,445473.973196994,431361.01752428705
2017-11-07,1432530.5090843914,1468237.8909864193,263956.27608852927,534104.6452563489,407131.3368123565,826646.8597832941,453250.0762568103,435725.5670521742
2017-11-08,1432966.0642163188,1468673.4461183466,264570.80429725547,535333.7016738013,404728.1134269431,821840.4130124673,453864.6044655365,433322.3436667608
2017-11-09,1420447.9407611254,1456155.3226631533,253500.1381389209,513192.3693571322,399846.9258306477,812078.0378198766,442793.93830720196,428441.1560704654
2017-11-10,1440210.873749936,1475918.2556519639,270321.21040048485,546834.51388026,411232.43313976954,834849.0524381202,459615.01056876587,439826.66337958723
2017-11-13,1449430.975788244,1485138.357690272,277297.742370237,560787.5778197644,414928.2579565819,842240.702071745,466591.542538518,443522.4881963996
2017-11-14,1452860.3609596547,1488567.7428616825,280505.00202963175,567202.0971385539,417567.0821930441,847518.3505446693,469798.80219791277,446161.31243286177
2017-11-15,1446047.9049964712,1481755.2868984991,272850.54763875896,551893.1883568083,415017.19720822293,842418.5805750269,462144.34780704,443611.4274480406
2017-11-16,1458550.0423106758,1494257.4242127037,284411.11551785783,575014.324115006,419126.34822733176,850636.8826132446,473704.91568613885,447720.5784671494
2017-11-17,1456264.4828940425,1491799.4136997426,281875.38608403667,569988.620101866,417649.4333758099,847774.5626192058,471169.1862523176,446243.6636156276
2017-11-20,1469773.6139020054,1505308.5447077055,287295.318335744,580828.4846052807,421419.3053632838,855314.3065941535,476589.118504025,450013.5356031015
2017-11-21,1484626.044400779,1520160.9752064792,296181.5002281672,598600.8483901271,426363.51331722084,865202.7225020278,485475.3003964482,454957.74355703854
2017-11-22,1475716.6638141687,1511251.5946198688,290099.7137946804,586437.2755231535,423226.1315433589,858927.9589543038,479393.5139629614,451820.3617831766
2017-11-24,1480566.8194143972,1516101.7502200974,292203.387954735,590644.6238432627,424762.80038061994,862001.2966288258,481497.188123016,453357.03062043764
2017-11-27,1469498.349372638,1505033.280178338,282799.4420456213,571836.7320250352,420188.12128240993,852851.9384324059,472093.24221390224,448782.35152222763
2017-11-28,1469866.66726757,1505401.59807327,282325.73275969055,570889.3134531737,420080.265336789,852636.226541164,471619.5329279715,448674.4955766067
2017-11-29,1411509.1846318042,1447044.1154375044,259490.64759060915,525219.1431150109,403232.3822502685,818940.4603681229,448784.4477588901,431826.6124900862
2017-11-30,1405774.1743486945,1441309.1051543946,258665.67373801727,523569.1954098272,402367.7709119058,817211.2376913977,447959.4739062982,430962.00115172355
2017-12-01,1393547.0200741545,1429081.9508798546,254626.3091049736,515490.4661437399,399429.30627946387,811334.3084265137,443920.1092732546,428023.53651928157
2017-12-04,1341406.5112236636,1376941.4420293637,248169.98790763848,502577.8237490696,393742.745144887,799961.1861573601,437463.78807591944,422336.9753847047
2017-12-05,1348999.8823034517,1378858.9457659489,248062.31421085683,502362.4763555063,393646.9876546948,799769.6711769757,437356.11437913775,422241.2178945125
2017-12-06,1359815.3193135958,1384545.5102080808,247985.8001254165,502209.44818462565,393577.5764351245,799630.8487378351,437279.60029369744,422171.80667494226
2017-12-07,1383694.5963482498,1396708.064118134,248891.70812392246,504021.2641816376,394470.3466687198,801416.3892050255,438185.5082922034,423064.5769085375
2017-12-08,1381894.5029650861,1397437.4252495484,248900.36519060863,504038.57831500995,394481.0387551229,801437.7733778318,438194.1653588896,423075.2689949406
2017-12-11,1385382.6413727433,1402649.7062429152,249093.593872499,504425.03567879065,394686.4860383616,801848.6679443093,438387.39404077997,423280.7162781793
2017-12-12,1370623.9148218099,1396675.6324098776,247911.80088949535,502061.44971278333,393514.08277521556,799503.8614180171,437205.6010577763,422108.31301503326
2017-12-13,1364049.1521992492,1389525.4046380082,247318.48666360887,500874.82126101037,392921.1923391521,798318.0805458903,436612.2868318898,421515.4225789698
2017-12-14,1361270.709703148,1385170.9383236805,247236.02196379082,500709.89186137426,392838.7280613866,798153.1519903592,436529.8221320718,421432.9583012043
2017-12-15,1369380.304078588,1388557.6256706992,246471.22908770165,499227.4330625152,391573.36132376123,795716.6724217471,435765.0292559826,420167.5915635789
2017-12-18,1387429.4976549933,1406606.8192471045,254352.35905394793,514989.69299500785,396767.76288638654,806105.4755469976,443646.1592222289,425361.99312620424
2017-12-19,1380824.4565783676,1400001.7781704785,250176.47580788156,506637.9265028751,394494.0598686178,801558.0695114603,439470.2759761625,423088.2901084355
2017-12-20,1389796.5146445525,1408973.8362366636,255424.53852043665,517134.0519279853,397489.64638052083,807549.2425352663,444718.33868871763,426083.87662033853
2017-12-21,1369743.0503863713,1388920.3719784825,245316.64570765573,496918.26630242344,391482.6286427406,795535.2070597059,434610.4458759367,420076.8588825583
2017-12-22,1377632.4308527785,1396809.7524448894,247593.69309368907,501472.36107449007,393347.9372598545,799265.8242939337,436887.49326197,421942.1674996722
2017-12-26,1370845.7487518236,1390023.0703439345,241419.38957682805,489123.754040768,390115.49885318853,792800.9474806017,430713.189745109,418709.72909300623
2017-12-27,1369969.609096114,1389146.9306882252,239239.41200576452,484763.798898641,389070.19342782133,790710.3366298673,428533.2121740455,417664.423667639
2017-12-28,1369512.0959072446,1388689.4174993555,238462.03156340253,483209.03801391704,388670.83002810285,789911.6098304304,427755.8317316835,417265.06026792055
2017-12-29,1360351.9702698342,1379529.291861945,234244.51503941827,474774.0049659485,385676.35991918435,783922.6696125934,423538.3152076992,414270.59015900205
2018-01-02,1389215.8666243628,1408393.1882164737,245951.8228678211,498188.62062275416,395088.02254312445,802745.9948604736,435245.62303610204,423682.25278294215
2018-01-03,1418039.0133528963,1437216.3349450075,264710.24708552065,535705.4690581532,406265.54208958807,825101.0339534007,454004.0472538016,434859.77232940577
2018-01-04,1428513.5713765114,1447690.8929686223,271614.5522518072,549514.0793907263,410773.6636384345,834117.2770510936,460908.35242008814,439367.8938782522
2018-01-05,1436513.69100841,1455691.0126005209,275935.421510645,558155.817908402,414014.69933441817,840599.348443061,465229.22167892597,442608.92957423587
2018-01-08,1453719.0536528428,1472896.3752449537,288666.22723277187,583617.4293526558,420920.6540889183,854411.2579520612,477960.0274010528,449514.884328736
2018-01-09,1440056.2304274135,1459233.5520195246,279200.2912837619,564685.5574546359,413828.57360362,840227.0969814647,468494.09145204286,442422.8038434377
2018-01-10,1430961.4870361043,1450138.8086282155,271121.8771992218,548528.7292855555,407620.47759168653,827810.9049575976,460415.67736750277,436214.70783150423
2018-01-11,1432971.4425327154,1452148.7641248263,273073.3526442006,552431.6801755131,408299.02902845753,829168.0078311397,462367.15281248157,436893.25926827523
2018-01-12,1436502.7223702148,1455680.0439623257,275695.9450977577,557676.8650826273,409833.45708589256,832236.8639460097,464989.74526603863,438427.68732571026
2018-01-16,1434891.9975383803,1454069.3191304915,270530.30638795154,547345.587663015,405796.64719031693,824163.2441548584,459824.1065562325,434390.8774301346
2018-01-17,1465543.8368551608,1484721.1584472717,298721.0207868063,603727.0164607246,417985.99757648725,848541.944927199,488014.82095508726,446580.22781630495
2018-01-18,1458538.6998784204,1477716.0214705314,294526.1633155906,595337.3015182931,415417.67083715484,843405.2914485342,483819.96348387154,444011.90107697254
2018-01-19,1460019.5990948875,1479027.9106244082,295495.69448195683,597313.6363386863,409025.36544825014,830695.2256460461,484789.4946502378,437619.59568806784
2018-01-22,1465605.2053972967,1484613.5169268171,296202.95003387233,598728.1474425172,410099.2007064894,832842.8961625245,485496.7502021533,438693.4309463071
2018-01-23,1477515.347697916,1496523.6592274364,302046.1576446464,610414.5626640655,413829.9670291502,840304.4288078463,491339.9578129274,442424.1972689679
2018-01-24,1468239.180542061,1487247.4920715815,295931.2149898941,598184.6773545609,410455.1248790114,833554.7445075687,485225.0151581751,439049.3551188291
2018-01-25,1468498.5519323328,1487506.8634618532,295621.4276880552,597565.102750883,410430.8394411813,833506.1736319083,484915.22785633616,439025.069680999
2018-01-26,1485444.539247129,1504452.8507766495,305226.1479050846,616774.5431849419,416333.4345416744,845311.3638328945,494519.94807336555,444927.6647814921
2018-01-29,1472074.4323688897,1491082.7438984101,297670.17462912406,601662.5966330208,412112.43495535635,836869.3646602584,486963.974797405,440706.66519517405
2018-01-30,1454914.527410776,1473922.8389402963,287135.7777872337,580593.8029492401,405405.48043626035,823455.4556220665,476429.57795551466,433999.71067607804
2018-01-31,1473071.1794845825,1492079.491014103,296767.5433869667,599857.3341487059,411881.56893937127,836407.6326282882,486061.34355524764,440475.79917918897
2018-02-01,1455691.1334681376,1474699.444997658,288705.4201432637,583733.0876613001,406348.2891575676,825341.0730646809,477999.22031154466,434942.5193973853
2018-02-02,1431756.4822483144,1450764.7937778349,277717.4530983186,561757.1535714098,398907.5401760649,810459.5751016755,467011.25326659955,427501.7704158826
2018-02-05,1378573.8569659572,1397582.1684954776,260643.96769904302,527610.1827728587,385059.84996608726,782764.1946817203,449937.76786732394,413654.08020590496
2018-02-06,1421599.9537367385,1440608.265266259,272601.74856698647,551525.7445087456,395572.5990265522,803789.6928026503,461895.5487352674,424166.8292663699
2018-02-07,1415334.2058306641,1434342.5173601846,271053.9692915736,548430.1859579199,394304.8815940863,801254.2579377183,460347.7694598546,422899.111833904
2018-02-08,1369289.5784426196,1388297.88997214,260068.42546076266,526459.098296298,384582.425412494,781809.3455745337,449362.22562904365,413176.6556523117
2018-02-09,1390350.7998225994,1402931.4496005133,264415.1220177516,535152.4914102759,388695.3558048378,790035.2063592214,453708.9221860326,417289.5860446555
2018-02-12,1407430.0384576686,1417219.9141801684,265339.23732698633,537000.7220287453,389798.40843127976,792241.3116121052,454633.0374952673,418392.63867109746
2018-02-13,1413589.898663944,1422895.6147573479,266352.2150669016,539026.6775085758,390894.20179502654,794432.8983395989,455646.01523518254,419488.43203484424
2018-02-14,1437645.691105982,1435377.48520183,273260.2360268737,552842.7194285201,397768.9281098918,808182.3509693295,462554.03619515465,426363.1583497096
2018-02-15,1452772.2636263086,1446935.901723608,283194.49418569636,572711.2357461654,407545.7130295006,827735.920808547,472488.2943539773,436139.9432693183
2018-02-16,1453569.240690944,1446869.7807481743,281721.266282011,569802.4484971131,405931.2303592624,824582.2925847074,471015.06645029195,434525.4605990801
2018-02-20,1459834.5965608265,1453135.1366180568,282597.42120020924,571554.7583335096,407187.3362505982,827094.504367379,471891.2213684902,435781.5664904159
2018-02-21,1447409.1297372077,1440709.6697944377,275572.3933864706,557504.7027060323,402949.3462173135,818618.5243008096,464866.1935547516,431543.5764571312
2018-02-22,1457778.2989738432,1451078.8390310735,280071.28786743584,566502.4916679629,406013.19540948863,824746.2226851599,469365.0880357168,434607.42564930633
2018-02-23,1480976.6746788989,1474277.2147361292,292772.8797917474,591905.6755165859,413950.9296567144,840621.6911796114,482066.6799600283,442545.1598965321
2018-02-26,1492244.6547525178,1485545.194809748,298246.4103945797,602852.7367222505,417961.2472439961,848642.3263541749,487540.21056286065,446555.4774838138
2018-02-27,1493311.237552072,1486611.7776093022,298423.44197912765,603206.7998913464,418312.88877267,849345.6094115226,487717.2421474086,446907.1190124877
2018-02-28,1488449.587714026,1481750.1277712563,295137.089319527,596634.094572145,416391.33603126806,845502.5039287186,484430.88948780793,444985.56627108576
2018-03-01,1452518.6317925407,1445819.171849771,275204.8588297814,556769.6335926539,403257.3554749085,819234.5428159996,464498.65899806237,431851.5857147262
2018-03-02,1467061.1170082607,1460361.6570654907,283304.5596640176,572969.0352611262,408286.75958040945,829293.3510270015,472598.35983229853,436880.98982022714
2018-03-05,1486017.813261616,1479318.3533188463,295802.3685880126,597964.6531091162,413628.6893958674,839977.2106579174,485096.16875629354,442222.9196356851
2018-03-06,1497729.0257832734,1491029.5658405037,304190.27903508383,614740.4740032587,415879.8058208631,844479.4435079088,493484.0792033648,444474.0360606808
2018-03-07,1503698.823482119,1496999.363539349,308238.8064555944,622837.5288442799,418485.18883680104,849690.2095397847,497532.6066238753,447079.41907661874
2018-03-08,1514855.998275906,1508156.5383331361,317242.7977242654,640845.5113816218,421378.4060030778,855476.6438723382,506536.5978925463,449972.6362428955
2018-03-09,1523648.353588328,1516948.8936455583,320529.4192133214,647418.7543597339,426295.2843126438,865310.4004914702,509823.21938160236,454889.5145524615
2018-03-12,1545885.8810533476,1539186.4211105779,343180.95207341254,692721.8200799163,427681.11965220416,868082.0711705909,532474.7522416936,456275.34989202186
2018-03-13,1535652.7166624065,1528953.2567196367,335971.34722209553,678302.6103772823,423042.85434035416,858805.5405468909,525265.1473903765,451637.08458017185
2018-03-14,1543483.3396330029,1536783.8796902332,347202.047552711,700764.011038513,430971.9008243214,874663.6335148253,536495.8477209919,459566.1310641391
2018-03-15,1537987.2942687003,1531287.8343259306,341196.98544297257,688753.8868190362,430845.48980555777,874410.8114772981,530490.7856112536,459439.72004537546
2018-03-16,1543624.3819189102,1536924.9219761405,345886.3137001633,698166.1751988523,428837.0029749573,870461.1015469667,535180.1138684442,457431.233214775
2018-03-19,1530422.576297345,1523723.1163545754,338300.69686804153,682994.9415346088,424467.8035367538,861722.7026705598,527594.4970363224,453062.0337765715
2018-03-20,1551276.467824631,1544577.0078818612,347734.3556197818,701862.2590380894,430578.674088208,873944.4437734681,537028.1557880627,459172.9043280257
2018-03-21,1548052.827496758,1541353.3675539882,345395.6601270275,697184.8680525807,429344.21264917305,871475.5208953982,534689.4602953084,457938.44288899074
2018-03-22,1509370.3468532832,1502670.8869105135,327848.06311382743,662089.6740261806,417732.32133054285,848251.7382581378,517141.86328210833,446326.55157036055
2018-03-23,1485952.1885747463,1479252.7286319765,320698.06002674525,647789.6678520163,412364.0089621533,837515.1135213587,509991.86019502615,440958.239201971
2018-03-26,1527359.5562039057,1520660.096261136,332664.84245534556,671723.232709217,421618.80086167186,856024.6973203957,521958.64262362645,450213.03110148956
2018-03-27,1476644.8964331804,1469945.4364904107,317205.62454953266,640804.7968975912,409718.0614557418,832223.2185085358,506499.42471781356,438312.2916955595
2018-03-28,1457185.5031914457,1450486.043248676,313707.6550384746,633808.857875475,406764.54500321025,826316.1856034726,503001.4552067555,435358.77524302795
2018-03-29,1487254.5067048408,1480555.046762071,318665.9063017867,643725.3604020992,410978.50373108033,834744.1030592127,507959.7064700676,439572.73397089797
2018-04-02,1452992.6112587398,1446293.15131597,312098.7411149712,630591.0300284683,405412.3325947573,823611.7607865668,501392.5412832521,434006.562834575
2018-04-03,1469840.7968562297,1463141.33691346,314910.70613965584,636214.9600778375,407824.237389911,828435.5703768741,504204.50630793674,436418.4676297287
2018-04-04,1469627.2303052137,1462927.770362444,313448.47694768454,633290.5016938949,406645.87589095405,826078.8473789601,502742.27711596544,435240.10613077175
2018-04-05,1482956.847105203,1476257.3871624332,316827.92242816405,640049.3926548539,409453.7386449161,831694.5728868843,506121.72259644495,438047.9688847338
2018-04-06,1455060.2844457822,1448360.8245030125,311843.2971185678,630080.1420356615,405223.3107921912,823233.7171814344,501137.0972868487,433817.5410320089
2018-04-09,1457642.8912884356,1450943.4313456658,310435.2696306421,627264.08705981,403982.568134193,820752.231865438,499729.069798923,432576.7983740107
2018-04-10,1492238.7764498207,1485539.316507051,314736.52289467154,635866.5935878688,407964.1776660107,828715.4509290735,504030.32306295243,436558.4079058284
2018-04-11,1489325.332909309,1482625.8729665393,312389.6547731442,631172.8573448143,405900.2704661017,824587.6365292554,501683.4549414251,434494.5007059194
2018-04-12,1508840.638692415,1502141.1787496454,316877.167192031,640147.8821825878,410090.8269557867,832968.7495086254,506170.9673603119,438685.0571956044
2018-04-13,1503653.134629223,1496953.6746864533,313440.0820369354,633273.7118723965,406969.5239183015,826726.1434336551,502733.8822052163,435563.7541581192
2018-04-16,1507226.5931031634,1500527.1331603937,311908.07129598456,630209.690390495,405505.5215996857,823798.1387964234,501201.8714642655,434099.7518395034
2018-04-17,1540670.1633615154,1533970.7034187457,324351.22912092495,655096.0060403757,417734.40979056276,848255.9151781775,513645.02928920585,446328.64003038045
2018-04-18,1545204.6118453897,1538505.15190262,326919.02414360596,660231.5960857378,420454.05488918803,853695.2053754282,516212.8243118869,449048.28512900573
2018-04-19,1515763.4199581114,1509063.9600153416,320971.6738592699,648336.8955170655,414579.7844286451,841946.6644543423,510265.4740275508,443174.0146684628
2018-04-20,1507409.6123413402,1500710.1523985704,315666.8209244356,637763.3793907145,408708.8860581378,830277.2471999624,504960.6210927165,437303.1162979555
2018-04-23,1489665.9860964075,1482966.5261536378,304353.7257880182,615137.1891178797,402410.9590479061,817681.393179499,493647.5259562991,431005.1892877238
2018-04-24,1464370.9173171688,1457671.457374399,293855.4945828099,594140.726707463,395368.3733951954,803596.2218740776,483149.2947510908,423962.6036350131
2018-04-25,1461946.302359843,1455246.8424170732,291960.8332973774,590351.4041365981,394218.4028536314,801296.2807909496,481254.6334656583,422812.6330934491
2018-04-26,1499738.2425728585,1493038.7826300887,306980.8049269902,620391.3473958237,404587.95721312315,822035.3895099331,496274.6050952711,433182.18745294085
2018-04-27,1486162.1416988997,1479462.68175613,300463.7469562865,607357.2314544162,400332.2863538068,813524.0477913003,489757.5471245674,428926.5165936245
2018-04-30,1472737.9110544964,1466038.4511117267,291404.0903290224,589237.918199888,394752.1675650691,802363.810213825,480697.8904973033,423346.3978048868
2018-05-01,1480682.8905753202,1473983.4306325505,292925.4245066193,592280.5865550819,396166.0982106779,805191.6715050426,482219.2246749002,424760.3284504956
2018-05-02,1477684.7781842453,1470985.3182414756,291123.37734525243,588676.4922323481,395012.56908252125,802884.6132487293,480417.17751353333,423606.79932233895
2018-05-03,1484042.2716440374,1477342.8117012677,293154.26730575046,592738.2721533442,396578.241095608,806015.9572749027,482448.06747403136,425172.4713354257
2018-05-04,1488493.5146703857,1481794.054727616,295539.81356156315,597509.3646649695,398189.2838804711,809238.0428446289,484833.61372984404,426783.5141202888
2018-05-07,1512751.2810116254,1506051.8210688557,304652.3017458405,615734.3410335244,405418.6668384473,823696.8087605813,493946.1019141214,434012.89707826497
2018-05-08,1513812.2873807815,1507112.8274380118,304789.24204711174,616008.2216360668,405713.4943580214,824286.4637997296,494083.04221539263,434307.7245978391
2018-05-09,1531667.8415719643,1524968.3816291946,313860.0514219157,634149.8403856747,412641.0753314217,838141.6257465301,503153.8515901966,441235.3055712394
2018-05-10,1548187.3523442396,1541487.8924014699,326583.8384543035,659597.4144504503,420863.8044535709,854587.0839908286,515877.6386225844,449458.0346933886
2018-05-11,1550134.4887986793,1543435.0288559096,325400.249491537,657230.2365249172,419412.5731700337,851684.6214237541,514694.0496598179,448006.8034098514
2018-05-14,1560185.5491091502,1553486.0891663805,326300.71025097615,659031.1580437955,423145.19293016056,859149.8609440079,515594.51041925704,451739.42316997825
2018-05-15,1557726.8978879075,1551027.4379451377,318293.5787660972,643016.8950740377,419614.6293747645,852088.7338332158,507587.3789343781,448208.85961458227
2018-05-16,1578174.9377368698,1571475.4777941,331804.1900617059,670038.1176652551,429921.01230959827,872701.4997028833,521097.9902299868,458515.24254941597
2018-05-17,1559348.7982721322,1552649.3383293625,326330.43465043034,659090.606842704,423585.8351879903,860031.1454596673,515624.23481871124,452180.065427808
2018-05-18,1569917.2559306915,1563152.1922345483,322613.0250774329,651687.620267351,415417.4623650466,843758.064955064,511906.8252457138,444011.6926048643
2018-05-21,1584149.2645276312,1577384.200831488,328770.2257239458,664002.0215603769,419418.7276472108,851760.5955193925,518064.0258922267,448012.9578870285
2018-05-22,1588395.7889918515,1581630.7252957083,332183.2537867086,670828.0776859024,420843.23030340177,854609.6008317744,521477.0539549895,449437.46054321947
2018-05-23,1602597.8804967492,1595832.816800606,341633.2458196127,689728.0617517107,425529.50047065417,863982.1411662791,530927.0459878936,454123.73071047186
2018-05-24,1613380.7991568614,1606615.7354607182,349706.53852510615,705874.6471626976,429006.04556509625,870935.2313551634,539000.3386933871,457600.27580491395
2018-05-25,1610587.3951069736,1603822.3314108304,347848.313999152,702158.1981107893,428026.65975210833,868976.4597291875,537142.1141674329,456620.88999192603
2018-05-29,1603512.2235095068,1596747.1598133636,343032.0347025917,692525.6395176688,425263.08103893796,863449.3023028468,532325.8348708727,453857.31127875566
2018-05-30,1619515.4754705932,1612750.41177445,350514.5202996621,707490.6107118095,430388.26911048224,873699.6784459354,539808.320467943,458982.49935029994
2018-05-31,1594388.1087332894,1587623.0450371462,329435.24177810416,665332.0536686935,421051.5918837591,855026.323992489,518729.04194638506,449645.82212357677
2018-06-01,1628167.3785323119,1621402.3148361687,348177.333940015,702816.2379925152,432681.4036969229,878285.9476188165,537471.1341082959,461275.6339367406
2018-06-04,1544021.7882576452,1537256.724561502,332754.01143972867,671969.5929919425,420280.16046996333,853483.4611648975,522047.81160800956,448874.39070978103
2018-06-05,1554047.8298698147,1547282.7661736715,334885.49838201725,676232.5668765197,420565.7222881131,854054.584801197,524179.29855029815,449159.9525279308
2018-06-06,1572774.8611694884,1556584.2425232911,341882.89755168324,690227.3652158518,424813.6882880591,862550.516801089,531176.6977199642,453407.9185278768
2018-06-07,1549057.0129252756,1549302.5059498972,335579.122119024,677619.8143505333,423223.16687317623,859369.4739713233,524872.9222873049,451817.39711299393
2018-06-08,1556357.033612202,1553859.2694593372,340742.7380700664,687947.046252618,425920.70784362464,864764.5559122202,530036.5382383473,454514.93808344234
2018-06-11,1552186.8249880157,1552315.0847183818,340652.11163520697,687765.7933828993,427423.49413822684,867770.1285014246,529945.9118034879,456017.72437804454
2018-06-12,1556635.3905857787,1555497.5250139027,339585.2037746402,685631.9776617658,427821.3699690557,868565.8801630823,528879.0039429212,456415.6002088734
2018-06-13,1563417.6333342672,1562490.7934163332,344692.46845815564,695846.5070287965,426044.6994360719,865012.5390971146,533986.2686264365,454638.9296758896
2018-06-14,1571432.3176924689,1563612.1543480256,346905.59050914086,700272.7511307669,422406.803019567,857736.7462641048,536199.3906774218,451001.0332593847
2018-06-15,1566902.3958351505,1555596.1770640342,339203.92978486785,684890.4592966246,415617.686335058,844200.572123894,528497.7299531488,444211.9165748757
2018-06-18,1572902.811518461,1561596.5927473446,339157.3100840394,684797.2198949677,416017.8189323036,845000.8373183851,528451.1102523204,444612.0491721213
2018-06-19,1563240.7853539507,1551934.5665828343,337166.7239394095,680816.0476057079,414692.29367032205,842349.7867944221,526460.5241076904,443286.52391013975
2018-06-20,1573967.4949533348,1562661.2761822185,341675.06849774305,689832.736722375,417242.8640938837,847450.9276415454,530968.8686660241,445837.0943337014
2018-06-21,1560543.7172719536,1549237.4985008372,335631.93654931244,677746.4728255138,413542.7008890189,840050.6012318158,524925.7367175934,442136.9311288366
2018-06-22,1537380.3967250553,1526074.177953939,327364.76947508147,661212.1386770519,407985.6812631529,828936.5619800838,516658.5696433624,436579.9115029706
2018-06-25,1514974.5026450893,1503668.283873973,315825.2919548578,638133.1836366046,400481.858699179,813928.9168521359,505119.0921231388,429076.08893899666
2018-06-26,1526349.2387651415,1515043.0199940251,319437.9800053613,645358.5597376116,402999.6448609743,818964.4891757265,508731.78017364227,431593.87510079204
2018-06-27,1498184.2429927308,1486878.0242216145,313415.1314139828,633312.8625548545,398394.11102579837,809753.4215053747,502708.9315822637,426988.34126561607
2018-06-28,1507209.3920204565,1495903.1732493402,314830.9705584425,636144.540843774,399517.1729994997,811999.5454527774,504124.7707267235,428111.4032393175
2018-06-29,1505309.4816879497,1491825.5899265807,313418.8314424569,633320.2626118028,398541.5716461125,810048.3427460028,502712.6316107379,427135.8018859302
2018-07-02,1509019.670488237,1495535.7787268676,313899.49404605094,634281.5878189908,398948.00369548635,810861.2068447506,503193.2942143319,427542.23393530404
2018-07-03,1497250.885711065,1486601.4189864441,310950.16252423625,628382.9247753614,396632.863633225,806230.9267202278,500243.9626925172,425227.0938730426
2018-07-05,1502296.1493119716,1493271.3049239812,312400.4937548742,631283.5872366374,397833.7659055863,808632.7312649505,501694.2939231552,426427.996145404
2018-07-06,1516389.8995536112,1507019.393232724,315971.8784833808,638426.3566936505,400654.7455586995,814274.6905711769,505265.6786516617,429248.9757985172
2018-07-09,1520264.5031191322,1511205.086911844,318995.28734984505,644473.174426579,402871.0871731826,818707.3738001431,508289.087518126,431465.3174130003
2018-07-10,1520601.3116414484,1513028.2445586198,317564.3385166304,641611.2767601497,402124.0207303561,817213.2409144901,506858.13868491136,430718.2509701738
2018-07-11,1515278.2561386034,1508949.5635751905,318130.06530628295,642742.7303394548,402514.13787385885,817993.4752014957,507423.8654745639,431108.36811367655
2018-07-12,1528164.6881110773,1518690.480397317,318099.8187059851,642682.2371388591,403227.10176235414,819419.4029784863,507393.61887426605,431821.33200217184
2018-07-13,1520760.9262066921,1510871.9269864599,311527.88824586046,629538.3762186099,397727.8145956087,808420.8286449953,500821.6884141414,426322.0448354264
2018-07-16,1527815.2341945192,1517926.2349742872,310822.7530664167,628128.1058597224,397183.6206821176,807332.440818013,500116.55323469767,425777.8509219353
2018-07-17,1525820.428791466,1513961.145301707,308712.94926257833,623908.4982520456,395109.2329699566,803183.6653936912,498006.7494308593,423703.4632097743
2018-07-18,1522344.4590653786,1512144.3556665275,308834.71774366737,624152.0352142237,395244.9905534135,803455.180560605,498128.5179119483,423839.2207932312
2018-07-19,1521421.4619658662,1507073.4153722555,307442.1100512721,621366.8198294331,393858.82859278785,800682.8566393537,496735.91021955304,422453.05883260554
2018-07-20,1519043.3279068852,1505903.884531486,309220.96995075647,624948.2810168936,395221.3458253407,803455.3738814428,498514.7701190374,423815.5760651584
2018-07-23,1526068.037237593,1512928.5938621936,310190.4598504958,626887.2608163722,396601.0101997456,806214.7026302526,499484.26001877675,425195.2404395633
2018-07-24,1502152.2725058831,1489012.829130484,298006.11336932966,602518.56785404,388974.25563258084,790961.1934959231,487299.9135376106,417568.48587239854
2018-07-25,1530296.3678849998,1517156.9245096007,310616.01188601984,627738.3648874203,397439.0532356891,807890.7887021396,499909.8120543008,426033.2834755068
2018-07-26,1519559.5073727109,1506420.0639973115,304690.43367044633,615887.2084562733,393788.2189233437,800589.1200774488,493984.2338387273,422382.4491631614
2018-07-27,1508073.0276832124,1494933.5843078133,299259.0855998263,605024.5123150332,390179.0245776654,793370.7313860921,488552.88576810725,418773.2548174831
2018-07-30,1497774.4212988063,1484634.977923407,294719.4512459191,595945.2436072188,387242.33830017946,787497.3588311203,484013.25141420006,415836.56853999716
2018-07-31,1516181.0694473358,1503041.6260719367,302414.13250810234,611334.6061315852,392756.3542257362,798525.3906822338,491707.9326763833,421350.5844655539
2018-08-01,1503645.108791919,1490505.6654165199,296311.36802833015,599129.0771720409,388432.95773801464,789878.5977067907,485605.1681966111,417027.18797783233
2018-08-02,1524429.0922612615,1511289.6488858622,304048.21491722565,614602.7709498319,394184.5274017851,801381.7370343315,493342.0150855066,422778.7576416028
2018-08-03,1519779.9233561514,1506640.4799807523,300737.9099112929,607982.1609379664,392179.3928230881,797371.4678769376,490031.71007957385,420773.6230629058
2018-08-06,1537266.0477131738,1524126.6043377747,306396.85168847395,619300.0444923285,397151.13893354876,807314.9600978589,495690.6518567549,425745.36917336646
2018-08-07,1536697.1109936377,1523557.6676182386,304383.13644212286,615272.6139996264,396437.7180347986,805888.1183003586,493676.9366104038,425031.9482746163
2018-08-08,1545701.6182030037,1532562.1748276043,310551.1536550437,627608.648425468,400897.9078092383,814808.497849238,499844.95382332464,429492.138049056
2018-08-09,1562374.4577532292,1549235.01437783,323394.27757128037,653294.8962579414,407952.4720118511,828917.6262544636,512688.0777395613,436546.7022516688
2018-08-10,1562837.8151300908,1549698.3717546915,324584.6384827952,655675.6180809711,408918.1369102385,830848.9560512383,513878.43865107617,437512.3671500562
2018-08-13,1560468.5436464925,1547329.1002710934,322000.1732937148,650506.6877028103,410229.94461328693,833472.5714573353,511293.9734619958,438824.17485310463
2018-08-14,1577862.5830633778,1564723.1396879787,337191.4561492125,680889.2534138056,421162.22493158106,855337.1320939234,526485.2563174935,449756.4551713987
2018-08-15,1540352.971205707,1527213.5278303076,316212.1817324683,638930.7045803173,408102.5681224519,829217.8184756652,505505.98190074926,436696.7983622696
2018-08-16,1546210.7203708894,1533071.2769954903,322773.0621129366,652052.4653412538,412444.5130948448,837901.708420451,512066.86228121753,441038.7433346625
2018-08-17,1549687.9777004244,1536451.1830047185,324801.51879461703,656132.9717542401,416025.184782215,845110.2378944423,514095.318962898,444619.4150220327
2018-08-20,1563597.6506457725,1550360.8559500666,331029.54486082826,668589.0238866627,420042.18177726626,853144.2318845448,520323.3450291092,448636.41201708396
2018-08-21,1576947.0508478472,1563710.2561521414,338689.0987962735,683908.1317575532,424328.15335325775,861716.1750365277,527982.8989645545,452922.38359307544
2018-08-22,1588981.0206872264,1575744.2259915206,345724.34649087617,697978.6271467584,428238.6115289584,869537.0913879292,535018.1466591571,456832.8417687762
2018-08-23,1589335.408004687,1576098.613308981,344700.83095703006,695931.5960790663,428376.8112313255,869813.4907926633,533994.631125311,456971.0414711432
2018-08-24,1606594.011967951,1593357.217272245,357896.6815725153,722323.2973100367,433786.52824155544,880632.9248131231,547190.4817407962,462380.75848137314
2018-08-27,1623743.962885366,1610507.1681896602,369305.88484545035,745141.7038559067,439786.4523265295,892632.7729830713,558599.6850137314,468380.6825663472
2018-08-28,1630025.3251037074,1616788.5304080015,374422.66550349473,755375.2651719955,441806.1582370589,896672.1848041301,563716.4656717756,470400.3884768766
2018-08-29,1635278.3640717554,1622041.5693760496,377859.75487383513,762249.4439126763,443983.66617141844,901027.2006728492,567153.5550421161,472577.89641123614
2018-08-30,1632541.66253628,1619304.8678405741,377034.259010959,760598.452186924,442730.18852290453,898520.2453758214,566328.0591792399,471324.4187627222
2018-08-31,1631562.5701584253,1618325.7754627194,375387.5362721705,757305.006709347,443051.25990768033,899162.3881453729,564681.3364404514,471645.490147498
2018-09-04,1638742.2783107548,1625505.483615049,378803.7108424061,764137.3558498183,447235.68450763053,907531.2373452733,568097.5110106871,475829.91474744823
2018-09-05,1603061.4005950768,1589824.605899371,347118.71911345783,700767.3723919217,434030.4478004521,881120.7639309164,536412.5192817388,462624.6780402698
2018-09-06,1598862.9321176964,1585626.1374219905,343888.44696160057,694306.8280882073,432165.75743480126,877391.3831996148,533182.2471298815,460759.98767461895
2018-09-07,1592820.7836573776,1579583.9889616717,339835.13858562964,686200.2113362653,429528.60386726353,872117.0760645394,529128.9387539106,458122.83410708123
2018-09-10,1604081.59889556,1590844.8041998541,345579.8735600631,697689.6812851322,435109.28504920925,883278.4384284307,534873.673728344,463703.51528902695
2018-09-11,1613952.786900541,1600715.9922048352,352359.2496961366,711248.4335572793,438854.31371333014,890768.4957566726,541653.0498644175,467448.54395314783
2018-09-12,1614195.6505635432,1600958.8558678376,355099.74956811283,716729.4333012317,436069.8885914292,885199.6455128707,544393.5497363937,464664.1188312469
2018-09-13,1609487.5856876378,1596250.790991932,350882.3607016653,708294.6555683366,433935.27847104444,880930.4252721012,540176.1608699462,462529.50871086214
2018-09-14,1605823.9064373218,1592587.111741616,350122.79779629625,706775.5297575986,433409.58296103944,879879.0342520911,539416.5979645773,462003.81320085714
2018-09-17,1579154.2551999614,1565917.4605042555,325736.37030398945,658002.674772985,422078.1150542342,857216.0984384808,515030.1704722704,450672.3452940519
2018-09-18,1600140.5578038758,1586903.76310817,344653.15417380555,695836.2425126171,430291.99225791777,873643.8528458478,533946.9543420865,458886.22249773546
2018-09-19,1586293.3948564609,1573056.600160755,336376.0430482051,679282.0202614163,424432.28275202174,861924.4338340558,525669.843216486,453026.51299183944
2018-09-20,1596513.3903457487,1583276.5956500429,338716.9392372511,683963.8126395083,427922.19920535234,868904.2667407169,528010.739405532,456516.42944517004
2018-09-21,1600352.6822192166,1585000.3751237297,339315.91532671533,685184.722989292,429806.2934572229,872718.371586169,528609.7154949963,458400.5236970406
2018-09-24,1609963.4784670458,1594611.171371559,342314.4532839133,691181.7989036881,432217.3907886246,877540.5662489722,531608.2534521943,460811.6210284423
2018-09-25,1618051.6152681164,1602699.3081726294,346246.91039564676,699046.713127155,434737.16615710274,882580.1169859285,535540.7105639277,463331.39639692043
2018-09-26,1611240.93376331,1595888.6266678232,341515.2553800001,689583.4030958615,432199.5834998096,877504.9516713424,530809.0555482811,460793.8137396273
2018-09-27,1618629.745002122,1603277.437906635,345520.03136745666,697592.9550707748,434642.5536823104,882390.8920363439,534813.8315357376,463236.7839221281
2018-09-28,1620168.0154680512,1604815.7083725643,345234.7608030505,697022.4139419623,434914.56309417775,882934.9108600786,534528.5609713314,463508.79333399545
2018-10-01,1605664.1924364201,1590311.8853409332,335725.9624044513,678004.817144764,429309.0744869126,871723.9336455483,525019.7625727322,457903.3047267303
2018-10-02,1587757.0800010127,1572404.7729055258,325889.6527899482,658332.1979157579,422793.44630411034,858692.6772799438,515183.4529582292,451387.67654392804
2018-10-03,1582233.1607171118,1566880.8536216249,323318.3982039408,653189.688743743,421041.88504383,855189.5547593832,512612.1983722217,449636.1152836477
2018-10-04,1556271.522039808,1540919.2149443212,313820.3013788326,634193.4950935267,413653.9496944216,840413.6840605664,503114.10154711356,442248.1799342393
2018-10-05,1548417.0223549155,1533064.7152594286,310954.4893919273,628461.8711197161,411336.7096566583,835779.2039850397,500248.2895602083,439930.939896476
2018-10-08,1530154.7716736165,1514802.4645781296,306053.06489010464,618659.0221160707,407153.4703941245,827412.725459972,495346.8650583856,435747.7006339422
2018-10-09,1523715.2504916922,1508362.9433962053,304410.5307066736,615373.9537492087,405656.0014214534,824417.7875146299,493704.3308749546,434250.2316612711
2018-10-10,1467127.3692314078,1463063.2004877923,301252.2118852151,609057.3161062916,402631.8425709048,818369.4698135328,490546.01205349603,431226.0728107225
2018-10-11,1451258.4281412216,1449668.8384274438,301078.0034275039,608708.8991908693,402459.0965669513,818023.9778056258,490371.8035957849,431053.326806769
2018-10-12,1477877.7220065002,1465176.122156161,301208.6572514459,608970.2068387532,402589.0868432782,818283.9583582794,490502.4574197269,431183.3170830959
2018-10-15,1470232.2023237036,1462242.647994241,301035.2981893977,608623.4887146569,402416.51508309046,817938.8148379041,490329.0983576787,431010.74532290816
2018-10-16,1474951.7641533685,1453054.883056055,301073.09754001244,608699.0874158863,402454.3122542026,818014.4091801284,490366.8977082934,431048.5424940203
2018-10-17,1477764.0985623263,1456568.5257897398,301049.7345182119,608652.3613722853,402430.9518343761,817967.6883404752,490343.5346864929,431025.1820741938
2018-10-18,1457910.0179131667,1447813.7157153785,301026.53748782334,608605.9673115081,402407.7548444936,817921.2943607103,490320.3376561043,431001.9850843113
2018-10-19,1446237.7164745475,1445271.1561244316,300011.97756968735,606616.8474752362,400775.63469321013,814737.0540581434,489305.7777379683,429369.8649330278
2018-10-22,1431057.7401902375,1430091.1798401217,294416.930024917,595426.7523856955,397347.8043212239,807881.393314171,483710.73019319796,425942.0345610416
2018-10-23,1427770.0684243697,1426803.508074254,292110.4187979244,590813.7299317103,396181.7595441816,805549.3037600863,481404.2189662054,424775.9897839993
2018-10-24,1368065.0678084835,1379092.6907744282,266789.3816600244,540171.6556559103,379606.2732439975,772398.3311597181,456083.18182830536,408200.5034838152
2018-10-25,1362131.4887801404,1372495.0836738807,266974.8641854852,540542.6207068318,379361.31201421015,771908.4087001435,456268.66435376613,407955.54225402785
2018-10-26,1327104.8001542643,1337343.884507165,256122.72944962326,518838.351235108,371498.6824509738,756183.1495736707,445416.5296179042,400092.9126907915
2018-10-29,1306562.061118348,1324349.1000850885,251280.26352707733,509153.4193900161,367830.33931996825,748846.4633116596,440574.0636953583,396424.56955978594
2018-10-30,1316057.3788682055,1326984.6001250322,252234.87673284233,511062.6458015461,368716.9864395434,750619.75755081,441528.67690112325,397311.2166793611
2018-10-31,1338728.6760249306,1336262.5191911617,253926.6250296313,514446.1423951241,370299.9095581587,753785.6037880406,443220.42519791226,398894.1397979765
2018-11-01,1379999.708985539,1352200.87868819,261246.15537199948,529085.2030798604,376535.14696580166,766256.0786033265,450539.95554028044,405129.37720561936
2018-11-02,1347677.4791214305,1326600.5008774588,250758.03659515126,508108.965526164,368101.7715726246,749389.3278169724,440051.83676343225,396696.0018124423
2018-11-05,1350376.4960256943,1328146.3084889767,247863.40582844193,502319.7039927453,365808.14817497047,744802.0810216641,437157.20599672286,394402.37841478817
2018-11-06,1345734.0937029526,1333179.4263618286,249055.03276752782,504702.9578709171,366782.07823833916,746749.9411484015,438348.83293580875,395376.30847815686
2018-11-07,1386681.2269606777,1356560.038670745,256836.24874787935,520265.38983162015,373952.09216922725,761089.9690101777,446130.0489161603,402546.32240904495
2018-11-08,1372733.135083064,1358978.5399307483,255956.4736622683,518505.8396603981,373073.1987997824,759332.1822712879,445250.27383054927,401667.4290396001
2018-11-09,1351747.860699818,1344784.1088728297,250373.81806753814,507340.52847093774,368179.6603635607,749545.1053988446,439667.6182358191,396773.8906033784
2018-11-12,1331146.165815984,1328762.3790545068,242411.23737070442,491415.3670772703,361028.02791176754,735241.8404952582,431705.0375389854,389622.25815158524
2018-11-13,1357752.0361792506,1348971.3677975512,260885.7979797351,528364.4882953316,375044.183112937,763274.1508975972,450179.598148016,403638.4133527548
2018-11-14,1356581.604494769,1336412.1716363763,252288.2458170753,511169.3839700121,370343.2885756629,753872.3618230489,441582.04598535626,398937.5188154805
2018-11-15,1367101.3887247243,1338942.7330081363,253885.18027656875,514363.25288899895,372167.62860882224,757521.0418893676,443178.9804448497,400761.85884863994
2018-11-16,1358808.4792816404,1337910.423459394,253256.16357822967,513155.2194923208,371442.3081212178,756170.4009141588,443353.47888070974,401341.94197586714
2018-11-19,1308513.7007616304,1337910.423459394,230718.3390555036,468079.57044686866,357118.762490713,727523.3096531491,443353.47888070974,401341.94197586714
2018-11-20,1297895.7951638196,1337910.423459394,226475.40748235187,459593.7073005652,354216.4816379154,721718.747947554,443353.47888070974,401341.94197586714
2018-11-21,1297049.4627332753,1337910.423459394,225364.26696410932,457371.4262640801,353512.9800097385,720311.7446912001,443353.47888070974,401341.94197586714
2018-11-23,1302488.7321401953,1337910.423459394,226351.92998360976,459346.752303081,354346.1775838036,721978.1398393303,443353.47888070974,401341.94197586714
2018-11-26,1320293.6308819556,1337910.423459394,229944.56364801835,466532.01963189815,357431.3599890009,728148.5046497249,443353.47888070974,401341.94197586714
2018-11-27,1338315.5837025428,1337910.423459394,236408.15648281417,479459.2053014898,362267.87143592676,737821.5275435767,443353.47888070974,401341.94197586714
2018-11-28,1368634.7386420383,1337910.423459394,248840.7282931978,504324.3489222571,371387.66979054577,756061.1242528147,443353.47888070974,401341.94197586714
2018-11-29,1373545.8415807902,1337910.423459394,250406.9496255241,507456.7915869097,372782.25275224756,758850.2901762183,443353.47888070974,401341.94197586714
2018-11-30,1370109.190929091,1337910.423459394,247612.51204575537,501867.9164273722,371138.78946640325,755563.3636045296,443353.47888070974,401341.94197586714
2018-12-03,1403299.1952407823,1337910.423459394,266460.69931251986,539564.2909609012,383940.2908610249,781166.366393773,443353.47888070974,401341.94197586714
2018-12-04,1357444.9495816275,1337910.423459394,237465.40230488722,481573.6969456359,364692.4785469403,742670.7417656038,443353.47888070974,401341.94197586714
2018-12-06,1365531.3433535253,1337910.423459394,239131.6291332077,484906.15060227684,366530.9239022518,746347.6324762268,443353.47888070974,401341.94197586714
2018-12-07,1308644.8787658485,1337910.423459394,217270.87826406505,441184.64886399155,348192.22231556854,709670.2293028602,443353.47888070974,401341.94197586714
2018-12-10,1321304.5973768514,1337910.423459394,219929.19090177724,446501.27413941594,350679.5361169913,714644.8569057058,443353.47888070974,401341.94197586714
2018-12-11,1316697.6066015365,1337910.423459394,217942.20462805332,442527.3015919681,348949.5356679851,711184.8560076933,443353.47888070974,401341.94197586714
2018-12-12,1333106.3831963628,1337910.423459394,221414.58890410868,449472.0701440788,352276.2402589253,717838.2651895738,443353.47888070974,401341.94197586714
2018-12-13,1327222.9692830686,1337910.423459394,217669.27221480678,441981.436765475,348913.5175679214,711112.8198075659,443353.47888070974,401341.94197586714
2018-12-14,1300332.5737185362,1337910.423459394,212737.97513865054,432118.84261316253,344235.5879606575,701756.9605930381,443353.47888070974,401341.94197586714
2018-12-17,1263763.1480491164,1337910.423459394,206768.2869134682,420179.4661627979,338362.8052036576,690011.3950790383,443353.47888070974,401341.94197586714
2018-12-18,1283380.2586380998,1337910.423459394,207226.70544171103,421096.3032192835,338821.24293094606,690928.2705336153,443353.47888070974,401341.94197586714
2018-12-19,1260619.2716011286,1337910.423459394,206408.8703367308,419460.63300932304,338003.4587193121,689292.7021103473,443353.47888070974,401341.94197586714
2018-12-20,1246351.3723202578,1337910.423459394,206332.84546106757,419308.5832579966,337927.43386554107,689140.6524028053,443353.47888070974,401341.94197586714
2018-12-21,1214385.5245770225,1337910.423459394,205472.52809361258,417637.9485230866,336526.00452821545,686437.793728154,443353.47888070974,401341.94197586714
2018-12-24,1193543.478114758,1337910.423459394,192928.3086281213,392549.50959210406,329356.0904291522,672097.9655300275,443353.47888070974,401341.94197586714
2018-12-26,1242944.5732275927,1337910.423459394,215718.06377749768,438129.0198908568,344364.79321263183,702115.3710969868,443353.47888070974,401341.94197586714
2018-12-27,1245621.6991712681,1337910.423459394,216402.5203232389,439497.93298233923,345094.6732686403,703575.1312090037,443353.47888070974,401341.94197586714
2018-12-28,1253469.701736529,1337910.423459394,220485.2481236242,447663.38858310983,347714.4945496499,708814.7737710229,443353.47888070974,401341.94197586714
2018-12-31,1272243.2848499557,1337910.423459394,229352.30080401673,465397.4939438949,354353.8894674397,722093.5636066025,443353.47888070974,401341.94197586714
2019-01-02,1279675.48312845,1337910.423459394,233399.22749571863,473491.3473272987,357003.35505487013,727392.4947814634,443353.47888070974,401341.94197586714
2019-01-03,1247194.1291644643,1337910.423459394,214955.22511098513,436603.3425578317,344480.89264983946,702347.5699714021,443353.47888070974,401341.94197586714
2019-01-04,1290333.201956213,1337910.423459394,239737.26196660378,486167.416269069,360804.882092477,734995.5488566771,443353.47888070974,401341.94197586714
2019-01-07,1334025.5430596794,1337910.423459394,273429.8408578362,553552.5740515338,376899.03836408566,767183.8613998945,443353.47888070974,401341.94197586714
2019-01-08,1351138.7697099412,1337910.423459394,287203.84669466136,581100.5857251842,383098.7846859437,779583.3540436105,443353.47888070974,401341.94197586714
2019-01-09,1356979.1454081987,1337910.423459394,291124.46151543094,588941.8153667233,386653.3081686204,786692.4010089639,443353.47888070974,401341.94197586714
2019-01-10,1359505.2691475768,1337910.423459394,293268.26896863524,593229.4302731319,385806.1420750986,784998.0688219203,443353.47888070974,401341.94197586714
2019-01-11,1350064.3839940436,1337910.423459394,283948.39789342735,574589.6881227162,382147.6204716638,777681.0256150507,443353.47888070974,401341.94197586714
2019-01-14,1345361.150209221,1337910.423459394,276781.9395920229,560256.7715199073,383047.86778692366,779481.5202455705,443353.47888070974,401341.94197586714
2019-01-15,1363019.2141284267,1337910.423459394,293075.6744226654,592844.2411811922,392191.49291394145,797768.770499606,443353.47888070974,401341.94197586714
2019-01-16,1360298.5419053852,1337910.423459394,289981.81298420357,586656.5183042686,391591.1812065156,796568.1470847543,443353.47888070974,401341.94197586714
2019-01-17,1381775.5793208356,1337910.423459394,311213.76910882886,629120.4305535192,408072.51646950544,829530.817610734,443353.47888070974,401341.94197586714
2019-01-18,1389873.3867878066,1337910.423459394,319065.1068631692,644873.1060621998,418539.2139360657,850564.2125438545,443353.47888070974,401341.94197586714
2019-01-22,1365543.6406113822,1337910.423459394,304905.33346768434,616553.5592712301,410280.8021970209,834047.389065765,443353.47888070974,401341.94197586714
2019-01-23,1375918.8194360547,1337910.423459394,309307.5579668224,625358.0082695063,413200.76750150323,839887.3196747296,443353.47888070974,401341.94197586714
2019-01-24,1373661.1448119914,1337910.423459394,312871.68150889646,632486.2553536544,415313.20282266755,844112.1903170582,443353.47888070974,401341.94197586714
2019-01-25,1380670.5772063385,1337910.423459394,317616.87725343736,641976.6468427362,418734.141903146,850954.0684780151,443353.47888070974,401341.94197586714
2019-01-28,1359483.754683483,1337910.423459394,303726.35290321585,614195.5981422932,410195.6831569015,833877.1509855262,443353.47888070974,401341.94197586714
2019-01-29,1345569.521941871,1337910.423459394,297698.69732411514,602140.2869840917,405890.32539114583,825266.4354540148,443353.47888070974,401341.94197586714
2019-01-30,1393976.8213393474,1337910.423459394,321189.16826443566,649121.2288647328,422237.4150923072,857960.6148563375,443353.47888070974,401341.94197586714
2019-01-31,1416835.8190216944,1337910.423459394,335653.60251366504,678050.0973631915,430821.87516439304,875129.5350005092,443353.47888070974,401341.94197586714
2019-02-01,1423844.0279405925,1337910.423459394,341087.93393725663,688918.7602103747,433976.3732505425,881438.5311728081,443353.47888070974,401341.94197586714
2019-02-04,1423057.4401865038,1337910.423459394,339149.7805486232,685042.4534331078,434573.7945366639,882633.373745051,443353.47888070974,401341.94197586714
2019-02-05,1430826.709798933,1337910.423459394,339074.33619800303,684891.5647318675,434673.34540438675,882832.4754804967,443353.47888070974,401341.94197586714
2019-02-06,1424250.1889687625,1337910.423459394,334836.20074941055,676415.2938346826,433084.2834227686,879654.3515172603,443353.47888070974,401341.94197586714
2019-02-07,1417375.8900447988,1337910.423459394,325891.0551906076,658525.0027170767,428980.4741441856,871446.7329600943,443353.47888070974,401341.94197586714
2019-02-08,1431468.7660682995,1337910.423459394,333949.44744782185,674641.7872315051,434369.6425187587,882225.0697092406,443353.47888070974,401341.94197586714
2019-02-11,1436885.7857421883,1337910.423459394,334079.0581751618,674901.008686185,436268.1642245124,886022.113120748,443353.47888070974,401341.94197586714
2019-02-12,1445103.3067298473,1337910.423459394,338058.5531203672,682859.9985765959,437989.04410518624,889463.8728820956,443353.47888070974,401341.94197586714
2019-02-13,1432156.2131021067,1337910.423459394,331774.19884466304,670291.2900251875,434259.24457485875,882004.2738214406,443353.47888070974,401341.94197586714
2019-02-14,1438405.4844032591,1337910.423459394,336318.78044316167,679380.4532221848,437610.11487318145,888706.014418086,443353.47888070974,401341.94197586714
2019-02-15,1440446.9285829586,1337410.423459394,339657.070537438,686107.0334107374,441429.5750056653,896444.9346830538,442752.960420045,400347.8243592175
2019-02-19,1443059.4751346484,1340022.9700110836,338572.9734323426,683938.8392005466,441458.3655233032,896502.5157183296,441668.8633149496,400376.6148768554
2019-02-20,1441165.4777704403,1338128.9726468755,336997.4917247159,680787.8757852933,440637.9302838174,894861.645239358,440093.38160732295,399556.1796373696
2019-02-21,1446042.4509272422,1343005.9458036774,338815.0096229788,684422.9115818191,441987.4336262266,897560.6519241764,441910.89950558584,400905.6829797788
2019-02-22,1452880.5767363743,1349844.0716128096,342317.22547756316,691427.3432909878,444243.59202806506,902072.9687278533,445413.1153601702,403161.84138161724
2019-02-25,1450327.8094896113,1347291.3043660466,338916.8099942019,684626.5123242652,442777.7013580213,899141.1873877657,442012.6998768089,401695.9507115735
2019-02-26,1445629.4211532592,1342592.9160296945,335671.15302776964,678135.1983914007,440815.6513793025,895217.0874303281,438767.0429103767,399733.9007328547
2019-02-27,1437855.1693736082,1334818.6642500435,331424.7970595178,669642.4864548971,437846.2684935199,889278.321658763,434520.68694212486,396764.5178470721
2019-02-28,1445933.099793266,1342896.5946697013,334313.92581652076,675420.743968903,440170.1267134392,893926.0380986015,437409.8156991278,399088.37606699136
2019-03-01,1458358.0839396683,1355321.5788161035,341480.54028655967,689753.9729089808,444698.15501473955,902982.0947012022,444576.4301691667,403616.4043682917
2019-03-04,1449069.9180235877,1346033.412900023,333272.0899749248,673337.0722857111,440012.8092069173,893611.4030855577,436367.97985753184,398931.0585604695
2019-03-05,1454599.7857892443,1351563.2806656796,336129.59356615075,679052.079468163,442037.12151832215,897660.0277083674,439225.4834487578,400955.37087187433
2019-03-06,1441775.3161582798,1338738.811034715,330100.32712860964,666993.5465930807,437683.652454258,888953.0895802391,433196.2170112167,396601.9018078102
2019-03-07,1437556.6719029543,1334520.1667793896,328314.7202832891,663422.3329024396,436309.54047033243,886204.865612388,431410.6101658961,395227.7898238846
2019-03-08,1441225.1096895519,1338188.6045659871,329825.63136616733,666444.1550681961,437769.63590043207,889125.0564725873,432921.52124877437,396687.88525398425
2019-03-11,1448914.479842194,1345877.9747186291,327743.9031103062,662280.6985564738,436501.0132165983,886587.8111049198,430839.7929929132,395419.26257015043
2019-03-12,1465238.398563538,1362201.8934399732,335543.5297458027,677879.9518274668,443459.12284048105,900504.0303526853,438639.4196284097,402377.37219403323
2019-03-13,1468204.1929693178,1365167.687845753,337167.57916731236,681128.0506704862,445388.3328134051,904362.4502985333,440263.4690499194,404306.58216695726
2019-03-14,1458278.8743989991,1355242.3692754344,334117.6060730939,675028.1044820492,442331.8721623005,898249.5289963242,437213.4959557009,401250.1215158527
2019-03-15,1464378.294146816,1361341.7890232513,334453.9768816075,675750.8460990764,441660.3712667871,897006.5272052974,437549.86676421453,400578.6206203393
2019-03-18,1470492.724459494,1367456.2193359293,336530.1783137291,679903.2489633197,443200.406769159,900086.5982100412,439626.06819633616,402118.6561227112
2019-03-19,1499000.1738481224,1395963.6687245576,355674.7294598022,718192.3512554659,452870.9249432948,919427.6345583127,458770.61934240925,411789.17429684696
2019-03-20,1499739.7556984443,1396703.2505748796,355026.80287288444,716896.4980816303,453086.4085784474,919858.601828618,458122.6927554915,412004.6579319996
2019-03-21,1531380.2128289882,1428343.7077054235,378973.0415645051,764788.9754648716,462554.6920781093,938795.1688279418,482068.9314471121,421472.9414316615
2019-03-22,1512490.7873776753,1409454.2822541106,363193.9120118756,733230.7163596126,457327.3818425252,928340.5483567736,466289.80189448263,416245.6311960774
2019-03-25,1518280.3256088933,1415243.8204853286,365260.1455631935,737363.1834622484,459680.2934270138,933046.3715257507,468356.0354458005,418598.542780566
2019-03-26,1525349.7024806493,1422313.1973570846,370144.31724161934,747131.5268191001,462203.54560250044,938092.875876724,473240.2071242264,421121.7949560526
2019-03-27,1515643.2020284615,1412606.6969048968,362939.66427489166,732722.2208856448,458382.2545664954,930450.293804714,466035.5541574987,417300.5039200476
2019-03-28,1518277.8964603462,1415241.3913367814,365303.02209927805,737448.9365344176,459368.21588880045,932422.216449324,468398.9119818851,418286.4652423526
2019-03-29,1531282.6508123612,1428246.1456887964,376280.45002428576,759403.792384433,463797.67036900733,941281.1254097378,479376.3399068928,422715.9197225595
2019-04-01,1533568.7430699295,1430532.2379463648,377870.3574875947,762583.6073110509,465780.69278305233,945247.1702378278,480966.24737020175,424698.9421366045
2019-04-02,1537304.467562013,1434267.9624384483,380257.65141431364,767358.1951644887,467350.0753117584,948385.9352952399,483353.5412969207,426268.32466531056
2019-04-03,1556000.5567829788,1452964.051659414,398523.8207136281,803890.5337631176,470659.36152506224,955004.5077218476,501619.7105962351,429577.6108786144
2019-04-04,1556291.1698915919,1453254.6647680271,399696.33665325923,806235.5656423799,470243.88123118185,954173.5471340868,502792.22653586627,429162.130584734
2019-04-05,1565527.351813613,1462490.8466900482,405965.8288254012,818774.5499866639,473104.06944095145,959893.923553626,509061.71870800824,432022.31879450363
2019-04-08,1562061.0890845975,1459024.5839610328,403532.1018065791,813907.0959490197,472713.99845316325,959113.7815780496,506627.99168918614,431632.24780671543
2019-04-09,1549513.694996032,1446477.1898724672,389790.9758228782,786424.8439816178,471250.5547261782,956186.8941240795,492886.8657054852,430168.80407973035
2019-04-10,1557050.2577233203,1454013.7525997555,397384.22487161413,801611.3420790897,472521.45557295426,958728.6958176317,500480.11475422117,431439.7049265064
2019-04-11,1554069.7033409276,1451033.1982173629,394975.45029177883,796793.7929194191,470621.4798565023,954928.7443847278,498071.34017438587,429539.7292100545
2019-04-12,1555000.0990764897,1451963.593952925,397850.0919218451,802543.0761795517,469213.9633787466,952113.7114292163,500945.98180445214,428132.21273229877
2019-04-15,1553428.5029816092,1450391.9978580445,393518.44129512226,793879.774926106,469348.8926921259,952383.570055975,496614.3311777293,428267.1420456781
2019-04-16,1548823.0817306184,1445786.5766070536,396804.89168797404,800452.6757118095,468341.07884699595,950367.942365715,499900.7815705811,427259.32820054813
2019-04-17,1529461.327045301,1426424.8219217362,384382.4244696738,775607.741275209,468137.3686580855,949960.5219878942,487478.3143522808,427055.6180116377
2019-04-18,1530667.1072672892,1427630.6021437244,387204.22032141755,781291.3329786966,467334.9740253832,948435.7327224895,490300.1102040246,426253.22337893536
2019-04-22,1530261.493967336,1427224.9888437712,384282.3880962591,775447.6685283796,466311.1040642259,946387.992800175,487378.2779788661,425229.3534177781
2019-04-23,1536057.0945913054,1433020.5894677406,386396.7394471959,779676.3712302533,467881.78708991327,949529.3588515497,489492.62932980293,426800.03644346545
2019-04-24,1542104.060013945,1439067.5548903802,388902.009043854,784686.9104235695,469678.4154040293,953122.6154797818,491997.89892646106,428596.6647575815
2019-04-25,1519257.3927593073,1416220.8876357425,378317.81387909345,763518.5200940483,462634.2478985657,939034.2804688546,481413.7037617005,421552.4972521179
2019-04-26,1521624.4153360617,1418587.910212497,379396.21636672324,765675.3250693079,463282.9778436848,940331.7403590927,482492.1062493303,422201.22719723696
2019-04-29,1515501.8464704587,1412465.341346894,374935.9485090592,756754.7893539799,460677.43158519076,935120.6478421047,478031.83839166624,419595.68093874294
2019-04-30,1516420.399314092,1413383.8941905273,372739.8522318225,752362.5967995065,459703.9177794458,933173.6202306148,475835.74211442954,418622.167132998
2019-05-01,1509265.8338110745,1406229.3286875098,370009.1633194237,746901.2189747088,457580.8142312463,928927.4131342157,473105.0532020307,416499.0635847985
2019-05-02,1532465.538778033,1429429.0336544684,378548.7849076126,763980.4621510867,464434.60780106275,942635.0002738487,481644.67479021964,423352.85715461493
2019-05-03,1526173.225063807,1423136.7199402424,375104.73120442755,757092.3547447165,462113.0755884244,937991.935848572,478200.6210870346,421031.3249419766
2019-05-06,1521444.9377198187,1418408.432596254,370111.2668949984,747105.4261258582,458729.96670922264,931225.7180901684,473207.1567776054,417648.2160627748
2019-05-07,1503710.9631456153,1400674.4580220506,362960.12828813866,732803.1489121388,452762.0213109148,919289.8272935527,466056.0181707457,411680.27066446695
2019-05-08,1507545.0411564868,1404508.536032922,364383.16103131836,735649.2143984982,454115.64155222126,921997.0677761657,467479.0509139254,413033.89090577344
2019-05-09,1505957.6377187,1402921.1325951354,362587.9574275463,732058.8071909541,452681.7181515468,919129.2209748167,465683.84731015336,411599.96750509896
2019-05-10,1510148.2004478176,1407111.6953242528,364212.44089759106,735307.7741310436,454312.97675163916,922391.7381750015,467308.3307801981,413231.22610519134
2019-05-13,1480890.0114895839,1377853.5063660191,353376.4134605001,713635.7192568616,444129.1686310031,902024.1219337294,456472.3033431071,403047.4179845553
2019-05-14,1495093.652395456,1392057.1472718914,355878.2454976161,718639.3833310937,446630.8165905533,907027.4178528298,458974.13538022316,405549.0659441055
2019-05-15,1496532.4337567976,1393495.9286332328,355730.7761761741,718344.4446882097,446494.507662293,906754.7999963091,458826.66605878115,405412.75701584516
2019-05-16,1503726.708217769,1400690.2030942042,357207.03084757284,721296.9540310071,447972.743937626,909711.2725469752,460302.9207301799,406890.9932911782
2019-05-17,1500924.5517356086,1397800.3317712808,353623.3770270972,714169.6463900559,443989.89704820595,901825.578768135,456719.26690970425,402908.14640175813
2019-05-20,1473022.6586454394,1369898.4386811117,341386.24646000616,689695.3852558738,436349.7815882462,886545.3478482155,444482.1363426132,395268.03094179835
2019-05-21,1493920.1859686899,1390795.966004362,351186.6943438875,709296.2810236365,442390.8791587696,898627.5429892624,454282.58422649454,401309.1285123218
2019-05-22,1496634.2273923624,1393510.007428035,352199.7501430062,711322.3926218739,442985.43680367415,899816.6582790714,455295.64002561325,401903.68615722633
2019-05-23,1473766.0501381413,1370641.8301738137,344126.52977615164,695175.9518881647,437502.18270198436,888850.1500756919,447222.4196587587,396420.43205553654
2019-05-24,1477528.4864040355,1374404.266439708,345820.54435811454,698563.9810520905,438401.25295137306,890648.2905744693,448916.4342407216,397319.50230492523
2019-05-28,1489332.9100808902,1386208.6901165626,350733.54679468484,708389.9859252311,442212.77688749303,898271.3384467092,453829.4366772919,401131.0262410452
2019-05-29,1470697.519451025,1367573.2994866972,341923.82790743996,690770.5481507414,437023.15764827206,887892.0999682673,445019.717790047,395941.40700182423
2019-05-30,1498202.4992868183,1395078.2793224908,349189.63578737876,705302.163910619,442386.09125771327,898617.9671871497,452285.5256699858,401304.34061126545
2019-05-31,1469459.0407457934,1366334.8207814659,339750.64296048204,686424.1782568255,435866.2206283287,885578.2259283805,442846.5328430891,394784.46998188086
2019-06-03,1467962.1844440706,1364837.964479743,342686.8308662357,692296.5540683329,438039.0713876797,889923.9274470826,445782.72074884275,396957.3207412319
2019-06-04,1496303.4115220485,1393179.1915577208,350668.0826760911,708259.0576880437,444272.0791578201,902389.9429873633,453763.97255869815,403190.32851137227
2019-06-05,1511488.1004554017,1406717.7938512294,359757.37562061875,726437.643577099,449739.4563572361,913324.6973861953,462853.2655032258,408657.70571078826
2019-06-06,1538043.921706002,1432208.4941062776,379948.1315850027,766819.1555058669,460343.89703607745,934533.578743878,483044.02146760974,419262.14638962963
2019-06-07,1550471.9976002274,1444079.809815193,387819.77832938056,782562.4489946226,464752.0343099323,943349.8532915878,490915.6682119876,423670.2836634845
2019-06-10,1559668.5900149178,1451194.582699645,393352.56458284025,793628.021501542,467731.4536258711,949308.6919234653,496448.4544654473,426649.7029794233
2019-06-11,1555209.0091637068,1443588.0613226437,384384.36510729895,775691.6225504593,466176.92516672524,946199.6350051736,487480.254989906,425095.1745202774
2019-06-12,1560250.5915266543,1446184.7191848068,386034.78325379215,778992.4588434458,467866.61655159236,949579.0177749079,489130.6731363992,426784.86590514454
2019-06-13,1556598.7630568547,1443452.7674137615,382631.84551133506,772186.5833585316,467046.07720577216,947937.9390832675,485727.7353939421,425964.3265593244
2019-06-14,1546284.7788356727,1435317.4245587506,375182.4781052989,757287.8485464592,462281.98461776646,938409.7539072561,478278.3679879059,421200.2339713187
2019-06-17,1535167.4942068863,1427056.5918621588,366586.8825377606,740096.6574113827,456261.1770008402,926368.1386734035,469682.77242036763,415179.4263543924
2019-06-18,1549400.237306701,1440272.6364272872,377177.42812058347,761277.7485770284,466835.82143413,947517.4275399832,480273.3180031905,425754.0707876822
2019-06-19,1555499.803423629,1441506.547458731,378083.3314354314,763089.5552067242,469134.1954680324,952114.1756077879,481179.2213180384,428052.4448215846
2019-06-20,1557409.4390049924,1443464.6055009598,379929.3581495322,766781.6086349259,470464.1863350112,954774.1573417456,483025.24803213926,429382.4356885634
2019-06-21,1540278.51600283,1428294.4631912212,364756.2927838149,736475.4779034912,457361.58020533813,928648.9450823994,467852.1826664219,416279.8295588903
2019-06-24,1538542.6257615811,1426558.5729499725,362042.4214199281,731047.7351757176,456211.2115100299,926348.207691783,465138.3113025351,415129.4608635821
2019-06-25,1536007.300523871,1424023.2477122624,360449.43947889225,727861.771293646,455293.43095510785,924512.6465819388,463545.3293614993,414211.68030866
2019-06-26,1534445.6400645457,1422461.587252937,359853.982468249,726670.8572723594,454890.8666456086,923707.5179629404,462949.872350856,413809.1159991608
2019-06-27,1545920.0313605464,1433935.9785489377,365304.98006090726,737572.852457676,458451.8161218723,930829.4169154677,468400.8699435143,417370.06547542446
2019-06-28,1548069.7977968655,1436085.7449852568,364804.4618804646,736571.8160967906,458601.94100652495,931129.666684773,467900.3517630716,417520.19036007713
2019-07-01,1554203.3953365127,1442219.342524904,366735.06814921985,740433.0286343012,460314.10366548604,934553.9920026952,469830.9580318269,419232.3530190382
2019-07-02,1562096.7898560672,1450112.7370444585,370316.3442254873,747595.5807868361,463007.53429644427,939940.8532646117,473412.23410809436,421925.78364999645
2019-07-03,1577678.7967934534,1465694.7439818447,380209.8723323932,767382.6370006478,469034.7156858247,951995.2160433725,483305.7622150002,427952.96503937687
2019-07-05,1581697.3170607283,1469713.2642491197,381272.48569696915,769507.8637297997,470696.29261925485,955318.3699102328,484368.3755795762,429614.541972807
2019-07-08,1587347.197027906,1475363.1442162974,382661.5172892875,772285.9269144365,473519.910021136,960965.6047139951,485757.40717189456,432438.15937468817
2019-07-09,1591243.506798287,1479259.4539866783,385788.0065111457,778538.9053581528,475310.52978475695,964546.844241237,488883.8963937527,434228.7791383091
2019-07-10,1597859.7866421805,1485875.7338305719,391401.11639619234,789765.1251282461,478252.0220122262,970429.8286961756,494497.0062787994,437170.2713657784
2019-07-11,1593170.945678546,1481186.8928669374,386699.3684290378,780361.629193937,476284.17246798385,966494.1296076908,489795.25831164484,435202.42182153603
2019-07-12,1603629.223349329,1491645.1705377204,394527.24269180844,796017.3777194783,481966.98000159493,977859.744674913,497623.1325744155,440885.2293551471
2019-07-15,1619376.8260461478,1507392.7732345392,407853.3598501113,822669.612036084,491623.5511462823,997172.8869642877,510949.24973271834,450541.80049983447
2019-07-16,1616101.068860571,1504117.0160489623,404241.30790837965,815445.5081526208,491913.19213866314,997752.1689490494,507337.1977909867,450831.4414922153
2019-07-17,1609097.9248892777,1497113.872077669,397131.7947681446,801226.4818721507,488277.8882672762,990481.5612062756,500227.68465075165,447196.13762082846
2019-07-18,1611781.1804139405,1499797.1276023318,399518.8662017889,806000.6247394392,491026.68727976125,995979.1592312456,502614.7560843959,449944.9366333134
2019-07-19,1600343.054996478,1488270.2294930809,387627.4499500837,782249.5677322124,483338.24949407094,980665.8346522321,490723.3398326907,442256.4988476231
2019-07-22,1605109.9819996264,1493037.1564962293,387986.557023783,782967.781879611,484167.8338510143,982325.0033661189,491082.44690639,443086.0832045665
2019-07-23,1604361.869345093,1492289.0438416959,387025.10610889667,781044.8800498383,483741.1792705524,981471.6942051951,490120.9959915037,442659.4286241046
2019-07-24,1601639.885023333,1489567.0595199359,390098.90167892404,787192.4711898931,485076.20630827226,984141.7482806348,493194.7915615311,443994.45566182444
2019-07-25,1600301.076811957,1488228.25130856,386868.24791384384,780731.1636597327,483395.85321851267,980781.0421011157,489964.1377964509,442314.10257206485
2019-07-26,1623227.0653575584,1511154.2398541614,402477.1446225964,811948.9570772378,490349.1422626114,994687.6201893131,505573.0345052034,449267.3916161636
2019-07-29,1619740.2982633992,1507667.4727600024,401620.7955182617,810236.2588685683,490586.0063647348,995161.3483935598,504716.6854008687,449504.25571828696
2019-07-30,1616841.1130343766,1504768.2875309798,398480.14079171483,803954.9494154747,489993.78796631144,993976.9115967131,501576.03067432187,448912.0373198636
2019-07-31,1585785.5553325415,1473712.7298291444,381799.37954710046,770593.4269262459,479653.08808237436,973295.5118288391,484895.2694297075,438571.33743592654
2019-08-01,1580644.5308979922,1468571.7053945954,380244.3124642672,767483.2927605794,478471.32498825324,970931.9856405967,483340.2023468742,437389.5743418054
2019-08-02,1577862.2052291033,1465789.3797257065,379755.1919525308,766505.0517371066,478118.7614060152,970226.8584761206,482851.08183513785,437037.0107595674
2019-08-05,1556511.5844030615,1444438.7588996645,371322.2760344687,749639.2199009825,473415.12485173927,960819.5853675688,474418.16591707576,432333.37420529145
2019-08-06,1573699.3352051927,1461626.5097017959,376732.4034289096,760459.4746898643,477007.2857081747,968003.9070804396,479828.29331151664,435925.53506172687
2019-08-07,1578401.3226767923,1464298.352967036,378148.3452362119,763291.3583044688,478187.91897915606,970365.1736224024,481244.23511881894,437106.16833270824
2019-08-08,1619088.1749794402,1475886.479467814,394554.17073594703,796103.0093039391,490680.336770129,995350.0092043482,497650.06061855407,449598.58612368116
2019-08-09,1627273.6756930428,1482410.9499033266,397258.0258969053,801510.7196258556,493291.2603445861,1000571.8563532624,500353.9157795123,452209.5096981383
2019-08-12,1609870.9458161846,1475835.6479711046,384434.1700784896,775863.0079890242,485477.30683889793,984943.9493418861,487530.0599610966,444395.5561924501
2019-08-13,1616358.0204596394,1484291.3458772204,388436.5398423597,783867.7475167644,487489.1363956828,988967.608455456,491532.42972496676,446407.385749235
2019-08-14,1586250.4816363486,1465687.9653792456,375536.42428714567,758067.5164063363,479555.03115244454,973099.3979689793,478632.3141697527,438473.2805059967
2019-08-15,1596356.2453934061,1479300.3407896583,380745.4932058638,768485.6542437726,484170.6828972141,982330.7014585185,483841.38308847084,443088.93225076626
2019-08-16,1611386.2791821463,1484864.7804161175,383697.7346241151,774424.3425211424,485889.5784552492,985836.9034563232,486793.62450672215,444807.8278088014
2019-08-19,1617882.8867153393,1491361.3879493105,385050.3213076053,777129.5158881228,487293.2508468508,988644.2482395264,488146.21119021234,446211.500200403
2019-08-20,1610695.1619526716,1484173.6631866428,381163.5369168026,769355.9471065175,484940.0738533779,983937.8942525806,484259.4267994096,443858.3232069301
2019-08-21,1631729.1233000057,1505207.624533977,392538.6806479508,792106.2345688139,491601.41798437503,997260.5825145749,495634.57053055783,450519.6673379272
2019-08-22,1639742.2696272011,1513220.7708611724,396837.61518182966,800704.1036365717,494166.994313188,1002391.7351722008,499933.5050644367,453085.2436667402
2019-08-23,1602136.0065177307,1475614.5077517019,377913.31689947407,762855.5070718605,482333.2063678642,978724.1592815532,481009.2067820811,441251.4557214164
2019-08-26,1622027.3479694016,1495505.8492033728,385844.9608577283,778718.794988369,487735.6198287424,989528.9862033096,488940.85074033536,446653.8691822946
2019-08-27,1620469.4913563377,1493947.992590309,386840.4050827073,780709.6834383269,486836.1151968516,987729.976939528,489936.29496531433,445754.3645504038
2019-08-28,1628822.7457156512,1502301.2469496224,390060.17381438817,787149.2209016887,489563.6743125893,993185.0951710034,493156.0636969952,448481.92366614146
2019-08-29,1638495.7829231254,1511974.2841570966,391316.8043984258,789662.4820697638,492747.78559258644,999553.3177309977,494412.69428103283,451666.0349461386
2019-08-30,1575576.20162524,1449054.7028592112,378191.9201467669,763412.7135664461,482312.55877164577,978682.8640891163,481287.8100293739,441230.80812519795
2019-09-03,1573755.8915888297,1447234.392822801,376306.4722108226,759641.8176945576,480906.16528447554,975870.0771147759,479402.36209342966,439824.4146380277
2019-09-04,1571925.426197269,1450776.1034322728,379016.1554783847,765061.1842296816,481577.79410069296,977213.3347472107,482112.04536099173,440496.04345424514
2019-09-05,1587168.261233205,1461081.5026782718,384450.87146410666,775930.6162011257,485102.61515873636,984262.9768632975,487546.7613467137,444020.86451228854
2019-09-06,1581573.1115417778,1457728.380514737,384317.5304020594,775663.934077031,482592.5345839524,979242.8157137296,487413.4202846664,441510.7839375046
2019-09-09,1541868.390479896,1422333.8184242016,355447.0089160113,717922.891104935,468320.5024173344,950698.7513804936,458542.89879861835,427238.7517708866
2019-09-10,1512801.850779975,1390000.5057361897,347632.04365,702292.9605729124,461104.94252224424,936267.6315903133,450727.93353260704,420023.1918757964
2019-09-11,1507852.1039586791,1387081.628265486,346292.3149648187,699613.5032025498,459842.14987531153,933742.0462964479,449388.20484742575,418760.3992288637
2019-09-12,1515728.697846079,1394167.9187358452,346987.96115034417,701004.7955736006,460532.2387433182,935122.2240324612,450083.8510329512,419450.48809687037
2019-09-13,1506098.3385645535,1392212.9339694397,347051.72390350647,701132.3210799252,460594.98006631783,935247.7066784605,450147.6137861135,419513.22941987
2019-09-16,1506689.6829449418,1391462.716859827,345898.07862964435,698825.030532201,459491.8858497929,933041.5182454106,448993.9685122514,418410.1352033451
2019-09-17,1524802.7963167122,1399918.8279018896,345898.11307886674,698825.0994306457,459495.63223258517,933049.0110109951,448994.0029614738,418413.88158613734
2019-09-18,1520880.3840131012,1397967.2953145902,344425.6400713984,695880.153415709,458024.3617395044,930106.4700248337,447521.52995400544,416942.6110930566
2019-09-19,1518550.3479173752,1395866.539295702,343752.3887906798,694533.650854272,457351.1154245839,928759.9773949926,446848.27867328684,416269.3647781361
2019-09-20,1507382.4020321576,1388014.20456567,343166.05959507293,693400.9303977113,456470.7138351255,927079.050085382,446261.94947767997,415388.9631886777
2019-09-23,1507784.9512373395,1388416.753770852,341940.6211372906,690950.0534821467,456125.21871696314,926388.0598490572,445036.51101989765,415043.4680705153
2019-09-24,1504059.129023131,1384690.9315566435,339620.31163141027,686309.4344703859,454783.8911182923,923705.4046517155,442716.2015140173,413702.14047184447
2019-09-25,1492421.0070363511,1373052.8095698636,334571.1873927319,676211.1859930292,451440.6271426791,917018.8767004892,437667.07727533893,410358.8764962313
2019-09-26,1491062.5124775853,1371694.3150110978,333487.0720297462,674042.9552670579,450796.7095614344,915731.0415379998,436582.96191235323,409714.9589149866
2019-09-27,1476108.8339780753,1356740.6365115878,329039.74736762984,665148.305942825,447565.83292607736,909269.2882672857,432135.6372502369,406484.08227962954
2019-09-30,1487992.1764171186,1368623.978950631,331529.85828128847,670128.5277701423,449634.5918858587,913406.8061868483,434625.7481638955,408552.84123941086
2019-10-01,1476191.6734697428,1356823.4760032552,327863.37617562764,662795.5635588208,446873.2455260415,907884.1134672139,430959.2660582347,405791.49487959367
2019-10-02,1458784.3816453489,1339416.1841788613,323404.4980096961,653877.8072269575,443337.67871970823,900812.9798545474,426500.3878923031,402255.92807326035
2019-10-03,1476789.4185200678,1357421.2210535803,328231.2837845629,663531.3787766912,447268.6459510023,908674.9143171356,431327.17366716993,406186.8953045545
2019-10-04,1489694.8137213392,1370326.6162548517,333637.20573337784,674343.222674321,451330.15614093223,916797.9346969954,436733.0956159849,410248.40549448435
2019-10-07,1487762.877386135,1368394.6799196475,331763.0813316405,670594.9738708463,450268.75601353147,914675.1344421939,434858.9712142475,409187.00536708365
2019-10-08,1481815.2014357017,1362447.0039692142,328940.6290922243,664950.069392014,448217.13496015355,910571.892335438,432036.5189748313,407135.3843137057
2019-10-09,1495518.3950124215,1376150.197545934,333817.2446030399,674703.3004136452,452210.74067122757,918559.1037575861,436913.1344856469,411128.99002477975
2019-10-10,1501166.9989749328,1381798.8015084453,335111.7332778804,677292.2777633262,453243.00335001794,920623.6291151668,438207.62316048745,412161.2527035701
2019-10-11,1493894.194196153,1374525.9967296654,328870.9931100342,664810.7974276338,448761.68297237204,911660.988359875,431966.88299264124,407679.9323259242
2019-10-14,1494288.6763872593,1374920.4789207717,327069.1449301765,661207.1010679184,447513.64456315426,909164.9115414395,430165.03481278353,406431.89391670644
2019-10-15,1488382.4267013299,1369014.2292348424,324452.1041905125,655973.0195885904,445065.67037683405,904268.9631687991,427547.99407311954,403983.91973038623
2019-10-16,1476819.8262024452,1357451.6287359577,319584.7157029144,646238.2426133942,440311.0092754257,894759.6409659823,422680.60558552144,399229.25862897787
2019-10-17,1489859.2653063796,1370491.067839892,323117.7196582378,653304.2505240411,443843.5902781815,901824.8029714939,426213.60954084486,402761.83963173366
2019-10-18,1497332.4301535555,1377964.232687068,324490.3688782482,656089.84687384,444818.0436075926,903854.3054498722,427586.25876085524,403736.29296114476
2019-10-21,1510339.654485777,1390971.4570192895,329262.6960339808,665634.5011853052,448314.64140281884,910847.5010403247,432358.58591658785,407232.890756371
2019-10-22,1484457.9800558572,1365089.7825893697,316590.5542953447,640290.2177080328,440343.5240665435,894905.266367774,419686.4441779517,399261.7734200957
2019-10-23,1474072.5401975762,1354704.3427310886,311899.96591746603,630909.0409522756,437262.44416366704,888743.1065620212,414995.85580007307,396180.6935172192
2019-10-24,1496935.852041839,1377567.6545753514,322349.5784087467,651808.2659348369,444016.84278258064,902251.9037998484,425445.4682913537,402935.0921361328
2019-10-25,1490951.3419238296,1371583.144457342,319804.5959333908,646718.3009841251,442239.0256084589,898696.2694516048,422900.4858159978,401157.2749620111
2019-10-28,1499517.6942015477,1380149.4967350601,323835.5776690843,654780.264455512,444587.38787247805,903392.9939796432,426931.46755169134,403505.63722603023
2019-10-29,1488037.0273497093,1368668.8298832218,317355.8533546861,641820.8158267157,441246.1938940202,896710.6060227274,420451.74323729315,400164.4432475724
2019-10-30,1504103.1763482166,1384734.978881729,324587.4105059041,656283.9301291518,446185.67152634024,906589.5612873676,427683.30038851115,405103.9208798924
2019-10-31,1499307.8525641742,1379939.6550976867,320479.7116636784,648068.5324447002,444082.8410162212,902383.9002671295,423575.60154628544,403001.0903697734
2019-11-01,1499898.707166644,1380530.5097001565,321875.0379905669,650859.1850984774,444775.35359073855,903768.9254161641,424970.92787317396,403693.60294429073
2019-11-04,1493204.9025564697,1373836.7050899821,319249.9605391866,645609.0301957168,443302.315953548,900822.850141783,422345.85042179364,402220.5653071002
2019-11-05,1476187.0084359106,1356818.810969423,312647.42509054864,632403.9592984408,438742.6259582178,891703.4701511227,415743.3149731557,397660.87531176995
2019-11-06,1482084.9458359727,1362716.7483694851,313411.73359361483,633932.5763045732,439629.51077702246,893477.2397887319,416507.62347622187,398547.76013057464
2019-11-07,1475998.9196966134,1356630.722230126,311705.37675888103,630519.8626351056,438718.82185949845,891655.861953684,414801.26664148807,397637.0712130506
2019-11-08,1478197.990538377,1358829.7930718896,313563.5516858474,634236.2124890382,439815.4280042297,893849.0742431465,416659.44156845444,398733.67735778185
2019-11-11,1489610.2647396899,1370242.0672732024,315841.0929386299,638791.2949946034,443289.5399034445,900797.298041576,418936.98282123695,402207.7892569967
2019-11-12,1494983.7925361241,1375615.5950696366,318064.25371841487,643237.6165541733,445976.9947941193,906172.2078229258,421160.1436010219,404895.2441476715
2019-11-13,1504153.3826027708,1384785.1851362833,323494.90308330744,654098.9152839584,450458.14567432844,915134.509583344,426590.7929659145,409376.3950278806
2019-11-14,1509096.6767372985,1389728.479270811,325872.5778060685,658854.2647294806,453213.05166906916,920644.3215728254,428968.46768867556,412131.30102262134
2019-11-15,1516513.7964849526,1397145.599018465,329467.83999623416,666086.0979976148,455306.7200188654,924914.2760480237,432563.7298788412,414224.9693724176
2019-11-18,1520573.3403582952,1401205.1428918077,330586.89254518773,668324.2030955218,456239.38001203764,926779.5960343682,433682.78242779477,415157.6293655898
2019-11-19,1521032.4658099676,1401664.26834348,331455.38502926205,670061.1880636704,456461.12302420026,927223.0820586935,434551.2749118691,415379.37237775244
2019-11-20,1520127.560634144,1400759.3631676566,332002.7974692102,671156.0129435669,456371.77846125636,927044.3929328056,435098.68735181727,415290.02781480853
2019-11-21,1489883.83077234,1370515.6333058525,320912.371932273,648975.1618696924,449460.6773294121,913222.190669117,424008.26181488,408378.92668296426
2019-11-22,1480168.191420133,1360799.9939536455,317995.201562118,643140.8211293824,447541.382252445,909383.6005151828,421091.09144472505,406459.63160599716
2019-11-25,1501659.232298158,1382291.0348316706,324109.1650735456,655368.7481522375,451760.24700994283,917821.3300301787,427205.0549561526,410678.496363495
2019-11-26,1509880.3638970505,1390512.166430563,331741.78503414494,670633.9880734362,454793.24935586884,923887.3347220306,434837.674916752,413711.498709421
2019-11-27,1521665.660536694,1402297.4630702066,335846.0204962472,678842.4589976409,457462.82901226426,929226.4940348215,438941.91037885426,416381.07836581644
2019-11-29,1512783.519328028,1393415.3218615404,331514.17548604874,670178.7689772438,455231.4346998397,924763.7054099723,434610.0653686558,414149.68405339186
2019-12-02,1497452.3970706256,1378084.199604138,325396.00987509865,657942.4377553436,451499.77774968377,917300.3915096604,428491.8997577057,410418.02710323595
2019-12-03,1485369.455702285,1366001.2582357975,323788.1562132099,654726.7304315661,450284.3162737662,914869.4685578253,426884.04609581694,409202.5656273184
2019-12-04,1492490.624425755,1373122.4269592676,321480.2639078513,650110.9458208489,449657.36604806205,913615.568106417,424576.15379045834,408575.6154016142
2019-12-05,1486891.9334747447,1367523.7360082571,318970.330243264,645091.0784916743,446742.46806490386,907785.7721401007,422066.220125871,405660.71741845604
2019-12-06,1494421.2780528972,1375053.0805864097,319421.5076891914,645993.4333835292,446944.48242585413,908189.8008620011,422517.3975717984,405862.7317794063
2019-12-09,1484695.4107077038,1365327.2132412163,317488.2456774133,642126.9093599729,444665.88239548623,903632.6008012653,420584.13556002034,403584.1317490384
2019-12-10,1486751.3129294147,1367383.1154629271,315174.29437799,637499.0067611263,444385.64324033295,903072.1224909589,418270.18426059705,403303.8925938852
2019-12-11,1504540.237653902,1385172.0401874145,318458.62195536616,644067.6619158786,446722.1874609279,907745.2109321486,421554.5118379732,405640.43681448005
2019-12-12,1516533.4620234317,1397165.2645569441,318605.6704471487,644361.7588994437,449128.23497996357,912557.3059702201,421701.5603297557,408046.48433351575
2019-12-13,1518691.0018686224,1399322.8044021348,318773.7568105117,644697.9316261697,448806.5035233636,911913.8430570202,421869.64669311873,407724.7528769158
2019-12-16,1518800.6647622979,1399432.4672958103,318043.3985315407,643237.2150682277,447012.23883960844,908325.3136895099,421139.28841414774,405930.4881931606
2019-12-17,1527256.3011170193,1407888.1036505317,323057.0169229447,653264.4518510358,449771.16728333145,913843.1705769559,426152.9068055517,408689.41663688363
2019-12-18,1521364.726067803,1401996.5286013156,319170.7120910056,645491.8421871575,447321.73475211434,908944.3055145217,422266.6019736126,406239.9841056665
2019-12-19,1531084.0679043683,1411715.8704378807,324048.35501631116,655247.1280377686,450370.17123650503,915041.178483303,427144.2448989182,409288.4205900572
2019-12-20,1533806.3438221244,1414438.1463556369,326248.04926998395,659696.5165451143,452072.92685175734,918546.6897138077,429343.939152591,410991.1762053095
2019-12-23,1536090.1482473721,1416721.9507808846,326090.5479811152,659381.5139673768,452349.4587415376,919099.7534933682,429186.4378637222,411267.70809508977
2019-12-24,1542561.989096743,1423193.7916302555,329521.7605281212,666243.9390613888,454367.055229305,923134.946468903,432617.65041072824,413285.3045828572
2019-12-26,1545102.3251993854,1425734.1277328979,329669.4210168511,666539.2600388486,454882.2499985055,924165.336007304,432765.3108994581,413800.4993520577
2019-12-27,1541569.4949648483,1422201.2974983607,326903.05480495485,661006.5276150561,453477.9754853743,921356.7869810415,429998.9446875619,412396.22483892646
2019-12-30,1536272.3838099067,1416904.1863434191,321904.7626597291,651009.9433246047,450885.3905255668,916171.6170614266,425000.65254233615,409803.639879119
2019-12-31,1536278.3458524598,1416910.1483859723,321519.73648818646,650239.8909815194,450705.47379582375,915811.7836019405,424615.6263707935,409623.72314937593
2020-01-02,1556615.577698255,1437247.3802317674,335642.62809910387,678485.6742033542,458394.2783555524,931189.3927213978,438738.5179817109,417312.5277091046
2020-01-03,1543649.2926338008,1424281.0951673132,327937.43977393734,663075.2975530211,453731.3749768779,921863.5859640487,431033.3296565444,412649.62433043006
2020-01-06,1529665.4909656548,1410297.2934991673,320747.3490825462,648695.1161702388,448905.58388019813,912212.0037706892,423843.2389651532,407823.8332337503
2020-01-07,1535948.907439609,1416580.7099731215,321877.0735850441,650954.5651752347,450453.0174201179,915306.8708505288,424972.96346765116,409371.2667736701
2020-01-08,1536086.5125556309,1416718.3150891433,320748.27647638164,648696.9709579097,450407.0512774075,915214.938565108,423844.1663589887,409325.3006309597
2020-01-09,1542315.8433956152,1422947.6459291277,324647.340848829,656495.0997028045,452167.1531013393,918735.1422129716,427743.23073143605,411085.4024548915
2020-01-10,1535657.1382154357,1416288.9407489481,318960.96772420366,645122.3534535537,448933.7054487103,912268.2469077136,422056.8576068107,407851.9548022625
2020-01-13,1543394.2599585704,1424026.0624920828,321270.29410657915,649741.0062183049,451056.53604437,916513.9080990329,424366.1839891862,409974.78539792215
2020-01-14,1546714.6185530967,1427346.4210866091,319677.06877802097,646554.5555611884,451201.16228026344,916803.1605708199,422772.958660628,410119.4116338156
2020-01-15,1534008.4927563276,1414640.29528984,319339.4047870874,645879.2275793212,450660.4492275403,915721.7344653736,422435.29466969444,409578.69858109247
2020-01-16,1550041.9969593068,1430673.7994928192,331039.398255778,669279.2145167025,458789.0361608811,931978.9083320552,434135.28813838505,417707.2855144333
2020-01-17,1555137.8409087854,1435769.6434422978,333500.7725752293,674251.963155605,455709.65728043177,925920.1505711565,436596.6624578363,414627.90663398395
2020-01-21,1551440.3459857835,1432072.148519296,329372.6067924011,665995.6315899487,453846.2593704709,922193.3547512348,432468.49667500815,412764.50872402306
2020-01-22,1558442.3459966315,1439074.148530144,332344.4179287499,671939.2538626463,455883.4081221736,926267.6522546402,435440.30781135696,414801.6574757258
2020-01-23,1569835.599141131,1450467.4016746434,337460.4207971027,682171.2595993518,459297.5798584995,933095.995727292,440556.3106797097,418215.8292120517
2020-01-24,1545861.2287943114,1426493.0313278239,324508.61717151664,656267.6523481797,451244.5826829204,916990.0013761338,427604.5070541237,410162.83203647257
2020-01-27,1519683.425677748,1400315.2282112604,311894.35541729466,631039.1288397358,442649.1220517687,899799.0801138304,414990.2452999017,401567.3714053209
2020-01-28,1541747.9613226156,1422379.763856128,319489.4200202599,646229.2580456663,448483.2178395166,911467.2716893262,422585.30990286695,407401.46719306876
2020-01-29,1519197.351713385,1399829.1542468974,310300.7975299517,627852.0130650499,441652.2989206365,897805.4338515659,413396.68741255876,400570.54827418865
2020-01-30,1533118.13134773,1413749.9338812425,314904.042553885,637058.5031129165,445265.0853331378,905031.0066765685,417999.93243649206,404183.33468668995
2020-01-31,1492761.982048507,1373393.7845820196,302199.90402268985,611650.2260505261,435167.9523021907,884836.7406146744,405295.7939052969,394086.2016557429
2020-02-03,1514089.997699377,1394721.8002328894,306044.4637325339,619339.3454702143,438555.31711685896,891611.4702440109,409140.35361514095,397473.56647041114
2020-02-04,1542485.1189380514,1423116.9214715639,317870.0956217477,642990.6092486419,447570.2065412594,909641.2490928118,420965.98550435476,406488.4558948116
2020-02-05,1545623.4013988914,1426255.2039324038,317394.93094979814,642040.2799047427,447485.1646358328,909471.1652819586,420490.8208324052,406403.413989385
2020-02-06,1539363.6308032267,1419995.4333367392,313847.7678992343,634945.9538036151,444887.47945071355,904275.7949117201,416943.65778184135,403805.72880426573
2020-02-07,1521021.7171159901,1401653.5196495026,307518.99835409183,622288.4147133301,439981.2842795064,894463.4045693058,410614.88823669887,398899.5336330586
2020-02-10,1540800.2384152967,1421432.0409488091,313093.1290970251,633436.6761991966,445125.62648694916,904752.0889841913,416189.0189796321,404043.87584050134
2020-02-11,1560401.8232437999,1441033.6257773123,320225.92427943705,647702.2665640205,451176.2667378454,916853.3694859837,423321.8141620441,410094.51609139756
2020-02-12,1577747.841904207,1458379.6444377194,328006.15226055856,663262.7225262636,457373.64094877866,929248.1179078503,431102.0421431656,416291.89030233084
2020-02-13,1583686.2873906454,1464318.0899241578,333490.9281512747,674232.2743076958,460962.376225947,936425.588462187,436586.8180338817,419880.6255794992
2020-02-14,1574225.3583583732,1454857.1608918856,330404.28300358215,668058.9840123107,458965.76467954385,932432.3653693807,433500.1728861892,417884.014033096
2020-02-18,1561812.650450941,1442444.4529844534,324925.5991078477,657101.6162208419,457662.5417668162,929825.9195439254,428021.48899045476,416580.7911203684
2020-02-19,1580431.6166819602,1461063.4192154726,337334.6894884662,681919.7969820788,467998.46151970624,950497.7590497055,440430.5793710732,426916.7108732584
2020-02-20,1561943.8406338925,1442575.643167405,328283.9738071501,663818.3656194466,462070.513020001,938641.862050295,431379.8636897571,420988.7623735532
2020-02-21,1523110.2414576535,1403306.0525536118,302125.2879626091,611550.9939303646,435813.82933993184,886228.4946901567,405221.1778452161,394732.078693484
2020-02-24,1473945.7621127043,1354141.5732086627,280610.44908163813,568521.3161684227,421940.588596069,858482.013202431,383706.33896424517,380858.8379496212
2020-02-25,1441306.8061735495,1321502.6172695078,272530.0359599522,552360.4899250509,415758.8314010973,846118.4988124876,375625.92584255926,374677.0807546495
2020-02-26,1444186.6622408526,1324382.473336811,272614.64644391806,552529.7108929825,415867.4470148868,846335.7300400666,375710.5363265251,374785.696368439
2020-02-27,1395555.7226886924,1275751.5337846505,266991.4870113816,541283.3920279096,411115.1159702155,836831.067950724,370087.37689398864,370033.3653237677
2020-02-28,1411044.0986141213,1291239.9097100797,268368.1558090631,544036.7296232727,412319.00186066685,839238.8397316267,371464.04569167015,371237.251214219
2020-03-02,1448926.0360602434,1321689.4162718162,271374.10463141627,550048.627267979,415030.6830345687,844662.2020794303,374469.9945140233,373948.93238812085
2020-03-03,1423849.7601142842,1299278.3021154199,267919.49973028834,543139.4174657231,412021.61202184623,838644.0600539854,371015.3896128954,370939.8613753984
2020-03-04,1470090.099961212,1332906.0267696567,274836.0713079727,556972.5606210919,418087.3198130171,850775.4756363272,377931.96119057975,377005.5691665693
2020-03-05,1438442.171247269,1308765.6057352265,269183.94796145434,545668.3139280551,413197.6807861035,840996.1975824998,372279.8378440614,372115.9301396556
2020-03-06,1423849.0348350052,1292370.6691982117,268067.7842997128,543435.986604572,412196.3157840845,838993.467578462,371163.67418231984,371114.5651376367
2020-03-09,1352174.1278395762,1240665.731484732,264779.09817706345,536858.6143592733,409109.4475967666,832819.7312038261,367874.9880596705,368027.69695031876
2020-03-10,1405998.3725131017,1279997.380554673,265354.71828791674,538009.8545809799,409676.8463757913,833954.5287618756,368450.6081705238,368595.0957293435
2020-03-11,1377120.8631422552,1273666.1329557127,264914.78577174066,537129.9895486278,409244.0966500115,833089.029310316,368010.6756543477,368162.34600356367
2020-03-12,1278098.0723725238,1256288.7079939526,264692.2311161578,536684.880237462,409023.37162509747,832647.5792604879,367788.1209987648,367941.62097864965
2020-03-13,1361399.843798671,1275288.9276619367,264714.08419399627,536728.586393139,409045.1988544996,832691.2337192922,367809.9740766033,367963.4482080518
2020-03-16,1247107.8364523333,1275288.9276619367,264692.0788021851,536684.5756095166,409023.2193657369,832647.2747417667,367787.9686847921,367941.46871928906
2020-03-17,1292121.4719924445,1275288.9276619367,264692.07929541107,536684.5765959686,409023.21985896287,832647.2757282187,367787.9691780181,367941.46921251505
2020-03-18,1232929.7824573163,1275288.9276619367,264692.07878966955,536684.5755844855,409023.21935322136,832647.2747167357,367787.9686722766,367941.46870677354
2020-03-19,1249603.7360732805,1275288.9276619367,264692.07878966955,536684.5755844855,409023.21935322136,832647.2747167357,367787.9686722766,367941.46870677354
2020-03-20,1203631.3156885004,1275288.9276619367,263252.0717447941,533854.5614947346,406705.88404572447,828112.6041017419,367787.9686722766,367941.46870677354
2020-03-23,1206270.204981385,1275288.9276619367,261551.92883034833,530454.275665843,406673.8333298266,828048.5026699462,367787.9686722766,367941.46870677354
2020-03-24,1360008.0382381447,1275288.9276619367,353005.8828836509,713362.1837724482,457291.82779893733,929284.4916081676,367787.9686722766,367941.46870677354
2020-03-25,1399009.851038909,1275288.9276619367,379001.1621134941,765352.7422321346,471226.3610414648,957153.5580932226,367787.9686722766,367941.46870677354
2020-03-26,1493933.7090009835,1275288.9276619367,455256.25082368974,917862.919652526,502347.32451251574,1019395.4850353245,367787.9686722766,367941.46870677354
2020-03-27,1451209.2597646804,1275288.9276619367,417252.25830870576,841854.934622558,490155.86416989774,995012.5643500884,367787.9686722766,367941.46870677354
2020-03-30,1486478.5643948223,1275288.9276619367,443954.02795927494,895258.4739236962,503693.9917930032,1022088.8195962994,367787.9686722766,367941.46870677354
2020-03-31,1426495.9842549816,1275288.9276619367,392335.82244532893,792022.0628958043,483982.13251524186,982665.1010407767,367787.9686722766,367941.46870677354
2020-04-01,1362920.7404052909,1275288.9276619367,341055.6674109871,689461.7528271206,460293.30141852214,935287.4388473373,367787.9686722766,367941.46870677354
2020-04-02,1371734.4016643595,1275288.9276619367,349958.1799020473,707266.7778092411,463618.43542861467,941937.7068675223,367787.9686722766,367941.46870677354
2020-04-03,1353812.664564387,1275288.9276619367,338874.322625035,685099.0632552165,456393.45283392334,927487.7416781397,367787.9686722766,367941.46870677354
2020-04-06,1470230.8701947888,1275288.9276619367,422503.586492894,852357.5909909343,505058.7335077142,1024818.3030257213,367787.9686722766,367941.46870677354
2020-04-07,1475347.6400099124,1275288.9276619367,422176.75626999617,851703.9305451387,510964.6812804934,1036630.1985712798,367787.9686722766,367941.46870677354
2020-04-08,1528445.9039581837,1275288.9276619367,468271.43411003356,943893.2862252137,535299.86448395,1085300.5649781928,367787.9686722766,367941.46870677354
2020-04-09,1533807.469872112,1275288.9276619367,472157.13764271094,951664.6932905682,540862.7501760707,1096426.3363624343,367787.9686722766,367941.46870677354
2020-04-13,1517766.5218155968,1275288.9276619367,453141.6330918872,913633.684188921,550270.421875666,1115241.679761625,367787.9686722766,367941.46870677354
2020-04-14,1582478.674813915,1275288.9276619367,517084.79757061077,1041520.0131463679,574633.719758257,1163968.2755268072,367787.9686722766,367941.46870677354
2020-04-15,1540174.390792467,1275288.9276619367,474920.6861786679,957191.7903624822,561714.3751626777,1138129.5863356483,367787.9686722766,367941.46870677354
2020-04-16,1564873.7935688114,1275288.9276619367,499322.68426424265,1005995.7865336319,570621.1833142515,1155943.202638796,367787.9686722766,367941.46870677354
2020-04-17,1608502.8148365244,1275288.9276619367,542680.7936093493,1092752.0052238451,585733.2225174827,1186247.2810452583,367787.9686722766,367941.46870677354
2020-04-20,1597935.8955669543,1275288.9276619367,535026.1827655277,1077442.783536202,581737.8831991311,1178256.602408555,367787.9686722766,367941.46870677354
2020-04-21,1552715.8557425272,1275288.9276619367,515687.98301342863,1038766.3840320038,568787.52596899,1152355.887948273,367787.9686722766,367941.46870677354
2020-04-22,1574633.0310601776,1275288.9276619367,523262.259042342,1053914.9360898307,574284.3700582961,1163349.5761268851,367787.9686722766,367941.46870677354
2020-04-23,1572925.3334186855,1275288.9276619367,521755.2857298649,1050900.9894648765,573385.47851024,1161551.7930307728,367787.9686722766,367941.46870677354
2020-04-24,1577333.719048784,1275288.9276619367,522522.0548193897,1052434.527643926,574151.6694129308,1163084.1748361546,367787.9686722766,367941.46870677354
2020-04-27,1582182.2980011287,1275288.9276619367,522214.4510615069,1051819.3201281603,574531.9611996076,1163844.758409508,367787.9686722766,367941.46870677354
2020-04-28,1572088.593977302,1275288.9276619367,516300.52025002445,1039991.4585051954,570322.6903916753,1155426.2167936435,367787.9686722766,367941.46870677354
2020-04-29,1563652.3384481133,1275288.9276619367,514901.14313492173,1037192.70427499,568808.9849622974,1152398.8059348876,367787.9686722766,367941.46870677354
2020-04-30,1549284.036469678,1275288.9276619367,508086.7057718077,1023563.829548762,563862.7296676801,1142506.295345653,367787.9686722766,367941.46870677354
2020-05-01,1534259.2574099854,1275288.9276619367,503311.8501463724,1014014.1182978913,560052.6405195855,1134886.1170494638,367787.9686722766,367941.46870677354
2020-05-04,1541712.6074681827,1275288.9276619367,500784.6075415007,1008959.633088148,558184.5305272527,1131149.8970647983,367787.9686722766,367941.46870677354
2020-05-05,1568288.652791822,1275288.9276619367,509088.96597345173,1025568.34995205,565543.0522302226,1145866.940470738,367787.9686722766,367941.46870677354
2020-05-06,1561130.1497268612,1275288.9276619367,510237.97172362014,1027866.3614523868,566246.1074399409,1147273.0508901747,367787.9686722766,367941.46870677354
2020-05-07,1558321.1417068583,1275288.9276619367,506199.97673871863,1019790.3714825838,563232.1351346385,1141245.10627957,367787.9686722766,367941.46870677354
2020-05-08,1569072.1999569512,1275288.9276619367,507932.3164800141,1023255.0509651748,564994.8751581871,1144770.586326667,367787.9686722766,367941.46870677354
2020-05-11,1589985.248275758,1275288.9276619367,511201.7231080489,1029793.8642212444,568775.8214756664,1152332.4789616256,367787.9686722766,367941.46870677354
2020-05-12,1568284.5817045928,1275288.9276619367,500142.83649505186,1007676.0909952503,558073.6217411517,1130928.0794925962,367787.9686722766,367941.46870677354
2020-05-13,1567659.1810703704,1275288.9276619367,499062.8898691252,1005516.197743397,557023.9086299323,1128828.6532701575,367787.9686722766,367941.46870677354
2020-05-14,1569704.458627702,1275288.9276619367,494105.3365057296,995601.0910166057,552071.789119678,1118924.4142496488,367787.9686722766,367941.46870677354
2020-05-15,1574496.671882404,1275288.9276619367,491428.0350840771,990286.4881733007,548809.1819093318,1112479.1998289567,367787.9686722766,367941.46870677354
2020-05-18,1569941.3446066421,1275288.9276619367,487077.58722727204,981585.5924596906,546768.5892559793,1108398.0145222517,367787.9686722766,367941.46870677354
2020-05-19,1572133.9839332018,1275288.9276619367,487624.3289962437,982679.075997634,547269.2325022081,1109399.3010147093,367787.9686722766,367941.46870677354
2020-05-20,1578996.4823639372,1275288.9276619367,490859.1638665242,989148.7457381949,549346.7518112794,1113554.339632852,367787.9686722766,367941.46870677354
2020-05-21,1555590.692414753,1275288.9276619367,478738.15771279763,964906.7334307418,541869.6670612585,1098600.17013281,367787.9686722766,367941.46870677354
2020-05-22,1568067.292959186,1275288.9276619367,484445.0610674793,976320.5401401052,545647.2904989574,1106155.4170082079,367787.9686722766,367941.46870677354
2020-05-26,1522385.7065093338,1275288.9276619367,463738.32584412786,934907.0696934023,531953.7569008219,1078768.349811937,367787.9686722766,367941.46870677354
2020-05-27,1503751.1526068025,1275288.9276619367,457512.70099465485,922455.8199944563,527387.1421952568,1069635.1204008067,367787.9686722766,367941.46870677354
2020-05-28,1512044.154587899,1275288.9276619367,459481.5480708367,926393.51414682,529062.0263959215,1072984.888802136,367787.9686722766,367941.46870677354
2020-05-29,1547949.5322246323,1275288.9276619367,475388.85568774794,958208.1293806424,540280.0524982639,1095420.9410068209,367787.9686722766,367941.46870677354
2020-06-01,1547201.5875735828,1275288.9276619367,468655.0553074306,944740.5286200078,536682.6872954177,1088226.2106011284,367787.9686722766,367941.46870677354
2020-06-02,1546262.807971392,1275288.9276619367,471535.7864545488,950501.9909142442,538359.3880716732,1091579.6121536396,367787.9686722766,367941.46870677354
2020-06-03,1526077.4148957103,1275288.9276619367,464241.30374744354,935913.0255000336,533342.2973974813,1081545.4308052557,367787.9686722766,367941.46870677354
2020-06-04,1513327.3563894902,1275288.9276619367,461140.8079829523,929712.0339710511,531146.1238634873,1077153.0837372676,367787.9686722766,367941.46870677354
2020-06-05,1524175.8755137222,1275288.9276619367,463265.8987135486,933962.2154322438,533146.9754416645,1081154.786893622,367787.9686722766,367941.46870677354
2020-06-08,1527712.2214764126,1275288.9276619367,460309.18177341507,928048.7815519767,531427.9431226469,1077716.7222555869,367787.9686722766,367941.46870677354
2020-06-09,1558099.099844814,1275288.9276619367,470960.19034720026,949350.7986995471,540755.0068117892,1096370.8496338716,367787.9686722766,367941.46870677354
2020-06-10,1575689.3480132085,1275288.9276619367,478046.8687288661,963524.1554628788,546776.3729909343,1108413.5819921617,367787.9686722766,367941.46870677354
2020-06-11,1522906.2347933464,1275288.9276619367,454686.54243342037,916803.5028719873,527330.8848949408,1069522.6058001746,367787.9686722766,367941.46870677354
2020-06-12,1527749.9704361707,1275288.9276619367,454810.64563077124,917051.709266689,527697.1880200205,1070255.212050334,367787.9686722766,367941.46870677354
2020-06-15,1556341.632436279,1275288.9276619367,458277.74178846274,923985.901582072,531573.6219835603,1078008.0799774136,367787.9686722766,367941.46870677354
2020-06-16,1548442.2553342115,1275288.9276619367,454365.56022585265,916161.5384568518,527999.9405879099,1070860.717186113,367787.9686722766,367941.46870677354
2020-06-17,1560038.2876110452,1275288.9276619367,459596.03378917876,926622.4855835041,533258.2358819048,1081377.3077741028,367787.9686722766,367941.46870677354
2020-06-18,1554982.2402158703,1275288.9276619367,454940.945304804,917312.3086147546,528718.649156189,1072298.1343226712,367787.9686722766,367941.46870677354
2020-06-19,1580324.871707064,1274788.9276619367,470060.33418656455,947591.0863782756,543046.6215886748,1101034.0791876428,366983.8509741815,366637.64430475235
2020-06-22,1590748.9211321983,1285212.9770870712,473672.2640143194,954814.9460337854,545765.8042514718,1106472.4445132366,370595.78080193634,369356.8269675492
2020-06-23,1578132.0882019156,1272596.1441567882,465558.04138525657,938586.5007756597,541268.6260755116,1097478.0881613162,362481.5581728735,364859.6487915891
2020-06-24,1550067.2385938913,1244531.294548764,452619.31171736796,912709.0414398825,532772.674796077,1080486.185602447,349542.8285049849,356363.69751215447
2020-06-25,1562546.9821272776,1257011.0380821503,457086.5890698379,921643.5961448223,535977.582200362,1086896.000411017,354010.1058574548,359568.6049164395
2020-06-26,1536676.6027010595,1231140.6586559324,446081.4846728825,899633.3873509115,528351.5337097411,1071643.9034297753,343005.0014604994,351942.5564258186
2020-06-29,1543977.0444461245,1238441.1004009973,445692.6205637279,898855.6591326024,528587.6213254429,1072116.078661179,342616.13735134486,352178.6440415203
2020-06-30,1572046.3737868674,1266510.42974174,455829.5188392946,919129.4556837358,536433.3038237387,1087807.4436577705,352753.03562691156,360024.32653981616
2020-07-01,1568451.807796882,1262915.8637517549,454214.927274424,915900.2725539946,535284.517728567,1085509.8714674271,351138.44406204094,358875.54044464446
2020-07-02,1575814.930865486,1270278.9868203586,455893.67603506596,919257.7700752785,536887.1255063973,1088715.0870230878,352817.1928226829,360478.14822247485
2020-07-06,1595694.6188027943,1290158.6747576671,461383.6300657471,930237.6781366407,542294.0403153329,1099528.916640959,358307.146853364,365885.06303141033
2020-07-07,1597660.304317445,1292124.3602723177,460912.16091445216,929294.7398340509,542333.5028677352,1099607.8417457636,357835.6777020691,365924.5255838127
2020-07-08,1623564.1670252478,1318028.2229801207,478034.1934419536,963538.8048890538,554702.4971608052,1124345.8303319034,374957.71022957057,378293.51987688255
2020-07-09,1651494.7478824419,1345958.8038373145,496969.2774454143,1001408.9728959751,567987.914452468,1150916.6649152292,393892.7942330312,391578.93716854556
2020-07-10,1633642.9345644086,1328106.9905192815,484445.58303762256,976361.5840803917,559785.7299990169,1134512.2960083268,381369.0998252395,383376.7527150943
2020-07-13,1575653.135193456,1270117.1911483288,444566.1185489642,896602.655103075,529349.9457324697,1073640.7274752324,341489.63533658115,352940.9684485472
2020-07-14,1602607.8875977118,1297071.9435525844,455342.89273241226,918156.2034699711,537903.1292208013,1090747.0944518957,352266.4095200292,361494.15193687874
2020-07-15,1595187.882388477,1289651.9383433496,451401.2943898754,910273.0067848973,536088.2759919517,1087117.3879941965,348324.81117749226,359679.2987080291
2020-07-16,1586288.6788424468,1280752.7347973194,444914.3430147706,897299.1040346877,530867.4068265385,1076675.64966337,341837.85980238754,354458.429542616
2020-07-17,1599515.8581613165,1293979.9141161891,446823.7484609889,901154.3723477923,532744.8291144683,1080503.4090805657,343747.26524860587,356335.85183054575
2020-07-20,1621897.4522549368,1316361.5082098094,456150.0151231976,919806.9056722097,539097.7210292787,1093209.1929101865,353073.5319108145,362688.7437453562
2020-07-21,1608744.68536977,1303208.7413246427,448265.9477162478,904038.7708583102,534638.3016814223,1084290.3542144734,345189.46450386476,358229.3243974997
2020-07-22,1611739.4475557273,1306203.5035106,449162.55757995305,905831.9905857205,535407.9689492559,1085829.6887501408,346086.07436757,358998.9916653334
2020-07-23,1596771.814614139,1291235.8705690117,442118.9334376783,891744.7423011712,530724.4372488963,1076462.6253494218,339042.45022529527,354315.45996497385
2020-07-24,1592233.5329615152,1286697.5889163879,439917.9788292029,887342.8330842203,529334.165143044,1073682.081137717,336841.4956168198,352925.18785912136
2020-07-27,1614409.9950642888,1308874.0510191615,447649.4227748459,902805.7209755064,535257.1984889377,1085528.1478295045,344572.93956246285,358848.22120501514
2020-07-28,1600409.8112773167,1294873.8672321893,439643.7799584945,886794.4353428035,530260.199658702,1075534.150169033,336567.2967461114,353851.22237477946
2020-07-29,1618071.5161134375,1312535.57206831,448261.08875183814,904029.0529294908,536031.0049256891,1087075.7607030072,345184.6055394551,359622.02764176653
2020-07-30,1624638.2404925348,1319102.2964474075,450610.8919823922,908728.6593905989,538099.7047001976,1091213.1602520242,347534.4087700091,361690.727416275
2020-07-31,1647643.8666001076,1342107.9225549803,464971.929335889,937450.7340975925,546846.5239266373,1108706.7987049033,361895.44612350594,370437.54664271465
2020-08-03,1676776.4888746452,1371240.5448295178,483078.760644325,973664.3967144645,557977.1128236556,1130967.9764989403,380002.27743194194,381568.13553973305
2020-08-04,1679317.8081127433,1373781.864067616,483841.8394272061,975190.5542802267,559155.1992145365,1133324.1492807018,380765.356214823,382746.22193061386
2020-08-05,1678710.299379774,1373174.3553346465,484528.7225610612,976564.320547937,559585.6848688708,1134185.1205893706,381452.23934867815,383176.7075849482
2020-08-06,1679968.0977385284,1374432.153693401,487514.2174590973,982535.310344009,558833.4511458328,1132680.6531432944,384437.73424671416,382424.47386191017
2020-08-07,1672140.0759054734,1366604.131860346,479277.5902818036,966062.0559894217,556568.3105832016,1128150.3720180322,376201.10706942057,380159.33329927904
2020-08-10,1656115.9875513576,1350580.0435062302,468468.73982822057,944444.3550822557,549292.731376989,1113599.213605607,365392.2566158375,372883.75409306644
2020-08-11,1633826.1735439796,1328290.2294988523,452187.10996196093,911881.0953497364,540908.6832158584,1096831.117283346,349110.6267495779,364499.7059319359
2020-08-12,1671430.1291293926,1365894.1850842652,477884.9620814387,963276.7995886918,556392.5959305792,1127798.9427127875,374808.47886905563,379983.6186466567
2020-08-13,1680877.3099583474,1375341.36591322,484935.76202921045,977378.3994842354,559741.6948626493,1134497.1405769277,381859.2788168274,383332.7175787268
2020-08-14,1676609.2232961128,1371073.2792509855,481713.10843686666,970933.0922995479,557826.9028021136,1130667.5564558562,378636.6252244836,381417.92551819107
2020-08-17,1703142.4206743264,1397606.476629199,499708.6556195539,1006924.1866649222,568922.0629982885,1152857.8768482062,396632.1724071708,392513.08571436605
2020-08-18,1701485.1917816678,1395949.2477365404,498311.01370077825,1004128.902827371,567797.0733468304,1150607.89754529,395234.5304883952,391388.09606290795
2020-08-19,1700457.1847998633,1394921.240754736,494075.0180461531,995656.9115181208,566527.1325283627,1148068.0159083544,390998.53483377007,390118.15524444013
2020-08-20,1701864.9107516073,1396328.96670648,498025.4788179296,1003557.8330616737,566214.1436739047,1147442.0381994385,394948.9956055465,389805.1663899822
2020-08-21,1715803.5362763407,1410074.3655456048,514831.94582503167,1037205.7278875274,560710.1663078073,1136504.005090543,411755.4626126486,384301.1890238849
2020-08-24,1707841.1401597848,1402111.969429049,508581.0311570744,1024703.8985516129,557509.4103960231,1130102.4932669743,405504.5479446913,381100.4331121005
2020-08-25,1728351.9809743634,1422622.8102436275,518097.0695539877,1043735.9753454396,563730.9263399887,1142545.5251549056,415020.58634160465,387321.9490560662
2020-08-26,1726009.7260157047,1420280.5552849688,515970.65203555295,1039483.14030857,562711.1893119098,1140506.051098748,412894.1688231699,386302.2120279874
2020-08-27,1720235.611429051,1414506.4406983152,512027.91214158596,1031597.660520636,560492.2582344399,1136068.1889438082,408951.4289292029,384083.28095051745
2020-08-28,1722681.5933314045,1416952.4226006686,512901.78463188466,1033345.4055012335,561178.312322469,1137440.2971198661,409825.3014195016,384769.3350385465
2020-08-31,1756693.6542684939,1450964.483537758,530864.1969351078,1069270.2301076797,573143.6856692986,1161371.0438135257,427787.71372272476,396734.7083853762
2020-09-01,1754907.238881818,1449178.0681510821,531492.4714952708,1070526.7792280058,572846.9136541198,1160777.4997831678,428415.98828288773,396437.9363701973
2020-09-02,1780864.477779675,1475135.3070489392,546962.9658623935,1101467.7679622513,582427.8966395354,1179939.465753999,443886.4826500105,406018.91935561295
2020-09-03,1699176.2010864941,1393447.0303557583,496734.1346081868,1001010.1054538377,551043.2361579103,1117170.144790749,393657.65139580367,374634.2588739879
2020-09-04,1683116.9905688418,1377387.819838106,489351.44774932147,986244.7317361071,545392.1585667564,1105867.989608441,386274.9645369384,368983.1812828339
2020-09-08,1652896.4650654895,1347167.2943347536,477930.72463823407,963403.2855139322,535646.5863054178,1086376.845085764,374854.241425851,359237.6090214954
2020-09-09,1689470.9336424246,1383741.7629116888,486956.1857646455,981454.2077667551,543945.6097836473,1102974.892042223,383879.70255226246,367536.6324997248
2020-09-10,1665772.8921149764,1366404.220287291,481540.5382680775,970622.912773619,538940.1658640864,1092964.0042031012,378464.0550556944,362531.18858016393
2020-09-11,1650121.6727963972,1353075.6554024015,477944.2245912306,963430.2854199253,535657.8679819885,1086399.4084389051,374867.74137884757,359248.890698066
2020-09-14,1680210.1331366668,1372000.5886528878,482558.10443296784,972658.0451033998,540242.5047743582,1095568.6820236447,379481.6212205848,363833.52749043575
2020-09-15,1696565.6381077592,1384025.0801599063,487239.39623842505,982020.6287143142,544618.8134191495,1104321.2993132274,384162.913026042,368209.83613522706
2020-09-16,1675900.6581483663,1376293.079923592,480307.55077931914,968156.9377961024,538133.350526116,1091350.3735271601,377231.067566936,361724.3732421935
2020-09-17,1665194.7722869883,1366654.156336123,475311.28454774374,958164.4053329517,533219.3801549001,1081522.4327847285,372234.80133536074,356810.40287097765
2020-09-18,1657050.7577820476,1366699.9463679562,475634.22678735614,958850.2898121765,533035.4246075612,1081234.5216900506,372557.7435749731,356626.4473236388
2020-09-21,1677920.2641447862,1387569.4527306948,483944.2277683794,975470.291774223,538874.8952343502,1092913.4629436287,380867.7445559963,362465.91795042774
2020-09-22,1691498.5720754978,1401147.7606614062,490607.7475238378,988797.3312851398,543200.6183767356,1101564.9092283994,387531.2643114547,366791.64109281305
2020-09-23,1657885.9575728527,1367535.1461587613,471116.37677755434,949814.5897925729,531689.3328108303,1078542.3380965889,368039.8935651713,355280.3555269079
2020-09-24,1661674.152517222,1371323.3411031307,472006.5115323843,951594.8593022329,532579.9677813816,1080323.6080376913,368930.02832000126,356170.9904974591
2020-09-25,1700303.1510587477,1409952.339644656,492797.8110324454,993177.458302355,545851.8150269869,1106867.302528902,389721.32782006235,369442.83774306445
2020-09-28,1709870.317793729,1419519.5063796376,496013.278844769,999608.3939270022,549176.7086221569,1113517.089719242,392936.79563238594,372767.7313382344
2020-09-29,1719114.9702949051,1428764.1588808135,501317.3588460241,1010216.5539295124,552846.2944453909,1120856.26136571,398240.87563364103,376437.31716146844
2020-09-30,1728103.5687842218,1437752.7573701304,507446.9652073725,1022475.7666522092,556658.8149865941,1128481.3024481165,404370.48199498944,380249.8377026717
2020-10-01,1742815.2682388779,1452464.4568247865,517489.159065707,1042560.1543688782,562817.1834668336,1140798.0394085953,414412.67585332395,386408.206182911
2020-10-02,1702263.4877401355,1411912.6763260441,487711.53624680155,983004.9087310673,545824.756094832,1106813.1846645921,384635.0530344185,369415.7788109094
2020-10-05,1743385.9883827385,1453035.1769686472,517063.2453333479,1041708.32690416,564793.4324632552,1144750.5374014387,413986.7621209648,388384.45517933276
2020-10-06,1721860.5815466475,1431509.7701325559,500173.36935263796,1007928.5749427401,555404.3206992301,1125972.3138733883,397096.8861402549,378995.3434153075
2020-10-07,1748431.380445514,1458080.5690314227,517505.64529353357,1042593.1268245314,567220.1374459346,1149603.9473667974,414429.1620811505,390811.16016201203
2020-10-08,1745393.270259359,1455042.4588452675,514884.7891240237,1037351.4144855116,566745.7394718017,1148655.1514185315,411808.30591164064,390336.76218787924
2020-10-09,1738806.4859584684,1448455.6745443768,507839.42430417455,1023260.6848458133,564534.8384284072,1144233.3493317426,404762.9410917915,388125.8611444848
2020-10-12,1767507.3679496434,1477156.5565355518,530691.4761468149,1068964.788531094,580924.8049786412,1177013.2824322106,427614.9929344319,404515.8276947188
2020-10-13,1770126.4280658015,1479775.6166517101,531176.5678735306,1069934.9719845252,585632.5378176642,1186428.7481102566,428100.08466114744,409223.5605337417
2020-10-14,1758789.2575036844,1468438.446089593,520521.92155185645,1048625.679341177,581204.7093994216,1177573.0912737714,417445.4383394734,404795.73211549903
2020-10-15,1750180.848577871,1459830.0371637794,510086.8796319175,1027755.5955012992,576593.7026162646,1168351.0777074574,407010.39641953446,400184.72533234215
2020-10-16,1752342.2690935049,1461908.6700229826,510717.0013103378,1029059.7454552324,581806.6919544376,1178864.869577989,407640.51809795474,405397.71467051527
2020-10-19,1732064.619649762,1441631.0205792398,498408.60976151086,1004442.9623575787,574857.5827742695,1164966.6512176527,395332.1265491278,398448.60549034714
2020-10-20,1733843.3108452004,1443409.7117746782,498242.73563839076,1004111.2141113384,574992.5223783122,1165236.5304257378,395166.2524260077,398583.54509438976
2020-10-21,1721324.4848904232,1430890.885819901,491971.30239581445,991568.3476261857,570988.2971264379,1157228.0799219892,388894.8191834314,394579.3198425154
2020-10-22,1718100.3700859672,1427666.771015445,489795.63399249455,987217.010819546,569673.9084610321,1154599.3025911776,386719.1507801115,393264.9311771096
2020-10-23,1735566.8142951415,1445133.2152246193,496592.17722599977,1000810.0972865565,574499.1339096447,1164249.7534884028,393515.6940136167,398090.1566257223
2020-10-26,1731941.5219163585,1441507.9228458363,492739.7836071977,993105.3100489522,572361.9548737712,1159975.3954166558,389663.30039481464,395952.9775898487
2020-10-27,1715817.2168148845,1425383.6177443622,484041.73008754296,975709.2030096428,566492.7408761503,1148236.967421414,380965.2468751599,390083.7635922279
2020-10-28,1670080.1018344911,1379646.502763969,469458.94210642745,946543.6270474117,555088.5779316581,1125428.6415324297,366382.4588940444,378679.6006477357
2020-10-29,1676387.3142127895,1385953.7151422673,471634.977541088,950895.6979167329,556877.1223062727,1129005.7302816592,368558.4943287049,380468.14502235036
2020-10-30,1641949.672207325,1359274.1086788552,463133.4053739405,933892.5535824378,549873.7842326103,1114999.0541343342,360056.9221615574,373464.8069486879
2020-11-02,1636854.5653790075,1357922.205096101,460737.85450302495,929101.4518406068,547915.9871280722,1111083.459925258,357661.3712906419,371507.0098441498
2020-11-03,1664153.37126474,1375458.0534442177,464248.6356597983,936123.0141541534,551107.4161697209,1117466.3180085553,361172.1524474152,374698.43888579844
2020-11-04,1709445.7064394993,1414463.9634405435,476651.84125074005,960929.425336037,561802.587085434,1138856.6598399815,373575.358038357,385393.6098015116
2020-11-05,1734386.725330297,1434165.4833922978,485022.7583871607,977671.2596088783,568869.8941940974,1152991.2740573082,381946.27517477766,392460.91691017494
2020-11-06,1750507.173653335,1447219.254197975,491566.2261805593,990758.1951956755,574243.919415782,1163739.3245006774,388489.74296817626,397834.94213185954
2020-11-09,1711535.122642939,1416879.307378358,471538.6481503036,950703.039135164,558207.250017791,1131665.9857046958,368462.1649379205,381798.2727338687
2020-11-10,1679138.701599436,1386611.280190951,461163.10822743527,929951.9592894274,548666.4817004935,1112584.4490701004,358086.6250150522,372257.50441657106
2020-11-11,1710165.9053515294,1413702.680871092,468003.9629964556,943633.6688274681,555192.4127249975,1125636.3111191085,364927.47978407255,378783.43544107507
2020-11-12,1709366.1543819131,1418236.2572066453,468050.4277127094,943726.5982599757,555352.5935419233,1125956.6727529601,364973.94450032635,378943.6162580009
2020-11-13,1706948.3832721557,1415966.6432872815,466056.9875869238,939739.7180084046,553532.8320614729,1122317.1497920593,362980.50437454076,377123.85477755056
2020-11-16,1719895.5250253298,1427121.1900365977,465144.8338106739,937915.4104559048,552849.9978063068,1120951.481281727,362068.35059829085,376441.0205223843
2020-11-17,1709745.6389037285,1419776.2385697032,460434.5583196021,928494.859473761,548187.7671691454,1111627.0200074045,357358.07510721905,371778.789885223
2020-11-18,1699271.8447756823,1411840.7232803914,456233.50306976144,920092.7489740797,543993.1159069014,1103237.7174829165,353157.0198573784,367584.13862297905
2020-11-19,1708337.5021422831,1420200.1963539752,457403.2581133706,922432.2590612981,545162.9682523187,1105577.422173751,354326.77490098757,368753.9909683963
2020-11-20,1693591.7543647962,1412747.5197133594,451829.3739731277,911328.7471837505,539147.7789369151,1093635.5563488202,348752.89076074463,362738.8016529927
2020-11-23,1698304.5076429655,1417460.2729915287,452941.35626132146,913552.711760138,540227.1957821418,1095794.3900392735,349864.8730489384,363818.2184982193
2020-11-24,1690990.44074042,1410146.2060889835,451084.7365144506,909839.4722663963,538534.9193978596,1092409.8372707092,348008.2533020675,362125.9421139372
2020-11-25,1719622.4379968469,1438778.2033454103,467497.19397465937,942664.3871868139,547450.9685235657,1110241.9355221214,364420.7107622763,371041.99123964325
2020-11-27,1746204.2860140405,1465360.0513626037,481736.55123551266,971143.1017085204,556088.0690332277,1127516.1365414455,378660.0680231296,379679.0917493054
2020-11-30,1762354.1559047755,1481509.9212533387,491910.8320925231,991491.6634225413,562569.3597930608,1140478.7180611116,388834.34888014005,386160.3825091384
2020-12-01,1753796.3674653275,1472952.132813891,485657.06684453605,978984.1329265673,559665.5608832104,1134671.1202414108,382580.583632153,383256.583599288
2020-12-02,1756951.5649528827,1476107.3303014461,485290.17076539894,978250.340768293,560944.4553053785,1137228.909085747,382213.6875530159,384535.4780214561
2020-12-03,1751377.7287624907,1470533.4941110539,481724.2777916951,971118.5548208853,559150.791669919,1133641.581814828,378647.79457931203,382741.81438599667
2020-12-04,1761228.161282087,1480383.9266306502,489364.1356708415,986398.2705791782,563101.5639535533,1141543.1263820967,386287.65245845844,386692.58666963095
2020-12-07,1762468.2253024455,1481623.9906510087,489780.2274160822,987230.4540696597,565356.3085669865,1146052.615608963,386703.74420369917,388947.33128306404
2020-12-08,1764303.4275426224,1483459.1928911856,492220.3459426483,992110.6911227917,566623.1792917039,1148586.357058398,389143.86273026525,390214.20200778154
2020-12-09,1733152.3783810914,1452308.1437296546,469552.89429125,946775.7878199951,555311.5294503977,1125963.0573757854,366476.4110788669,378902.55216647533
2020-12-10,1755361.6663063727,1474517.431654936,485519.7314555194,978709.4621485339,563734.5659167992,1142809.1303085885,382443.24824313633,387325.58863287687
2020-12-11,1759486.5082246854,1478642.2735732486,490386.1697238745,988442.3386852441,565952.8155190903,1147245.6295131706,387309.6865114914,389543.83823516784
2020-12-14,1778974.4851581813,1498130.2505067445,504970.9975423827,1017611.9943222605,575698.2586391254,1166736.5157532408,401894.5143299996,399289.281355203
2020-12-15,1798904.0236088866,1518059.7889574498,522518.43756632414,1052706.8743701435,579780.4314887524,1174900.8614524947,419441.9543539411,403371.45420483
2020-12-16,1812181.4654385229,1531337.230787086,535629.6940501725,1078929.38733784,578882.6633226281,1173105.3251202463,432553.21083778935,402473.68603870575
2020-12-17,1831590.9404402163,1550746.7057887795,549616.5629444738,1106903.1251264429,579698.4764855675,1174736.951446125,446540.07973209076,403289.49920164514
2020-12-18,1835745.0882626243,1554811.322263838,549643.7098544431,1107002.038357835,577004.2352762859,1169437.707850469,446567.22664206004,400595.25799236353
2020-12-21,1825643.2058124824,1544709.439813696,542432.9088338086,1092580.436316566,573176.8184797299,1161782.874257357,439356.42562142556,396767.84119580756
2020-12-22,1839144.7285566856,1558210.9625578993,548716.2782921824,1105147.1752333136,577247.760325706,1169924.7579493092,445639.7950797993,400838.78304178355
2020-12-23,1821243.5449321119,1540309.7789333255,539204.7383966461,1086124.095442241,571360.081321623,1158149.399941143,436128.25518426305,394951.10403770057
2020-12-24,1821429.2988381195,1540495.5328393334,538569.615120034,1084853.8488890168,571091.4941470844,1157612.225592066,435493.13190765097,394682.516863162
2020-12-28,1798619.3962463513,1517685.6302475652,525872.7895573085,1059460.197763566,562604.814974275,1140638.867246447,422796.3063449255,386195.83769035246
2020-12-29,1795645.9297073868,1514712.1637086007,524330.2789668485,1056375.1765826459,561464.2386753381,1138357.7146485734,421253.7957544654,385055.2613914157
2020-12-30,1808654.1720033346,1527720.4060045485,527941.909839408,1063598.4383277649,564489.5793149334,1144408.395927764,424865.4266270249,388080.6020310109
2020-12-31,1802718.2175516796,1521784.4515528933,525746.3769997201,1059207.372648389,562687.9635920268,1140805.164481951,422669.89378733706,386278.9863081044
2021-01-04,1795678.7474740285,1514744.9814752422,522023.6976516153,1051762.0139521796,559913.295159934,1135255.8276177652,418947.21443923225,383504.3178760116
2021-01-05,1808006.528887454,1527072.7628886676,526815.6909451347,1061346.0005392183,563684.5386801464,1142798.3146581901,423739.2077327517,387275.5613962241
2021-01-06,1785764.6087515168,1504830.8427527305,521685.547435099,1051085.713519147,558690.7647819116,1132810.7668617202,418609.06422271597,382281.78749798913
2021-01-07,1811884.9725790273,1530951.206580241,534225.7091988509,1076166.0370466507,567431.1763298393,1150291.5899575758,431149.2259864679,391022.1990459169
2021-01-08,1816480.4386189606,1530451.2639912153,535292.4977411393,1078299.6141312274,567204.52501818,1149838.2873342573,432216.01452875626,390795.5477342576
2021-01-11,1831556.7853503227,1537779.6555931454,535122.9310117684,1077960.4806724857,570464.8104090915,1156358.8581160803,432046.4477993853,394055.8331251691
2021-01-12,1848619.7127383768,1531661.62130471,540469.7826582062,1088654.1839653612,577437.1759535216,1170303.5892049405,437393.2994458231,401028.19866959925
2021-01-13,1845789.4886910827,1526860.3289653738,539695.7690529294,1087106.1567548076,577419.7205042543,1170268.678306406,436619.28584054636,401010.7432203319
2021-01-14,1846895.3852839526,1523258.7338173555,541381.5078275665,1090477.6343040818,579416.38584189,1174262.0089816772,438305.0246151834,403007.40855796763
2021-01-15,1826322.5798046547,1510026.848744302,532570.9293208459,1072900.5698797493,571395.4024596027,1158308.2273953203,429494.4461084628,394986.4251756803
2021-01-19,1863906.4586054722,1547610.7275451196,548722.6718719009,1105204.0549818592,582234.1490002575,1179985.72047663,445646.18865951773,405825.17171633505
2021-01-20,1861571.9951868951,1545276.2641265425,545826.240272979,1099411.1917840154,581142.6793650433,1177802.7812062015,442749.7570605959,404733.70208112086
2021-01-21,1884591.5840715207,1568295.853011168,559106.2966165005,1125971.3044710585,588911.9466770103,1193341.3158301355,456029.8134041174,412502.96939308784
2021-01-22,1886443.5237786511,1570147.7927182985,558636.566988573,1125031.8452152032,589370.7714625298,1194258.9654011745,455560.0837761898,412961.7941786074
2021-01-25,1882352.0105026828,1566056.27944233,551753.2922183507,1111265.2956747587,587172.4302059435,1189862.282888002,448676.8090059676,410763.4529220211
2021-01-26,1860376.2268212717,1544080.495760919,538609.0666954715,1084976.8446290004,579102.8835060098,1173723.1894881346,435532.58348308835,402693.9062220874
2021-01-27,1814903.783039392,1498608.051979039,513995.80842764047,1035750.3280933384,562921.6035858687,1141360.6296478522,410919.32521525736,386512.62630194623
2021-01-28,1831319.5731498676,1515023.842089515,518772.4001595856,1045303.5115572286,567094.1728011498,1149705.7680784145,415695.91694720247,390685.1955172274
2021-01-29,1800760.5383613808,1496417.165356018,503742.7456529161,1015244.2025438896,556250.7732256686,1128018.968927452,400666.26244053297,379841.79594174615
2021-02-01,1829155.4266502017,1520625.0655436362,512140.0814120734,1032038.8740622043,563628.8643921628,1142775.1512604405,409063.5981996903,387219.8871082404
2021-02-02,1857812.6330387043,1542681.7066708116,525692.9858851744,1059144.6830084063,574128.4204796497,1163774.2634354143,422616.50267279125,397719.4431957273
2021-02-03,1854501.2660926748,1535477.1747881493,522103.6027340302,1051965.916706118,572001.475813362,1159520.374102839,419027.1195216471,395592.49852943956
2021-02-04,1865122.3769709638,1546843.3315436828,527586.5633870676,1062931.8380121926,576224.0450530578,1167965.5125822304,424510.08017468447,399815.06776913535
2021-02-05,1872169.2032709252,1556440.1426080726,531908.5041407618,1071575.719519581,579094.2548560483,1173705.9321882115,428832.0209283786,402685.27757212584
2021-02-08,1901615.5067010657,1580985.8759572252,546711.7698968963,1101182.25103185,590897.5412925058,1197312.5050611265,443635.28668451315,414488.5640085834
2021-02-09,1894796.2645550987,1571826.520448357,539598.4636027014,1086955.6384434602,587108.9046864931,1189735.2318491011,436521.9803903183,410699.9274025706
2021-02-10,1892984.9931619293,1567947.9829252164,540344.4207353697,1088447.5527087967,585790.7423972958,1187098.9072707065,437267.93752298655,409381.7651133734
2021-02-11,1900163.8594555727,1578264.480312428,545525.1242968813,1098808.9598318199,586450.1720895722,1188417.7666552593,442448.6410844981,410041.19480564975
2021-02-12,1914695.6933259107,1584999.4803315194,553044.0002190295,1113846.7116761163,595778.3724362345,1207074.167348584,449967.5170066463,419369.39515231206
2021-02-16,1891307.167764491,1575263.2919932676,532263.3743814159,1072285.4600008891,576156.0409624398,1167829.5044009946,429186.8911690327,399747.0636785174
2021-02-17,1871582.2005181208,1559903.7203521673,513969.37358479865,1035697.4584076547,564873.4325577205,1145264.2875915559,410892.89037241554,388464.455273798
2021-02-18,1854354.639495119,1551595.8299974315,506079.50459394755,1019917.7204259525,558532.103472773,1132581.629421661,403003.02138156444,382123.12618885055
2021-02-19,1871751.574162774,1559324.6354778851,511312.2176217608,1030416.6920053937,561916.5215672975,1139417.5566583392,408235.7344093777,385507.544283375
2021-02-22,1811571.6704688796,1499144.7317839905,484535.7010114037,976863.6587846795,544861.3369189057,1105307.1873615554,381459.2177990206,368452.35963498324
2021-02-23,1806936.2360061738,1494509.297321285,481848.1208083664,971488.498378605,543185.3687025533,1101955.2509288508,378771.6375959833,366776.39141863084
2021-02-24,1835499.1735428355,1523072.2348579464,490025.3731256336,987843.0030131394,549437.202334903,1114458.9181935498,386948.88991325046,373028.22505098046
2021-02-25,1771198.3215600066,1458771.3828751175,468826.67473110283,945445.6062240778,533896.1791346328,1083376.8717930098,365750.1915187197,357487.2018507103
2021-02-26,1795222.590324959,1482795.65164007,475116.7001383461,958025.6570385644,538833.1610022385,1093250.835528221,372040.216925963,362424.183718316
2021-03-01,1851218.6514071308,1538791.7127222416,493330.5405747831,994453.3379114383,552468.8745325584,1120522.2625888607,390254.0573624,376059.8972486358
2021-03-02,1814171.611930437,1501744.6732455478,479062.19578398106,965916.6483298343,541983.1240615546,1099550.761646853,375985.71257159795,365574.14677763206
2021-03-03,1759308.7924536162,1446881.853768727,462130.3633010897,932052.9833640514,528815.7031324232,1073215.9197885904,359053.88008870656,352406.72584850073
2021-03-04,1704179.1049548197,1391752.1662699305,455424.93970263534,918642.1361671428,522847.55917810346,1061279.6318799509,352348.4564902522,346438.58189418097
2021-03-05,1708315.6944919648,1408574.1028380662,457061.03880677,921914.3343754121,524322.5783972756,1064229.6703182952,353984.5555943869,347913.6011133531
2021-03-08,1659599.9507805693,1405426.4872828238,454008.886271272,915810.029304416,521557.49320009036,1058699.499923925,350932.40305888886,345148.5159161679
2021-03-09,1728030.3655862678,1402385.7828693555,455302.2452351601,918396.7472321923,522822.76788029406,1061230.0492843322,352225.762022777,346413.7905963716
2021-03-10,1732764.4683853118,1405586.6131059811,455023.8641039644,917839.9849698009,522574.84976549173,1060734.2130547275,351947.3808915813,346165.87248156924
2021-03-11,1790832.450388549,1421644.2417590432,462961.3514078551,933714.9595775823,530090.9606708576,1075766.4348654593,359884.868195472,353681.9833869351
2021-03-12,1785310.6116239268,1421377.4237845694,461587.4795035733,930967.2157690189,528887.4055435037,1073359.3246107516,358510.9962911902,352478.4282595812
2021-03-15,1803698.8430296557,1418923.4386071574,458060.16491619265,923912.5865942574,525651.0294004818,1066886.5723247076,354983.68170380953,349242.05211655935
2021-03-16,1771096.9782854088,1408414.0208130002,453122.4147017666,914037.0861654053,520743.1157837911,1057070.7450913263,350045.9314893835,344334.1384998686
2021-03-17,1787844.600832307,1414388.9564790784,453109.3392888406,914010.9353395533,520730.4544834943,1057045.4224907325,350032.8560764575,344321.4771995718
2021-03-18,1739331.5197141618,1410707.9677634374,451996.45945604355,911785.1756739593,519617.6100617717,1054819.7336472876,348919.97624366044,343208.6327778492
2021-03-19,1753031.563181223,1408187.436244722,450965.71798228374,909770.586214302,517979.0183882253,1051636.3372759195,347889.2347699006,341570.0411043028
2021-03-22,1764769.3527675692,1419925.2258310681,453660.9005191788,915160.9512880922,520656.92833331245,1056992.1571660938,350584.41730679566,344247.95104938996
2021-03-23,1731142.4375674967,1386298.3106309955,438233.7001203826,884306.5504904998,510812.26298594015,1037302.8264713492,335157.2169079995,334403.28570201766
2021-03-24,1686495.1386748943,1341651.0117383932,418370.3109798661,844579.7722094667,497574.867932878,1010828.036365225,315293.82776748296,321165.89064895554
2021-03-25,1689902.4794615633,1345058.3525250622,418951.0952358219,845741.3407213783,498123.55720289104,1011925.414905251,315874.6120234388,321714.57991896855
2021-03-26,1702772.7929794858,1357928.6660429847,420932.61141857627,849704.3730868871,499991.5468760246,1015661.394251518,317856.12820619316,323582.5695921021
2021-03-29,1674595.7955427114,1329751.6686062103,408138.57777272246,824116.3057951794,490637.9176079216,996954.135715312,305062.09456033935,314228.9403239991
2021-03-30,1703884.108027262,1359039.9810907608,416228.2435135426,840295.6372768197,497284.01452068763,1010246.3295408441,313151.76030115946,320875.03723676514
2021-03-31,1731602.1463376228,1386758.0194011214,427621.34087689157,863081.8320035177,505914.59283226775,1027507.4861640044,324544.85766450845,329505.61554834526
2021-04-01,1749749.4651435504,1404905.3382070493,432162.1662147818,872163.4826792981,510108.29758263926,1035894.8956647475,329085.6830023987,333699.3202987168
2021-04-05,1750494.6812862938,1405650.5543497927,428606.4112475835,865051.9727449015,508548.84805762436,1032775.9966147176,325529.9280352004,332139.87077370187
2021-04-06,1766919.7722254868,1422075.6452889857,431915.8983784216,871670.9470065777,512130.90624972025,1039940.1129989093,328839.4151660385,335721.92896579776
2021-04-07,1740520.0950831098,1395675.9681466087,417575.05723513226,842989.264719999,500343.8237509973,1016365.9480014634,314498.57402274915,323934.8464670748
2021-04-08,1766497.4294252903,1421653.3024887892,427128.14212056826,862095.434490871,509000.6152889391,1033679.5310773471,324051.65890818514,332591.6380050166
2021-04-09,1761346.990420013,1416502.8634835118,422214.85869919485,852268.8676481242,505175.43997998274,1026029.1804594344,319138.37548681174,328766.46269606025
2021-04-12,1764069.8182027189,1419225.6912662177,416845.6660233758,841530.4822964862,501157.72641824157,1017993.7533359521,313769.1828109927,324748.7491343191
2021-04-13,1789044.2111181305,1444200.0841816294,433850.7919927002,875540.7342351349,515869.3641440144,1047417.0287874977,330774.3087803171,339460.38686009194
2021-04-14,1789356.3857197766,1444512.2587832755,425641.76407426427,859122.6783982631,510134.165964683,1035946.6324288348,322565.28086188115,333725.1886807605
2021-04-15,1785475.030007143,1440630.903070642,428167.5641781276,864174.2786059898,512946.6376884462,1041571.5758763613,325091.0809657445,336537.6604045237
2021-04-16,1796065.2343418736,1450958.1780442356,426738.0997789776,861361.5708460691,511027.68393992906,1037826.1104560858,323661.61656659446,334618.7066560066
2021-04-19,1748859.991067831,1403752.9347701927,402603.93860956805,813093.2485072501,496389.82064887986,1008550.3838739874,299527.45539718494,319980.84336495737
2021-04-20,1744656.5819321098,1399549.5256344718,400898.7090212062,809682.7893305264,495268.48247430474,1006307.7075248371,297822.2258088231,318859.50519038225
2021-04-21,1778749.9438593446,1433642.8875617064,414844.0142572721,837573.3998026582,504685.95076808357,1025142.6441123948,311767.531044889,328276.9734841611
2021-04-22,1767770.1200498922,1422663.063752254,411517.56835658406,830920.5080012821,502140.37478814245,1020051.4921525127,308441.08514420094,325731.39750421996
2021-04-23,1791553.714437415,1446446.6581397767,421704.10185141244,851293.5749909389,508832.6689570158,1033436.0804902592,318627.61863902933,332423.6916730933
2021-04-26,1818396.7276070546,1473289.6713094164,432634.67271110794,873154.71671033,516685.8335468819,1049142.4096699916,329558.1894987248,340276.8562629594
2021-04-27,1820369.959900147,1475262.9036025088,432890.3838873323,873666.1390627786,517075.5389192518,1049921.8204147313,329813.90067494917,340666.56163532933
2021-04-28,1790957.3322550277,1445850.2759573895,414715.7392874471,837316.8498630082,505984.0137985679,1027738.7701733634,311639.256075064,329575.0365146454
2021-04-29,1766684.7676599019,1421577.711362264,401959.2920090702,811803.9553062544,497587.1670470009,1010945.0766702294,298882.8087966871,321178.1897630784
2021-04-30,1758579.748082124,1413472.6917844857,396671.9872959279,801229.3458799698,494149.9135801883,1004070.5697366042,293595.5040835448,317740.9362962658
2021-05-03,1754118.047792655,1412797.4009902335,391667.7207014699,791220.8126910538,490896.015689026,997562.7739542796,288591.2374890868,314487.0384051035
2021-05-04,1737729.8283700666,1407848.4218119527,386944.81800956756,781775.0073072491,487046.261221651,989863.2650195296,283868.33479718445,310637.2839377285
2021-05-05,1767323.922677676,1438709.1044969033,404802.30934124446,817489.989970603,499374.7585039864,1014520.2595842005,301725.82612886134,322965.7812200639
2021-05-06,1744924.034488432,1422895.437216809,401622.76828989974,811130.9078679136,496602.3933190817,1008975.529214391,298546.28507751663,320193.4160351592
2021-05-07,1771557.2652121396,1448168.7630269544,416326.0944908251,840537.5602697642,505397.5955891122,1026565.933754452,313249.61127844197,328988.6183051897
2021-05-10,1733548.1465169857,1427719.2126596577,404156.34002368577,816198.0513354855,499055.21875555237,1013881.1800873324,301079.85681130266,322646.2414716299
2021-05-11,1741240.4677497973,1426969.414509622,407045.31769375183,821976.0066756177,499471.0370064565,1014712.8165891408,303968.8344813687,323062.05972253403
2021-05-12,1685597.0347274542,1398363.9343368928,385702.62172245106,779290.6147330161,485284.40697112447,986339.5565184766,282626.13851006795,308875.429687202
2021-05-13,1677339.5982210855,1398459.9975919009,383195.78632890055,774276.9439459151,484353.35127939936,984477.4451350264,280119.30311651743,307944.37399547687
2021-05-14,1709271.8856195698,1409193.9190264193,389325.91766526265,786537.2066186393,490022.628899,995816.0003742276,286249.43445287953,313613.6516150775
2021-05-17,1717738.465019668,1422863.884509149,399907.0206092362,807699.4125065864,498581.9632856929,1012934.6691476135,296830.5373968531,322172.9860017704
2021-05-18,1718397.5549132612,1419509.8700605084,396169.4998350545,800224.3709582231,497004.59900665795,1009779.9405895435,293093.0166226714,320595.62172273546
2021-05-19,1698803.6332107573,1396454.5303052333,374725.2632807143,757335.8978495426,478639.04947119294,973048.8415186135,271648.78006833117,302230.07218727045
2021-05-20,1731031.1481173234,1407811.9652222528,383600.8606266884,775087.0925414908,487554.64383688604,990880.0302499997,280524.3774143053,311145.66655296355
2021-05-21,1725917.4956389691,1404635.585706891,379985.2229076747,767905.8171034633,483449.7705175758,982770.2836113792,276908.73969529156,307040.7932336533
2021-05-24,1748143.9378050677,1426862.0278729894,389107.4526579542,786150.2766040224,489752.60114095773,995375.9448581431,286030.96944557107,313343.62385703524
2021-05-25,1738330.337916975,1417048.4279848966,383024.18903459125,773983.7493572965,486364.78644048324,988600.3154571941,279947.70582220814,309955.80915656075
2021-05-26,1764504.8910862824,1443222.9811542043,397370.3937043536,802676.1586968212,495073.1816750429,1006017.1059263134,294293.9104919705,318664.2043911204
2021-05-27,1788224.697448984,1466942.787516906,411410.6445686446,830756.6604254032,503419.1561095374,1022709.0547953025,308334.16135626147,327010.1788256149
2021-05-28,1783184.6414106337,1461902.7314785556,406957.57056121086,821850.5124105357,501564.00331750076,1018998.7492112292,303881.08734882774,325155.02603357827
2021-06-01,1778387.534832482,1457105.6249004037,399736.136399138,807407.64408639,499559.34464984084,1014989.4318759093,296659.6531867549,323150.36736591836
2021-06-02,1764893.0941306425,1443611.1841985644,390219.91467955796,788375.2006472299,494006.1003606747,1003882.9432975771,287143.43146717484,317597.12307675224
2021-06-03,1749986.9122939138,1428705.0023618354,382202.5851150004,772340.5415181147,487795.0570614971,991460.8566992219,279126.10190261726,311386.07977757463
2021-06-04,1761169.5214993004,1439887.611567222,386620.91667617665,781177.2046404673,491744.64922725817,999360.041030744,283544.43346379354,315335.6719433357
2021-06-07,1771242.9130779547,1449961.0031458766,388920.36273727653,785776.0967626671,495479.74168595567,1006830.225948139,285843.8795248934,319070.7644020332
2021-06-08,1774957.212193874,1453675.3022617958,389923.4464303065,787782.264148727,496825.6685657032,1009522.079707634,286846.96321792336,320416.6912817807
2021-06-09,1759663.530258993,1438381.6203269148,378113.9120676767,764163.1954234674,489058.8670329575,993988.4766421426,275037.4288552936,312649.889749035
2021-06-10,1756809.0465418925,1435527.1366098144,376036.7052234144,760008.7817349428,487629.731853437,991130.2062831017,272960.2220110313,311220.75456951454
2021-06-11,1776554.8443351109,1455272.9344030325,387398.2285172214,782731.8283225568,496844.8449556641,1009560.4324875559,284321.7453048383,320435.86767174164
2021-06-14,1755590.7946040693,1434308.8846719912,369367.0679396982,746669.5071675103,484322.0587254788,984514.8600271853,266290.58472731506,307913.08144155634
2021-06-15,1737708.0371465601,1416426.127214482,361014.1314821198,729963.6342523536,476453.0383179742,968776.819212176,257937.64826973667,300044.0610340517
2021-06-16,1731467.2109489487,1410185.3010168707,356547.2283682729,721029.8280246598,473139.98330669897,962150.7091896256,253470.7451558898,296731.0060227765
2021-06-17,1705936.4036863626,1384654.4937542845,344921.7009537508,697778.7731956156,462215.75582405564,940302.2542243389,241845.2177413677,285806.77854013315
2021-06-18,1688702.493467919,1368350.913237889,343196.41757992725,694367.8104721735,460022.085701314,935994.1220272656,240119.93436754416,283613.1084173915
2021-06-21,1695521.227840816,1375169.647610786,344212.6221172963,696400.2195469115,461398.2830214529,938746.5166675434,241136.13890491318,284989.3057375304
2021-06-22,1710189.1728891975,1389837.5926591677,351178.273407455,710331.522127229,465928.04443722946,947806.0394990966,248101.7901950719,289519.06715330697
2021-06-23,1734522.5274380213,1414170.9472079913,364842.2057293525,737659.386771024,474160.72901472554,964271.4086540887,261765.72251696937,297751.75173080305
2021-06-24,1739668.1857104134,1419316.6054803836,367787.40816795675,743549.7916482324,475951.6216164151,967853.1938574677,264710.92495557363,299542.6443324926
2021-06-25,1745048.243132288,1424696.662902258,369728.7150851941,747432.4054827072,477856.88488362473,971663.7203918871,266652.231872811,301447.90759970224
2021-06-28,1765773.7658253408,1445422.1855953108,382355.217785224,772685.410882767,485859.6419777591,987669.2345801558,279278.7345728409,309450.6646938366
2021-06-29,1761542.8779029108,1441191.2976728808,377900.71539156715,763776.4060954533,484441.56968840596,984833.0900014495,274824.23217918404,308032.59240448347
2021-06-30,1766639.6979185378,1446288.1176885078,380204.94728208735,768384.8698764937,486719.75272428954,989389.4560732166,277128.46406970423,310310.77544036706
2021-07-01,1759617.1920144446,1439265.6117844146,374087.0893481007,756149.1540085203,483921.6078658857,983793.1663564091,271010.6061357176,307512.6305819632
2021-07-02,1765949.4792431977,1445597.8990131677,378012.7531558861,764000.4816240912,486790.1509942293,989530.2526130963,274936.26994350296,310381.1737103068
2021-07-06,1758831.7743580274,1438480.1941279974,370814.035430958,749603.0461742351,483573.1641950875,983096.2790148127,267737.5522185749,307164.186911165
2021-07-07,1744660.6655790175,1424309.0853489875,359515.29467267945,727005.5646576778,476400.9481349348,968751.8468945072,256438.8114602963,299991.97085101233
2021-07-08,1730319.1105857156,1409967.5303556856,349208.47186747997,706391.9190472789,470137.80244917824,956225.5555229941,246131.98865509685,293728.82516525575
2021-07-09,1759363.1975288822,1439011.6172988522,367087.74628868,742150.467889679,483280.9408578393,982511.8323403163,264011.2630762969,306871.9635739168
2021-07-12,1780232.978347418,1459881.3981173881,381783.2827040515,771541.540720422,494094.2837820775,1004138.5181887926,278706.7994916684,317685.306498155
2021-07-13,1761876.2941628702,1441524.7139328402,365679.2262496416,739333.4278116021,482658.7375669717,981267.4257585809,262602.7430372585,306249.7602830492
2021-07-14,1729568.7586957444,1409217.1784657144,337989.3433551643,683953.6620226476,461124.9773563067,938199.905337251,234912.8601427812,284716.0000723842
2021-07-15,1715263.8019266687,1394912.221696639,327561.32426047855,663097.6238332761,452881.8421700162,921713.63496467,224484.84104809543,276472.8648860937
2021-07-16,1694919.1478978328,1374468.772472025,321115.3620474218,650245.6994071626,447504.683321247,911039.3172671315,218038.8788350387,271095.7060373245
2021-07-19,1673007.1787558314,1352556.8033300235,309029.212361789,626073.400035897,440412.779919612,896855.5104638615,205952.7291494059,264003.8026356895
2021-07-20,1695419.114003738,1374968.73857793,318431.267069741,644877.509451801,446736.70222606946,909503.3550767765,215354.78385735786,270327.724942147
2021-07-21,1729924.572459232,1409474.1970334242,336679.15396854933,681373.2832494177,457920.19447859796,931870.3395818335,233602.67075616622,281511.21719467547
2021-07-22,1718092.3400387221,1397641.9646129142,329085.29472374776,666185.5647598146,453743.8811408913,923517.7129064201,226008.81151136468,277334.9038569688
2021-07-23,1718310.77727226,1397860.4018464522,329138.21354963456,666291.4024115881,453812.30785074073,923654.566326119,226061.7303372514,277403.33056681824
2021-07-26,1740715.539114991,1420265.163689183,340543.1468578888,689101.2690280966,461329.483271132,938688.9171669015,237466.66364550567,284920.5059872095
2021-07-27,1723084.6391392022,1402634.2637133943,330096.0996458377,668207.1746039944,455081.6662672597,926193.2831591569,227019.61643345456,278672.6889833372
2021-07-28,1721669.0573198784,1401218.6818940705,328802.99815045425,665620.9716132275,454416.8478854691,924863.6463955757,225726.51493807114,278007.8706015466
2021-07-29,1734038.6480852359,1413588.272659428,338782.95197053434,685580.8792533877,458844.9872447115,933719.9251140605,235706.46875815126,282436.009960789
2021-07-30,1731273.8002323736,1410823.4248065657,336776.27531617007,681567.5259446591,457927.0106695926,931883.9719638227,233699.79210378695,281518.0333856701
2021-08-02,1711118.6576382674,1390668.2822124595,323051.1708430904,654117.3169984998,451049.39422268263,918128.7390700028,219974.6876307073,274640.41693876014
2021-08-03,1724068.0528104196,1403617.6773846117,330224.1899364376,668463.3551851942,455672.7333541332,927375.417332904,227147.70672405447,279263.7560702107
2021-08-04,1702737.10413416,1382286.7287083522,316783.3090023261,641581.5933169712,447426.56825670856,910883.0871380547,213706.82578994296,271017.59097278607
2021-08-05,1722279.3707829593,1401828.9953571511,326320.0914721773,660655.1582566736,454353.2818982172,924736.514421072,223243.6082597942,277944.3046142947
2021-08-06,1743145.9196638924,1422695.5442380845,337532.93383662816,683080.8429855753,461908.56741939415,939847.0854634258,234456.45062424504,285499.59013547166
2021-08-09,1735086.4818348202,1414636.1064090123,327251.5422132046,662518.0597387282,457515.56541062216,931061.0814458819,224175.0590008215,281106.5881266997
2021-08-10,1757955.0139600069,1437504.638534199,344832.4683950746,697679.9121024682,468369.67861329677,952769.3078512311,241755.98518269148,291960.7013293743
2021-08-11,1770308.650888412,1449858.2754626041,353325.1395036435,714665.254319606,474373.38761984656,964776.7258643307,250248.6562912604,297964.41033592407
2021-08-12,1774726.704993366,1454276.3295675581,355596.4323883041,719207.8400889272,476386.6229036777,968803.1964319929,252519.94917592095,299977.6456197552
2021-08-13,1760627.4550999536,1440177.0796741457,345373.31641209865,698761.6081365163,470736.3596488425,957502.6699223225,242296.83319971553,294327.38236492
2021-08-16,1745420.2443969625,1424969.8689711546,328902.3108799055,665819.59707213,462771.84193715634,941573.6344989502,225825.8276675224,286362.86465323385
2021-08-17,1707592.7984786974,1387142.4230528895,303081.12076186517,614177.2168360493,442713.67175027984,901457.2941251972,200004.63754948202,266304.69446635735
2021-08-18,1689383.1650463329,1368932.789620525,290358.3819487325,588731.739209784,430609.66145415674,877249.273532951,187281.89873634937,254200.68417023425
2021-08-19,1663060.5386796044,1342610.1632537965,277245.249674542,562505.474661403,417607.18898856535,851244.3286017682,174168.76646215885,241198.21170464286
2021-08-20,1678361.3023323766,1357910.9269065687,277623.6310859167,563302.6818934826,417478.6759208689,851068.1912850356,174547.1478735336,241069.69863694638
2021-08-23,1722391.3619864774,1401940.9865606693,299832.80378043844,607721.027282526,431119.2916487784,878349.4227408546,196756.32056805532,254710.3143648559
2021-08-24,1734730.6093219626,1414280.2338961547,308036.5824830841,624128.5846878174,435311.76162436756,886734.3626920329,204960.09927070103,258902.78434044507
2021-08-25,1743451.4265421208,1423001.0511163129,313670.9313657305,635397.28245311,438234.31982204266,892579.4790873831,210594.44815334733,261825.3425381202
2021-08-26,1732902.4145327422,1412452.0391069343,305228.70828051446,618512.836282678,434480.95054880227,885072.7405409024,202152.22506813132,258071.9732648798
2021-08-27,1745485.6567110042,1425035.2812851963,316197.2608550053,640449.9414316597,438604.5511711752,893319.9417856482,213120.77764262218,262195.5738872527
2021-08-30,1724861.274353361,1404410.898927553,299516.7781886349,607088.9760989189,431468.94724539656,879048.7339340909,196440.29497625175,255059.96996147407
2021-08-31,1718526.6494661276,1398076.2740403197,294216.9679408665,596489.3556033821,428886.416702463,873883.6728482237,191140.48472848337,252477.43941854048
2021-09-01,1711259.0571854378,1390808.6817596299,285350.3889487056,578756.1976190603,425735.7412594195,867582.3219621368,182273.9057363225,249326.763975497
2021-09-02,1723552.089860246,1403101.7144344382,293873.5815728152,595802.5828672795,430413.9632787951,876938.7660008881,190797.09836043208,254004.98599487264
2021-09-03,1729590.9531319,1409140.577706092,295828.3754077147,599712.1705370785,432861.05022640165,881832.9398961011,192751.89219533157,256452.0729424792
2021-09-07,1736871.5491112452,1416421.1736854373,297165.9844003315,602387.388522312,436286.635525673,888684.1104946438,194089.50118794836,259877.6582417505
2021-09-08,1713397.1496744952,1392946.7742486873,279798.49771662767,567652.4151549045,425449.6128229352,867010.0650891683,176722.01450424452,249040.63553901273
2021-09-09,1740158.1302900948,1419707.7548642869,298801.28344732715,605657.9866163034,438281.83005532937,892674.4995539564,195724.800234944,261872.85277140685
2021-09-10,1733178.8862271544,1412728.5108013465,293269.5906075605,594594.6009367701,435549.21983597754,887209.2791152529,190193.10739517736,259140.24255205505
2021-09-13,1727466.2337180835,1407015.8582922756,284090.7431271543,576236.9059759578,431044.69997404964,878200.2393913971,181014.2599147712,254635.72269012718
2021-09-14,1723586.7658305957,1403136.3904047878,280468.73909508856,568992.8979118263,430549.02821866993,877208.8958806376,177392.25588270545,254140.0509347474
2021-09-15,1753041.913026374,1432591.5376005662,304364.6131301382,616784.6459819255,443977.21983507153,904065.2791134409,201288.12991775505,267568.24255114904
2021-09-16,1758627.8666856128,1438177.491259805,303445.1697311126,614945.7591838744,444558.08033055015,905227.0001043981,200368.6865187295,268149.10304662766
2021-09-17,1757847.8133637342,1437309.3319026625,300805.10355562286,609705.6268328949,443959.2778234264,904109.3950901506,197728.62034323975,267550.3005395039
2021-09-20,1721266.2095322635,1400727.7280711918,283391.0378837084,574877.495489066,433175.47847617784,882541.7963956535,180314.5546713253,256766.50119225532
2021-09-21,1728740.2017045675,1408201.720243496,286221.8399141277,580539.0995499046,435152.90779379685,886496.6550308915,183145.35670174463,258743.9305098744
2021-09-22,1754136.3823047187,1433597.900843647,296773.57972627546,601642.5791742001,442353.1069548599,900897.0533530177,193697.09651389238,265944.12967093743
2021-09-23,1789640.2600117212,1469101.7785506495,316879.2221239034,641853.8639694559,454025.263521118,924241.3664855338,213802.7389115203,277616.2862371955
2021-09-24,1783927.9227064766,1463389.4412454052,312583.0101204887,633261.4399626266,451567.8124026619,919326.4642486216,209506.5269081056,275158.8351187394
2021-09-27,1788737.5015635968,1468199.0201025251,316825.29246350884,641746.0046486668,452209.0834888552,920609.0064210083,213748.80925112576,275800.10620493273
2021-09-28,1763614.2603652615,1443075.7789041898,307253.45097954577,622602.3216807407,445009.56659238186,906209.9726280615,204176.96776716269,268600.58930845937
2021-09-29,1761267.8209756305,1440729.3395145591,308724.92679064977,625545.2733029487,444284.38315455464,904759.6057524071,205648.44357826668,267875.40587063215
2021-09-30,1748818.4514482415,1425508.2031580787,301471.3038770119,611038.0274756729,439825.03112577857,895840.901694855,198394.8206646288,263416.0538418561
2021-10-01,1742486.8389417604,1439532.3587046561,309793.8777380152,627683.1751976795,441327.3734167356,898845.586276769,206717.39452563215,264918.3961328131
2021-10-04,1738884.7884664761,1443022.5070122455,318280.92972241715,644657.2791664833,439001.63381878106,894194.10708086,215204.44651003403,262592.6565348586
2021-10-05,1761687.0222704895,1462908.8058358396,329604.6878225975,667304.7953668442,441507.1791296107,899205.1977025192,226528.20461021442,265098.2018456882
2021-10-06,1731533.4837024848,1446562.9513820456,319281.72030138766,646658.8603244245,440476.5809600491,897144.0013633961,216205.2370890046,264067.60367612663
2021-10-07,1747809.4930208903,1459611.4419836414,321701.21249337605,651497.8447084012,444209.0328370469,904608.9051173916,218624.72928099293,267800.0555531244
2021-10-08,1751848.8556840383,1465720.3229891993,329427.91430087725,666951.2483234036,442725.42353372107,901641.68651074,226351.43108849414,266316.4462497986
2021-10-11,1746744.957146117,1460528.061494971,324450.6122230346,656996.6441677184,440919.7876087243,898030.4146607465,221374.1290106515,264510.81032480183
2021-10-12,1752618.8466488582,1463597.6264073343,322749.8583629878,653595.1364476248,440653.4936305522,897497.8267044022,219673.37515060473,264244.5163466297
2021-10-13,1763231.6884487371,1469387.775305671,322838.8264874079,653773.072696465,442487.82104368054,901166.4815306589,219762.34327502482,266078.84375975805
2021-10-14,1780709.6319417171,1482038.370733333,330467.1768238898,669029.7733694287,444833.2915319156,905857.422507129,227390.6936115067,268424.3142479931
2021-10-15,1778207.6955050044,1483051.0861115712,332063.4058555114,672263.1560320867,443782.8867019919,903838.4620461114,228986.92264312826,267373.9094180694
2021-10-18,1803809.1639678376,1508652.5545744044,343242.1872194237,694620.7187599114,451182.5141769236,918637.7169959748,240165.7040070406,274773.5368930011
2021-10-19,1804280.129652426,1509123.520258993,342522.38400241034,693181.1123258846,451126.16490770585,918525.0184575393,239445.90079002726,274717.18762378336
2021-10-20,1809311.5885758852,1514154.979182452,344448.1042424421,697032.5528059483,452605.32726655056,921483.3431752287,241371.62103005906,276196.3499826281
2021-10-21,1798802.3334805549,1503645.724087122,337821.22766396997,683778.7996490039,448913.033533288,914098.7557087035,234744.74445158686,272504.0562493655
2021-10-22,1800015.5361576967,1504858.9267642635,337886.4576167373,683909.2595545386,449102.93051596667,914478.5496740609,234809.97440435423,272693.9532320442
2021-10-25,1830543.131069965,1535386.5216765318,354119.4927524102,716375.3298258843,459529.5210639814,935331.7307700902,251043.00954002707,283120.5437800589
2021-10-26,1834654.1829737837,1539497.5735803505,355162.4514699088,718461.2472608816,460817.0370608699,937906.7627638673,252085.96825752573,284408.0597769474
2021-10-27,1797719.681376716,1502563.0719832827,331533.9257777801,671204.1958766242,446870.429959323,910013.5485607736,228457.44256539704,270461.45267540053
2021-10-28,1825132.399192627,1529975.7897991939,347255.55047608353,702647.445273231,457064.14843263157,930400.9855073906,244179.06726370045,280655.1711487091
2021-10-29,1819833.3287875121,1524676.719394079,344107.4559597602,696351.2562405844,454948.56497508206,926169.8185922917,241030.9727473771,278539.58769115957
2021-11-01,1845370.5219825194,1550213.9125890862,357391.610095516,722919.5645120961,464497.4527868945,945267.5942159166,254315.12688313297,288088.475502972
2021-11-02,1858427.379880125,1563270.7704866917,365189.9315566389,738516.2074343418,469813.8172506455,955900.3231434185,262113.4483442558,293404.839966723
2021-11-03,1850288.9338878454,1555132.3244944122,359004.0222062164,726144.3887334969,465881.03040570853,948034.7494535446,255927.53899383335,289472.05312178604
2021-11-04,1824535.0923921966,1529378.4829987634,354228.8694870933,716594.0832952507,457505.3532459682,931283.3951340639,251152.38627471024,281096.3759620457
2021-11-05,1801294.3210070636,1506137.7116136304,356277.1151308078,720690.5745826795,459104.274156824,934481.2369557755,253200.6319184247,282695.2968729015
2021-11-08,1823028.0401238725,1523127.599642382,368081.22035899246,744298.785039049,466265.6331147765,948803.9548716806,265004.7371466094,289856.655830854
2021-11-09,1806503.551039577,1511433.3050484683,357667.9420027498,723472.2283265637,461506.63624881173,939285.961139751,254591.45879036677,285097.65896488924
2021-11-10,1762702.2340522825,1472499.2035064707,328902.07739378756,665940.4991086392,443677.1963344013,903627.0813109302,225825.5941814045,267268.21905047883
2021-11-11,1773327.0456595202,1485061.030919764,337376.4195929833,682889.1835070307,447575.4259660472,911423.540574222,234299.93638060024,271166.4486821247
2021-11-12,1781453.5453901433,1489874.8658598377,340366.48552011943,688869.3153613029,447891.82984207675,912056.348326281,237290.00230773637,271482.85255815426
2021-11-15,1784003.6217791908,1490031.4287945968,335873.28889833717,679882.9221177384,448649.07961976517,913570.8478816579,232796.8056859541,272240.1023358427
2021-11-16,1783073.8351965286,1489588.9859494774,335154.9986030969,678446.3415272578,447288.4249428138,910849.5385277552,232078.5153907138,270879.4476588913
2021-11-17,1770820.202406615,1472431.1261722574,324753.97474261496,657644.293806294,436571.6415449566,889415.9717320406,221677.49153023187,260162.66426103408
2021-11-18,1783308.187223081,1479256.109738595,329807.9144807783,667752.1732826206,440544.6550455973,897361.998733322,226731.43126839522,264135.6777616748
2021-11-19,1762693.1661048215,1450888.1643365622,320022.72548410506,648226.9594412891,424339.7915331339,865042.6000124252,216946.24227172197,247930.8142492114
2021-11-22,1785425.794530692,1473620.7927624325,330555.0987113689,669291.7058958169,431134.49426422815,878632.0054746139,227478.61549898586,254725.51698030572
2021-11-23,1812390.3917076678,1500585.3899394085,347684.57513493317,703550.6587429454,440455.268264391,897273.5534749394,244608.09192255008,264046.2909804685
2021-11-24,1830082.7088095997,1518277.7070413404,358922.66187586356,726026.8322248062,446252.14953249745,908867.3160111525,255846.1786634805,269843.172248575
2021-11-26,1828515.0278112656,1516710.026043006,360618.0274192989,729417.5633116768,444707.7230526467,905778.4630514509,257541.54420691586,268298.7457687242
2021-11-29,1880562.6327621348,1568757.6309938754,398940.27089044586,806062.0502539708,457279.7477304732,930922.5124071038,295863.7876780628,280870.7704465507
2021-11-30,1843593.9878870125,1531788.986118753,371086.39271365077,750354.2939003806,446583.3940287883,909529.8050037341,268009.9095012677,270174.4167448658
2021-12-01,1778088.2615259765,1466283.259757717,327271.7157498564,662724.9399727918,429569.74576062645,875502.5084674105,224195.23253747335,253160.768476704
2021-12-02,1790973.861461715,1479168.8596934555,328846.47400256887,665874.4564782168,433014.2769369028,882391.5708199631,225769.9907901858,256605.29965298035
2021-12-03,1785610.21788008,1469839.7820299864,328974.79241133673,666131.0932957525,432720.0730797791,881803.1631057158,225898.30919895368,256311.09579585664
2021-12-06,1759875.3573549492,1475487.1452064095,309857.4043812744,627896.3172356279,422889.6798999236,862142.3767460048,206780.92116889136,246480.70261600116
2021-12-07,1824289.5641725082,1526996.6438504797,345261.53076989006,698704.5700128592,447271.79696911405,910906.6108843856,242185.047557507,270862.8196851916
2021-12-08,1820846.9551563144,1522757.9261089638,338852.9059983683,685887.3204698156,444659.637777768,905682.2925016935,235776.42278598523,268250.6604938455
2021-12-09,1790030.0434870443,1500425.3593431665,316306.92193916504,640795.352351409,429553.0424633174,875469.1018727924,213230.43872678195,253144.06517939494
2021-12-10,1798835.7464277786,1520717.9028075149,319231.0551480095,646643.6187690981,431790.1651600649,879943.3472662873,216154.57193562645,255381.18787614242
2021-12-13,1778180.9023098175,1488743.0247636507,295485.57452334196,599152.6575197629,413867.3676290921,844097.7522043417,192409.09131095887,237458.39034516964
2021-12-14,1760921.8705987355,1467564.049575687,288416.8272686779,585015.1630104347,407194.3818865296,830751.7807192168,185340.3440562948,230785.4046026072
2021-12-15,1773867.7523504426,1475869.704512996,288674.7472342206,585531.0029415202,407509.70620285644,831382.4293518704,185598.26402183753,231100.72891893398
2021-12-16,1768799.1173695044,1471756.4185133725,287280.2772128158,582742.0628987107,406220.43035685027,828803.8776598581,184203.79400043277,229811.4530729278
2021-12-17,1770669.6417701847,1463755.8280737505,288379.90882660897,584991.3261262969,406746.98405211465,829956.9850503869,185303.42561422588,230338.00676819222
2021-12-20,1748538.7087222275,1441624.8950257932,275378.3086281119,558988.1257293028,399303.4836099118,815069.9841659812,172301.82541572885,222894.50632598932
2021-12-21,1783706.0170159396,1476792.2033195053,292233.8512269479,592699.2109269748,409973.606394007,836410.2297341715,189157.36801456485,233564.6291100845
2021-12-22,1801492.1921613843,1494578.37846495,301493.7527699553,611219.0140129896,415679.6781432024,847822.3732325623,198417.26955757226,239270.70085927995
2021-12-23,1805018.1461546232,1498104.3324581888,302149.09053790534,612529.6895488896,416586.3090582368,849635.6350626311,199072.60732552226,240177.33177431434
2021-12-27,1845828.9781962933,1538915.164499859,326117.473284396,660466.4550418709,431051.96570946876,878566.9483650951,223040.99007201294,254642.9884255463
2021-12-28,1838684.8645729176,1531771.0508764833,320831.21561168664,649893.9396964522,428538.710077012,873540.4371001816,217754.73239930355,252129.73279308956
2021-12-29,1835148.2877381204,1528234.474041686,316898.4929594067,642028.4943918923,427002.02997856395,870467.0769032855,213822.0097470236,250593.05269464146
2021-12-30,1825202.9659235624,1518289.152227128,308537.83555851143,625307.1795901018,422992.275583955,862447.5681140675,205461.35234612835,246583.29830003256
2021-12-31,1831261.1371184485,1524347.3234220142,311498.10307355743,631227.7146201938,425290.3225277235,867043.6620016046,208421.61986117432,248881.34524380104
2022-01-03,1840692.0270351113,1533778.213338677,317502.669420703,643236.847314485,429245.4682542562,874953.9534546699,214426.18620831994,252836.4909703337
2022-01-04,1887219.7161118656,1580305.9024154313,359874.3033401155,727980.11515331,446625.36292045476,909713.7427870671,256797.82012773247,270216.38563653233
2022-01-05,1850961.8243380485,1544048.0106416142,338952.66398718924,686136.8364474574,436739.8128505538,889942.6426472651,235876.18077480615,260330.8355666313
2022-01-06,1872950.6372823769,1566036.8235859426,363432.7997818487,735097.1080367763,444916.11148109764,906295.2399083528,260356.31656946556,268507.1341971752
2022-01-07,1864651.4178679413,1557342.1934182039,361046.5052098652,730324.5188928094,444336.3641839582,905135.745314074,257970.02199748214,267927.3869000358
2022-01-10,1858144.5080288553,1544814.2484080954,353143.1950181293,714517.8985093376,445596.3383513836,907655.6936489246,250066.7118057462,269187.3610674611
2022-01-11,1876197.4869480259,1563556.2108246405,369755.3923822793,747742.2932376375,450751.29480877914,917965.6065637158,266678.90916989616,274342.31752485665
2022-01-12,1876213.9971514964,1565690.369886077,371063.1680894222,750357.8446519234,451412.8947388175,919288.8064237925,267986.68487703917,275003.917454895
2022-01-13,1868009.267494061,1568971.0223000096,372820.1264774064,753871.7614278918,451037.047419455,918537.1117850676,269743.64326502336,274628.0701355325
2022-01-14,1881983.3368765407,1584534.0675007517,388419.14917917614,785069.8068314312,454998.5595778336,926460.1361018248,285342.665966793,278589.58229391114
2022-01-18,1863953.8168586511,1569801.894230743,373066.3334006044,754364.1752742877,456258.4615114967,928979.9399691509,269989.8501882213,279849.48422757426
2022-01-19,1836013.9494540957,1542532.3369962114,345763.2458709086,699758.0002148962,451904.53263665456,920272.0822194667,242686.76265852555,275495.5553527321
2022-01-20,1810626.8026904878,1525488.8853606232,328713.9990379249,665659.5065489288,445578.49488504906,907620.0067162557,225637.51582554186,269169.5176011266
2022-01-21,1769462.145855743,1494912.4182412897,297093.6560204494,602468.8205139778,430981.0549874485,878525.1269210546,195058.2579756063,256245.97564562998
2022-01-24,1781617.0210636458,1494912.4182412897,299981.3881178868,608244.2847088525,433756.9063022444,884076.8295506464,195058.2579756063,256245.97564562998
2022-01-25,1764931.1177670304,1494912.4182412897,294257.74130080466,596796.9910746883,429105.295863661,874773.6086734795,195058.2579756063,256245.97564562998
2022-01-26,1770367.4821794315,1494912.4182412897,295825.65297032316,599932.8144137253,430305.01409650536,877173.0451391683,195058.2579756063,256245.97564562998
2022-01-27,1762106.2609440626,1494912.4182412897,292650.7222554905,593582.9529840599,428141.37101436325,872845.758974884,195058.2579756063,256245.97564562998
2022-01-28,1797680.6033239043,1494912.4182412897,306675.78774088767,621633.0839548543,438310.2844844737,893183.585915105,195058.2579756063,256245.97564562998
2022-01-31,1833743.5720921415,1494912.4182412897,320714.5483263158,649710.6051257106,450085.48272381927,916733.9823937961,195058.2579756063,256245.97564562998
2022-02-01,1864382.5472130913,1494912.4182412897,342169.67034614156,692620.8491653621,461835.1104530372,940233.237852232,195058.2579756063,256245.97564562998
2022-02-02,1883639.094426417,1494912.4182412897,356695.50401912036,721672.5165113197,468829.27738016465,954221.5717064869,195058.2579756063,256245.97564562998
2022-02-03,1856153.6815479088,1494912.4182412897,338284.707684063,684850.923841205,457526.56939417036,931616.1557344983,195058.2579756063,256245.97564562998
2022-02-04,1867426.319924973,1494912.4182412897,343442.5736304025,695166.655733884,462750.6848135063,942064.3865731702,195058.2579756063,256245.97564562998
2022-02-07,1861060.8733974823,1494912.4182412897,334611.6978760989,677504.9042252768,460203.03420327144,936969.0853527004,195058.2579756063,256245.97564562998
2022-02-08,1864403.3710669873,1494912.4182412897,339982.38202435954,688246.272521798,460834.0215766154,938231.0600993884,195058.2579756063,256245.97564562998
2022-02-09,1915568.3406537499,1494912.4182412897,377345.99838474975,762973.5052425785,481563.09275697224,979689.202460102,195058.2579756063,256245.97564562998
2022-02-10,1904094.6382407353,1494912.4182412897,368113.21335361665,744507.9351803123,474998.78062259726,966560.5781913521,195058.2579756063,256245.97564562998
2022-02-11,1880081.089683817,1494912.4182412897,347692.60002156143,703666.7085162018,463960.9180174954,944484.8529811484,195058.2579756063,256245.97564562998
2022-02-14,1849004.3755682923,1494912.4182412897,328786.66557908215,665854.8396312433,454748.89785464585,926060.8126554493,195058.2579756063,256245.97564562998
2022-02-15,1892688.3475385213,1494912.4182412897,358052.0148072986,724385.5380876762,473928.16662319447,964419.3501925464,195058.2579756063,256245.97564562998
2022-02-16,1905119.1130674486,1494912.4182412897,368780.7972110039,745843.1028950867,481175.0905689227,978913.198084003,195058.2579756063,256245.97564562998
2022-02-17,1876732.4223179545,1494912.4182412897,347125.85038033157,702533.2092337421,462634.50991755107,941832.0367812597,195058.2579756063,256245.97564562998
2022-02-18,1866245.438855963,1494912.4182412897,337134.3538672447,682600.2162075683,450810.5179449323,918284.0528360221,195058.2579756063,256245.97564562998
2022-02-22,1836089.7217446745,1494912.4182412897,319399.97732229927,647131.4631176775,440465.11302064254,897593.2429874426,195058.2579756063,256245.97564562998
2022-02-23,1830296.6655262182,1494912.4182412897,316929.5440116501,642190.5964963791,438802.7721736973,894268.5612935522,195058.2579756063,256245.97564562998
2022-02-24,1846891.5216538894,1494912.4182412897,323131.2696733957,654594.0478198704,443141.312369158,902945.6416844736,195058.2579756063,256245.97564562998
2022-02-25,1885048.3990868584,1494912.4182412897,340418.87675124174,689169.2619755624,454892.1202012818,926447.2573487211,195058.2579756063,256245.97564562998
2022-02-28,1926121.1074462542,1494912.4182412897,365072.48701980826,738476.4825126955,469783.11924024817,956229.2554266539,195058.2579756063,256245.97564562998
2022-03-01,1913856.343242264,1494912.4182412897,358985.34308278555,726302.19463865,466469.8516932208,949602.7203325991,195058.2579756063,256245.97564562998
2022-03-02,1933932.6267972111,1494912.4182412897,367623.3195151969,743578.1475034727,472375.9456767736,961414.9082997048,195058.2579756063,256245.97564562998
2022-03-03,1919183.9376989207,1494912.4182412897,356798.00563382544,721927.5197407298,466897.27034109266,950457.5576283429,195058.2579756063,256245.97564562998
2022-03-04,1924918.6150144509,1494912.4182412897,363533.2294097444,735397.9672925677,470369.097258122,957401.2114624016,195058.2579756063,256245.97564562998
2022-03-07,1884502.5232145337,1494912.4182412897,341671.0431527497,691673.5947785784,455981.76737430546,928626.5516947685,195058.2579756063,256245.97564562998
2022-03-08,1868620.2247047324,1494912.4182412897,332595.18196657515,673521.8724062293,451460.5227364149,919584.0624189874,195058.2579756063,256245.97564562998
2022-03-09,1864885.208998363,1494912.4182412897,322660.03567644506,653651.5798259691,445678.6020949346,908020.2211360268,195058.2579756063,256245.97564562998
2022-03-10,1883927.949954943,1494912.4182412897,336244.70403352386,680820.9165401267,454753.06920772494,926169.1553616074,195058.2579756063,256245.97564562998
2022-03-11,1862608.5828840944,1494912.4182412897,325454.74741000053,659241.00329308,447544.4526321305,911751.9222104185,195058.2579756063,256245.97564562998
2022-03-14,1825306.0677694548,1494912.4182412897,303038.1324100761,614407.7732932311,430082.1786704971,876827.3742871517,195058.2579756063,256245.97564562998
2022-03-15,1829373.7303284537,1494912.4182412897,298696.8944145838,605725.2973022466,426806.2733819761,870275.5637101098,195058.2579756063,256245.97564562998
2022-03-16,1843547.7546411478,1494912.4182412897,297298.71687212866,602928.9422173363,425725.6733569777,868114.363660113,195058.2579756063,256245.97564562998
2022-03-17,1887782.454680144,1494912.4182412897,319292.8966191852,646917.3017114494,446161.76978524524,908986.556516648,195058.2579756063,256245.97564562998
2022-03-18,1902094.5318086161,1494325.0217022554,326575.8306005853,661533.1696742496,453135.9984508539,923035.0138478654,194303.649755907,255024.76763280915
2022-03-21,1919111.1383307255,1511341.6282243647,333648.4345016567,675678.3774763923,457955.0976594542,932673.212265066,201376.2536569784,259843.8668414094
2022-03-22,1925932.831123205,1518163.3210168441,336028.44242230075,680438.3933176805,459887.3575620935,936537.7320703445,203756.26157762247,261776.12674404867
2022-03-23,1920958.3462796842,1513188.8361733234,333589.0175661539,675559.5436053867,458344.20988832944,933451.4367228164,201316.83672147556,260232.97907028467
2022-03-24,1958737.0204248622,1550967.5103185014,354839.4438708135,718060.396214706,471276.3103943227,959315.6377348029,222567.26302613525,273165.0795762779
2022-03-25,1960715.152771786,1552945.6426654253,355631.0989059963,719643.7062850716,471995.805677861,960754.6283018795,223358.91806131796,273884.5748598162
2022-03-28,1954765.190420642,1546995.6803142813,348343.2549619869,705068.0183970528,469769.09158970957,956301.2001255767,216071.07411730857,271657.86077166477
2022-03-29,1960375.3143354505,1552605.8042290898,352385.86219104065,713153.2328551603,472071.4826722532,960905.982290664,220113.6813463623,273960.2518542084
2022-03-30,1947227.1717575686,1539457.6616512078,341142.12094171194,690665.7503565028,466532.73115406005,949828.4792542777,208869.94009703366,268421.50033601525
2022-03-31,1938134.1659709364,1530364.6558645759,334819.38222712727,678020.2729273335,462638.61018551636,942040.2373171903,202547.20138244893,264527.37936747156
2022-04-01,1938205.331218097,1530435.8211117361,333529.0134616393,675439.5353963575,462364.0703916101,941491.1577293777,201256.83261696098,264252.8395735653
2022-04-04,1954543.7045490476,1546774.1944426869,341846.34159711446,692074.1916673079,469176.5356712976,955116.0882887527,209574.16075243618,271065.3048532528
2022-04-05,1924975.3561577469,1517205.846051386,323261.5626123331,654904.6336977452,455794.2002071476,928351.4173604527,190989.3817676548,257682.96938910274
2022-04-06,1892035.9194126534,1484266.4093062927,304024.5138965956,616430.5362662702,441561.70226626564,899886.4214786888,171752.33305191732,243450.47144822084
2022-04-07,1906908.2747007655,1499138.7645944047,311551.29031097464,631484.0890950282,448265.3213159686,913293.6595780947,179279.1094662963,250154.0904979238
2022-04-08,1908084.3090675725,1500314.7989612117,316652.55312764115,641686.6147283613,452921.4692029629,922605.9553520833,184380.37228296284,254810.23838491808
2022-04-11,1870006.1641331355,1471324.4946872222,295181.43144607975,598744.3713652384,434341.2877187137,885445.5923835849,162909.2506014014,236230.0569006689
2022-04-12,1880271.0292428564,1484711.9149499403,302091.72998514294,612564.9684433648,441199.7426608764,899162.5022679104,169819.5491404646,243088.5118428316
2022-04-13,1903877.9336703322,1503033.9461485478,313127.1678654067,634635.8442038924,452231.15045059536,921225.3178473483,180854.9870207284,254119.91963255056
2022-04-14,1881357.6566088775,1488258.4324103373,302326.88058856357,613085.2696502061,441011.8494607133,898886.7158675841,171032.54973810297,244471.63445336273
2022-04-18,1899838.2418612442,1488258.4324103373,308198.8621863605,624829.2328458,445735.5798604091,908334.1766669757,171032.54973810297,244471.63445336273
2022-04-19,1887294.03699579,1488258.4324103373,300628.9871161425,609689.482705364,441396.4623170412,899655.9415802399,171032.54973810297,244471.63445336273
2022-04-20,1896443.5143434093,1488258.4324103373,304737.2633680333,617906.0352091455,444180.96866429696,905224.9542747515,171032.54973810297,244471.63445336273
2022-04-21,1848079.1589373345,1488258.4324103373,281375.04852933675,571181.6055317525,428993.38250747067,874849.7819610989,171032.54973810297,244471.63445336273
2022-04-22,1813028.599895785,1488258.4324103373,267596.67805814755,543624.864589374,419185.46907183045,855233.9550898185,171032.54973810297,244471.63445336273
2022-04-25,1780596.1259216275,1488258.4324103373,256849.21925982618,522129.9469927313,410967.7890602659,838798.5950666893,171032.54973810297,244471.63445336273
2022-04-26,1779194.1912879376,1488258.4324103373,255838.06228443322,520107.6330419454,410200.148314997,837263.3135761515,171032.54973810297,244471.63445336273
2022-04-27,1800652.5875229272,1488258.4324103373,259823.52924373813,528078.5669605553,413623.8038757176,844110.6246975928,171032.54973810297,244471.63445336273
2022-04-28,1829616.8887148746,1488258.4324103373,267220.47376490175,542872.4560028824,419780.90508539305,856424.8271169437,171032.54973810297,244471.63445336273
2022-04-29,1808032.0964142028,1488258.4324103373,259780.37885905954,527992.266191198,413811.915564949,844486.8480760555,171032.54973810297,244471.63445336273
2022-05-02,1818026.852448216,1488258.4324103373,260488.70785340125,529408.9241798815,414623.5543959947,846110.125738147,171032.54973810297,244471.63445336273
2022-05-03,1862646.9663806153,1488258.4324103373,274830.36657283636,558092.2416187517,426673.64055265026,870210.2980514581,171032.54973810297,244471.63445336273
2022-05-04,1906121.337940103,1488258.4324103373,296411.3291383464,601254.1667497718,443300.91291204566,903464.8427702489,171032.54973810297,244471.63445336273
2022-05-05,1883571.1101173293,1488258.4324103373,285268.8240352405,578969.15654356,434813.610912996,886490.2387721495,171032.54973810297,244471.63445336273
2022-05-06,1922188.0044202586,1488258.4324103373,307797.0657978741,624025.6400688272,451389.8248088074,919642.6665637724,171032.54973810297,244471.63445336273
2022-05-09,1806334.7755427225,1488258.4324103373,254345.05640644475,517121.62128596846,409693.4953674148,836250.007680987,171032.54973810297,244471.63445336273
2022-05-10,1822635.473788513,1488258.4324103373,258669.2692454804,525770.0469640398,413697.14354100655,844257.3040281706,171032.54973810297,244471.63445336273
2022-05-11,1838310.8843112255,1488258.4324103373,261325.53556121245,531082.5795955039,416251.2597028328,849365.5363518231,171032.54973810297,244471.63445336273
2022-05-12,1840594.5347152732,1488258.4324103373,259339.40440819206,527110.3172894631,414607.67690864345,846078.3707634445,171032.54973810297,244471.63445336273
2022-05-13,1901335.7054621729,1488258.4324103373,283760.64939480403,575952.807262687,436499.22966113396,889861.4762684255,171032.54973810297,244471.63445336273
2022-05-16,1938590.022915621,1488258.4324103373,303964.54551104835,616360.5994951756,455044.97672059265,926952.9703873429,171032.54973810297,244471.63445336273
2022-05-17,1953446.3601572982,1488258.4324103373,312819.8044639901,634071.1174010591,462943.48471516906,942749.9863764957,171032.54973810297,244471.63445336273
2022-05-18,1902618.530476134,1488258.4324103373,282600.82413814095,573633.1567493608,437842.6892734647,892548.395493087,171032.54973810297,244471.63445336273
2022-05-19,1899784.398919958,1488258.4324103373,279603.72697915335,567638.9624313856,435433.6987751217,887730.414496401,171032.54973810297,244471.63445336273
2022-05-20,1894722.4776379287,1488258.4324103373,278122.1366163466,564725.7817057722,433442.05764137977,883847.1322289171,171032.54973810297,244471.63445336273
2022-05-23,1938358.4141418524,1488258.4324103373,298518.67694767885,605518.8623684366,446533.92738917517,910030.8717245079,171032.54973810297,244471.63445336273
2022-05-24,1921102.1378827766,1488258.4324103373,287288.6058354667,583058.7201440124,440491.5729665249,897946.1628792074,171032.54973810297,244471.63445336273
2022-05-25,1945505.1635026245,1488258.4324103373,300450.13915948843,609381.7867920558,448596.9146560122,914156.846258182,171032.54973810297,244471.63445336273
2022-05-26,1948395.7041609646,1488258.4324103373,301734.30761840165,611950.1237098823,449570.02832815325,916103.073602464,171032.54973810297,244471.63445336273
2022-05-27,1970593.3832421075,1488258.4324103373,316452.53113217565,641386.5707374302,457549.1666384305,932061.3502230186,171032.54973810297,244471.63445336273
2022-05-31,1976221.590886026,1488258.4324103373,312563.00969863625,633607.5278703514,459509.0907399236,935981.1984260047,171032.54973810297,244471.63445336273
2022-06-01,1967191.6006059116,1488258.4324103373,307689.0508308656,623859.6101348102,456116.2648765181,929195.5466991938,171032.54973810297,244471.63445336273
2022-06-02,1971498.000006868,1488258.4324103373,307369.509421297,623220.527315673,457532.16414228425,932027.3452307261,171032.54973810297,244471.63445336273
2022-06-03,1975779.9462192175,1488258.4324103373,310595.6176018836,629672.7436768461,459445.68901381793,935854.3949737934,171032.54973810297,244471.63445336273
2022-06-06,1971230.1746591653,1488258.4324103373,303687.49695142685,615856.5023759326,457483.89638856845,931930.8097232945,171032.54973810297,244471.63445336273
2022-06-07,1978446.5058063976,1488258.4324103373,314189.6411925167,636860.7908581124,460501.78180886025,937966.5805638781,171032.54973810297,244471.63445336273
2022-06-08,1965610.3399223639,1488258.4324103373,305624.8659475376,619731.2403681541,455719.4654520224,928401.9478502023,171032.54973810297,244471.63445336273
2022-06-09,1935327.066598829,1488258.4324103373,287133.9932944131,582749.4950619051,444185.8486547507,905334.7142556589,171032.54973810297,244471.63445336273
2022-06-10,1914464.1962111702,1488258.4324103373,271222.81136551476,550927.1312041085,434706.3752843687,886375.767514895,171032.54973810297,244471.63445336273
2022-06-13,1862643.2182381556,1488258.4324103373,238151.9930819819,484785.49463704275,410228.06472350715,837419.1463931719,171032.54973810297,244471.63445336273
2022-06-14,1894612.1980451718,1488258.4324103373,243365.83508362103,495213.178640321,415591.72131605155,848146.4595782607,171032.54973810297,244471.63445336273
2022-06-15,1881489.693012224,1488258.4324103373,235080.43015206087,478642.3687772007,407930.32672861737,832823.6704033923,171032.54973810297,244471.63445336273
2022-06-16,1824542.3082281218,1488258.4324103373,217571.93618643668,443625.3808459523,390706.4884794426,798375.9939050428,171032.54973810297,244471.63445336273
2022-06-17,1784627.6369817376,1488258.4324103373,215002.52461001358,438536.5576931061,387516.769349128,792096.5556444136,171032.54973810297,244471.63445336273
2022-06-21,1819628.237400647,1488258.4324103373,228691.22327710685,465913.95502729266,397368.96186722605,811800.9406806097,171032.54973810297,244471.63445336273
2022-06-22,1776102.9408002044,1488258.4324103373,204815.97141585618,418163.4513047913,382833.39360564237,782729.8041574423,171032.54973810297,244471.63445336273
2022-06-23,1723695.4553800449,1488258.4324103373,183843.1146388949,376217.7377508688,368193.1991937912,753449.41533374,171032.54973810297,244471.63445336273
2022-06-24,1738385.0147818886,1488258.4324103373,188072.69500113736,384676.89847535366,371388.53882137686,759840.0945889113,171032.54973810297,244471.63445336273
2022-06-27,1778871.9969397716,1488258.4324103373,200105.6591867309,408742.82684654073,381153.77415267826,779370.5652515141,171032.54973810297,244471.63445336273
2022-06-28,1805786.4147517255,1488258.4324103373,213180.8866374596,434893.28174799815,390203.18114865513,797469.3792434678,171032.54973810297,244471.63445336273
2022-06-29,1762406.5596100467,1488258.4324103373,191206.4325387816,390944.37355064217,375001.4149463269,767065.8468388114,171032.54973810297,244471.63445336273
2022-06-30,1747980.3395455047,1488258.4324103373,185321.52199242596,379174.55245793087,370591.5339266956,758246.0847995487,171032.54973810297,244471.63445336273
2022-07-01,1753617.8465847978,1488258.4324103373,187381.02339946185,383293.55527200265,372000.46393245476,761063.9448110671,171032.54973810297,244471.63445336273
2022-07-05,1710914.0491911168,1488258.4324103373,171973.66972534807,352478.8479237751,360254.5274794097,737572.071904977,171032.54973810297,244471.63445336273
2022-07-06,1704029.4315751533,1488258.4324103373,170428.25861534913,349388.0257037772,359081.6575226997,735226.3319915569,171032.54973810297,244471.63445336273
2022-07-07,1739499.72809741,1488258.4324103373,178209.05279378145,364949.61406064185,365526.46663873276,748115.9502236231,171032.54973810297,244471.63445336273
2022-07-08,1744659.8346769863,1488258.4324103373,176321.16641618864,361173.84130545624,364658.97635096405,746380.9696480857,171032.54973810297,244471.63445336273
2022-07-11,1732863.2474871576,1488258.4324103373,168230.6633709653,344992.8352150096,358250.4241677316,733563.8652816208,171032.54973810297,244471.63445336273
2022-07-12,1708934.8253050442,1488258.4324103373,160485.45115630113,329502.4107856812,350925.3918483149,718913.8006427874,171032.54973810297,244471.63445336273
2022-07-13,1721896.2597485979,1488258.4324103373,160538.92242904316,329609.3533311653,351008.37367637106,719079.7642988996,171032.54973810297,244471.63445336273
2022-07-14,1686644.8869000538,1488258.4324103373,156331.01849337222,321193.5454598234,346813.2955482903,710689.6080427382,171032.54973810297,244471.63445336273
2022-07-15,1712378.8858272743,1488258.4324103373,158668.12023359785,325917.74894027464,348515.68782272376,714194.3925916051,171032.54973810297,244471.63445336273
2022-07-18,1737804.0100832519,1488258.4324103373,168866.95496670323,346315.4184064854,355595.5896922084,728354.1963305743,171032.54973810297,244471.63445336273
2022-07-19,1779570.1118214868,1488258.4324103373,192959.73520881357,394500.9788907061,369466.23822827963,756095.4934027168,171032.54973810297,244471.63445336273
2022-07-20,1794379.705667693,1488258.4324103373,201838.14775630532,412257.8039856896,374548.6138918725,766260.2447299026,171032.54973810297,244471.63445336273
2022-07-21,1759434.5487463172,1488258.4324103373,178897.1625434081,366375.83355989517,362353.404865956,741869.8266780695,171032.54973810297,244471.63445336273
2022-07-22,1744699.6589811898,1488258.4324103373,168950.70620353112,346482.9208801412,356976.03023534047,731115.0774168385,171032.54973810297,244471.63445336273
2022-07-25,1798927.3443740662,1488258.4324103373,199632.16015701054,407845.82878710004,376148.273901563,769459.5647492836,171032.54973810297,244471.63445336273
2022-07-26,1777114.8424298784,1488258.4324103373,183828.37572145622,376238.2599159914,367774.46971453086,752711.9563752193,171032.54973810297,244471.63445336273
2022-07-27,1811364.3409038181,1488258.4324103373,206233.9614484331,421049.4313699452,380957.4430595258,779077.9030652092,171032.54973810297,244471.63445336273
2022-07-28,1814683.7129919447,1488258.4324103373,208153.57696484384,424888.66240276664,382291.83577790175,781746.6885019611,171032.54973810297,244471.63445336273
2022-07-29,1854954.089332763,1488258.4324103373,238722.3672058931,486026.24288486515,397954.6953074048,813072.4075609671,171032.54973810297,244471.63445336273
2022-08-01,1835196.359385034,1488258.4324103373,218936.06516465932,446453.6388023976,391506.64451345796,800176.3059730735,171032.54973810297,244471.63445336273
2022-08-02,1834082.168441534,1488258.4324103373,216205.00371199092,440991.5158970608,391520.8482534743,800204.7134531061,171032.54973810297,244471.63445336273
2022-08-03,1779612.9581551687,1488258.4324103373,174767.88964875776,358117.28777059447,367121.04863131663,751405.1142087908,171032.54973810297,244471.63445336273
2022-08-04,1725486.022292423,1488258.4324103373,143390.51258199196,295362.5336370629,344223.87990537944,705610.7767569164,171032.54973810297,244471.63445336273
2022-08-05,1754114.8485000338,1488258.4324103373,158572.80099765628,325727.1104683915,355422.078191797,728007.1733297516,171032.54973810297,244471.63445336273
2022-08-08,1768393.5381813464,1488258.4324103373,162431.00840813515,333443.52528934926,360072.60500082467,737308.2269478069,171032.54973810297,244471.63445336273
2022-08-09,1797975.452590645,1488258.4324103373,181449.80362700892,371481.1157270968,374590.40907427325,766343.8350947041,171032.54973810297,244471.63445336273
2022-08-10,1809965.504295062,1488258.4324103373,188835.4612790469,386252.43103117275,380856.71951005224,778876.455966262,171032.54973810297,244471.63445336273
2022-08-11,1861566.3283043986,1488258.4324103373,231891.3613843767,472364.23124183237,406941.36948009895,831045.7559063555,171032.54973810297,244471.63445336273
2022-08-12,1872848.5454700682,1488258.4324103373,241997.51070765645,492576.52988839184,411026.3686490723,839215.7542443022,171032.54973810297,244471.63445336273
2022-08-15,1843576.7391904793,1488258.4324103373,212539.44967163127,433660.4078163415,397307.7318092115,811778.4805645805,171032.54973810297,244471.63445336273
2022-08-16,1839590.7254973273,1488258.4324103373,207998.26627992833,424578.0410329356,395916.54150273436,808996.0999516263,171032.54973810297,244471.63445336273
2022-08-17,1854066.918135255,1488258.4324103373,220254.8578384001,449091.2241498791,404554.1369894414,826271.2909250404,171032.54973810297,244471.63445336273
2022-08-18,1903460.985171447,1488258.4324103373,267258.3252687877,543098.1590106543,432210.66625882895,881584.3494638153,171032.54973810297,244471.63445336273
2022-08-19,1925282.4801424388,1488258.4324103373,288392.57412209385,585416.6567172667,445377.7654835665,908018.5479132906,171032.54973810297,244471.63445336273
2022-08-22,1927333.866463711,1488258.4324103373,286721.1614506684,582073.8313744158,445160.35380830005,907583.7245627576,171032.54973810297,244471.63445336273
2022-08-23,1970551.094973504,1488258.4324103373,309759.51161127555,628150.53169563,459142.60150870617,935548.2199635699,171032.54973810297,244471.63445336273
2022-08-24,1993369.3592061356,1488258.4324103373,324270.459381759,657172.4272365969,467070.67016267055,951404.3572714987,171032.54973810297,244471.63445336273
2022-08-25,2007929.1154674632,1488258.4324103373,334429.22687021154,677489.962213502,472020.2703575133,961303.5576611841,171032.54973810297,244471.63445336273
2022-08-26,2000668.379179152,1488258.4324103373,329050.2966375132,666732.1017481054,469315.1639773236,955893.3449008048,171032.54973810297,244471.63445336273
2022-08-29,2008910.3643451044,1488258.4324103373,330015.95700037456,668663.4224738281,473133.6302524376,963530.2774510328,171032.54973810297,244471.63445336273
2022-08-30,1956296.5893267286,1488258.4324103373,293453.9119708845,595539.3324148479,452397.34392861935,922057.7048033962,171032.54973810297,244471.63445336273
2022-08-31,1944515.103033491,1488258.4324103373,285789.34528449003,580210.199042059,447561.51543080964,912386.0478077768,171032.54973810297,244471.63445336273
2022-09-01,1910514.0086311356,1488258.4324103373,269016.240048818,546663.988570715,435603.4242790721,888469.8655043017,171032.54973810297,244471.63445336273
2022-09-02,1936729.0748319705,1488258.4324103373,280439.1609618503,569509.8303967795,444354.3675249883,905971.7519961342,171032.54973810297,244471.63445336273
2022-09-06,1914301.4989335816,1488258.4324103373,263729.29306838557,536090.0946098501,432843.509791393,882950.0365289436,171032.54973810297,244471.63445336273
2022-09-07,1899016.439549861,1488258.4324103373,255650.09379984636,519931.6960727717,426224.08675539214,869711.1904569418,171032.54973810297,244471.63445336273
2022-09-08,1898847.2286176267,1488258.4324103373,255283.66349858712,519198.8354702532,426023.7635684833,869310.5440831241,171032.54973810297,244471.63445336273
2022-09-09,1916578.3740749776,1488258.4324103373,261161.6971335668,530954.9027402126,431420.8444717869,880104.7058897314,171032.54973810297,244471.63445336273
2022-09-12,1931947.4266533903,1488258.4324103373,268258.24985269055,545148.0081784601,438133.7657586855,893530.5484635285,171032.54973810297,244471.63445336273
2022-09-13,1912956.5496669156,1488258.4324103373,257209.2124767535,523049.933426586,428582.82793505467,874428.672816267,171032.54973810297,244471.63445336273
2022-09-14,1944739.3086232133,1488258.4324103373,278836.09166798077,566303.6918090405,447725.6975638342,912714.412073826,171032.54973810297,244471.63445336273
2022-09-15,1918110.7699137742,1488258.4324103373,268375.68665422517,545382.8817815293,439026.6679452201,895316.3528365977,171032.54973810297,244471.63445336273
2022-09-16,1896251.0804869444,1488258.4324103373,256109.6852447226,520900.8789625242,427422.2312429403,872207.4794320381,171032.54973810297,244471.63445336273
2022-09-19,1906032.6570353797,1488258.4324103373,258954.34649182888,526590.2014567367,429761.78997768473,876886.596901527,171032.54973810297,244471.63445336273
2022-09-20,1909016.4228581886,1488258.4324103373,260055.01378457807,528791.5360422351,430574.42516321497,878511.8672725875,171032.54973810297,244471.63445336273
2022-09-21,1892162.5063427766,1488258.4324103373,250281.02047875198,509243.5494305829,424885.18078417814,867133.3785145138,171032.54973810297,244471.63445336273
2022-09-22,1885627.491804761,1488258.4324103373,247132.87697342547,502947.2624199299,422857.4733334221,863077.9636130017,171032.54973810297,244471.63445336273
2022-09-23,1833213.9374348726,1488258.4324103373,226425.90265581026,461533.3137846995,408639.1667757846,834641.3504977267,171032.54973810297,244471.63445336273
2022-09-26,1806660.3727017834,1488258.4324103373,216978.28813957988,442638.0847522387,401721.9079352749,820806.8328167072,171032.54973810297,244471.63445336273
2022-09-27,1826013.0973043486,1488258.4324103373,221643.32944651967,451968.1673661183,405481.22207595385,828325.4610980653,171032.54973810297,244471.63445336273
2022-09-28,1872701.545548996,1488258.4324103373,237461.83869179143,483605.1858566618,417281.21978148085,851925.4565091191,171032.54973810297,244471.63445336273
2022-09-29,1866659.492214583,1488258.4324103373,232481.06024815695,473643.62896939286,414118.4332757492,845599.883497656,171032.54973810297,244471.63445336273
2022-09-30,1858663.2118791898,1488258.4324103373,228795.5416394619,466272.5917520028,411442.5284339434,840248.0738140444,171032.54973810297,244471.63445336273
2022-10-03,1908822.6235198195,1488258.4324103373,246837.0937399982,502355.69595307537,425737.1150676371,868837.2470814318,171032.54973810297,244471.63445336273
2022-10-04,1947019.4158556378,1488258.4324103373,268773.3264193275,546228.161311734,440878.9244329565,899120.8658120706,171032.54973810297,244471.63445336273
2022-10-05,1954056.2236651396,1488258.4324103373,271819.6227522005,552320.75397748,443606.14774625073,904575.312438659,171032.54973810297,244471.63445336273
2022-10-06,1974423.7030598286,1488258.4324103373,285397.5062709256,579476.5210149301,452991.23025627,923345.4774586975,171032.54973810297,244471.63445336273
2022-10-07,1959095.6518566844,1488258.4324103373,271834.8119586134,552351.1323903057,445827.8931001344,909018.8031464263,171032.54973810297,244471.63445336273
2022-10-10,1938317.3292415952,1488258.4324103373,253842.1429056933,516365.79428446555,434411.6179284991,886186.2528031558,171032.54973810297,244471.63445336273
2022-10-11,1918599.640593637,1488258.4324103373,239867.9145726776,488417.33761843416,423647.4436285358,864657.9042032291,171032.54973810297,244471.63445336273
2022-10-12,1930219.432993293,1488258.4324103373,247616.88951978192,503915.2875126428,429695.1651196341,876753.3471854258,171032.54973810297,244471.63445336273
2022-10-13,1970199.0846352808,1488258.4324103373,275134.1522199252,558949.8129129293,450636.4331481024,918635.8832423624,171032.54973810297,244471.63445336273
2022-10-14,1916040.8983372378,1488258.4324103373,237289.78011774123,483261.0687085614,421705.3177770575,860773.6525002726,171032.54973810297,244471.63445336273
2022-10-17,1929362.302451574,1488258.4324103373,239832.65820817987,488346.8248894387,425178.1979856924,867719.4129175424,171032.54973810297,244471.63445336273
2022-10-18,1941225.813113563,1488258.4324103373,244789.05709367266,498259.62266042427,429654.99356333684,876673.0040728312,171032.54973810297,244471.63445336273
2022-10-19,1962937.5542169968,1488258.4324103373,262277.1408896883,533235.7902524555,441310.2053141342,899983.4275744259,171032.54973810297,244471.63445336273
2022-10-20,1970592.232077195,1488258.4324103373,267732.6461309489,544146.8007349768,446669.7616271414,910702.5402004403,171032.54973810297,244471.63445336273
2022-10-21,2004240.6253499524,1488258.4324103373,294800.81645983865,598324.1413737057,467199.17019442306,951843.3572969026,171032.54973810297,244471.63445336273
2022-10-24,2006502.4370787304,1488258.4324103373,293178.48660645675,595079.4816669419,467011.266527236,951467.5499625283,171032.54973810297,244471.63445336273
2022-10-25,2023105.9111971078,1488258.4324103373,300673.05677337,610068.6220007684,471970.26799726096,961385.5529025784,171032.54973810297,244471.63445336273
2022-10-26,2024993.5553741264,1488258.4324103373,300901.3032340271,610525.1149220826,472385.45736026746,962215.9316285914,171032.54973810297,244471.63445336273
2022-10-27,2027128.1675412243,1488258.4324103373,300825.40324777004,610373.3149495685,472727.27340609167,962899.5637202398,171032.54973810297,244471.63445336273
2022-10-28,2024568.6169834002,1488258.4324103373,299125.9438131902,606974.3960804087,471604.62133892655,960654.2595859094,171032.54973810297,244471.63445336273
2022-10-31,2045186.8291611194,1488258.4324103373,307431.9761882588,623586.460830546,478330.0678313423,974105.152570741,171032.54973810297,244471.63445336273
2022-11-01,2041578.519868965,1488258.4324103373,302449.8921523126,613622.2927586536,476315.2309948609,970075.4788977782,171032.54973810297,244471.63445336273
2022-11-02,2001535.1385847572,1488258.4324103373,284934.567730707,578591.6439154424,463403.674468005,944252.3658440665,171032.54973810297,244471.63445336273
2022-11-03,2015513.3515951275,1488258.4324103373,288491.0254114168,585704.559276862,466253.5516398055,949952.1201876673,171032.54973810297,244471.63445336273
2022-11-04,2029540.7891746424,1488258.4324103373,295046.17596921674,598814.8603924619,471354.7523337865,960154.5215756294,171032.54973810297,244471.63445336273
2022-11-07,2052541.9557065177,1488258.4324103373,308292.3363876413,625307.181229311,480843.7959355766,979132.6087792095,171032.54973810297,244471.63445336273
2022-11-08,2054101.011888939,1488258.4324103373,305341.19733220816,619404.9031184446,480404.5172223324,978254.0513527213,171032.54973810297,244471.63445336273
2022-11-09,1994344.6772439065,1488258.4324103373,273425.7050313351,555573.9185166986,457118.6215973572,931682.2601027709,171032.54973810297,244471.63445336273
2022-11-10,2016946.0767718551,1488258.4324103373,281334.412721213,571391.3338964544,463510.2487078719,944465.5143238002,171032.54973810297,244471.63445336273
2022-11-11,2015684.5373214139,1488258.4324103373,279573.8572286702,567870.2229113688,462673.604269426,942792.2254469085,171032.54973810297,244471.63445336273
2022-11-14,2023219.1189430635,1488258.4324103373,274696.31085914077,558115.1301723099,460466.7946721259,938378.6062523081,171032.54973810297,244471.63445336273
2022-11-15,2033935.5262807193,1488258.4324103373,282255.95691896195,573234.4222919523,466878.6525214158,951202.3219508879,171032.54973810297,244471.63445336273
2022-11-16,2006019.1775457938,1488258.4324103373,261456.52618312679,531635.560820282,448877.2865042097,915199.5899164757,171032.54973810297,244471.63445336273
2022-11-17,2005615.2273983958,1488258.4324103373,260068.0969182502,528858.7022905288,447683.6011919129,912812.2192918821,171032.54973810297,244471.63445336273
2022-11-18,1997612.3014394077,1488258.4324103373,254031.3692106458,516835.24687532,441203.07770563586,899951.1723193281,171032.54973810297,244471.63445336273
2022-11-21,1983585.9000893044,1488258.4324103373,244703.30392326682,498179.11630056205,436073.73599756573,889692.4889031878,171032.54973810297,244471.63445336273
2022-11-22,2027548.9604991782,1488258.4324103373,267396.5146809491,543565.5378159266,449997.3992982772,917539.8155046108,171032.54973810297,244471.63445336273
2022-11-23,2013957.0210631147,1488258.4324103373,258866.88824570266,526506.2849454337,445247.8683823445,908040.7536727453,171032.54973810297,244471.63445336273
2022-11-25,2008758.3642463835,1488258.4324103373,253579.64875123772,515931.80595650384,442748.6314947145,903042.2798974853,171032.54973810297,244471.63445336273
2022-11-28,1979828.043206072,1488258.4324103373,236271.63253678495,481315.7735275983,431786.76328083617,881118.5434697287,171032.54973810297,244471.63445336273
2022-11-29,1993722.9595495716,1488258.4324103373,241690.98072466542,492154.46990335925,435889.47484460066,889323.9665972576,171032.54973810297,244471.63445336273
2022-11-30,1991465.2672558313,1488258.4324103373,238939.36772017978,486651.24389438797,434287.6074590391,886120.2318261345,171032.54973810297,244471.63445336273
2022-12-01,1979582.4006645018,1488258.4324103373,232333.2303585598,473438.969171148,429547.36927724344,876639.7554625432,171032.54973810297,244471.63445336273
2022-12-02,1960183.7086015819,1488258.4324103373,224407.67608654624,457587.8606271209,423289.22735460434,864123.471617265,171032.54973810297,244471.63445336273
2022-12-05,1917143.7441816307,1488258.4324103373,212072.59372085484,432917.6958957381,412626.9587055759,842798.9343192081,171032.54973810297,244471.63445336273
2022-12-06,1894912.9302949444,1488258.4324103373,208760.18864410464,426292.8857422377,409524.7832935098,836594.5834950759,171032.54973810297,244471.63445336273
2022-12-07,1895301.1895980942,1488258.4324103373,208223.67677233182,425219.86199869204,409015.65906545497,835576.3350389663,171032.54973810297,244471.63445336273
2022-12-08,1882374.6814906276,1488258.4324103373,207200.52445880018,423173.55737162876,408019.1167734201,833583.2504548965,171032.54973810297,244471.63445336273
2022-12-09,1865491.019733746,1488258.4324103373,206473.24477916077,421718.99801234994,407301.00189270196,832147.0206934602,171032.54973810297,244471.63445336273
2022-12-12,1895806.0651336524,1488258.4324103373,206331.58725064556,421435.6829553195,407160.3041910324,831865.6252901212,171032.54973810297,244471.63445336273
2022-12-13,1899788.2335121282,1488258.4324103373,206245.79199217568,421264.09243837977,407074.54519201495,831694.1072920862,171032.54973810297,244471.63445336273
2022-12-14,1899876.921783723,1488258.4324103373,206192.76262031755,421158.0336946635,407021.51825386746,831588.0534157912,171032.54973810297,244471.63445336273
2022-12-15,1899624.1994497005,1488258.4324103373,206162.84622350495,421098.2009010383,406991.60189202504,831528.2206921064,171032.54973810297,244471.63445336273
2022-12-16,1885769.2717898334,1488258.4324103373,205320.40351027524,419463.3154745789,405636.51628196647,828918.0494719893,171032.54973810297,244471.63445336273
2022-12-19,1882520.0567273211,1488258.4324103373,201418.15309299817,411658.81464002474,403884.4006616098,825413.8182312759,171032.54973810297,244471.63445336273
2022-12-20,1891048.8043818374,1488258.4324103373,205189.11863321852,419200.74572046543,406357.2945614722,830359.6060310007,171032.54973810297,244471.63445336273
2022-12-21,1913831.5935895948,1488258.4324103373,217120.70207490216,443063.9126038327,413648.03431133705,844941.0855307304,171032.54973810297,244471.63445336273
2022-12-22,1879396.0635539175,1488258.4324103373,198139.8405146215,405102.1894832714,402289.15903939656,822223.3349868495,171032.54973810297,244471.63445336273
2022-12-23,1918745.1998731762,1488258.4324103373,218911.84128970557,446646.19103343954,415125.890908122,847896.7987243003,171032.54973810297,244471.63445336273
2022-12-27,1928955.8870357685,1488258.4324103373,221877.4628970355,452577.4342480994,418189.1309527407,854023.2788135378,171032.54973810297,244471.63445336273
2022-12-28,1889304.1257291117,1488258.4324103373,200933.85871692706,410690.2258878825,404986.1355068549,827617.2879217662,171032.54973810297,244471.63445336273
2022-12-29,1899915.2507954405,1488258.4324103373,205943.9261606978,420710.360775424,408411.0422808105,834467.1014696773,171032.54973810297,244471.63445336273
2022-12-30,1906775.6697731533,1488258.4324103373,209279.32531689465,427381.1590878177,410859.07370814885,839363.164324354,171032.54973810297,244471.63445336273
2023-01-03,1854405.1995068863,1488258.4324103373,179685.7108474909,368193.9301490102,391223.6087282083,800092.2343644729,171032.54973810297,244471.63445336273
2023-01-04,1854025.1003155222,1488258.4324103373,176252.73204990572,361327.97255383985,388687.5240046853,795020.0649174269,171032.54973810297,244471.63445336273
2023-01-05,1870788.3375386316,1488258.4324103373,188538.99455505982,385900.49756414804,397618.3712648716,812881.7594377996,171032.54973810297,244471.63445336273
2023-01-06,1891221.3501318167,1488258.4324103373,195128.74229262763,399079.99303928367,403065.5034101506,823776.0237283575,171032.54973810297,244471.63445336273
2023-01-09,1901389.390730608,1488258.4324103373,194209.2895187219,397241.0874914722,403761.167034281,825167.3509766184,171032.54973810297,244471.63445336273
2023-01-10,1904731.4683079724,1488258.4324103373,198492.376654974,405807.2617639764,406402.1534337474,830449.3237755512,171032.54973810297,244471.63445336273
2023-01-11,1908419.8630286176,1488258.4324103373,202188.38568133657,413199.27981670154,409029.3550686209,835703.7270452981,171032.54973810297,244471.63445336273
2023-01-12,1938159.3256153807,1488258.4324103373,217767.15014486626,444356.8087437609,420758.68353194714,859162.3839719506,171032.54973810297,244471.63445336273
2023-01-13,1938966.35095683,1488258.4324103373,218474.0314846097,445770.5714232478,420996.59337493527,859638.2036579269,171032.54973810297,244471.63445336273
2023-01-17,1940394.6853534854,1488258.4324103373,214265.5257872948,437353.560028618,419361.3294478974,856367.6758038511,171032.54973810297,244471.63445336273
2023-01-18,1921891.916330732,1488258.4324103373,205133.66837030387,419089.84519463615,414206.0884666168,846057.19384129,171032.54973810297,244471.63445336273
2023-01-19,1940859.2354690875,1488258.4324103373,218335.9238611775,445494.3561763834,422873.5042001569,863392.0253083701,171032.54973810297,244471.63445336273
2023-01-20,1956634.1312581294,1487758.4324103373,232854.6938308469,474579.8704130201,426268.57247559336,870278.110453839,170268.32320290094,243243.76011746965
2023-01-23,1972783.3776682222,1503907.67882043,238916.32660874244,486703.13596881117,430595.1182127525,878931.2019281571,176329.95598079648,247570.30585462876
2023-01-24,1952986.3127713115,1484110.6139235194,227901.85724787478,464674.1972470759,424094.66822386737,865930.3019503868,165315.48661992882,241069.85586574365
2023-01-25,1944361.5271050162,1475485.828257224,223219.68472169482,455309.852194716,421190.18412802677,860121.3337587058,160633.31409374886,238165.37176990305
2023-01-26,1984916.897857521,1516041.1990097286,248308.52094155404,505487.52463443443,434621.4744794318,886983.9144615157,185722.1503136081,251596.6621213081
2023-01-27,1986842.9916154793,1517967.292767687,247503.60116618316,503877.6850836926,435268.03965536936,888277.0448133909,184917.2305382372,252243.22729724567
2023-01-30,1961567.188394971,1492691.4895471788,230356.22822540876,469582.93920214387,425470.67920947,868682.3239215922,167769.8575974628,242445.8668513463
2023-01-31,1989899.9363020847,1521024.2374542926,244712.85377305778,498296.1902974419,435052.959396362,887846.8842953763,182126.48314511182,252028.1470382383
2023-02-01,2003044.1825924416,1534168.4837446494,255426.60084205784,519723.684435442,439607.2917478402,896955.5489983325,192840.23021411189,256582.47938971646
2023-02-02,1987579.9777508816,1518704.2789030895,246275.0658752278,501420.6145017819,433549.7591160873,884840.4837348267,183688.69524728184,250524.94675796357
2023-02-03,1978226.1844970153,1509350.485649223,243607.58407738854,496085.65090610343,429650.1239502614,877041.2134031749,181021.21344944258,246625.31159213767
2023-02-06,1969846.9298011388,1500971.2309533465,231708.17843070102,472286.8396127284,426227.3161162644,870195.5977351809,169121.80780275507,243202.50375814067
2023-02-07,1987856.942156422,1518981.2433086298,236856.91292658882,482584.308604504,431208.6319709714,880158.2294445949,174270.54229864286,248183.81961284767
2023-02-08,1974571.6794290396,1505695.9805812472,229999.15428635012,468868.7913240266,425103.5409803396,867948.0474633313,167412.78365840417,242078.72862221586
2023-02-09,1957335.4120502486,1488459.7132024565,220416.36732130966,449703.2173939456,419608.5392029536,856958.0439085593,157829.9966933637,236583.72684482983
2023-02-10,1973706.5167064779,1504830.8178586855,226814.6774030131,462499.8375573525,424566.1504363506,866873.2663753533,164228.30677506715,241541.3380782269
2023-02-13,1977813.626528172,1508937.92768038,225540.52241181376,459951.5275749538,423360.6978623332,864462.3612273185,162954.1517838678,240335.88550420947
2023-02-14,1980395.3150595613,1511519.616211769,228114.6846447827,465099.85204089177,422060.77549011394,861862.51648288,165528.31401683675,239035.96313199023
2023-02-15,1985750.9553481713,1516875.2565003792,228905.16472769322,466680.8122067127,424591.1552324791,866923.2759676104,166318.79409974726,241566.34287435538
2023-02-16,1962265.000859606,1493389.302011814,223166.15328472637,455202.7893207791,418154.620871132,854050.2072449161,160579.78265678041,235129.8085130083
2023-02-17,1953008.6235221282,1484047.8882583068,217165.22962875987,443250.94200884603,414016.68135161145,845874.328205875,154578.8590008139,230991.86899348773
2023-02-21,1935010.1073094255,1466049.372045604,206638.56095452764,422197.60466038156,407924.07335281855,833689.1122082892,144052.19032658168,224899.26099469478
2023-02-22,1923035.4071525922,1454074.6718887708,202228.00299298472,413376.48873729573,404968.8466115561,827778.6587257643,139641.63236503876,221944.03425343236
2023-02-23,1931823.7973366326,1462863.0620728112,204891.55747267616,418703.5976966786,406902.56048701634,831646.0864766848,142305.1868447302,223877.74812889262
2023-02-24,1927335.5133414688,1458374.7780776473,201951.28644838394,412823.05564809416,405054.0134150017,827948.9923326555,139364.91582043798,222029.20105687797
2023-02-27,1938036.1087731028,1469075.3735092813,204902.47612348327,418725.4349982928,407526.5785609376,832894.1226245273,142316.1054955373,224501.76620281386
2023-02-28,1934657.232402783,1465696.4971389615,205093.86493421564,419108.21261975757,408023.48469660536,833887.9348958628,142507.49430626968,224998.67233848159
2023-03-01,1985956.0869094243,1516995.3516456028,242174.5033712957,493269.4894939177,427693.7686536037,873228.5028098595,179588.13274334974,244668.95629547993
2023-03-02,2001177.849688698,1532217.1144248764,249542.62294482117,508005.7286409686,431863.9779489785,881568.9214006091,186956.2523168752,248839.16559085477
2023-03-03,2033594.2743508683,1564633.5390870469,271768.1505466624,552456.7838446511,439631.5511566313,897104.0678159148,209181.77991871643,256606.73879850755
2023-03-06,2028435.9173482598,1559475.1820844384,265612.56677732064,540145.6163059676,436866.8934981332,891574.7524989186,203026.19614937468,253842.08114000948
2023-03-07,2020191.6481299703,1551230.9128661489,261018.02063545963,530956.5240222455,432830.2004561278,883501.3664149077,198431.65000751364,249805.38809800407
2023-03-08,2021052.2271779312,1552091.4919141098,259996.0431465658,528912.5690444579,432626.6909527194,883094.347408091,197409.67251861983,249601.8785945957
2023-03-09,2006168.8388583458,1537208.1035945243,247259.5104706197,503439.50369256566,425812.8599773765,869466.685457405,184673.13984267373,242788.0476192527
2023-03-10,1984267.8387089684,1515307.103445147,235713.59478336605,480347.6723180584,419283.2298915545,856407.4252857611,173127.2241554201,236258.41753343077
2023-03-13,1964303.4168087833,1495342.6815449619,223938.17904936383,456796.84085005394,413342.6908010198,844526.3471046917,161351.80842141787,230317.87844289604
2023-03-14,1978377.297162843,1509416.5618990215,230912.01422390892,470744.5111991441,416180.19259142043,850201.350685493,168325.64359596296,233155.38023329672
2023-03-15,1926282.6812064596,1457321.945942638,220787.23708220353,450494.95691573335,411068.70374724735,839978.3729971468,158200.86645425757,228043.89138912357
2023-03-16,1951974.6492931587,1483013.914029337,224973.04244133647,458866.5676339992,411303.8033482769,840448.5721992059,162386.6718133905,228278.99099015314
2023-03-17,1932279.7627680984,1467098.3807653063,215474.84973027118,439920.18221186864,409808.3697473674,837557.7049973869,152888.47910232522,226783.55738924362
2023-03-20,1953012.3292954243,1487830.947292632,224107.77023331737,457186.023217961,415634.87001262204,849210.7055278962,161521.3996053714,232610.0576544983
2023-03-21,1967317.0813195228,1502135.6993167307,232084.9187476673,473140.3202466609,420311.14762381586,858563.2607502838,169498.54811972135,237286.33526569212
2023-03-22,1948327.1546621076,1483145.7726593155,220578.91064455744,450128.3040404412,413898.4995593737,845737.9646213995,157992.54001661149,230873.68720125
2023-03-23,1948048.654272883,1482867.2722700906,220308.2725727795,449587.0278968853,413823.9232050377,845588.8119127275,157721.90194483355,230799.110846914
2023-03-24,1951330.4857166542,1486149.1037138621,221528.5803272074,452027.6434057411,414762.7033156184,847466.3721338889,158942.20969926144,231737.89095749467
2023-03-27,1969434.502211042,1504253.1202082497,228695.85519774185,466362.19314681,420257.3963271915,858455.7581570351,166109.4845697959,237232.58396906775
2023-03-28,1971421.4710551454,1506240.0890523533,228975.78337606357,466922.0495034534,420791.3255403285,859523.6165833091,166389.4127481176,237766.51318220477
2023-03-29,1985991.6477047142,1520810.2657019221,237916.6560390637,484803.7948294537,426278.2665945781,870497.4986918083,175330.28541111774,243253.45423645436
2023-03-30,1989317.0309194992,1524135.648916707,238683.4637534795,486337.4102582853,427370.61324801407,872682.1919986802,176097.09312553355,244345.80088989035
2023-03-31,2006036.9146153633,1540855.532612571,249283.26062826387,507537.00400785403,433977.9684808536,885896.9024643593,186696.89000031792,250953.15612272985
2023-04-03,1993018.0636247832,1527836.6816219909,238310.00561920827,485590.4939897428,428672.6701913407,875286.3058853335,175723.6349912623,245647.85783321696
2023-04-04,1954816.710451294,1489635.3284485019,212350.7860957335,433672.0549427933,412127.01670229156,842194.9989072352,149764.41546778753,229102.2043441678
2023-04-05,1961745.6040274473,1496564.2220246552,216343.82631122888,441658.13537378405,414874.99780000135,847690.9611026548,153757.45568328293,231850.1854418776
2023-04-06,1965266.03712005,1500084.655117258,217733.00510312195,444436.4929575702,415569.6615298753,849080.2885624027,155146.634475176,232544.84917175156
2023-04-10,1984372.5098833274,1519191.127880535,224951.16327845535,458872.809308237,422937.8528514837,863816.6712056195,162364.7926505094,239913.04049335993
2023-04-11,1988946.361977448,1523764.979974656,227083.4291716652,463137.3410946567,424731.2405273513,867403.4465573548,164497.05854371923,241706.42816922755
2023-04-12,1979511.8756775493,1514330.4936747572,219736.9829859646,448444.4487232555,419261.4061131897,856463.7777290315,157150.61235801864,236236.59375506596
2023-04-13,1984193.3204748626,1519011.9384720705,222616.11945454997,454202.72166042624,420857.7882665116,859656.5420356753,160029.74882660402,237832.9759083878
2023-04-14,1976971.5715394623,1511790.1895366702,216535.1322306347,442040.7472125957,416906.3409959943,851753.6474946407,153948.76160268876,233881.52863787056
2023-04-17,1986081.5138502042,1520900.1318474119,221009.84870984725,450990.1801710208,421476.41504420707,860893.7955910662,158423.4780819013,238451.6026860833
2023-04-18,1987997.2218727337,1522815.8398699416,221775.18277130055,452520.8482939274,422651.78164576914,863244.5287941904,159188.8121433546,239626.9692876454
2023-04-19,1979197.2369449195,1514015.8549421274,212934.40118760042,434839.28512652713,415879.04925220687,849699.0640070658,150348.03055965446,232854.2368940831
2023-04-20,1992533.6187217694,1527352.2367189773,219526.0364426449,448022.5556366161,420815.250403734,859571.4663101201,156939.66581469894,237790.43804561024
2023-04-21,1987825.4207461397,1522474.1177892913,215096.5999539685,439202.1251877859,415747.91840894177,849513.6873775808,152510.22932602256,232723.10605081805
2023-04-24,1985421.1650806023,1520069.8621237539,212029.76005558798,433068.44539102475,414367.8662971478,846753.5831539928,149443.38942764202,231343.05393902404
2023-04-25,1968435.9528761625,1503084.649919314,203138.84065967443,415286.6065991977,408860.37770839105,835738.6059764794,140552.47003172847,225835.56535026734
2023-04-26,1963789.437623185,1498438.1346663367,201299.78786317148,411608.50100619183,407626.601992181,833271.0545440592,138713.41723522553,224601.78963405723
2023-04-27,1965979.895673224,1500628.5927163756,202272.85519835196,413554.6356765527,408200.6114169223,834419.0733935419,139686.484570406,225175.79905879858
2023-04-28,1953953.283924964,1488601.9809681156,200611.61564766068,410232.15657517023,407002.6003348007,832023.0512292986,138025.24501971473,223977.78797667695
2023-05-01,1976084.8553381187,1510733.5523812703,211408.46327337626,431825.8518266013,414584.68060311617,847187.2117659296,148822.0926454303,231559.86824499242
2023-05-02,1962229.2994538269,1500981.4703496725,207236.7253373795,423482.3759546078,411606.2166862631,841230.2839322233,144650.35470943354,228581.40432813932
2023-05-03,1951328.657625417,1491989.62290667,206413.3211374131,421835.56755467504,411015.49187430396,840048.8343083052,143826.95050946713,227990.67951618021
2023-05-04,1934061.531651783,1477249.128406017,201165.20655070795,411339.3383812647,407819.9447073091,833657.7399743155,138578.835922762,224795.1323491854
2023-05-05,1953090.2690446407,1489813.7505465795,207801.28831970505,424611.50191925897,411998.34228999703,842014.5351396912,145214.9176917591,228973.52993187326
2023-05-08,1954430.0686205642,1489274.2848706073,205177.61209510727,419364.1494700634,411473.001954699,840963.8544690951,142591.2414671613,228448.18959657522
2023-05-09,1954167.6764486649,1484903.5012977307,201094.4186637146,411197.762607278,409166.89841010346,836351.6473799042,138508.04803576865,226142.0860519797
2023-05-10,1965559.6321255802,1492506.005707179,205953.30746054085,420915.5402009305,413026.3415295711,844070.5336188393,143366.9368325949,230001.52917144736
2023-05-11,1966638.7036930146,1493948.6907227018,206345.51066132798,421699.94660250476,413714.70090498857,845447.2523696744,143759.14003338202,230689.88854686485
2023-05-12,2014470.5339993786,1497413.5951469708,221823.0055816854,452654.93644321966,427021.3610592968,872060.5726782909,159236.63495373944,243996.54870117307
2023-05-15,2011933.660252496,1502975.9214859344,216881.22653292588,442771.3783457006,424916.3051112363,867850.4607821698,154294.85590497992,241891.49275311254
2023-05-16,1999475.8007980809,1503725.6844271654,213320.01309023864,435648.95146032615,421941.34415842,861900.5388765372,150733.6424622927,238916.53180029627
2023-05-17,2008617.472627309,1509345.9069808782,217794.6671825314,444598.2596449116,423995.6235114205,866009.0975825383,155208.29655458545,240970.8111532968
2023-05-18,2013363.4421577277,1516730.3332460744,224359.05392167537,457727.0331231996,429834.1386793224,877686.1279183419,161772.6832937294,246809.3263211986
2023-05-19,2001683.797494481,1508662.6841044363,216256.88199883935,441562.3424000353,427808.55077205604,873714.2583488246,153670.5113708934,244783.73841393224
2023-05-22,2005792.1896410948,1512771.0762510502,217038.39241015975,443125.36322267604,428604.4368035662,875306.030411845,154452.0217822138,245579.62444544243
2023-05-23,1978248.855662026,1485227.7422719814,205088.67348965505,419225.92538166663,421005.39833115495,860107.9534670224,142502.3028617091,237980.58597303118
2023-05-24,1979713.1232827236,1486692.009892679,205038.79581974764,419126.1700418518,421076.7023813228,860250.5615673581,142452.42519180168,238051.89002319903
2023-05-25,1981594.370011945,1488573.2566219005,205430.7310470658,419910.04049648816,421416.1438743987,860929.4445535099,142844.36041911985,238391.33151627495
2023-05-26,2001208.046418652,1508186.9330286074,215223.2614727477,439495.101347852,427510.08287036896,873117.3225454505,152636.89084480173,244485.27051224522
2023-05-30,2003042.405085993,1510021.2916959485,217072.85495144586,443194.28830524825,428689.55350049847,875476.2638057094,154486.4843234999,245664.74114237467
2023-05-31,2004175.9490693645,1511154.83567932,217068.43799152575,443185.4543854081,428801.6436064024,875700.4440175173,154482.0673635798,245776.8312482786
2023-06-01,2015929.9265382832,1522908.8131482387,224236.75661368796,457522.09162973246,432774.3536484166,883645.8641015457,161650.385985742,249749.5412902928
2023-06-02,2024540.2184678107,1531519.1050777659,222956.0969929068,454960.7723881701,433201.62700829416,884500.4108213009,160369.72636496084,250176.81465017042
2023-06-05,2018058.3544765967,1525037.2410865522,219338.1602552753,447724.89891290717,430698.40743212844,879493.9716689695,156751.78962732933,247673.5950740047
2023-06-06,2015412.0750415598,1522390.9616515152,215285.2157570102,439619.00991637696,428860.58810054103,875818.3330057947,152698.84512906426,245835.7757424173
2023-06-07,2003745.600162555,1510724.4867725102,208868.45952172513,426785.4974458068,424136.6478930173,866370.452590747,146282.08889377918,241111.8355348935
2023-06-08,2006672.0471290841,1513650.9337390393,212842.03176650562,434732.6419353678,424971.4156438898,868039.9880924921,150255.66113855966,241946.603285766
2023-06-09,2016563.3669176847,1523542.25352764,219563.4555609019,448175.48952416034,426921.6069042479,871940.3706132083,156977.08493295594,243896.79454612412
2023-06-12,2033248.4282211969,1540227.3148311523,226612.06707612527,462272.7125546071,431437.2894412266,880971.7356871656,164025.6964481793,248412.4770831028
2023-06-13,2041039.415331955,1548018.3019419105,232639.7403551103,474328.0591125771,431313.43026565464,880724.0173360218,170053.36972716433,248288.61790753083
2023-06-14,2041920.041473018,1548898.9280829732,233470.05549944667,475988.68940124987,430148.1257031859,878393.4082110843,170883.6848715007,247123.3133450621
2023-06-15,2046481.878481089,1553460.7650910444,239478.41075776014,488005.3999178768,433735.76800193964,885568.6928085918,176892.04012981418,250710.95564381586
2023-06-16,2033963.3238417704,1540942.2104517256,231030.68878943866,471149.7227334968,432723.9388194656,883624.5679481697,168444.31816149267,249699.12646134177
2023-06-20,2030638.7151696119,1537617.601779567,227413.40219153132,463915.1495376822,431005.65408629447,880187.9984818273,164827.03156358533,247980.84172817066
2023-06-21,2024136.4687212077,1531115.355331163,223895.2550053747,456878.8551653689,428828.68249545834,875834.0553001552,161308.8843774287,245803.87013733454
2023-06-22,2024949.9551837586,1531928.8417937139,223713.08759536012,456514.5203453397,428840.39757288684,875857.4854550121,161126.71696741413,245815.585214763
2023-06-23,2010539.7852457697,1517518.6718557249,218745.4285468683,446579.2022483561,425264.1429485554,868704.9762063492,156159.0579189223,242239.3305904316
2023-06-26,2003072.3151197322,1510051.2017296874,214100.02698126595,437288.3991171514,422282.18061466387,862741.0515385661,151513.65635331997,239257.36825654007
2023-06-27,2024621.4968675165,1531600.3834774718,222892.0685315514,454872.48221772234,428156.9147574583,874490.519824155,160305.6979036054,245132.1023993345
2023-06-28,2036068.2534641265,1543047.1400740817,228307.83073671584,465704.0066280512,431665.57884461153,881507.8479984615,165721.46010876985,248640.7664864877
2023-06-29,2037250.1329503374,1544229.0195602926,226955.20148867415,462998.7481319678,431510.7548592026,881198.2000276436,164368.83086072817,248485.9425010788
2023-06-30,2054695.6023045108,1561674.488914466,236635.34993960016,482359.0450338198,437745.7349693135,893668.1602478654,174048.97931165417,254720.92261118966
2023-07-03,2047897.513971815,1554876.40058177,230477.17088067395,470042.6869159674,434501.5257555039,887179.7418202463,167890.80025272796,251476.71339738014
2023-07-05,2042262.776100152,1549241.6627101072,226774.43344694443,462637.21204850834,432092.93539932516,882362.5611078887,164188.06281899844,249068.12304120132
2023-07-06,2025610.5671801683,1532589.4537901236,219135.86703580216,447360.07922622387,426725.3126746726,871627.3156585837,156549.49640785618,243700.5003165488
2023-07-07,2036293.2782855444,1543272.1648954996,223205.96382142583,455500.27279747115,430290.31355457584,878757.3174183901,160619.59319347984,247265.50119645204
2023-07-10,2054297.805587016,1561276.6921969713,228750.27541221082,466588.8959790412,435192.8033554215,888562.2970200815,166163.90478426483,252167.99099729772
2023-07-11,2052022.8031960733,1559001.6898060285,225691.5911438188,460471.52744225715,433564.2127164863,885305.1157422111,163105.22051587282,250539.40035836253
2023-07-12,2054438.4717631117,1561417.3583730669,225044.26314762564,459176.8714498708,433809.60646464454,885795.9032385275,162457.89251967965,250784.79410652074
2023-07-13,2054740.0788589632,1561718.9654689184,225272.69907493796,459633.7433044954,434308.6277260178,886793.9457612741,162686.32844699197,251283.81536789399
2023-07-14,2045352.617585698,1552331.5041956531,218964.1561073279,447016.6573692753,429246.7544827033,876670.199274645,156377.7854793819,246221.94212457945
2023-07-17,2072450.3179266849,1579429.20453664,234752.12046873933,478592.5860920982,443956.4073961048,906089.505101448,172165.74984079335,260931.59503798102
2023-07-18,2065883.5926312904,1572862.4792412457,231133.44077123213,471355.22669708374,441690.1176646233,901556.925638485,168547.07014328614,258665.30530649947
2023-07-19,2058206.88079051,1565185.7674004652,225810.45144415452,460709.2480429285,437089.4476546688,892355.585618576,163224.08081620853,254064.635296545
2023-07-20,2060623.728142379,1567602.6147523343,232920.51207962935,474929.3693138782,444192.42153069674,906561.5333706319,170334.14145168336,261167.60917257293
2023-07-21,2054613.4506366802,1561592.3372466355,230452.06884749056,470042.4828496006,441732.8474418193,901742.385192877,167865.69821954457,258708.0350836955
2023-07-24,2057064.9773411895,1564043.8639511447,229035.9793278683,467210.30381035607,441611.8754890235,901500.4412872854,166449.6086999223,258587.0631308997
2023-07-25,2073909.4805532794,1580888.3671632346,238739.7872937376,486617.9197420947,447025.4266266229,912327.5435624842,176153.41666579162,264000.6142684991
2023-07-26,2062035.5299492928,1569014.416559248,230817.7050233798,470773.75520137907,442868.745550344,904014.1814099264,168231.3343954338,259843.93319222014
2023-07-27,2079477.6579556044,1586456.5445655596,241159.91783377892,491458.1808221773,448948.244769578,916173.1798483944,178573.54720583293,265923.43241145415
2023-07-28,2094879.6720023549,1601858.55861231,247750.2579160481,504638.8609867157,453831.59334567975,925939.8770005979,185163.88728810212,270806.7809875559
2023-07-31,2100727.9793367293,1607706.8659466843,247983.6462030638,505105.6375607471,455561.32635876903,929399.3430267764,185397.27557511782,272536.5140006452
2023-08-01,2089680.9611403283,1596659.8477502835,239707.2751436388,488552.8954418971,450975.94530420686,920228.5809176521,177120.90451569282,267951.13294608303
2023-08-02,2060275.5741412297,1567254.460751185,222103.03307958925,453344.411313798,439308.35200657643,896893.3943223913,159516.66245164326,256283.5396484526
2023-08-03,2063744.1929852904,1570723.0795952457,222530.04131634443,454198.42778730835,439984.71814392385,898246.1265970861,159943.67068839844,256959.9057858
2023-08-04,2062596.0748743531,1569574.9614843084,221003.45078759326,451145.246729806,439097.0740665942,896470.8384424268,158417.08015964727,256072.26170847035
2023-08-07,2082555.7908283807,1589534.677438336,229492.99259400455,468124.3303426286,446286.812387367,910850.3150839724,166906.62196605856,263262.0000292432
2023-08-08,2072641.1368011246,1579620.0234110798,221619.48607417475,452377.317302969,440871.49441501964,900019.6791392777,159033.11544622877,257846.6820568958
2023-08-09,2057975.6636065827,1564954.550216538,212936.60045297103,435011.54606056155,434029.6074939647,886335.9052971678,150350.22982502505,251004.79513584086
2023-08-10,2062475.6979045628,1569454.584514518,214535.21009629636,438208.7653472122,435558.44156423124,889393.5734377009,151948.83946835037,252533.62920610738
2023-08-11,2051924.2497254228,1558903.136335378,211086.58109918557,431311.5073529906,432509.0086438187,883294.7075968758,148500.21047123958,249484.19628569492
2023-08-14,2078036.3773896294,1585015.2639995846,217169.9351383729,443478.2154313653,438963.91725065385,896204.5248105461,154583.56451042692,255939.10489253004
2023-08-15,2061698.689544344,1568677.5761542993,203678.52126314366,416495.3876809068,426670.16979735676,871617.0299039519,141092.15063519767,243645.35743923293
2023-08-16,2042706.7616205951,1549685.6482305503,195817.1766180915,400772.6983908025,418934.58615264174,856145.8626145219,133230.8059901455,235909.7737945179
2023-08-17,2019747.4114677904,1526726.2980777456,190106.54425045982,389351.4336555391,413253.7934763696,844784.2772619775,127520.17362251383,230228.98111824575
2023-08-18,2019370.0138561302,1526348.9004660854,189339.1816351504,387866.7084249203,412071.3087725681,842519.3078543746,126752.81100720441,229046.49641444426
2023-08-21,2035344.6229042672,1542323.5095142224,196456.06048677082,402100.4661281611,416613.72121509677,851604.1327394319,133869.68985882483,233588.90885697288
2023-08-22,2033488.7305919384,1540467.6172018936,193782.7196222931,396753.7843992057,415609.9223145166,849596.5349382716,131196.34899434712,232585.1099563928
2023-08-23,2058767.4003495784,1565746.2869595336,208253.08474064566,425694.5146359108,424113.8001824333,866604.2906741049,145666.71411269967,241088.9878243094
2023-08-24,2034414.8259607211,1541393.7125706763,193429.66723080576,396047.679616231,415607.56369113567,849591.8176915097,130843.29660285977,232582.75133301178
2023-08-25,2033714.038694593,1540692.925304548,191851.11319059704,392890.57153581356,415122.8624045594,848622.4151183572,129264.74256265107,232098.05004643553
2023-08-28,2040641.5272449423,1547620.4138548975,193264.91315894917,395718.17147251783,416852.3025648742,852081.2954389867,130678.54253100319,233827.4902067503
2023-08-29,2067846.1588774752,1574825.0454874304,209492.1416861724,428172.6285269643,427029.2610777569,872435.2124647521,146905.7710582264,244004.44871963302
2023-08-30,2070347.8704219866,1577326.7570319418,210985.52360255396,431159.3923597274,428011.3814488877,874399.4532070138,148399.15297460798,244986.56909076383
2023-08-31,2072968.293469455,1579947.1800794103,211659.67115190992,432507.6874584393,429089.0238211543,876554.737951547,149073.30052396393,246064.21146303046
2023-09-01,2070669.789024204,1577648.6756341592,209823.5536736127,428835.4525018449,428223.7102601321,874824.1108295026,147237.18304566672,245198.89790200826
2023-09-05,2063353.2363833645,1570332.1229933198,203038.08936480942,415264.5238842383,424326.02918127057,867028.7486717795,140451.71873686343,241301.21682314674
2023-09-06,2057828.7669440324,1564807.6535539876,196130.07507958793,401448.49531379534,420891.4923495957,860159.6750084298,133543.70445164194,237866.6799914718
2023-09-07,2052230.1794596843,1559209.0660696395,191215.5916766123,391619.5285078441,418091.3390593661,854559.3684279706,128629.22104866631,235066.5267012422
2023-09-08,2048533.4187303875,1555512.3053403427,187307.7053072306,383803.7557690806,415457.16020537645,849291.0107199913,124721.33467928458,232432.3478472526
2023-09-11,2055619.9232649833,1562598.8098749386,187387.7623922159,383963.8699390513,416655.84958119487,851688.3894716281,124801.3917642699,233631.03722307103
2023-09-12,2044548.910989469,1551527.7975994241,177139.4159619659,363467.17707855126,409659.20465078193,837695.0996108023,114553.04533401992,226634.39229265804
2023-09-13,2026903.0796897935,1533881.9662997487,163768.0191801024,336724.38351482427,397814.4421869832,814005.5746832048,101181.64855215639,214789.62982885932
2023-09-14,2034169.7762670787,1541148.662877034,164179.6809676766,337547.7070899727,398243.67792618496,814864.0461616083,101593.31033973061,215218.86556806113
2023-09-15,2013982.8319032397,1520877.4647651059,154245.57461002644,317722.94151432865,387941.1312827084,794345.8471539678,91659.20398208042,204916.3189245845
2023-09-18,2015483.9556377735,1522378.5884996394,153239.38448229505,315710.56125886587,387803.506680194,794070.5979489391,90653.01385434903,204778.69432207014
2023-09-19,2020797.7208404597,1527692.3537023256,155269.67827903375,319771.14885234326,389248.5073800802,796960.5993487115,92683.30765108774,206223.69502195632
2023-09-20,2002869.0152293853,1509763.6480912513,146115.93755057422,301463.6673954243,383530.2786371578,785524.1418628667,83529.56692262822,200505.46627903395
2023-09-21,1980889.9086716312,1487784.5415334972,136848.38709935787,282928.5664929916,377217.6316217669,772898.8478320849,74262.01647141189,194192.81926364303
2023-09-22,1976591.1395404194,1483485.7724022856,135243.39316188582,279718.5786180474,376048.83808802086,770561.2607645929,72657.0225339398,193024.02572989702
2023-09-25,1980917.3547067419,1487811.9875686078,135014.34328289796,279260.47886007174,376152.67121958436,770768.9270277198,72427.97265495197,193127.85886146047
2023-09-26,1972375.261981873,1479269.894843739,131893.86205467343,273019.5164036227,373824.84011745546,766113.264823462,69307.49142672744,190800.0277593316
2023-09-27,1978659.99306443,1485554.6259262962,132668.2756187714,274568.3435318186,374600.71789290034,767665.0203743518,70081.9049908254,191575.90553477648
2023-09-28,1996716.3172308437,1503610.9500927099,138369.07622273464,285969.9447397451,379100.69102922396,776664.9666469991,75782.70559478865,196075.87867110013
2023-09-29,1987011.1744914367,1493905.8073533026,134633.82905092073,278499.4503961173,376283.07463306695,771029.733854685,72047.45842297474,193258.2622749431
2023-10-02,1991128.5672267536,1498023.2000886195,136585.959037501,282403.7103692778,377804.0455318911,774071.6756523334,73999.588409555,194779.23317376725
2023-10-03,1963034.47032355,1469929.1031854162,128465.6171890857,266163.02667244716,371355.13318807806,761173.8509647072,65879.24656113969,188330.3208299542
2023-10-04,1979971.9021486423,1486866.5350105083,131810.33066336482,272852.4536210054,374212.44171989075,766888.4680283326,69223.96003541882,191187.62936176689
2023-10-05,1979671.856966341,1486566.489828207,132056.36539650126,273344.5230872783,374446.30152324884,767356.1876350488,69469.99476855525,191421.48916512498
2023-10-06,2001613.6187441077,1508508.2516059736,140215.3449578791,289662.48221003404,380746.35699338856,779956.2985753283,77628.97432993312,197721.54463526473
2023-10-09,1996212.3823006114,1503107.0151624775,138007.80889174406,285247.4100777639,379410.9893741169,777285.563336785,75421.43826379806,196386.17701599302
2023-10-10,2007418.312620849,1514312.9454827153,141691.47945476792,292614.7512038116,382404.4718657694,783272.52832009,79105.10882682192,199379.65950764559
2023-10-11,2023163.8961693277,1530058.5290311936,150030.9361143639,309293.66452300356,388674.16219695186,795811.9089824548,87444.5654864179,205649.349838828
2023-10-12,2007687.6015316118,1514582.2343934777,145015.47893374387,299262.7501617635,385104.0393269162,788671.6632423836,82429.10830579785,202079.22696879235
2023-10-13,1988144.2874547972,1495038.920316663,133714.73878670493,276661.2698676856,376815.18071696506,772093.9460224813,71128.36815875892,193790.3683588412
2023-10-16,1996103.9512744527,1502998.5841363186,137885.69051625323,285003.1733267823,381017.95302683336,780499.4906422179,75299.31988830723,197993.14066870953
2023-10-17,1990810.4790262429,1497705.111888109,132948.50506216218,275128.8024186002,376179.1068174508,770821.7982234528,70362.13443421619,193154.29445932692
2023-10-18,1962059.2269507258,1468953.8598125917,126402.23479194997,262036.26187817575,370534.49916551885,759532.5829195889,63815.86416400397,187509.68680739502
2023-10-19,1951862.608727455,1458757.241589321,123515.97498670408,256263.74226768396,367740.05537824327,753943.6953450376,60929.60435875808,184715.24302011938
2023-10-20,1938661.2656408926,1449746.7509782724,119896.48028935619,249057.83666085816,363662.78919348243,745855.3305512558,57310.109661410184,180637.97683535854
2023-10-23,1957388.1195697044,1468473.6049070845,126910.17853569305,263085.2331535319,368707.84886157245,755945.4498874359,64323.80790774705,185683.03650344856
2023-10-24,1961561.092408259,1472646.577745639,131539.2880003428,272343.4520828314,370698.6294208549,759927.0110060009,68952.9173723968,187673.81706273102
2023-10-25,1930689.32909574,1441774.8144331202,115568.6484503915,240402.17298292878,361380.695236898,741291.1426380872,52982.277822445496,178355.88287877414
2023-10-26,1914560.7095733385,1425646.1949107186,107072.13729560634,223409.15067335847,356084.19096503773,730698.1340943666,44485.76666766033,173059.37860691384
2023-10-27,1920068.3015532938,1431153.786890674,106372.21720892812,222009.31050000203,356236.5761750237,731002.9045143385,43785.84658098213,173211.7638168998
2023-10-30,1941949.2847669146,1453034.7701042946,114942.95994770959,239150.79597756497,362472.7072663179,743475.1666969269,52356.58931976358,179447.89490819402
2023-10-31,1932970.5503333968,1444056.0356707766,109062.89447409543,227390.66503033665,358897.6724923649,736325.0971490208,46476.52384614944,175872.860134241
2023-11-01,1951548.5710211056,1462634.0563584857,115467.57308081292,240200.02224377161,364101.0090872139,746731.7703387189,52881.20245286691,181076.19672909
2023-11-02,1971754.2666558085,1482839.7519931886,126047.88718421492,261360.65045057563,371307.763018387,761145.278201065,63461.516556268914,188282.95066026313
2023-11-03,2000176.9417632532,1511262.4271006333,144645.12372970977,298555.1235415653,382516.53015843796,783562.812481167,82058.75310176377,199491.7178003141
2023-11-06,2004572.8655758265,1515658.3509132066,143581.8128978569,296428.5018778596,384697.84816939966,787925.4485030904,80995.4422699109,201673.03581127577
2023-11-07,2016183.5090685457,1527268.9944059257,151575.4746633854,312415.8254089166,389760.9851877594,798051.7225398098,88989.10403543938,206736.17282963547
2023-11-08,2030253.9706391082,1541339.4559764883,162940.23054002997,335145.3371622057,395848.47322965454,810226.6986236001,100353.85991208395,212823.66087153065
2023-11-09,2028974.2669331967,1540059.7522705765,159237.35886523826,327739.5938126223,396741.9957220974,812013.7436084859,96650.98823729226,213717.1833639735
2023-11-10,2058331.9959706091,1569417.4813079892,184147.0551185849,377558.98631931556,411161.5913497472,840852.9348637855,121560.6844906389,228136.77899162335
2023-11-13,2071113.5872980754,1582199.0726354555,194489.93346003664,398244.7430022191,418860.52010458685,856250.7923734647,131903.56283209065,235835.70774646293
2023-11-14,2099752.21430994,1610837.6996473202,222044.908450493,453354.69298313174,428184.5110552412,874898.7742747734,159458.537822547,245159.69869711733
2023-11-15,2088785.5035230531,1599870.9888604332,210838.57555325737,430942.0271886605,426012.2349656205,870554.222095532,148252.20492531138,242987.4226074966
2023-11-16,2104428.526816723,1615514.012154103,226148.71512038796,461562.3063229217,431471.635529078,881473.023222447,163562.34449244195,248446.82317095413
2023-11-17,2111774.4216910983,1622859.9070284783,233351.68015243355,475990.28960538557,432261.8701452272,883097.5988914906,170765.30952448756,249237.0577871033
2023-11-20,2128225.3472195296,1639310.8325569096,239742.25092070983,488771.43114193814,436768.0729222163,892110.0044454688,177155.88029276385,253743.2605640924
2023-11-21,2119328.2650656975,1630413.7504030773,234083.76616235118,477454.46162522084,433607.20415650494,885788.2669140461,171497.3955344052,250582.39179838108
2023-11-22,2118895.44788465,1629980.93322203,233523.61144552112,476334.1521915607,433337.6760824001,885249.2107658364,170937.24081757513,250312.86372427622
2023-11-24,2116476.393308291,1627561.878645671,230847.94898347647,470982.8272674714,432058.85679614195,882691.5721933201,168261.57835553048,249034.04443801809
2023-11-27,2107115.442609353,1618200.9279467326,223619.3572828025,456525.64386612346,427786.27936058503,874146.4173222063,161032.9866548565,244761.46700246117
2023-11-28,2108540.341084039,1619625.8264214187,223983.974176993,457254.8776545045,428107.05386209115,874787.9663252186,161397.60354904702,245082.24150396726
2023-11-29,2102772.126168962,1613857.6115063422,220004.05165520802,449295.0326109345,425510.11494552257,869594.0884920814,157417.68102726204,242485.30258739868
2023-11-30,2088716.2088327494,1599801.6941701293,214003.9565759314,437294.8424523813,420945.791797876,860465.4421967883,151417.5859479854,237920.9794397521
2023-12-01,2086296.9573628558,1597382.4427002356,212198.11515406863,433683.1596086557,419607.68915522826,857789.2369114928,149611.74452612264,236582.87679710437
2023-12-04,2075036.0440831934,1586121.5294205733,206590.72047523866,422468.3702509958,415146.1804539754,848866.219508987,144004.34984729267,232121.3680958515
2023-12-05,2076142.9783201076,1587228.4636574874,206036.29443437615,421359.51816927077,414753.116800627,848080.0922022901,143449.92380643016,231728.30444250305
2023-12-06,2067597.479995204,1578682.9653325838,203534.8660805302,416356.66146157886,412519.1891682651,843612.2369375663,140948.4954525842,229494.37681014117
2023-12-07,2085306.507489722,1596391.9928271018,206284.33687129698,421855.60304311244,415141.21477799484,848856.2881570259,143697.966243351,232116.40241987098
2023-12-08,2100898.1478758715,1611983.6332132514,209534.63554857665,428356.2003976718,418296.90772900864,855167.6740590535,146948.26492063067,235272.09537088478
2023-12-11,2110553.0092280656,1621638.4945654455,214353.3862661624,437993.70183284325,422901.71709905926,864377.2927991548,151767.0156382164,239876.90474093537
2023-12-12,2131923.733842852,1643009.2191802317,225622.914845415,460532.7589913485,432155.4701479814,882884.7988969991,163036.54421746903,249130.65778985756
2023-12-13,2138730.8917900072,1649816.377127387,227065.68703269688,463418.30336591223,432553.4278390954,883680.7142792271,164479.3164047509,249528.61548097155
2023-12-14,2121090.1617450383,1632175.6470824184,221679.50472700075,452645.93875452,425100.63666684256,868775.1319347214,159093.13409905476,242075.8243087187
2023-12-15,2127935.753728845,1639021.2390662252,225281.82734743657,459892.64153474354,423846.70931100374,866351.3923017477,162695.45671949058,240821.89695287985
2023-12-18,2136364.481825321,1647449.967162701,228440.9952211995,466210.9772822694,426042.67259937705,870743.3188784943,165854.6245932535,243017.86024125316
2023-12-19,2147965.9941930925,1659051.4795304723,234385.55531083027,478100.09746153094,429637.96955552266,877933.9127907855,171799.18468288428,246613.15719739877
2023-12-20,2130349.4484187523,1641434.9337561326,224655.96116821424,458640.9091762989,423843.9494668867,866345.8726135136,162069.59054026825,240819.1371087628
2023-12-21,2153645.035997006,1664730.521334386,237258.18291299167,483845.35266585374,431407.3015058586,881472.5766914574,174671.8122850457,248382.4891477347
2023-12-22,2153897.4059819756,1664982.8913193557,236888.59832658301,483106.1834930364,431410.7241093989,881479.421898538,174302.22769863703,248385.91175127498
2023-12-26,2160583.2637874666,1671668.7491248467,238482.95564831566,486294.8981365017,433345.8198121179,885349.613303976,175896.58502036968,250321.00745399398
2023-12-27,2167255.7244379367,1678341.2097753168,242510.68477718343,494350.35639423726,435770.8207025097,890199.6150847597,179924.31414923744,252746.00834438583
2023-12-28,2167393.9599878117,1678479.4453251918,242074.53886967138,493478.06457921315,435760.18386682274,890178.3414133857,179488.1682417254,252735.37150869888
2023-12-29,2162358.3632760034,1673443.8486133832,237552.58869264045,484434.1642251513,433713.4533486745,886084.8803770893,174966.21806469446,250688.6409905506
2024-01-02,2130982.8590305867,1642068.3443679665,216444.8179008752,442218.6226416208,420493.8308155917,859645.6353109236,153858.44727292922,237469.01845746776
2024-01-03,2117873.457299331,1628958.9426367115,210136.40356381956,429601.7939675095,415709.5922885323,850077.1582568048,147550.03293587358,232684.77993040837
2024-01-04,2124402.6927285716,1635488.178065952,212194.38417477108,433717.75518941256,417436.5880296199,853531.14973898,149608.0135468251,234411.77567149603
2024-01-05,2142675.7758549983,1653761.2611923784,220300.14049836367,449929.26783659775,423913.7693426756,866485.5123650914,157713.7698704177,240888.95698455168
2024-01-08,2169623.9177608397,1680709.4030982195,235799.15576913953,480927.29837814945,435883.71799585765,890425.4096714555,173212.78514119354,252858.90563773375
2024-01-09,2171610.902530886,1682696.3878682659,237315.57606425352,483960.13896837743,436989.064574458,892636.1028286562,174729.20543630753,253964.25221633408
2024-01-10,2189605.704005222,1700691.1893426022,252358.98488875182,514046.95661737403,444987.6317324969,908633.237144734,189772.61426080583,261962.819374373
2024-01-11,2192168.9279492227,1703254.4132866028,254011.52801254275,517352.0428649559,446418.6146710871,911495.2030219146,191425.15738459677,263393.8023129633
2024-01-12,2189137.1839186507,1700222.6692560308,252974.39565026184,515277.7781403941,444473.88854229177,907605.7507643237,190388.02502231585,261449.07618416788
2024-01-16,2189874.1525903973,1700959.6379277776,249812.18002899297,508953.34689785633,443131.7198910918,904921.413461924,187225.80940104698,260106.90753296795
2024-01-17,2185957.7582715917,1697043.2436089716,245685.57455582017,500700.13595151075,440531.46309363644,899720.8998670131,183099.2039278742,257506.65073551252
2024-01-18,2203222.657645314,1714308.1429826943,259249.6510026472,527828.2888451648,445736.321982418,910130.6176445762,196663.28037470122,262711.5096242941
2024-01-19,2225198.01930985,1736283.50464723,280056.2004321872,569481.9192215812,452120.0918514748,922979.2204173629,217469.82980424116,269095.2794933509
2024-01-22,2234226.9108209996,1745312.3961583797,282593.5439651468,574556.6062875005,454241.5923430867,927222.2214005869,220007.1733372008,271216.77998496284
2024-01-23,2223170.6319594868,1734256.1172968668,276102.7841346725,561575.0866265518,450476.7514088787,919692.5395321707,213516.41350672647,267451.9390507548
2024-01-24,2224267.3306948254,1735352.8160322052,276618.742786413,562607.003930033,450822.05048848485,920383.1376913831,214032.372158467,267797.23813036096
2024-01-25,2238463.0686292956,1749548.5539666754,282197.66092053667,573764.8401982802,454840.95384355023,928420.9444015138,219611.29029259062,271816.14148542634
2024-01-26,2236527.039553491,1747612.524890871,280126.9458458079,569623.4100488226,453859.6235855605,926458.2838855344,217540.5752178619,270834.8112274366
2024-01-29,2259177.4770601448,1770262.9623975249,290037.18322198937,589443.8848011856,461254.20243470336,941247.4415838202,227450.81259404332,278229.39007657947
2024-01-30,2259560.169265824,1770645.6546032042,289311.030105381,587991.5785679688,461189.2669079386,941117.5705302905,226724.65947743497,278164.4545498147
2024-01-31,2237893.925919231,1748979.4112566113,275441.6445606821,560252.8074785712,452321.9482129529,923382.9331403191,212855.27393273613,269297.135854829
2024-02-01,2256839.1076812507,1767924.5930186308,285739.3318055474,580848.1819683017,459615.83726809255,937970.7112505985,223152.96117760136,276591.02490996866
2024-02-02,2318343.7531623463,1829429.2384997264,336525.42640795844,682420.3711731238,479528.3015799947,977795.6398744027,273939.05578001245,296503.4892218708
2024-02-05,2320384.3197622765,1831469.8050996566,335866.28706722916,681102.0924916652,481710.45149140194,982159.9396972172,273279.9164392831,298685.63913327805
2024-02-06,2316718.6343610063,1827804.1196983864,331340.53001970245,672050.5783966117,482122.1338063164,982983.3043270463,268754.1593917564,299097.3214481925
2024-02-07,2348391.899368386,1859477.3847057659,357395.8041526917,724161.1266625902,493233.10409744986,1005205.2449093132,294809.43352474563,310208.29173932597
2024-02-08,2356538.74732285,1867624.2326602302,363504.55021708447,736378.6187913758,498612.2845530316,1015963.6058204765,300918.1795891385,315587.4721949077
2024-02-09,2367723.889449562,1878809.374786942,374092.49491639115,757554.5081899891,501254.2107391286,1021247.4581926705,311506.1242884451,318229.3983810047
2024-02-12,2362179.9893780267,1873265.4747154068,367570.19353170216,744509.9054206111,499881.77807545493,1018502.5928653233,304983.82290375617,316856.96571733104
2024-02-13,2348873.5834897924,1859959.0688271723,354082.22001679015,717533.9583907871,494848.5235129133,1008436.0837402401,291495.8493888441,311823.71115478943
2024-02-14,2398220.035402758,1909305.520740138,402439.6418226698,814248.8020025464,512119.1919058831,1042977.4205261795,339853.2711947237,329094.3795477592
2024-02-15,2405893.897091315,1916979.3824286954,409950.52778818406,829270.573933575,512875.41169282584,1044489.8601000651,347364.157160238,329850.59933470195
2024-02-16,2386679.050728105,1897764.5360654849,390257.97725458664,789925.4728663802,508895.25704348105,1036609.5508013755,327671.60662664066,325870.4446853572
2024-02-20,2363891.6177915214,1874977.1031289014,376352.4677957133,762114.4539486335,500872.62083586433,1020564.2783861421,313766.0971677673,317847.8084777405
2024-02-21,2356437.143862445,1867522.629199825,372825.4938253516,755060.5060079101,498543.3621394971,1015905.7609934077,310239.1231974056,315518.5497813733
2024-02-22,2432345.6343587474,1943431.1196961275,410511.35922757874,830432.2368123644,522686.8293752098,1064192.695464833,347924.98859963275,339662.017017086
2024-02-23,2425040.022955351,1936125.508292731,405028.938184167,819467.394725541,519892.6636902296,1058604.3640948727,342442.56755622104,336867.85133210575
2024-02-26,2428217.2662117933,1939302.7515491731,403804.03481518757,817017.5879875821,520504.901430595,1059828.8395756036,341217.6641872416,337480.0890724712
2024-02-27,2432563.8605802427,1943649.3459176223,405023.47403269506,819456.4664225971,521963.1999070259,1062745.4365284652,342437.10340474907,338938.3875489021
2024-02-28,2425769.9758210834,1936855.4611584635,399428.3152514447,808266.1488600963,518955.8119906563,1056730.660695726,336841.9446234987,335930.9996325325
2024-02-29,2454594.593662225,1965680.0789996053,418340.41463914723,846090.3476355014,530918.9244142995,1080656.8855430125,355754.04401120124,347894.11205617577
2024-03-01,2501164.27011705,2012249.7554544297,455562.8842097885,920535.286776784,549959.0417185274,1118737.1201514683,392976.51358184253,366934.2293604036
2024-03-04,2512133.850532567,2023219.3358699472,463007.8945273548,935425.3074119166,556055.0944373517,1130929.225589117,400421.5238994088,373030.2820792279
2024-03-05,2498191.3972091037,2009276.8825464835,450211.00154695206,909831.5214511111,550444.4668018485,1119707.9703181102,387624.6309190061,367419.6544437246
2024-03-06,2517834.176277535,2028919.6616149151,467574.04020671535,944557.5987706378,558073.8040910041,1134966.6448964216,404987.66957876936,375048.99173288024
2024-03-07,2549805.6188359405,2060891.1041733206,497048.560610592,1003506.639578391,571096.31780387,1161011.6723221533,434462.189982646,388071.5054457462
2024-03-08,2507963.9516339027,2019049.4369712826,457009.6065786714,923428.7315145497,556448.4583873254,1131715.9534890642,394423.2359507254,373423.64602920157
2024-03-11,2473047.1198251764,1984132.605162556,422709.81804256747,854829.1544423419,541486.4622367054,1101791.9611878241,360123.4474146215,358461.6498785816
2024-03-12,2509193.8299892517,2020279.3153266318,455905.9485833738,921221.4155239546,558769.6635947074,1136358.3639038282,393319.5779554278,375744.8512365835
2024-03-13,2491583.7989001623,2002669.284237542,439348.7431803506,888107.0047179081,552450.4818696843,1123720.000453782,376762.3725524046,369425.6695115605
2024-03-14,2467483.0155047136,1978568.5008420935,414080.2800877979,837570.0785328028,538100.7311294223,1095020.498973258,351493.9094598519,355075.9187712985
2024-03-15,2463884.5923051084,1974876.8350246267,412225.4014545247,833890.3212662564,536997.7555602217,1092874.547834857,349639.03082657873,353972.94320209784
2024-03-18,2471697.2270410866,1982689.4697606047,414169.4342502112,837778.3868576294,538739.9778619439,1096358.9924383012,351583.06362226524,355715.16550382
2024-03-19,2484188.465451046,1995180.708170564,420017.5876857119,849474.6937286308,542529.2859294503,1103937.608573314,357431.2170577659,359504.4735713264
2024-03-20,2501595.95693075,2012588.1996502685,429819.2399833603,869077.9983239275,548301.3112351928,1115481.659184799,367232.8693554143,365276.498877069
2024-03-21,2513099.2615743238,2024091.5042938418,436731.94243576395,882903.4032287349,552216.7560309343,1123312.548776282,374145.57180781796,369191.94367281045
2024-03-22,2519796.4444816797,2030788.687201198,440037.45805665036,889514.4344705077,554532.9966126061,1127945.0299396256,377451.08742870437,371508.1842544822
2024-03-25,2515424.185621563,2026416.4283410811,434316.44229469006,878072.4029465871,552726.8582631197,1124332.7532406528,371730.0716667441,369702.0459049959
2024-03-26,2501663.301917068,2012655.5446365864,424511.33938497864,858462.1971271642,547350.6678668604,1113580.3724481342,361924.96875703265,364325.85550873657
2024-03-27,2499659.153745978,2010651.3964654962,422884.95483421383,855209.4280256346,546452.887663153,1111784.8120407194,360298.58420626784,363428.0753050291
2024-03-28,2492320.7246597316,2003312.9673792496,417673.00788349105,844785.534124189,543450.6813936046,1105780.3995016227,355086.63725554507,360425.8690354808
2024-04-01,2485339.819940197,1996332.0626597148,409176.33152897377,827792.1814151545,539223.8384514363,1097326.713617286,346589.9609010278,356199.02609331236
2024-04-02,2482391.2151111434,1993383.4578306617,406075.930310402,821591.378978011,537437.9966968932,1093755.0301082,343489.559682456,354413.18433876935
2024-04-03,2490984.158964809,2001976.4016843275,410632.51206205133,830704.5424813096,540865.453891278,1100609.9444969695,348046.14143410535,357840.64153315406
2024-04-04,2476612.4957587896,1987604.7384783078,402930.2705898493,815300.0595369055,534966.8259693633,1088812.68865314,340343.8999619033,351942.01361123944
2024-04-05,2501819.7405874874,2012811.9833070056,417375.5344816601,844190.5873205272,545219.3746535344,1109317.7860214822,354789.1638537141,362194.56229541055
2024-04-08,2485325.9445991754,1996318.1873186936,403930.9294687842,817301.3772947753,536566.0058675593,1092011.0484495321,341344.5588408382,353541.1935094354
2024-04-09,2473936.2088637915,1984928.4515833098,396593.63335117704,802626.785059561,530832.4112102878,1080543.859134989,334007.26272323105,347807.5988521639
2024-04-10,2465835.3499606363,1976827.5926801546,393222.31603858364,795884.1504343742,527719.0724463395,1074317.1816070925,330635.94541063765,344694.2600882156
2024-04-11,2481773.881689209,1992766.1244087273,399006.3411575232,807452.2006722534,533024.6446034515,1084928.3259213164,336419.97052957723,349999.8322453276
2024-04-12,2467318.995377684,1978311.2380972023,388876.8057195863,787193.1297963796,525007.6282835782,1068894.2932815698,326290.43509164033,341982.8159254544
2024-04-15,2447254.1047129002,1958246.3474324185,377174.0409453381,763787.6002478831,514525.61552365264,1047930.2677617187,314587.6703173921,331500.80316552875
2024-04-16,2448613.3474904518,1959605.5902099698,376392.7456555597,762225.0096683265,513814.63754849765,1046508.3118114087,313806.3750276137,330789.8251903738
2024-04-17,2431074.5832942077,1942066.826013726,371906.84563166834,753253.2096205436,509368.8444796939,1037616.7256738013,309320.47500372236,326344.03212156997
2024-04-18,2435752.5572583876,1946744.7999779058,373367.44793712324,756174.4142314534,510830.73308896547,1040540.5028923444,310781.07730917726,327805.9207308416
2024-04-19,2391382.5736930813,1907636.8825973745,366744.9050465177,742969.3284502424,503620.2106571417,1026199.4580286968,304158.53441857174,320595.3982990178
2024-04-22,2403239.1516251117,1919493.460529405,369199.5977307675,747878.713818742,506159.4735250894,1031277.9837645922,306613.2271028215,323134.6611669655
2024-04-23,2440225.548220811,1956479.8571251042,388857.43101513846,787194.3803874839,518124.2470131002,1055207.5307406138,326271.06038719247,335099.4346549763
2024-04-24,2423463.749828031,1939718.058732324,377257.1103511689,763993.7390595448,512043.37863140076,1043045.793977215,314670.7397232229,329018.56627327687
2024-04-25,2420610.7018414047,1936865.010745698,378919.75033333467,767319.0190238763,512351.71824041806,1043662.4731952496,316333.3797053887,329326.9058822942
2024-04-26,2454073.735622573,1970328.0445268664,401774.44549319864,813028.4093436042,524107.1557855371,1067173.3482854876,339188.07486525265,341082.3434274132
2024-04-29,2454415.0925285774,1970669.4014328704,402223.7586209383,813927.0355990835,525309.5902714957,1069578.217257405,339637.3879929923,342284.7779133719
2024-04-30,2434780.4034521845,1951034.712356478,387761.29521462246,785002.1087864519,518288.4249061958,1055535.8865268049,325174.92458667647,335263.6125480719
2024-05-01,2398806.157738904,1915060.4666431972,358434.58339801006,726348.6851532271,501900.6280581659,1022760.2928307452,295848.21277006407,318875.815700042
2024-05-02,2417960.4862619624,1934214.795166256,368598.44847597094,746676.4153091488,508652.81968146784,1036264.6760773491,306012.07784802496,325628.00732334395
2024-05-03,2447194.178886267,1957793.0606144776,385598.1527482681,780675.8238537431,519277.1122339802,1057513.2611823739,323011.7821203221,336252.2998758563
2024-05-06,2484776.7541318443,1982021.7308318815,405986.47774389316,821452.4738449933,533416.9923875456,1085793.0214895047,343400.1071159472,350392.18002942175
2024-05-07,2478619.31446274,1978963.8577310503,399293.0969545239,808065.7122662547,530971.9860906256,1080903.0088956647,336706.7263265779,347947.17373250175
2024-05-08,2477576.2307407777,1976981.9409830938,401566.79809628276,812613.1145497725,531274.3744228088,1081507.785560031,338980.42746833677,348249.5620646848
2024-05-09,2481116.735349159,1986951.3639322026,401417.6921959519,812314.9027491107,530275.1436112587,1079509.3239369309,338831.3215680059,347250.3312531348
2024-05-10,2480272.9881926845,1986443.9237894574,400560.2470129329,810600.0123830728,530047.4214715563,1079053.879657526,337973.8763849869,347022.60911343235
2024-05-13,2469539.441812086,1980121.4964298757,390411.01508365804,790301.548524523,524784.2601285687,1068527.556971551,327824.64445571206,341759.4477704449
2024-05-14,2487313.467758723,1986794.846544595,404462.36350641196,818404.2453700309,533902.6836017368,1086764.403917887,341875.992878466,350877.8712436129
2024-05-15,2546280.071311704,2009331.825103736,454452.9859187902,918385.4901947874,563913.2543761259,1146785.5454666652,391866.61529084423,380888.44201800204
2024-05-16,2519319.914474424,1995812.424276241,430657.4598439955,870794.438045198,555310.725251609,1129580.4872176314,368071.0892160495,372285.91289348505
2024-05-17,2504140.590387304,1985073.204924457,416211.39692143496,841951.3649524432,550137.6096689584,1119332.3615570627,353625.026293489,367112.7973108346
2024-05-20,2507115.3876607344,1988048.0021978873,415464.5775597565,840457.7262290863,550319.3364968824,1119695.8152129105,352878.20693181054,367294.5241387585
2024-05-21,2523929.559170937,2004862.1737080903,423450.4237523726,856429.4186143185,555366.1841970949,1129789.5106133358,360864.05312442663,372341.37183897104
2024-05-22,2510175.4627302997,1991108.0772674526,415346.4704517744,840221.512013122,550693.6926998299,1120444.5276188059,352760.09982382844,367668.88034170616
2024-05-23,2528469.0663400386,2009401.6808771915,427328.52958813676,864185.6302858468,557064.9685811274,1133187.0793814005,364742.1589601908,374040.15622300346
2024-05-24,2575975.8200530377,2056908.434590191,456064.18528711156,921656.9416837964,573036.8671177066,1165130.876454559,393477.81465916557,390012.0547595827
2024-05-28,2594077.1278058,2075009.7423429533,469746.5561250836,949021.6833597404,578844.4351104661,1176746.0124400782,407160.1854971376,395819.6227523423
2024-05-29,2572363.7368956916,2053296.3514328448,455311.65912225755,920151.8893540883,571152.1102133794,1161361.3626459048,392725.28849431156,388127.29785525554
2024-05-30,2570740.9179176665,2051673.5324548194,452476.3576739355,914481.2864574442,571664.8434459718,1162386.8291110895,389889.9870459895,388640.03108784795
2024-05-31,2529619.0421820357,2010551.656719189,427609.1076132732,864746.7863361196,557405.2912673992,1133867.7247539444,365022.7369853272,374380.4789092754
2024-06-03,2510782.732485544,1991715.347022697,422079.1281415125,853686.8273925981,550222.9219584515,1119502.9861360488,359492.7575135665,367198.1096003276
2024-06-04,2500202.8703694665,1981135.4849066196,419924.35264143965,849377.2763924525,547055.9993944879,1113169.141008122,357337.98201349366,364031.18703636416
2024-06-05,2540214.4256577115,2021147.0401948644,439202.86277544656,887934.2966604662,555624.3074606267,1130305.7571403994,376616.49214750057,372599.4951025029
2024-06-06,2503986.533843245,1997121.5304859588,426959.54143588326,863447.6539813398,547364.3172192004,1113785.7766575469,364373.1708079373,364339.5048610766
2024-06-07,2495056.5481565706,1990721.3334847977,424987.3140309409,859503.199171455,546000.43238183,1111058.006982806,362400.9434029949,362975.6200237061
2024-06-10,2528387.445438983,2017355.756522516,431714.26604899677,872957.1032075668,551581.5810472184,1122220.3043135828,369127.8954210508,368556.7686890946
2024-06-11,2534630.640263869,2017221.4541864314,432737.66932986677,875003.9097693068,554247.8721770698,1127552.8865732856,370151.2987019208,371223.059818946
2024-06-12,2542120.444956516,2026114.273299906,440248.6961070009,890025.963323575,553794.4412672844,1126646.024753715,377662.32547905494,370769.6289091606
2024-06-13,2568228.1783726127,2035108.4575072755,452814.28715598164,915157.1454215364,557204.8507579173,1133466.8437349806,390227.91652803565,374180.03839979344
2024-06-14,2558907.052583115,2033492.0092456446,451628.62599816563,912785.8231059045,551758.2158957814,1122573.5740107088,389042.25537021965,368733.4035376576
2024-06-17,2556144.739109227,2028619.8667692116,447926.0883946909,905380.7478989549,550287.9448622986,1119633.0319437431,385339.7177667449,367263.1325041747
2024-06-18,2592661.8932519015,2049784.0363145086,464840.61810628953,939209.8073221523,557239.1698328558,1133535.4818848576,402254.24747834355,374214.357474732
2024-06-20,2586776.45618028,2043132.3188232565,452765.96670218447,915060.5045139422,555681.3288560373,1130419.7999312207,390179.5960742385,372656.5164979136
2024-06-21,2566359.959381518,2028160.53545793,435211.9601565968,880001.0772865663,546735.6431027751,1112625.6001522948,372625.5895286508,363710.8307446512
2024-06-24,2540839.690953455,2002640.267029867,422022.10043383285,853621.3578410384,538814.6802059159,1096783.6743585765,359435.72980588686,355789.86784779205
2024-06-25,2567255.5085290414,2029056.0846054535,432572.2663154376,874721.6896042479,546022.2718228012,1111198.8575923473,369985.89568749163,362997.4594646773
2024-06-26,2539113.2361447667,2000913.8122211788,417771.16177096363,845119.4805153,536780.6800213018,1092715.6739893483,355184.79114301765,353755.8676631779
2024-06-27,2544180.672035528,2005981.2481119402,418835.391746049,847247.9404654707,537784.4867515507,1094723.287449846,356249.021118103,354759.67439342674
2024-06-28,2518791.4378763284,1980592.0139527407,408477.28772764915,826531.732428671,530488.3311296349,1080130.9762060144,345890.91709970316,347463.5187715109
2024-07-01,2525928.448666001,1987729.0247424133,407543.9576110641,824665.0721955008,530357.0511015828,1079868.4161499105,344957.5869831181,347332.238743459
2024-07-02,2530780.324428606,1992580.900505018,407490.70472653426,824558.5664264412,530604.1144801693,1080362.5429070832,344904.33409858827,347579.30212204537
2024-07-03,2558491.2556436947,2020291.831720107,418764.6403248434,847106.4376230595,539095.8009459206,1097345.915838586,356178.2696968974,356070.9885877967
2024-07-05,2544563.113281903,2006363.6893583152,408954.6188713016,827486.394715976,532391.8586794673,1083938.0313056794,346368.2482433556,349367.04632134346
2024-07-08,2575664.4408836477,2037465.01696006,418132.86996564583,845842.8969046645,540592.6896482111,1100339.693243167,355546.49933769985,357567.87729008717
2024-07-09,2578392.962614398,2040193.53869081,417243.67356503545,844064.5041034436,540482.4201264771,1100119.1541996992,354657.30293708947,357457.60776835325
2024-07-10,2590073.4462622604,2051874.0223386725,422385.4231097743,854348.0031929213,544932.0040405676,1109018.3220278798,359799.0524818283,361907.1916824436
2024-07-11,2572907.373810194,2034707.9498866063,410453.8947436642,830484.9464607011,535482.0790898474,1090118.4721264397,347867.5241157182,352457.2667317235
2024-07-12,2580777.1358374883,2042577.7119139002,411708.7653952207,832994.6877638141,537068.3253662244,1093290.9646791935,349122.39476727473,354043.5130081005
2024-07-15,2549711.782881311,2011512.3589577235,392786.46343015175,795150.0838336762,519871.2491156785,1058896.8121781016,330200.09280220576,336846.4367575546
2024-07-16,2536374.811884794,1998175.3879612063,386886.6759001616,783350.508773696,514059.4762974381,1047273.266541621,324300.3052722156,331034.6639393142
2024-07-17,2461064.654028537,1922865.2301049493,380624.5322343581,770826.221442089,507807.2031279827,1034768.72020271,318038.1616064121,324782.3907698588
2024-07-18,2466805.0110762273,1928605.5871526396,380564.9099864629,770706.9769462985,507747.58106584474,1034649.4760784343,317978.5393585169,324722.76870772085
2024-07-19,2465203.3059083554,1924987.131048199,379563.0376148972,768753.2322031672,506164.9871811432,1031584.288309031,316976.6669869512,323140.1748230193
2024-07-22,2454007.161061495,1913790.986201339,375823.01492821425,761273.1868298013,503903.42524913425,1027061.1644450132,313236.64430026826,320878.61289101036
2024-07-23,2455438.4371085335,1915222.262248377,374325.03235848836,758277.2216903495,503416.15438973176,1026086.6227262082,311738.6617305424,320391.34203160787
2024-07-24,2389725.0497282217,1849508.8748680656,345679.20200265484,700985.5609786825,484550.0364385048,988354.3868237543,283092.83137470885,301525.2240803809
2024-07-25,2369056.2595028454,1828840.0846426892,338650.29086535785,686927.7387040885,479389.2823694708,978032.8786856863,276063.92023741186,296364.4700113469
2024-07-26,2381225.1932022865,1839690.8062343488,340943.70473785093,691514.5664490745,481305.6657040267,981865.6453547981,278357.33410990494,298280.8533459028
2024-07-29,2374423.764174246,1831151.4483167909,335564.719311754,680756.5955968808,477410.6961336233,974075.7062139913,272978.348683808,294385.8837754994
2024-07-30,2321588.382787623,1794816.5944531793,326643.0376524173,662913.2322782074,469816.7493869779,958887.8127207005,264056.66702447133,286791.93702885404
2024-07-31,2391326.8907223474,1865663.436090665,346307.50984728505,702242.1766679429,485724.25612290396,990702.8261925526,283721.13921933906,302699.44376478007
2024-08-01,2342760.7323302664,1842800.7012778346,332504.1058543206,674635.3686820139,474756.2648610843,968766.8436689132,269917.7352263746,291731.4525029604
2024-08-02,2298511.0734547554,1817938.1056089667,325938.7443326115,661504.6456385958,469187.6448695045,957629.6036857537,263352.3737046655,286162.8325113806
2024-08-05,2275878.8339403505,1808114.798396877,322001.03433913784,653629.2256516484,465651.0180653825,950556.3500775096,259414.66371119182,282626.2057072586
2024-08-06,2299154.2035471057,1819073.351904637,324734.5041370496,659096.165247472,468189.5954888051,955633.5049243548,262148.1335091036,285164.7831306812
2024-08-07,2253241.888852574,1817922.5758166544,323441.638806298,656510.4345859688,467008.233851231,953270.7816492066,260855.26817835204,283983.4214931071
2024-08-08,2296948.047719066,1831339.62390543,329288.1161080443,668203.3891894614,472276.0309887228,963806.3759241903,266701.7454800983,289251.2186305989
2024-08-09,2297145.0981494547,1830188.827585089,328033.9887063473,665695.1343860674,471287.04420535173,961828.4023574481,265447.6180784013,288262.23184722784
2024-08-12,2312403.310463247,1828410.4032710544,325373.189815907,660373.5366051868,469035.43272776075,957325.1794022662,262786.819187961,286010.62036963686
2024-08-13,2348282.5382419396,1834922.7341348599,330162.9582454097,669953.0734641922,473777.59423033835,966809.5024074214,267576.5876174637,290752.78187221446
2024-08-14,2361376.2488560136,1831784.2299839386,327637.1133887843,664901.3837509414,471357.8937602181,961970.1014671809,265050.7427608383,288333.0814020942
2024-08-15,2401934.69639727,1837538.1104238508,335444.38467073167,680515.9263148361,479171.77725471865,977597.868456182,272858.0140427857,296146.96489659476
2024-08-16,2402805.710497494,1831667.0657328886,331157.3683540136,671991.8936814,474331.5904888731,968017.4949244908,268570.9977260676,291306.7781307492
2024-08-19,2417008.4361001435,1845869.7913355387,335810.600944556,681298.3588624848,477907.7669269066,975169.8478005579,273224.23031661,294882.9545687827
2024-08-20,2404426.6873384486,1833288.0425738434,328331.1514450194,666339.4598634116,473620.7202541977,966595.7544551401,265744.7808170734,290595.9078960738
2024-08-21,2424641.323442299,1853502.678677694,337979.43356314837,685636.0240996695,479841.91002755315,979038.134001851,275393.0629352024,296817.09766942926
2024-08-22,2406228.4000817817,1835089.7553171767,327978.77733174496,665634.7116368627,473711.6017218665,966777.5173904777,265392.406703799,290686.78936374263
2024-08-23,2427178.114915792,1856039.4701511867,338667.226763743,687011.6105008587,480425.8329096619,980205.9797660685,276080.856135797,297401.02055153804
2024-08-26,2401911.042514047,1830772.397749442,324548.3018108297,658773.7605950322,472024.93707456783,963404.1880958803,261961.93118288374,289000.12471644394
2024-08-27,2403093.4434667,1831954.7987020952,325535.32463247515,660747.8062383231,472877.2587507633,965108.8314482713,262948.95400452917,289852.4463926394
2024-08-28,2355272.586869945,1784133.9421053396,313575.0002843888,636827.1575421504,464765.0172982301,948884.3485432048,250988.6296564428,281740.2049401062
2024-08-29,2356401.7849483215,1785263.1401837163,314553.12250087725,638783.4019751273,465102.9262794412,949560.1665056271,251966.75187293126,282078.11392131733
2024-08-30,2364870.1454637907,1797268.394760349,320305.2663422622,650287.6896578972,469176.8247574213,957707.9634615872,257718.89571431626,286152.0123992974
2024-09-03,2305685.2736121933,1736785.8099980825,290570.3505804939,590817.8581343608,448093.61829947046,915541.5505456856,227983.97995254796,265068.80594134657
2024-09-04,2291109.495444942,1728033.8271572809,287042.0558564644,583761.2686863015,445297.2594140462,909948.832774837,224455.6852285184,262272.4470559223
2024-09-05,2280305.163711351,1718445.3521795163,284364.9637330128,578407.0844393984,443041.88524767297,905438.0844420906,221778.5931050668,260017.0728895491
2024-09-06,2247638.6798168523,1701760.872371366,279485.2523310113,568647.6616353954,438690.72156775737,896735.7570822594,216898.88170306533,255665.90920963348
2024-09-09,2267732.1547193807,1708564.7931522527,278884.9330009925,567447.0229753578,438216.76083079824,895787.8356083411,216298.5623730465,255191.94847267432
2024-09-10,2271063.0483572474,1708372.411321048,279212.2644015247,568101.685776422,438550.75794593425,896455.8298386132,216625.89377357866,255525.94558781036
2024-09-11,2312207.0587775423,1724978.4642013132,284890.19055616774,579457.5380857083,443967.2258858627,907288.7657184701,222303.81992822175,260942.41352773886
2024-09-12,2319958.893364526,1730174.0031537444,286008.89389548294,581694.9447643387,445116.3656506711,909587.0452480869,223422.52326753692,262091.55329254724
2024-09-13,2338622.2271134555,1744121.0309761963,294066.3665097584,597809.8899928896,452150.76546714606,923655.8448810368,231479.9958818124,269125.9531090222
2024-09-16,2346229.4606371885,1758016.6940002283,302033.3279225954,613743.8128185635,458908.2043430073,937170.7226327593,239446.95729464936,275883.3919848834
2024-09-17,2350732.287341836,1767521.7153175168,305687.50206843665,621052.1611102461,461349.5542405667,942053.422427878,243101.13144049066,278324.7418824428
2024-09-18,2345719.3874139343,1766868.2462456492,304172.91949376755,618022.9959609079,460538.20098287193,940430.7159124885,241586.5488658216,277513.38862474804
2024-09-19,2371932.5727807963,1785754.7616612492,312397.8543669188,634472.8657072104,467336.763850534,954027.8416478126,249811.4837389728,284311.9514924101
2024-09-20,2431452.133468113,1841884.2064571215,367074.3055258503,743875.7680250733,483737.6572878816,986929.6285225078,304487.9348979043,300712.8449297577
2024-09-23,2442218.1133974018,1852650.1863864106,370060.3084454692,749847.7738643112,486292.8902405395,992040.0944278237,307473.9378175232,303268.0778824156
2024-09-24,2449444.360118488,1859876.4331074965,373406.94862882304,756541.0542310189,488498.04672059475,996450.4073879342,310820.57800087705,305473.23436247086
2024-09-25,2468318.9932431756,1878751.0662321844,385058.7376514149,779844.6322762026,494850.62217914435,1009155.5583050334,322472.3670234689,311825.80982102046
2024-09-26,2434843.6140716393,1845275.687060648,370188.44919075846,750104.0553548897,485637.1120352357,990728.538017216,307602.0785628125,302612.2996771118
2024-09-27,2446406.5738602825,1856838.646849291,373798.49965090124,757324.1562751753,488292.1297055855,996038.5733579156,311212.12902295525,305267.3173474616
2024-09-30,2447230.955742278,1857663.0287312868,371771.24620350765,753269.6493803881,487995.5865660077,995445.48707876,309184.87557556166,304970.7742078838
2024-10-01,2441292.631079533,1851724.7040685418,372963.3594280918,755653.8758295564,487305.15815133933,994064.6302494233,310376.9888001458,304280.34579321544
2024-10-02,2457914.6969118407,1868346.7699008493,379941.9358580483,769611.0286894694,491524.66884236905,1002503.6516314828,317355.56523010234,308499.85648424516
2024-10-03,2478878.55282247,1889310.6258114788,398165.6610373397,806058.4790480522,498715.88507274835,1016886.0840922414,335579.2904093937,315691.07271462446
2024-10-04,2497474.417148367,1907906.490137376,413668.23529749614,837063.6275683651,503332.46190398675,1026119.2377547182,351081.86466955015,320307.64954586286
2024-10-07,2513771.2440928384,1924203.317081847,410403.7912902925,830534.7395539578,511475.148057791,1042404.6100623267,347817.4206623465,328450.3356996671
2024-10-08,2510472.9151884415,1920904.98817745,406545.76035513036,822818.6776836335,510170.40687971446,1039795.1277061736,343959.3897271844,327145.59452159057
2024-10-09,2501411.9991891156,1911844.0721781245,394839.2309035094,799405.6187803916,505985.25891442085,1031424.8317755864,332252.86027556343,322960.446556297
2024-10-10,2500373.7681220192,1910805.8411110279,394653.6221453829,799034.4012641386,504948.1450859824,1029350.6041187095,332067.25151743693,321923.33272785856
2024-10-11,2514531.918142344,1924963.9911313525,402425.86909167655,814578.8951567259,511761.97584082524,1042978.2656283951,339839.49846373056,328737.16348270135
2024-10-14,2533227.1537335254,1943659.226722534,417396.416313593,844519.9896005588,515859.0062288915,1051172.3264045275,354810.045685647,332834.1938707676
2024-10-15,2512738.971783718,1923171.0447727265,395902.7120569331,801532.581087239,510380.9277682351,1040216.1694832148,333316.3414289871,327356.1154101112
2024-10-16,2543987.4120804803,1954419.4850694889,423213.24079849717,856153.6385703671,520541.08504754,1060536.4840418247,360626.8701705512,337516.2726894161
2024-10-17,2513951.805888409,1924383.8788774172,397404.673458948,804536.5038912687,508545.42067262885,1036545.1552920024,334818.302831002,325520.60831450496
2024-10-18,2522071.7157120225,1932503.7887010314,402839.0064829098,815455.1699391924,504974.1398558962,1029502.593658537,340252.6358549638,321949.3274977723
2024-10-21,2533405.0382994446,1943837.1112884535,406173.34858405986,822123.8541414925,507714.03879330994,1034982.3915333645,343586.9779561139,324689.22643518605
2024-10-22,2499317.367542214,1909749.4405312228,392142.7116087986,794062.58019097,498476.79155167734,1016507.8970500993,329556.3409808526,315451.97919355344
2024-10-23,2498355.0569828027,1908787.1299718118,388522.2252349429,786821.6074432586,496692.3921834729,1012939.0983136905,325935.85460699693,313667.57982534904
2024-10-24,2499332.305155225,1909764.378144234,389634.6760812184,789046.5091358096,497304.6423559954,1014163.5986587355,327048.3054532724,314279.82999787154
2024-10-25,2494537.3560182713,1904969.4290072804,386430.49633841694,782638.1496502067,495371.9904160906,1010298.2947789258,323844.12571047095,312347.1780579667
2024-10-28,2498014.3969286303,1908446.469917639,385610.13064461894,780997.4182626107,495481.95641947765,1010518.2267857,323023.76001667295,312457.14406135376
2024-10-29,2489633.3340741424,1900065.4070631515,382127.91037635657,774032.9777260859,492967.541678819,1005489.3973043826,319541.5397484106,309942.7293206951
2024-10-30,2486795.0861023534,1897227.1590913623,379458.3274883823,768693.8119501374,491183.2984472618,1001920.9108412683,316871.9568604363,308158.4860891379
2024-10-31,2470119.216548337,1880551.2895373458,372781.77283573075,755340.7026448343,486075.9239410441,991706.1618288328,310195.40220778476,303051.1115829202
2024-11-01,2465195.0394887226,1875627.1124777314,370803.94764455,751385.0522624728,484472.82012362854,988499.9541940017,308217.577016604,301448.00776550465
2024-11-04,2459238.4470743663,1869670.5200633751,367260.6576995882,744298.4723725494,481599.3122971042,982752.9385409531,304674.28707164223,298574.4999389803
2024-11-05,2485379.0002047555,1895811.0731937643,372576.27177703765,754929.7005274481,486431.72926356853,992417.7724738817,309989.90114909166,303406.91690544464
2024-11-06,2548828.150504331,1959260.22349334,406952.82548303663,823682.8079394461,511804.9964421554,1043164.3068310554,344366.45485509065,328780.1840840315
2024-11-07,2557151.2137854313,1967583.2867744402,407843.0021577412,825463.1612888552,515094.3494429394,1049743.0128326234,345256.63152979524,332069.5370848155
2024-11-08,2577830.733493397,1988262.8064824059,418126.2723720478,846029.7017174684,523507.26499229966,1066568.843931344,355539.90174410184,340482.4526341758
2024-11-11,2587336.2689585667,1997768.3419475758,424049.5476036266,857876.252180626,529144.7948341864,1077843.9036151175,361463.17697568063,346119.98247606255
2024-11-12,2578172.8136943136,1988604.8866833223,415793.79770502524,841364.7523834233,525802.6845032559,1071159.6829532564,353207.42707707925,342777.87214513205
2024-11-13,2578817.3478394165,1989249.420828425,414797.4864365805,839372.1298465338,525942.6931758496,1071439.700298444,352211.1158086345,342917.8808177257
2024-11-14,2561446.6926775975,1971878.7656666064,402374.2674488717,814525.6918711162,516743.98821950675,1053042.290385758,339787.8968209257,333719.17586138286
2024-11-15,2555207.701065848,1965436.6688081885,396473.52657741116,802772.2244836595,510929.42784042115,1041509.1983385158,333887.1559494652,327904.61548229726
2024-11-18,2553808.644139777,1964037.6118821173,394567.2329630281,798959.6372548933,510136.90843992366,1039924.1595375208,331980.8623350821,327112.09608179977
2024-11-19,2584556.1457100604,1994785.1134524005,410518.754864151,830862.6810571392,519694.0382012871,1059038.4190602477,347932.384236205,336669.2258431632
2024-11-20,2579988.824456766,1990217.7921991062,407448.0546585408,824721.2806459188,518122.7891796147,1055895.921016903,344861.6840305948,335097.9768214908
2024-11-21,2617593.3023767513,2027822.2701190915,435061.9811774487,879949.1336837346,530998.9804307971,1081648.3035192676,372475.6105495027,347974.1680726732
2024-11-22,2612979.1402800838,2023208.108022424,428331.0714720231,866487.3142728833,528953.9429425967,1077558.228542867,365744.7008440771,345929.1305844728
2024-11-25,2594149.068045667,2004378.035788007,413701.7387229811,837228.6487747995,522157.2115802622,1063964.765818198,351115.36809503514,339132.39922213834
2024-11-26,2629698.1383463484,2039927.1060886888,440608.92853735795,891043.0284035531,533566.2703040502,1086782.8832657738,378022.55790941196,350541.45794592635
2024-11-27,2603413.453021203,2013642.4207635433,418277.7871806777,846380.7456901926,525022.2419326684,1069694.8265230102,355691.4165527317,341997.4295745444
2024-11-29,2624742.7365186745,2034971.704261015,430703.4813593139,871232.1340474649,532385.6220379376,1084421.5867335487,368117.1107313679,349360.8096798137
2024-12-02,2604600.820881439,2014829.788623779,411354.8676075033,832534.9065438439,524167.0779830333,1067984.4986237402,348768.4969795573,341142.2656249094
2024-12-03,2616685.224999464,2026914.1927418048,415861.48432697746,841548.1399827921,528828.5598330371,1077307.4623237476,353275.11369903147,345803.74747491314
2024-12-04,2635809.6216134382,2046038.5893557784,428590.2251291268,867005.6215870908,536465.0901408666,1092580.5229394066,366003.8545011808,353440.27778274263
2024-12-05,2642187.495491246,2052416.4632335864,432049.4276318775,873924.0265925921,539242.0432464969,1098134.4291506673,369463.0570039315,356217.2308883731
2024-12-06,2649922.577716176,2060151.545458516,437764.21908702474,885353.6095028867,543627.3523758656,1106905.0474094045,375177.84845907876,360602.5400177417
2024-12-09,2596757.003582018,2006985.9713243581,394047.81943066546,797920.8101901681,517501.0665595616,1054652.4757767967,331461.4488027195,334476.2542014377
2024-12-10,2569743.921207186,1979972.8889495262,377083.46189585415,763992.0951205455,504262.7162211343,1028175.775099942,314497.09126790817,321237.9038630104
2024-12-11,2598184.3073261767,2008413.275068517,391933.91107359267,793692.9934760225,516952.33576781617,1053555.0141933057,329347.5404456467,333927.5234096923
2024-12-12,2596184.512658723,2007707.8907222948,390429.6142970928,790684.3999230227,516032.41732092854,1051715.1772995305,327843.2436691468,333007.60496280465
2024-12-13,2598456.4094032585,2010247.1172387342,394054.3035867179,797933.778502273,518548.89775419945,1056748.1381660723,331467.93295877194,335524.08539607556
2024-12-16,2597510.808213107,2008682.4228611377,390784.6008349351,791394.3729987073,518226.9603096785,1056104.2632770303,328198.2302069891,335202.1479515546
2024-12-17,2572253.078953235,1991247.4229079382,373580.58467196266,756986.3406727625,503038.34019532555,1025727.0230483245,310994.21404401667,320013.52783720166
2024-12-18,2533143.1936470824,1961817.481321376,356047.01857942215,721919.2084876815,486359.33880180906,992369.0202612915,293460.64795147616,303334.5264436852
2024-12-19,2550144.8856738014,1972755.174253238,362864.17002646823,735553.5113817736,493169.49547785043,1005989.3336133743,300277.79939852224,310144.68311972654
2024-12-20,2585899.9193996876,2002593.0543397411,380292.3410041611,770450.5543195986,507254.19149393955,1034240.127610431,317705.9703762151,324229.37913581566
2024-12-23,2597732.0596109624,2014425.1945510162,383435.8253659887,776737.5230432538,510020.3329767826,1039772.4105761171,320849.4547380427,326995.5206186587
2024-12-24,2612915.0796886347,2029608.2146286885,390570.4976740228,791006.867659322,514710.5568868202,1049152.8583961923,327984.1270460768,331685.7445286963
2024-12-26,2610795.6343699708,2027488.7693100243,387052.5437373418,783970.95978596,513411.7992523047,1046555.3431271614,324466.17310939584,330386.9868941808
2024-12-27,2588056.9376319414,2004750.0725719952,373796.2824946791,757458.4373006346,505275.64316895546,1030283.0309604629,311209.9118667331,322250.83081083157
2024-12-30,2578438.0991188055,1995131.2340588593,366072.87866568577,742011.6296426479,500715.27598938154,1021162.296601315,303486.5080377398,317690.46363125765
2024-12-31,2567243.3295489545,1983936.4644890083,359993.07888495125,729852.0300811789,496494.64508834,1012721.0347992319,297406.70825700526,313469.8327302161
2025-01-02,2607209.714322834,2023902.8492628876,379551.7687881819,768969.4098876402,510808.47564167134,1041348.6959058946,316965.3981602359,327783.66328354744
2025-01-03,2655156.1934750834,2071849.328415137,409246.26603307266,828358.4043774217,529585.9978919759,1078903.7404065037,346659.8954051267,346561.185533852
2025-01-06,2657677.7724844925,2074370.907424546,412460.34540835663,834786.5631279896,532489.719080482,1084711.182783516,349873.97478041064,349464.9067223581
2025-01-07,2635797.601190301,2052490.7361303547,403892.9988504958,817651.870012268,527155.5247095529,1074042.7940416576,341306.6282225498,344130.712351429
2025-01-08,2635546.1377267293,2052239.2726667833,406426.43819528364,822718.7487018437,529290.1947277465,1078312.1340780451,343840.06756733765,346265.38236962265
2025-01-10,2641265.8912430215,2060367.4710842622,414742.31097923033,839350.494269737,533404.7462640186,1086541.2371505892,352155.94035128434,350379.93390589475
2025-01-13,2629705.729326822,2054468.3859971524,409221.20983360684,828308.2919784901,532710.0386402592,1085151.8219030702,346634.83920566086,349685.2262821353
2025-01-14,2651127.5061285887,2073581.0373614482,429265.09304714156,868396.0584055595,539775.8198113269,1099283.3842452057,366678.7224191956,356751.00745320297
2025-01-15,2674301.3464827784,2091217.9549520072,441910.33755307633,893686.547417429,543208.8371288505,1106149.418880253,379323.96692513034,360184.0247707266
2025-01-16,2691575.80190609,2105761.191424491,458134.4428308213,926134.7579729189,542587.8155420745,1104907.375706701,395548.07220287534,359563.0031839506
2025-01-17,2705706.620631038,2113424.7395457076,460766.961559524,931429.7954303244,542704.2821871282,1105200.3089968082,398180.590931578,359679.46982900426
2025-01-21,2736763.6922979667,2144481.811212636,474196.46814742504,958288.8086061265,551576.8935402639,1122945.5317030796,411610.09751947905,368552.08118213987
2025-01-22,2744771.104489171,2152489.2234038403,478114.7617782544,966125.3958677852,554104.072892405,1127999.8904073618,415528.3911503084,371079.2605342811
2025-01-23,2747759.0966202347,2155477.215534904,481459.6790968585,972815.2305049933,555455.4094815904,1130702.5635857326,418873.3084689125,372430.59712346643
2025-01-24,2743136.3389956597,2150854.457910329,477938.3567002083,965772.5857116929,553799.3172722444,1127390.3791670406,415351.9860722623,370774.5049141204
2025-01-27,2656597.5583123667,2064315.6772270359,440885.47885485046,891666.8300209773,530836.8057644161,1081465.356151384,378299.1082269045,347811.9934062922
2025-01-28,2697727.354686835,2105445.473601504,457588.5964407206,925073.0651927176,541238.862544641,1102269.4697118339,395002.2258127746,358214.05018651707
2025-01-29,2706876.7578284494,2108074.872413958,459271.7639638771,928439.4002390306,542977.4600528234,1105746.6647281987,396685.3933359311,359952.6476946994
2025-01-30,2745459.263866953,2121970.5571385617,476217.2839077836,962330.4401268436,554500.6403914908,1128793.0254055334,413630.91327983764,371475.82803336676
2025-01-31,2732659.8344972767,2118851.545532874,469378.37694174465,948652.6261947657,549831.654522736,1119455.0536680238,406792.00631379866,366806.842164612
2025-02-03,2741888.1981682787,2127494.6247419547,471007.8306295208,951911.533570318,551701.0466514983,1123193.8379255484,408421.46000157483,368676.23429337435
2025-02-04,2809869.7332007317,2195710.27716681,526790.0367961214,1063475.9459035192,572838.338868333,1165468.422359218,464203.6661681754,389813.52651020914
2025-02-05,2816419.6104649547,2198420.7482475485,527492.717927126,1064881.3081655283,575634.0830253945,1171059.9106733408,464906.34729918,392609.2706672705
2025-02-06,2835574.178001947,2219600.370800955,550683.0483157453,1111261.968942767,576986.83595055,1173765.416523652,488096.6776877994,393962.02359242615
2025-02-07,2832172.135344372,2219686.567257346,547846.5557038407,1105588.9837189578,575771.8394926451,1171335.423607842,485260.1850758947,392747.02713452117
2025-02-10,2849260.0445890916,2235030.3479259983,560307.7540024621,1130511.3803162007,575286.1695868848,1170364.0837963214,497721.38337451615,392261.35722876084
2025-02-11,2826648.205342264,2213331.546667554,542433.7911575513,1094763.454626379,571075.2566297133,1161942.2578819785,479847.4205296054,388050.44427158934
2025-02-12,2836015.6799687957,2223869.590217929,552824.5514502168,1115544.97521171,569949.3074808768,1159690.3595843054,490238.1808222708,386924.4951227529
2025-02-13,2831503.7526568016,2220481.386705495,551647.1758664395,1113190.2240441553,567921.1555603439,1155634.0557432396,489060.8052384935,384896.3432022199
2025-02-14,2852638.365116709,2239263.1725843563,563154.665858525,1136205.2040283263,571695.8806186328,1163183.5058598174,500568.295230579,388671.06826050876
2025-02-18,2882268.3078816887,2266996.8348197355,584163.6121490403,1178223.096609357,569960.8360872659,1159713.4167970836,521577.24152109434,386936.023729142
2025-02-19,2813313.144810444,2197959.724347791,512354.64208713133,1034605.156485539,551654.0837718851,1123099.912166322,449768.27145918534,368629.2714137612
2025-02-20,2768788.644799044,2160657.526728252,493296.24886839004,996488.3700480565,548761.0027524482,1117313.7501274482,430709.87824044406,365736.19039432425
2025-02-21,2705892.9586515785,2121966.5032979874,476715.3040472563,963360.6846646174,545332.2809772129,1110524.7150946346,414128.9334193103,362307.46861908905
2025-02-24,2659116.2918178895,2075189.8364642984,454042.9089910345,918015.8945521739,531310.5805095155,1082481.3141592399,391456.5383630885,348285.76815139165
2025-02-25,2641500.706232367,2057574.250878776,446904.339464009,903738.7554981229,526512.1635916098,1072884.4803234283,384317.968836063,343487.35123348585
2025-02-26,2673115.547445517,2089189.092091926,457903.37277513504,925736.822120375,534431.172106058,1088722.4973523247,395317.00214718905,351406.35974793404
2025-02-27,2615411.373701251,2031484.9183476602,438510.8199164633,886951.7164030315,520436.448796188,1060733.0507325847,375924.4492885173,337411.63643806404
2025-02-28,2635237.845075234,2051311.389721643,446693.6672128084,903317.4109957216,525740.9818606576,1071342.1168615238,384107.2965848624,342716.1695025336
2025-03-03,2591658.0578328897,2010691.6419910565,431425.1164126881,872780.309395481,515233.14037092665,1050326.433882062,368838.7457847421,332208.32801280275
2025-03-04,2587374.6406078306,2004474.325660545,429039.28125671414,868008.6390835332,513330.24018749763,1046520.6335152041,366452.91062876815,330305.42782937374
2025-03-05,2607755.86578594,2015279.5619507246,432490.34992525046,874910.7764206057,516426.19687847135,1052712.5468971515,369903.97929730447,333401.38452034746
2025-03-06,2536925.550354502,1995305.2114885468,421190.28183594596,852310.6402419967,507054.3965359318,1033968.9462120724,358603.911208,324029.5841778079
2025-03-07,2552587.234330119,1998615.148227486,424969.103161364,859868.2828928329,509943.6995359932,1039747.5522121952,362382.732533418,326918.8871778693
2025-03-10,2503287.4730359544,1981175.759671564,419079.8303038138,848089.7371777324,505197.6743214014,1030255.5017830116,356493.4596758678,322172.8619632775
2025-03-11,2515048.9719651984,1980604.3463827674,418542.96433091426,847016.0052319333,504772.51300751517,1029405.1791552391,355956.59370296827,321747.7006493913
2025-03-12,2536461.341851993,1983654.8402676373,419814.9266056686,849559.9297814422,505962.9018375497,1031785.9568153082,357228.55597772263,322938.0894794258
2025-03-13,2500245.32212745,1969802.6881621939,415246.5366252276,840423.14982056,501747.3743975288,1023354.9019352664,352660.1659972816,318722.56203940493
2025-03-14,2544257.858601709,1979657.944842003,417452.6292786564,844835.3351274177,503884.9269219016,1027630.006984012,354866.2586507104,320860.1145637777
2025-03-17,2553623.694999119,1982413.8080468497,417005.34688442876,843940.7703389624,503500.02561216825,1026860.2043645453,354418.97625648277,320475.21325404436
2025-03-18,2534180.669541477,1983029.8552642108,416681.91013575357,843293.896841612,503189.5394715381,1026239.232083285,354095.5395078076,320164.7271134142
2025-03-19,2563364.0408992027,1989169.509271512,419488.6730152389,848907.4226005827,505990.8063624406,1031841.7658650901,356902.3023872929,322965.99400431674
2025-03-20,2567093.4654778037,1987159.1536775683,417369.69706463773,844669.4706993803,503883.06478312006,1027626.2827064489,354783.32643669174,320858.2524249962
2025-03-21,2561403.748022184,1972527.2966166933,413433.3125074618,836832.7845728135,499381.00714128313,1018694.3333983452,351793.3581289046,317868.3110053749
2025-03-24,2630254.949100097,1972527.2966166933,450070.15240948246,910106.464376855,521043.11623316834,1062018.5515821157,351793.3581289046,317868.3110053749
2025-03-25,2631955.828690983,1972527.2966166933,451297.65609712014,912561.4717521302,521559.07092986786,1063050.4609755147,351793.3581289046,317868.3110053749
2025-03-26,2594481.052705455,1972527.2966166933,427554.10829668876,865074.3761512674,509019.67815293913,1037971.6754216572,351793.3581289046,317868.3110053749
2025-03-27,2567517.7737254207,1972527.2966166933,413389.31463698077,836744.7888318514,500368.23011968663,1020668.7793551522,351793.3581289046,317868.3110053749
2025-03-28,2537161.9852882954,1972527.2966166933,397305.2302206528,804576.6199991956,490347.3019707038,1000626.9230571865,351793.3581289046,317868.3110053749
2025-03-31,2527854.2002402972,1972527.2966166933,390648.96182109293,791264.0832000758,486377.5772535786,992687.473622936,351793.3581289046,317868.3110053749
2025-04-01,2545404.594840117,1972527.2966166933,398326.3484517215,806618.8564613329,491697.37704157794,1003327.0731989348,351793.3581289046,317868.3110053749
2025-04-02,2585106.2930865106,1972527.2966166933,416649.26891742414,843264.6973927383,504043.2423143254,1028018.8037444297,351793.3581289046,317868.3110053749
2025-04-03,2478588.113589785,1972527.2966166933,378835.82620669954,767637.811971289,477361.45117532223,974655.2214664234,351793.3581289046,317868.3110053749
2025-04-04,2390433.4276421946,1972527.2966166933,360160.1139554534,730286.3874687967,462565.33598921,945062.9910941989,351793.3581289046,317868.3110053749
2025-04-07,2415699.3803528463,1972527.2966166933,358231.12064881844,726428.4008555269,461045.54011610604,942023.399347991,351793.3581289046,317868.3110053749
2025-04-08,2391878.8096675756,1972527.2966166933,355580.0566748459,721126.2729075819,458542.67978687165,937017.6786895222,351793.3581289046,317868.3110053749
2025-04-09,2551055.127729349,1972527.2966166933,386145.79010829097,782257.7397744718,485840.21924790886,991612.7576115967,351793.3581289046,317868.3110053749
2025-04-10,2480544.3212921727,1972527.2966166933,365682.1638003113,741330.4871585126,468178.58084825735,956289.4808122936,351793.3581289046,317868.3110053749
2025-04-11,2499514.668139855,1972527.2966166933,365909.6171344268,741785.3938267436,468561.813752785,957055.9466213488,351793.3581289046,317868.3110053749
2025-04-14,2512032.8329333575,1972527.2966166933,364523.9229354588,739014.0054288076,467472.7900631698,954877.8992421185,351793.3581289046,317868.3110053749
2025-04-15,2536972.872152837,1972527.2966166933,372853.0477696888,755672.2550972677,475698.2922533657,971328.9036225103,351793.3581289046,317868.3110053749
2025-04-16,2516609.7153590224,1972527.2966166933,358393.43175081676,726753.0230595235,461386.4739044934,942705.2669247657,351793.3581289046,317868.3110053749
2025-04-17,2518993.558136354,1972527.2966166933,356805.9070001838,723610.3698753394,459204.14978147374,938405.4113128899,351793.3581289046,317868.3110053749
2025-04-21,2485684.486389155,1972527.2966166933,336546.3578425517,683091.2715600752,447505.1791117737,915007.4699734896,351793.3581289046,317868.3110053749
2025-04-22,2525260.756097868,1972527.2966166933,353321.3883082602,716641.332491492,458978.5707353528,937954.2532206479,351793.3581289046,317868.3110053749
2025-04-23,2559737.317831698,1972527.2966166933,371072.84871824965,752144.2533114711,470342.20925438544,960681.5302587133,351793.3581289046,317868.3110053749
2025-04-24,2598462.123010203,1972527.2966166933,395236.2996791171,800471.155233206,484244.23099683755,988485.5737436174,351793.3581289046,317868.3110053749
2025-04-25,2618421.849261945,1972527.2966166933,409410.0321961824,828818.6202673365,491592.52503592585,1003182.161821794,351793.3581289046,317868.3110053749
2025-04-28,2625389.9771606945,1972527.2966166933,410055.22995124117,830109.0157774541,494583.20964647393,1009163.5310428903,351793.3581289046,317868.3110053749
2025-04-29,2628520.8940933505,1972527.2966166933,411843.6654785623,833685.8868320964,495954.14940942696,1011905.4105687963,351793.3581289046,317868.3110053749
2025-04-30,2627659.925466993,1972527.2966166933,412295.60137207224,834589.7586191162,495876.44777919434,1011750.0073083311,351793.3581289046,317868.3110053749
2025-05-01,2638698.0085930238,1972527.2966166933,423813.5327469107,857625.6213687932,499954.5149540093,1019906.1416579611,351793.3581289046,317868.3110053749
2025-05-02,2687384.9991312334,1972527.2966166933,461768.2239463632,933535.0037676981,516542.75359560276,1053082.6189411478,351793.3581289046,317868.3110053749
2025-05-05,2685313.0642176797,1972527.2966166933,458274.3664391826,926547.288753337,517265.63612246834,1054528.383994879,351793.3581289046,317868.3110053749
2025-05-06,2655998.000416512,1972527.2966166933,431311.76357526984,872622.0830255114,504192.43556047045,1028381.9828708833,351793.3581289046,317868.3110053749
2025-05-07,2667490.1450937795,1972527.2966166933,439547.3279721557,889093.2118192832,508592.7777417276,1037182.6672333975,351793.3581289046,317868.3110053749
2025-05-08,2670516.453439565,1972527.2966166933,443720.4095522365,897439.3749794448,512137.1936291828,1044271.499008308,351793.3581289046,317868.3110053749
2025-05-09,2673152.1165155247,1972527.2966166933,443405.87855764345,896810.3129902587,513403.456073951,1046804.0238978444,351793.3581289046,317868.3110053749
2025-05-12,2689737.1191407363,1972527.2966166933,454283.2074433911,918564.9707617539,521319.0311481154,1062635.1740461732,351793.3581289046,317868.3110053749
2025-05-13,2727534.205279415,1972527.2966166933,489749.2370968339,989497.0300686394,533543.4175535206,1087083.9468569835,351793.3581289046,317868.3110053749
2025-05-14,2736416.2989314673,1972527.2966166933,497987.3292200228,1005973.2143150173,537604.2885471769,1095205.688844296,351793.3581289046,317868.3110053749
2025-05-15,2735216.1404482997,1972527.2966166933,494138.5731220676,998275.7021191069,539517.6871538732,1099032.4860576887,351793.3581289046,317868.3110053749
2025-05-16,2745453.0920012523,1971949.4223890733,500790.0761168054,1011598.7081085824,540182.3283794605,1100401.7685088632,351071.41014697676,316718.2583973662
2025-05-19,2753433.6901192195,1979930.0205070404,503344.59459152183,1016707.7450580153,542138.3855693402,1104313.8828886226,353625.9286216932,318674.31558724586
2025-05-20,2748216.876742572,1974713.2071303928,500931.15506808256,1011880.8660111368,540592.0144870538,1101221.1407240499,351212.48909825395,317127.94450495957
2025-05-21,2738373.3229030026,1964869.6532908236,496789.9897196052,1003598.535314182,537826.5994109655,1095690.310571873,347071.3237497766,314362.5294288711
2025-05-22,2730507.364942974,1957003.6953307947,495090.87489066494,1000200.3056563016,536379.3897733364,1092795.891296615,345372.20892083633,312915.319791242
2025-05-23,2739329.497545148,1965825.8279329687,500056.9085564352,1010132.3729878421,539243.8588219035,1098524.8293937491,350338.2425866066,315779.7888398092
2025-05-27,2743976.464753382,1970472.7951412029,502323.2039398827,1014664.963754737,541091.1076061319,1102219.326962206,352604.5379700541,317627.0376240376
2025-05-28,2748325.768623289,1974822.09901111,507130.9679052047,1024280.491685381,543452.204693047,1106941.5211360361,357412.3019353761,319988.13471095264
2025-05-29,2729941.549859818,1956437.8802476388,496345.60716638766,1002709.770207747,537671.3820270405,1095379.8758040231,346626.94119655906,314207.3120449461
2025-05-30,2742275.8377511296,1968772.1681389506,507727.6394342017,1025473.8347433751,545558.7007332481,1111154.5132164385,358008.9734643731,322094.63075115375
2025-06-02,2752821.7376140333,1979638.640655666,514280.1064230016,1038578.7687209749,549679.6921188353,1119396.4959876128,364561.440453173,326215.62213674095
2025-06-03,2760178.4258275544,1984723.0276306272,517523.17663569987,1045064.9091463714,551643.0463187066,1123323.2043873554,367804.51066587126,328178.9763366123
2025-06-04,2753402.5287323776,1981284.902414689,514706.11781854543,1039430.7915120625,550719.3047887523,1121475.7213274469,364987.4518487168,327255.234806658
2025-06-05,2738501.7835440487,1967710.0237085086,510310.93034297763,1030640.4165609269,547124.2363772233,1114285.5845043887,360592.264373149,323660.16639512894
2025-06-06,2754394.3406159854,1980774.4256286551,514317.23251245875,1038653.0208998892,550960.8438252483,1121958.7994004388,364598.56654263014,327496.7738431539
2025-06-09,2754122.358552728,1981653.3089526591,510116.0181610815,1030250.5921971346,551197.9134117885,1122432.9385735192,360397.35219125287,327733.84342969424
2025-06-10,2740008.3260806114,1968303.7338692746,497570.1140338765,1005158.7839427247,543967.008837282,1107971.129424506,347851.4480640479,320502.9388551876
2025-06-11,2763456.88171748,1991692.061017706,515826.9498979945,1041672.4556709607,556211.439687054,1132459.9911240502,366108.2839281659,332747.36970495974
2025-06-12,2763209.4317888725,1991796.034371479,515864.2580515606,1041747.0719780929,556119.6368037638,1132276.3853574698,366145.592081732,332655.5668216694
2025-06-13,2767156.662629327,1992651.9107905333,514857.9692097437,1039734.4942944591,557200.0436914655,1134437.1991328732,365139.3032399151,333735.9737093712
2025-06-16,2772807.477351726,2002024.10196256,520881.34786998946,1051781.2516149506,564973.4158183743,1149983.9433866907,371162.68190016085,341509.3458362799
2025-06-17,2766821.122942308,1996793.807576476,515820.43169002346,1041659.4192550186,561333.4912704639,1142704.09429087,366101.76572019485,337869.4212883696
2025-06-18,2766314.5279971445,1997387.6809071642,515519.81079059397,1041058.1774561596,562643.3142680317,1145323.7402860057,365801.14482076536,339179.2442859374
2025-06-20,2763502.974807466,1993950.2785339097,511212.3059776772,1032473.1678303261,562137.8006515296,1144372.7130530013,361493.6400078486,338673.73066943523
2025-06-23,2776962.344975843,2007409.648702287,515724.6739618809,1041497.9037987335,565600.3663061612,1151297.8443622645,366006.0079920523,342136.29632406676
2025-06-24,2792348.4964984856,2022795.8002249293,523756.4054680281,1057561.366811028,570564.4101633932,1161225.9320767287,374037.7394981995,347100.34018129884
2025-06-25,2785111.0632182397,2015558.3669446833,518489.8021097817,1047028.1600945351,567861.2456989366,1155819.6031478154,368771.1361399531,344397.17571684223
2025-06-26,2805345.5358546907,2035792.8395811345,530114.6659882235,1070277.8878514187,574863.760172571,1169824.6320950843,380396.00001839484,351399.69019047666
2025-06-27,2805488.680173613,2035935.983900057,533278.9492062499,1076606.4542874715,575681.0890249307,1171459.2897998036,383560.2832364213,352217.01904283627
2025-06-30,2818585.471044373,2049032.7747708166,537722.1927466735,1085492.9413683186,579864.6237707989,1179826.35929154,388003.5267768448,356400.5537887045
2025-07-01,2769822.1721209567,2000269.4758474003,505784.2488884445,1021617.0536518607,561167.2255109248,1142431.5627717918,356065.5829186159,337703.1555288305
2025-07-02,2770459.728142278,2000907.0318687216,504569.1563984992,1019186.8686719701,560717.9742639291,1141533.0602778003,354850.4904286706,337253.9042818346
2025-07-03,2793671.9832941527,2024119.2870205962,517168.3410386157,1044385.237952203,569541.7918573729,1159180.695464688,367449.67506878707,346077.7218752784
2025-07-07,2807222.624621074,2037669.928347518,520773.080448331,1051594.7167716336,574091.4005769528,1168279.9129038479,371054.4144785024,350627.3305948584
2025-07-08,2794215.1967582875,2024662.5004847315,511614.5394247394,1033277.6347244505,567688.021322056,1155473.154394054,361895.8734549108,344223.95133996155
2025-07-09,2806535.7649162887,2036983.0686427322,519204.7731363134,1048458.1021475985,573641.7891711594,1167380.690092261,369486.1071664848,350177.719189065
2025-07-10,2786444.0085080974,2016891.3122345412,509509.63471262483,1029067.8253002213,565896.4256312834,1151889.963012509,359790.9687427962,342432.355649189
2025-07-11,2785343.7653077575,2015791.0690342013,508414.2749284603,1026877.1057318923,565502.8769022415,1151102.8655544252,358695.6089586317,342038.80692014715
2025-07-14,2813299.836166262,2043747.1398927062,524578.9312567309,1059206.4183884335,578749.6398525068,1177596.3914549558,374860.2652869023,355285.5698704124
2025-07-15,2808129.4246825245,2038576.7284089683,523811.7965799883,1057672.1490349483,577961.962115255,1176021.035980452,374093.1306101597,354497.89213316055
2025-07-16,2808400.4484957596,2038847.7522222036,526531.7303389297,1063112.016552831,581162.0564092748,1182421.2245684918,376813.0643691011,357697.9864271804
2025-07-17,2825791.0206364505,2056238.3243628945,539757.8096655306,1089564.1752060328,590100.7478406967,1200298.6074313356,390039.143695702,366636.6778586024
2025-07-18,2837007.5464920667,2067454.850218511,541806.2458578877,1093691.047590747,589983.679655702,1200124.4710613461,392087.57988805906,366519.6096736075
2025-07-21,2822867.9254127136,2053315.2291391578,531567.2764532913,1073213.1087815543,584520.7031914091,1189198.5181327604,381848.61048346263,361056.6332093146
2025-07-22,2801459.7133348202,2031907.0170612643,521466.76728296274,1053012.090440897,577950.5179794155,1176058.1477087731,371748.10131313413,354486.447997321
2025-07-23,2847111.4841010026,2077558.7878274466,545169.0322478224,1100416.6203706164,592399.6035206214,1204956.318791185,395450.3662779938,368935.53353852703
2025-07-24,2843117.211576459,2073564.5153029033,541051.1052328183,1092180.7663406082,590493.4526502956,1201144.0170505333,391332.4392629896,367029.3826682012
2025-07-25,2860911.2789746756,2091358.5827011194,549873.631909097,1109825.8196931656,595729.4504419203,1211616.0126337828,400154.96593926835,372265.38045982586
2025-07-28,2863516.235026447,2093963.5387528911,547602.464235028,1105283.4843450277,595488.4747723127,1211134.0612945675,397883.7982651994,372024.4047902182
2025-07-29,2857409.4063450163,2087856.7100714603,541628.05612706,1093334.6681290916,592862.8722409274,1205882.856231797,391909.39015723136,369398.802258833
2025-07-30,2886022.075775625,2116469.379502069,557974.2506975847,1126027.057270141,603114.783286643,1226386.6783232281,408255.5847277561,379650.71330454847
2025-07-31,2877904.3857284444,2108351.6894548885,555139.7558134219,1120358.0675018155,600771.7261175107,1221700.5639849636,405421.0898435933,377307.6561354162
2025-08-01,2872031.7967816503,2102479.1005080943,549180.000495691,1108438.5568663536,597562.8826031173,1215282.8769561767,399461.33452586236,374098.81262102275
2025-08-04,2886150.181685742,2116597.485412186,555541.0858025849,1121160.7274801414,603108.2372221989,1226373.58619434,405822.41983275634,379644.1672401044
2025-08-05,2923815.0905999118,2154262.394326356,580047.7473089681,1170174.0504929079,621981.7825670784,1264120.676884099,430329.08133913955,398517.7125849839
2025-08-06,2930039.5468374775,2160486.8505639215,584337.2178607332,1178752.991596438,623814.1222962644,1267785.356342471,434618.5518909045,400350.05231417
2025-08-07,2933340.565311251,2163787.869037695,585110.9249931072,1180300.405861186,626660.0181952649,1273477.148140472,435392.25902327854,403195.9482131704
2025-08-08,2928794.0412761196,2159241.3450025637,581563.4211578858,1173205.3981907433,624183.9953184966,1268525.1023869354,431844.7551880572,400719.9253364022
2025-08-11,2914473.6493921424,2144920.9531185864,565906.4070310851,1141891.369937142,618359.7007741686,1256876.5132982794,416187.74106125656,394895.63079207414
2025-08-12,2920025.879376838,2150473.183103282,570554.375996641,1151187.3078682537,620489.5416236471,1261136.1949972364,420835.7100268124,397025.4716415526
2025-08-13,2899035.0729483888,2129482.376674833,553370.4377637152,1116819.431402402,610765.1399513211,1241687.3916525843,403651.7717938865,387301.06996922655
2025-08-14,2883485.5258405586,2113932.8295670026,540117.7805264601,1090314.116927892,601997.8028129777,1224152.7173758976,390399.11455663154,378533.7328308832
2025-08-15,2867882.862065343,2098330.165791787,526480.1470875691,1063071.8857765256,590274.5209777158,1200772.2251582053,376761.4811177405,366810.4509956214
2025-08-18,2873528.6451626485,2103975.9488890925,527709.2017393066,1065529.9950800005,591437.2453635733,1203097.67392992,377990.535769478,367973.17538147885
2025-08-19,2840729.953865694,2071177.2575921381,515094.98277092073,1040301.5571432288,582860.4149823391,1185944.0131674516,365376.3168010921,359396.3450002446
2025-08-20,2839897.918425875,2070345.2221523186,514300.09753709735,1038711.7866755819,582547.9816733195,1185319.1465494123,364581.43156726874,359083.91169122496
2025-08-21,2834319.196440672,2064766.500167116,510567.1291441281,1031245.8498896435,580433.3413626787,1181089.865928131,360848.4631742995,356969.2713805842
2025-08-22,2852768.5083743706,2083215.812100815,521026.9023470179,1052165.3962954232,585748.865864342,1191720.9149314575,371308.2363771893,362284.7958822475
2025-08-25,2846908.871221501,2077356.1749479452,516970.66065580613,1044052.9129129995,583418.7156658311,1187060.6145344356,367251.9946859775,359954.6456837366
2025-08-26,2873797.4880635436,2104244.7917899876,529293.5300803283,1068698.651762044,590739.0306688598,1201701.2445404932,379574.86411049974,367274.9606867654
2025-08-27,2871404.999656825,2101852.303383269,530410.6139826472,1070932.8195666817,590290.8210579087,1200804.825318591,380691.9480128186,366826.7510758143
2025-08-28,2886296.662131784,2116743.965858228,538572.9079393942,1087257.4074801756,594302.2632768613,1208827.7097564961,388854.24196956557,370838.1932947668
2025-08-29,2867111.428841106,2097558.73256755,528762.1360221711,1067635.8636457296,588202.7876000056,1196628.7584027848,379043.4700523425,364738.71761791117
2025-09-02,2849593.1732361326,2080040.4769625764,517069.21073484485,1044250.013071077,582761.3895317019,1185745.9622661774,367350.54476501624,359297.31954960746
2025-09-03,2852455.247471792,2082902.5511982362,519204.81780103955,1048521.2272034665,584271.9331866063,1188767.049575986,369486.15183121094,360807.8632045119
2025-09-04,2868470.8612134396,2098918.1649398836,525725.385867381,1061562.3633361494,588048.9647407242,1196321.112684222,376006.71989755245,364584.8947586297
2025-09-05,2850483.085468294,2080930.3891947381,516479.2420244217,1043070.0756502306,583463.5049299952,1187150.193062764,366760.5760545931,359999.43494790077
2025-09-08,2860209.9595261863,2090657.2632526304,515818.197338774,1041747.9862789353,584271.3445777093,1188765.872358192,366099.5313689454,360807.2745956149
2025-09-09,2871938.247416242,2102385.551142686,514663.190979718,1039437.9735608234,585469.4330645945,1191162.0493319626,364944.5250098894,362005.36308250006
2025-09-10,2902508.823067416,2132956.12679386,526376.8118337388,1062865.215268865,597173.7047008659,1214570.5926045051,376658.1458639102,373709.63471877144
2025-09-11,2900256.329152932,2130703.632879376,527406.7418990384,1064925.0753994642,596126.6596427939,1212476.5024883612,377688.0759292098,372662.5896606994
2025-09-12,2901603.386097865,2132050.689824309,520945.8414694458,1052003.2745402788,594318.7392308888,1208860.6616645511,371227.1754996172,370854.6692487944
2025-09-15,2909383.274365313,2139830.578091757,523695.8210260477,1057503.2336534827,597904.6149947429,1216032.4131922591,373977.1550562191,374440.5450126484
2025-09-16,2894213.060555671,2124660.364282115,511630.60970262706,1033372.8110066414,587483.8469803378,1195190.8771634488,361911.94373279845,364019.7769982433
2025-09-17,2891525.8610023316,2121973.1647287756,510187.4951261463,1030486.5818536798,586401.5692985189,1193026.3217998112,360468.8291563177,362937.4993164244
2025-09-18,2910496.4408576256,2140943.7445840696,519638.3884995798,1049388.3686005468,593202.746765024,1206628.6767328216,369919.7225297512,369738.6767829296
2025-09-19,2925551.2482836037,2155914.349983239,525738.1243588015,1061616.8825211518,597760.9157175713,1215803.0990422387,376019.4583889729,374296.8457354768
2025-09-22,2934769.8244319386,2165132.926131574,528210.7017728278,1066562.0373492043,599913.5854727274,1220108.438552551,378492.03580299916,376449.515490633
2025-09-23,2926226.216752606,2156589.3184522414,522838.7278703243,1055818.0895441973,596896.4984858781,1214074.2645788523,373120.06190049567,373432.4285037836
2025-09-24,2894153.169986216,2124516.271685851,510206.05192609166,1030552.7376557321,588443.3393046794,1197167.946216455,360487.38595626305,364979.26932258497
2025-09-25,2880186.502821246,2110549.6045208815,502912.0510146371,1015964.735832823,583553.2150860077,1187387.6977791118,353193.3850448085,360089.1451039133
2025-09-26,2884369.4710787884,2114732.5727784233,503527.22287082736,1017195.0795452035,584173.2893401644,1188627.846287425,353808.55690099875,360709.2193580699
2025-09-29,2882196.520759381,2112559.6224590163,499623.04725347337,1009386.7283104955,581674.1339454466,1183629.5354979895,349904.38128364476,358210.0639633522
2025-09-30,2891684.7644925634,2122047.866192199,502781.3419139715,1015703.3176314918,584172.0936586454,1188625.454924387,353062.6759441429,360708.0236765509
2025-10-01,2896388.449061987,2126751.5507616224,503787.99661130883,1017716.6270261664,585102.673291766,1190486.614190628,354069.3306414802,361638.60330967145
2025-10-02,2905199.0241645966,2135562.125864232,506220.4572958857,1022581.5483953202,587113.1628556187,1194507.5933183336,356501.7913260571,363649.0928735243
2025-10-03,2883225.711320117,2113588.8130197525,496566.3125987004,1003273.2590009497,579621.1534944209,1179523.574595938,346847.6466288718,356157.08351232647
2025-10-06,2894019.1934264735,2124382.295126109,496780.63990852685,1003701.9136206026,580207.7215164325,1180696.710639961,347061.97393869824,356743.651534338
2025-10-07,2894887.7129399907,2125250.814639626,496579.643740527,1003299.9212846027,580156.5401264308,1180594.3478599577,346860.9777706984,356692.4701443363
2025-10-08,2915188.3401334193,2145551.4418330546,502157.59726937884,1014455.8283423064,585269.6662849048,1190820.6001769057,352438.9312995502,361805.5963028103
2025-10-09,2919254.326971422,2149617.4286710573,501624.44028015103,1013389.5143638508,585114.6415615911,1190510.5507302782,351905.7743103224,361650.57157949667
2025-10-10,2869077.4888220634,2099440.590521699,486174.44391061005,982489.5216247689,570833.9673105152,1161949.2022281266,336455.77794078144,347369.8973284208
2025-10-13,2909058.6487810514,2139421.750480687,494269.0703873137,998678.7745781763,578785.2564800484,1177851.780567193,344550.4044174851,355321.18649795395
2025-10-14,2909255.064009896,2139618.1657095314,493242.5425408149,996625.7188851786,577903.281692909,1176087.830992914,343523.8765709863,354439.2117108145
2025-10-15,2890401.568396631,2120764.670096266,488552.34556192614,987245.324927401,573297.6868101581,1166876.6412274123,338833.6795920975,349833.61682806356
2025-10-16,2885399.588626171,2115762.6903258064,485196.5542842634,980533.7423720756,569950.5012372065,1160182.2700815091,335477.8883144348,346486.431255112
2025-10-17,2880947.4217291293,2106160.15450457,482898.12578752794,975976.8853786048,566920.7718581407,1154202.8113233778,333179.45981769933,343456.7018760463
2025-10-20,2883348.5684535718,2108561.3012290127,481066.60596012097,972313.8457237908,566699.336492959,1153759.9405930142,331347.93999029236,343235.26651086455
2025-10-21,2896193.474655883,2121406.207431324,488664.52051729016,987509.6748381292,570924.0280742159,1162209.323755528,338945.85454746155,347459.9580921214
2025-10-22,2885487.449596168,2110700.182371609,482083.4589390979,974347.5516817446,567049.6687807023,1154460.605168501,332364.79296926927,343585.5987986078
2025-10-23,2917518.616538207,2142731.349313648,498023.00920548226,1006226.6522145134,576888.5040921863,1174138.275791469,348304.34323565365,353424.43411009194
2025-10-24,2939270.257258173,2164482.990033614,508170.38940610975,1026521.4126157684,583898.6748364819,1188158.6172800602,358451.72343628114,360434.60485438746
2025-10-27,2960667.779718935,2185880.512494376,516653.9904964091,1043488.6147963671,590962.6837064691,1202286.6350200346,366935.3245265805,367498.6137243747
2025-10-28,2952572.69885676,2177785.4316322007,510916.724139035,1032014.0820816188,587970.997930769,1196303.2634686343,361198.0581692064,364506.9279486746
2025-10-29,2965664.6237049964,2190877.3564804373,518338.958023319,1046858.5498501868,592843.3056629904,1206047.8789330772,368620.2920534904,369379.235680896
2025-10-30,2947415.373871158,2172628.106646599,506288.945814597,1022758.5254327429,585708.5252243896,1191778.3180558756,356570.2798447684,362244.4552422952
2025-10-31,2979519.379628171,2204732.112403612,528411.2303858827,1067003.094575314,598515.0852987361,1217391.4382045686,378692.564416054,375051.0153166417
2025-11-03,2978048.0146176615,2203260.747393102,526055.463909006,1062291.561621561,599301.2774126928,1218963.822432482,376336.7979391774,375837.2074305983
2025-11-04,2939447.4995768615,2164660.2323523024,499408.68611328135,1008998.0060301116,582137.0772445194,1184635.422096135,349690.02014345274,358673.007262425
2025-11-05,2954555.2225058824,2179767.9552813233,505432.10547296435,1021044.8447494776,586956.351388059,1194273.9703832143,355713.43950313574,363492.2814059646
2025-11-06,2896144.1125136176,2121356.8452890585,478639.302418649,967459.2386408469,567949.7021089498,1156260.671824996,328920.6364488204,344485.63212685543
2025-11-07,2915036.139018914,2140248.871794355,483430.8549383743,977042.3436802975,571786.1944511982,1163933.6565094928,333712.1889685457,348322.1244691038
2025-11-10,2959130.2142069926,2162630.914357326,502438.25484172767,1015057.1434870042,588623.0267747652,1197607.3211566268,352719.58887189906,365158.95679267077
2025-11-11,2925102.0759977177,2138494.419375647,485572.1667122851,981324.967228119,574913.9696958466,1170189.2069987895,335853.50074245647,351449.8997137522
2025-11-12,2909607.552419227,2127301.3445096356,469866.4573702955,949913.5485441398,565853.7682882627,1152068.8041836217,320147.7914004669,342389.6983061683
2025-11-13,2862830.985841577,2099542.9910223074,452957.03110116604,916094.696005881,550918.7997494207,1122198.8671059378,303238.3651313374,327454.7297673263
2025-11-14,2877839.374114041,2111339.202304315,462027.60927189037,934235.8523473296,555733.0303888568,1131827.32838481,312308.94330206176,332268.9604067624
2025-11-17,2855913.7244637087,2102000.223304559,452447.1599134347,915074.9536304183,550534.8993547031,1121431.0663165026,302728.4939436061,327070.82937260874
2025-11-18,2857598.701351452,2108020.4388724547,461355.42555874155,932891.484921032,553665.3881492048,1127692.043905506,311636.75958891294,330201.3181671103
2025-11-19,2858082.7967209816,2101423.4035359654,454311.55368900584,918803.7411815606,552380.6104358479,1125122.4884787921,304592.88771917723,328916.54045375355
2025-11-20,2819616.767256384,2099114.431731065,451806.12703801313,913792.8878795751,552855.8803224075,1126073.0282519113,302087.4610681845,329391.8103403131
2025-11-21,2828088.395196673,2101781.052398244,453886.2987645794,918000.1734242634,553875.7453955752,1128206.642581358,304167.6327947508,330411.6754134807
2025-11-24,2879517.164093255,2153209.821294826,478904.02190940344,968035.6197139114,569511.2151109861,1159477.58201218,329185.35593957483,346047.14512889175
2025-11-25,2896781.5832244814,2170474.2404260524,488665.79007740994,987559.1560499246,575270.2982996706,1170995.748389549,338947.12410758133,351806.22831757617
2025-11-26,2943229.4755011615,2216922.1327027325,519680.6940651238,1049588.9640253522,591153.980096483,1202763.1119831738,369962.0280952952,367689.91011438856
2025-11-28,2960013.271477355,2233705.928678926,529261.3827015202,1068750.341298145,597559.5094906633,1215574.1707715343,379542.7167316916,374095.43950856884
2025-12-01,2942617.6113663623,2216310.2685679332,511051.8096478418,1032331.1951907881,592020.0635645379,1204495.2789192838,361333.1436780132,368555.9935824435
2025-12-02,2949677.8361747675,2223370.4933763384,513970.34739739145,1038168.2706898875,595002.6827667882,1210460.517323784,364251.68142756284,371538.6127846937
2025-12-03,2958090.5146542187,2231783.1718557896,521003.5630980546,1052234.7020912138,597683.9635459415,1215823.0788820907,371284.897128226,374219.89356384706
2025-12-04,2980440.8346173875,2254133.4918189584,537654.0740917872,1085535.724078679,606647.4988405332,1233750.149471274,387935.4081219586,383183.4288584387
2025-12-05,3011560.2327932417,2285252.8899948127,560108.9161711333,1130445.4082373711,621602.2997884869,1263659.7513671815,410390.2502013047,398138.2298063924
2025-12-08,3036343.3770654327,2310036.0342670036,579106.8759892536,1168441.3278736118,634884.0947337957,1290223.3412577992,429388.210019425,411420.0247517013
2025-12-09,3041851.60598636,2315544.263187931,583424.0494976792,1177075.674890463,638382.3351110909,1297219.8220123895,433705.3835278506,414918.26512899646
2025-12-10,3091931.615492094,2365624.2726936648,630647.9635600443,1271523.5030151932,657120.9330730154,1334697.0179362386,480929.2975902157,433656.86309092096
2025-12-11,3083289.3569269013,2356982.014128472,622638.67589253,1255504.9276801646,653291.7935615744,1327038.7389133566,472920.0099227014,429827.72357947996
2025-12-12,3042522.616403943,2316215.273605514,582938.7001283463,1176104.9761517975,640154.439440983,1300764.0306721737,433220.0341585178,416690.36945888854
2025-12-15,3023957.2161150645,2297649.8733166354,563484.809682753,1137197.1952606107,637656.788365569,1295768.7285213456,413766.14371292444,414192.7183834745
2025-12-16,3036294.2855920675,2309986.9427936384,573781.1069730364,1157789.7898411774,650422.4030080541,1321299.957806316,424062.4410032079,426958.33302595967
2025-12-17,2989328.1657909295,2269730.9783918145,526997.7756865723,1064223.1272682492,629415.7290181972,1279286.609826602,377279.1097167437,405951.65903610265
2025-12-18,3022200.7647313485,2300068.627524832,558954.7882856906,1128137.1524664857,653908.9103751589,1328272.9725405255,409236.122315862,430444.8403930644
2025-12-19,3053509.1270327307,2323564.695431175,589402.2196881087,1189075.5919262539,667025.2686964187,1354592.842492909,439683.55371828,443561.1987143243
2025-12-22,3049010.6335329,2319066.2019313443,585052.5300057066,1180376.2125614495,664939.8557098925,1350422.0165198564,435333.8640358779,441475.785727798
2025-12-23,3047997.7606361513,2318053.3290345958,583467.4943995667,1177206.14134917,664218.2772387016,1348978.8595774746,433748.82842973806,440754.2072566072
2025-12-24,3050960.8548518545,2321016.4232502994,583359.5547181356,1176990.2619863078,664582.5213994583,1349707.347898988,433640.88874830696,441118.45141736383
2025-12-26,3046409.7018208406,2316465.270219285,579410.3836559403,1169091.919861917,662384.1409598894,1345310.5870198503,429691.7176861116,438920.07097779494
2025-12-29,3023399.671612883,2293455.2400113274,565083.8831544745,1140438.9188589854,653206.2439904416,1326954.7930809546,415365.2171846458,429742.1740083471
2025-12-30,3015906.0978364046,2285961.666234849,561742.9130507235,1133756.9786514833,650715.7575423395,1321973.8201847507,412024.2470808948,427251.6875602451
2025-12-31,2997509.0745375897,2267564.642936034,554592.2465553251,1119455.6456606865,645158.7455558564,1310859.7962117842,404873.5805854964,421694.67557376187
2026-01-02,3018726.3565284875,2288781.924926932,563805.9088432844,1137882.9702366053,652612.3400156797,1325766.985131431,414087.24287345575,429148.2700335852
2026-01-05,3044661.8009175602,2314717.369316005,568612.1349746574,1147495.4224993514,657535.6938616391,1335613.6928233497,418893.46900482883,434071.62387954467
2026-01-06,3121438.874806143,2391494.4432045873,621079.5570194039,1252430.2665888444,690648.5237934886,1401839.352687049,471360.8910495753,467184.4538113942
2026-01-07,3076799.5052730055,2346855.07367145,584198.7852898808,1178668.7231297982,669711.2592629758,1359964.823626023,434480.1193200522,446247.1892808813
2026-01-08,3037427.3401277596,2307482.908526204,562552.8246200815,1135376.8017901992,652768.7111001535,1326079.7273003785,412834.15865025274,429304.6411180591
2026-01-09,3069364.2188692163,2339419.7872676607,580553.2562229038,1171377.6649958442,667551.2332525459,1355644.7716051636,430834.59025307524,444087.16327045154
2026-01-12,3107618.1311678737,2377673.699566318,605927.8655130414,1222126.8835761193,687465.2909740268,1395472.8870481253,456209.1995432127,464001.2209919324
2026-01-13,3114930.5062151733,2384986.0746136177,609605.8754360907,1229482.9034222178,689917.7167343681,1400377.738568808,459887.209466262,466453.6467522737
2026-01-14,3109400.571892504,2379456.1402909486,604702.9796594452,1219677.111868927,686890.0584247806,1394322.4219496327,454984.3136896166,463425.98844268615
2026-01-15,3106064.9091957835,2376120.477594228,616033.7155789862,1242338.5837080088,693706.7180675481,1407955.7412351677,466315.04960915755,470242.6480854536
2026-01-16,3100001.9002925013,2369901.3499365747,618004.8044285084,1246321.1397234655,696956.9584121892,1414536.978557274,468286.13845867984,473492.88843009475
2026-01-20,3090506.7199814324,2360406.1696255053,608764.7899381066,1227841.1107426616,692507.5506307359,1405638.1629943675,459046.12396827794,469043.4806486415
2026-01-21,3117318.0068401094,2387217.4564841823,622763.8747125226,1255839.280291494,701083.1623260964,1422789.3863850886,473045.208742694,477619.092344002
2026-01-22,3120073.3083293554,2389972.7579734283,623132.4015203728,1256576.3339071942,701654.5058874645,1423932.0735078244,473413.73555054417,478190.43590537
2026-01-23,3120808.8348334217,2390708.2844774947,621073.7331177172,1252458.997101883,701182.7849982135,1422988.6317293227,471355.0671478886,477718.71501611907
2026-01-26,3127456.288630612,2397355.738274685,622047.2150122384,1254405.9608909253,702647.2517958636,1425917.5653246227,472328.54904240975,479183.1818137691
2026-01-27,3139880.0536192823,2409779.5032633557,630944.4339065254,1272200.3986794993,707549.2252860195,1435721.5123049344,481225.7679366967,484085.155303925
2026-01-28,3194143.720093453,2464043.1697375257,681656.4226511932,1373624.376168835,726950.7079117491,1474524.4775563937,531937.7566813646,503486.6379296546
2026-01-29,3182156.00194348,2452055.4515875536,677936.1237540498,1366183.778374548,724035.9645923271,1468694.99091755,528217.4577842212,500571.89461023273
2026-01-30,3123054.368487846,2392953.818131919,632803.284779911,1275918.1004262706,705450.7012531089,1431524.4642391133,483084.61881008244,481986.6312710144
2026-02-02,3140225.4212078606,2410124.870851934,655294.8987329475,1320901.3283323438,715380.682168045,1451384.4260689856,505576.232763119,491916.6121859505
2026-02-03,3169648.783414064,2439548.233058137,678444.2120399752,1367199.954946399,725404.6467052022,1471432.3551433,528725.5460701466,501940.5767231078
2026-02-04,3100574.088355102,2382336.6924500754,642548.0623373504,1295407.6555411494,710771.8211668036,1442166.7040665029,492829.39636752184,487307.7511847092
2026-02-05,3056527.3256272892,2352893.5762136914,626831.5182028385,1263974.5672721255,703694.9022155977,1428012.866164091,477112.8522330099,480230.8322335032
2026-02-06,3121116.1688452787,2391941.9296668437,658322.4301412767,1326956.391149002,719062.0070712491,1458747.0758753938,508603.764171448,495597.9370891546
2026-02-09,3135576.4566865563,2391322.668034226,657001.0795135852,1324313.6898936192,721476.2488708259,1463575.5594745472,507282.41354375664,498012.17888873135
2026-02-10,3095169.320478048,2356658.758938989,621184.465222227,1252680.4613109026,705427.2340552344,1431477.5298433644,471465.7992523984,481963.1640731399
2026-02-11,3094835.198930148,2374838.689176416,636044.8262893884,1282401.1834452252,714798.6918058903,1450220.4453446763,486326.1603195597,491334.6218237959
2026-02-12,3099432.0050726193,2399696.9489807957,658873.5612865667,1328058.653439582,725704.7506627943,1472032.5630584843,509154.8953167381,502240.6806806999
2026-02-13,3104728.888142408,2393406.1851274087,652802.0775608405,1315915.6859881296,724498.8020290681,1469620.665791032,503083.4115910119,501034.73204697366
2026-02-17,3107079.033986321,2394847.648869759,648944.6947704062,1308200.9204072612,731096.2495806328,1482815.560894161,499226.0288005776,507632.17959853826
2026-02-18,3125964.9515614575,2411395.719688709,664813.6753403932,1339938.881547235,738950.1624937243,1498523.3867203442,515095.0093705646,515486.0925116298
2026-02-19,3104345.968526195,2389540.7022379353,643452.662390315,1297216.8556470785,733954.6363155487,1488532.334363993,493733.9964204863,510490.5663334542
2026-02-20,3108620.3595049493,2392284.366846864,643731.8251476251,1297779.2055496592,739745.5326550652,1500122.1758189467,494013.15917779645,516281.4626729707
2026-02-23,3098307.6807762696,2381971.688118185,634336.8479011453,1278989.2510566995,735156.6477515172,1490944.4060118508,484618.1819313167,511692.5777694228
2026-02-24,3083406.718426703,2367070.725768618,625849.6478489301,1262014.850952269,730035.3750905272,1480701.8606898708,476130.9818791014,506571.3051084328
2026-02-25,3111033.314471799,2394697.3218137138,637135.5263651969,1284586.607984803,737898.966171731,1496429.0428522786,487416.86039536825,514434.89618963667
2026-02-26,3097050.358750133,2380714.366092048,628488.7963368301,1267293.147928069,732701.7556518721,1486034.6218125606,478770.1303670014,509237.6856697777
2026-02-27,3086582.4861357,2370246.493477615,622006.6954346431,1254328.946123695,728660.9554264575,1477953.0213617315,472288.02946481435,505196.88544436306
2026-03-02,3062410.4543220922,2346074.461664007,607390.453468216,1225096.462190841,718911.73841713,1458454.5873430765,457671.78749838733,495447.6684350356
2026-03-03,2999754.211302259,2283418.218644174,587531.735929559,1185379.0271135268,703049.4412697796,1426729.9930483757,437813.06995973026,479585.3712876852
2026-03-04,3041272.299341978,2324936.306683893,596890.5994739656,1204096.7542023403,711061.8719869475,1442754.8544827115,447171.933504137,487597.80200485315
2026-03-05,3012763.5117886905,2310457.848983158,587300.4889311834,1184916.5331167758,703177.710491899,1426986.5314926147,437581.8229613547,479713.64050980465
2026-03-06,2962396.2807962885,2278936.998391731,576986.236269543,1164288.0277934948,694056.190493807,1408743.4914964305,427267.5702997143,470592.12051171256
2026-03-09,3025201.920371521,2312375.386058426,583833.6616789335,1177982.878612276,700583.8971873526,1421798.9048835216,434114.9957091048,477119.8272052582
2026-03-10,3050219.943771914,2320352.17386701,588165.5960453412,1186646.7473450915,704695.5922691034,1430022.2950470233,438446.9300755126,481231.522287009
2026-03-11,3074616.7357734637,2330872.973133848,594218.9929235699,1198753.5411015486,710341.5934450421,1441314.2973989008,444500.3269537412,486877.52346294775
2026-03-12,3041347.619499579,2320049.1700210995,582376.1748102581,1175067.904874925,699499.4991695682,1419630.108847953,432657.5088404294,476035.4291874738
2026-03-13,3075591.1580596287,2328603.3381688194,590671.541626985,1191658.638508379,707415.5839072737,1435462.278323364,440952.87565715634,483951.51392517926
2026-03-16,3119596.8138534976,2342595.5779589904,598512.945271007,1207341.445796423,715517.480654692,1451666.0718182006,448794.2793011783,492053.41067259765
2026-03-17,3165590.7000686238,2353304.035946642,620895.006229697,1252105.5677138031,737538.4152838262,1495707.941076469,471176.3402598684,514074.3453017318
2026-03-18,3162513.1882220763,2353122.9460261585,618350.1020035056,1247015.7592614202,735340.351010784,1491311.8125303846,468631.43603367696,511876.28102868964
2026-03-19,3184944.963026965,2347923.1978403963,628559.0525382907,1267433.6603309906,745853.2244466539,1512337.5594021243,478840.38656846207,522389.1544645595
2026-03-20,3115471.3611576306,2325919.0507988376,578762.9983821581,1167845.6268280786,695565.8164782288,1411770.8930839808,430215.2269293091,473960.57602669287
2026-03-23,3114819.357342807,2325919.0507988376,574757.8089072983,1159835.247878359,694165.2673418032,1408969.7948111293,430215.2269293091,473960.57602669287
2026-03-24,3136291.7046005554,2325919.0507988376,586274.806660503,1182869.2433847685,701071.4313763,1422782.122880123,430215.2269293091,473960.57602669287
2026-03-25,3118622.625558133,2325919.0507988376,578070.6003152188,1166460.8306942,695718.535418346,1412076.330964215,430215.2269293091,473960.57602669287
2026-03-26,3026757.4193499023,2325919.0507988376,537595.9223838293,1085511.474831421,669497.3636725708,1359633.9874726648,430215.2269293091,473960.57602669287
2026-03-27,3040234.7071608994,2325919.0507988376,541678.8140637288,1093677.25819122,672465.9300831376,1365571.1202937984,430215.2269293091,473960.57602669287
2026-03-30,2967518.2471439946,2325919.0507988376,518662.81132977264,1047645.2527233078,655457.8851300158,1331555.0303875548,430215.2269293091,473960.57602669287
2026-03-31,3032049.6909581805,2325919.0507988376,533424.4602746717,1077168.5506131058,667592.6394861372,1355824.5390997974,430215.2269293091,473960.57602669287
2026-04-01,3110436.7442504102,2325919.0507988376,561123.9061049753,1132567.4422737132,688829.9007094515,1398299.0615464263,430215.2269293091,473960.57602669287
2026-04-02,3130192.7794230646,2325919.0507988376,573278.0496831377,1156875.729430038,696502.3600683748,1413643.9802642728,430215.2269293091,473960.57602669287
2026-04-06,3153030.2062568925,2325919.0507988376,574402.2060204006,1159124.042104564,701333.5933324111,1423306.4467923455,430215.2269293091,473960.57602669287
2026-04-07,3168985.2093722005,2325919.0507988376,585243.8833983765,1180807.3968605155,708931.2249509556,1438501.7100294344,430215.2269293091,473960.57602669287
2026-04-08,3258301.9793378543,2325919.0507988376,644944.5773141745,1300208.7846921114,747088.6407445262,1514816.5416165756,430215.2269293091,473960.57602669287
2026-04-09,3283319.458432719,2325919.0507988376,659706.9311703286,1329733.4924044197,760554.4379781503,1541748.1360838236,430215.2269293091,473960.57602669287
2026-04-10,3292378.725378681,2325919.0507988376,666723.87467032,1343767.3794044023,765945.6493513596,1552530.5588302424,430215.2269293091,473960.57602669287
2026-04-13,3324728.5919424854,2325919.0507988376,692167.7714781873,1394655.173020137,788385.9392010779,1597411.138529679,430215.2269293091,473960.57602669287
2026-04-14,3355120.8992917673,2325919.0507988376,716039.7524170007,1442399.1348977638,807951.0535323272,1636541.3671921773,430215.2269293091,473960.57602669287
2026-04-15,3332686.4621388316,2325919.0507988376,693457.1760796327,1397233.9822230279,803267.6917656778,1627174.6436588787,430215.2269293091,473960.57602669287
2026-04-16,3354782.012416092,2325919.0507988376,714935.9979593861,1440191.6259825346,816881.44702716,1654402.1541818432,430215.2269293091,473960.57602669287
2026-04-17,3375502.317687401,2325419.0507988376,734357.2193041873,1479034.8125983705,823607.4360368099,1667855.6200536096,428924.51169780764,471912.70525099034
2026-04-20,3370295.597316353,2320212.3304277896,726313.02347461,1462946.4209392157,820218.3254894405,1661077.3989588704,420880.31586823025,468523.5947036208
2026-04-21,3361887.320878637,2311804.0539900735,721114.1371040229,1452548.6481980414,817196.5994694581,1655033.946918906,415681.4294976431,465501.8686836385
2026-04-22,3403346.8342189356,2353263.567330372,740751.1769136902,1491822.727817376,829995.5229185624,1680631.7938171143,435318.4693073104,478300.7921327428
2026-04-23,3398892.4348606328,2348809.1679720692,736968.2145700941,1484256.8031301838,828108.8176365442,1676858.383253078,431535.5069637143,476414.0868507246
2026-04-24,3428161.7872268287,2378078.520338265,750703.2201238403,1511726.8142376763,837470.5397024826,1695581.827384955,445270.51251746056,485775.80891666305
2026-04-27,3445467.7109680385,2395384.4440794745,758572.8950762133,1527466.1641424221,843178.432003152,1706997.6119862937,453140.1874698335,491483.7012173324
2026-04-28,3388446.3808617652,2338363.1139732017,726518.4592601547,1463357.292510305,823138.033216971,1666916.8144139317,421085.751653775,471443.3024311514
2026-04-29,3435441.8502173675,2385358.583328804,750463.2271344333,1511246.8282588623,839462.8744423,1699566.4968645896,445030.5195280536,487768.14365648036
2026-04-30,3483980.215669702,2433896.9487811383,774942.008229807,1560204.3904496096,857106.9029182992,1734854.553816588,469509.30062342726,505412.17213247955
2026-05-01,3526718.4526817915,2476635.185793228,803845.4333992518,1618011.2407884991,874710.1059076211,1770060.959795232,498412.72579287196,523015.3751218015
2026-05-04,3569681.182313528,2519597.9154249644,833942.5123571935,1678205.3987043826,893150.4027261663,1806941.553432322,528509.8047508136,541455.6719403467
2026-05-05,3649237.9961711047,2599154.729282541,906428.1176768818,1823176.6093437592,917386.3305888915,1855413.4091577728,600995.4100705021,565691.5998030719
2026-05-06,3672616.7787003447,2622533.511811781,928602.3560989826,1867525.0861879608,923804.3116010604,1868249.3711821104,623169.6484926029,572109.5808152407
2026-05-07,3611755.1283186604,2561671.861430097,876714.378581245,1763749.1311524857,903427.8289053409,1827496.4057906712,571281.6709748653,551733.0981195213
2026-05-08,3718908.558873599,2668825.2919850354,978896.0095837605,1968112.3931575166,919315.4462646893,1859271.6405093684,673463.3019773808,567620.7154788697
2026-05-11,3802803.9645422874,2752720.697653724,1044808.781682201,2099937.937354398,953949.5127106837,1928539.7734013572,739376.0740758213,602254.7819248642
2026-05-12,3739591.6107312962,2689508.3438427327,982685.0457514172,1975690.46549283,940185.7395194268,1901012.2270188432,677252.3381450374,588491.0087336072
2026-05-13,3766502.994715375,2716419.7278268114,1006968.1156222722,2024256.60523454,949205.687142999,1919052.1222659876,701535.4080158925,597510.9563571794
2026-05-14,3736702.3334095487,2686619.066520985,976637.5240657288,1963595.422121453,948926.6459623264,1918494.0399046426,671204.8164593489,597231.9151765069
2026-05-15,3693852.2599398447,2643482.7484929287,932067.5814852561,1874455.5369605077,926077.3635202785,1872795.4750205465,626634.8738788763,574382.6327344589
2026-05-18,3631375.6593848313,2581006.1479379158,899115.4100671255,1808551.1941242465,906293.4255351915,1833227.5990503726,593682.7024607457,554598.694749372
2026-05-19,3642767.140653723,2592397.629206807,902648.621321538,1815617.6166330716,908930.8283736297,1838502.404727249,597215.9137151582,557236.0975878101
2026-05-20,3650219.112831352,2599849.6013844362,904507.8019110536,1819335.9778121028,910490.4272316562,1841621.6024433018,599075.0943046738,558795.6964458366
2026-05-21,3729135.3083265903,2678765.796879675,940337.4087483835,1890995.1914867626,934256.5244976219,1889153.7969752334,634904.7011420038,582561.7937118023
2026-05-22,3714886.880838821,2664517.3693919056,930607.1676469934,1871534.7092839824,928844.3646734011,1878329.4773267917,625174.4600406137,577149.6338875815
2026-05-26,3754984.6902909046,2704615.1788439886,947071.2497410607,1904462.873472117,941410.6175091928,1903461.982998375,641638.542134681,589715.8867233732
2026-05-27,3754691.93195582,2704322.420508904,945757.2929419958,1901834.9598739871,941052.5008629977,1902745.749705985,640324.585335616,589357.7700771781
2026-05-28,3751925.592900889,2701556.0814539734,945591.0711079331,1901502.5162058617,940862.1046455266,1902364.9572710427,640158.3635015533,589167.373859707
2026-05-29,3761744.496777196,2711374.9853302804,950455.6855421768,1911231.7450743492,944479.8848033091,1909600.5175866077,645022.9779357971,592785.1540174895
2026-06-01,3794309.0489159836,2743939.537469068,964347.894924958,1939016.1638399116,955478.1977674067,1931597.143514803,658915.1873185782,603783.4669815871
2026-06-02,3842543.249625147,2792173.738178231,986855.168183918,1984030.7103578316,973968.3559847663,1968577.459949522,681422.4605775382,622273.6251989467
2026-06-03,3854137.863891917,2803768.3524450012,1001210.5378722106,2012741.4497344168,980385.6317968421,1981412.0115736737,695777.8302658307,628690.9010110225
2026-06-04,3803407.8021960827,2753038.290749167,965531.3293703621,1941383.0327307198,958686.1958111806,1938013.1396023508,660098.6217639823,606991.465025361
2026-06-05,3694909.1556284474,2644539.644181532,898689.3705223126,1807699.1150346207,912634.8258333784,1845910.399646746,593256.6629159328,560940.0950475587
2026-06-08,3719105.953740467,2668736.442293551,908768.4082003956,1827857.1903907869,922154.5005177914,1864949.7490155722,603335.7005940159,570459.7697319718
2026-06-09,3683163.997735168,2657825.291227068,896071.2152602652,1802462.804510526,912062.291724774,1844765.3314295376,590638.5076538854,560367.5609389545
2026-06-10,3668477.1119335657,2638339.9806853295,883359.8834502675,1777040.1408905305,901599.7590354059,1823840.2660508014,577927.1758438877,549905.0282495864
2026-06-11,3742999.441133886,2701564.265414312,929890.1518144233,1870100.677618842,937631.6151743018,1895903.978328593,624457.4442080435,585936.8843884822
2026-06-12,3793657.3994120564,2731399.517609078,967323.8585549798,1944968.0910999551,965211.6700525901,1951064.08808517,661891.1509486,613516.9392667706
2026-06-15,3885115.341706045,2771617.24380248,1041776.0631028356,2093872.5001956667,1009420.9192351755,2039482.5864503407,736343.3554964559,657726.188449356
2026-06-16,3854362.8687831527,2758244.196156235,1037269.5027393859,2084859.3794687674,1008587.044300603,2037814.8365811957,731836.7951330061,656892.3135147835
2026-06-17,3872535.449255726,2762322.8414309816,1054093.733755152,2118507.8415002995,1012269.3376799567,2045179.423339903,748661.0261487721,660574.6068941371
2026-06-18,3912325.6715612947,2794715.2528639175,1099958.81708941,2210238.0081688156,1015365.9502425817,2051372.6484651528,794526.1094830302,663671.2194567621
2026-06-22,3955806.1566182,2838195.7379208226,1116032.732661528,2242385.8393130517,1027218.8564961727,2075078.460972335,810600.0250551483,675524.1257103531
2026-06-23,3866927.596572672,2749317.177875295,1073214.388027522,2156749.1500450396,999726.0394020218,2020092.826784033,767781.6804211421,648031.3086162022
2026-06-24,3859786.314293845,2742175.895596468,1070333.6530431216,2150987.6800762387,997760.3442828463,2016161.4365456821,764900.9454367418,646065.6134970267
2026-06-25,3950318.428185327,2832708.00948795,1110765.9461280413,2231852.266246078,1024965.5112016397,2070571.7703832688,805333.2385216614,673270.7804158201
2026-06-26,3876781.795940653,2781534.580269938,1077939.0335345655,2166198.4410591265,1003223.5121177277,2027087.7722154448,772506.3259281856,651528.7813319081
2026-06-29,3900743.4785387125,2809187.309290643,1078280.4445439596,2166881.2630779147,1005612.8504934047,2031866.4489667988,772847.7369375798,653918.1197075851
2026-06-30,3926249.702014839,2817775.2400862915,1090075.0223973645,2190470.4187847245,1014222.4921836391,2049085.7323472677,784642.3147909847,662527.7613978195
2026-07-01,3845286.256567785,2769734.8604535395,1053047.3993250905,2116415.1726401765,987703.9113879305,1996048.5707558505,747614.6917187107,636009.1806021109
2026-07-02,3757266.0072363825,2723919.7635035524,1027313.568463389,2064947.5109167735,967198.8537827962,1955038.4555455819,721880.8608570092,615504.1229969766
2026-07-06,3775168.9575549737,2731567.0647670766,1025016.4589489363,2060353.2918878682,965572.5906872409,1951785.9293544714,719583.7513425566,613877.8599014214
2026-07-07,3728653.2388595133,2724598.692029874,1017989.8975285895,2046300.1690471745,959261.9240275316,1939164.5960350528,712557.1899222097,607567.193241712
2026-07-08,3757621.527068915,2734901.8060813933,1022317.2059916537,2054954.785973303,963164.9938276092,1946970.735635208,716884.498385274,611470.2630417896
2026-07-09,3813107.602480544,2744882.654736883,1031293.5220521801,2072907.4180943558,971321.1252194112,1963282.998418812,725860.8144458004,619626.3944335916
2026-07-10,3820489.718276501,2744126.0365908043,1030187.8089405627,2070695.9918711209,970656.6452625192,1961954.038505028,724755.1013341829,618961.9144766997
2026-07-13,3768528.5127908015,2736989.5185693484,1018237.8167357977,2046796.007461591,959844.7536057152,1940330.25519142,712805.1091294179,608150.0228198956
2026-07-14,3798094.63941862,2737685.4179809256,1018665.5055886325,2047651.3851672607,960342.9519893787,1941326.6519587468,713232.7979822528,608648.2212035591
2026-07-15,3729778.6648334186,2724388.5139878634,1010673.5446291781,2031667.4632483518,952395.3903907554,1925431.5287615003,705240.8370227984,600700.6596049358
2026-07-16,3664878.658386432,2710540.4948332408,1009375.2986822759,2029070.9713545474,951097.2125479813,1922835.173075952,703942.5910758962,599402.4817621617
2026-07-17,3661036.028780828,2703143.483743611,1007566.0787570132,2025452.531504022,948217.9383922585,1917076.6247645065,702133.3711506334,596523.2076064389
2026-07-20,3687221.880215239,2729329.335178022,1014278.3484504044,2038877.0708908043,954309.5695939113,1929259.887167812,708845.6408440246,602614.8388080917
2026-07-21,3809238.6355424915,2851346.0905052745,1083202.1950971317,2176724.764184259,994494.9954906225,2009630.7389612345,777769.4874907518,642800.2647048029
2026-07-22,3813480.2732209438,2855587.728183727,1083460.0653810822,2177240.50475216,995776.0906668967,2012192.9293137828,778027.3577747026,644081.3598810771
2026-07-23,3825446.5370723456,2867553.992035128,1088835.6636642092,2187991.701318414,999828.4430706762,2020297.6341213419,783402.9560578294,648133.7122848566
2026-07-24,3732401.9537206185,2774509.408683401,1029353.5953893217,2069027.564768639,966672.1443298853,1953985.03663976,723920.887782942,614977.4135440657
2026-07-27,3672233.023756958,2714340.4787197406,990988.6083303967,1992297.590650789,943987.8877887983,1908616.5235575861,685555.900724017,592293.1570029787
2026-07-28,3578077.9535138346,2620185.408476617,948822.2510099328,1907964.8760098612,914194.6780681814,1849030.1041163523,643389.5434035531,562499.9472823618
2026-07-29,3537232.2303541,2591180.3673436274,935161.8556858329,1880644.0853616614,903655.4624250144,1827951.6728300182,629729.1480794532,551960.7316391948
2026-07-30,3684889.42475424,2591180.3673436274,991232.143719254,1992784.6614285035,945817.3605824262,1912275.469144842,685799.4361128742,594122.6297966066
2026-07-31,3674836.295737105,2591180.3673436274,985453.1905614289,1981226.7551128534,941911.1963808001,1904463.1407415897,680020.4829550491,590216.4655949805
2026-08-03,3691415.223810498,2591180.3673436274,981943.2275965718,1974206.8291831391,942478.0227111412,1905596.7934022718,676510.519990192,590783.2919253216
2026-08-04,3758465.1366232024,2591180.3673436274,1014157.4903227335,2038635.3546354626,967246.8002965989,1955134.3485731874,708724.7827163538,615552.0695107793
2026-08-05,3726598.876087619,2591180.3673436274,992819.8337723247,1995960.041534645,952668.0994310996,1925976.9468421887,687387.126165945,600973.36864528
2026-08-06,3689019.6195815317,2591180.3673436274,974121.5524672107,1958563.478924417,938116.6755181403,1896874.0990162701,668688.8448608309,586421.9447323207
2026-08-07,3678055.7097344073,2591180.3673436274,970961.9216322423,1952244.21725448,934815.3177040066,1890271.3833880026,665529.2140258625,583120.586918187
2026-08-10,3655730.0558576975,2591180.3673436274,944966.3630603403,1900253.1001106761,916537.335913543,1853715.4198070755,639533.6554539605,564842.6051277234
2026-08-11,3669111.7693588003,2591180.3673436274,947023.4256697285,1904367.2253294527,918879.120485444,1858398.9889508775,641590.7180633488,567184.3896996244
2026-08-12,3741958.7971378127,2591180.3673436274,984946.0873430957,1980212.548676187,950444.1634637202,1921529.07490743,679513.3797367159,598749.4326779007
2026-08-13,3788834.6023304365,2591180.3673436274,999165.8187699892,2008652.011529974,966521.1284677116,1953683.0049154127,693733.1111636094,614826.397681892
2026-08-14,3845375.315771491,2591180.3673436274,1033545.0747184383,2077410.5234268722,996895.7599645477,2014432.267909085,728112.3671120586,645201.0291787281
2026-08-17,3904828.8742253217,2591180.3673436274,1066809.1400229475,2143938.6540358905,1033008.2033056112,2086657.1545912116,761376.4324165678,681313.4725197915
2026-08-18,3798403.864425086,2591180.3673436274,975802.209749071,1961924.7934881377,950927.2484820512,1922495.244944092,670369.5021426913,599232.5176962316
2026-08-19,3744330.6567609794,2591180.3673436274,936479.8843771787,1883280.142744353,912263.5913533905,1845167.9306867705,631047.1767707991,560568.8605675709
2026-08-20,3779296.682997357,2591180.3673436274,953804.9457290333,1917930.2654480622,929609.0251895251,1879858.7983590397,648372.2381226536,577914.2944037055
2026-08-21,3769297.275073194,2591046.9434839324,938099.560261732,1886519.4945134595,913295.4074318571,1847231.5628437037,632666.8526553522,561600.6766460375
2026-08-24,3712809.3809042256,2534559.049314964,909282.319499826,1828885.0129896475,895659.7078807984,1811960.1637415863,603849.6118934462,543964.9770949788
2026-08-25,3741755.94411813,2563505.612528869,920342.8893909891,1851006.1527719737,903338.5830147425,1827317.9140094745,614910.1817846093,551643.8522289229
2026-08-26,3771251.428569899,2593001.096980638,933974.5102326734,1878269.3944553423,912195.7076923103,1845032.1633646102,628541.8026262936,560500.9769064907
2026-08-27,3769970.4219129714,2591720.0903237103,932722.3622863848,1875765.0985627652,911502.7316623084,1843646.2113046064,627289.654680005,559808.0008764889
2026-08-28,3750128.696080115,2571878.3644908536,919721.7639933297,1849763.901976655,903954.4909859649,1828549.7299519193,614289.05638695,552259.7602001453
2026-08-31,3766081.3315104716,2587830.99992121,921661.7407307436,1853643.8554514828,906608.7443710632,1833858.236722116,616229.0331243639,554914.0135852436
2026-09-01,3743730.392519986,2565480.0609307247,909333.0452447891,1828986.4644795738,898105.0527240724,1816850.8534281342,603900.3376384093,546410.3219382528
2026-09-02,3748285.179234788,2570034.8476455268,909528.3372753446,1829377.0485406849,898603.7224913862,1817848.192962762,604095.6296689649,546908.9917055666
2026-09-03,3738031.512184322,2559781.180595061,903609.6557726911,1817539.6855353778,894282.5675819439,1809205.8831438774,598176.9481663114,542587.8367961243
2026-09-04,3804313.935809467,2626063.604220206,934050.3793504826,1878421.1326909608,917636.191145199,1855913.1302703875,628617.6717441028,565941.4603593794
2026-09-08,3840446.8189481925,2662196.4873589315,947496.7851290184,1905313.9442480323,930800.979047801,1882242.7060755915,642064.0775226386,579106.2482619814
2026-09-09,3849653.706410557,2671403.374821296,951759.0954364747,1913838.564862945,934928.8396892701,1890498.4273585298,646326.3878300949,583234.1089034505
2026-09-10,3803123.8775719535,2624873.5459826924,919234.0538540198,1848788.4816980353,910190.6651209592,1841022.0782219078,613801.3462476401,558495.9343351396
2026-09-11,3779700.7221804396,2601450.3905911786,905116.6197802365,1820553.6135504686,898240.4283754235,1817121.6047308366,599683.9121738567,546545.697589604
2026-09-14,3723071.4839018895,2544821.1523126285,875930.9914487615,1762182.3568875187,871126.5689909486,1762893.8859618867,570498.2838423818,519431.838205129
2026-09-15,3707611.6370835286,2529361.3054942675,872453.3319860544,1755227.0379621044,867668.8087709894,1755978.3655219683,567020.6243796747,515974.07798516983
2026-09-16,3729444.4893355845,2532632.008837898,878637.8516730149,1767596.0773360254,873834.0912354016,1768308.9304507927,573205.1440666352,522139.360449582
2026-09-17,3753563.614287529,2562702.3835524335,876514.883940468,1763350.1418709315,871732.9094132847,1764106.566806559,571082.1763340882,520038.17862746515
2026-09-18,3812823.9565100637,2613348.6197295166,903415.7331619179,1817161.8403138313,898204.1527092255,1817069.0533984406,597983.0255555381,546509.421923406
2026-09-21,3848248.8444658336,2648773.507685287,920247.7050483794,1850825.7840867543,908542.9266696589,1837746.6013193072,614814.9974419996,556848.1958838393
2026-09-22,3890005.826951666,2690530.490171119,947557.8682258354,1905446.1104416663,922481.067952299,1865622.8838845876,642125.1606194556,570786.3371664794
2026-09-23,3879031.7316665906,2679556.3948860434,938753.5980412853,1887837.5700725662,918531.5861788868,1857723.9203377631,633320.8904349055,566836.8553930672
2026-09-24,3877905.9862064146,2678430.649425868,942930.6138040549,1896191.6015981054,914371.096040567,1849402.9400611236,637497.9061976752,562676.3652547474
2026-09-25,3891875.463809301,2692400.1270287544,950685.7600374079,1911701.8940648113,917567.8649169467,1855796.477813883,645253.0524310281,565873.1341311272
2026-09-28,3870990.923793609,2671515.587013062,932092.8948323524,1874516.1636547004,907198.7204812346,1835058.1889424587,626660.1872259727,555503.989695415
2026-09-29,3894404.960649813,2694929.6238692664,945779.799374649,1901889.9727392935,912978.3764663517,1846617.5009126929,640347.0917682692,561283.6456805321
2026-09-30,3881367.3593322593,2681892.0225517126,928890.4000737729,1868111.1741375413,911261.160132431,1843183.0682448514,623457.6924673931,559566.4293466114
2026-10-01,3908025.8494716147,2708550.512691068,946297.1144609441,1902924.6029118837,931320.3354194365,1883301.4188188624,640864.4068545643,579625.6046336169
2026-10-02,3884524.775149986,2685049.438369439,941658.1444464467,1893646.662882889,922485.142379533,1865631.0327390556,636225.4368400669,570790.4115937134
