Date,honest_book_1x,putwing | corr-hi,0.5x idx straddle | corr-hi,callout dispersion | corr-lo,event selling | always
2007-02-16,1000000.0,0.0,0.0,0.0,0.0
2007-02-20,998696.868091395,0.0,0.0,-1330.2698929553153,27.137984350323677
2007-02-21,999283.6870556528,0.0,0.0,-777.2992996301036,60.98635528294835
2007-02-22,1001067.7350155257,0.0,0.0,977.1288884095848,90.60612711613066
2007-02-23,1000375.9153441748,0.0,0.0,431.0398998619057,-55.124555687070824
2007-02-26,999930.2105180245,0.0,0.0,51.439399926690385,-121.22888190217782
2007-02-27,997683.9789980361,0.0,0.0,-1907.0151849697577,-409.0058169941185
2007-02-28,998702.8859143284,0.0,0.0,-1012.3604661200661,-284.7536195515422
2007-03-01,998473.0033663106,0.0,0.0,-1148.2383281246293,-378.7583055647556
2007-03-02,998053.8311600367,0.0,0.0,-1379.018941789167,-567.1498981741024
2007-03-05,998090.5381234268,0.0,0.0,-1330.3088583218632,-579.1530182512943
2007-03-06,998396.3344073868,0.0,0.0,-967.2992989455815,-636.3662936675828
2007-03-07,999134.3136316246,0.0,0.0,-272.8712385732215,-592.815129802213
2007-03-08,999443.3907191409,0.0,0.0,112.36595698294695,-668.9752378420671
2007-03-09,999726.6888709283,0.0,0.0,409.2557080211118,-682.5668370928615
2007-03-12,999221.547190542,0.0,0.0,-0.9193327309330925,-777.5334767270833
2007-03-13,999259.7780611963,0.0,0.0,213.03849751339294,-953.2604363170685
2007-03-14,999059.9066051428,0.0,0.0,-30.990837121848017,-909.1025577354012
2007-03-15,999125.9931319283,0.0,0.0,49.71318546705879,-923.7200535387965
2007-03-16,999294.8235679866,0.0,0.0,251.25208891776856,-956.4285209311638
2007-03-19,999192.6037915534,-331.85340718203224,514.0475888383808,-24.54120688699186,-965.049183215946
2007-03-20,1000211.2732854977,613.640206662938,600.9105010047788,187.94300712121185,-1191.2204292912502
2007-03-21,992918.9218165895,-981.6303441805067,-3021.125827667769,-538.171144346823,-2540.1508672153577
2007-03-22,993198.1784937772,-1284.5248227898264,-3492.3928287597373,356.6550872914959,-2381.5589419647586
2007-03-23,991986.5135394902,-951.1287058914313,-3876.9195944300154,-917.7140097350348,-2267.724150453345
2007-03-26,990537.6786212497,-1382.902763164835,-3857.209747090703,-2316.0142299901927,-1906.1946385045303
2007-03-27,993171.3465391,-1943.3799357517855,-2654.55503823224,-764.1485909244511,-1466.5698959914735
2007-03-28,990094.8510975516,-2994.7479899784084,-3450.5120039492613,-1744.4103519094642,-1715.478556611226
2007-03-29,988620.6314658582,-2825.281193633098,-3988.657249642769,-2804.8170401401585,-1760.6130507257767
2007-03-30,990454.4331311771,-3412.650598102249,-3008.0867427285993,-1985.4875850247918,-1139.341942967265
2007-04-02,990603.3126177,-2968.0999975792365,-2459.4551914535696,-2667.900150105823,-1301.2320431614062
2007-04-03,994270.2424244134,-2282.094234445365,-1778.886139720329,-977.733394339215,-691.0438070816454
2007-04-04,996333.1929646222,-1830.477916500182,-1370.2971052397043,-337.91365826432593,-128.11835537361912
2007-04-05,995203.3782237138,-1772.554814047413,-1833.1346101618838,-934.9372365738964,-255.9951155029703
2007-04-09,994812.9488741967,-2048.914276672178,-1431.9474492884474,-2043.335026799352,337.1456269567134
2007-04-10,994145.6736275255,-2268.364114346681,-1646.2362601327477,-2073.178282099194,133.45228410407435
2007-04-11,996636.8035390496,-2541.8724817560287,-575.8559430205496,-1153.5279421049636,908.0599059311207
2007-04-12,996916.7039769273,-2692.2928443206474,-933.6664298780961,-1357.203401218867,1899.8666523449356
2007-04-13,998955.1962812559,-2232.6239134697244,-409.5651187436888,-527.5032606008463,2124.8885740701808
2007-04-16,997318.9407870993,-1676.7511286967201,-668.6296054658014,-3032.8842111874837,2697.205732449307
2007-04-17,998710.801491698,-1577.4457822364056,-437.61275100009516,-2414.6674359416356,3140.527460876154
2007-04-18,1000630.9476732154,-1487.3131849047495,-26.26801847363822,-1642.1269149583532,3786.6557915521553
2007-04-19,1001943.1647199742,-1409.6507849443005,481.1896699365461,-774.9939399281284,3646.6197749100393
2007-04-20,1001763.5127152259,-423.73960724903736,-192.46881994477008,-1719.332584992284,4099.053727412014
2007-04-23,999887.6587442328,-423.73960724903736,-192.46881994477008,-3659.866891501588,4163.734062928241
2007-04-24,1001381.0926685286,-423.73960724903736,-192.46881994477008,-2121.881295520696,4119.1823912430555
2007-04-25,1002175.7652870897,-423.73960724903736,-192.46881994477008,-1375.5554164847126,4167.529130768264
2007-04-26,1002437.1266938206,-423.73960724903736,-192.46881994477008,-982.8063733071322,4036.1414943215204
2007-04-27,1003141.1139058814,-423.73960724903736,-192.46881994477008,27.21601742261555,3730.106315652607
2007-04-30,1001889.9358075629,-423.73960724903736,-192.46881994477008,-1461.50988047407,3967.6541152307764
2007-05-01,1002608.9337135325,-423.73960724903736,-192.46881994477008,-535.2855988441734,3760.4277395704994
2007-05-02,1002317.236106412,-423.73960724903736,-192.46881994477008,-863.9709000793518,3797.415433685179
2007-05-03,1002174.4704557752,-423.73960724903736,-192.46881994477008,-1012.1439330498688,3802.82281601883
2007-05-04,1002945.6322725085,-423.73960724903736,-192.46881994477008,-525.6584972331766,4087.499196935445
2007-05-07,1001578.5643512032,-423.73960724903736,-192.46881994477008,-2111.634741644608,4306.407520041568
2007-05-08,1001425.4257682232,-423.73960724903736,-192.46881994477008,-2156.2836452018237,4197.917840618873
2007-05-09,1001869.2505432693,-423.73960724903736,-192.46881994477008,-1599.4174657502444,4084.8764362133807
2007-05-10,1003311.3978719036,-423.73960724903736,-192.46881994477008,-149.6065638733562,4077.212862970773
2007-05-11,1004464.9724445678,-423.73960724903736,-192.46881994477008,926.6215162533335,4154.559355508303
2007-05-14,1003912.096733513,-423.73960724903736,-192.46881994477008,279.0656729360344,4249.239487770828
2007-05-15,1004807.351683427,-423.73960724903736,-192.46881994477008,1085.1517192350002,4338.408391385805
2007-05-16,1005940.8318252026,-423.73960724903736,-192.46881994477008,2309.0741673004813,4247.96608509589
2007-05-17,1006679.4424615988,-423.73960724903736,-192.46881994477008,3029.5042478970718,4266.146640895517
2007-05-18,1010202.2695132116,-423.73960724903736,-192.46881994477008,6590.145721719367,4228.332218686002
2007-05-21,1008931.4309702619,-1695.0207065897994,-262.02855943946633,6590.145721719367,4298.334514571819
2007-05-22,1009734.0424384301,-1414.9054196428042,256.895277984906,6590.145721719367,4301.90685836866
2007-05-23,1009607.6875233751,-1715.084028939018,437.47568274650257,6590.145721719367,4295.150147848297
2007-05-24,1009872.7045356282,-1529.843404659303,631.9447537185624,6590.145721719367,4180.457464849576
2007-05-25,1011005.186706375,-1589.6071376084583,1575.9179412607336,6590.145721719367,4428.730181003339
2007-05-29,1010577.235808028,-2507.1226588350255,1809.213338645175,6590.145721719367,4684.999406498508
2007-05-30,1009573.4673467437,-2471.096709846519,729.8883430168498,6590.145721719367,4724.529991853982
2007-05-31,1009801.4085910082,-2360.53464011685,774.2290886549745,6590.145721719367,4797.568420750671
2007-06-01,1008922.0500248894,-2508.2031751393806,21.288827814045362,6590.145721719367,4818.818650495377
2007-06-04,1009377.3492103637,-2160.0815430437215,-81.91760137979873,6590.145721719367,5029.202633067849
2007-06-05,1009441.6284822859,-2853.123182826559,637.9990888695465,6590.145721719367,5066.606854523532
2007-06-06,1006794.290409446,-4628.011006207205,-179.11493052751757,6590.145721719367,5011.270624461351
2007-06-07,997017.193626565,-8812.55594298779,-5398.838575734175,6590.145721719367,4638.4424235676415
2007-06-08,1005864.3920361066,-5736.478553878027,-4.794095832970925,6590.145721719367,5015.518964098184
2007-06-11,1007583.4369609366,-5562.882819184684,1241.3186355545186,6590.145721719367,5314.855422847439
2007-06-12,1005493.0361336204,-7568.652065830305,1260.39786796493,6590.145721719367,5211.14460976643
2007-06-13,1008528.8283994197,-5005.5439901625505,1585.2418189378222,6590.145721719367,5358.984848925029
2007-06-14,1008600.8924528987,-4645.693848202005,1312.482343775453,6590.145721719367,5343.958235605853
2007-06-15,1002676.7024312508,-6406.834822769626,-2628.73392251099,6590.145721719367,5122.125454812078
2007-06-18,1003131.4664373455,-6684.135482714279,-2190.609387481236,6590.145721719367,5416.065585821634
2007-06-19,1003020.1317498977,-6731.492396590649,-2440.267697406118,6590.145721719367,5601.746122175129
2007-06-20,1000748.8104562395,-8431.012773549533,-2847.777030116762,6590.145721719367,5437.45453818643
2007-06-21,1002209.5158166032,-8565.36024122336,-1673.4616725203814,6590.145721719367,5858.192008627579
2007-06-22,996838.472870905,-10661.984500104445,-4274.001447062939,6590.145721719367,5184.313096352969
2007-06-25,997903.6516460115,-11227.73823342775,-3907.5217036743416,6590.145721719367,6448.765861394233
2007-06-26,999613.8787939096,-10642.812173018,-3887.7361919709947,6590.145721719367,7554.28143717919
2007-06-27,1003421.3652471883,-8595.133823118405,-1792.0238418058725,6590.145721719367,7218.377190393163
2007-06-28,1003478.4561104252,-8709.274417007575,-1786.206808180781,6590.145721719367,7383.7916138941655
2007-06-29,1000789.6216467171,-10617.266487709596,-2440.1448753322475,6590.145721719367,7256.88728803955
2007-07-02,1006674.5898606658,-7546.1621273724595,-585.4179318910465,6590.145721719367,8216.024198209983
2007-07-03,1008191.4201526577,-6665.520392865292,-171.34800810343586,6590.145721719367,8438.142831907026
2007-07-05,1009429.673811793,-6486.190149621922,356.60778633737937,6590.145721719367,8969.110453358153
2007-07-06,1009483.2112384189,-6248.413040586398,333.2058821080718,6590.145721719367,8808.272675177897
2007-07-09,1011122.0353196996,-5985.373167966143,784.1564906097483,6590.145721719367,9733.106275336584
2007-07-10,1003411.2250015403,-10175.357560715172,-1996.6563031254336,6590.145721719367,8993.093143661506
2007-07-11,1007399.9868481508,-8403.11183640745,-203.57608694536611,6590.145721719367,9416.529049784294
2007-07-12,1011638.9734885752,-5184.721011427813,318.3862262391485,6590.145721719367,9915.162552044494
2007-07-13,1012495.0184858419,-4540.878287355532,498.96429706783965,6590.145721719367,9946.786754410248
2007-07-16,1014703.1881303387,-4771.44265007996,1906.8955231653526,6590.145721719367,10977.589535533916
2007-07-17,1015591.4654932594,-4635.6158775986405,2485.8034980536904,6590.145721719367,11151.132151084952
2007-07-18,1015928.8302317413,-4697.850933021167,3081.0751656440552,6590.145721719367,10955.460277399048
2007-07-19,1015719.8991203769,-3837.3541324030375,3551.3749075043015,6590.145721719367,9415.73262355628
2007-07-20,1013653.3118493664,-4738.378749880241,1879.6043260041624,6590.145721719367,9921.94055152312
2007-07-23,1013693.6476826158,-5688.074890217278,2655.6919366114307,6700.858953749179,10025.171682472457
2007-07-24,1009353.007803779,-6776.94436264527,932.6208946047118,5259.136214990169,9938.195056829369
2007-07-25,1011344.1957843938,-6841.413598180516,2097.780107021914,6165.714128797525,9922.115146754892
2007-07-26,999006.6431002137,-10030.82087500079,-3404.5107080743182,3128.1452956986614,9313.829387590173
2007-07-27,985357.565724506,-14895.50277457002,-9739.836135262856,1163.2838550625602,8829.62077927636
2007-07-30,980565.5181212403,-18173.04947654612,-10749.63073609455,911.3563778129173,8576.841956068063
2007-07-31,978391.8007765645,-19555.274433759158,-11879.20270809601,1073.0720365263987,8753.205881893286
2007-08-01,982606.9822772589,-17591.46444339445,-10239.37150630739,1129.3147131815786,9308.503513779142
2007-08-02,981068.2464872944,-18282.62335415394,-11161.214291399345,1303.6334356396692,9208.450697208056
2007-08-03,978324.3673046833,-19581.401431254344,-12998.31757684017,1901.075234796619,9003.01107798121
2007-08-06,989474.9299600383,-13088.643894926296,-9324.623318266124,2039.6219237849582,9848.575249445741
2007-08-07,983177.2995907334,-16983.818409176078,-11295.470076621044,1983.6756849933881,9472.912391537102
2007-08-08,982294.1360262585,-17405.629009814584,-11969.095056316117,2831.8087301815394,8837.051362207625
2007-08-09,983120.4361275351,-16741.39086229389,-11121.793860029662,1645.9908636990003,9337.62998615962
2007-08-10,987887.7379271279,-14576.122693898971,-9248.434044787078,1891.8410951979458,9820.453570615966
2007-08-13,984725.9581656418,-16384.249732090975,-10634.665783343604,1644.0815195522737,10100.792161524063
2007-08-14,979693.3077232592,-19716.453728232067,-12551.93709774979,1921.1189259792445,10040.579623261816
2007-08-15,980381.012861795,-19067.196204988635,-12744.904717258527,2091.391791252303,10101.721992789884
2007-08-16,978542.6434364669,-20204.193263294408,-13614.67661950225,2333.597406151588,10027.915913111996
2007-08-17,988493.6552787604,-14511.073100152425,-10276.456591143738,2192.385646184557,11088.799323871965
2007-08-20,994193.1079045588,-13210.168969179038,-6755.950502724736,2192.385646184557,11966.841730277985
2007-08-21,998709.9342186841,-10582.816252988647,-5623.782403310528,2192.385646184557,12724.147228798713
2007-08-22,998512.3392746439,-10596.227089751395,-5501.123924099607,2192.385646184557,12417.304642310366
2007-08-23,998261.5696802222,-12666.627644262393,-4700.00366200658,2192.385646184557,13435.81534030661
2007-08-24,995715.1361449533,-13598.275179979391,-5809.102262637112,2192.385646184557,12930.12794138526
2007-08-27,998197.2795896429,-14055.138068355154,-5043.416183761437,2192.385646184557,15103.448195574922
2007-08-28,994653.53609986,-15321.115428882535,-6452.520593094174,2192.385646184557,14234.78647565213
2007-08-29,999247.2500262085,-14463.743948379415,-4902.557805818156,2192.385646184557,16421.16613422148
2007-08-30,999275.5942771855,-14559.127551350859,-5222.65356815455,2192.385646184557,16864.989750506356
2007-08-31,1000553.9618747272,-14477.440636186395,-5013.507028011605,2192.385646184557,17852.523892740603
2007-09-04,1004649.881266445,-14440.935541532352,-4506.7812134329,2192.385646184557,21405.212375225732
2007-09-05,1007326.392104092,-14602.685506563052,-3085.4421766777523,2192.385646184557,22822.1341411483
2007-09-06,1008370.6044781102,-14498.407727555605,-2739.6869740242837,2192.385646184557,23416.31353350554
2007-09-07,1011459.418880891,-14314.185825095396,-1109.0402987818234,2192.385646184557,24690.259358583717
2007-09-10,1015973.9183978447,-14287.004862782429,-30.47211721725762,2192.385646184557,28099.009731659782
2007-09-11,1016377.2194014207,-14017.882163362694,-593.2753121507121,2192.385646184557,28795.991230749525
2007-09-12,1018062.6199278025,-14218.639240375021,240.46444091177545,2192.385646184557,29848.40908108116
2007-09-13,1015707.5070136528,-14487.149833070464,-1678.1728653417667,2192.385646184557,29680.444065880496
2007-09-14,1017875.619954101,-14088.178627246874,-841.6309957961785,2192.385646184557,30613.04393095954
2007-09-17,1025153.6057828399,-14376.719553556642,1143.8820624654181,2192.385646184557,36194.0576277466
2007-09-18,1022525.431179557,-14083.819814548595,-397.23366439936217,2192.385646184557,34814.099012320396
2007-09-19,1019730.5743156411,-14255.397090792889,-1388.3017076863907,2192.385646184557,33181.8874679358
2007-09-20,1019908.8011010893,-15868.293308355613,-773.286270169192,2192.385646184557,34357.995033429586
2007-09-21,1014736.2674175831,-16653.58890018449,-3758.764005936915,2192.385646184557,32956.23467752
2007-09-24,1014884.427501526,-16936.887265259982,-3352.245410470525,2192.385646184557,32981.17453107191
2007-09-25,1017035.2817111124,-15877.90295661299,-2252.5361437891843,2192.385646184557,32973.335165329976
2007-09-26,1018221.0614640841,-15552.03637768433,-1483.5754588489654,2192.385646184557,33064.28765443282
2007-09-27,1018533.7095354589,-15580.479967171792,-1189.9310292354785,2192.385646184557,33111.73488568165
2007-09-28,1018034.5221139329,-16051.773302993737,-1220.1510537626455,2192.385646184557,33114.060824504704
2007-10-01,1017254.2500951294,-16472.94002305495,-1676.5971180942142,2192.385646184557,33211.40159009397
2007-10-02,1017767.9978732044,-16117.125028910348,-1511.3471060356824,2192.385646184557,33204.084361965884
2007-10-03,1019031.9081860725,-15987.586610257975,-308.77216009120457,2192.385646184557,33135.881310237106
2007-10-04,1019285.9301826111,-15847.982119178516,-155.79696899896953,2192.385646184557,33097.32362460403
2007-10-05,1017341.2320977505,-16844.531273923232,-905.4769272861304,2192.385646184557,32898.854652775335
2007-10-08,1017229.7422013158,-17176.987087236368,-880.632097221911,2192.385646184557,33094.97573958954
2007-10-09,1018662.5702904422,-16579.796989326947,-2.0169328449992463,2192.385646184557,33051.9985664296
2007-10-10,1020002.8296583208,-16019.218897347455,615.728026138735,2192.385646184557,33213.93488334492
2007-10-11,1019009.0687855494,-16503.055369578535,70.28759877744596,2192.385646184557,33249.450910165906
2007-10-12,1020374.1437616838,-16412.674448948004,1344.3980798332486,2192.385646184557,33250.034484614036
2007-10-15,1019862.8198476685,-16948.139480688493,1186.6471256067744,2192.385646184557,33431.92655656568
2007-10-16,1019540.0085694933,-16531.645707550575,848.7748844312737,2192.385646184557,33030.49374642805
2007-10-17,1022091.8422816348,-15723.043858698918,2819.0247111772187,2192.385646184557,32803.475782971946
2007-10-18,1022985.9344851939,-15122.301018867176,3370.3342668858822,2192.385646184557,32545.51559099066
2007-10-19,1009326.0244852133,-20242.266059518093,-4922.323401446221,2192.385646184557,32298.22829999309
2007-10-22,1012919.9753305586,-19071.205870894482,-2676.1811966357054,2192.385646184557,32474.976751904236
2007-10-23,1014877.8879603129,-18071.2757847046,-1694.903394523426,2192.385646184557,32451.68149335636
2007-10-24,1014234.8593997814,-18940.26115279831,-1586.4422705076868,2192.385646184557,32569.177176902886
2007-10-25,1012527.6619616469,-19682.863572085043,-2348.2695964807644,2192.385646184557,32366.409484028118
2007-10-26,1012804.3513611683,-19123.125796294073,-1907.5748388695065,2192.385646184557,31642.666350147338
2007-10-29,1013456.9619949807,-19717.321844089893,-1272.9965243528131,2192.385646184557,32254.894717238843
2007-10-30,1011497.8499042782,-20658.921164180152,-2090.217467749142,2192.385646184557,32054.602890022914
2007-10-31,1016050.8407852766,-18321.57331159385,291.59163854143117,2192.385646184557,31888.43681214447
2007-11-01,1006156.420906896,-23198.67029426177,-4193.574847459793,2192.385646184557,31356.28040243301
2007-11-02,1010185.7880545035,-20888.19529322826,-2231.8338465122506,2192.385646184557,31113.431548059452
2007-11-05,1009166.7962572946,-21862.80288134783,-2240.096598684904,2192.385646184557,31077.310091142775
2007-11-06,1016276.4120265753,-18396.94497720548,1415.8658962432528,2192.385646184557,31065.10546135297
2007-11-07,999073.3074134901,-26715.04843993683,-6984.733599859988,2192.385646184557,30580.7038071024
2007-11-08,1002905.1261123884,-23814.00794575934,-5933.498447340331,2192.385646184557,30460.24685930356
2007-11-09,993442.9257674444,-27215.28722279286,-12384.94251138356,2192.385646184557,30850.769855436287
2007-11-12,992051.9969355568,-28550.16590985097,-12877.033311932348,2192.385646184557,31286.81051115552
2007-11-13,1003751.2646529316,-20295.991468394175,-9960.162767978502,2192.385646184557,31815.033243119717
2007-11-14,998906.8379851478,-22774.28372049646,-12548.350010851398,2192.385646184557,32037.08607031114
2007-11-15,998049.6684333185,-22566.290473245666,-12938.148245058022,2192.385646184557,31361.72150543763
2007-11-16,1009593.4831551217,-13822.525478773983,-9686.570530356024,2192.385646184557,30910.193518067128
2007-11-19,1013097.8965001936,-12127.211291756015,-8013.668821931467,2192.385646184557,31046.390967696556
2007-11-20,1013599.1090996839,-12774.95962954918,-7038.009166133474,2192.385646184557,31219.69224918203
2007-11-21,1013682.626467473,-10551.311637843843,-8719.712014022749,2192.385646184557,30761.264473155024
2007-11-23,1014573.6694706718,-12655.891511519672,-6896.563433103496,2192.385646184557,31933.73876911041
2007-11-26,1012361.3959045496,-11931.301695423084,-9710.671021060902,2192.385646184557,31810.98297484906
2007-11-27,1015909.9820928313,-9796.955008097459,-8397.42924903694,2192.385646184557,31911.980703781126
2007-11-28,1004887.8870526399,-13035.428160077427,-14924.646099525155,2192.385646184557,30655.575666057877
2007-11-29,1006753.7567767242,-12384.550814553164,-14159.252143515041,2192.385646184557,31105.17408860789
2007-11-30,1003009.5844204638,-13653.764110011049,-16039.472824974102,2192.385646184557,30510.435709264362
2007-12-03,1007868.0471381341,-13451.467758154497,-12944.818966399413,2192.385646184557,32071.948216503486
2007-12-04,1008790.0665376377,-13093.602941125515,-12410.171046809526,2192.385646184557,32101.454879388213
2007-12-05,1009214.0383420862,-13100.787073009065,-12092.210413674591,2192.385646184557,32214.65018258535
2007-12-06,1007890.7160910268,-13183.867417781847,-13722.323909183382,2192.385646184557,32604.521771807456
2007-12-07,1009449.4437314462,-12842.468811330036,-12655.121628282941,2192.385646184557,32754.64852487459
2007-12-10,1007464.6611371668,-13965.007878371049,-13832.174474332132,2192.385646184557,33069.457843685406
2007-12-11,1003353.891926366,-15199.569625310949,-16543.00887397921,2192.385646184557,32904.084779471625
2007-12-12,1009435.9208963872,-13596.155130542,-13048.233206568053,2192.385646184557,33887.92358731269
2007-12-13,1009418.1372311894,-13174.943729936494,-13326.031213570619,2192.385646184557,33726.726528511965
2007-12-14,1008444.0668019789,-13216.698049900937,-13787.233252063277,2192.385646184557,33255.612457758514
2007-12-17,1004788.5304704322,-14826.705604691524,-15950.095789344981,2192.385646184557,33372.946218284196
2007-12-18,1007061.212732461,-14578.833575073513,-14282.629119043006,2192.385646184557,33730.28978039301
2007-12-19,1009109.2919496507,-15035.659422497149,-12161.744674308226,2192.385646184557,34114.310400271555
2007-12-20,1008699.1393934012,-15319.958222230664,-11913.462240546593,2192.385646184557,33740.174209993915
2007-12-21,1005298.9654856765,-13567.686849308782,-16207.158909028629,2192.385646184557,32881.425597829395
2007-12-24,1003139.2633310898,-15585.173198158387,-16351.979794876184,2192.385646184557,32884.030677939765
2007-12-26,1002811.4360016753,-16432.753271891037,-15868.554763760883,2192.385646184557,32920.35839114268
2007-12-27,1004163.7700730979,-16255.726228355546,-14752.556319366675,2192.385646184557,32979.66697463556
2007-12-28,1003624.7162605587,-16750.508930633194,-14819.545004926505,2192.385646184557,33002.384549933835
2007-12-31,1002986.493206607,-17595.679408012074,-14680.100379904383,2192.385646184557,33069.887348338845
2008-01-02,1002527.1710475142,-18432.788259833353,-14311.257686126046,2192.385646184557,33078.83134728903
2008-01-03,1004710.3115484227,-16979.777745636646,-13548.523895569262,2192.385646184557,33046.22754344402
2008-01-04,999339.2780000011,-18648.073445185204,-17111.697481391253,2192.385646184557,32906.663280393
2008-01-07,1005276.3657507052,-15158.20250258979,-14752.896449035383,2192.385646184557,32995.079056145856
2008-01-08,996994.9145256099,-17823.231123016216,-20113.87432532257,2192.385646184557,32739.634327764157
2008-01-09,1001323.3586985519,-15107.364922555978,-18575.7404215961,2192.385646184557,32814.07839651941
2008-01-10,1001826.3463727861,-14938.449269793578,-18407.54647046898,2192.385646184557,32979.956466864096
2008-01-11,999495.1475540495,-15749.653092257562,-20062.014905850403,2192.385646184557,33114.42990597291
2008-01-14,1002157.2301978164,-14423.274289856898,-18742.528901382582,2192.385646184557,33130.64774287131
2008-01-15,996088.0569847049,-18219.696873256355,-20703.060419964837,2192.385646184557,32818.42863174155
2008-01-16,1000384.4055912151,-15107.504043312161,-19847.135513686924,2192.385646184557,33146.65950202965
2008-01-17,997365.3026634977,-16101.209291963838,-21707.38306007092,2192.385646184557,32981.50936934794
2008-01-18,1012361.1401160383,-5962.719486649148,-16735.48222421331,2192.385646184557,32866.956180716166
2008-01-22,1007444.7092638051,-9897.826562031638,-17940.69539239665,2192.385646184557,33090.8455720488
2008-01-23,1011748.5315348485,-6676.949268014985,-15814.824980338104,2192.385646184557,32047.920137017034
2008-01-24,1009254.7306352122,-8845.775531361694,-14957.805261617876,2192.385646184557,30865.925782007165
2008-01-25,1009172.4226259573,-9216.791615619557,-15199.23626638751,2192.385646184557,31396.0648617798
2008-01-28,1011164.6304574041,-8233.881888376782,-13769.153999084374,2192.385646184557,30975.280698680668
2008-01-29,1011650.393506326,-7912.073540323763,-13391.278857437661,2192.385646184557,30761.36025790288
2008-01-30,1011858.8317191702,-7763.808117608656,-13170.494737114874,2192.385646184557,30600.74892770918
2008-01-31,1019263.773997593,-1816.4838288731407,-11328.645506396075,2192.385646184557,30216.51768667763
2008-02-01,1014377.7378613245,-5905.8882762509165,-10856.86029709212,2192.385646184557,28948.10078848293
2008-02-04,1018320.3668584889,-6430.296561620897,-9068.471416093409,2192.385646184557,31626.74919001863
2008-02-05,1012260.3031047734,-9222.253085817792,-13325.189170376514,2192.385646184557,32615.359714783146
2008-02-06,1010459.664881765,-9408.281461869366,-14802.10118590144,2192.385646184557,32477.661883351277
2008-02-07,1016520.9368488357,-7086.700268176035,-10892.5244984905,2192.385646184557,32307.77596931765
2008-02-08,1016515.0269879991,-7334.838732605218,-11634.925196457887,2192.385646184557,33292.40527087764
2008-02-11,1023893.0355799597,-4994.687576466007,-7372.72076354106,2192.385646184557,34068.058273782255
2008-02-12,1027130.1831698292,-4217.704047355684,-4771.648627948714,2192.385646184557,33927.150198949035
2008-02-13,1028286.9964262169,-3156.5995120841544,-4071.908208410954,2192.385646184557,33323.11850052746
2008-02-14,1032996.059594038,-3768.50721431477,-58.549741807277314,2192.385646184557,34630.73090397543
2008-02-15,1037317.6623098664,-2290.9887796418043,1968.9791806547437,2192.385646184557,35447.2862626689
2008-02-19,1037549.9882390979,-3570.285031066509,3166.9701753648696,2192.385646184557,35760.91744861496
2008-02-20,1038607.1221370935,-3638.424818953383,4122.911465622135,2192.385646184557,35930.24984424014
2008-02-21,1038919.7619552197,-4236.764117510291,4951.540477030561,2192.385646184557,36012.59994951484
2008-02-22,1041162.9199903982,-3437.986688813544,6106.396727245767,2192.385646184557,36302.12430578144
2008-02-25,1041053.7853102563,-4165.80433051486,6313.2902467929525,2192.385646184557,36713.913747793646
2008-02-26,1041775.2174784954,-4062.3808374863584,6846.9322581172455,2192.385646184557,36798.280411679996
2008-02-27,1042410.7963983747,-3732.505716654239,7036.20644363598,2192.385646184557,36914.71002520842
2008-02-28,1043047.2790129936,-3743.497719752835,7542.415977718192,2192.385646184557,37055.975108843646
2008-02-29,1038147.0133564967,-5899.3162402253365,5283.228925597505,2192.385646184557,36570.71502493997
2008-03-03,1041002.6310096551,-4814.273086727015,6543.54102539923,2192.385646184557,37080.9774247983
2008-03-04,1043787.2681745003,-3753.566002669977,7950.915867418749,2192.385646184557,37397.53266356699
2008-03-05,1045414.5637615926,-3219.0977352900663,9006.361661640229,2192.385646184557,37434.91418905789
2008-03-06,1041944.3737778665,-4497.4688753630035,7014.522903120727,2192.385646184557,37234.9341039242
2008-03-07,1042807.4290200148,-3900.4865478310967,7109.808476500795,2192.385646184557,37405.72144516057
2008-03-10,1038539.623415761,-5042.27859659004,4005.7700762233,2192.385646184557,37383.74628994323
2008-03-11,1034948.318191471,-5291.737449330511,2384.0003265559208,2192.385646184557,35663.66966806108
2008-03-12,1038989.9201488051,-3458.7034276896156,4615.76667063823,2192.385646184557,35640.47125967196
2008-03-13,1040702.4407468584,-2491.8095266947057,5364.179541624268,2192.385646184557,35637.68508574425
2008-03-14,1032101.8517865153,-8111.268962845672,2445.532978963689,2192.385646184557,35575.20212421275
2008-03-17,1040212.9362627855,-2208.7658689296804,4560.60702993942,2192.385646184557,35668.70945559116
2008-03-18,1039567.0052050125,-885.273159863078,3043.71290552977,2192.385646184557,35216.17981316126
2008-03-19,1053477.769894612,7571.877688183915,7030.724575559958,2192.385646184557,36682.78198468359
2008-03-20,1051330.4036814559,12111.849785591592,600.5278641741024,2192.385646184557,36425.64038550563
2008-03-24,1048779.934750495,9796.843262725393,368.2053649786394,2192.385646184557,36422.50047660642
2008-03-25,1049246.9151419722,10170.203471750952,494.0384970877785,2192.385646184557,36390.28752694896
2008-03-26,1052818.2580420198,11733.849176231772,2481.434261570452,2192.385646184557,36410.58895803301
2008-03-27,1057897.6771741444,14742.702872258844,4449.677022658987,2192.385646184557,36512.91163304204
2008-03-28,1060936.2546754414,16471.171907011303,5734.7316499091685,2192.385646184557,36537.96547233628
2008-03-31,1063023.1687413468,17460.818555988488,6776.637119432562,2192.385646184557,36593.32741974108
2008-04-01,1057860.8889836492,17991.068506475305,1107.989712343784,2192.385646184557,36569.44511864567
2008-04-02,1058786.2470983802,17812.06822315778,2068.6691929440713,2192.385646184557,36713.12403609394
2008-04-03,1057326.2560428358,16336.626255146926,1970.0634410181083,2192.385646184557,36827.18070048629
2008-04-04,1057001.1266070213,15200.69547989068,2758.7336263050092,2192.385646184557,36849.311854641186
2008-04-07,1056476.736393191,13853.995208806358,3405.7433613177855,2192.385646184557,37024.612176882336
2008-04-08,1058738.1498843273,14124.343440335244,5376.7696044407785,2192.385646184557,37044.65119336662
2008-04-09,1060417.6733717597,14585.355443051783,6507.94517723145,2192.385646184557,37131.987105292035
2008-04-10,1060269.9750211746,14362.981640816899,6514.923930131248,2192.385646184557,37199.683804042055
2008-04-11,1065653.5691209715,19324.81780075282,6953.438889394281,2192.385646184557,37182.92678463971
2008-04-14,1067306.1057392918,18782.645360223134,8978.777855972527,2192.385646184557,37352.29687691154
2008-04-15,1067033.242010828,18191.80827558122,9237.703639791114,2192.385646184557,37411.344449271215
2008-04-16,1062049.9780602104,17228.586673251004,5543.19221464626,2192.385646184557,37085.813526128535
2008-04-17,1062005.8149370211,17765.582818957628,5083.342814172269,2192.385646184557,36964.50365770655
2008-04-18,1050608.4722403623,15314.385335949832,-2788.7610064592445,2192.385646184557,35890.462264687056
2008-04-21,1050678.4668120968,15314.385335949832,-2788.7610064592445,2192.385646184557,35960.456836421625
2008-04-22,1050800.9631754658,15314.385335949832,-2788.7610064592445,2192.385646184557,36082.95319979079
2008-04-23,1050808.010507957,15314.385335949832,-2788.7610064592445,2192.385646184557,36090.00053228205
2008-04-24,1050963.9276373826,15314.385335949832,-2788.7610064592445,2192.385646184557,36245.9176617075
2008-04-25,1051216.2036481923,15314.385335949832,-2788.7610064592445,2192.385646184557,36498.193672517315
2008-04-28,1051586.130374417,15314.385335949832,-2788.7610064592445,2192.385646184557,36868.1203987418
2008-04-29,1051650.6770304353,15314.385335949832,-2788.7610064592445,2192.385646184557,36932.66705476015
2008-04-30,1051599.5459794514,15314.385335949832,-2788.7610064592445,2192.385646184557,36881.53600377636
2008-05-01,1051904.3331570989,15314.385335949832,-2788.7610064592445,2192.385646184557,37186.32318142371
2008-05-02,1052015.2735813176,15314.385335949832,-2788.7610064592445,2192.385646184557,37297.26360564248
2008-05-05,1052476.6637064037,15314.385335949832,-2788.7610064592445,2192.385646184557,37758.65373072855
2008-05-06,1052536.3843503932,15314.385335949832,-2788.7610064592445,2192.385646184557,37818.374374718056
2008-05-07,1052573.208123207,15314.385335949832,-2788.7610064592445,2192.385646184557,37855.19814753183
2008-05-08,1052521.851994275,15314.385335949832,-2788.7610064592445,2192.385646184557,37803.84201859997
2008-05-09,1052449.7273302344,15314.385335949832,-2788.7610064592445,2192.385646184557,37731.71735455922
2008-05-12,1052968.9292601226,15314.385335949832,-2788.7610064592445,2192.385646184557,38250.91928444733
2008-05-13,1053016.2171579213,15314.385335949832,-2788.7610064592445,2192.385646184557,38298.20718224603
2008-05-14,1052807.812104442,15314.385335949832,-2788.7610064592445,2192.385646184557,38089.80212876678
2008-05-15,1052657.9956396553,15314.385335949832,-2788.7610064592445,2192.385646184557,37939.98566398001
2008-05-16,1052357.5020575507,15314.385335949832,-2788.7610064592445,2192.385646184557,37639.49208187556
2008-05-19,1052431.3974567717,15314.385335949832,-2788.7610064592445,2192.385646184557,37713.387481096666
2008-05-20,1052324.8628421105,15314.385335949832,-2788.7610064592445,2192.385646184557,37606.85286643519
2008-05-21,1052001.5126443533,15314.385335949832,-2788.7610064592445,2192.385646184557,37283.50266867806
2008-05-22,1052214.3348539863,15314.385335949832,-2788.7610064592445,2192.385646184557,37496.324878311134
2008-05-23,1052097.5558881704,15314.385335949832,-2788.7610064592445,2192.385646184557,37379.54591249535
2008-05-27,1052865.6098351255,15314.385335949832,-2788.7610064592445,2192.385646184557,38147.59985945048
2008-05-28,1053141.419142865,15314.385335949832,-2788.7610064592445,2192.385646184557,38423.409167189966
2008-05-29,1053288.1574442696,15314.385335949832,-2788.7610064592445,2192.385646184557,38570.147468594485
2008-05-30,1053207.4589526812,15314.385335949832,-2788.7610064592445,2192.385646184557,38489.44897700602
2008-06-02,1054029.4793248414,15314.385335949832,-2788.7610064592445,2192.385646184557,39311.46934916638
2008-06-03,1054373.0739391795,15314.385335949832,-2788.7610064592445,2192.385646184557,39655.063963504275
2008-06-04,1054402.310894155,15314.385335949832,-2788.7610064592445,2192.385646184557,39684.300918479916
2008-06-05,1054409.7610198453,15314.385335949832,-2788.7610064592445,2192.385646184557,39691.751044170116
2008-06-06,1054303.6274988567,15314.385335949832,-2788.7610064592445,2192.385646184557,39585.617523181485
2008-06-09,1054285.8629048436,15314.385335949832,-2788.7610064592445,2192.385646184557,39567.8529291685
2008-06-10,1055018.67733629,15314.385335949832,-2788.7610064592445,2192.385646184557,40300.66736061487
2008-06-11,1054478.357097973,15314.385335949832,-2788.7610064592445,2192.385646184557,39760.34712229797
2008-06-12,1054932.8459381275,15314.385335949832,-2788.7610064592445,2192.385646184557,40214.83596245223
2008-06-13,1055509.2224627524,15314.385335949832,-2788.7610064592445,2192.385646184557,40791.212487077224
2008-06-16,1056193.8585326513,15314.385335949832,-2788.7610064592445,2192.385646184557,41475.8485569763
2008-06-17,1055699.654989128,15314.385335949832,-2788.7610064592445,2192.385646184557,40981.64501345286
2008-06-18,1055087.7551212257,15314.385335949832,-2788.7610064592445,2192.385646184557,40369.74514555058
2008-06-19,1054462.1690435996,15314.385335949832,-2788.7610064592445,2192.385646184557,39744.15906792437
2008-06-20,1052885.5997835775,15314.385335949832,-2788.7610064592445,2192.385646184557,38167.58980790223
2008-06-23,1052978.9235089936,15314.385335949832,-2788.7610064592445,2192.385646184557,38260.91353331844
2008-06-24,1053072.170421583,15314.385335949832,-2788.7610064592445,2192.385646184557,38354.16044590797
2008-06-25,1053159.5660176568,15314.385335949832,-2788.7610064592445,2192.385646184557,38441.556041981676
2008-06-26,1053019.9607702857,15314.385335949832,-2788.7610064592445,2192.385646184557,38301.95079461043
2008-06-27,1052949.6706161317,15314.385335949832,-2788.7610064592445,2192.385646184557,38231.6606404566
2008-06-30,1052956.301087099,15314.385335949832,-2788.7610064592445,2192.385646184557,38238.29111142375
2008-07-01,1053124.2012162434,15314.385335949832,-2788.7610064592445,2192.385646184557,38406.191240568296
2008-07-02,1052870.127862337,15314.385335949832,-2788.7610064592445,2192.385646184557,38152.1178866619
2008-07-03,1052835.6441175966,15314.385335949832,-2788.7610064592445,2192.385646184557,38117.63414192153
2008-07-07,1052653.8654639982,15314.385335949832,-2788.7610064592445,2192.385646184557,37935.855488323024
2008-07-08,1053433.5271455352,15314.385335949832,-2788.7610064592445,2192.385646184557,38715.51716986019
2008-07-09,1052861.7891291487,15314.385335949832,-2788.7610064592445,2192.385646184557,38143.779153473675
2008-07-10,1053319.2983886544,15314.385335949832,-2788.7610064592445,2192.385646184557,38601.28841297922
2008-07-11,1053690.7536266842,15314.385335949832,-2788.7610064592445,2192.385646184557,38972.74365100893
2008-07-14,1052978.2535697971,15314.385335949832,-2788.7610064592445,2192.385646184557,38260.243594122
2008-07-15,1052934.0414062475,15314.385335949832,-2788.7610064592445,2192.385646184557,38216.03143057239
2008-07-16,1054570.24499441,15314.385335949832,-2788.7610064592445,2192.385646184557,39852.23501873494
2008-07-17,1054330.4341935818,15314.385335949832,-2788.7610064592445,2192.385646184557,39612.42421790678
2008-07-18,1055190.4439764833,15314.385335949832,-2788.7610064592445,2192.385646184557,40472.43400080816
2008-07-21,1055469.229047501,15314.385335949832,-2788.7610064592445,2192.385646184557,40751.21907182585
2008-07-22,1055155.7511658226,15314.385335949832,-2788.7610064592445,2192.385646184557,40437.741190147586
2008-07-23,1054741.7989600587,15314.385335949832,-2788.7610064592445,2192.385646184557,40023.78898438357
2008-07-24,1055602.2851528684,15314.385335949832,-2788.7610064592445,2192.385646184557,40884.27517719311
2008-07-25,1055847.0967699771,15314.385335949832,-2788.7610064592445,2192.385646184557,41129.086794301984
2008-07-28,1055983.6074587307,15314.385335949832,-2788.7610064592445,2192.385646184557,41265.59748305543
2008-07-29,1056494.2525382866,15314.385335949832,-2788.7610064592445,2192.385646184557,41776.24256261147
2008-07-30,1056617.5799449473,15314.385335949832,-2788.7610064592445,2192.385646184557,41899.56996927224
2008-07-31,1056713.6611370752,15314.385335949832,-2788.7610064592445,2192.385646184557,41995.651161400136
2008-08-01,1056817.752538401,15314.385335949832,-2788.7610064592445,2192.385646184557,42099.74256272579
2008-08-04,1056957.0245066236,15314.385335949832,-2788.7610064592445,2192.385646184557,42239.01453094848
2008-08-05,1055640.6744317226,15314.385335949832,-2788.7610064592445,2192.385646184557,40922.66445604758
2008-08-06,1056302.5945698114,15314.385335949832,-2788.7610064592445,2192.385646184557,41584.58459413622
2008-08-07,1056567.5372624355,15314.385335949832,-2788.7610064592445,2192.385646184557,41849.52728676051
2008-08-08,1055498.1214427825,15314.385335949832,-2788.7610064592445,2192.385646184557,40780.111467107316
2008-08-11,1055648.4624807206,15314.385335949832,-2788.7610064592445,2192.385646184557,40930.452505045454
2008-08-12,1056612.803450949,15314.385335949832,-2788.7610064592445,2192.385646184557,41894.793475273764
2008-08-13,1057500.2157527073,15314.385335949832,-2788.7610064592445,2192.385646184557,42782.20577703207
2008-08-14,1057548.9347750926,15314.385335949832,-2788.7610064592445,2192.385646184557,42830.924799417495
2008-08-15,1057703.9318020267,15314.385335949832,-2788.7610064592445,2192.385646184557,42985.92182635155
2008-08-18,1057813.8896551142,15314.385335949832,-2788.7610064592445,2192.385646184557,43095.87967943901
2008-08-19,1057539.6044682479,15314.385335949832,-2788.7610064592445,2192.385646184557,42821.594492572825
2008-08-20,1057532.1650157827,15314.385335949832,-2788.7610064592445,2192.385646184557,42814.155040107435
2008-08-21,1057607.977221991,15314.385335949832,-2788.7610064592445,2192.385646184557,42889.96724631591
2008-08-22,1058132.2286058012,15314.385335949832,-2788.7610064592445,2192.385646184557,43414.21863012621
2008-08-25,1058154.3674362516,15314.385335949832,-2788.7610064592445,2192.385646184557,43436.357460576575
2008-08-26,1058321.4053118322,15314.385335949832,-2788.7610064592445,2192.385646184557,43603.39533615718
2008-08-27,1058500.115793141,15314.385335949832,-2788.7610064592445,2192.385646184557,43782.10581746593
2008-08-28,1058699.2864569207,15314.385335949832,-2788.7610064592445,2192.385646184557,43981.27648124541
2008-08-29,1059108.3928048552,15314.385335949832,-2788.7610064592445,2192.385646184557,44390.382829180104
2008-09-02,1059263.947251209,15314.385335949832,-2788.7610064592445,2192.385646184557,44545.93727553403
2008-09-03,1058581.6476933328,15314.385335949832,-2788.7610064592445,2192.385646184557,43863.63771765772
2008-09-04,1058273.484252988,15314.385335949832,-2788.7610064592445,2192.385646184557,43555.47427731287
2008-09-05,1057849.7737247257,15314.385335949832,-2788.7610064592445,2192.385646184557,43131.76374905056
2008-09-08,1057501.9409070667,15314.385335949832,-2788.7610064592445,2192.385646184557,42783.930931391544
2008-09-09,1057512.3090456899,15314.385335949832,-2788.7610064592445,2192.385646184557,42794.299070014735
2008-09-10,1058024.6578411404,15314.385335949832,-2788.7610064592445,2192.385646184557,43306.64786546538
2008-09-11,1058549.7630483797,15314.385335949832,-2788.7610064592445,2192.385646184557,43831.75307270442
2008-09-12,1059342.2984906377,15314.385335949832,-2788.7610064592445,2192.385646184557,44624.288514962536
2008-09-15,1056576.7972215856,15314.385335949832,-2788.7610064592445,2192.385646184557,41858.78724591038
2008-09-16,1055863.311962247,15314.385335949832,-2788.7610064592445,2192.385646184557,41145.30198657187
2008-09-17,1052894.8324909052,15314.385335949832,-2788.7610064592445,2192.385646184557,38176.822515230044
2008-09-18,1054505.8800881505,15314.385335949832,-2788.7610064592445,2192.385646184557,39787.87011247536
2008-09-19,1056029.6947267158,15314.385335949832,-2788.7610064592445,2192.385646184557,41311.68475104077
2008-09-22,1054843.1121327162,15314.385335949832,-2788.7610064592445,2192.385646184557,40125.10215704108
2008-09-23,1053980.180716027,15314.385335949832,-2788.7610064592445,2192.385646184557,39262.170740351896
2008-09-24,1055390.6503890674,15314.385335949832,-2788.7610064592445,2192.385646184557,40672.6404133921
2008-09-25,1057080.5237060848,15314.385335949832,-2788.7610064592445,2192.385646184557,42362.51373040967
2008-09-26,1057797.1180580142,15314.385335949832,-2788.7610064592445,2192.385646184557,43079.108082338935
2008-09-29,1051226.6474555489,15314.385335949832,-2788.7610064592445,2192.385646184557,36508.63747987384
2008-09-30,1057241.6335474602,15314.385335949832,-2788.7610064592445,2192.385646184557,42523.62357178517
2008-10-01,1056780.9897999289,15314.385335949832,-2788.7610064592445,2192.385646184557,42062.97982425382
2008-10-02,1054929.5811878867,15314.385335949832,-2788.7610064592445,2192.385646184557,40211.57121221139
2008-10-03,1054864.8710427023,15314.385335949832,-2788.7610064592445,2192.385646184557,40146.8610670272
2008-10-06,1055650.2822509806,15314.385335949832,-2788.7610064592445,2192.385646184557,40932.27227530547
2008-10-07,1052317.7827933072,15314.385335949832,-2788.7610064592445,2192.385646184557,37599.77281763207
2008-10-08,1053429.8275466887,15314.385335949832,-2788.7610064592445,2192.385646184557,38711.8175710137
2008-10-09,1048373.8404788311,15314.385335949832,-2788.7610064592445,2192.385646184557,33655.83050315594
2008-10-10,1050539.4801194263,15314.385335949832,-2788.7610064592445,2192.385646184557,35821.47014375101
2008-10-13,1050423.0443343688,15314.385335949832,-2788.7610064592445,2192.385646184557,35705.03435869375
2008-10-14,1053305.1101127127,15314.385335949832,-2788.7610064592445,2192.385646184557,38587.10013703746
2008-10-15,1055266.3415003056,15314.385335949832,-2788.7610064592445,2192.385646184557,40548.33152463054
2008-10-16,1053254.5620940751,15314.385335949832,-2788.7610064592445,2192.385646184557,38536.55211840011
2008-10-17,1052430.3549227593,15314.385335949832,-2788.7610064592445,2192.385646184557,37712.344947084086
2008-10-20,1065112.8256346872,20359.633421947598,8021.866741011501,2192.385646184557,34538.939825543435
2008-10-21,1074864.2643415628,22385.084501952748,11517.296722073923,2192.385646184557,38769.497471351526
2008-10-22,1056729.159993385,13920.124681037152,-512.678185318131,2192.385646184557,41129.3278514815
2008-10-23,1060499.4236285663,15544.168652469758,2289.2964618643746,2192.385646184557,40473.572868047515
2008-10-24,1042471.8728347747,8833.414637177368,-8379.686611090088,2192.385646184557,39825.75916250283
2008-10-27,1051865.0136233845,11802.704597803415,-3729.558950633742,2192.385646184557,41599.482330030296
2008-10-28,1058600.6585368733,18200.32577788818,-1830.596219903091,2192.385646184557,40038.54333270376
2008-10-29,1050482.2055112617,10942.79036840389,-5720.041535519995,2192.385646184557,43067.07103219314
2008-10-30,1051522.2522711232,14737.595036751707,-4751.570332785952,2192.385646184557,39343.8419209728
2008-10-31,1063712.9914248665,21424.646804147284,-1087.3647269926732,2192.385646184557,41183.3237015272
2008-11-03,1079109.7575696642,23421.820939396624,7476.4187223333865,2192.385646184557,46019.132261749706
2008-11-04,1085954.79136981,27978.293948389706,9417.779989721486,2192.385646184557,46366.33178551425
2008-11-05,1084099.3041614261,23572.438103118446,9323.255161945825,2192.385646184557,49011.22525017732
2008-11-06,1058546.1686131298,16958.367165214382,-5825.171381130582,2192.385646184557,45220.58718286152
2008-11-07,1082545.9574988536,23784.628066704376,7619.007545886561,2192.385646184557,48949.93624007795
2008-11-10,1082208.3088534083,20870.861720254645,8523.021313343546,2192.385646184557,50622.04017362557
2008-11-11,1075483.315630215,18640.278488606913,3863.618842908065,2192.385646184557,50787.03265251545
2008-11-12,1043356.4621455488,10699.723109859508,-13596.306907635066,2192.385646184557,44060.66029713978
2008-11-13,1086528.7641353596,24554.145933134365,10356.106048841262,2192.385646184557,49426.12650719937
2008-11-14,1064449.8772095307,19036.708555347286,-4141.418537896243,2192.385646184557,47362.201545895194
2008-11-17,1055677.6053145397,13317.798062404268,-8530.785533373011,2192.385646184557,48698.20713932393
2008-11-18,1058710.8426469686,17246.439660974313,-8062.231958105578,2192.385646184557,47334.249297915376
2008-11-19,1043796.2248670944,13934.055048512993,-15259.159846560215,2192.385646184557,42928.94401895709
2008-11-20,1005561.1778400291,-5426.193438732997,-24547.901051117457,2192.385646184557,33342.88668369502
2008-11-21,1014625.3231349901,1972.9342489453265,-34094.765518247266,2192.385646184557,44554.76875810744
2008-11-24,993432.4385419775,-10035.310862129321,-38612.092166653834,2192.385646184557,39887.45592457615
2008-11-25,993292.5426498567,-8904.834319870919,-38923.61827780213,2192.385646184557,38928.609601345146
2008-11-26,981120.0535023131,-10879.906580161536,-47220.00979257375,2192.385646184557,37027.58422886382
2008-11-28,972801.880476473,-13243.35242779483,-50802.15632157028,2192.385646184557,34655.00357965357
2008-12-01,1006280.8598356413,-12216.858861315413,-26419.401824774453,2192.385646184557,42724.73487554665
2008-12-02,1004754.0697701005,-9693.484953945037,-29025.57863330096,2192.385646184557,41280.74771116197
2008-12-03,1002513.3052439353,-7650.834010028979,-31097.235888337018,2192.385646184557,39068.98949611676
2008-12-04,1006657.2672516275,-10375.928681819583,-24514.897716519074,2192.385646184557,39355.70800378162
2008-12-05,1002434.9491673108,-8138.965501267114,-29935.366432560026,2192.385646184557,38316.895454953425
2008-12-08,992715.7432637931,-5445.510681610089,-39837.00952690386,2192.385646184557,35805.87782612245
2008-12-09,993822.4676957672,-9839.951541127753,-36133.64712180151,2192.385646184557,37603.68071251188
2008-12-10,995684.8609569998,-9371.951359436847,-36196.17145462544,2192.385646184557,39060.59812487755
2008-12-11,997388.898059545,-13806.760182767408,-32911.28111229441,2192.385646184557,41914.55370842223
2008-12-12,998563.7655658933,-15192.661113758804,-30946.085683918325,2192.385646184557,42510.126717385836
2008-12-15,997145.7425076073,-19102.009737037122,-30362.967405961594,2192.385646184557,44418.334004421486
2008-12-16,998866.9435700604,-10927.977084982092,-33786.977319011465,2192.385646184557,41389.51232786942
2008-12-17,996698.082188022,-15092.718543194816,-32634.33766815206,2192.385646184557,42232.75275318429
2008-12-18,993286.5559492742,-21856.649628167506,-30829.25116793369,2192.385646184557,43780.071099190856
2008-12-19,983960.2977755717,-27323.12765991129,-36404.63236028666,2192.385646184557,45495.672149585094
2008-12-22,983621.5888030045,-28719.072306784336,-35379.26927380613,2192.385646184557,45527.54473741038
2008-12-23,983239.1131026486,-28225.6491930068,-36271.22306072188,2192.385646184557,45543.599710192764
2008-12-24,983964.6829657638,-27865.849532317487,-35928.769840022316,2192.385646184557,45566.91669191909
2008-12-26,989270.9692655191,-27457.763437239802,-31065.165721978527,2192.385646184557,45601.51277855283
2008-12-29,989459.3958821893,-28857.782531239674,-29528.38411260373,2192.385646184557,45653.17687984812
2008-12-30,995200.6865495828,-26160.386633605696,-26442.30114901217,2192.385646184557,45610.98868601606
2008-12-31,999351.8679781371,-24869.76368610037,-23567.807478522067,2192.385646184557,45597.05349657498
2009-01-02,995402.2834916739,-25457.44412431959,-26987.29655713588,2192.385646184557,45654.63852694479
2009-01-05,995436.3235523707,-26836.05129950063,-25633.221912482404,2192.385646184557,45713.21111816913
2009-01-06,997950.7676629771,-24394.576569770346,-25507.799847965944,2192.385646184557,45660.758434528834
2009-01-07,988723.9051730044,-27243.536838456173,-31875.99211798387,2192.385646184557,45651.04848325986
2009-01-08,994485.2081558084,-25318.521833947976,-28099.8659261351,2192.385646184557,45711.210269706906
2009-01-09,989125.0641668998,-26438.296154502896,-32293.11962390528,2192.385646184557,45664.09429912339
2009-01-12,975553.8710003183,-29374.664919483243,-42819.434705959284,2192.385646184557,45555.58497957629
2009-01-13,979834.5155797824,-28276.526757475105,-39535.808385645854,2192.385646184557,45454.46507671883
2009-01-14,967598.0478371431,-31563.426817944506,-48512.988058941904,2192.385646184557,45482.07706784492
2009-01-15,976843.2366934015,-23410.878773653763,-47758.071258781245,2192.385646184557,45819.80107965192
2009-01-16,991298.8699196621,-17085.644983696868,-39723.40983355779,2192.385646184557,45915.53909073223
2009-01-20,992148.0155896795,-17085.644983696868,-39723.40983355779,2192.385646184557,46764.68476074957
2009-01-21,993829.8325900852,-17085.644983696868,-39723.40983355779,2192.385646184557,48446.50176115532
2009-01-22,994066.0710596266,-17085.644983696868,-39723.40983355779,2192.385646184557,48682.74023069674
2009-01-23,994097.7830340787,-17085.644983696868,-39723.40983355779,2192.385646184557,48714.45220514876
2009-01-26,996079.5171999991,-17085.644983696868,-39723.40983355779,2192.385646184557,50696.18637106917
2009-01-27,996968.8151080773,-17085.644983696868,-39723.40983355779,2192.385646184557,51585.48427914735
2009-01-28,995572.3907490791,-17085.644983696868,-39723.40983355779,2192.385646184557,50189.05992014916
2009-01-29,997881.1129227626,-17085.644983696868,-39723.40983355779,2192.385646184557,52497.782093832735
2009-01-30,998212.3936045022,-17085.644983696868,-39723.40983355779,2192.385646184557,52829.062775572296
2009-02-02,1000758.4549220813,-17085.644983696868,-39723.40983355779,2192.385646184557,55375.12409315142
2009-02-03,1000762.0232153638,-17085.644983696868,-39723.40983355779,2192.385646184557,55378.69238643395
2009-02-04,1001000.6627004367,-17085.644983696868,-39723.40983355779,2192.385646184557,55617.33187150676
2009-02-05,1000673.6463015958,-17085.644983696868,-39723.40983355779,2192.385646184557,55290.31547266594
2009-02-06,1000099.1517161551,-17085.644983696868,-39723.40983355779,2192.385646184557,54715.820887225214
2009-02-09,1004126.9792082125,-17085.644983696868,-39723.40983355779,2192.385646184557,58743.64837928256
2009-02-10,1002496.4319920273,-17085.644983696868,-39723.40983355779,2192.385646184557,57113.101163097424
2009-02-11,1004417.6272234811,-17085.644983696868,-39723.40983355779,2192.385646184557,59034.29639455117
2009-02-12,1004783.958196248,-17085.644983696868,-39723.40983355779,2192.385646184557,59400.62736731814
2009-02-13,1004213.5584574632,-17085.644983696868,-39723.40983355779,2192.385646184557,58830.22762853326
2009-02-17,1000768.3699431483,-17085.644983696868,-39723.40983355779,2192.385646184557,55385.03911421844
2009-02-18,1000783.4648780281,-17085.644983696868,-39723.40983355779,2192.385646184557,55400.13404909824
2009-02-19,998836.268970399,-17085.644983696868,-39723.40983355779,2192.385646184557,53452.938141469145
2009-02-20,997504.7998323521,-17085.644983696868,-39723.40983355779,2192.385646184557,52121.469003422186
2009-02-23,997684.6161378756,-17085.644983696868,-39723.40983355779,2192.385646184557,52301.28530894569
2009-02-24,995579.0203358702,-17085.644983696868,-39723.40983355779,2192.385646184557,50195.68950694031
2009-02-25,994903.9615701969,-17085.644983696868,-39723.40983355779,2192.385646184557,49520.630741267
2009-02-26,993315.2692997959,-17085.644983696868,-39723.40983355779,2192.385646184557,47931.93847086595
2009-02-27,996979.7035504667,-17085.644983696868,-39723.40983355779,2192.385646184557,51596.37272153678
2009-03-02,998410.9939301099,-17085.644983696868,-39723.40983355779,2192.385646184557,53027.66310117999
2009-03-03,998854.3130588966,-17085.644983696868,-39723.40983355779,2192.385646184557,53470.98222996667
2009-03-04,1000503.0422115148,-17085.644983696868,-39723.40983355779,2192.385646184557,55119.71138258488
2009-03-05,999643.6161002087,-17085.644983696868,-39723.40983355779,2192.385646184557,54260.285271278815
2009-03-06,999748.0054732916,-17085.644983696868,-39723.40983355779,2192.385646184557,54364.674644361716
2009-03-09,1001501.6127677498,-17085.644983696868,-39723.40983355779,2192.385646184557,56118.28193881991
2009-03-10,1000236.9919718803,-17085.644983696868,-39723.40983355779,2192.385646184557,54853.66114295041
2009-03-11,999936.8548369621,-17085.644983696868,-39723.40983355779,2192.385646184557,54553.52400803217
2009-03-12,995948.6342545274,-17085.644983696868,-39723.40983355779,2192.385646184557,50565.30342559749
2009-03-13,996680.3050014671,-17085.644983696868,-39723.40983355779,2192.385646184557,51296.974172537215
2009-03-16,997042.193189039,-17085.644983696868,-39723.40983355779,2192.385646184557,51658.86236010911
2009-03-17,996603.7072473747,-17085.644983696868,-39723.40983355779,2192.385646184557,51220.376418444794
2009-03-18,989738.8231838817,-17085.644983696868,-39723.40983355779,2192.385646184557,44355.4923549518
2009-03-19,995049.0640818145,-17085.644983696868,-39723.40983355779,2192.385646184557,49665.73325288459
2009-03-20,998938.436451645,-17085.644983696868,-39723.40983355779,2192.385646184557,53555.105622715084
2009-03-23,998951.891304572,-17085.644983696868,-39723.40983355779,2192.385646184557,53568.560475642094
2009-03-24,999086.0160741423,-17085.644983696868,-39723.40983355779,2192.385646184557,53702.6852452124
2009-03-25,999133.5582587881,-17085.644983696868,-39723.40983355779,2192.385646184557,53750.227429858176
2009-03-26,999160.7645692698,-17085.644983696868,-39723.40983355779,2192.385646184557,53777.43374033994
2009-03-27,999266.2366323645,-17085.644983696868,-39723.40983355779,2192.385646184557,53882.90580343455
2009-03-30,999452.5188610455,-17085.644983696868,-39723.40983355779,2192.385646184557,54069.18803211558
2009-03-31,999540.76585518,-17085.644983696868,-39723.40983355779,2192.385646184557,54157.43502625008
2009-04-01,999584.2475089967,-17085.644983696868,-39723.40983355779,2192.385646184557,54200.916680066846
2009-04-02,999520.3095455196,-17085.644983696868,-39723.40983355779,2192.385646184557,54136.97871658974
2009-04-03,999434.7797017166,-17085.644983696868,-39723.40983355779,2192.385646184557,54051.448872786714
2009-04-06,999592.7545789186,-17085.644983696868,-39723.40983355779,2192.385646184557,54209.423749988666
2009-04-07,999680.165530872,-17085.644983696868,-39723.40983355779,2192.385646184557,54296.83470194205
2009-04-08,999804.4567018194,-17085.644983696868,-39723.40983355779,2192.385646184557,54421.125872889534
2009-04-09,999572.7480865383,-17085.644983696868,-39723.40983355779,2192.385646184557,54189.41725760838
2009-04-13,1000044.9199239704,-17085.644983696868,-39723.40983355779,2192.385646184557,54661.58909504046
2009-04-14,1000494.3644933306,-17085.644983696868,-39723.40983355779,2192.385646184557,55111.03366440069
2009-04-15,999994.881435054,-17085.644983696868,-39723.40983355779,2192.385646184557,54611.5506061241
2009-04-16,999697.9062831058,-17085.644983696868,-39723.40983355779,2192.385646184557,54314.57545417594
2009-04-17,1000110.1559693957,-17085.644983696868,-39723.40983355779,2192.385646184557,54726.82514046575
2009-04-20,1000211.6151686533,-17085.644983696868,-39723.40983355779,2192.385646184557,54828.28433972341
2009-04-21,1000575.8057961337,-17085.644983696868,-39723.40983355779,2192.385646184557,55192.4749672038
2009-04-22,1000472.8380426358,-17085.644983696868,-39723.40983355779,2192.385646184557,55089.50721370592
2009-04-23,1000800.1556156591,-17085.644983696868,-39723.40983355779,2192.385646184557,55416.82478672918
2009-04-24,1000941.7687651349,-17085.644983696868,-39723.40983355779,2192.385646184557,55558.43793620495
2009-04-27,1001368.6915834866,-17085.644983696868,-39723.40983355779,2192.385646184557,55985.36075455672
2009-04-28,1001338.4200078234,-17085.644983696868,-39723.40983355779,2192.385646184557,55955.08917889348
2009-04-29,1001848.8930199296,-17085.644983696868,-39723.40983355779,2192.385646184557,56465.56219099974
2009-04-30,1001746.5023489621,-17085.644983696868,-39723.40983355779,2192.385646184557,56363.17152003222
2009-05-01,1001508.4635723805,-17085.644983696868,-39723.40983355779,2192.385646184557,56125.13274345058
2009-05-04,1002105.0094869173,-17085.644983696868,-39723.40983355779,2192.385646184557,56721.67865798739
2009-05-05,1002334.8059709376,-17085.644983696868,-39723.40983355779,2192.385646184557,56951.475142007694
2009-05-06,1002450.413496843,-17085.644983696868,-39723.40983355779,2192.385646184557,57067.082667913055
2009-05-07,1002843.2743946818,-17085.644983696868,-39723.40983355779,2192.385646184557,57459.94356575189
2009-05-08,1002989.091694265,-17085.644983696868,-39723.40983355779,2192.385646184557,57605.76086533512
2009-05-11,1003389.6085765111,-17085.644983696868,-39723.40983355779,2192.385646184557,58006.27774758125
2009-05-12,1003613.8555649865,-17085.644983696868,-39723.40983355779,2192.385646184557,58230.52473605657
2009-05-13,1003994.1534463371,-17085.644983696868,-39723.40983355779,2192.385646184557,58610.82261740719
2009-05-14,1004973.6034501038,-17085.644983696868,-39723.40983355779,2192.385646184557,59590.27262117388
2009-05-15,1005277.9422969803,-17085.644983696868,-39723.40983355779,2192.385646184557,59894.611468050396
2009-05-18,1005383.3645151017,-17085.644983696868,-39723.40983355779,2192.385646184557,60000.03368617175
2009-05-19,1005461.7373549797,-17085.644983696868,-39723.40983355779,2192.385646184557,60078.40652604983
2009-05-20,1005600.0814086822,-17085.644983696868,-39723.40983355779,2192.385646184557,60216.75057975226
2009-05-21,1005675.5202777238,-17085.644983696868,-39723.40983355779,2192.385646184557,60292.189448793884
2009-05-22,1005798.5253396732,-17085.644983696868,-39723.40983355779,2192.385646184557,60415.194510743255
2009-05-26,1006060.0170297056,-17085.644983696868,-39723.40983355779,2192.385646184557,60676.68620077567
2009-05-27,1006356.1460266438,-17085.644983696868,-39723.40983355779,2192.385646184557,60972.815197713906
2009-05-28,1006213.0079206041,-17085.644983696868,-39723.40983355779,2192.385646184557,60829.67709167418
2009-05-29,1006363.4726112789,-17085.644983696868,-39723.40983355779,2192.385646184557,60980.141782348976
2009-06-01,1005741.0366994751,-17085.644983696868,-39723.40983355779,2192.385646184557,60357.70587054524
2009-06-02,1006342.5782644594,-17085.644983696868,-39723.40983355779,2192.385646184557,60959.24743552948
2009-06-03,1006214.9794264821,-17085.644983696868,-39723.40983355779,2192.385646184557,60831.64859755221
2009-06-04,1006457.5804911702,-17085.644983696868,-39723.40983355779,2192.385646184557,61074.24966224027
2009-06-05,1006485.4088782318,-17085.644983696868,-39723.40983355779,2192.385646184557,61102.07804930187
2009-06-08,1007112.1011130105,-17085.644983696868,-39723.40983355779,2192.385646184557,61728.770284080645
2009-06-09,1007649.0933755989,-17085.644983696868,-39723.40983355779,2192.385646184557,62265.76254666899
2009-06-10,1007348.7061435253,-17085.644983696868,-39723.40983355779,2192.385646184557,61965.37531459541
2009-06-11,1007004.4958528042,-17085.644983696868,-39723.40983355779,2192.385646184557,61621.16502387426
2009-06-12,1006593.1972380938,-17085.644983696868,-39723.40983355779,2192.385646184557,61209.86640916392
2009-06-15,1007378.5407489942,-17085.644983696868,-39723.40983355779,2192.385646184557,61995.20992006431
2009-06-16,1007237.8287226906,-17085.644983696868,-39723.40983355779,2192.385646184557,61854.49789376068
2009-06-17,1007416.5962994938,-17085.644983696868,-39723.40983355779,2192.385646184557,62033.2654705639
2009-06-18,1006417.7377085931,-17085.644983696868,-39723.40983355779,2192.385646184557,61034.406879663235
2009-06-19,1007266.0030234841,-17085.644983696868,-39723.40983355779,2192.385646184557,61882.67219455424
2009-06-22,1007317.2078973792,-17085.644983696868,-39723.40983355779,2192.385646184557,61933.87706844928
2009-06-23,1007370.7921986283,-17085.644983696868,-39723.40983355779,2192.385646184557,61987.4613696984
2009-06-24,1007415.2631652922,-17085.644983696868,-39723.40983355779,2192.385646184557,62031.93233636231
2009-06-25,1007473.4386869079,-17085.644983696868,-39723.40983355779,2192.385646184557,62090.10785797797
2009-06-26,1007513.599687796,-17085.644983696868,-39723.40983355779,2192.385646184557,62130.26885886607
2009-06-29,1007466.4116223081,-17085.644983696868,-39723.40983355779,2192.385646184557,62083.080793378176
2009-06-30,1006932.9829840997,-17085.644983696868,-39723.40983355779,2192.385646184557,61549.65215516975
2009-07-01,1005603.0644345017,-17085.644983696868,-39723.40983355779,2192.385646184557,60219.73360557179
2009-07-02,1005665.7676228062,-17085.644983696868,-39723.40983355779,2192.385646184557,60282.436793876346
2009-07-06,1005067.0488005258,-17085.644983696868,-39723.40983355779,2192.385646184557,59683.717971595936
2009-07-07,1004442.0382132878,-17085.644983696868,-39723.40983355779,2192.385646184557,59058.70738435793
2009-07-08,1004254.2028119328,-17085.644983696868,-39723.40983355779,2192.385646184557,58870.87198300287
2009-07-09,1003180.8315151375,-17085.644983696868,-39723.40983355779,2192.385646184557,57797.50068620755
2009-07-10,1003856.6108654175,-17085.644983696868,-39723.40983355779,2192.385646184557,58473.28003648762
2009-07-13,1004575.7365881879,-17085.644983696868,-39723.40983355779,2192.385646184557,59192.40575925796
2009-07-14,1004478.0770995581,-17085.644983696868,-39723.40983355779,2192.385646184557,59094.74627062818
2009-07-15,1004322.7611840697,-17085.644983696868,-39723.40983355779,2192.385646184557,58939.430355139775
2009-07-16,1003897.6669594647,-17085.644983696868,-39723.40983355779,2192.385646184557,58514.336130534764
2009-07-17,1004075.7349608451,-17085.644983696868,-39723.40983355779,2192.385646184557,58692.40413191519
2009-07-20,1004216.1706578232,-17085.644983696868,-39723.40983355779,2192.385646184557,58832.83982889331
2009-07-21,1004177.4831363886,-17085.644983696868,-39723.40983355779,2192.385646184557,58794.15230745869
2009-07-22,1004595.1048907604,-17085.644983696868,-39723.40983355779,2192.385646184557,59211.77406183048
2009-07-23,1004133.040852246,-17085.644983696868,-39723.40983355779,2192.385646184557,58749.71002331609
2009-07-24,1003971.8011431493,-17085.644983696868,-39723.40983355779,2192.385646184557,58588.47031421936
2009-07-27,1004419.4437339433,-17085.644983696868,-39723.40983355779,2192.385646184557,59036.112905013375
2009-07-28,1005021.4324400363,-17085.644983696868,-39723.40983355779,2192.385646184557,59638.101611106424
2009-07-29,1005129.3071717805,-17085.644983696868,-39723.40983355779,2192.385646184557,59745.9763428506
2009-07-30,1005094.4442991995,-17085.644983696868,-39723.40983355779,2192.385646184557,59711.1134702696
2009-07-31,1005268.4385826838,-17085.644983696868,-39723.40983355779,2192.385646184557,59885.107753753895
2009-08-03,1006047.2662749741,-17085.644983696868,-39723.40983355779,2192.385646184557,60663.9354460442
2009-08-04,1005871.2491984876,-17085.644983696868,-39723.40983355779,2192.385646184557,60487.91836955771
2009-08-05,1001274.3687347487,-17085.644983696868,-39723.40983355779,2192.385646184557,55891.03790581878
2009-08-06,1000084.9942530658,-17085.644983696868,-39723.40983355779,2192.385646184557,54701.663424135884
2009-08-07,997614.342026743,-17085.644983696868,-39723.40983355779,2192.385646184557,52231.01119781309
2009-08-10,996669.8709071703,-17085.644983696868,-39723.40983355779,2192.385646184557,51286.54007824045
2009-08-11,999840.6505285454,-17085.644983696868,-39723.40983355779,2192.385646184557,54457.31969961547
2009-08-12,999356.2871848625,-17085.644983696868,-39723.40983355779,2192.385646184557,53972.956355932634
2009-08-13,999319.1583354025,-17085.644983696868,-39723.40983355779,2192.385646184557,53935.82750647259
2009-08-14,999601.6370584077,-17085.644983696868,-39723.40983355779,2192.385646184557,54218.30622947775
2009-08-17,1000057.1334523753,-17085.644983696868,-39723.40983355779,2192.385646184557,54673.8026234454
2009-08-18,999170.2527130683,-17085.644983696868,-39723.40983355779,2192.385646184557,53786.92188413837
2009-08-19,998469.9368031308,-17085.644983696868,-39723.40983355779,2192.385646184557,53086.60597420088
2009-08-20,993929.1921220412,-17085.644983696868,-39723.40983355779,2192.385646184557,48545.861293111346
2009-08-21,993211.2677089046,-17085.644983696868,-39723.40983355779,2192.385646184557,47827.93687997467
2009-08-24,993027.9140753075,-18445.823158934596,-38546.58529191709,2192.385646184557,47827.93687997467
2009-08-25,993828.0467059357,-17811.453237747657,-38380.82258247584,2192.385646184557,47827.93687997467
2009-08-26,994338.5393642588,-18110.805443629273,-37570.9777182712,2192.385646184557,47827.93687997467
2009-08-27,994829.2247854146,-18175.284154431778,-37015.81358631281,2192.385646184557,47827.93687997467
2009-08-28,995542.7782043255,-18334.806949622813,-36142.73737221095,2192.385646184557,47827.93687997467
2009-08-31,995145.2300506475,-18881.70648765762,-35993.3859878541,2192.385646184557,47827.93687997467
2009-09-01,988383.3029082272,-21839.139543159283,-39797.88007477275,2192.385646184557,47827.93687997467
2009-09-02,989536.5125385867,-21314.559228898725,-39169.25075867376,2192.385646184557,47827.93687997467
2009-09-03,994326.3485735904,-19536.87336409837,-36157.100588470465,2192.385646184557,47827.93687997467
2009-09-04,999130.0637105174,-18605.89771652443,-32284.361099117436,2192.385646184557,47827.93687997467
2009-09-08,999599.7052022325,-19039.66256563959,-31380.954758287175,2192.385646184557,47827.93687997467
2009-09-09,999020.4430460044,-19574.060825219145,-31425.81865493569,2192.385646184557,47827.93687997467
2009-09-10,997138.6064872979,-19698.463436170947,-33183.252602690365,2192.385646184557,47827.93687997467
2009-09-11,997127.3620378451,-20158.42138153792,-32734.53910677624,2192.385646184557,47827.93687997467
2009-09-14,994409.804636059,-21563.548813181696,-34046.969076918554,2192.385646184557,47827.93687997467
2009-09-15,995481.5769495443,-20972.372721317923,-33566.37285529706,2192.385646184557,47827.93687997467
2009-09-16,994863.5517274184,-20030.864195147064,-35125.90660359373,2192.385646184557,47827.93687997467
2009-09-17,995186.5514885723,-20154.129079097533,-34679.64195848943,2192.385646184557,47827.93687997467
2009-09-18,992861.1946000967,-20876.738883932936,-36282.389042129624,2192.385646184557,47827.93687997467
2009-09-21,992861.1946000967,-20876.738883932936,-36282.389042129624,2192.385646184557,47827.93687997467
2009-09-22,992861.1946000967,-20876.738883932936,-36282.389042129624,2192.385646184557,47827.93687997467
2009-09-23,992861.1946000967,-20876.738883932936,-36282.389042129624,2192.385646184557,47827.93687997467
2009-09-24,992861.1946000967,-20876.738883932936,-36282.389042129624,2192.385646184557,47827.93687997467
2009-09-25,992861.1946000967,-20876.738883932936,-36282.389042129624,2192.385646184557,47827.93687997467
2009-09-28,992861.1946000967,-20876.738883932936,-36282.389042129624,2192.385646184557,47827.93687997467
2009-09-29,992861.1946000967,-20876.738883932936,-36282.389042129624,2192.385646184557,47827.93687997467
2009-09-30,992861.1946000967,-20876.738883932936,-36282.389042129624,2192.385646184557,47827.93687997467
2009-10-01,992861.1946000967,-20876.738883932936,-36282.389042129624,2192.385646184557,47827.93687997467
2009-10-02,992861.1946000967,-20876.738883932936,-36282.389042129624,2192.385646184557,47827.93687997467
2009-10-05,992861.1946000967,-20876.738883932936,-36282.389042129624,2192.385646184557,47827.93687997467
2009-10-06,992861.1946000967,-20876.738883932936,-36282.389042129624,2192.385646184557,47827.93687997467
2009-10-07,992861.1946000967,-20876.738883932936,-36282.389042129624,2192.385646184557,47827.93687997467
2009-10-08,992861.1946000967,-20876.738883932936,-36282.389042129624,2192.385646184557,47827.93687997467
2009-10-09,992861.1946000967,-20876.738883932936,-36282.389042129624,2192.385646184557,47827.93687997467
2009-10-12,992861.1946000967,-20876.738883932936,-36282.389042129624,2192.385646184557,47827.93687997467
2009-10-13,992861.1946000967,-20876.738883932936,-36282.389042129624,2192.385646184557,47827.93687997467
2009-10-14,992861.1946000967,-20876.738883932936,-36282.389042129624,2192.385646184557,47827.93687997467
2009-10-15,992861.1946000967,-20876.738883932936,-36282.389042129624,2192.385646184557,47827.93687997467
2009-10-16,992861.1946000967,-20876.738883932936,-36282.389042129624,2192.385646184557,47827.93687997467
2009-10-19,992984.3776336199,-20876.738883932936,-36282.389042129624,2192.385646184557,47951.11991349794
2009-10-20,993193.0979125956,-20876.738883932936,-36282.389042129624,2192.385646184557,48159.84019247361
2009-10-21,993351.4710009065,-20876.738883932936,-36282.389042129624,2192.385646184557,48318.21328078455
2009-10-22,993142.6150248003,-20876.738883932936,-36282.389042129624,2192.385646184557,48109.3573046783
2009-10-23,993499.7841179154,-20876.738883932936,-36282.389042129624,2192.385646184557,48466.52639779344
2009-10-26,993777.3102015274,-20876.738883932936,-36282.389042129624,2192.385646184557,48744.05248140544
2009-10-27,993822.5586329981,-20876.738883932936,-36282.389042129624,2192.385646184557,48789.30091287615
2009-10-28,993400.8052453046,-20876.738883932936,-36282.389042129624,2192.385646184557,48367.5475251826
2009-10-29,994124.185676149,-20876.738883932936,-36282.389042129624,2192.385646184557,49090.92795602698
2009-10-30,993392.90670317,-20876.738883932936,-36282.389042129624,2192.385646184557,48359.64898304804
2009-11-02,993300.8398520951,-20876.738883932936,-36282.389042129624,2192.385646184557,48267.58213197312
2009-11-03,993188.8744314207,-20876.738883932936,-36282.389042129624,2192.385646184557,48155.6167112987
2009-11-04,993248.3232089634,-20876.738883932936,-36282.389042129624,2192.385646184557,48215.065488841385
2009-11-05,993123.2525019228,-20876.738883932936,-36282.389042129624,2192.385646184557,48089.99478180078
2009-11-06,993473.8600468474,-20876.738883932936,-36282.389042129624,2192.385646184557,48440.60232672538
2009-11-09,994085.3742678807,-20876.738883932936,-36282.389042129624,2192.385646184557,49052.11654775869
2009-11-10,994240.2858459366,-20876.738883932936,-36282.389042129624,2192.385646184557,49207.02812581463
2009-11-11,994243.0178081362,-20876.738883932936,-36282.389042129624,2192.385646184557,49209.76008801418
2009-11-12,994459.5968498277,-20876.738883932936,-36282.389042129624,2192.385646184557,49426.33912970568
2009-11-13,994545.4032274579,-20876.738883932936,-36282.389042129624,2192.385646184557,49512.145507335896
2009-11-16,995124.4707003928,-20876.738883932936,-36282.389042129624,2192.385646184557,50091.21298027085
2009-11-17,995643.6353381845,-20876.738883932936,-36282.389042129624,2192.385646184557,50610.37761806254
2009-11-18,996144.8077166522,-20876.738883932936,-36282.389042129624,2192.385646184557,51111.54999653017
2009-11-19,996568.6533614985,-20876.738883932936,-36282.389042129624,2192.385646184557,51535.3956413765
2009-11-20,996729.0569972825,-20876.738883932936,-36282.389042129624,2192.385646184557,51695.79927716055
2009-11-23,995152.0522357579,-22841.637095869402,-35895.77553459373,2192.385646184557,51697.07922003651
2009-11-24,997316.0007115753,-21746.4034794193,-34823.29025780514,2192.385646184557,51693.30880261515
2009-11-25,996264.3530857982,-22305.612708742265,-35303.83580331586,2192.385646184557,51681.41595167178
2009-11-27,994270.4524985536,-22814.928351736395,-36843.513397558476,2192.385646184557,51736.50860166387
2009-11-30,995739.0838645049,-23806.17555161845,-34398.74224218598,2192.385646184557,51751.61601212481
2009-12-01,997469.4006182073,-22874.571068892605,-33552.78342700831,2192.385646184557,51704.36946792365
2009-12-02,998443.1564873897,-22517.944940616726,-32820.61271007685,2192.385646184557,51589.32849189872
2009-12-03,1000131.7616702646,-21728.72070720978,-31911.636065222905,2192.385646184557,51579.73279651278
2009-12-04,1000698.5314478235,-21845.775994876283,-31266.169295944157,2192.385646184557,51618.09109245939
2009-12-07,1001336.6185017161,-22384.771338767838,-29993.370686279726,2192.385646184557,51522.37488057907
2009-12-08,1000416.0421255261,-22911.207043995382,-30307.996053493698,2192.385646184557,51442.85957683064
2009-12-09,1002242.5437924558,-22373.123677337426,-29020.313827034202,2192.385646184557,51443.59565064288
2009-12-10,1002916.7812847247,-22409.892992398934,-28283.406159001635,2192.385646184557,51417.694789940724
2009-12-11,1003044.5251884115,-22857.883315618034,-27625.051830652053,2192.385646184557,51335.074688497
2009-12-14,1001931.3918024392,-23862.19312820898,-27677.373959433753,2192.385646184557,51278.57324389741
2009-12-15,1003231.1807953812,-22942.764067269745,-27319.72306627885,2192.385646184557,51301.28228274523
2009-12-16,1003805.5074526578,-22921.853628766723,-26794.973465379095,2192.385646184557,51329.948900619056
2009-12-17,1005682.2394444317,-22170.427080958383,-25607.368880369002,2192.385646184557,51267.64975957456
2009-12-18,1009598.3661141745,-19805.714278072817,-24067.131752646645,2192.385646184557,51278.826498709386
2009-12-21,1009650.4711736434,-19805.714278072817,-24067.131752646645,2192.385646184557,51330.93155817827
2009-12-22,1009693.1124573408,-19805.714278072817,-24067.131752646645,2192.385646184557,51373.57284187572
2009-12-23,1009720.7814928514,-19805.714278072817,-24067.131752646645,2192.385646184557,51401.24187738635
2009-12-24,1009754.2797091044,-19805.714278072817,-24067.131752646645,2192.385646184557,51434.74009363935
2009-12-28,1009883.3288391202,-19805.714278072817,-24067.131752646645,2192.385646184557,51563.78922365513
2009-12-29,1009920.4809086851,-19805.714278072817,-24067.131752646645,2192.385646184557,51600.941293220036
2009-12-30,1009955.470372628,-19805.714278072817,-24067.131752646645,2192.385646184557,51635.93075716286
2009-12-31,1009986.0831191225,-19805.714278072817,-24067.131752646645,2192.385646184557,51666.54350365745
2010-01-04,1010161.455597505,-19805.714278072817,-24067.131752646645,2192.385646184557,51841.91598203988
2010-01-05,1010151.8539874156,-19805.714278072817,-24067.131752646645,2192.385646184557,51832.31437195046
2010-01-06,1010092.7551001017,-19805.714278072817,-24067.131752646645,2192.385646184557,51773.2154846366
2010-01-07,1010136.18823362,-19805.714278072817,-24067.131752646645,2192.385646184557,51816.648618154926
2010-01-08,1010265.5767320856,-19805.714278072817,-24067.131752646645,2192.385646184557,51946.03711662046
2010-01-11,1010380.0139402724,-19805.714278072817,-24067.131752646645,2192.385646184557,52060.47432480729
2010-01-12,1010568.8279832695,-19805.714278072817,-24067.131752646645,2192.385646184557,52249.28836780437
2010-01-13,1010706.9578786916,-19805.714278072817,-24067.131752646645,2192.385646184557,52387.418263226515
2010-01-14,1010808.68687289,-19805.714278072817,-24067.131752646645,2192.385646184557,52489.14725742489
2010-01-15,1011102.5856432586,-19805.714278072817,-24067.131752646645,2192.385646184557,52783.04602779355
2010-01-19,1011228.9616406532,-19805.714278072817,-24067.131752646645,2192.385646184557,52909.422025188105
2010-01-20,1011504.8506462434,-19805.714278072817,-24067.131752646645,2192.385646184557,53185.311030778335
2010-01-21,1011352.6795096267,-19805.714278072817,-24067.131752646645,2192.385646184557,53033.139894161606
2010-01-22,1010674.6275528204,-19805.714278072817,-24067.131752646645,2192.385646184557,52355.087937355274
2010-01-25,1011608.8202015264,-19805.714278072817,-24067.131752646645,2192.385646184557,53289.2805860613
2010-01-26,1011869.0317288679,-19805.714278072817,-24067.131752646645,2192.385646184557,53549.49211340281
2010-01-27,1011402.3875136913,-19805.714278072817,-24067.131752646645,2192.385646184557,53082.84789822623
2010-01-28,1011228.7300523221,-19805.714278072817,-24067.131752646645,2192.385646184557,52909.190436857054
2010-01-29,1010992.449661334,-19805.714278072817,-24067.131752646645,2192.385646184557,52672.91004586895
2010-02-01,1011370.714561509,-19805.714278072817,-24067.131752646645,2192.385646184557,53051.17494604387
2010-02-02,1011194.1089091643,-19805.714278072817,-24067.131752646645,2192.385646184557,52874.56929369923
2010-02-03,1011353.7622925227,-19805.714278072817,-24067.131752646645,2192.385646184557,53034.22267705761
2010-02-04,1011543.4070365285,-19805.714278072817,-24067.131752646645,2192.385646184557,53223.86742106336
2010-02-05,1010879.2367237816,-19805.714278072817,-24067.131752646645,2192.385646184557,52559.69710831647
2010-02-08,1011241.6665092977,-19805.714278072817,-24067.131752646645,2192.385646184557,52922.12689383258
2010-02-09,1011093.5475217928,-19805.714278072817,-24067.131752646645,2192.385646184557,52774.00790632772
2010-02-10,1011152.5056113473,-19805.714278072817,-24067.131752646645,2192.385646184557,52832.96599588217
2010-02-11,1011070.8999593048,-19805.714278072817,-24067.131752646645,2192.385646184557,52751.36034383974
2010-02-12,1010848.9698949931,-19805.714278072817,-24067.131752646645,2192.385646184557,52529.430279528024
2010-02-16,1011582.6714970001,-19805.714278072817,-24067.131752646645,2192.385646184557,53263.13188153505
2010-02-17,1011586.5401732076,-19805.714278072817,-24067.131752646645,2192.385646184557,53267.00055774255
2010-02-18,1011661.3371715413,-19805.714278072817,-24067.131752646645,2192.385646184557,53341.7975560762
2010-02-19,1012003.307472453,-19805.714278072817,-24067.131752646645,2192.385646184557,53683.76785698789
2010-02-22,1012191.0838750411,-20581.49404019036,-23118.732819497935,2192.385646184557,53698.92508854484
2010-02-23,1011095.7196204491,-20482.491807722254,-24318.93945603189,2192.385646184557,53704.76523801871
2010-02-24,1012928.593295749,-20189.675558375544,-22766.100927244872,2192.385646184557,53691.9841351849
2010-02-25,1015035.2796718397,-18699.74612635013,-22139.372982420493,2192.385646184557,53682.01313442574
2010-02-26,1015876.762681885,-18593.32130350708,-21429.02701793518,2192.385646184557,53706.72535714274
2010-03-01,1015688.9185471673,-19279.07303769968,-20955.352219602675,2192.385646184557,53730.958158285124
2010-03-02,1015753.8303899618,-19405.725850261748,-20826.663971066126,2192.385646184557,53793.83456510515
2010-03-03,1016176.5893911984,-19266.276454903535,-20567.1089689472,2192.385646184557,53817.589168864535
2010-03-04,1016345.4681544325,-19013.30197731557,-20650.30157962977,2192.385646184557,53816.686065193266
2010-03-05,1011760.5580691423,-20550.367835805402,-23704.717528381618,2192.385646184557,53823.25778714474
2010-03-08,1012538.9844348533,-20559.8320699241,-22975.66141804296,2192.385646184557,53882.09227663581
2010-03-09,1012951.2454598008,-20456.363962078234,-22675.35309883079,2192.385646184557,53890.576874525286
2010-03-10,1012519.3018110114,-20318.40527004539,-23207.934286675183,2192.385646184557,53853.25572154741
2010-03-11,1012262.2874470179,-20304.657901978586,-23416.020567795844,2192.385646184557,53790.58027060772
2010-03-12,1012317.8855163595,-20443.342039678013,-23101.214583162335,2192.385646184557,53670.05649301526
2010-03-15,1011936.3401042566,-20844.409473913023,-23056.23519810429,2192.385646184557,53644.599130089395
2010-03-16,1012567.565011492,-20113.8775053774,-23224.601187809953,2192.385646184557,53713.658058494795
2010-03-17,1012733.995393818,-19778.02897246636,-23405.464893717784,2192.385646184557,53725.1036138176
2010-03-18,1013295.105923378,-19439.534577577142,-23278.82796988683,2192.385646184557,53821.08282465744
2010-03-19,1009736.8952440238,-18622.182715411764,-27653.82303086843,2192.385646184557,53820.5153441194
2010-03-22,1009736.8952440238,-18622.182715411764,-27653.82303086843,2192.385646184557,53820.5153441194
2010-03-23,1009736.8952440238,-18622.182715411764,-27653.82303086843,2192.385646184557,53820.5153441194
2010-03-24,1009736.8952440238,-18622.182715411764,-27653.82303086843,2192.385646184557,53820.5153441194
2010-03-25,1009736.8952440238,-18622.182715411764,-27653.82303086843,2192.385646184557,53820.5153441194
2010-03-26,1009736.8952440238,-18622.182715411764,-27653.82303086843,2192.385646184557,53820.5153441194
2010-03-29,1009736.8952440238,-18622.182715411764,-27653.82303086843,2192.385646184557,53820.5153441194
2010-03-30,1009736.8952440238,-18622.182715411764,-27653.82303086843,2192.385646184557,53820.5153441194
2010-03-31,1009736.8952440238,-18622.182715411764,-27653.82303086843,2192.385646184557,53820.5153441194
2010-04-01,1009736.8952440238,-18622.182715411764,-27653.82303086843,2192.385646184557,53820.5153441194
2010-04-05,1009736.8952440238,-18622.182715411764,-27653.82303086843,2192.385646184557,53820.5153441194
2010-04-06,1009736.8952440238,-18622.182715411764,-27653.82303086843,2192.385646184557,53820.5153441194
2010-04-07,1009736.8952440238,-18622.182715411764,-27653.82303086843,2192.385646184557,53820.5153441194
2010-04-08,1009736.8952440238,-18622.182715411764,-27653.82303086843,2192.385646184557,53820.5153441194
2010-04-09,1009736.8952440238,-18622.182715411764,-27653.82303086843,2192.385646184557,53820.5153441194
2010-04-12,1009736.8952440238,-18622.182715411764,-27653.82303086843,2192.385646184557,53820.5153441194
2010-04-13,1009736.8952440238,-18622.182715411764,-27653.82303086843,2192.385646184557,53820.5153441194
2010-04-14,1009736.8952440238,-18622.182715411764,-27653.82303086843,2192.385646184557,53820.5153441194
2010-04-15,1009736.8952440238,-18622.182715411764,-27653.82303086843,2192.385646184557,53820.5153441194
2010-04-16,1009736.8952440238,-18622.182715411764,-27653.82303086843,2192.385646184557,53820.5153441194
2010-04-19,1009756.447426602,-18622.182715411764,-27653.82303086843,2192.385646184557,53840.06752669765
2010-04-20,1009669.6382699355,-18622.182715411764,-27653.82303086843,2192.385646184557,53753.25837003114
2010-04-21,1009894.3382980609,-18622.182715411764,-27653.82303086843,2192.385646184557,53977.95839815657
2010-04-22,1010053.8219757047,-18622.182715411764,-27653.82303086843,2192.385646184557,54137.44207580038
2010-04-23,1010033.331441415,-18622.182715411764,-27653.82303086843,2192.385646184557,54116.95154151064
2010-04-26,1010530.8949342214,-18622.182715411764,-27653.82303086843,2192.385646184557,54614.51503431704
2010-04-27,1010137.0344101363,-18622.182715411764,-27653.82303086843,2192.385646184557,54220.65451023192
2010-04-28,1010369.6230209693,-18622.182715411764,-27653.82303086843,2192.385646184557,54453.24312106497
2010-04-29,1010760.4963612142,-18622.182715411764,-27653.82303086843,2192.385646184557,54844.11646130984
2010-04-30,1010635.3184234295,-18622.182715411764,-27653.82303086843,2192.385646184557,54718.93852352514
2010-05-03,1010974.8487193112,-18622.182715411764,-27653.82303086843,2192.385646184557,55058.468819406815
2010-05-04,1011169.3111415245,-18622.182715411764,-27653.82303086843,2192.385646184557,55252.9312416201
2010-05-05,1011050.5813115691,-18622.182715411764,-27653.82303086843,2192.385646184557,55134.20141166472
2010-05-06,1010104.5187013422,-18622.182715411764,-27653.82303086843,2192.385646184557,54188.1388014378
2010-05-07,1009588.4895446545,-18622.182715411764,-27653.82303086843,2192.385646184557,53672.10964475013
2010-05-10,1009086.6571208846,-18622.182715411764,-27653.82303086843,2192.385646184557,53170.277220980264
2010-05-11,1009315.0721659164,-18622.182715411764,-27653.82303086843,2192.385646184557,53398.692266012076
2010-05-12,1008504.1277298147,-18622.182715411764,-27653.82303086843,2192.385646184557,52587.74782991037
2010-05-13,1009354.8623129961,-18622.182715411764,-27653.82303086843,2192.385646184557,53438.4824130917
2010-05-14,1009844.8801263813,-18622.182715411764,-27653.82303086843,2192.385646184557,53928.50022647693
2010-05-17,1009898.5175290396,-18622.182715411764,-27653.82303086843,2192.385646184557,53982.13762913528
2010-05-18,1009948.2789617607,-18622.182715411764,-27653.82303086843,2192.385646184557,54031.899061856326
2010-05-19,1010433.7744271208,-18622.182715411764,-27653.82303086843,2192.385646184557,54517.39452721644
2010-05-20,1008695.6889199805,-18622.182715411764,-27653.82303086843,2192.385646184557,52779.30902007618
2010-05-21,1008858.3739533494,-18622.182715411764,-27653.82303086843,2192.385646184557,52941.99405344506
2010-05-24,1016256.1801299913,-15241.361778241117,-23636.837791397236,2192.385646184557,52941.99405344506
2010-05-25,1021376.6585562977,-12945.742747348384,-20811.978395983577,2192.385646184557,52941.99405344506
2010-05-26,1023204.384608396,-12282.203590040328,-19647.791501193307,2192.385646184557,52941.99405344506
2010-05-27,1021420.2866349334,-13968.037380291265,-19746.055684404913,2192.385646184557,52941.99405344506
2010-05-28,1022301.9765719074,-14037.058517519501,-18795.34461020271,2192.385646184557,52941.99405344506
2010-06-01,1020676.3092722086,-15463.474511946668,-18994.595915474347,2192.385646184557,52941.99405344506
2010-06-02,1024913.4981200211,-14093.304782436579,-16127.576797171962,2192.385646184557,52941.99405344506
2010-06-03,1025270.075078697,-14108.356151424,-15755.948469508672,2192.385646184557,52941.99405344506
2010-06-04,1024644.7471798102,-14374.858938539517,-16114.773581279907,2192.385646184557,52941.99405344506
2010-06-07,1025999.3232997179,-13613.222153629526,-15521.834246282233,2192.385646184557,52941.99405344506
2010-06-08,1028399.6031324349,-12843.276113304775,-13891.500453889952,2192.385646184557,52941.99405344506
2010-06-09,1029858.5584288186,-12464.510565975914,-12811.310704835108,2192.385646184557,52941.99405344506
2010-06-10,1023473.1880126111,-15296.436984189088,-16364.754702829407,2192.385646184557,52941.99405344506
2010-06-11,1024360.5685466707,-15156.32336485933,-15617.487788099563,2192.385646184557,52941.99405344506
2010-06-14,1023816.2797326719,-17694.9521941212,-13623.147772836499,2192.385646184557,52941.99405344506
2010-06-15,1018662.3022611943,-18131.823787991307,-18340.253650443978,2192.385646184557,52941.99405344506
2010-06-16,1019458.5709638285,-17981.662115884013,-17694.146619917126,2192.385646184557,52941.99405344506
2010-06-17,1019715.7557380126,-17639.635452319286,-17778.98850929772,2192.385646184557,52941.99405344506
2010-06-18,1018559.5639261628,-17919.039985185373,-18655.775788281462,2192.385646184557,52941.99405344506
2010-06-21,1016223.7899370871,-19622.912059010006,-19287.677703532507,2192.385646184557,52941.99405344506
2010-06-22,1013315.4827517623,-20682.406483312254,-21136.4904645551,2192.385646184557,52941.99405344506
2010-06-23,1014781.994194585,-19400.46424929169,-20951.92125575291,2192.385646184557,52941.99405344506
2010-06-24,1008080.8903293144,-21723.77970142942,-25329.7096688858,2192.385646184557,52941.99405344506
2010-06-25,1014337.5292788501,-17846.39260663418,-22950.457814145368,2192.385646184557,52941.99405344506
2010-06-28,1015729.3147106116,-16830.782739385613,-22574.282249632408,2192.385646184557,52941.99405344506
2010-06-29,1008158.7530425189,-20607.520230168244,-26368.10642694251,2192.385646184557,52941.99405344506
2010-06-30,1005743.7053319189,-21085.676081602927,-28304.998286107788,2192.385646184557,52941.99405344506
2010-07-01,1007988.7205613966,-19044.885358398897,-28100.773779834155,2192.385646184557,52941.99405344506
2010-07-02,1007761.0947630774,-18560.591049023555,-28812.693887528614,2192.385646184557,52941.99405344506
2010-07-06,1005534.8850409957,-20716.119647855405,-28883.375010778545,2192.385646184557,52941.99405344506
2010-07-07,1006818.3432686664,-19902.285480250604,-28413.750950712594,2192.385646184557,52941.99405344506
2010-07-08,1007776.0767666447,-19124.79721458594,-28233.505718398956,2192.385646184557,52941.99405344506
2010-07-09,1008318.6340343762,-18636.383592323633,-28179.36207292974,2192.385646184557,52941.99405344506
2010-07-12,1007915.0762372236,-19234.030870709685,-27985.272591696354,2192.385646184557,52941.99405344506
2010-07-13,1007798.7956325411,-19580.4449443568,-27755.13912273175,2192.385646184557,52941.99405344506
2010-07-14,1009458.4611405294,-18609.41297077923,-27066.505588321015,2192.385646184557,52941.99405344506
2010-07-15,1010633.714604557,-18030.593847544165,-26470.071247528424,2192.385646184557,52941.99405344506
2010-07-16,1028543.9380747319,-10236.973943335237,-16353.467681562528,2192.385646184557,52941.99405344506
2010-07-19,1029931.5554549415,-10775.8622987204,-14484.09651266411,2192.385646184557,52999.12862014142
2010-07-20,1032810.4503677657,-9201.158891144092,-13130.698935841676,2192.385646184557,52949.922548566945
2010-07-21,1031332.6024302976,-10182.09191906033,-13917.469668562757,2192.385646184557,53239.778371736174
2010-07-22,1031084.4943387226,-10163.69636730384,-13806.603763120016,2192.385646184557,52862.40882296185
2010-07-23,1031921.5968630835,-9250.095771370921,-13741.346345379367,2192.385646184557,52720.65333364927
2010-07-26,1033235.2981802879,-9086.260674524005,-12652.864627760602,2192.385646184557,52782.037836387986
2010-07-27,1034133.518822652,-8267.917648341507,-12381.245203896775,2192.385646184557,52590.29602870578
2010-07-28,1033619.3850756586,-9261.071253597154,-12131.223721262999,2192.385646184557,52819.294404334156
2010-07-29,1035098.2765800403,-8432.727282373467,-11314.661012448254,2192.385646184557,52653.27922867751
2010-07-30,1035938.5055089617,-8245.497664212016,-10748.535254879156,2192.385646184557,52740.15278186835
2010-08-02,1038377.954794746,-6885.612215194153,-9791.550100464141,2192.385646184557,52862.731464219745
2010-08-03,1038946.3169526388,-6645.493787983083,-9209.166527030757,2192.385646184557,52608.59162146808
2010-08-04,1038487.9734734603,-6874.169286921853,-9485.77390302252,2192.385646184557,52655.53101722011
2010-08-05,1039357.3062900499,-6869.193486986915,-9059.78695711866,2192.385646184557,53093.90108797094
2010-08-06,1040533.9669506131,-7133.486365920049,-7671.120304161683,2192.385646184557,53146.18797451025
2010-08-09,1041381.4954297317,-6864.39705807087,-7215.251311087864,2192.385646184557,53268.75815270585
2010-08-10,1042020.3023323279,-6360.909293124569,-6994.293342693476,2192.385646184557,53183.11932196142
2010-08-11,1038731.293249468,-6812.381039361469,-9968.337943914346,2192.385646184557,53319.62658655923
2010-08-12,1038938.6734064949,-5930.037453995552,-10493.941494113766,2192.385646184557,53170.26670841966
2010-08-13,1039266.0829648367,-5665.593390097143,-10567.753837698838,2192.385646184557,53307.04454644816
2010-08-16,1042554.4967978878,-5607.443401956465,-7714.188363321242,2192.385646184557,53683.74291698099
2010-08-17,1045932.9619036486,-4307.336182746338,-5667.912789002527,2192.385646184557,53715.825229212875
2010-08-18,1046966.9635988757,-4014.6368155367672,-5308.555477662478,2192.385646184557,54097.770245890366
2010-08-19,1047631.0374547192,-5732.044482870144,-3050.582261954434,2192.385646184557,54221.27855335921
2010-08-20,1049529.6735742618,-5430.540031558834,-1357.313987220521,2192.385646184557,54125.14194685663
2010-08-23,1051390.1862802077,-5362.054626630503,434.71331379690673,2192.385646184557,54125.14194685663
2010-08-24,1051042.770567124,-4752.034875226091,-522.7221506910864,2192.385646184557,54125.14194685663
2010-08-25,1052734.5600095722,-3729.3202602870297,146.3526768181473,2192.385646184557,54125.14194685663
2010-08-26,1053836.2116423142,-2329.990816384321,-151.32513434265275,2192.385646184557,54125.14194685663
2010-08-27,1057515.573368309,-1896.7141947362106,3094.7599700042047,2192.385646184557,54125.14194685663
2010-08-30,1056127.712222985,-2965.746464529191,2775.931094472995,2192.385646184557,54125.14194685663
2010-08-31,1057240.5100848223,-2200.4979709418258,3123.480462722946,2192.385646184557,54125.14194685663
2010-09-01,1057924.482025846,-2520.928136395407,4127.882569200243,2192.385646184557,54125.14194685663
2010-09-02,1055757.8404985182,-3720.942265457008,3161.255170934135,2192.385646184557,54125.14194685663
2010-09-03,1053369.3846545438,-3981.422020448721,1033.2790819513611,2192.385646184557,54125.14194685663
2010-09-07,1054014.3757714978,-4072.7198890688596,1769.568067525397,2192.385646184557,54125.14194685663
2010-09-08,1054225.629931612,-4366.272982394323,2274.3753209651913,2192.385646184557,54125.14194685663
2010-09-09,1054559.1466014828,-4320.643709052703,2562.2627174942754,2192.385646184557,54125.14194685663
2010-09-10,1054245.0154166645,-4438.584202479571,2366.0720261030365,2192.385646184557,54125.14194685663
2010-09-13,1052562.5025534374,-4520.361542983679,765.3365033797454,2192.385646184557,54125.14194685663
2010-09-14,1052236.9728075468,-4923.122697979445,842.5679124851013,2192.385646184557,54125.14194685663
2010-09-15,1051893.8046147944,-5240.966826556483,817.2438483098522,2192.385646184557,54125.14194685663
2010-09-16,1052506.8207195473,-4716.336023778422,905.6291502845706,2192.385646184557,54125.14194685663
2010-09-17,1051044.5117619378,-4261.145794227836,-1011.8700368757127,2192.385646184557,54125.14194685663
2010-09-20,1050326.4401426944,-4872.4858329285635,-1118.601617418346,2192.385646184557,54125.14194685663
2010-09-21,1049522.521998602,-5367.03798116371,-1427.9676132756285,2192.385646184557,54125.14194685663
2010-09-22,1051158.9427300133,-4848.685278450488,-309.89958457741886,2192.385646184557,54125.14194685663
2010-09-23,1051575.6722411884,-4415.417752471636,-326.4375993811991,2192.385646184557,54125.14194685663
2010-09-24,1051467.8327234401,-4306.488213209552,-543.2066563913831,2192.385646184557,54125.14194685663
2010-09-27,1050782.1483205764,-5305.930321917171,-229.44895054760855,2192.385646184557,54125.14194685663
2010-09-28,1052114.2824312658,-4448.461100591347,245.21593881584704,2192.385646184557,54125.14194685663
2010-09-29,1052336.9044021554,-4621.815072556608,641.1918816709658,2192.385646184557,54125.14194685663
2010-09-30,1052630.6267904053,-4670.548928122735,983.6481254869141,2192.385646184557,54125.14194685663
2010-10-01,1054448.647757003,-4032.9516266211867,2164.0717905830825,2192.385646184557,54125.14194685663
2010-10-04,1053855.2749950527,-5131.358284355258,2669.105686366791,2192.385646184557,54125.14194685663
2010-10-05,1056751.2627330893,-2750.2589749555336,3183.9941150036175,2192.385646184557,54125.14194685663
2010-10-06,1057753.7237588982,-2545.860805266071,3982.056971123209,2192.385646184557,54125.14194685663
2010-10-07,1057673.6520858756,-3098.413132038666,4454.537624872988,2192.385646184557,54125.14194685663
2010-10-08,1058143.9737453759,-2295.1471898816526,4121.593342216453,2192.385646184557,54125.14194685663
2010-10-11,1057925.09728991,-3031.3073409745703,4638.8770378434565,2192.385646184557,54125.14194685663
2010-10-12,1058168.4054942457,-2681.7970014411258,4532.674902645755,2192.385646184557,54125.14194685663
2010-10-13,1059022.2566931099,-2006.6165501977084,4711.34565026639,2192.385646184557,54125.14194685663
2010-10-14,1058745.8032018435,-2523.2618400640786,4951.537448866293,2192.385646184557,54125.14194685663
2010-10-15,1059679.3435222567,496.7529628002085,2865.062966415193,2192.385646184557,54125.14194685663
2010-10-18,1059569.5732478732,496.7529628002085,2865.062966415193,2192.385646184557,54015.37167247315
2010-10-19,1059699.2589934487,496.7529628002085,2865.062966415193,2192.385646184557,54145.05741804885
2010-10-20,1059686.3959476305,496.7529628002085,2865.062966415193,2192.385646184557,54132.19437223044
2010-10-21,1059740.3591382294,496.7529628002085,2865.062966415193,2192.385646184557,54186.157562829554
2010-10-22,1059740.2768076933,496.7529628002085,2865.062966415193,2192.385646184557,54186.07523229346
2010-10-25,1059786.3721026927,496.7529628002085,2865.062966415193,2192.385646184557,54232.17052729288
2010-10-26,1059829.3033249034,496.7529628002085,2865.062966415193,2192.385646184557,54275.10174950329
2010-10-27,1059717.4588908623,496.7529628002085,2865.062966415193,2192.385646184557,54163.25731546222
2010-10-28,1059738.4799386081,496.7529628002085,2865.062966415193,2192.385646184557,54184.27836320805
2010-10-29,1059747.4337439137,496.7529628002085,2865.062966415193,2192.385646184557,54193.232168513816
2010-11-01,1059919.6615956961,496.7529628002085,2865.062966415193,2192.385646184557,54365.46002029604
2010-11-02,1059997.9543165322,496.7529628002085,2865.062966415193,2192.385646184557,54443.7527411324
2010-11-03,1060028.3148764824,496.7529628002085,2865.062966415193,2192.385646184557,54474.113301082514
2010-11-04,1059909.8819473088,496.7529628002085,2865.062966415193,2192.385646184557,54355.68037190894
2010-11-05,1059599.0426967787,496.7529628002085,2865.062966415193,2192.385646184557,54044.84112137882
2010-11-08,1059897.4497414874,496.7529628002085,2865.062966415193,2192.385646184557,54343.24816608755
2010-11-09,1060153.30881239,496.7529628002085,2865.062966415193,2192.385646184557,54599.10723699024
2010-11-10,1060211.6262144544,496.7529628002085,2865.062966415193,2192.385646184557,54657.42463905434
2010-11-11,1060382.6829451788,496.7529628002085,2865.062966415193,2192.385646184557,54828.48136977875
2010-11-12,1060262.1000503018,496.7529628002085,2865.062966415193,2192.385646184557,54707.89847490168
2010-11-15,1060307.764033339,496.7529628002085,2865.062966415193,2192.385646184557,54753.56245793891
2010-11-16,1060324.394865116,496.7529628002085,2865.062966415193,2192.385646184557,54770.19328971603
2010-11-17,1060452.0376050617,496.7529628002085,2865.062966415193,2192.385646184557,54897.83602966159
2010-11-18,1060404.0154217817,496.7529628002085,2865.062966415193,2192.385646184557,54849.81384638185
2010-11-19,1060633.1854671673,496.7529628002085,2865.062966415193,2192.385646184557,55078.98389176745
2010-11-22,1060641.989578058,496.7529628002085,2865.062966415193,2192.385646184557,55087.78800265794
2010-11-23,1060609.1074073585,496.7529628002085,2865.062966415193,2192.385646184557,55054.9058319584
2010-11-24,1060666.929283232,496.7529628002085,2865.062966415193,2192.385646184557,55112.72770783189
2010-11-26,1060745.7876343257,496.7529628002085,2865.062966415193,2192.385646184557,55191.586058925604
2010-11-29,1060836.9958124901,496.7529628002085,2865.062966415193,2192.385646184557,55282.794237090275
2010-11-30,1060871.638456692,496.7529628002085,2865.062966415193,2192.385646184557,55317.436881292146
2010-12-01,1060860.6541995183,496.7529628002085,2865.062966415193,2192.385646184557,55306.45262411842
2010-12-02,1060848.8336033346,496.7529628002085,2865.062966415193,2192.385646184557,55294.63202793454
2010-12-03,1060870.2902396354,496.7529628002085,2865.062966415193,2192.385646184557,55316.088664235314
2010-12-06,1060998.473843115,496.7529628002085,2865.062966415193,2192.385646184557,55444.27226771484
2010-12-07,1061042.8635479347,496.7529628002085,2865.062966415193,2192.385646184557,55488.66197253484
2010-12-08,1061075.0158993984,496.7529628002085,2865.062966415193,2192.385646184557,55520.81432399852
2010-12-09,1061137.653356681,496.7529628002085,2865.062966415193,2192.385646184557,55583.45178128104
2010-12-10,1061192.563323401,496.7529628002085,2865.062966415193,2192.385646184557,55638.36174800084
2010-12-13,1061344.9958872325,496.7529628002085,2865.062966415193,2192.385646184557,55790.79431183264
2010-12-14,1061377.9605283956,496.7529628002085,2865.062966415193,2192.385646184557,55823.75895299576
2010-12-15,1061411.360106844,496.7529628002085,2865.062966415193,2192.385646184557,55857.15853144415
2010-12-16,1061569.3346408424,496.7529628002085,2865.062966415193,2192.385646184557,56015.13306544232
2010-12-17,1061576.387981115,496.7529628002085,2865.062966415193,2192.385646184557,56022.18640571507
2010-12-20,1061636.029331509,496.7529628002085,2865.062966415193,2192.385646184557,56081.82775610918
2010-12-21,1061657.878441635,496.7529628002085,2865.062966415193,2192.385646184557,56103.67686623498
2010-12-22,1061662.9234846071,496.7529628002085,2865.062966415193,2192.385646184557,56108.72190920706
2010-12-23,1061695.1583827133,496.7529628002085,2865.062966415193,2192.385646184557,56140.956807313254
2010-12-27,1061934.2234245809,496.7529628002085,2865.062966415193,2192.385646184557,56380.02184918104
2010-12-28,1061941.5569789344,496.7529628002085,2865.062966415193,2192.385646184557,56387.35540353437
2010-12-29,1062046.1288573607,496.7529628002085,2865.062966415193,2192.385646184557,56491.92728196061
2010-12-30,1062072.01624361,496.7529628002085,2865.062966415193,2192.385646184557,56517.81466820999
2010-12-31,1062190.612689143,496.7529628002085,2865.062966415193,2192.385646184557,56636.411113743205
2011-01-03,1062326.736972861,496.7529628002085,2865.062966415193,2192.385646184557,56772.53539746115
2011-01-04,1062429.8960837182,496.7529628002085,2865.062966415193,2192.385646184557,56875.69450831809
2011-01-05,1062700.9479565853,496.7529628002085,2865.062966415193,2192.385646184557,57146.74638118548
2011-01-06,1062776.639027346,496.7529628002085,2865.062966415193,2192.385646184557,57222.43745194585
2011-01-07,1062868.3633267428,496.7529628002085,2865.062966415193,2192.385646184557,57314.161751342705
2011-01-10,1063194.1688971296,496.7529628002085,2865.062966415193,2192.385646184557,57639.96732172975
2011-01-11,1063018.3127637524,496.7529628002085,2865.062966415193,2192.385646184557,57464.111188352574
2011-01-12,1063027.2932526418,496.7529628002085,2865.062966415193,2192.385646184557,57473.09167724196
2011-01-13,1063153.955331765,496.7529628002085,2865.062966415193,2192.385646184557,57599.75375636504
2011-01-14,1063140.8705567773,496.7529628002085,2865.062966415193,2192.385646184557,57586.6689813775
2011-01-18,1063322.8440085612,496.7529628002085,2865.062966415193,2192.385646184557,57768.64243316115
2011-01-19,1063375.414531862,496.7529628002085,2865.062966415193,2192.385646184557,57821.212956462055
2011-01-20,1063299.5805415637,496.7529628002085,2865.062966415193,2192.385646184557,57745.37896616361
2011-01-21,1063230.3001593961,496.7529628002085,2865.062966415193,2192.385646184557,57676.098583996296
2011-01-24,1063289.3737874413,496.7529628002085,2865.062966415193,2192.385646184557,57735.172212041216
2011-01-25,1063332.9318109942,496.7529628002085,2865.062966415193,2192.385646184557,57778.730235594325
2011-01-26,1063300.8370815916,496.7529628002085,2865.062966415193,2192.385646184557,57746.63550619176
2011-01-27,1063100.476503713,496.7529628002085,2865.062966415193,2192.385646184557,57546.27492831298
2011-01-28,1063385.6378790992,496.7529628002085,2865.062966415193,2192.385646184557,57831.43630369939
2011-01-31,1063457.9508784804,496.7529628002085,2865.062966415193,2192.385646184557,57903.74930308061
2011-02-01,1063314.2530258796,496.7529628002085,2865.062966415193,2192.385646184557,57760.051450479776
2011-02-02,1063447.5860596686,496.7529628002085,2865.062966415193,2192.385646184557,57893.38448426849
2011-02-03,1063271.0409945776,496.7529628002085,2865.062966415193,2192.385646184557,57716.8394191775
2011-02-04,1063275.1422120146,496.7529628002085,2865.062966415193,2192.385646184557,57720.94063661457
2011-02-07,1063474.6492112186,496.7529628002085,2865.062966415193,2192.385646184557,57920.44763581874
2011-02-08,1063380.8466628538,496.7529628002085,2865.062966415193,2192.385646184557,57826.64508745377
2011-02-09,1063477.3298223834,496.7529628002085,2865.062966415193,2192.385646184557,57923.12824698328
2011-02-10,1063386.945383397,496.7529628002085,2865.062966415193,2192.385646184557,57832.74380799709
2011-02-11,1063432.6823928533,496.7529628002085,2865.062966415193,2192.385646184557,57878.48081745324
2011-02-14,1063357.7450792831,496.7529628002085,2865.062966415193,2192.385646184557,57803.543503883295
2011-02-15,1063347.8951960932,496.7529628002085,2865.062966415193,2192.385646184557,57793.693620693404
2011-02-16,1063497.321726665,496.7529628002085,2865.062966415193,2192.385646184557,57943.120151264826
2011-02-17,1063414.8372596572,496.7529628002085,2865.062966415193,2192.385646184557,57860.63568425737
2011-02-18,1063377.8967691353,496.7529628002085,2865.062966415193,2192.385646184557,57823.695193735184
2011-02-22,1063377.8967691353,496.7529628002085,2865.062966415193,2192.385646184557,57823.695193735184
2011-02-23,1063377.8967691353,496.7529628002085,2865.062966415193,2192.385646184557,57823.695193735184
2011-02-24,1063377.8967691353,496.7529628002085,2865.062966415193,2192.385646184557,57823.695193735184
2011-02-25,1063377.8967691353,496.7529628002085,2865.062966415193,2192.385646184557,57823.695193735184
2011-02-28,1063377.8967691353,496.7529628002085,2865.062966415193,2192.385646184557,57823.695193735184
2011-03-01,1063377.8967691353,496.7529628002085,2865.062966415193,2192.385646184557,57823.695193735184
2011-03-02,1063377.8967691353,496.7529628002085,2865.062966415193,2192.385646184557,57823.695193735184
2011-03-03,1063377.8967691353,496.7529628002085,2865.062966415193,2192.385646184557,57823.695193735184
2011-03-04,1063377.8967691353,496.7529628002085,2865.062966415193,2192.385646184557,57823.695193735184
2011-03-07,1063377.8967691353,496.7529628002085,2865.062966415193,2192.385646184557,57823.695193735184
2011-03-08,1063377.8967691353,496.7529628002085,2865.062966415193,2192.385646184557,57823.695193735184
2011-03-09,1063377.8967691353,496.7529628002085,2865.062966415193,2192.385646184557,57823.695193735184
2011-03-10,1063377.8967691353,496.7529628002085,2865.062966415193,2192.385646184557,57823.695193735184
2011-03-11,1063377.8967691353,496.7529628002085,2865.062966415193,2192.385646184557,57823.695193735184
2011-03-14,1063377.8967691353,496.7529628002085,2865.062966415193,2192.385646184557,57823.695193735184
2011-03-15,1063377.8967691353,496.7529628002085,2865.062966415193,2192.385646184557,57823.695193735184
2011-03-16,1063377.8967691353,496.7529628002085,2865.062966415193,2192.385646184557,57823.695193735184
2011-03-17,1063377.8967691353,496.7529628002085,2865.062966415193,2192.385646184557,57823.695193735184
2011-03-18,1063377.8967691353,496.7529628002085,2865.062966415193,2192.385646184557,57823.695193735184
2011-03-21,1063383.0905786967,496.7529628002085,2865.062966415193,2192.385646184557,57828.889003296616
2011-03-22,1063381.2294090362,496.7529628002085,2865.062966415193,2192.385646184557,57827.02783363615
2011-03-23,1063418.7983445246,496.7529628002085,2865.062966415193,2192.385646184557,57864.5967691245
2011-03-24,1063409.9269180126,496.7529628002085,2865.062966415193,2192.385646184557,57855.72534261248
2011-03-25,1063266.311881503,496.7529628002085,2865.062966415193,2192.385646184557,57712.110306103015
2011-03-28,1063368.0794733553,496.7529628002085,2865.062966415193,2192.385646184557,57813.87789795548
2011-03-29,1063464.5709608672,496.7529628002085,2865.062966415193,2192.385646184557,57910.36938546738
2011-03-30,1063516.0166907832,496.7529628002085,2865.062966415193,2192.385646184557,57961.81511538313
2011-03-31,1063511.9183654576,496.7529628002085,2865.062966415193,2192.385646184557,57957.716790057486
2011-04-01,1063522.7330346582,496.7529628002085,2865.062966415193,2192.385646184557,57968.53145925817
2011-04-04,1063526.6071597482,496.7529628002085,2865.062966415193,2192.385646184557,57972.40558434813
2011-04-05,1063501.847705049,496.7529628002085,2865.062966415193,2192.385646184557,57947.6461296489
2011-04-06,1063357.1405169438,496.7529628002085,2865.062966415193,2192.385646184557,57802.93894154369
2011-04-07,1063415.4675207413,496.7529628002085,2865.062966415193,2192.385646184557,57861.26594534144
2011-04-08,1063258.104443422,496.7529628002085,2865.062966415193,2192.385646184557,57703.90286802221
2011-04-11,1063386.9295653864,496.7529628002085,2865.062966415193,2192.385646184557,57832.727989986306
2011-04-12,1063307.8248155909,496.7529628002085,2865.062966415193,2192.385646184557,57753.62324019079
2011-04-13,1063335.0348063926,496.7529628002085,2865.062966415193,2192.385646184557,57780.83323099278
2011-04-14,1063212.5754608843,496.7529628002085,2865.062966415193,2192.385646184557,57658.37388548418
2011-04-15,1063008.721471752,496.7529628002085,2865.062966415193,2192.385646184557,57454.519896351965
2011-04-18,1063137.6381035098,496.7529628002085,2865.062966415193,2192.385646184557,57583.436528109945
2011-04-19,1063223.1401802148,496.7529628002085,2865.062966415193,2192.385646184557,57668.93860481493
2011-04-20,1062800.8222602732,496.7529628002085,2865.062966415193,2192.385646184557,57246.62068487308
2011-04-21,1062707.7323167222,496.7529628002085,2865.062966415193,2192.385646184557,57153.53074132232
2011-04-25,1062934.9474577308,496.7529628002085,2865.062966415193,2192.385646184557,57380.74588233093
2011-04-26,1062835.8855612488,496.7529628002085,2865.062966415193,2192.385646184557,57281.68398584891
2011-04-27,1062788.3987972587,496.7529628002085,2865.062966415193,2192.385646184557,57234.19722185866
2011-04-28,1062418.952976341,496.7529628002085,2865.062966415193,2192.385646184557,56864.75140094105
2011-04-29,1062316.2602227964,496.7529628002085,2865.062966415193,2192.385646184557,56762.058647396276
2011-05-02,1062737.767212233,496.7529628002085,2865.062966415193,2192.385646184557,57183.565636832966
2011-05-03,1062490.2514881361,496.7529628002085,2865.062966415193,2192.385646184557,56936.049912736285
2011-05-04,1062405.45574319,496.7529628002085,2865.062966415193,2192.385646184557,56851.254167789826
2011-05-05,1062143.5681140786,496.7529628002085,2865.062966415193,2192.385646184557,56589.36653867876
2011-05-06,1062422.8236955712,496.7529628002085,2865.062966415193,2192.385646184557,56868.62212017132
2011-05-09,1063122.4128578836,496.7529628002085,2865.062966415193,2192.385646184557,57568.211282483535
2011-05-10,1063194.2563743368,496.7529628002085,2865.062966415193,2192.385646184557,57640.054798936704
2011-05-11,1062643.3432346494,496.7529628002085,2865.062966415193,2192.385646184557,57089.14165924955
2011-05-12,1062096.5104284817,496.7529628002085,2865.062966415193,2192.385646184557,56542.30885308189
2011-05-13,1062151.8053551181,496.7529628002085,2865.062966415193,2192.385646184557,56597.60377971828
2011-05-16,1061959.5271555427,496.7529628002085,2865.062966415193,2192.385646184557,56405.32558014267
2011-05-17,1062189.0309819896,496.7529628002085,2865.062966415193,2192.385646184557,56634.829406589735
2011-05-18,1062774.6833370337,496.7529628002085,2865.062966415193,2192.385646184557,57220.48176163365
2011-05-19,1062935.908939444,496.7529628002085,2865.062966415193,2192.385646184557,57381.70736404392
2011-05-20,1062616.287982924,496.7529628002085,2865.062966415193,2192.385646184557,57062.08640752407
2011-05-23,1062633.0494645452,496.7529628002085,2865.062966415193,2192.385646184557,57078.84788914514
2011-05-24,1062644.5284103262,496.7529628002085,2865.062966415193,2192.385646184557,57090.32683492638
2011-05-25,1062647.89124751,496.7529628002085,2865.062966415193,2192.385646184557,57093.68967211014
2011-05-26,1062667.5262971204,496.7529628002085,2865.062966415193,2192.385646184557,57113.324721720535
2011-05-27,1062676.859032649,496.7529628002085,2865.062966415193,2192.385646184557,57122.65745724924
2011-05-31,1062716.1924219313,496.7529628002085,2865.062966415193,2192.385646184557,57161.990846531466
2011-06-01,1062775.6611532555,496.7529628002085,2865.062966415193,2192.385646184557,57221.459577855654
2011-06-02,1062775.3396384558,496.7529628002085,2865.062966415193,2192.385646184557,57221.13806305593
2011-06-03,1062747.4643619102,496.7529628002085,2865.062966415193,2192.385646184557,57193.26278651017
2011-06-06,1062816.4338806677,496.7529628002085,2865.062966415193,2192.385646184557,57262.232305267826
2011-06-07,1062837.8625810258,496.7529628002085,2865.062966415193,2192.385646184557,57283.661005625734
2011-06-08,1062924.4158067945,496.7529628002085,2865.062966415193,2192.385646184557,57370.214231394464
2011-06-09,1062859.869320651,496.7529628002085,2865.062966415193,2192.385646184557,57305.66774525121
2011-06-10,1062920.5603084331,496.7529628002085,2865.062966415193,2192.385646184557,57366.35873303306
2011-06-13,1062998.6095431237,496.7529628002085,2865.062966415193,2192.385646184557,57444.40796772367
2011-06-14,1063023.8996258895,496.7529628002085,2865.062966415193,2192.385646184557,57469.698050489416
2011-06-15,1063086.5077183563,496.7529628002085,2865.062966415193,2192.385646184557,57532.30614295625
2011-06-16,1063185.7513285116,496.7529628002085,2865.062966415193,2192.385646184557,57631.54975311179
2011-06-17,1063316.196956994,496.7529628002085,2865.062966415193,2192.385646184557,57761.99538159394
2011-06-20,1063332.6960935523,496.7529628002085,2865.062966415193,2192.385646184557,57778.494518152205
2011-06-21,1063342.734053554,496.7529628002085,2865.062966415193,2192.385646184557,57788.53247815417
2011-06-22,1063375.2053532125,496.7529628002085,2865.062966415193,2192.385646184557,57821.00377781247
2011-06-23,1063157.011769615,496.7529628002085,2865.062966415193,2192.385646184557,57602.81019421527
2011-06-24,1063266.1178961783,496.7529628002085,2865.062966415193,2192.385646184557,57711.91632077843
2011-06-27,1063439.0158119714,496.7529628002085,2865.062966415193,2192.385646184557,57884.81423657155
2011-06-28,1063505.3237129007,496.7529628002085,2865.062966415193,2192.385646184557,57951.122137500905
2011-06-29,1063515.800759716,496.7529628002085,2865.062966415193,2192.385646184557,57961.599184315884
2011-06-30,1063474.9051402207,496.7529628002085,2865.062966415193,2192.385646184557,57920.70356482081
2011-07-01,1063472.9731721496,496.7529628002085,2865.062966415193,2192.385646184557,57918.771596749546
2011-07-05,1063559.6847925573,496.7529628002085,2865.062966415193,2192.385646184557,58005.48321715719
2011-07-06,1063533.1757038184,496.7529628002085,2865.062966415193,2192.385646184557,57978.9741284186
2011-07-07,1063631.246350729,496.7529628002085,2865.062966415193,2192.385646184557,58077.044775329065
2011-07-08,1063649.7971678409,496.7529628002085,2865.062966415193,2192.385646184557,58095.59559244104
2011-07-11,1063584.4747728412,496.7529628002085,2865.062966415193,2192.385646184557,58030.27319744113
2011-07-12,1063459.4333376628,496.7529628002085,2865.062966415193,2192.385646184557,57905.23176226276
2011-07-13,1063527.9241375797,496.7529628002085,2865.062966415193,2192.385646184557,57973.72256217967
2011-07-14,1063498.3794609034,496.7529628002085,2865.062966415193,2192.385646184557,57944.177885503275
2011-07-15,1063601.8731467756,496.7529628002085,2865.062966415193,2192.385646184557,58047.6715713758
2011-07-18,1063715.8188350978,496.7529628002085,2865.062966415193,2192.385646184557,58161.61725969799
2011-07-19,1063578.6297316058,496.7529628002085,2865.062966415193,2192.385646184557,58024.42815620592
2011-07-20,1063732.4953783178,496.7529628002085,2865.062966415193,2192.385646184557,58178.2938029177
2011-07-21,1063450.1655335915,496.7529628002085,2865.062966415193,2192.385646184557,57895.963958191685
2011-07-22,1063502.0265027261,496.7529628002085,2865.062966415193,2192.385646184557,57947.82492732606
2011-07-25,1063632.1143267043,496.7529628002085,2865.062966415193,2192.385646184557,58077.91275130422
2011-07-26,1063655.898099463,496.7529628002085,2865.062966415193,2192.385646184557,58101.69652406289
2011-07-27,1063021.8640586725,496.7529628002085,2865.062966415193,2192.385646184557,57467.66248327261
2011-07-28,1063070.797399072,496.7529628002085,2865.062966415193,2192.385646184557,57516.5958236719
2011-07-29,1063147.158143382,496.7529628002085,2865.062966415193,2192.385646184557,57592.95656798198
2011-08-01,1063337.1155711864,496.7529628002085,2865.062966415193,2192.385646184557,57782.91399578657
2011-08-02,1062991.0131784598,496.7529628002085,2865.062966415193,2192.385646184557,57436.81160305999
2011-08-03,1063188.3283471698,496.7529628002085,2865.062966415193,2192.385646184557,57634.12677176995
2011-08-04,1061543.1379958834,496.7529628002085,2865.062966415193,2192.385646184557,55988.93642048328
2011-08-05,1061644.6774967508,496.7529628002085,2865.062966415193,2192.385646184557,56090.475921351
2011-08-08,1061165.7472916972,496.7529628002085,2865.062966415193,2192.385646184557,55611.545716297114
2011-08-09,1061985.9887600755,496.7529628002085,2865.062966415193,2192.385646184557,56431.78718467546
2011-08-10,1061234.6323032118,496.7529628002085,2865.062966415193,2192.385646184557,55680.430727811996
2011-08-11,1062770.0969737102,496.7529628002085,2865.062966415193,2192.385646184557,57215.895398310386
2011-08-12,1062512.4599097958,496.7529628002085,2865.062966415193,2192.385646184557,56958.25833439594
2011-08-15,1062522.9466788229,496.7529628002085,2865.062966415193,2192.385646184557,56968.745103422785
2011-08-16,1062766.0237765303,496.7529628002085,2865.062966415193,2192.385646184557,57211.822201130446
2011-08-17,1063081.3557418664,496.7529628002085,2865.062966415193,2192.385646184557,57527.154166466324
2011-08-18,1063894.8129153932,496.7529628002085,2865.062966415193,2192.385646184557,58340.61133999331
2011-08-19,1064086.1919601206,496.7529628002085,2865.062966415193,2192.385646184557,58531.9903847205
2011-08-22,1067030.5711872822,1234.0148143494735,4965.489219751675,2192.385646184557,58638.68150699651
2011-08-23,1073276.9095285118,4434.491097797407,8278.489238731214,2192.385646184557,58371.54354579863
2011-08-24,1071510.369020951,3740.84984346095,7312.326625034097,2192.385646184557,58264.80690627149
2011-08-25,1065968.2873135018,45.63237224856857,5065.999344399432,2192.385646184557,58664.26995066926
2011-08-26,1070599.0250284544,2076.9194628896657,7778.243774225586,2192.385646184557,58551.476145154564
2011-08-29,1076781.9585839924,5310.724597664317,10495.562486923416,2192.385646184557,58783.28585322015
2011-08-30,1077212.3163457527,5194.686854086118,11025.865953927161,2192.385646184557,58799.37789155473
2011-08-31,1077822.4359536513,6213.200468092342,10774.336729437811,2192.385646184557,58642.51310993661
2011-09-01,1080295.1295841285,5882.022302734549,13293.967386441422,2192.385646184557,58926.75424876786
2011-09-02,1080234.8327862346,3998.4182787340833,14865.75637895579,2192.385646184557,59178.27248236025
2011-09-06,1078011.6983219255,1374.0342960389098,14783.647886468214,2192.385646184557,59661.63049323391
2011-09-07,1083580.7576420754,3586.024045986822,18028.645838410477,2192.385646184557,59773.70211149356
2011-09-08,1084003.0584963255,2971.0852600022918,18996.10008794465,2192.385646184557,59843.48750219401
2011-09-09,1077869.0092914742,105.76848477055319,15536.998086327687,2192.385646184557,60033.85707419156
2011-09-12,1085340.054150239,1312.988876663847,21192.980739833903,2192.385646184557,60641.69888755679
2011-09-13,1091585.3539022424,2910.7686457157834,25446.480502948165,2192.385646184557,61035.719107393874
2011-09-14,1094372.6821752551,4014.103780770907,26886.98264160368,2192.385646184557,61279.210106696
2011-09-15,1091784.1898461059,3262.5675019626506,25045.59840802953,2192.385646184557,61283.638289929135
2011-09-16,1091111.3224029583,2875.952820947161,24576.952426392352,2192.385646184557,61466.03150943434
2011-09-19,1092949.2668242173,4306.047260200372,24908.95945986628,2192.385646184557,61541.87445796607
2011-09-20,1094478.8680043193,5325.404604672571,25418.412319557858,2192.385646184557,61542.665433904156
2011-09-21,1093745.776183465,7440.086544364458,22668.480644553434,2192.385646184557,61444.8233483627
2011-09-22,1087392.2423753487,9052.906201469712,14971.046723851236,2192.385646184557,61175.90380384331
2011-09-23,1088176.5916129434,8156.260887392098,16469.42339560145,2192.385646184557,61358.52168376534
2011-09-26,1088905.1305078375,8620.18522628781,16587.01857840165,2192.385646184557,61505.54105696338
2011-09-27,1087449.45381265,8053.546341544832,15576.305287173484,2192.385646184557,61627.21653774707
2011-09-28,1088988.6345393509,7682.613437599153,17392.895723243942,2192.385646184557,61720.739732323214
2011-09-29,1092430.9879804018,10116.739625554415,18306.0162410927,2192.385646184557,61815.84646757017
2011-09-30,1106605.467865035,24214.884215327445,18346.818946256884,2192.385646184557,61851.37905726605
2011-10-03,1093794.421624445,11451.819655096624,18432.36029668979,2192.385646184557,61717.85602647392
2011-10-04,1099319.163816318,14098.16498765722,21134.309369489085,2192.385646184557,61894.30381298717
2011-10-05,1100724.9433748785,14899.927300206386,21683.115983873024,2192.385646184557,61949.51444461453
2011-10-06,1101071.425030148,15245.722361966153,21663.28523083683,2192.385646184557,61970.03179116035
2011-10-07,1103785.5366201908,16539.157621669,23328.85650720261,2192.385646184557,61725.136845134664
2011-10-10,1102026.0986362547,14809.027513427893,22745.43827872316,2192.385646184557,62279.24719791906
2011-10-11,1104381.2366793389,15784.564874055097,24220.111139418324,2192.385646184557,62184.17501968099
2011-10-12,1103966.0798966023,15802.076458938187,23573.63964356284,2192.385646184557,62397.97814791673
2011-10-13,1105625.2553357736,15236.011958808755,25754.839926631656,2192.385646184557,62442.01780414861
2011-10-14,1099042.1031472378,13544.292298092972,20661.67733617744,2192.385646184557,62643.747866782825
2011-10-17,1097766.87225257,12423.404568487662,20812.928810910555,2192.385646184557,62338.153226987226
2011-10-18,1100698.7976102643,13521.771258165129,22198.166162000038,2192.385646184557,62786.474543914665
2011-10-19,1102592.3179318854,13376.983551303972,24226.80197621428,2192.385646184557,62796.14675818244
2011-10-20,1107046.578317111,13505.141002387623,28317.87320605514,2192.385646184557,63031.178462483454
2011-10-21,1107714.0902707046,14731.36142547999,27302.486913745874,2192.385646184557,63487.85628529405
2011-10-24,1107769.1284697778,14731.36142547999,27302.486913745874,2192.385646184557,63542.894484367454
2011-10-25,1107841.6004814915,14731.36142547999,27302.486913745874,2192.385646184557,63615.36649608123
2011-10-26,1107701.5276926765,14731.36142547999,27302.486913745874,2192.385646184557,63475.293707265984
2011-10-27,1107392.4340980877,14731.36142547999,27302.486913745874,2192.385646184557,63166.20011267741
2011-10-28,1107357.4913152345,14731.36142547999,27302.486913745874,2192.385646184557,63131.257329823915
2011-10-31,1107413.7652884577,14731.36142547999,27302.486913745874,2192.385646184557,63187.5313030472
2011-11-01,1107321.8409591233,14731.36142547999,27302.486913745874,2192.385646184557,63095.60697371303
2011-11-02,1107625.7857617666,14731.36142547999,27302.486913745874,2192.385646184557,63399.551776356064
2011-11-03,1107887.9728695098,14731.36142547999,27302.486913745874,2192.385646184557,63661.738884099526
2011-11-04,1107904.4962172508,14731.36142547999,27302.486913745874,2192.385646184557,63678.26223184052
2011-11-07,1108140.513919631,14731.36142547999,27302.486913745874,2192.385646184557,63914.279934220714
2011-11-08,1108191.4208918782,14731.36142547999,27302.486913745874,2192.385646184557,63965.18690646789
2011-11-09,1108269.9887703434,14731.36142547999,27302.486913745874,2192.385646184557,64043.75478493306
2011-11-10,1108132.510950901,14731.36142547999,27302.486913745874,2192.385646184557,63906.276965490775
2011-11-11,1108083.6612847485,14731.36142547999,27302.486913745874,2192.385646184557,63857.42729933816
2011-11-14,1108188.1861356678,14731.36142547999,27302.486913745874,2192.385646184557,63961.952150257304
2011-11-15,1108311.8249847395,14731.36142547999,27302.486913745874,2192.385646184557,64085.59099932923
2011-11-16,1108417.6426472114,14731.36142547999,27302.486913745874,2192.385646184557,64191.408661801135
2011-11-17,1108305.963146695,14731.36142547999,27302.486913745874,2192.385646184557,64079.7291612844
2011-11-18,1108317.4800158092,14731.36142547999,27302.486913745874,2192.385646184557,64091.246030398645
2011-11-21,1108217.6777936923,14946.177135791513,26968.59979543276,2192.385646184557,64110.5152162835
2011-11-22,1111697.3177774046,17463.83655371226,27925.44607467507,2192.385646184557,64115.649502832675
2011-11-23,1107908.5499737666,18008.526217317092,23738.66329764016,2192.385646184557,63968.97481262474
2011-11-25,1108112.8464038458,17247.091879335814,24607.208607536042,2192.385646184557,64066.160270789405
2011-11-28,1116479.2360473662,18012.304701333167,31904.205933478894,2192.385646184557,64370.339766369434
2011-11-29,1118735.83207307,19266.45268351969,32877.025595119456,2192.385646184557,64399.96814824641
2011-11-30,1118080.6205802415,21774.14726291783,29946.339744473808,2192.385646184557,64167.74792666547
2011-12-01,1117595.7946680496,20627.12529507489,30561.174769083853,2192.385646184557,64215.10895770625
2011-12-02,1118925.775369922,21489.002827631542,31015.443458369118,2192.385646184557,64228.943437736714
2011-12-05,1117433.642421817,21927.279892207822,29077.276464761468,2192.385646184557,64236.70041866321
2011-12-06,1118837.5986151984,22508.774608891807,29834.44385236723,2192.385646184557,64301.99450775469
2011-12-07,1119570.664735071,22936.400596047984,30025.54230071744,2192.385646184557,64416.33619212103
2011-12-08,1116349.2682104749,20963.77205576375,28663.092053520028,2192.385646184557,64530.01845500665
2011-12-09,1123434.900958809,23242.176345768617,33565.94798735145,2192.385646184557,64434.390979504446
2011-12-12,1125016.370419854,22949.78058022901,35242.10131524992,2192.385646184557,64632.10287819058
2011-12-13,1125205.6147364774,22395.538084469503,36000.47697997012,2192.385646184557,64617.2140258532
2011-12-14,1123513.1095418625,22072.643557575182,34525.979843956884,2192.385646184557,64722.10049414588
2011-12-15,1127524.6722329655,22054.66400607361,38722.9674078353,2192.385646184557,64554.65517287189
2011-12-16,1129534.908310967,20599.529665282695,42066.43111403519,2192.385646184557,64676.561885464704
2011-12-19,1129576.6142357178,20599.529665282695,42066.43111403519,2192.385646184557,64718.26781021524
2011-12-20,1129568.393740492,20599.529665282695,42066.43111403519,2192.385646184557,64710.04731498961
2011-12-21,1129519.7199375615,20599.529665282695,42066.43111403519,2192.385646184557,64661.373512058984
2011-12-22,1129605.6792512694,20599.529665282695,42066.43111403519,2192.385646184557,64747.332825766876
2011-12-23,1129478.299363906,20599.529665282695,42066.43111403519,2192.385646184557,64619.9529384037
2011-12-27,1129541.736720406,20599.529665282695,42066.43111403519,2192.385646184557,64683.39029490342
2011-12-28,1129604.3132984955,20599.529665282695,42066.43111403519,2192.385646184557,64745.966872992925
2011-12-29,1129622.6766517586,20599.529665282695,42066.43111403519,2192.385646184557,64764.33022625605
2011-12-30,1129706.5031385915,20599.529665282695,42066.43111403519,2192.385646184557,64848.15671308921
2012-01-03,1129911.1813018806,20599.529665282695,42066.43111403519,2192.385646184557,65052.83487637807
2012-01-04,1129949.8272138173,20599.529665282695,42066.43111403519,2192.385646184557,65091.48078831495
2012-01-05,1130002.9485442764,20599.529665282695,42066.43111403519,2192.385646184557,65144.60211877385
2012-01-06,1130086.3863136931,20599.529665282695,42066.43111403519,2192.385646184557,65228.039888190804
2012-01-09,1130205.6069113514,20599.529665282695,42066.43111403519,2192.385646184557,65347.26048584888
2012-01-10,1129976.947678612,20599.529665282695,42066.43111403519,2192.385646184557,65118.60125310952
2012-01-11,1129854.9741773922,20599.529665282695,42066.43111403519,2192.385646184557,64996.62775188964
2012-01-12,1129635.2737691943,20599.529665282695,42066.43111403519,2192.385646184557,64776.9273436917
2012-01-13,1129794.7372075217,20599.529665282695,42066.43111403519,2192.385646184557,64936.390782019356
2012-01-17,1129781.7390218773,20599.529665282695,42066.43111403519,2192.385646184557,64923.39259637473
2012-01-18,1129873.0266838674,20599.529665282695,42066.43111403519,2192.385646184557,65014.680258365115
2012-01-19,1129943.4824609053,20599.529665282695,42066.43111403519,2192.385646184557,65085.136035403004
2012-01-20,1130597.4465799662,20599.529665282695,42066.43111403519,2192.385646184557,65739.10015446367
2012-01-23,1130620.7862883774,20599.529665282695,42066.43111403519,2192.385646184557,65762.43986287504
2012-01-24,1130644.508985939,20599.529665282695,42066.43111403519,2192.385646184557,65786.16256043664
2012-01-25,1130664.4761817944,20599.529665282695,42066.43111403519,2192.385646184557,65806.1297562921
2012-01-26,1130683.5506512942,20599.529665282695,42066.43111403519,2192.385646184557,65825.20422579185
2012-01-27,1130686.0323445587,20599.529665282695,42066.43111403519,2192.385646184557,65827.68591905641
2012-01-30,1130765.047478443,20599.529665282695,42066.43111403519,2192.385646184557,65906.70105294045
2012-01-31,1130805.2956619682,20599.529665282695,42066.43111403519,2192.385646184557,65946.94923646585
2012-02-01,1130807.9036368858,20599.529665282695,42066.43111403519,2192.385646184557,65949.55721138348
2012-02-02,1130828.3515972132,20599.529665282695,42066.43111403519,2192.385646184557,65970.00517171086
2012-02-03,1130802.639008203,20599.529665282695,42066.43111403519,2192.385646184557,65944.2925827005
2012-02-06,1130879.7648720206,20599.529665282695,42066.43111403519,2192.385646184557,66021.41844651802
2012-02-07,1130908.4614200722,20599.529665282695,42066.43111403519,2192.385646184557,66050.11499456968
2012-02-08,1130907.7206725613,20599.529665282695,42066.43111403519,2192.385646184557,66049.374247059
2012-02-09,1130993.0702382806,20599.529665282695,42066.43111403519,2192.385646184557,66134.72381277825
2012-02-10,1131020.1135337702,20599.529665282695,42066.43111403519,2192.385646184557,66161.76710826787
2012-02-13,1131129.2504167669,20599.529665282695,42066.43111403519,2192.385646184557,66270.90399126429
2012-02-14,1131141.0802623997,20599.529665282695,42066.43111403519,2192.385646184557,66282.73383689742
2012-02-15,1131227.049811299,20599.529665282695,42066.43111403519,2192.385646184557,66368.7033857964
2012-02-16,1131254.5732534523,20599.529665282695,42066.43111403519,2192.385646184557,66396.22682794998
2012-02-17,1131327.719721993,20599.529665282695,42066.43111403519,2192.385646184557,66469.3732964904
2012-02-21,1131327.719721993,20599.529665282695,42066.43111403519,2192.385646184557,66469.3732964904
2012-02-22,1131327.719721993,20599.529665282695,42066.43111403519,2192.385646184557,66469.3732964904
2012-02-23,1131327.719721993,20599.529665282695,42066.43111403519,2192.385646184557,66469.3732964904
2012-02-24,1131327.719721993,20599.529665282695,42066.43111403519,2192.385646184557,66469.3732964904
2012-02-27,1131327.719721993,20599.529665282695,42066.43111403519,2192.385646184557,66469.3732964904
2012-02-28,1131327.719721993,20599.529665282695,42066.43111403519,2192.385646184557,66469.3732964904
2012-02-29,1131327.719721993,20599.529665282695,42066.43111403519,2192.385646184557,66469.3732964904
2012-03-01,1131327.719721993,20599.529665282695,42066.43111403519,2192.385646184557,66469.3732964904
2012-03-02,1131327.719721993,20599.529665282695,42066.43111403519,2192.385646184557,66469.3732964904
2012-03-05,1131327.719721993,20599.529665282695,42066.43111403519,2192.385646184557,66469.3732964904
2012-03-06,1131327.719721993,20599.529665282695,42066.43111403519,2192.385646184557,66469.3732964904
2012-03-07,1131327.719721993,20599.529665282695,42066.43111403519,2192.385646184557,66469.3732964904
2012-03-08,1131327.719721993,20599.529665282695,42066.43111403519,2192.385646184557,66469.3732964904
2012-03-09,1131327.719721993,20599.529665282695,42066.43111403519,2192.385646184557,66469.3732964904
2012-03-12,1131327.719721993,20599.529665282695,42066.43111403519,2192.385646184557,66469.3732964904
2012-03-13,1131327.719721993,20599.529665282695,42066.43111403519,2192.385646184557,66469.3732964904
2012-03-14,1131327.719721993,20599.529665282695,42066.43111403519,2192.385646184557,66469.3732964904
2012-03-15,1131327.719721993,20599.529665282695,42066.43111403519,2192.385646184557,66469.3732964904
2012-03-16,1131327.719721993,20599.529665282695,42066.43111403519,2192.385646184557,66469.3732964904
2012-03-19,1131383.5906480937,20599.529665282695,42066.43111403519,2192.385646184557,66525.2442225914
2012-03-20,1131408.0047461484,20599.529665282695,42066.43111403519,2192.385646184557,66549.65832064603
2012-03-21,1131471.565899983,20599.529665282695,42066.43111403519,2192.385646184557,66613.21947448072
2012-03-22,1131476.711134809,20599.529665282695,42066.43111403519,2192.385646184557,66618.36470930651
2012-03-23,1131489.63710402,20599.529665282695,42066.43111403519,2192.385646184557,66631.29067851766
2012-03-26,1131641.5239059879,20599.529665282695,42066.43111403519,2192.385646184557,66783.17748048552
2012-03-27,1131682.2149161715,20599.529665282695,42066.43111403519,2192.385646184557,66823.86849066895
2012-03-28,1131761.6870731195,20599.529665282695,42066.43111403519,2192.385646184557,66903.34064761689
2012-03-29,1131824.3534749895,20599.529665282695,42066.43111403519,2192.385646184557,66966.0070494872
2012-03-30,1131822.3379512266,20599.529665282695,42066.43111403519,2192.385646184557,66963.99152572406
2012-04-02,1132021.2547696494,20599.529665282695,42066.43111403519,2192.385646184557,67162.90834414703
2012-04-03,1132092.1645742864,20599.529665282695,42066.43111403519,2192.385646184557,67233.8181487841
2012-04-04,1132051.2270628423,20599.529665282695,42066.43111403519,2192.385646184557,67192.88063733978
2012-04-05,1132134.875891677,20599.529665282695,42066.43111403519,2192.385646184557,67276.52946617454
2012-04-09,1132357.6569194128,20599.529665282695,42066.43111403519,2192.385646184557,67499.31049391022
2012-04-10,1132222.248820792,20599.529665282695,42066.43111403519,2192.385646184557,67363.90239528939
2012-04-11,1132478.53694596,20599.529665282695,42066.43111403519,2192.385646184557,67620.19052045746
2012-04-12,1132674.3885514848,20599.529665282695,42066.43111403519,2192.385646184557,67816.04212598247
2012-04-13,1132785.0948894294,20599.529665282695,42066.43111403519,2192.385646184557,67926.74846392684
2012-04-16,1133058.2349049821,20599.529665282695,42066.43111403519,2192.385646184557,68199.88847947982
2012-04-17,1133207.6920536854,20599.529665282695,42066.43111403519,2192.385646184557,68349.34562818287
2012-04-18,1133363.7181458236,20599.529665282695,42066.43111403519,2192.385646184557,68505.37172032101
2012-04-19,1133433.6073104632,20599.529665282695,42066.43111403519,2192.385646184557,68575.26088496088
2012-04-20,1133540.8073130609,20599.529665282695,42066.43111403519,2192.385646184557,68682.46088755853
2012-04-23,1133499.9844903164,20599.529665282695,42066.43111403519,2192.385646184557,68641.6380648138
2012-04-24,1133301.3657566374,20599.529665282695,42066.43111403519,2192.385646184557,68443.01933113509
2012-04-25,1133343.4542655507,20599.529665282695,42066.43111403519,2192.385646184557,68485.10784004815
2012-04-26,1133579.107392612,20599.529665282695,42066.43111403519,2192.385646184557,68720.76096710935
2012-04-27,1133582.8941808245,20599.529665282695,42066.43111403519,2192.385646184557,68724.54775532219
2012-04-30,1133781.4314799402,20599.529665282695,42066.43111403519,2192.385646184557,68923.08505443763
2012-05-01,1134046.9876474044,20599.529665282695,42066.43111403519,2192.385646184557,69188.64122190187
2012-05-02,1134169.7370124548,20599.529665282695,42066.43111403519,2192.385646184557,69311.39058695245
2012-05-03,1134194.0124617876,20599.529665282695,42066.43111403519,2192.385646184557,69335.66603628523
2012-05-04,1133816.0471227672,20599.529665282695,42066.43111403519,2192.385646184557,68957.70069726463
2012-05-07,1134269.2468828303,20599.529665282695,42066.43111403519,2192.385646184557,69410.90045732772
2012-05-08,1134133.4353529965,20599.529665282695,42066.43111403519,2192.385646184557,69275.0889274939
2012-05-09,1134257.9733348875,20599.529665282695,42066.43111403519,2192.385646184557,69399.62690938497
2012-05-10,1133453.4280003775,20599.529665282695,42066.43111403519,2192.385646184557,68595.08157487516
2012-05-11,1133334.4336646837,20599.529665282695,42066.43111403519,2192.385646184557,68476.08723918116
2012-05-14,1133687.6681425436,20599.529665282695,42066.43111403519,2192.385646184557,68829.32171704108
2012-05-15,1133690.8147392925,20599.529665282695,42066.43111403519,2192.385646184557,68832.46831378993
2012-05-16,1133911.435106425,20599.529665282695,42066.43111403519,2192.385646184557,69053.08868092275
2012-05-17,1134035.9543557,20599.529665282695,42066.43111403519,2192.385646184557,69177.60793019738
2012-05-18,1133994.8834667942,20599.529665282695,42066.43111403519,2192.385646184557,69136.5370412916
2012-05-21,1133991.6643064083,20599.529665282695,42066.43111403519,2192.385646184557,69133.3178809057
2012-05-22,1134008.2167157568,20599.529665282695,42066.43111403519,2192.385646184557,69149.87029025424
2012-05-23,1134001.1468273448,20599.529665282695,42066.43111403519,2192.385646184557,69142.80040184245
2012-05-24,1133984.211685874,20599.529665282695,42066.43111403519,2192.385646184557,69125.8652603717
2012-05-25,1134022.7959292228,20599.529665282695,42066.43111403519,2192.385646184557,69164.44950372027
2012-05-29,1134095.39528136,20599.529665282695,42066.43111403519,2192.385646184557,69237.04885585746
2012-05-30,1134127.0769266058,20599.529665282695,42066.43111403519,2192.385646184557,69268.73050110345
2012-05-31,1134072.8927216846,20599.529665282695,42066.43111403519,2192.385646184557,69214.54629618232
2012-06-01,1134062.7522695996,20599.529665282695,42066.43111403519,2192.385646184557,69204.40584409703
2012-06-04,1134160.2352656508,20599.529665282695,42066.43111403519,2192.385646184557,69301.88884014846
2012-06-05,1134164.3136696029,20599.529665282695,42066.43111403519,2192.385646184557,69305.96724410052
2012-06-06,1134109.7932283129,20599.529665282695,42066.43111403519,2192.385646184557,69251.44680281053
2012-06-07,1134161.1289050356,20599.529665282695,42066.43111403519,2192.385646184557,69302.782479533
2012-06-08,1134051.092737887,20599.529665282695,42066.43111403519,2192.385646184557,69192.7463123845
2012-06-11,1134232.41331441,20599.529665282695,42066.43111403519,2192.385646184557,69374.06688890746
2012-06-12,1134284.8360608742,20599.529665282695,42066.43111403519,2192.385646184557,69426.48963537184
2012-06-13,1134244.2336036009,20599.529665282695,42066.43111403519,2192.385646184557,69385.88717809832
2012-06-14,1134049.5833695466,20599.529665282695,42066.43111403519,2192.385646184557,69191.23694404424
2012-06-15,1133984.7418758562,20599.529665282695,42066.43111403519,2192.385646184557,69126.39545035362
2012-06-18,1134028.0179584888,20599.529665282695,42066.43111403519,2192.385646184557,69169.67153298622
2012-06-19,1134042.4352943413,20599.529665282695,42066.43111403519,2192.385646184557,69184.08886883897
2012-06-20,1134093.1422158512,20599.529665282695,42066.43111403519,2192.385646184557,69234.79579034867
2012-06-21,1134177.5191411786,20599.529665282695,42066.43111403519,2192.385646184557,69319.17271567602
2012-06-22,1134247.95709519,20599.529665282695,42066.43111403519,2192.385646184557,69389.61066968762
2012-06-25,1134299.9161241697,20599.529665282695,42066.43111403519,2192.385646184557,69441.56969866739
2012-06-26,1134378.587546161,20599.529665282695,42066.43111403519,2192.385646184557,69520.24112065835
2012-06-27,1134497.2267019306,20599.529665282695,42066.43111403519,2192.385646184557,69638.88027642807
2012-06-28,1134595.2756296657,20599.529665282695,42066.43111403519,2192.385646184557,69736.92920416314
2012-06-29,1134400.105392227,20599.529665282695,42066.43111403519,2192.385646184557,69541.75896672439
2012-07-02,1134362.8043192197,20599.529665282695,42066.43111403519,2192.385646184557,69504.45789371734
2012-07-03,1134277.3824277055,20599.529665282695,42066.43111403519,2192.385646184557,69419.03600220312
2012-07-05,1134555.7002714942,20599.529665282695,42066.43111403519,2192.385646184557,69697.3538459919
2012-07-06,1134605.4597935341,20599.529665282695,42066.43111403519,2192.385646184557,69747.11336803157
2012-07-09,1134711.5068570953,20599.529665282695,42066.43111403519,2192.385646184557,69853.16043159273
2012-07-10,1134528.0523721203,20599.529665282695,42066.43111403519,2192.385646184557,69669.70594661799
2012-07-11,1134429.8725243444,20599.529665282695,42066.43111403519,2192.385646184557,69571.52609884203
2012-07-12,1134450.8431660165,20599.529665282695,42066.43111403519,2192.385646184557,69592.49674051418
2012-07-13,1134314.270079142,20599.529665282695,42066.43111403519,2192.385646184557,69455.92365363939
2012-07-16,1134281.092810473,20599.529665282695,42066.43111403519,2192.385646184557,69422.74638497061
2012-07-17,1134420.1294439873,20599.529665282695,42066.43111403519,2192.385646184557,69561.78301848494
2012-07-18,1134482.6577675063,20599.529665282695,42066.43111403519,2192.385646184557,69624.31134200399
2012-07-19,1134577.7386588077,20599.529665282695,42066.43111403519,2192.385646184557,69719.39223330538
2012-07-20,1134670.3727880088,20599.529665282695,42066.43111403519,2192.385646184557,69812.02636250644
2012-07-23,1134718.925115462,20599.529665282695,42066.43111403519,2192.385646184557,69860.5786899596
2012-07-24,1134344.500422595,20599.529665282695,42066.43111403519,2192.385646184557,69486.15399709251
2012-07-25,1134501.1023971909,20599.529665282695,42066.43111403519,2192.385646184557,69642.75597168831
2012-07-26,1134503.3360599065,20599.529665282695,42066.43111403519,2192.385646184557,69644.98963440419
2012-07-27,1134536.647351157,20599.529665282695,42066.43111403519,2192.385646184557,69678.30092565459
2012-07-30,1134660.2749074535,20599.529665282695,42066.43111403519,2192.385646184557,69801.92848195089
2012-07-31,1134665.8518071934,20599.529665282695,42066.43111403519,2192.385646184557,69807.50538169104
2012-08-01,1134794.229641263,20599.529665282695,42066.43111403519,2192.385646184557,69935.88321576035
2012-08-02,1134754.3618623735,20599.529665282695,42066.43111403519,2192.385646184557,69896.01543687121
2012-08-03,1134809.3508764775,20599.529665282695,42066.43111403519,2192.385646184557,69951.00445097499
2012-08-06,1134984.74346238,20599.529665282695,42066.43111403519,2192.385646184557,70126.3970368777
2012-08-07,1135146.8720097416,20599.529665282695,42066.43111403519,2192.385646184557,70288.52558423928
2012-08-08,1135075.6805772665,20599.529665282695,42066.43111403519,2192.385646184557,70217.33415176393
2012-08-09,1134912.3150131735,20599.529665282695,42066.43111403519,2192.385646184557,70053.96858767094
2012-08-10,1134925.5411953619,20599.529665282695,42066.43111403519,2192.385646184557,70067.19476985931
2012-08-13,1135168.4396557473,20599.529665282695,42066.43111403519,2192.385646184557,70310.0932302447
2012-08-14,1135052.3919296702,20599.529665282695,42066.43111403519,2192.385646184557,70194.04550416768
2012-08-15,1135053.7978703193,20599.529665282695,42066.43111403519,2192.385646184557,70195.45144481701
2012-08-16,1134595.0606231522,20599.529665282695,42066.43111403519,2192.385646184557,69736.71419764985
2012-08-17,1134725.0669441535,20599.529665282695,42066.43111403519,2192.385646184557,69866.72051865119
2012-08-20,1134646.709892183,20599.529665282695,42066.43111403519,2192.385646184557,69788.36346668052
2012-08-21,1134712.438589944,20599.529665282695,42066.43111403519,2192.385646184557,69854.09216444171
2012-08-22,1134824.0680640563,20599.529665282695,42066.43111403519,2192.385646184557,69965.72163855401
2012-08-23,1134839.9728131471,20599.529665282695,42066.43111403519,2192.385646184557,69981.62638764479
2012-08-24,1134908.8682826231,20599.529665282695,42066.43111403519,2192.385646184557,70050.52185712056
2012-08-27,1135019.7747120257,20599.529665282695,42066.43111403519,2192.385646184557,70161.42828652309
2012-08-28,1135054.8040396902,20599.529665282695,42066.43111403519,2192.385646184557,70196.45761418762
2012-08-29,1135055.4423209615,20599.529665282695,42066.43111403519,2192.385646184557,70197.09589545918
2012-08-30,1135075.5226932336,20599.529665282695,42066.43111403519,2192.385646184557,70217.176267731
2012-08-31,1135046.6668816842,20599.529665282695,42066.43111403519,2192.385646184557,70188.32045618189
2012-09-04,1135164.788795631,20599.529665282695,42066.43111403519,2192.385646184557,70306.44237012835
2012-09-05,1135192.894294423,20599.529665282695,42066.43111403519,2192.385646184557,70334.54786892049
2012-09-06,1135196.2913279557,20599.529665282695,42066.43111403519,2192.385646184557,70337.94490245334
2012-09-07,1135312.7258678623,20599.529665282695,42066.43111403519,2192.385646184557,70454.37944236002
2012-09-10,1135445.0574998632,20599.529665282695,42066.43111403519,2192.385646184557,70586.71107436065
2012-09-11,1135480.8690859796,20599.529665282695,42066.43111403519,2192.385646184557,70622.52266047732
2012-09-12,1135521.5869398285,20599.529665282695,42066.43111403519,2192.385646184557,70663.24051432614
2012-09-13,1135478.9183313032,20599.529665282695,42066.43111403519,2192.385646184557,70620.57190580084
2012-09-14,1135387.6305926642,20599.529665282695,42066.43111403519,2192.385646184557,70529.28416716168
2012-09-17,1135402.1709514498,20599.529665282695,42066.43111403519,2192.385646184557,70543.82452594722
2012-09-18,1135590.477341541,20599.529665282695,42066.43111403519,2192.385646184557,70732.13091603853
2012-09-19,1135552.9350212985,20599.529665282695,42066.43111403519,2192.385646184557,70694.58859579614
2012-09-20,1135535.8476149603,20599.529665282695,42066.43111403519,2192.385646184557,70677.50118945772
2012-09-21,1135476.8944672951,20599.529665282695,42066.43111403519,2192.385646184557,70618.54804179282
2012-09-24,1134406.1703101066,20599.529665282695,42066.43111403519,1092.7436351751676,70647.46589561342
2012-09-25,1133249.2712922296,20599.529665282695,42066.43111403519,-89.62454090185929,70672.93505381374
2012-09-26,1132609.4815562177,20599.529665282695,42066.43111403519,-748.9364289123332,70692.45720581198
2012-09-27,1133722.9205571855,20599.529665282695,42066.43111403519,339.38564100128133,70717.57413686649
2012-09-28,1132771.7589148353,20599.529665282695,42066.43111403519,-354.4479231694713,70460.24605868687
2012-10-01,1132259.5771790727,20599.529665282695,42066.43111403519,-941.9919893399347,70535.6083890947
2012-10-02,1132411.6482645809,20599.529665282695,42066.43111403519,-784.8831561236875,70530.57064138656
2012-10-03,1132673.646127846,20599.529665282695,42066.43111403519,-528.9854592819465,70536.67080781003
2012-10-04,1132609.0539695683,20599.529665282695,42066.43111403519,-441.12286444962956,70384.21605470008
2012-10-05,1133452.32995859,20599.529665282695,42066.43111403519,369.7303774582688,70416.63880181382
2012-10-08,1132551.8859303226,20599.529665282695,42066.43111403519,-543.6034062380204,70429.5285572426
2012-10-09,1131548.1934388583,20599.529665282695,42066.43111403519,-1517.9920634682057,70400.2247230087
2012-10-10,1131213.0209141904,20599.529665282695,42066.43111403519,-1819.510757655371,70366.57089252793
2012-10-11,1131935.7999172783,20599.529665282695,42066.43111403519,-1184.4210357045522,70454.2601736649
2012-10-12,1131370.6122342527,20599.529665282695,42066.43111403519,-1698.3817751533352,70403.03323008819
2012-10-15,1131899.5896163932,20599.529665282695,42066.43111403519,-1219.003653315478,70452.63249039068
2012-10-16,1132309.3230287388,20599.529665282695,42066.43111403519,-799.4204342940357,70442.78268371499
2012-10-17,1134505.7489047984,20599.529665282695,42066.43111403519,1107.7994887337554,70731.98863674677
2012-10-18,1135631.379538666,20599.529665282695,42066.43111403519,2167.9187204542104,70797.5000388939
2012-10-19,1134938.0630806817,20599.529665282695,42066.43111403519,1402.0576016560663,70870.04469970777
2012-10-22,1135118.9227753275,20599.529665282695,42066.43111403519,1402.0576016560663,71050.9043943535
2012-10-23,1135045.5567513332,20599.529665282695,42066.43111403519,1402.0576016560663,70977.53837035922
2012-10-24,1135019.5181763074,20599.529665282695,42066.43111403519,1402.0576016560663,70951.49979533348
2012-10-25,1135302.5234736616,20599.529665282695,42066.43111403519,1402.0576016560663,71234.50509268767
2012-10-26,1135346.261850313,20599.529665282695,42066.43111403519,1402.0576016560663,71278.2434693391
2012-10-31,1135666.6217058797,20599.529665282695,42066.43111403519,1402.0576016560663,71598.60332490574
2012-11-01,1135068.2945456621,20599.529665282695,42066.43111403519,1402.0576016560663,71000.27616468817
2012-11-02,1134982.545560984,20599.529665282695,42066.43111403519,1402.0576016560663,70914.52718000999
2012-11-05,1135079.2699304083,20599.529665282695,42066.43111403519,1402.0576016560663,71011.25154943438
2012-11-06,1134977.2241513408,20599.529665282695,42066.43111403519,1402.0576016560663,70909.20577036683
2012-11-07,1134801.7319027202,20599.529665282695,42066.43111403519,1402.0576016560663,70733.71352174622
2012-11-08,1134579.1398337216,20599.529665282695,42066.43111403519,1402.0576016560663,70511.12145274761
2012-11-09,1134373.3121519517,20599.529665282695,42066.43111403519,1402.0576016560663,70305.29377097776
2012-11-12,1134482.7825908228,20599.529665282695,42066.43111403519,1402.0576016560663,70414.76420984883
2012-11-13,1134154.8494529226,20599.529665282695,42066.43111403519,1402.0576016560663,70086.83107194863
2012-11-14,1134563.5524791426,20599.529665282695,42066.43111403519,1402.0576016560663,70495.5340981686
2012-11-15,1134758.6090043867,20599.529665282695,42066.43111403519,1402.0576016560663,70690.59062341275
2012-11-16,1135273.6620299914,20599.529665282695,42066.43111403519,1402.0576016560663,71205.64364901744
2012-11-19,1135270.634148004,20599.529665282695,42066.43111403519,1402.0576016560663,71202.61576703005
2012-11-20,1135256.4462657915,20599.529665282695,42066.43111403519,1402.0576016560663,71188.42788481759
2012-11-21,1135268.0518871478,20599.529665282695,42066.43111403519,1402.0576016560663,71200.03350617387
2012-11-23,1135210.9206030383,20599.529665282695,42066.43111403519,1402.0576016560663,71142.90222206432
2012-11-26,1135501.9369576462,20599.529665282695,42066.43111403519,1402.0576016560663,71433.91857667221
2012-11-27,1135597.1143218465,20599.529665282695,42066.43111403519,1402.0576016560663,71529.09594087256
2012-11-28,1135695.8873725622,20599.529665282695,42066.43111403519,1402.0576016560663,71627.86899158824
2012-11-29,1135786.279789222,20599.529665282695,42066.43111403519,1402.0576016560663,71718.26140824798
2012-11-30,1135762.7776446664,20599.529665282695,42066.43111403519,1402.0576016560663,71694.75926369242
2012-12-03,1135938.874414233,20599.529665282695,42066.43111403519,1402.0576016560663,71870.85603325907
2012-12-04,1135873.0589439697,20599.529665282695,42066.43111403519,1402.0576016560663,71805.04056299571
2012-12-05,1135616.303779828,20599.529665282695,42066.43111403519,1402.0576016560663,71548.28539885394
2012-12-06,1135613.6466139494,20599.529665282695,42066.43111403519,1402.0576016560663,71545.62823297549
2012-12-07,1135276.2416544252,20599.529665282695,42066.43111403519,1402.0576016560663,71208.2232734512
2012-12-10,1135310.0637889768,20599.529665282695,42066.43111403519,1402.0576016560663,71242.0454080028
2012-12-11,1135673.3515452517,20599.529665282695,42066.43111403519,1402.0576016560663,71605.33316427772
2012-12-12,1135663.1921395247,20599.529665282695,42066.43111403519,1402.0576016560663,71595.17375855078
2012-12-13,1135853.9588474012,20599.529665282695,42066.43111403519,1402.0576016560663,71785.94046642724
2012-12-14,1135710.6583204872,20599.529665282695,42066.43111403519,1402.0576016560663,71642.63993951329
2012-12-17,1135833.5877040632,20599.529665282695,42066.43111403519,1402.0576016560663,71765.5693230892
2012-12-18,1136106.7190707133,20599.529665282695,42066.43111403519,1402.0576016560663,72038.70068973931
2012-12-19,1136058.5886913163,20599.529665282695,42066.43111403519,1402.0576016560663,71990.57031034236
2012-12-20,1135902.749823513,20599.529665282695,42066.43111403519,1402.0576016560663,71834.73144253902
2012-12-21,1136150.0405852965,20599.529665282695,42066.43111403519,1402.0576016560663,72082.02220432251
2012-12-24,1136301.9731266238,20599.529665282695,42066.43111403519,1402.0576016560663,72233.95474564983
2012-12-26,1136450.6721614648,20599.529665282695,42066.43111403519,1402.0576016560663,72382.65378049086
2012-12-27,1136522.734971338,20599.529665282695,42066.43111403519,1402.0576016560663,72454.716590364
2012-12-28,1136608.7078067162,20599.529665282695,42066.43111403519,1402.0576016560663,72540.68942574225
2012-12-31,1136819.8999338117,20599.529665282695,42066.43111403519,1402.0576016560663,72751.88155283779
2013-01-02,1136993.1447716006,20599.529665282695,42066.43111403519,1402.0576016560663,72925.12639062665
2013-01-03,1137003.6966489733,20599.529665282695,42066.43111403519,1402.0576016560663,72935.67826799932
2013-01-04,1137116.244960009,20599.529665282695,42066.43111403519,1402.0576016560663,73048.22657903493
2013-01-07,1137393.0902572337,20599.529665282695,42066.43111403519,1402.0576016560663,73325.07187625975
2013-01-08,1137497.1502949153,20599.529665282695,42066.43111403519,1402.0576016560663,73429.13191394135
2013-01-09,1137601.1210264012,20599.529665282695,42066.43111403519,1402.0576016560663,73533.10264542722
2013-01-10,1137718.242987396,20599.529665282695,42066.43111403519,1402.0576016560663,73650.22460642201
2013-01-11,1137874.3926595873,20599.529665282695,42066.43111403519,1402.0576016560663,73806.37427861337
2013-01-14,1138324.4711907723,20599.529665282695,42066.43111403519,1402.0576016560663,74256.4528097983
2013-01-15,1138540.5497500617,20599.529665282695,42066.43111403519,1402.0576016560663,74472.53136908775
2013-01-16,1138785.6382400126,20599.529665282695,42066.43111403519,1402.0576016560663,74717.61985903862
2013-01-17,1139077.3742910507,20599.529665282695,42066.43111403519,1402.0576016560663,75009.35591007676
2013-01-18,1139502.6262962862,20599.529665282695,42066.43111403519,1402.0576016560663,75434.60791531228
2013-01-22,1139588.3841205032,20599.529665282695,42066.43111403519,1402.0576016560663,75520.36573952925
2013-01-23,1139437.29854715,20599.529665282695,42066.43111403519,1402.0576016560663,75369.28016617615
2013-01-24,1139463.958217164,20599.529665282695,42066.43111403519,1402.0576016560663,75395.93983619008
2013-01-25,1139435.233139759,20599.529665282695,42066.43111403519,1402.0576016560663,75367.21475878498
2013-01-28,1139617.7023604386,20599.529665282695,42066.43111403519,1402.0576016560663,75549.6839794647
2013-01-29,1139664.530787358,20599.529665282695,42066.43111403519,1402.0576016560663,75596.5124063841
2013-01-30,1139671.4393954985,20599.529665282695,42066.43111403519,1402.0576016560663,75603.42101452453
2013-01-31,1139720.6657854926,20599.529665282695,42066.43111403519,1402.0576016560663,75652.64740451868
2013-02-01,1139753.8038013075,20599.529665282695,42066.43111403519,1402.0576016560663,75685.7854203335
2013-02-04,1139920.8626862585,20599.529665282695,42066.43111403519,1402.0576016560663,75852.84430528455
2013-02-05,1140201.9636493537,20599.529665282695,42066.43111403519,1402.0576016560663,76133.94526837976
2013-02-06,1140118.9352603739,20599.529665282695,42066.43111403519,1402.0576016560663,76050.91687939991
2013-02-07,1140280.0519266361,20599.529665282695,42066.43111403519,1402.0576016560663,76212.03354566218
2013-02-08,1140357.8636919837,20599.529665282695,42066.43111403519,1402.0576016560663,76289.84531100979
2013-02-11,1140527.1371509193,20599.529665282695,42066.43111403519,1402.0576016560663,76459.11876994534
2013-02-12,1140481.0266707975,20599.529665282695,42066.43111403519,1402.0576016560663,76413.00828982354
2013-02-13,1140424.3602583257,20599.529665282695,42066.43111403519,1402.0576016560663,76356.34187735175
2013-02-14,1140669.0969628848,20599.529665282695,42066.43111403519,1402.0576016560663,76601.07858191081
2013-02-15,1140807.2021045454,20599.529665282695,42066.43111403519,1402.0576016560663,76739.18372357148
2013-02-19,1140838.140366524,20599.529665282695,42066.43111403519,1402.0576016560663,76770.12198555004
2013-02-20,1140736.084812722,20599.529665282695,42066.43111403519,1402.0576016560663,76668.06643174798
2013-02-21,1140444.6029255732,20599.529665282695,42066.43111403519,1402.0576016560663,76376.58454459929
2013-02-22,1140462.592240645,20599.529665282695,42066.43111403519,1402.0576016560663,76394.57385967113
2013-02-25,1140234.847959898,20599.529665282695,42066.43111403519,1402.0576016560663,76166.829578924
2013-02-26,1140384.825510601,20599.529665282695,42066.43111403519,1402.0576016560663,76316.8071296271
2013-02-27,1140480.8937833614,20599.529665282695,42066.43111403519,1402.0576016560663,76412.87540238746
2013-02-28,1140711.67711885,20599.529665282695,42066.43111403519,1402.0576016560663,76643.65873787599
2013-03-01,1140492.2866957656,20599.529665282695,42066.43111403519,1402.0576016560663,76424.26831479161
2013-03-04,1139788.247997012,20599.529665282695,42066.43111403519,1402.0576016560663,75720.22961603804
2013-03-05,1140191.5549269693,20599.529665282695,42066.43111403519,1402.0576016560663,76123.53654599539
2013-03-06,1140376.7826049996,20599.529665282695,42066.43111403519,1402.0576016560663,76308.76422402565
2013-03-07,1140811.9919290738,20599.529665282695,42066.43111403519,1402.0576016560663,76743.97354809986
2013-03-08,1140872.803468473,20599.529665282695,42066.43111403519,1402.0576016560663,76804.78508749907
2013-03-11,1140959.9150303807,20599.529665282695,42066.43111403519,1402.0576016560663,76891.89664940676
2013-03-12,1140682.1954877581,20599.529665282695,42066.43111403519,1402.0576016560663,76614.17710678419
2013-03-13,1140788.6642945108,20599.529665282695,42066.43111403519,1402.0576016560663,76720.6459135369
2013-03-14,1141470.8647671996,20599.529665282695,42066.43111403519,1402.0576016560663,77402.84638622566
2013-03-15,1141887.4877460494,20599.529665282695,42066.43111403519,1402.0576016560663,77819.46936507546
2013-03-18,1141924.7267241534,20599.529665282695,42066.43111403519,1402.0576016560663,77856.70834317943
2013-03-19,1141933.6792267594,20599.529665282695,42066.43111403519,1402.0576016560663,77865.6608457854
2013-03-20,1141582.0807852827,20599.529665282695,42066.43111403519,1402.0576016560663,77514.0624043087
2013-03-21,1140827.282905189,20599.529665282695,42066.43111403519,1402.0576016560663,76759.26452421513
2013-03-22,1140564.4040641603,20599.529665282695,42066.43111403519,1402.0576016560663,76496.38568318635
2013-03-25,1140359.572094895,20599.529665282695,42066.43111403519,1402.0576016560663,76291.55371392099
2013-03-26,1140360.9259608085,20599.529665282695,42066.43111403519,1402.0576016560663,76292.90757983457
2013-03-27,1140672.289744469,20599.529665282695,42066.43111403519,1402.0576016560663,76604.27136349515
2013-03-28,1140625.8292816717,20599.529665282695,42066.43111403519,1402.0576016560663,76557.81090069772
2013-04-01,1140885.1712276356,20599.529665282695,42066.43111403519,1402.0576016560663,76817.15284666163
2013-04-02,1140702.5144708015,20599.529665282695,42066.43111403519,1402.0576016560663,76634.4960898275
2013-04-03,1140648.7363917173,20599.529665282695,42066.43111403519,1402.0576016560663,76580.71801074338
2013-04-04,1140474.2699810816,20599.529665282695,42066.43111403519,1402.0576016560663,76406.25160010764
2013-04-05,1140446.3502811398,20599.529665282695,42066.43111403519,1402.0576016560663,76378.33190016588
2013-04-08,1140274.4782019046,20599.529665282695,42066.43111403519,1402.0576016560663,76206.45982093061
2013-04-09,1140619.9108194762,20599.529665282695,42066.43111403519,1402.0576016560663,76551.89243850228
2013-04-10,1140937.3761096566,20599.529665282695,42066.43111403519,1402.0576016560663,76869.35772868269
2013-04-11,1140628.7978212468,20599.529665282695,42066.43111403519,1402.0576016560663,76560.77944027283
2013-04-12,1140662.0913660955,20599.529665282695,42066.43111403519,1402.0576016560663,76594.07298512151
2013-04-15,1140648.474276769,20599.529665282695,42066.43111403519,1402.0576016560663,76580.45589579502
2013-04-16,1140377.3920508963,20599.529665282695,42066.43111403519,1402.0576016560663,76309.37366992235
2013-04-17,1140189.1691164845,20599.529665282695,42066.43111403519,1402.0576016560663,76121.15073551051
2013-04-18,1140014.6873285738,20599.529665282695,42066.43111403519,1402.0576016560663,75946.66894759983
2013-04-19,1139601.464110042,20599.529665282695,42066.43111403519,1402.0576016560663,75533.44572906801
2013-04-22,1139650.602062574,20599.529665282695,42066.43111403519,1402.0576016560663,75582.58368159994
2013-04-23,1139526.8914323319,20599.529665282695,42066.43111403519,1402.0576016560663,75458.87305135792
2013-04-24,1139163.0531524774,20599.529665282695,42066.43111403519,1402.0576016560663,75095.03477150341
2013-04-25,1138617.5237871916,20599.529665282695,42066.43111403519,1402.0576016560663,74549.50540621765
2013-04-26,1138950.3069279448,20599.529665282695,42066.43111403519,1402.0576016560663,74882.28854697081
2013-04-29,1138766.8100779997,20599.529665282695,42066.43111403519,1402.0576016560663,74698.79169702576
2013-04-30,1138489.4086785696,20599.529665282695,42066.43111403519,1402.0576016560663,74421.39029759564
2013-05-01,1138959.5259672056,20599.529665282695,42066.43111403519,1402.0576016560663,74891.50758623169
2013-05-02,1138897.3004741645,20599.529665282695,42066.43111403519,1402.0576016560663,74829.28209319059
2013-05-03,1138451.7357772284,20599.529665282695,42066.43111403519,1402.0576016560663,74383.71739625442
2013-05-06,1138560.7919119662,20599.529665282695,42066.43111403519,1402.0576016560663,74492.77353099221
2013-05-07,1138735.3031579421,20599.529665282695,42066.43111403519,1402.0576016560663,74667.28477696818
2013-05-08,1138939.700295738,20599.529665282695,42066.43111403519,1402.0576016560663,74871.68191476399
2013-05-09,1138560.2462543289,20599.529665282695,42066.43111403519,1402.0576016560663,74492.22787335492
2013-05-10,1138894.4387614497,20599.529665282695,42066.43111403519,1402.0576016560663,74826.4203804757
2013-05-13,1139413.1899398644,20599.529665282695,42066.43111403519,1402.0576016560663,75345.17155889049
2013-05-14,1139292.863381675,20599.529665282695,42066.43111403519,1402.0576016560663,75224.84500070103
2013-05-15,1139708.302862487,20599.529665282695,42066.43111403519,1402.0576016560663,75640.28448151308
2013-05-16,1138717.0889426465,20599.529665282695,42066.43111403519,1402.0576016560663,74649.07056167256
2013-05-17,1138314.5322973463,20599.529665282695,42066.43111403519,1402.0576016560663,74246.51391637232
2013-05-20,1138390.4376502698,20599.529665282695,42066.43111403519,1402.0576016560663,74322.41926929587
2013-05-21,1138412.9929436324,20599.529665282695,42066.43111403519,1402.0576016560663,74344.97456265846
2013-05-22,1138189.8050588572,20599.529665282695,42066.43111403519,1402.0576016560663,74121.78667788324
2013-05-23,1138027.6199086683,20599.529665282695,42066.43111403519,1402.0576016560663,73959.60152769438
2013-05-24,1137730.6387356876,20599.529665282695,42066.43111403519,1402.0576016560663,73662.62035471364
2013-05-28,1137297.5089921164,20599.529665282695,42066.43111403519,1402.0576016560663,73229.49061114248
2013-05-29,1136858.500951848,20599.529665282695,42066.43111403519,1402.0576016560663,72790.48257087404
2013-05-30,1136824.9400879582,20599.529665282695,42066.43111403519,1402.0576016560663,72756.92170698429
2013-05-31,1136762.0317785048,20599.529665282695,42066.43111403519,1402.0576016560663,72694.01339753089
2013-06-03,1136549.9490223227,20599.529665282695,42066.43111403519,1402.0576016560663,72481.9306413487
2013-06-04,1136015.2313414013,20599.529665282695,42066.43111403519,1402.0576016560663,71947.2129604274
2013-06-05,1136196.9712750337,20599.529665282695,42066.43111403519,1402.0576016560663,72128.95289405971
2013-06-06,1136816.1870906774,20599.529665282695,42066.43111403519,1402.0576016560663,72748.16870970349
2013-06-07,1136722.0529477275,20599.529665282695,42066.43111403519,1402.0576016560663,72654.03456675354
2013-06-10,1136327.049819734,20599.529665282695,42066.43111403519,1402.0576016560663,72259.03143876
2013-06-11,1136249.1406888491,20599.529665282695,42066.43111403519,1402.0576016560663,72181.1223078752
2013-06-12,1136180.194046933,20599.529665282695,42066.43111403519,1402.0576016560663,72112.17566595902
2013-06-13,1136452.0949283524,20599.529665282695,42066.43111403519,1402.0576016560663,72384.07654737844
2013-06-14,1136958.329427542,20599.529665282695,42066.43111403519,1402.0576016560663,72890.31104656798
2013-06-17,1137272.4234897236,20599.529665282695,42066.43111403519,1402.0576016560663,73204.40510874963
2013-06-18,1136992.165535332,20599.529665282695,42066.43111403519,1402.0576016560663,72924.14715435798
2013-06-19,1136224.7885198058,20599.529665282695,42066.43111403519,1402.0576016560663,72156.77013883181
2013-06-20,1135208.9279368473,20599.529665282695,42066.43111403519,1402.0576016560663,71140.90955587337
2013-06-21,1135978.663242265,20599.529665282695,42066.43111403519,1402.0576016560663,71910.64486129093
2013-06-24,1136024.5490947978,20599.529665282695,42066.43111403519,1402.0576016560663,71956.53071382386
2013-06-25,1136047.605155299,20599.529665282695,42066.43111403519,1402.0576016560663,71979.586774325
2013-06-26,1136073.7188126238,20599.529665282695,42066.43111403519,1402.0576016560663,72005.7004316498
2013-06-27,1136076.214452531,20599.529665282695,42066.43111403519,1402.0576016560663,72008.196071557
2013-06-28,1135698.4193999697,20599.529665282695,42066.43111403519,1402.0576016560663,71630.40101899579
2013-07-01,1135748.925950938,20599.529665282695,42066.43111403519,1402.0576016560663,71680.90756996395
2013-07-02,1135745.474899362,20599.529665282695,42066.43111403519,1402.0576016560663,71677.45651838812
2013-07-03,1135814.378635552,20599.529665282695,42066.43111403519,1402.0576016560663,71746.36025457806
2013-07-05,1135844.2531721634,20599.529665282695,42066.43111403519,1402.0576016560663,71776.23479118943
2013-07-08,1135857.3281803706,20599.529665282695,42066.43111403519,1402.0576016560663,71789.30979939667
2013-07-09,1135840.5060774318,20599.529665282695,42066.43111403519,1402.0576016560663,71772.48769645789
2013-07-10,1135963.9204088992,20599.529665282695,42066.43111403519,1402.0576016560663,71895.90202792524
2013-07-11,1135978.5357072179,20599.529665282695,42066.43111403519,1402.0576016560663,71910.51732624392
2013-07-12,1136070.2358010367,20599.529665282695,42066.43111403519,1402.0576016560663,72002.21742006275
2013-07-15,1136294.476651575,20599.529665282695,42066.43111403519,1402.0576016560663,72226.458270601
2013-07-16,1136204.762490968,20599.529665282695,42066.43111403519,1402.0576016560663,72136.74410999403
2013-07-17,1136075.8897195624,20599.529665282695,42066.43111403519,1402.0576016560663,72007.87133858842
2013-07-18,1136207.2783666672,20599.529665282695,42066.43111403519,1402.0576016560663,72139.25998569326
2013-07-19,1136159.6876194754,20599.529665282695,42066.43111403519,1402.0576016560663,72091.66923850146
2013-07-22,1136250.8061001797,20599.529665282695,42066.43111403519,1402.0576016560663,72182.78771920572
2013-07-23,1136370.4985755049,20599.529665282695,42066.43111403519,1402.0576016560663,72302.48019453092
2013-07-24,1136389.342971137,20599.529665282695,42066.43111403519,1402.0576016560663,72321.32459016307
2013-07-25,1136416.45614369,20599.529665282695,42066.43111403519,1402.0576016560663,72348.43776271609
2013-07-26,1136438.034273655,20599.529665282695,42066.43111403519,1402.0576016560663,72370.01589268097
2013-07-29,1136750.6862638833,20599.529665282695,42066.43111403519,1402.0576016560663,72682.6678829093
2013-07-30,1136822.6954385003,20599.529665282695,42066.43111403519,1402.0576016560663,72754.6770575263
2013-07-31,1136589.6624760872,20599.529665282695,42066.43111403519,1402.0576016560663,72521.64409511327
2013-08-01,1136718.353722871,20599.529665282695,42066.43111403519,1402.0576016560663,72650.3353418971
2013-08-02,1136653.2845953645,20599.529665282695,42066.43111403519,1402.0576016560663,72585.26621439052
2013-08-05,1137087.421768532,20599.529665282695,42066.43111403519,1402.0576016560663,73019.40338755795
2013-08-06,1137166.6218594569,20599.529665282695,42066.43111403519,1402.0576016560663,73098.60347848292
2013-08-07,1137195.5553750035,20599.529665282695,42066.43111403519,1402.0576016560663,73127.53699402953
2013-08-08,1137046.1412270537,20599.529665282695,42066.43111403519,1402.0576016560663,72978.12284607976
2013-08-09,1137028.749280538,20599.529665282695,42066.43111403519,1402.0576016560663,72960.73089956399
2013-08-12,1137103.0142411836,20599.529665282695,42066.43111403519,1402.0576016560663,73034.99586020969
2013-08-13,1137002.920577728,20599.529665282695,42066.43111403519,1402.0576016560663,72934.902196754
2013-08-14,1136920.8575656298,20599.529665282695,42066.43111403519,1402.0576016560663,72852.83918465581
2013-08-15,1136089.7795917212,20599.529665282695,42066.43111403519,1402.0576016560663,72021.7612107473
2013-08-16,1135798.8069014745,20599.529665282695,42066.43111403519,1402.0576016560663,71730.78852050053
2013-08-19,1135916.99604908,20599.529665282695,42066.43111403519,1402.0576016560663,71848.97766810609
2013-08-20,1135965.3244499834,20599.529665282695,42066.43111403519,1402.0576016560663,71897.30606900947
2013-08-21,1135861.7231646175,20599.529665282695,42066.43111403519,1402.0576016560663,71793.7047836436
2013-08-22,1135720.6355905388,20599.529665282695,42066.43111403519,1402.0576016560663,71652.6172095649
2013-08-23,1135823.8409968682,20599.529665282695,42066.43111403519,1402.0576016560663,71755.82261589426
2013-08-26,1136057.3124813347,20599.529665282695,42066.43111403519,1402.0576016560663,71989.29410036071
2013-08-27,1136026.0673328126,20599.529665282695,42066.43111403519,1402.0576016560663,71958.04895183863
2013-08-28,1136186.240871631,20599.529665282695,42066.43111403519,1402.0576016560663,72118.22249065712
2013-08-29,1136298.9405849823,20599.529665282695,42066.43111403519,1402.0576016560663,72230.92220400833
2013-08-30,1136448.7783972863,20599.529665282695,42066.43111403519,1402.0576016560663,72380.76001631236
2013-09-03,1136889.3756688961,20599.529665282695,42066.43111403519,1402.0576016560663,72821.35728792218
2013-09-04,1136911.5172118547,20599.529665282695,42066.43111403519,1402.0576016560663,72843.49883088074
2013-09-05,1136994.8999157327,20599.529665282695,42066.43111403519,1402.0576016560663,72926.88153475872
2013-09-06,1137075.9532385855,20599.529665282695,42066.43111403519,1402.0576016560663,73007.93485761154
2013-09-09,1137313.9576816391,20599.529665282695,42066.43111403519,1402.0576016560663,73245.93930066517
2013-09-10,1137456.6100198866,20599.529665282695,42066.43111403519,1402.0576016560663,73388.59163891268
2013-09-11,1137557.756341624,20599.529665282695,42066.43111403519,1402.0576016560663,73489.73796065012
2013-09-12,1137646.1942163233,20599.529665282695,42066.43111403519,1402.0576016560663,73578.17583534936
2013-09-13,1137743.3553289252,20599.529665282695,42066.43111403519,1402.0576016560663,73675.33694795123
2013-09-16,1138193.4896736038,20599.529665282695,42066.43111403519,1402.0576016560663,74125.47129262984
2013-09-17,1138490.3708401283,20599.529665282695,42066.43111403519,1402.0576016560663,74422.35245915432
2013-09-18,1138630.297114237,20599.529665282695,42066.43111403519,1402.0576016560663,74562.27873326303
2013-09-19,1138498.5564350446,20599.529665282695,42066.43111403519,1402.0576016560663,74430.53805407067
2013-09-20,1139119.1069828696,20599.529665282695,42066.43111403519,1402.0576016560663,75051.08860189561
2013-09-23,1139141.0689261756,20599.529665282695,42066.43111403519,1402.0576016560663,75073.05054520164
2013-09-24,1139123.9462019585,20599.529665282695,42066.43111403519,1402.0576016560663,75055.9278209845
2013-09-25,1139156.5895433824,20599.529665282695,42066.43111403519,1402.0576016560663,75088.57116240845
2013-09-26,1139186.4854176124,20599.529665282695,42066.43111403519,1402.0576016560663,75118.46703663841
2013-09-27,1139114.1472519604,20599.529665282695,42066.43111403519,1402.0576016560663,75046.1288709864
2013-09-30,1139149.646797772,20599.529665282695,42066.43111403519,1402.0576016560663,75081.62841679808
2013-10-01,1139147.7309388486,20599.529665282695,42066.43111403519,1402.0576016560663,75079.71255787462
2013-10-02,1139137.126852415,20599.529665282695,42066.43111403519,1402.0576016560663,75069.10847144108
2013-10-03,1139196.8841351008,20599.529665282695,42066.43111403519,1402.0576016560663,75128.8657541268
2013-10-04,1139179.7963077866,20599.529665282695,42066.43111403519,1402.0576016560663,75111.77792681265
2013-10-07,1139225.3720692326,20599.529665282695,42066.43111403519,1402.0576016560663,75157.35368825868
2013-10-08,1139152.3848424035,20599.529665282695,42066.43111403519,1402.0576016560663,75084.36646142951
2013-10-09,1139187.0599696173,20599.529665282695,42066.43111403519,1402.0576016560663,75119.04158864333
2013-10-10,1139179.1175434904,20599.529665282695,42066.43111403519,1402.0576016560663,75111.09916251642
2013-10-11,1139299.698284554,20599.529665282695,42066.43111403519,1402.0576016560663,75231.67990358011
2013-10-14,1139328.510148361,20599.529665282695,42066.43111403519,1402.0576016560663,75260.49176738714
2013-10-15,1139236.4952713915,20599.529665282695,42066.43111403519,1402.0576016560663,75168.47689041751
2013-10-16,1139309.6250269057,20599.529665282695,42066.43111403519,1402.0576016560663,75241.60664593172
2013-10-17,1139073.6184688965,20599.529665282695,42066.43111403519,1402.0576016560663,75005.60008792253
2013-10-18,1138814.1555440326,20599.529665282695,42066.43111403519,1402.0576016560663,74746.13716305862
2013-10-21,1138888.2534931526,20599.529665282695,42066.43111403519,1402.0576016560663,74820.2351121786
2013-10-22,1138931.9123896004,20599.529665282695,42066.43111403519,1402.0576016560663,74863.89400862646
2013-10-23,1138912.0112172053,20599.529665282695,42066.43111403519,1402.0576016560663,74843.99283623137
2013-10-24,1138997.5996900261,20599.529665282695,42066.43111403519,1402.0576016560663,74929.58130905218
2013-10-25,1138958.761051984,20599.529665282695,42066.43111403519,1402.0576016560663,74890.74267101008
2013-10-28,1139087.1372017732,20599.529665282695,42066.43111403519,1402.0576016560663,75019.11882079928
2013-10-29,1139193.2154908646,20599.529665282695,42066.43111403519,1402.0576016560663,75125.19710989064
2013-10-30,1139298.9877240153,20599.529665282695,42066.43111403519,1402.0576016560663,75230.9693430413
2013-10-31,1139293.462689286,20599.529665282695,42066.43111403519,1402.0576016560663,75225.44430831214
2013-11-01,1139325.275286502,20599.529665282695,42066.43111403519,1402.0576016560663,75257.25690552802
2013-11-04,1139282.538686674,20599.529665282695,42066.43111403519,1402.0576016560663,75214.52030570013
2013-11-05,1139307.2494628655,20599.529665282695,42066.43111403519,1402.0576016560663,75239.23108189157
2013-11-06,1139324.0288032196,20599.529665282695,42066.43111403519,1402.0576016560663,75256.0104222456
2013-11-07,1139450.8930310893,20599.529665282695,42066.43111403519,1402.0576016560663,75382.87465011538
2013-11-08,1139385.4416487303,20599.529665282695,42066.43111403519,1402.0576016560663,75317.42326775636
2013-11-11,1139732.334345122,20599.529665282695,42066.43111403519,1402.0576016560663,75664.31596414815
2013-11-12,1139985.8075286262,20599.529665282695,42066.43111403519,1402.0576016560663,75917.78914765222
2013-11-13,1139801.2388042717,20599.529665282695,42066.43111403519,1402.0576016560663,75733.22042329772
2013-11-14,1139409.2746570092,20599.529665282695,42066.43111403519,1402.0576016560663,75341.25627603522
2013-11-15,1139269.1219385674,20599.529665282695,42066.43111403519,1402.0576016560663,75201.10355759342
2013-11-18,1139349.062978443,20599.529665282695,42066.43111403519,1402.0576016560663,75281.04459746904
2013-11-19,1139262.5572639124,20599.529665282695,42066.43111403519,1402.0576016560663,75194.53888293845
2013-11-20,1139108.1035491293,20599.529665282695,42066.43111403519,1402.0576016560663,75040.08516815538
2013-11-21,1139203.8714966213,20599.529665282695,42066.43111403519,1402.0576016560663,75135.85311564733
2013-11-22,1138505.4154477501,20599.529665282695,42066.43111403519,1402.0576016560663,74437.39706677618
2013-11-25,1138198.9041790995,20599.529665282695,42066.43111403519,1402.0576016560663,74130.88579812553
2013-11-26,1138469.4948318338,20599.529665282695,42066.43111403519,1402.0576016560663,74401.4764508598
2013-11-27,1138404.398422379,20599.529665282695,42066.43111403519,1402.0576016560663,74336.3800414051
2013-11-29,1138454.9383330098,20599.529665282695,42066.43111403519,1402.0576016560663,74386.91995203588
2013-12-02,1138183.6853957719,20599.529665282695,42066.43111403519,1402.0576016560663,74115.66701479792
2013-12-03,1138392.2442315205,20599.529665282695,42066.43111403519,1402.0576016560663,74324.2258505465
2013-12-04,1138656.5112320306,20599.529665282695,42066.43111403519,1402.0576016560663,74588.49285105662
2013-12-05,1138723.366770693,20599.529665282695,42066.43111403519,1402.0576016560663,74655.34838971915
2013-12-06,1138929.065492597,20599.529665282695,42066.43111403519,1402.0576016560663,74861.04711162299
2013-12-09,1139157.6245011634,20599.529665282695,42066.43111403519,1402.0576016560663,75089.60612018942
2013-12-10,1139177.4640832343,20599.529665282695,42066.43111403519,1402.0576016560663,75109.44570226036
2013-12-11,1139212.2776318244,20599.529665282695,42066.43111403519,1402.0576016560663,75144.25925085042
2013-12-12,1139114.487472619,20599.529665282695,42066.43111403519,1402.0576016560663,75046.46909164498
2013-12-13,1139241.2260212759,20599.529665282695,42066.43111403519,1402.0576016560663,75173.2076403019
2013-12-16,1139258.6665058706,20599.529665282695,42066.43111403519,1402.0576016560663,75190.64812489669
2013-12-17,1139431.838263978,20599.529665282695,42066.43111403519,1402.0576016560663,75363.81988300406
2013-12-18,1139613.2507795137,20599.529665282695,42066.43111403519,1402.0576016560663,75545.23239853978
2013-12-19,1139489.7984387658,20599.529665282695,42066.43111403519,1402.0576016560663,75421.78005779185
2013-12-20,1139333.1325038068,20599.529665282695,42066.43111403519,1402.0576016560663,75265.11412283289
2013-12-23,1139333.1325038068,20599.529665282695,42066.43111403519,1402.0576016560663,75265.11412283289
2013-12-24,1139333.1325038068,20599.529665282695,42066.43111403519,1402.0576016560663,75265.11412283289
2013-12-26,1139333.1325038068,20599.529665282695,42066.43111403519,1402.0576016560663,75265.11412283289
2013-12-27,1139333.1325038068,20599.529665282695,42066.43111403519,1402.0576016560663,75265.11412283289
2013-12-30,1139333.1325038068,20599.529665282695,42066.43111403519,1402.0576016560663,75265.11412283289
2013-12-31,1139333.1325038068,20599.529665282695,42066.43111403519,1402.0576016560663,75265.11412283289
2014-01-02,1139333.1325038068,20599.529665282695,42066.43111403519,1402.0576016560663,75265.11412283289
2014-01-03,1139333.1325038068,20599.529665282695,42066.43111403519,1402.0576016560663,75265.11412283289
2014-01-06,1139333.1325038068,20599.529665282695,42066.43111403519,1402.0576016560663,75265.11412283289
2014-01-07,1139333.1325038068,20599.529665282695,42066.43111403519,1402.0576016560663,75265.11412283289
2014-01-08,1139333.1325038068,20599.529665282695,42066.43111403519,1402.0576016560663,75265.11412283289
2014-01-09,1139333.1325038068,20599.529665282695,42066.43111403519,1402.0576016560663,75265.11412283289
2014-01-10,1139333.1325038068,20599.529665282695,42066.43111403519,1402.0576016560663,75265.11412283289
2014-01-13,1139333.1325038068,20599.529665282695,42066.43111403519,1402.0576016560663,75265.11412283289
2014-01-14,1139333.1325038068,20599.529665282695,42066.43111403519,1402.0576016560663,75265.11412283289
2014-01-15,1139333.1325038068,20599.529665282695,42066.43111403519,1402.0576016560663,75265.11412283289
2014-01-16,1139333.1325038068,20599.529665282695,42066.43111403519,1402.0576016560663,75265.11412283289
2014-01-17,1139333.1325038068,20599.529665282695,42066.43111403519,1402.0576016560663,75265.11412283289
2014-01-21,1137686.3047259757,20599.529665282695,42066.43111403519,-482.5382991702063,75502.88224582793
2014-01-22,1136906.8804091124,20599.529665282695,42066.43111403519,-1239.2420252105221,75480.16165500507
2014-01-23,1136864.667259048,20599.529665282695,42066.43111403519,-1297.3977281202096,75496.1042078503
2014-01-24,1134831.3545160987,20599.529665282695,42066.43111403519,-2290.003438643529,74455.39717542427
2014-01-27,1133998.3396616518,20599.529665282695,42066.43111403519,-3123.555069912807,74455.93395224656
2014-01-28,1134488.3508747728,20599.529665282695,42066.43111403519,-2872.390088113956,74694.78018356883
2014-01-29,1134386.64150112,20599.529665282695,42066.43111403519,-3133.248593337834,74853.92931514
2014-01-30,1134379.6034176555,20599.529665282695,42066.43111403519,-2891.789321612916,74605.43195995037
2014-01-31,1133920.8340095622,20599.529665282695,42066.43111403519,-2845.6709720509825,74100.54420229513
2014-02-03,1133817.4988656705,20599.529665282695,42066.43111403519,-3036.489224300487,74188.02731065312
2014-02-04,1133919.458538225,20599.529665282695,42066.43111403519,-2755.2565522397636,74008.75431114691
2014-02-05,1133780.8004836943,20599.529665282695,42066.43111403519,-2984.618612619932,74099.45831699623
2014-02-06,1133746.288522212,20599.529665282695,42066.43111403519,-2858.9192972723395,73939.24704016652
2014-02-07,1134019.7646138105,20599.529665282695,42066.43111403519,-2539.245598603622,73893.04943309631
2014-02-10,1133755.429076314,20599.529665282695,42066.43111403519,-3090.8159693420166,74180.28426633799
2014-02-11,1134109.8223627396,20599.529665282695,42066.43111403519,-2875.181462974171,74319.04304639576
2014-02-12,1134060.800355114,20599.529665282695,42066.43111403519,-3016.067992003518,74410.90756779979
2014-02-13,1134209.0559453622,20599.529665282695,42066.43111403519,-2955.995773823466,74499.09093986778
2014-02-14,1134015.727517189,20599.529665282695,42066.43111403519,-3263.7352281397907,74613.50196601078
2014-02-18,1134342.0193578424,20599.529665282695,42066.43111403519,-3707.200067435042,75383.25864595943
2014-02-19,1134106.7312128078,20599.529665282695,42066.43111403519,-4047.333640197874,75488.10407368792
2014-02-20,1134511.4909723653,20599.529665282695,42066.43111403519,-3932.3369193424005,75777.86711238977
2014-02-21,1135381.6456111823,20599.529665282695,42066.43111403519,-2814.2565477602184,75529.94137962465
2014-02-24,1135473.9908821601,20599.529665282695,42066.43111403519,-2814.2565477602184,75622.28665060247
2014-02-25,1135375.5609369427,20599.529665282695,42066.43111403519,-2814.2565477602184,75523.85670538503
2014-02-26,1134789.7232685825,20599.529665282695,42066.43111403519,-2814.2565477602184,74938.01903702482
2014-02-27,1134678.3286708775,20599.529665282695,42066.43111403519,-2814.2565477602184,74826.62443931983
2014-02-28,1134702.2056486052,20599.529665282695,42066.43111403519,-2814.2565477602184,74850.50141704758
2014-03-03,1134763.9281634516,20599.529665282695,42066.43111403519,-2814.2565477602184,74912.22393189394
2014-03-04,1135152.3929378851,20599.529665282695,42066.43111403519,-2814.2565477602184,75300.68870632746
2014-03-05,1135439.2858781964,20599.529665282695,42066.43111403519,-2814.2565477602184,75587.58164663869
2014-03-06,1135610.757216569,20599.529665282695,42066.43111403519,-2814.2565477602184,75759.05298501137
2014-03-07,1135482.9760738679,20599.529665282695,42066.43111403519,-2814.2565477602184,75631.2718423102
2014-03-10,1135687.0194251642,20599.529665282695,42066.43111403519,-2814.2565477602184,75835.31519360654
2014-03-11,1135854.0757235668,20599.529665282695,42066.43111403519,-2814.2565477602184,76002.37149200914
2014-03-12,1136040.1490731484,20599.529665282695,42066.43111403519,-2814.2565477602184,76188.44484159071
2014-03-13,1136029.0180828967,20599.529665282695,42066.43111403519,-2814.2565477602184,76177.31385133904
2014-03-14,1135898.6108442338,20599.529665282695,42066.43111403519,-2814.2565477602184,76046.9066126761
2014-03-17,1136158.084946311,20599.529665282695,42066.43111403519,-2814.2565477602184,76306.38071475341
2014-03-18,1136356.3802178525,20599.529665282695,42066.43111403519,-2814.2565477602184,76504.67598629487
2014-03-19,1136346.217635272,20599.529665282695,42066.43111403519,-2814.2565477602184,76494.5134037144
2014-03-20,1136486.6519460885,20599.529665282695,42066.43111403519,-2814.2565477602184,76634.94771453086
2014-03-21,1136442.260806913,20599.529665282695,42066.43111403519,-2814.2565477602184,76590.55657535535
2014-03-24,1136469.3814888673,20599.529665282695,42066.43111403519,-2814.2565477602184,76617.67725730967
2014-03-25,1136482.3572758534,20599.529665282695,42066.43111403519,-2814.2565477602184,76630.65304429573
2014-03-26,1136484.450816446,20599.529665282695,42066.43111403519,-2814.2565477602184,76632.74658488831
2014-03-27,1136370.702467354,20599.529665282695,42066.43111403519,-2814.2565477602184,76518.99823579635
2014-03-28,1136401.965007203,20599.529665282695,42066.43111403519,-2814.2565477602184,76550.26077564526
2014-03-31,1136458.0658838344,20599.529665282695,42066.43111403519,-2814.2565477602184,76606.36165227671
2014-04-01,1136416.2920338847,20599.529665282695,42066.43111403519,-2814.2565477602184,76564.587802327
2014-04-02,1136429.480119541,20599.529665282695,42066.43111403519,-2814.2565477602184,76577.77588798339
2014-04-03,1136423.0183186745,20599.529665282695,42066.43111403519,-2814.2565477602184,76571.31408711686
2014-04-04,1136435.6008582367,20599.529665282695,42066.43111403519,-2814.2565477602184,76583.896626679
2014-04-07,1136580.9027705675,20599.529665282695,42066.43111403519,-2814.2565477602184,76729.19853900978
2014-04-08,1136502.6928140486,20599.529665282695,42066.43111403519,-2814.2565477602184,76650.98858249094
2014-04-09,1136530.316891662,20599.529665282695,42066.43111403519,-2814.2565477602184,76678.61266010441
2014-04-10,1136343.611167158,20599.529665282695,42066.43111403519,-2814.2565477602184,76491.90693560033
2014-04-11,1136382.4386014761,20599.529665282695,42066.43111403519,-2814.2565477602184,76530.73436991847
2014-04-14,1136390.526648809,20599.529665282695,42066.43111403519,-2814.2565477602184,76538.8224172513
2014-04-15,1136456.5105826568,20599.529665282695,42066.43111403519,-2814.2565477602184,76604.80635109916
2014-04-16,1136540.4571109973,20599.529665282695,42066.43111403519,-2814.2565477602184,76688.75287943962
2014-04-17,1136432.8859672255,20599.529665282695,42066.43111403519,-2814.2565477602184,76581.18173566787
2014-04-21,1136713.6484764747,20599.529665282695,42066.43111403519,-2814.2565477602184,76861.94424491702
2014-04-22,1136774.1725799467,20599.529665282695,42066.43111403519,-2814.2565477602184,76922.46834838903
2014-04-23,1136806.4795397336,20599.529665282695,42066.43111403519,-2814.2565477602184,76954.77530817594
2014-04-24,1136764.762451572,20599.529665282695,42066.43111403519,-2814.2565477602184,76913.05822001444
2014-04-25,1136802.740596927,20599.529665282695,42066.43111403519,-2814.2565477602184,76951.03636536933
2014-04-28,1136737.920362166,20599.529665282695,42066.43111403519,-2814.2565477602184,76886.21613060823
2014-04-29,1136976.4074347632,20599.529665282695,42066.43111403519,-2814.2565477602184,77124.70320320548
2014-04-30,1136851.3355257448,20599.529665282695,42066.43111403519,-2814.2565477602184,76999.63129418716
2014-05-01,1137098.1558102397,20599.529665282695,42066.43111403519,-2814.2565477602184,77246.45157868206
2014-05-02,1137509.5305419841,20599.529665282695,42066.43111403519,-2814.2565477602184,77657.82631042646
2014-05-05,1137941.3516119444,20599.529665282695,42066.43111403519,-2814.2565477602184,78089.64738038671
2014-05-06,1138092.834533703,20599.529665282695,42066.43111403519,-2814.2565477602184,78241.13030214538
2014-05-07,1138313.1174015729,20599.529665282695,42066.43111403519,-2814.2565477602184,78461.4131700152
2014-05-08,1138603.5497250804,20599.529665282695,42066.43111403519,-2814.2565477602184,78751.8454935227
2014-05-09,1138567.6834052957,20599.529665282695,42066.43111403519,-2814.2565477602184,78715.97917373804
2014-05-12,1139231.6874866115,20599.529665282695,42066.43111403519,-2814.2565477602184,79379.98325505387
2014-05-13,1139215.9649168842,20599.529665282695,42066.43111403519,-2814.2565477602184,79364.26068532653
2014-05-14,1139572.1841752462,20599.529665282695,42066.43111403519,-2814.2565477602184,79720.4799436885
2014-05-15,1139787.7451256881,20599.529665282695,42066.43111403519,-2814.2565477602184,79936.04089413048
2014-05-16,1140032.5849604064,20599.529665282695,42066.43111403519,-2814.2565477602184,80180.88072884874
2014-05-19,1140050.2626723913,20599.529665282695,42066.43111403519,-2814.2565477602184,80198.55844083359
2014-05-20,1140073.3057455597,20599.529665282695,42066.43111403519,-2814.2565477602184,80221.60151400208
2014-05-21,1140173.7277966863,20599.529665282695,42066.43111403519,-2814.2565477602184,80322.02356512868
2014-05-22,1140091.2530227604,20599.529665282695,42066.43111403519,-2814.2565477602184,80239.54879120272
2014-05-23,1140083.883768338,20599.529665282695,42066.43111403519,-2814.2565477602184,80232.17953678034
2014-05-27,1140256.3931401942,20599.529665282695,42066.43111403519,-2814.2565477602184,80404.68890863657
2014-05-28,1140449.4212209356,20599.529665282695,42066.43111403519,-2814.2565477602184,80597.71698937798
2014-05-29,1140400.9176406127,20599.529665282695,42066.43111403519,-2814.2565477602184,80549.21340905502
2014-05-30,1140569.3269858705,20599.529665282695,42066.43111403519,-2814.2565477602184,80717.62275431282
2014-06-02,1140763.2934838547,20599.529665282695,42066.43111403519,-2814.2565477602184,80911.58925229707
2014-06-03,1140808.7443721362,20599.529665282695,42066.43111403519,-2814.2565477602184,80957.04014057852
2014-06-04,1140944.7364433962,20599.529665282695,42066.43111403519,-2814.2565477602184,81093.03221183852
2014-06-05,1141024.5838157663,20599.529665282695,42066.43111403519,-2814.2565477602184,81172.8795842086
2014-06-06,1141047.1944104084,20599.529665282695,42066.43111403519,-2814.2565477602184,81195.49017885071
2014-06-09,1141296.0673365456,20599.529665282695,42066.43111403519,-2814.2565477602184,81444.36310498789
2014-06-10,1141068.0298679203,20599.529665282695,42066.43111403519,-2814.2565477602184,81216.32563636266
2014-06-11,1141087.9708460409,20599.529665282695,42066.43111403519,-2814.2565477602184,81236.2666144832
2014-06-12,1141403.6311426726,20599.529665282695,42066.43111403519,-2814.2565477602184,81551.92691111495
2014-06-13,1141437.7017485858,20599.529665282695,42066.43111403519,-2814.2565477602184,81585.99751702813
2014-06-16,1141576.7451113716,20599.529665282695,42066.43111403519,-2814.2565477602184,81725.04087981395
2014-06-17,1141252.879079945,20599.529665282695,42066.43111403519,-2814.2565477602184,81401.17484838725
2014-06-18,1141216.9215434121,20599.529665282695,42066.43111403519,-2814.2565477602184,81365.21731185447
2014-06-19,1140999.900442665,20599.529665282695,42066.43111403519,-2814.2565477602184,81148.19621110731
2014-06-20,1141140.3885922285,20599.529665282695,42066.43111403519,-2814.2565477602184,81288.68436067086
2014-06-23,1141163.7342354842,20599.529665282695,42066.43111403519,-2814.2565477602184,81312.03000392648
2014-06-24,1141180.7625604088,20599.529665282695,42066.43111403519,-2814.2565477602184,81329.05832885113
2014-06-25,1141175.759367543,20599.529665282695,42066.43111403519,-2814.2565477602184,81324.05513598537
2014-06-26,1141156.2292483454,20599.529665282695,42066.43111403519,-2814.2565477602184,81304.5250167877
2014-06-27,1141125.5942347113,20599.529665282695,42066.43111403519,-2814.2565477602184,81273.89000315359
2014-06-30,1141159.0426500048,20599.529665282695,42066.43111403519,-2814.2565477602184,81307.33841844718
2014-07-01,1141175.5743925213,20599.529665282695,42066.43111403519,-2814.2565477602184,81323.87016096362
2014-07-02,1141199.8542146478,20599.529665282695,42066.43111403519,-2814.2565477602184,81348.14998309012
2014-07-03,1141195.7960253258,20599.529665282695,42066.43111403519,-2814.2565477602184,81344.09179376811
2014-07-07,1141214.9538835788,20599.529665282695,42066.43111403519,-2814.2565477602184,81363.2496520211
2014-07-08,1141299.8935607935,20599.529665282695,42066.43111403519,-2814.2565477602184,81448.18932923581
2014-07-09,1141211.3540030739,20599.529665282695,42066.43111403519,-2814.2565477602184,81359.64977151621
2014-07-10,1141254.0262239936,20599.529665282695,42066.43111403519,-2814.2565477602184,81402.32199243596
2014-07-11,1141290.7421641964,20599.529665282695,42066.43111403519,-2814.2565477602184,81439.03793263878
2014-07-14,1141253.4094360014,20599.529665282695,42066.43111403519,-2814.2565477602184,81401.70520444377
2014-07-15,1141241.3444558447,20599.529665282695,42066.43111403519,-2814.2565477602184,81389.64022428705
2014-07-16,1141411.254714073,20599.529665282695,42066.43111403519,-2814.2565477602184,81559.55048251525
2014-07-17,1141408.66807706,20599.529665282695,42066.43111403519,-2814.2565477602184,81556.96384550235
2014-07-18,1141349.9206846699,20599.529665282695,42066.43111403519,-2814.2565477602184,81498.2164531122
2014-07-21,1140790.1907233887,20599.529665282695,42066.43111403519,-3506.798941855086,81631.02888592589
2014-07-22,1141212.1723955837,20599.529665282695,42066.43111403519,-3103.9339651170885,81650.14558138303
2014-07-23,1140346.7336042472,20599.529665282695,42066.43111403519,-3900.4283756205114,81581.20120054996
2014-07-24,1139441.2042543334,20599.529665282695,42066.43111403519,-4667.906781278085,81443.1502562936
2014-07-25,1140478.833553799,20599.529665282695,42066.43111403519,-3783.821985185379,81596.69475966645
2014-07-28,1140581.4950123504,20599.529665282695,42066.43111403519,-3857.6009157008957,81773.13514873339
2014-07-29,1140589.1469565649,20599.529665282695,42066.43111403519,-3783.729945841711,81706.91612308868
2014-07-30,1139792.83668409,20599.529665282695,42066.43111403519,-3998.3014065310126,81125.17731130333
2014-07-31,1138178.2191706854,20599.529665282695,42066.43111403519,-4707.639524935861,80219.89791630348
2014-08-01,1138722.4513263535,20599.529665282695,42066.43111403519,-4160.628458523308,80217.11900555878
2014-08-04,1138632.4193549769,20599.529665282695,42066.43111403519,-4388.815221481258,80355.27379714022
2014-08-05,1138538.8529587565,20599.529665282695,42066.43111403519,-4301.193568189745,80174.08574762824
2014-08-06,1138583.5390550718,20599.529665282695,42066.43111403519,-4301.9459753021365,80219.5242510559
2014-08-07,1138726.4423289937,20599.529665282695,42066.43111403519,-4279.5641096504405,80340.04565932625
2014-08-08,1139023.5266660645,20599.529665282695,42066.43111403519,-4379.345570379635,80736.91145712626
2014-08-11,1138839.9113919784,20599.529665282695,42066.43111403519,-4755.231196308974,80929.18180896947
2014-08-12,1138859.7251265752,20599.529665282695,42066.43111403519,-4891.479680028977,81085.2440272863
2014-08-13,1138641.9822376573,20599.529665282695,42066.43111403519,-4964.51681744121,80940.53827578062
2014-08-14,1138175.1974814916,20599.529665282695,42066.43111403519,-4800.508533088141,80309.74523526197
2014-08-15,1137559.8538334817,20599.529665282695,42066.43111403519,-5359.0263719889335,80252.91942615272
2014-08-18,1137599.965822041,20599.529665282695,42066.43111403519,-5359.0263719889335,80293.03141471208
2014-08-19,1137397.6231454874,20599.529665282695,42066.43111403519,-5359.0263719889335,80090.68873815844
2014-08-20,1137209.0725118425,20599.529665282695,42066.43111403519,-5359.0263719889335,79902.13810451352
2014-08-21,1137203.3925322175,20599.529665282695,42066.43111403519,-5359.0263719889335,79896.4581248886
2014-08-22,1136876.3921977712,20599.529665282695,42066.43111403519,-5359.0263719889335,79569.45779044228
2014-08-25,1137105.8584625022,20599.529665282695,42066.43111403519,-5359.0263719889335,79798.9240551733
2014-08-26,1137022.8481331805,20599.529665282695,42066.43111403519,-5359.0263719889335,79715.91372585157
2014-08-27,1137018.468869921,20599.529665282695,42066.43111403519,-5359.0263719889335,79711.5344625921
2014-08-28,1137100.0154530727,20599.529665282695,42066.43111403519,-5359.0263719889335,79793.08104574378
2014-08-29,1136957.6868557786,20599.529665282695,42066.43111403519,-5359.0263719889335,79650.75244844961
2014-09-02,1137218.5809931285,20599.529665282695,42066.43111403519,-5359.0263719889335,79911.64658579952
2014-09-03,1137522.2042667838,20599.529665282695,42066.43111403519,-5359.0263719889335,80215.26985945483
2014-09-04,1137337.5367774053,20599.529665282695,42066.43111403519,-5359.0263719889335,80030.60237007635
2014-09-05,1137084.8707808638,20599.529665282695,42066.43111403519,-5359.0263719889335,79777.93637353485
2014-09-08,1137067.7522021895,20599.529665282695,42066.43111403519,-5359.0263719889335,79760.81779486057
2014-09-09,1137248.7852806444,20599.529665282695,42066.43111403519,-5359.0263719889335,79941.85087331547
2014-09-10,1137216.145945864,20599.529665282695,42066.43111403519,-5359.0263719889335,79909.21153853508
2014-09-11,1137194.8223730132,20599.529665282695,42066.43111403519,-5359.0263719889335,79887.88796568429
2014-09-12,1137267.465168028,20599.529665282695,42066.43111403519,-5359.0263719889335,79960.53076069895
2014-09-15,1137362.151233445,20599.529665282695,42066.43111403519,-5359.0263719889335,80055.21682611597
2014-09-16,1137492.8110486702,20599.529665282695,42066.43111403519,-5359.0263719889335,80185.87664134125
2014-09-17,1137403.6652044978,20599.529665282695,42066.43111403519,-5359.0263719889335,80096.7307971688
2014-09-18,1137384.6349332917,20599.529665282695,42066.43111403519,-5359.0263719889335,80077.70052596275
2014-09-19,1137110.0589967924,20599.529665282695,42066.43111403519,-5359.0263719889335,79803.12458946346
2014-09-22,1137131.4674228292,20599.529665282695,42066.43111403519,-5359.0263719889335,79824.53301550029
2014-09-23,1137116.8130907954,20599.529665282695,42066.43111403519,-5359.0263719889335,79809.87868346646
2014-09-24,1137151.5731446603,20599.529665282695,42066.43111403519,-5359.0263719889335,79844.63873733138
2014-09-25,1137116.278010573,20599.529665282695,42066.43111403519,-5359.0263719889335,79809.34360324405
2014-09-26,1137154.4275171123,20599.529665282695,42066.43111403519,-5359.0263719889335,79847.49310978339
2014-09-29,1137203.2138888105,20599.529665282695,42066.43111403519,-5359.0263719889335,79896.27948148153
2014-09-30,1137199.5694858744,20599.529665282695,42066.43111403519,-5359.0263719889335,79892.63507854543
2014-10-01,1137238.113350053,20599.529665282695,42066.43111403519,-5359.0263719889335,79931.17894272413
2014-10-02,1137222.9072689167,20599.529665282695,42066.43111403519,-5359.0263719889335,79915.97286158777
2014-10-03,1137248.5393689743,20599.529665282695,42066.43111403519,-5359.0263719889335,79941.60496164532
2014-10-06,1137298.2646340416,20599.529665282695,42066.43111403519,-5359.0263719889335,79991.33022671263
2014-10-07,1137234.8014350997,20599.529665282695,42066.43111403519,-5359.0263719889335,79927.86702777073
2014-10-08,1137325.5187224764,20599.529665282695,42066.43111403519,-5359.0263719889335,80018.58431514748
2014-10-09,1137229.9504262204,20599.529665282695,42066.43111403519,-5359.0263719889335,79923.01601889147
2014-10-10,1137121.0216028725,20599.529665282695,42066.43111403519,-5359.0263719889335,79814.08719554357
2014-10-13,1137265.5454054906,20599.529665282695,42066.43111403519,-5359.0263719889335,79958.6109981616
2014-10-14,1137289.8618551558,20599.529665282695,42066.43111403519,-5359.0263719889335,79982.92744782683
2014-10-15,1137100.4833595492,20599.529665282695,42066.43111403519,-5359.0263719889335,79793.54895222024
2014-10-16,1137239.4537218215,20599.529665282695,42066.43111403519,-5359.0263719889335,79932.51931449259
2014-10-17,1137215.277907767,20599.529665282695,42066.43111403519,-5359.0263719889335,79908.34350043815
2014-10-20,1139862.7022765945,21557.50986895163,43786.66403113201,-5359.0263719889335,79877.55474849977
2014-10-21,1137168.9323534663,22351.670257083373,42272.17990218906,-5359.0263719889335,77904.1085661829
2014-10-22,1138581.1715170774,22574.99617728032,42323.47610874905,-5359.0263719889335,79041.72560303705
2014-10-23,1136300.6281057526,22301.622377480264,41086.33067929209,-5359.0263719889335,78271.7014209691
2014-10-24,1133229.8038573088,21965.03051107307,39347.88035683462,-5359.0263719889335,77275.91936138994
2014-10-27,1134143.3914117427,21547.29582415207,40113.804854829796,-5359.0263719889335,77841.31710474985
2014-10-28,1134937.8953360813,22246.302848876687,40581.25300524139,-5359.0263719889335,77469.36585395201
2014-10-29,1134687.3634443083,22012.89166925999,40626.824048854876,-5359.0263719889335,77406.67409818247
2014-10-30,1134357.1744227665,22248.51351141208,40187.37258268776,-5359.0263719889335,77280.31470065564
2014-10-31,1133023.2367301525,23200.38585201034,38974.45327776659,-5359.0263719889335,76207.42397236452
2014-11-03,1133805.9653181438,23039.336419560364,39318.845350297284,-5359.0263719889335,76806.80992027512
2014-11-04,1132981.215247962,22782.149025833118,39084.20417138853,-5359.0263719889335,76473.88842272921
2014-11-05,1133385.0274039507,22995.31414034858,39500.29736964509,-5359.0263719889335,76248.44226594595
2014-11-06,1134379.592610909,23502.862756933435,39370.78379701043,-5359.0263719889335,76864.97242895397
2014-11-07,1134983.369067511,23531.562173547107,39692.12392989814,-5359.0263719889335,77118.70933605474
2014-11-10,1135582.1503349687,23524.33579328051,39796.73340596224,-5359.0263719889335,77620.107507715
2014-11-11,1135874.9467129277,23164.391116976854,39714.21847566299,-5359.0263719889335,78355.36349227675
2014-11-12,1136477.344085902,23481.87978137657,39484.36033006699,-5359.0263719889335,78870.13034644723
2014-11-13,1137528.60453245,23362.553792766877,39764.84651425609,-5359.0263719889335,79760.23059741594
2014-11-14,1137722.6444120568,23523.112812484847,39704.45709736366,-5359.0263719889335,79854.1008741972
2014-11-17,1138226.7693291716,23560.584101473214,39810.62943568302,-5359.0263719889335,80214.58216400421
2014-11-18,1138662.9538101377,24031.090588435298,39858.19766810734,-5359.0263719889335,80132.69192558387
2014-11-19,1137508.194696122,23872.002908858238,39949.55451561464,-5359.0263719889335,79045.66364363814
2014-11-20,1136841.501800213,23977.961021487834,39899.68264538539,-5359.0263719889335,78322.88450532872
2014-11-21,1135302.8950147945,25166.270971646532,37573.678391300025,-5359.0263719889335,77921.9720238368
2014-11-24,1135344.0793980397,25166.270971646532,37573.678391300025,-5359.0263719889335,77963.15640708199
2014-11-25,1135387.0712249088,25166.270971646532,37573.678391300025,-5359.0263719889335,78006.1482339513
2014-11-26,1135260.4150422118,25166.270971646532,37573.678391300025,-5359.0263719889335,77879.49205125403
2014-11-28,1135085.6798134185,25166.270971646532,37573.678391300025,-5359.0263719889335,77704.7568224608
2014-12-01,1135518.415943766,25166.270971646532,37573.678391300025,-5359.0263719889335,78137.49295280827
2014-12-02,1135620.9646894373,25166.270971646532,37573.678391300025,-5359.0263719889335,78240.04169847956
2014-12-03,1135715.0530794323,25166.270971646532,37573.678391300025,-5359.0263719889335,78334.13008847483
2014-12-04,1135821.2072808142,25166.270971646532,37573.678391300025,-5359.0263719889335,78440.28428985667
2014-12-05,1135929.6137115085,25166.270971646532,37573.678391300025,-5359.0263719889335,78548.69072055072
2014-12-08,1135960.8206064035,25166.270971646532,37573.678391300025,-5359.0263719889335,78579.89761544601
2014-12-09,1136110.3535459978,25166.270971646532,37573.678391300025,-5359.0263719889335,78729.43055504002
2014-12-10,1136000.3816078221,25166.270971646532,37573.678391300025,-5359.0263719889335,78619.45861686463
2014-12-11,1136072.0386566673,25166.270971646532,37573.678391300025,-5359.0263719889335,78691.11566570983
2014-12-12,1135603.9373367652,25166.270971646532,37573.678391300025,-5359.0263719889335,78223.01434580749
2014-12-15,1135652.716482597,25166.270971646532,37573.678391300025,-5359.0263719889335,78271.79349163943
2014-12-16,1135889.6215343308,25166.270971646532,37573.678391300025,-5359.0263719889335,78508.69854337326
2014-12-17,1135913.6658835253,25166.270971646532,37573.678391300025,-5359.0263719889335,78532.74289256753
2014-12-18,1135104.0352198184,25166.270971646532,37573.678391300025,-5359.0263719889335,77723.11222886061
2014-12-19,1134746.293533777,25166.270971646532,37573.678391300025,-5359.0263719889335,77365.37054281938
2014-12-22,1134746.293533777,25166.270971646532,37573.678391300025,-5359.0263719889335,77365.37054281938
2014-12-23,1134746.293533777,25166.270971646532,37573.678391300025,-5359.0263719889335,77365.37054281938
2014-12-24,1134746.293533777,25166.270971646532,37573.678391300025,-5359.0263719889335,77365.37054281938
2014-12-26,1134746.293533777,25166.270971646532,37573.678391300025,-5359.0263719889335,77365.37054281938
2014-12-29,1134746.293533777,25166.270971646532,37573.678391300025,-5359.0263719889335,77365.37054281938
2014-12-30,1134746.293533777,25166.270971646532,37573.678391300025,-5359.0263719889335,77365.37054281938
2014-12-31,1134746.293533777,25166.270971646532,37573.678391300025,-5359.0263719889335,77365.37054281938
2015-01-02,1134746.293533777,25166.270971646532,37573.678391300025,-5359.0263719889335,77365.37054281938
2015-01-05,1134746.293533777,25166.270971646532,37573.678391300025,-5359.0263719889335,77365.37054281938
2015-01-06,1134746.293533777,25166.270971646532,37573.678391300025,-5359.0263719889335,77365.37054281938
2015-01-07,1134746.293533777,25166.270971646532,37573.678391300025,-5359.0263719889335,77365.37054281938
2015-01-08,1134746.293533777,25166.270971646532,37573.678391300025,-5359.0263719889335,77365.37054281938
2015-01-09,1134746.293533777,25166.270971646532,37573.678391300025,-5359.0263719889335,77365.37054281938
2015-01-12,1134746.293533777,25166.270971646532,37573.678391300025,-5359.0263719889335,77365.37054281938
2015-01-13,1134746.293533777,25166.270971646532,37573.678391300025,-5359.0263719889335,77365.37054281938
2015-01-14,1134746.293533777,25166.270971646532,37573.678391300025,-5359.0263719889335,77365.37054281938
2015-01-15,1134746.293533777,25166.270971646532,37573.678391300025,-5359.0263719889335,77365.37054281938
2015-01-16,1134746.293533777,25166.270971646532,37573.678391300025,-5359.0263719889335,77365.37054281938
2015-01-20,1134615.8437239488,23786.809084333712,38494.52005505073,-5359.0263719889335,77693.5409565533
2015-01-21,1136116.6411868539,24715.831912129303,38976.615477430634,-5359.0263719889335,77783.22016928298
2015-01-22,1133892.2806878984,23928.342493454926,37856.6372334325,-5359.0263719889335,77466.32733299979
2015-01-23,1136737.6706203823,24907.971670069965,39456.60290059284,-5359.0263719889335,77732.12242170842
2015-01-26,1137547.7627083939,24622.182693564566,40145.89645018417,-5359.0263719889335,78138.70993663394
2015-01-27,1137344.4712775333,25117.302093650447,39637.01373607037,-5359.0263719889335,77949.18181980145
2015-01-28,1135050.947977256,25520.46084554703,37997.95956453774,-5359.0263719889335,76891.55393916019
2015-01-29,1137869.1716685449,26844.17161656206,39871.4717696507,-5359.0263719889335,76512.55465432093
2015-01-30,1134600.56985179,26943.953329684096,37189.31746498635,-5359.0263719889335,75826.32542910846
2015-02-02,1139231.1653976357,26253.59909156547,40946.3799688234,-5359.0263719889335,77390.21270923573
2015-02-03,1138282.3822812072,26575.676373061375,40127.7608781819,-5359.0263719889335,76937.9714019529
2015-02-04,1140948.7507646892,28273.160696392762,40985.1281640433,-5359.0263719889335,77049.48827624205
2015-02-05,1138561.0773076937,28009.573305405793,39029.06490537117,-5359.0263719889335,76881.46546890563
2015-02-06,1139622.850911419,28597.658738173195,39942.26279977569,-5359.0263719889335,76441.95574545884
2015-02-09,1142362.1554360986,28857.153242381755,41825.12868864334,-5359.0263719889335,77038.8998770623
2015-02-10,1142129.797846612,29026.552970817662,41190.91539717559,-5359.0263719889335,77271.35585060762
2015-02-11,1142224.065926458,28989.875170652755,41436.560258159414,-5359.0263719889335,77156.65686963475
2015-02-12,1139368.0590191698,29030.74781736126,39771.349633093225,-5359.0263719889335,75924.98794070422
2015-02-13,1138040.6060302053,28946.851081213914,38697.37724056083,-5359.0263719889335,75755.40408041934
2015-02-17,1137259.9022257938,28294.91043578263,38189.97019245289,-5359.0263719889335,76134.0479695471
2015-02-18,1137820.6500833647,27885.193089889246,38408.29452218057,-5359.0263719889335,76886.1888432838
2015-02-19,1137327.1472436464,27418.42838059482,38404.76806988695,-5359.0263719889335,76862.97716515348
2015-02-20,1142762.8174880925,29750.567167688278,41931.92739668139,-5359.0263719889335,76439.34929571161
2015-02-23,1143254.1922216134,29497.987861668924,42608.14390967996,-5359.0263719889335,76507.08682225342
2015-02-24,1143161.477846031,29009.56109739514,42997.911876566475,-5359.0263719889335,76513.0312440584
2015-02-25,1143196.1799880196,28701.19868182973,43271.747050974634,-5359.0263719889335,76582.26062720432
2015-02-26,1143833.209183558,29172.366066975752,43793.15287264006,-5359.0263719889335,76226.7166159309
2015-02-27,1145608.2541543692,29971.652289922233,44643.16328295565,-5359.0263719889335,76352.46495348029
2015-03-02,1144753.2507036855,29282.13230174803,44258.4198214364,-5359.0263719889335,76571.72495248984
2015-03-03,1145520.6217607497,29385.42093163391,44781.11237122177,-5359.0263719889335,76713.11482988298
2015-03-04,1147109.4146905004,29958.64863407414,45646.990453975624,-5359.0263719889335,76862.80197443953
2015-03-05,1146836.6286584428,29581.01228913106,45740.26845883229,-5359.0263719889335,76874.37428246834
2015-03-06,1147558.296923617,30415.38211183506,45634.28694279597,-5359.0263719889335,76867.65424097469
2015-03-09,1148217.3993036076,30429.781656098785,46188.6343922806,-5359.0263719889335,76958.0096272172
2015-03-10,1150159.7205200312,32195.140663428465,46302.82697665272,-5359.0263719889335,77020.77925193892
2015-03-11,1149986.1341489046,32271.91363961296,45997.301418576506,-5359.0263719889335,77075.94546270417
2015-03-12,1151525.9102660904,32753.233629375114,47061.955268059275,-5359.0263719889335,77069.74774064496
2015-03-13,1153343.2046355382,34095.06185954774,47420.13465023413,-5359.0263719889335,77187.03449774534
2015-03-16,1147694.6537981688,30038.749154506368,45832.56185816426,-5359.0263719889335,77182.36915748706
2015-03-17,1148853.7046882978,30463.88717115973,46694.1581907752,-5359.0263719889335,77054.68569835182
2015-03-18,1143758.8159223446,27625.98954534484,44457.78421456192,-5359.0263719889335,77034.06853442686
2015-03-19,1148233.3287270425,28731.845655272715,47795.20485962625,-5359.0263719889335,77065.30458413251
2015-03-20,1143402.554868577,26240.353970015887,45327.23253551475,-5359.0263719889335,77193.99473503535
2015-03-23,1143418.9281925326,26240.353970015887,45327.23253551475,-5359.0263719889335,77210.36805899092
2015-03-24,1143403.6124737146,26240.353970015887,45327.23253551475,-5359.0263719889335,77195.05234017293
2015-03-25,1143370.3878534804,26240.353970015887,45327.23253551475,-5359.0263719889335,77161.82771993871
2015-03-26,1143387.6680844342,26240.353970015887,45327.23253551475,-5359.0263719889335,77179.10795089253
2015-03-27,1143404.636628166,26240.353970015887,45327.23253551475,-5359.0263719889335,77196.07649462437
2015-03-30,1143453.3373855336,26240.353970015887,45327.23253551475,-5359.0263719889335,77244.77725199191
2015-03-31,1143462.0064144442,26240.353970015887,45327.23253551475,-5359.0263719889335,77253.44628090248
2015-04-01,1143463.947793162,26240.353970015887,45327.23253551475,-5359.0263719889335,77255.38765962026
2015-04-02,1143460.0583535293,26240.353970015887,45327.23253551475,-5359.0263719889335,77251.49821998761
2015-04-06,1143425.2401020117,26240.353970015887,45327.23253551475,-5359.0263719889335,77216.67996847001
2015-04-07,1143358.2185585739,26240.353970015887,45327.23253551475,-5359.0263719889335,77149.65842503216
2015-04-08,1143407.8686088931,26240.353970015887,45327.23253551475,-5359.0263719889335,77199.30847535143
2015-04-09,1143413.8576224537,26240.353970015887,45327.23253551475,-5359.0263719889335,77205.29748891201
2015-04-10,1143524.5691169212,26240.353970015887,45327.23253551475,-5359.0263719889335,77316.00898337946
2015-04-13,1143613.2792283213,26240.353970015887,45327.23253551475,-5359.0263719889335,77404.71909477958
2015-04-14,1143606.9324883232,26240.353970015887,45327.23253551475,-5359.0263719889335,77398.37235478149
2015-04-15,1143611.7485922102,26240.353970015887,45327.23253551475,-5359.0263719889335,77403.18845866853
2015-04-16,1143619.7920456645,26240.353970015887,45327.23253551475,-5359.0263719889335,77411.2319121228
2015-04-17,1143695.599240655,26240.353970015887,45327.23253551475,-5359.0263719889335,77487.03910711338
2015-04-20,1142755.8888867497,26240.353970015887,45327.23253551475,-6309.087685479666,77497.39006669866
2015-04-21,1142677.9982994995,26240.353970015887,45327.23253551475,-6580.189720340306,77690.60151430918
2015-04-22,1142730.5502521184,26240.353970015887,45327.23253551475,-6510.624482621439,77673.58822920918
2015-04-23,1142536.9764768349,26240.353970015887,45327.23253551475,-6485.885603157571,77455.27557446179
2015-04-24,1142770.1253146045,26240.353970015887,45327.23253551475,-5370.010431528324,76572.54924060218
2015-04-27,1142754.0090478205,26240.353970015887,45327.23253551475,-5916.798650126439,77103.22119241627
2015-04-28,1143374.0108331055,26240.353970015887,45327.23253551475,-4979.747425417532,76786.17175299232
2015-04-29,1143188.8586662975,26240.353970015887,45327.23253551475,-4917.290386009845,76538.56254677661
2015-04-30,1142004.6701410543,26240.353970015887,45327.23253551475,-6302.392277692328,76739.47591321613
2015-05-01,1144011.4424128206,26240.353970015887,45327.23253551475,-4764.315811473643,77208.17171876365
2015-05-04,1144170.1239935136,26240.353970015887,45327.23253551475,-5458.476266906946,78061.01375488983
2015-05-05,1143849.3537218324,26240.353970015887,45327.23253551475,-5967.170135750319,78248.93735205196
2015-05-06,1144184.6818864122,26240.353970015887,45327.23253551475,-6310.669170758803,78927.76455164026
2015-05-07,1145302.3605271361,26240.353970015887,45327.23253551475,-5574.385020416463,79309.15904202196
2015-05-08,1145951.5607156528,26240.353970015887,45327.23253551475,-4850.570963971317,79234.54517409345
2015-05-11,1145951.583392912,26240.353970015887,45327.23253551475,-5502.544325251598,79886.54121263302
2015-05-12,1145522.0738506569,26240.353970015887,45327.23253551475,-6024.711005341378,79979.19835046772
2015-05-13,1145574.765197026,26240.353970015887,45327.23253551475,-5548.143689182354,79555.3223806778
2015-05-14,1145518.823853817,26240.353970015887,45327.23253551475,-5484.887516811956,79436.12486509839
2015-05-15,1144699.8576219713,26240.353970015887,45327.23253551475,-6704.697780250572,79836.96889669122
2015-05-18,1144756.3680479373,26240.353970015887,45327.23253551475,-6704.697780250572,79893.47932265722
2015-05-19,1144792.8828579313,26240.353970015887,45327.23253551475,-6704.697780250572,79929.99413265125
2015-05-20,1144826.013107002,26240.353970015887,45327.23253551475,-6704.697780250572,79963.12438172195
2015-05-21,1144850.5928141384,26240.353970015887,45327.23253551475,-6704.697780250572,79987.70408885833
2015-05-22,1144845.1459106028,26240.353970015887,45327.23253551475,-6704.697780250572,79982.2571853227
2015-05-26,1145012.3406122637,26240.353970015887,45327.23253551475,-6704.697780250572,80149.45188698359
2015-05-27,1145041.8872731626,26240.353970015887,45327.23253551475,-6704.697780250572,80178.99854788254
2015-05-28,1145069.7924388272,26240.353970015887,45327.23253551475,-6704.697780250572,80206.90371354716
2015-05-29,1145095.684781286,26240.353970015887,45327.23253551475,-6704.697780250572,80232.79605600587
2015-06-01,1145252.406527808,26240.353970015887,45327.23253551475,-6704.697780250572,80389.51780252787
2015-06-02,1145309.6130425013,26240.353970015887,45327.23253551475,-6704.697780250572,80446.7243172212
2015-06-03,1145182.785180261,26240.353970015887,45327.23253551475,-6704.697780250572,80319.89645498083
2015-06-04,1145047.558932293,26240.353970015887,45327.23253551475,-6704.697780250572,80184.67020701291
2015-06-05,1145096.4555111595,26240.353970015887,45327.23253551475,-6704.697780250572,80233.56678587943
2015-06-08,1145196.6392328558,26240.353970015887,45327.23253551475,-6704.697780250572,80333.75050757569
2015-06-09,1145199.7174893098,26240.353970015887,45327.23253551475,-6704.697780250572,80336.82876402978
2015-06-10,1145135.753654649,26240.353970015887,45327.23253551475,-6704.697780250572,80272.86492936895
2015-06-11,1145135.179830403,26240.353970015887,45327.23253551475,-6704.697780250572,80272.291105123
2015-06-12,1145111.7892877646,26240.353970015887,45327.23253551475,-6704.697780250572,80248.90056248452
2015-06-15,1145382.6752760895,26240.353970015887,45327.23253551475,-6704.697780250572,80519.7865508094
2015-06-16,1145486.5568701308,26240.353970015887,45327.23253551475,-6704.697780250572,80623.66814485076
2015-06-17,1145631.9498120395,26240.353970015887,45327.23253551475,-6704.697780250572,80769.06108675944
2015-06-18,1145624.2379029524,26240.353970015887,45327.23253551475,-6704.697780250572,80761.3491776723
2015-06-19,1145628.3986648156,26240.353970015887,45327.23253551475,-6704.697780250572,80765.50993953552
2015-06-22,1147227.8879892793,26558.13122355647,46675.504941344494,-6704.697780250572,80698.94960462884
2015-06-23,1148009.9762806823,26795.43203593383,47313.860759985866,-6704.697780250572,80605.38126501325
2015-06-24,1147449.7544501899,26441.14827516314,47057.687488282216,-6704.697780250572,80655.6164669951
2015-06-25,1146431.4980082246,26031.98142166133,46649.71931860922,-6704.697780250572,80454.49504820467
2015-06-26,1146633.0298869128,26014.778291094,46751.28518538212,-6704.697780250572,80571.66419068724
2015-06-29,1137950.3767307133,21365.619951472734,42761.52767096588,-6704.697780250572,80527.92688852525
2015-06-30,1140580.490450988,22634.48273517948,43951.24697625183,-6704.697780250572,80699.45851980732
2015-07-01,1144732.4614343178,24634.837057321914,45939.508845588076,-6704.697780250572,80862.81331165833
2015-07-02,1144310.2578342995,23974.554975660983,46142.671422119136,-6704.697780250572,80897.72921677004
2015-07-06,1144734.595285065,24261.404177978402,46108.194481223356,-6704.697780250572,81069.69440611382
2015-07-07,1146437.7300052969,25495.660200339975,46491.80266112473,-6704.697780250572,81154.96492408263
2015-07-08,1142903.1209317988,23485.653474719962,45091.31587722502,-6704.697780250572,81030.84936010442
2015-07-09,1144055.4646724998,23833.176315628225,45708.26832487958,-6704.697780250572,81218.71781224245
2015-07-10,1147943.1563626057,26240.80285164842,47041.854333491414,-6704.697780250572,81365.19695771649
2015-07-13,1150566.148747337,27203.171590660233,48566.53205084812,-6704.697780250572,81501.14288607915
2015-07-14,1152314.549833544,27808.51367136452,49662.50667019002,-6704.697780250572,81548.22727224021
2015-07-15,1152709.7517384263,27766.38616502157,49939.94925375213,-6704.697780250572,81708.11409990327
2015-07-16,1153589.3623388773,28733.110783373588,49977.36026605684,-6704.697780250572,81583.58906969731
2015-07-17,1153948.7474143384,28679.963349865517,50171.56469388446,-6704.697780250572,81801.917150839
2015-07-20,1154055.494487063,28679.963349865517,50171.56469388446,-6704.697780250572,81908.66422356362
2015-07-21,1154041.5049200605,28679.963349865517,50171.56469388446,-6704.697780250572,81894.67465656111
2015-07-22,1153950.2459884905,28679.963349865517,50171.56469388446,-6704.697780250572,81803.41572499112
2015-07-23,1153827.702491761,28679.963349865517,50171.56469388446,-6704.697780250572,81680.87222826155
2015-07-24,1151790.0722700409,28679.963349865517,50171.56469388446,-6704.697780250572,79643.24200654146
2015-07-27,1152376.6958695464,28679.963349865517,50171.56469388446,-6704.697780250572,80229.86560604698
2015-07-28,1152643.6945327169,28679.963349865517,50171.56469388446,-6704.697780250572,80496.86426921748
2015-07-29,1152256.7603352254,28679.963349865517,50171.56469388446,-6704.697780250572,80109.93007172598
2015-07-30,1152373.3636536666,28679.963349865517,50171.56469388446,-6704.697780250572,80226.53339016717
2015-07-31,1152329.6210186149,28679.963349865517,50171.56469388446,-6704.697780250572,80182.79075511545
2015-08-03,1152009.1626372428,28679.963349865517,50171.56469388446,-6704.697780250572,79862.33237374341
2015-08-04,1151885.1739174018,28679.963349865517,50171.56469388446,-6704.697780250572,79738.34365390241
2015-08-05,1152139.8058221804,28679.963349865517,50171.56469388446,-6704.697780250572,79992.97555868095
2015-08-06,1152526.1524176465,28679.963349865517,50171.56469388446,-6704.697780250572,80379.32215414708
2015-08-07,1151890.3534915138,28679.963349865517,50171.56469388446,-6704.697780250572,79743.52322801435
2015-08-10,1153198.0838495505,28679.963349865517,50171.56469388446,-6704.697780250572,81051.25358605105
2015-08-11,1153030.0056989344,28679.963349865517,50171.56469388446,-6704.697780250572,80883.17543543503
2015-08-12,1153408.7989716644,28679.963349865517,50171.56469388446,-6704.697780250572,81261.96870816499
2015-08-13,1153248.8873963822,28679.963349865517,50171.56469388446,-6704.697780250572,81102.05713288276
2015-08-14,1153047.195600945,28679.963349865517,50171.56469388446,-6704.697780250572,80900.36533744563
2015-08-17,1153400.992523444,28679.963349865517,50171.56469388446,-6704.697780250572,81254.16225994448
2015-08-18,1153294.1526240958,28679.963349865517,50171.56469388446,-6704.697780250572,81147.32236059639
2015-08-19,1153113.5380141006,28679.963349865517,50171.56469388446,-6704.697780250572,80966.70775060123
2015-08-20,1152532.5392648517,28679.963349865517,50171.56469388446,-6704.697780250572,80385.70900135231
2015-08-21,1149018.8280497945,28679.963349865517,50171.56469388446,-6704.697780250572,76871.99778629513
2015-08-24,1124277.275861463,16742.718137089512,38310.29691568902,-6704.697780250572,75928.95858893497
2015-08-25,1128458.3564738785,24080.762138767866,36270.24299217004,-6704.697780250572,74812.04912319104
2015-08-26,1127371.2624230688,8090.251367817982,48629.4226910267,-6704.697780250572,77356.28614447475
2015-08-27,1153394.5418190414,29851.256705339998,52619.46537682507,-6704.697780250572,77628.51751712686
2015-08-28,1152964.4838268072,28738.811194226262,53194.86545768683,-6704.697780250572,77735.5049551446
2015-08-31,1154194.0826802363,29031.48591750185,53482.45308250864,-6704.697780250572,78384.8414604764
2015-09-01,1138847.0791316992,23576.395839960314,44714.43302093248,-6704.697780250572,77260.94805105682
2015-09-02,1156519.6599154733,31238.206388987717,53229.541664841585,-6704.697780250572,78756.60964189447
2015-09-03,1156270.1135107758,30220.56130748696,53571.72542455071,-6704.697780250572,79182.52455898863
2015-09-04,1146697.7980513382,26865.795906101237,48249.101440772414,-6704.697780250572,78287.59848471498
2015-09-08,1155293.675357747,30923.736188984592,52048.316446395125,-6704.697780250572,79026.32050261763
2015-09-09,1152924.4650118602,28788.93687782681,50964.05685779569,-6704.697780250572,79876.16905648843
2015-09-10,1155837.4651669525,30725.1162175145,52008.763782742666,-6704.697780250572,79808.28294694587
2015-09-11,1158750.7674336927,32373.044946665294,53674.25451621157,-6704.697780250572,79408.16575106652
2015-09-14,1158795.8433846284,31426.810954897897,53456.832779082935,-6704.697780250572,80616.89743089816
2015-09-15,1164954.5838334137,34155.53716261301,56482.75768715888,-6704.697780250572,81020.98676389246
2015-09-16,1167071.5595472616,35783.1348512175,57038.49456392182,-6704.697780250572,80954.62791237282
2015-09-17,1171207.7426446932,35830.648951218114,60369.88107558852,-6704.697780250572,81711.91039813706
2015-09-18,1165300.8500091862,32017.237219478353,57135.67632140941,-6704.697780250572,82852.63424854912
2015-09-21,1169966.1201221407,34544.16555625782,59227.85650465195,-6704.697780250572,82898.79584148154
2015-09-22,1166464.2897274639,32501.188255360583,57712.44535729429,-6704.697780250572,82955.35389505955
2015-09-23,1168477.1277703685,33477.802496559336,58723.20005249884,-6704.697780250572,82980.82300156099
2015-09-24,1167428.103230974,33113.50819056714,57981.319351868005,-6704.697780250572,83037.97346878937
2015-09-25,1168846.8018325958,34168.39788240858,58398.19352561608,-6704.697780250572,82984.90820482164
2015-09-28,1159310.3547652354,29566.958152910694,53502.428869426716,-6704.697780250572,82945.66552314861
2015-09-29,1161169.5671582662,30116.08564607124,54599.41312287864,-6704.697780250572,83158.7661695669
2015-09-30,1168985.9776351876,33877.000869262265,58625.633617312415,-6704.697780250572,83188.04092886345
2015-10-01,1171182.5686863335,34834.63780620892,59793.569933841936,-6704.697780250572,83259.05872653332
2015-10-02,1175557.0345852573,37102.306992721045,61778.27680382249,-6704.697780250572,83381.14856896433
2015-10-05,1176854.711857786,37148.4142187495,63059.12866185815,-6704.697780250572,83351.86675742874
2015-10-06,1179497.6336117457,38619.55715610401,64249.37007051101,-6704.697780250572,83333.40416538133
2015-10-07,1178695.7069852035,38058.77026426059,64094.89715069067,-6704.697780250572,83246.73735050275
2015-10-08,1175442.9221341703,37014.52024277183,62155.84488762426,-6704.697780250572,82977.25478402479
2015-10-09,1176589.1206465005,36983.396367697744,63041.44314657268,-6704.697780250572,83268.97891248064
2015-10-12,1176903.3585248762,36655.0784206551,63467.54737874097,-6704.697780250572,83485.43050573068
2015-10-13,1178538.9372046085,37735.31247279979,63896.486672136,-6704.697780250572,83611.83583992324
2015-10-14,1180226.1549636482,38654.68180653686,64630.04036666057,-6704.697780250572,83646.13057070132
2015-10-15,1178342.8930552956,37085.36736952851,63935.35380012565,-6704.697780250572,84026.86966589186
2015-10-16,1175046.344200315,34380.48443401151,63351.73260236345,-6704.697780250572,84018.82494419068
2015-10-19,1175225.8633230994,34380.48443401151,63351.73260236345,-6704.697780250572,84198.34406697517
2015-10-20,1175075.672788206,34380.48443401151,63351.73260236345,-6704.697780250572,84048.15353208152
2015-10-21,1175120.68162448,34380.48443401151,63351.73260236345,-6704.697780250572,84093.16236835578
2015-10-22,1174456.2181667974,34380.48443401151,63351.73260236345,-6704.697780250572,83428.69891067292
2015-10-23,1173262.133309917,34380.48443401151,63351.73260236345,-6704.697780250572,82234.61405379279
2015-10-26,1173575.9888402042,34380.48443401151,63351.73260236345,-6704.697780250572,82548.46958407992
2015-10-27,1173489.9154837192,34380.48443401151,63351.73260236345,-6704.697780250572,82462.3962275947
2015-10-28,1173533.834523553,34380.48443401151,63351.73260236345,-6704.697780250572,82506.31526742852
2015-10-29,1174351.4911066215,34380.48443401151,63351.73260236345,-6704.697780250572,83323.97185049718
2015-10-30,1174570.6182266716,34380.48443401151,63351.73260236345,-6704.697780250572,83543.09897054732
2015-11-02,1174853.2168940287,34380.48443401151,63351.73260236345,-6704.697780250572,83825.69763790444
2015-11-03,1174766.677455484,34380.48443401151,63351.73260236345,-6704.697780250572,83739.15819935966
2015-11-04,1175002.3666044325,34380.48443401151,63351.73260236345,-6704.697780250572,83974.84734830796
2015-11-05,1175131.5723765297,34380.48443401151,63351.73260236345,-6704.697780250572,84104.05312040541
2015-11-06,1174741.1969114286,34380.48443401151,63351.73260236345,-6704.697780250572,83713.67765530408
2015-11-09,1175225.4376416379,34380.48443401151,63351.73260236345,-6704.697780250572,84197.91838551336
2015-11-10,1175831.3521969542,34380.48443401151,63351.73260236345,-6704.697780250572,84803.83294082968
2015-11-11,1175825.7470170092,34380.48443401151,63351.73260236345,-6704.697780250572,84798.22776088491
2015-11-12,1175571.8386125523,34380.48443401151,63351.73260236345,-6704.697780250572,84544.319356428
2015-11-13,1175005.0750880633,34380.48443401151,63351.73260236345,-6704.697780250572,83977.55583193898
2015-11-16,1175849.463606522,34380.48443401151,63351.73260236345,-6704.697780250572,84821.94435039768
2015-11-17,1176355.5048131058,34380.48443401151,63351.73260236345,-6704.697780250572,85327.98555698153
2015-11-18,1175332.9955737526,34380.48443401151,63351.73260236345,-6704.697780250572,84305.47631762805
2015-11-19,1175451.2972207442,34380.48443401151,63351.73260236345,-6704.697780250572,84423.77796461969
2015-11-20,1175436.691403952,34380.48443401151,63351.73260236345,-6704.697780250572,84409.17214782769
2015-11-23,1176361.2092440291,34252.49048228364,64347.0193935968,-6704.697780250572,84466.39714839938
2015-11-24,1176255.6394208851,34106.905074125156,64375.6700217037,-6704.697780250572,84477.76210530684
2015-11-25,1177563.840309374,34685.89837692294,65061.04348803777,-6704.697780250572,84521.59622466378
2015-11-27,1178951.8929535637,35930.31673915847,65144.534635104705,-6704.697780250572,84581.73935955111
2015-11-30,1177523.9390738104,34637.54310662311,64947.113707668614,-6704.697780250572,84643.98003976932
2015-12-01,1178498.1650301977,35056.59886519483,65484.78236052673,-6704.697780250572,84661.4815847266
2015-12-02,1178723.0483178687,34940.98356659687,65747.78812850476,-6704.697780250572,84738.97440301767
2015-12-03,1174655.5459708078,33331.142780606286,63289.345886785304,-6704.697780250572,84739.75508366665
2015-12-04,1181384.951999307,36357.18142281193,66924.92591359583,-6704.697780250572,84807.54244314972
2015-12-07,1181155.2987671122,36144.83342961664,66780.05159281217,-6704.697780250572,84935.11152493395
2015-12-08,1180473.7354142342,35732.23892229772,66427.82935236814,-6704.697780250572,85018.36491981894
2015-12-09,1176605.996878225,33651.71236559888,64555.672049883055,-6704.697780250572,85103.31024299352
2015-12-10,1178951.7548741559,34653.38397362956,65861.49470736948,-6704.697780250572,85141.5739734075
2015-12-11,1167654.3981927428,29350.275330197997,59641.261016888544,-6704.697780250572,85367.55962590687
2015-12-14,1172582.7775611144,32170.276404071134,61617.25034093973,-6704.697780250572,85499.94859635411
2015-12-15,1174535.5841124374,34015.54276353691,61715.075550107285,-6704.697780250572,85509.6635790437
2015-12-16,1174019.9125736672,33766.222621851484,61569.94873366365,-6704.697780250572,85388.4389984028
2015-12-17,1180396.160131189,38630.54126467253,62848.41184733785,-6704.697780250572,85621.90479942923
2015-12-18,1191204.9933611592,45212.75301141606,66722.8076219114,-6704.697780250572,85974.13050808245
2015-12-21,1192139.4637877038,44216.57084796869,68636.8750225252,-6704.697780250572,85990.71569746034
2015-12-22,1193220.0857556877,44415.93629426835,69549.21236726362,-6704.697780250572,85959.63487440627
2015-12-23,1192108.2953714454,44363.718990051304,68515.49632209819,-6704.697780250572,85933.77783954656
2015-12-24,1192288.1213487675,43796.89549785934,69218.9521283945,-6704.697780250572,85976.97150276438
2015-12-28,1193232.3668472595,43734.31623733882,70092.73380608042,-6704.697780250572,86110.0145840908
2015-12-29,1193499.2895108797,43772.25817946147,70298.28386841714,-6704.697780250572,86133.44524325151
2015-12-30,1194000.7972447728,43676.23381572438,70848.06823380338,-6704.697780250572,86181.19297549548
2015-12-31,1192883.187201907,43258.15418474958,70143.98934116517,-6704.697780250572,86185.74145624274
2016-01-04,1188654.0910036908,41482.41189878725,67703.35658107977,-6704.697780250572,86173.02030407451
2016-01-05,1192002.7655437284,43008.80759293423,69453.80769114918,-6704.697780250572,86244.84803989553
2016-01-06,1188754.9439616716,41693.53221555264,67632.97562916926,-6704.697780250572,86133.13389720023
2016-01-07,1173508.551029943,36495.39766919473,57769.269424304366,-6704.697780250572,85948.5817166944
2016-01-08,1165411.2535383385,33727.99644305557,52669.854407665785,-6704.697780250572,85718.10046786768
2016-01-11,1167217.4166848967,34556.34118565859,53563.436355618294,-6704.697780250572,85802.33692387049
2016-01-12,1175341.0291608225,38187.331909407396,57811.329603912774,-6704.697780250572,86047.06542775291
2016-01-13,1167216.185938864,31215.621845841408,56935.52724750177,-6704.697780250572,85769.73462577141
2016-01-14,1174432.3053532238,37537.21503156086,57939.54485485051,-6704.697780250572,85660.24324706313
2016-01-15,1157752.6260673478,24744.70783093851,54139.234563658945,-6704.697780250572,85573.38145300094
2016-01-19,1160813.3226765264,25010.26573244459,55873.33315279451,-6704.697780250572,86634.42157153785
2016-01-20,1161769.120884297,26194.95619985368,55633.27895625541,-6704.697780250572,86645.58350843843
2016-01-21,1162469.442865711,25977.397257328033,56039.96311727655,-6704.697780250572,87156.78027135693
2016-01-22,1165499.9762387471,26667.448367975303,58269.31986255315,-6704.697780250572,87267.90578846913
2016-01-25,1168618.8016583435,27552.409911656636,59022.02484871028,-6704.697780250572,88749.0646782273
2016-01-26,1170456.8999593328,28398.988695901353,59711.505988944555,-6704.697780250572,89051.10305473744
2016-01-27,1172729.701152178,29416.054079312366,60277.92063497985,-6704.697780250572,89740.42421813635
2016-01-28,1174085.646451948,30345.09245598782,61036.00922641088,-6704.697780250572,89409.24254979985
2016-01-29,1169929.606806217,30041.733826409793,58850.46353948349,-6704.697780250572,87742.10722057428
2016-02-01,1171698.7107969564,28790.283275268856,59317.70365663571,-6704.697780250572,90295.42164530233
2016-02-02,1170185.9511033434,28592.3894587697,58651.4651316558,-6704.697780250572,89646.79429316847
2016-02-03,1171630.7486080416,28795.68970624276,59495.76455488871,-6704.697780250572,90043.99212716054
2016-02-04,1172818.5199940645,29158.865187128074,60104.199614273384,-6704.697780250572,90260.15297291358
2016-02-05,1167084.9129971804,27945.928568928968,57876.68542159046,-6704.697780250572,87966.9967869115
2016-02-08,1159935.3477032017,26475.15441306145,54650.48318181513,-6704.697780250572,85514.40788857569
2016-02-09,1161050.1213382208,26471.193505506846,54655.83577932743,-6704.697780250572,86627.78983363695
2016-02-10,1165441.9828105643,28266.915109364665,56257.12481618184,-6704.697780250572,87622.64066526853
2016-02-11,1162232.0230829832,28542.495559706353,55436.899228429655,-6704.697780250572,84957.32607509778
2016-02-12,1170926.174628704,29910.42491160729,59881.92473367322,-6704.697780250572,87838.52276367415
2016-02-16,1173198.0421121684,28516.299494834733,60680.849065911956,-6704.697780250572,90705.59133167239
2016-02-17,1172308.2220499688,28762.488766687457,58952.44185221451,-6704.697780250572,91297.98921131738
2016-02-18,1174346.7145083393,29261.723765587085,60378.71690480551,-6704.697780250572,91410.97161819716
2016-02-19,1176969.791887362,29758.150755195762,62225.44266327261,-6704.697780250572,91690.8962491441
2016-02-22,1175484.300676094,28144.20981938683,62313.06680357293,-6704.697780250572,91731.72183338483
2016-02-23,1176554.8473012433,28835.89098563802,62570.80359133775,-6704.697780250572,91852.85050451802
2016-02-24,1175853.9796013376,28428.817369844066,62416.54077396286,-6704.697780250572,91713.31923778122
2016-02-25,1174733.7903136727,28221.769392064656,62242.56863185903,-6704.697780250572,90974.15006999951
2016-02-26,1175331.5380858856,28277.272346753627,62566.6527305285,-6704.697780250572,91192.31078885403
2016-02-29,1176130.154567717,27943.33527958719,63420.428400426405,-6704.697780250572,91471.08866795409
2016-03-01,1176319.0231700372,28614.8150953796,63082.142268045805,-6704.697780250572,91326.76358686248
2016-03-02,1177166.9561436549,29338.35987887485,63096.30095127411,-6704.697780250572,91436.9930937565
2016-03-03,1177236.5461524003,29183.747393399128,62598.94555170555,-6704.697780250572,92158.5509875461
2016-03-04,1176465.7985824584,29256.1261080408,61708.49647829193,-6704.697780250572,92205.87377637625
2016-03-07,1176910.3043883066,28680.178486537305,62279.76366573246,-6704.697780250572,92655.06001628726
2016-03-08,1175776.3177822712,27646.07125986938,62274.213714266196,-6704.697780250572,92560.7305883863
2016-03-09,1176624.9156723623,28283.898383478983,62618.93501405022,-6704.697780250572,92426.78005508357
2016-03-10,1177294.0156502463,28043.968721875106,63265.778679206036,-6704.697780250572,92688.96602941584
2016-03-11,1177608.0330522133,29311.806655907072,62377.16972191166,-6704.697780250572,92623.7544546451
2016-03-14,1177220.1189883817,28842.4117484506,62459.65022766264,-6704.697780250572,92622.75479251915
2016-03-15,1176787.066383899,28494.225343390135,62395.108100595884,-6704.697780250572,92602.43072016351
2016-03-16,1176791.8277202514,29021.561465130886,62369.66841636179,-6704.697780250572,92105.2956190093
2016-03-17,1177654.7449759603,30026.357635262073,62254.85053550801,-6704.697780250572,92078.23458544095
2016-03-18,1176433.9282507626,29861.10651897674,61767.93515330134,-6704.697780250572,91509.58435873524
2016-03-21,1176445.7947702454,29861.10651897674,61767.93515330134,-6704.697780250572,91521.45087821782
2016-03-22,1176489.8611910194,29861.10651897674,61767.93515330134,-6704.697780250572,91565.51729899202
2016-03-23,1176574.8481782419,29861.10651897674,61767.93515330134,-6704.697780250572,91650.50428621448
2016-03-24,1176570.1343255518,29861.10651897674,61767.93515330134,-6704.697780250572,91645.79043352441
2016-03-28,1176722.438801642,29861.10651897674,61767.93515330134,-6704.697780250572,91798.09490961465
2016-03-29,1176654.8133547981,29861.10651897674,61767.93515330134,-6704.697780250572,91730.4694627705
2016-03-30,1176764.5036035432,29861.10651897674,61767.93515330134,-6704.697780250572,91840.15971151576
2016-03-31,1176783.6035785852,29861.10651897674,61767.93515330134,-6704.697780250572,91859.25968655781
2016-04-01,1176878.0601954898,29861.10651897674,61767.93515330134,-6704.697780250572,91953.7163034624
2016-04-04,1176845.3072375706,29861.10651897674,61767.93515330134,-6704.697780250572,91920.96334554302
2016-04-05,1176737.9527945495,29861.10651897674,61767.93515330134,-6704.697780250572,91813.6089025219
2016-04-06,1176948.147408986,29861.10651897674,61767.93515330134,-6704.697780250572,92023.80351695861
2016-04-07,1176678.7107985863,29861.10651897674,61767.93515330134,-6704.697780250572,91754.36690655886
2016-04-08,1176737.1069676178,29861.10651897674,61767.93515330134,-6704.697780250572,91812.76307559013
2016-04-11,1176669.2225293731,29861.10651897674,61767.93515330134,-6704.697780250572,91744.87863734551
2016-04-12,1176757.779814368,29861.10651897674,61767.93515330134,-6704.697780250572,91833.43592234049
2016-04-13,1176768.926302516,29861.10651897674,61767.93515330134,-6704.697780250572,91844.58241048828
2016-04-14,1176635.9359843726,29861.10651897674,61767.93515330134,-6704.697780250572,91711.592092345
2016-04-15,1176730.321946275,29861.10651897674,61767.93515330134,-6704.697780250572,91805.97805424756
2016-04-18,1176277.423942371,29861.10651897674,61767.93515330134,-7237.28828751191,91885.67055760487
2016-04-19,1176397.660245933,29861.10651897674,61767.93515330134,-6917.437382250093,91686.055955905
2016-04-20,1177328.847039809,29861.10651897674,61767.93515330134,-6065.376904063742,91765.18227159465
2016-04-21,1178070.4346962126,29861.10651897674,61767.93515330134,-5506.962857690291,91948.35588162486
2016-04-22,1178901.0661901212,29861.10651897674,61767.93515330134,-4404.795665744459,91676.82018358773
2016-04-25,1178955.0488255303,29861.10651897674,61767.93515330134,-5131.187651339918,92457.19480459229
2016-04-26,1178582.2356274065,29861.10651897674,61767.93515330134,-5457.913811250939,92411.10776637937
2016-04-27,1178452.7687085967,29861.10651897674,61767.93515330134,-5182.612875553663,92006.33991187229
2016-04-28,1177877.8211807678,29861.10651897674,61767.93515330134,-5470.530163302319,91719.30967179197
2016-04-29,1179372.247304798,29861.10651897674,61767.93515330134,-4293.034501946764,92036.24013446667
2016-05-02,1180218.596865199,29861.10651897674,61767.93515330134,-4299.86683130404,92889.42202422488
2016-05-03,1180493.332219704,29861.10651897674,61767.93515330134,-4338.694318497437,93202.98486592341
2016-05-04,1180782.9963278011,29861.10651897674,61767.93515330134,-4129.9808690290665,93283.93552455213
2016-05-05,1181032.2933068587,29861.10651897674,61767.93515330134,-3919.298695271602,93322.55032985238
2016-05-06,1181456.584289404,29861.10651897674,61767.93515330134,-3623.3167554147076,93450.85937254061
2016-05-09,1181657.0898754788,29861.10651897674,61767.93515330134,-4058.265869724215,94086.3140729249
2016-05-10,1181871.853889089,29861.10651897674,61767.93515330134,-4096.732624748955,94339.54484156007
2016-05-11,1182443.8591970038,29861.10651897674,61767.93515330134,-4283.548706272268,95098.36623099796
2016-05-12,1182361.1214507802,29861.10651897674,61767.93515330134,-4220.441654069233,94952.52143257135
2016-05-13,1182485.683829282,29861.10651897674,61767.93515330134,-4505.18930744112,95361.83146444499
2016-05-16,1183280.8018748066,29861.10651897674,61767.93515330134,-4968.5592521486105,96620.31945467717
2016-05-17,1184189.777630391,29861.10651897674,61767.93515330134,-5132.761221552733,97693.49717966584
2016-05-18,1184488.4172365319,29861.10651897674,61767.93515330134,-4723.390881433035,97582.76644568681
2016-05-19,1183771.442283105,29861.10651897674,61767.93515330134,-5120.045535473386,97262.4461463003
2016-05-20,1185169.2768087992,29861.10651897674,61767.93515330134,-4281.625441977521,97821.86057849857
2016-05-23,1185185.6043871525,29861.10651897674,61767.93515330134,-4281.625441977521,97838.18815685203
2016-05-24,1185194.7457264229,29861.10651897674,61767.93515330134,-4281.625441977521,97847.3294961222
2016-05-25,1185189.6798263667,29861.10651897674,61767.93515330134,-4281.625441977521,97842.26359606604
2016-05-26,1185053.3989360393,29861.10651897674,61767.93515330134,-4281.625441977521,97705.98270573863
2016-05-27,1185084.3231872758,29861.10651897674,61767.93515330134,-4281.625441977521,97736.90695697535
2016-05-31,1185113.0453285803,29861.10651897674,61767.93515330134,-4281.625441977521,97765.62909827963
2016-06-01,1184948.6201460925,29861.10651897674,61767.93515330134,-4281.625441977521,97601.20391579182
2016-06-02,1185024.8616958116,29861.10651897674,61767.93515330134,-4281.625441977521,97677.44546551094
2016-06-03,1185001.0753138699,29861.10651897674,61767.93515330134,-4281.625441977521,97653.65908356919
2016-06-06,1185010.9518856527,29861.10651897674,61767.93515330134,-4281.625441977521,97663.53565535229
2016-06-07,1185004.964560105,29861.10651897674,61767.93515330134,-4281.625441977521,97657.54832980433
2016-06-08,1184990.1209363705,29861.10651897674,61767.93515330134,-4281.625441977521,97642.70470607001
2016-06-09,1184936.4015848902,29861.10651897674,61767.93515330134,-4281.625441977521,97588.98535458976
2016-06-10,1184799.878349674,29861.10651897674,61767.93515330134,-4281.625441977521,97452.46211937326
2016-06-13,1184725.9974073507,29861.10651897674,61767.93515330134,-4281.625441977521,97378.58117705025
2016-06-14,1184646.902365706,29861.10651897674,61767.93515330134,-4281.625441977521,97299.48613540549
2016-06-15,1184697.7395219905,29861.10651897674,61767.93515330134,-4281.625441977521,97350.32329168986
2016-06-16,1184626.6811545193,29861.10651897674,61767.93515330134,-4281.625441977521,97279.26492421888
2016-06-17,1184623.389595788,29861.10651897674,61767.93515330134,-4281.625441977521,97275.97336548753
2016-06-20,1184832.9866205705,29234.171266196878,62493.27135911933,-4281.625441977521,97387.16943723196
2016-06-21,1183715.4953259202,28603.926771317725,61959.95407398185,-4281.625441977521,97433.239922598
2016-06-22,1180568.4860928594,27011.00706469582,60327.85657565505,-4281.625441977521,97511.24789448595
2016-06-23,1181827.6233650623,27695.537275008508,60960.11932887207,-4281.625441977521,97453.59220315935
2016-06-24,1182382.8687649812,28084.533421773114,61156.32094052923,-4281.625441977521,97423.63984465622
2016-06-27,1185888.0802262933,30518.568950489396,62314.87426085211,-4281.625441977521,97336.26245692931
2016-06-28,1191268.475656445,32645.113859690726,65361.00686444738,-4281.625441977521,97543.98037428432
2016-06-29,1190116.2064354178,32038.01271687646,64713.10951292212,-4281.625441977521,97646.70964759681
2016-06-30,1185706.547209832,30720.435611275374,61578.45975163998,-4281.625441977521,97689.27728889394
2016-07-01,1186051.3808292116,30754.520029599313,61868.70858042268,-4281.625441977521,97709.77766116709
2016-07-05,1181665.9811193158,30353.248435704038,62556.33393405005,-4281.625441977521,93038.02419153927
2016-07-06,1181793.818859237,30083.23299690499,62890.231803710805,-4281.625441977521,93101.97950059874
2016-07-07,1182410.5107780495,30071.987316651153,63504.646832147846,-4281.625441977521,93115.50207122811
2016-07-08,1180189.9510575288,29721.036010270705,61501.72658765549,-4281.625441977521,93248.81390158017
2016-07-11,1179516.4273492699,29442.808117468492,60797.18656698754,-4281.625441977521,93558.05810679146
2016-07-12,1180482.6576430704,30439.216559277498,60656.0834004879,-4281.625441977521,93668.98312528245
2016-07-13,1180207.182465111,30238.78610134672,60647.83968003001,-4281.625441977521,93602.18212571181
2016-07-14,1181645.3757123735,31600.06052617426,60646.61415969324,-4281.625441977521,93680.32646848354
2016-07-15,1179196.591739073,31413.26006275683,58482.365466071526,-4281.625441977521,93582.59165222198
2016-07-18,1178795.764551422,31413.26006275683,58482.365466071526,-4867.355651092716,93767.49467368657
2016-07-19,1179485.4895677306,31413.26006275683,58482.365466071526,-4282.871568218921,93872.73560712114
2016-07-20,1179723.7349209362,31413.26006275683,58482.365466071526,-4010.5497370113153,93838.65912911925
2016-07-21,1180431.6162377247,31413.26006275683,58482.365466071526,-3202.642138247029,93738.63284714334
2016-07-22,1181351.9827734837,31413.26006275683,58482.365466071526,-2156.7773806649493,93613.13462532032
2016-07-25,1181039.0932536172,31413.26006275683,58482.365466071526,-2782.0123276375234,93925.48005242622
2016-07-26,1181684.7532660752,31413.26006275683,58482.365466071526,-1992.6783343029674,93781.80607154989
2016-07-27,1182134.493263542,31413.26006275683,58482.365466071526,-1357.9375187343685,93596.80525344796
2016-07-28,1182329.672491923,31413.26006275683,58482.365466071526,-1250.4483573802281,93684.49532047473
2016-07-29,1183128.8568482562,31413.26006275683,58482.365466071526,-294.3226714213379,93527.55399084906
2016-08-01,1182656.7579334201,31413.26006275683,58482.365466071526,-394.3253745760303,93155.45777916769
2016-08-02,1180812.273773339,31413.26006275683,58482.365466071526,-1237.425962063484,92154.07420657435
2016-08-03,1181685.7067303075,31413.26006275683,58482.365466071526,-717.5242685407866,92507.60547002009
2016-08-04,1182008.4895301447,31413.26006275683,58482.365466071526,-511.53067921451293,92624.39468053076
2016-08-05,1184881.620318695,31413.26006275683,58482.365466071526,2092.268887013546,92893.72590285307
2016-08-08,1184977.6208381248,31413.26006275683,58482.365466071526,1899.7194503471255,93182.27585894917
2016-08-09,1185144.620727821,31413.26006275683,58482.365466071526,1854.7207096397178,93394.27448935295
2016-08-10,1185102.3652743495,31413.26006275683,58482.365466071526,1492.6497030610917,93714.09004246001
2016-08-11,1185559.7510164278,31413.26006275683,58482.365466071526,2043.6036079726182,93620.5218796269
2016-08-12,1186125.5818864205,31413.26006275683,58482.365466071526,2319.154469398549,93910.8018881937
2016-08-15,1186362.928058973,31413.26006275683,58482.365466071526,2312.0842398020905,94155.21829034248
2016-08-16,1185675.9296280371,31413.26006275683,58482.365466071526,1590.2353583077202,94190.06874090107
2016-08-17,1186649.9077352656,31413.26006275683,58482.365466071526,2024.560883829021,94729.72132260818
2016-08-18,1187812.6728879274,31413.26006275683,58482.365466071526,2916.2034776586806,95000.84388144035
2016-08-19,1186572.8727919841,31413.26006275683,58482.365466071526,2254.5202417636756,94422.72702139197
2016-08-22,1186601.150289942,31413.26006275683,58482.365466071526,2254.5202417636756,94451.00451935013
2016-08-23,1186610.585898018,31413.26006275683,58482.365466071526,2254.5202417636756,94460.44012742606
2016-08-24,1186627.275952214,31413.26006275683,58482.365466071526,2254.5202417636756,94477.13018162176
2016-08-25,1186588.1720533585,31413.26006275683,58482.365466071526,2254.5202417636756,94438.0262827666
2016-08-26,1186607.2886354178,31413.26006275683,58482.365466071526,2254.5202417636756,94457.1428648259
2016-08-29,1186671.6837554714,31413.26006275683,58482.365466071526,2254.5202417636756,94521.53798487922
2016-08-30,1186686.367317616,31413.26006275683,58482.365466071526,2254.5202417636756,94536.22154702386
2016-08-31,1186708.9448796865,31413.26006275683,58482.365466071526,2254.5202417636756,94558.79910909454
2016-09-01,1186748.4228815404,31413.26006275683,58482.365466071526,2254.5202417636756,94598.27711094823
2016-09-02,1186755.8958799415,31413.26006275683,58482.365466071526,2254.5202417636756,94605.75010934938
2016-09-06,1186833.7161226515,31413.26006275683,58482.365466071526,2254.5202417636756,94683.57035205956
2016-09-07,1186837.5177513682,31413.26006275683,58482.365466071526,2254.5202417636756,94687.37198077608
2016-09-08,1186857.5965083623,31413.26006275683,58482.365466071526,2254.5202417636756,94707.45073777018
2016-09-09,1186899.6752191978,31413.26006275683,58482.365466071526,2254.5202417636756,94749.52944860584
2016-09-12,1186933.6876768088,31413.26006275683,58482.365466071526,2254.5202417636756,94783.54190621688
2016-09-13,1186912.1398928408,31413.26006275683,58482.365466071526,2254.5202417636756,94761.99412224884
2016-09-14,1187004.885221118,31413.26006275683,58482.365466071526,2254.5202417636756,94854.73945052596
2016-09-15,1186973.3093824652,31413.26006275683,58482.365466071526,2254.5202417636756,94823.16361187329
2016-09-16,1186916.1236855555,31413.26006275683,58482.365466071526,2254.5202417636756,94765.97791496338
2016-09-19,1186941.4180280217,31413.26006275683,58482.365466071526,2254.5202417636756,94791.27225742955
2016-09-20,1186957.433046693,31413.26006275683,58482.365466071526,2254.5202417636756,94807.28727610083
2016-09-21,1186961.2044140524,31413.26006275683,58482.365466071526,2254.5202417636756,94811.0586434605
2016-09-22,1186923.4625806105,31413.26006275683,58482.365466071526,2254.5202417636756,94773.31681001862
2016-09-23,1186959.7699085819,31413.26006275683,58482.365466071526,2254.5202417636756,94809.62413798994
2016-09-26,1186965.0711336085,31413.26006275683,58482.365466071526,2254.5202417636756,94814.92536301655
2016-09-27,1186891.8295426564,31413.26006275683,58482.365466071526,2254.5202417636756,94741.68377206428
2016-09-28,1186903.175544078,31413.26006275683,58482.365466071526,2254.5202417636756,94753.02977348608
2016-09-29,1186547.5602958812,31413.26006275683,58482.365466071526,2254.5202417636756,94397.41452528932
2016-09-30,1186545.9624911714,31413.26006275683,58482.365466071526,2254.5202417636756,94395.81672057929
2016-10-03,1186652.2018792974,31413.26006275683,58482.365466071526,2254.5202417636756,94502.05610870523
2016-10-04,1186822.3420183295,31413.26006275683,58482.365466071526,2254.5202417636756,94672.19624773739
2016-10-05,1186861.1508015716,31413.26006275683,58482.365466071526,2254.5202417636756,94711.00503097964
2016-10-06,1186846.573989633,31413.26006275683,58482.365466071526,2254.5202417636756,94696.42821904109
2016-10-07,1187000.049819177,31413.26006275683,58482.365466071526,2254.5202417636756,94849.9040485851
2016-10-10,1186955.7598258173,31413.26006275683,58482.365466071526,2254.5202417636756,94805.6140552254
2016-10-11,1186974.5961842434,31413.26006275683,58482.365466071526,2254.5202417636756,94824.45041365153
2016-10-12,1186964.0643927786,31413.26006275683,58482.365466071526,2254.5202417636756,94813.91862218641
2016-10-13,1186911.333080473,31413.26006275683,58482.365466071526,2254.5202417636756,94761.18730988074
2016-10-14,1186914.9244546895,31413.26006275683,58482.365466071526,2254.5202417636756,94764.77868409734
2016-10-17,1187051.3654618151,31413.26006275683,58482.365466071526,2254.5202417636756,94901.219691223
2016-10-18,1187112.1855798773,31413.26006275683,58482.365466071526,2254.5202417636756,94962.0398092852
2016-10-19,1186959.3120598625,31413.26006275683,58482.365466071526,2254.5202417636756,94809.16628927062
2016-10-20,1187160.348112972,31413.26006275683,58482.365466071526,2254.5202417636756,95010.20234237984
2016-10-21,1187165.948795428,31413.26006275683,58482.365466071526,2254.5202417636756,95015.80302483612
2016-10-24,1187347.1326747858,31413.26006275683,58482.365466071526,2254.5202417636756,95196.98690419365
2016-10-25,1187501.6518388405,31413.26006275683,58482.365466071526,2254.5202417636756,95351.5060682483
2016-10-26,1187346.8073165836,31413.26006275683,58482.365466071526,2254.5202417636756,95196.66154599143
2016-10-27,1187541.1830872768,31413.26006275683,58482.365466071526,2254.5202417636756,95391.03731668484
2016-10-28,1187452.384400513,31413.26006275683,58482.365466071526,2254.5202417636756,95302.2386299211
2016-10-31,1187621.6576493746,31413.26006275683,58482.365466071526,2254.5202417636756,95471.51187878242
2016-11-01,1187489.524396426,31413.26006275683,58482.365466071526,2254.5202417636756,95339.37862583413
2016-11-02,1187536.201806435,31413.26006275683,58482.365466071526,2254.5202417636756,95386.05603584298
2016-11-03,1187280.3971774997,31413.26006275683,58482.365466071526,2254.5202417636756,95130.25140690757
2016-11-04,1187571.4556432618,31413.26006275683,58482.365466071526,2254.5202417636756,95421.30987266987
2016-11-07,1187534.955864919,31413.26006275683,58482.365466071526,2254.5202417636756,95384.81009432697
2016-11-08,1187007.8193499534,31413.26006275683,58482.365466071526,2254.5202417636756,94857.67357936129
2016-11-09,1186745.9164794846,31413.26006275683,58482.365466071526,2254.5202417636756,94595.7707088925
2016-11-10,1185557.7387418104,31413.26006275683,58482.365466071526,2254.5202417636756,93407.59297121852
2016-11-11,1186018.765155646,31413.26006275683,58482.365466071526,2254.5202417636756,93868.6193850541
2016-11-14,1185717.3521927176,31413.26006275683,58482.365466071526,2254.5202417636756,93567.20642212545
2016-11-15,1186473.1344167823,31413.26006275683,58482.365466071526,2254.5202417636756,94322.98864619015
2016-11-16,1186393.1672427226,31413.26006275683,58482.365466071526,2254.5202417636756,94243.02147213067
2016-11-17,1186987.0297731264,31413.26006275683,58482.365466071526,2254.5202417636756,94836.88400253444
2016-11-18,1186619.937488285,31413.26006275683,58482.365466071526,2254.5202417636756,94469.79171769274
2016-11-21,1186701.2445982406,31413.26006275683,58482.365466071526,2254.5202417636756,94551.09882764844
2016-11-22,1186368.9035626655,31413.26006275683,58482.365466071526,2254.5202417636756,94218.75779207353
2016-11-23,1186348.6738815624,31413.26006275683,58482.365466071526,2254.5202417636756,94198.52811097051
2016-11-25,1186582.0953010358,31413.26006275683,58482.365466071526,2254.5202417636756,94431.94953044388
2016-11-28,1186585.339950113,31413.26006275683,58482.365466071526,2254.5202417636756,94435.19417952118
2016-11-29,1186583.6579709337,31413.26006275683,58482.365466071526,2254.5202417636756,94433.51220034156
2016-11-30,1186043.88481995,31413.26006275683,58482.365466071526,2254.5202417636756,93893.73904935783
2016-12-01,1185872.258280225,31413.26006275683,58482.365466071526,2254.5202417636756,93722.11250963318
2016-12-02,1186173.2502342593,31413.26006275683,58482.365466071526,2254.5202417636756,94023.10446366714
2016-12-05,1186071.5148029341,31413.26006275683,58482.365466071526,2254.5202417636756,93921.36903234222
2016-12-06,1186079.3193769627,31413.26006275683,58482.365466071526,2254.5202417636756,93929.17360637081
2016-12-07,1185947.1458470952,31413.26006275683,58482.365466071526,2254.5202417636756,93797.00007650303
2016-12-08,1185878.1400849055,31413.26006275683,58482.365466071526,2254.5202417636756,93727.9943143134
2016-12-09,1185636.7423934718,31413.26006275683,58482.365466071526,2254.5202417636756,93486.59662287962
2016-12-12,1185504.5533246305,31413.26006275683,58482.365466071526,2254.5202417636756,93354.40755403833
2016-12-13,1185321.152391539,31413.26006275683,58482.365466071526,2254.5202417636756,93171.0066209468
2016-12-14,1185628.569132856,31413.26006275683,58482.365466071526,2254.5202417636756,93478.42336226394
2016-12-15,1186011.6516189831,31413.26006275683,58482.365466071526,2254.5202417636756,93861.50584839098
2016-12-16,1185851.039296358,31413.26006275683,58482.365466071526,2254.5202417636756,93700.89352576574
2016-12-19,1185578.6964084022,31413.26006275683,58482.365466071526,1967.7367807218106,93715.334098852
2016-12-20,1185746.4654037128,31413.26006275683,58482.365466071526,2131.447069006739,93719.39280587761
2016-12-21,1186081.0800488344,31413.26006275683,58482.365466071526,2460.69802689692,93724.75649310928
2016-12-22,1186399.3986690724,31413.26006275683,58482.365466071526,2780.8348521699663,93722.93828807399
2016-12-23,1186060.3225571946,31413.26006275683,58482.365466071526,2422.5043202304514,93742.19270813582
2016-12-27,1185589.8411124714,31413.26006275683,58482.365466071526,1929.543890817673,93764.67169282539
2016-12-28,1184895.3097277612,31413.26006275683,58482.365466071526,1243.2988250487251,93756.38537388411
2016-12-29,1184709.8932634038,31413.26006275683,58482.365466071526,1077.9256741625722,93736.34206041275
2016-12-30,1184232.8996764016,31413.26006275683,58482.365466071526,602.7582877050154,93734.51585986838
2017-01-03,1184766.986141113,31413.26006275683,58482.365466071526,1076.0499329949962,93795.31067928975
2017-01-04,1185508.1836406663,31413.26006275683,58482.365466071526,1809.821589998086,93802.73652183986
2017-01-05,1185456.7700043274,31413.26006275683,58482.365466071526,1750.2521417564712,93810.8923337427
2017-01-06,1185720.08686251,31413.26006275683,58482.365466071526,1979.7205754512688,93844.74075823044
2017-01-09,1185522.939737531,31413.26006275683,58482.365466071526,1740.3694738459308,93886.94473485672
2017-01-10,1185494.1814985266,31413.26006275683,58482.365466071526,1729.8585351830116,93868.69743451523
2017-01-11,1186182.298806608,31413.26006275683,58482.365466071526,2397.9267080299323,93888.74656974967
2017-01-12,1185583.2067656987,31413.26006275683,58482.365466071526,1827.5514510013163,93860.02978586894
2017-01-13,1185960.3854010864,31413.26006275683,58482.365466071526,2217.9112985697575,93846.84857368842
2017-01-17,1184975.8833264215,31413.26006275683,58482.365466071526,1220.9113015746698,93859.34649601835
2017-01-18,1185134.5696303456,31413.26006275683,58482.365466071526,1334.8963308773236,93904.04777063988
2017-01-19,1184449.0564047853,31413.26006275683,58482.365466071526,664.8651394306216,93888.56573652616
2017-01-20,1185747.2434138528,31413.26006275683,58482.365466071526,2013.3688341012457,93838.24905092316
2017-01-23,1183759.3766562399,31413.26006275683,58482.365466071526,308.8810360262869,93554.87009138521
2017-01-24,1183688.540814778,31413.26006275683,58482.365466071526,170.6957736745244,93622.21951227519
2017-01-25,1183368.7734843483,31413.26006275683,58482.365466071526,-358.0264031381812,93831.17435865803
2017-01-26,1183929.9927011305,31413.26006275683,58482.365466071526,514.3812542357482,93519.98591806623
2017-01-27,1184686.9061355828,31413.26006275683,58482.365466071526,1242.8462482397445,93548.43435851461
2017-01-30,1184239.2950994875,31413.26006275683,58482.365466071526,281.8180859913118,94061.85148466798
2017-01-31,1184842.692242308,31413.26006275683,58482.365466071526,967.8211132446304,93979.24560023495
2017-02-01,1184795.673021288,31413.26006275683,58482.365466071526,1765.633847707766,93134.41364475177
2017-02-02,1185092.3847480398,31413.26006275683,58482.365466071526,1951.2971662104828,93245.46205300093
2017-02-03,1186014.3966251945,31413.26006275683,58482.365466071526,2527.941777633154,93590.82931873295
2017-02-06,1186081.3761787398,31413.26006275683,58482.365466071526,2100.127243816969,94085.6234060945
2017-02-07,1186025.1816202356,31413.26006275683,58482.365466071526,2133.1447581332177,93996.4113332741
2017-02-08,1187346.5287956307,31413.26006275683,58482.365466071526,3263.308288336033,94187.59497846616
2017-02-09,1187335.4365446947,31413.26006275683,58482.365466071526,3087.6227462122915,94352.18826965406
2017-02-10,1186878.6373391682,31413.26006275683,58482.365466071526,2201.1944037841167,94781.81740655564
2017-02-13,1186594.2355181656,31413.26006275683,58482.365466071526,1342.7535655976972,95355.85642373958
2017-02-14,1186389.116201968,31413.26006275683,58482.365466071526,1448.346301466343,95045.14437167323
2017-02-15,1186219.801741525,31413.26006275683,58482.365466071526,2627.2325750694145,93696.94363762741
2017-02-16,1185802.491925309,31413.26006275683,58482.365466071526,2563.5293908506865,93343.3370056299
2017-02-17,1188811.424150265,31413.26006275683,58482.365466071526,5488.296439775848,93427.50218166085
2017-02-21,1188829.2734059773,31413.26006275683,58482.365466071526,5488.296439775848,93445.35143737309
2017-02-22,1188821.0303621064,31413.26006275683,58482.365466071526,5488.296439775848,93437.10839350219
2017-02-23,1188884.7740358945,31413.26006275683,58482.365466071526,5488.296439775848,93500.85206729034
2017-02-24,1188891.0338140407,31413.26006275683,58482.365466071526,5488.296439775848,93507.1118454365
2017-02-27,1188975.6254004543,31413.26006275683,58482.365466071526,5488.296439775848,93591.70343185007
2017-02-28,1189085.570116775,31413.26006275683,58482.365466071526,5488.296439775848,93701.6481481709
2017-03-01,1188943.0591750303,31413.26006275683,58482.365466071526,5488.296439775848,93559.13720642612
2017-03-02,1189076.9210051277,31413.26006275683,58482.365466071526,5488.296439775848,93692.99903652351
2017-03-03,1189093.0229929318,31413.26006275683,58482.365466071526,5488.296439775848,93709.10102432757
2017-03-06,1189321.562184138,31413.26006275683,58482.365466071526,5488.296439775848,93937.64021553379
2017-03-07,1189337.8753865445,31413.26006275683,58482.365466071526,5488.296439775848,93953.9534179403
2017-03-08,1189311.5519957915,31413.26006275683,58482.365466071526,5488.296439775848,93927.63002718729
2017-03-09,1189447.8383755353,31413.26006275683,58482.365466071526,5488.296439775848,94063.91640693112
2017-03-10,1189411.0188147023,31413.26006275683,58482.365466071526,5488.296439775848,94027.09684609808
2017-03-13,1189569.0545500335,31413.26006275683,58482.365466071526,5488.296439775848,94185.13258142932
2017-03-14,1189442.936078302,31413.26006275683,58482.365466071526,5488.296439775848,94059.01410969789
2017-03-15,1189514.5417048894,31413.26006275683,58482.365466071526,5488.296439775848,94130.61973628518
2017-03-16,1189632.07055441,31413.26006275683,58482.365466071526,5488.296439775848,94248.1485858059
2017-03-17,1189354.908255322,31413.26006275683,58482.365466071526,5488.296439775848,93970.9862867177
2017-03-20,1188602.2256241231,31413.26006275683,58482.365466071526,4711.235651872819,93995.36444342206
2017-03-21,1188253.8084223662,31413.26006275683,58482.365466071526,4316.856943639228,94041.32594989846
2017-03-22,1187989.0522847832,31413.26006275683,58482.365466071526,4235.879563485039,93857.54719246994
2017-03-23,1187611.5050054523,31413.26006275683,58482.365466071526,3772.350897208671,93943.52857941529
2017-03-24,1187538.8865647335,31413.26006275683,58482.365466071526,3691.825412028469,93951.43562387652
2017-03-27,1187553.6186947315,31413.26006275683,58482.365466071526,3623.619495897903,94034.37367000524
2017-03-28,1187839.1233876701,31413.26006275683,58482.365466071526,3818.3937593195587,94125.10409952211
2017-03-29,1187955.4816688711,31413.26006275683,58482.365466071526,3922.2368349399185,94137.61930510285
2017-03-30,1188130.620206188,31413.26006275683,58482.365466071526,4183.855046676472,94051.139630683
2017-03-31,1187925.1474816464,31413.26006275683,58482.365466071526,4012.5005206733476,94017.02143214457
2017-04-03,1187632.9731927346,31413.26006275683,58482.365466071526,3717.2254403445404,94020.12222356163
2017-04-04,1187784.8653932898,31413.26006275683,58482.365466071526,3878.4026786771137,94010.83718578448
2017-04-05,1187308.9829430203,31413.26006275683,58482.365466071526,3348.756666191737,94064.6007480002
2017-04-06,1187662.1377134346,31413.26006275683,58482.365466071526,3716.570594747318,94049.94158985885
2017-04-07,1187371.048613885,31413.26006275683,58482.365466071526,3511.7672816639533,93963.65580339264
2017-04-10,1187180.4099415338,31413.26006275683,58482.365466071526,3237.8030695765046,94046.98134312895
2017-04-11,1187115.3681301211,31413.26006275683,58482.365466071526,3196.1167818865506,94023.62581940624
2017-04-12,1186829.5084154059,31413.26006275683,58482.365466071526,2918.4034028610913,94015.47948371642
2017-04-13,1186616.8095552358,31413.26006275683,58482.365466071526,2767.6643623518758,93953.51966405567
2017-04-17,1186769.043832006,31413.26006275683,58482.365466071526,2680.754490970983,94192.66381220659
2017-04-18,1186776.0698164864,31413.26006275683,58482.365466071526,2724.6725012359675,94155.77178642224
2017-04-19,1186792.0482346006,31413.26006275683,58482.365466071526,2706.20012936322,94190.22257640911
2017-04-20,1187024.512959056,31413.26006275683,58482.365466071526,2770.770707848482,94358.11672237935
2017-04-21,1186775.0801679795,31413.26006275683,58482.365466071526,2691.840934687876,94187.61370446323
2017-04-24,1186769.1102035579,31413.26006275683,58482.365466071526,2691.840934687876,94181.64374004165
2017-04-25,1186594.2733010326,31413.26006275683,58482.365466071526,2691.840934687876,94006.80683751637
2017-04-26,1186642.3834438245,31413.26006275683,58482.365466071526,2691.840934687876,94054.91698030825
2017-04-27,1186327.9703257375,31413.26006275683,58482.365466071526,2691.840934687876,93740.50386222126
2017-04-28,1186629.141498218,31413.26006275683,58482.365466071526,2691.840934687876,94041.67503470182
2017-05-01,1187319.466134627,31413.26006275683,58482.365466071526,2691.840934687876,94731.99967111065
2017-05-02,1187020.3678471716,31413.26006275683,58482.365466071526,2691.840934687876,94432.90138365538
2017-05-03,1186960.3555734972,31413.26006275683,58482.365466071526,2691.840934687876,94372.88910998101
2017-05-04,1186968.2477666617,31413.26006275683,58482.365466071526,2691.840934687876,94380.78130314546
2017-05-05,1187056.875799828,31413.26006275683,58482.365466071526,2691.840934687876,94469.40933631174
2017-05-08,1187734.0763384514,31413.26006275683,58482.365466071526,2691.840934687876,95146.60987493512
2017-05-09,1187934.2289383006,31413.26006275683,58482.365466071526,2691.840934687876,95346.7624747844
2017-05-10,1188320.4351594332,31413.26006275683,58482.365466071526,2691.840934687876,95732.96869591693
2017-05-11,1188182.3342191875,31413.26006275683,58482.365466071526,2691.840934687876,95594.86775567126
2017-05-12,1188439.2458327536,31413.26006275683,58482.365466071526,2691.840934687876,95851.77936923737
2017-05-15,1189032.298499928,31413.26006275683,58482.365466071526,2691.840934687876,96444.83203641186
2017-05-16,1188701.9604449968,31413.26006275683,58482.365466071526,2691.840934687876,96114.4939814806
2017-05-17,1188727.042747949,31413.26006275683,58482.365466071526,2691.840934687876,96139.57628443278
2017-05-18,1189001.8276624675,31413.26006275683,58482.365466071526,2691.840934687876,96414.36119895126
2017-05-19,1188849.1452489041,31413.26006275683,58482.365466071526,2691.840934687876,96261.67878538789
2017-05-22,1188898.0881771536,31413.26006275683,58482.365466071526,2691.840934687876,96310.62171363737
2017-05-23,1188880.2675192459,31413.26006275683,58482.365466071526,2691.840934687876,96292.80105572962
2017-05-24,1188712.764275872,31413.26006275683,58482.365466071526,2691.840934687876,96125.29781235568
2017-05-25,1188718.8686527666,31413.26006275683,58482.365466071526,2691.840934687876,96131.40218925034
2017-05-26,1188649.0544876545,31413.26006275683,58482.365466071526,2691.840934687876,96061.58802413824
2017-05-30,1188616.7436716158,31413.26006275683,58482.365466071526,2691.840934687876,96029.27720809961
2017-05-31,1188481.9393525287,31413.26006275683,58482.365466071526,2691.840934687876,95894.47288901242
2017-06-01,1188665.749402756,31413.26006275683,58482.365466071526,2691.840934687876,96078.28293923987
2017-06-02,1188649.0114758324,31413.26006275683,58482.365466071526,2691.840934687876,96061.5450123162
2017-06-05,1188587.488921579,31413.26006275683,58482.365466071526,2691.840934687876,96000.02245806274
2017-06-06,1188519.8715888953,31413.26006275683,58482.365466071526,2691.840934687876,95932.4051253791
2017-06-07,1188559.3834838793,31413.26006275683,58482.365466071526,2691.840934687876,95971.91702036303
2017-06-08,1188783.2243174326,31413.26006275683,58482.365466071526,2691.840934687876,96195.75785391638
2017-06-09,1188853.4107605736,31413.26006275683,58482.365466071526,2691.840934687876,96265.94429705734
2017-06-12,1188988.8548770752,31413.26006275683,58482.365466071526,2691.840934687876,96401.38841355895
2017-06-13,1189115.6203162372,31413.26006275683,58482.365466071526,2691.840934687876,96528.15385272098
2017-06-14,1189019.6045664912,31413.26006275683,58482.365466071526,2691.840934687876,96432.13810297498
2017-06-15,1189051.6021420984,31413.26006275683,58482.365466071526,2691.840934687876,96464.13567858213
2017-06-16,1189335.593118082,31413.26006275683,58482.365466071526,2691.840934687876,96748.1266545658
2017-06-19,1187328.8668950608,31413.26006275683,58482.365466071526,674.7385987393791,96758.50276749302
2017-06-20,1188039.7957173293,31413.26006275683,58482.365466071526,1324.297771322541,96819.87241717824
2017-06-21,1188591.6086155218,31413.26006275683,58482.365466071526,1990.0658505070023,96705.91723618633
2017-06-22,1189616.1846960613,31413.26006275683,58482.365466071526,3635.7121805752395,96084.8469866577
2017-06-23,1189547.7377689509,31413.26006275683,58482.365466071526,3745.3998418952106,95906.7123982273
2017-06-26,1189751.8192865313,31413.26006275683,58482.365466071526,3806.0307548285928,96050.16300287424
2017-06-27,1189482.6525826338,31413.26006275683,58482.365466071526,3512.2808076941874,96074.74624611135
2017-06-28,1190597.716670787,31413.26006275683,58482.365466071526,4496.419916018844,96205.67122593964
2017-06-29,1191420.0224962467,31413.26006275683,58482.365466071526,5200.101769793895,96324.29519762448
2017-06-30,1190793.3122912226,31413.26006275683,58482.365466071526,5342.7156227438245,95554.97113965033
2017-07-03,1191551.8063776123,31413.26006275683,58482.365466071526,5666.725751308841,95989.45509747509
2017-07-05,1191309.1379413684,31413.26006275683,58482.365466071526,5179.940381915541,96233.57203062437
2017-07-06,1191129.1570117367,31413.26006275683,58482.365466071526,4941.0813721206505,96292.45011078753
2017-07-07,1191600.4784917072,31413.26006275683,58482.365466071526,5530.811977938865,96174.04098494002
2017-07-10,1191388.9645798304,31413.26006275683,58482.365466071526,5409.1651203556685,96084.17393064639
2017-07-11,1191653.5104083316,31413.26006275683,58482.365466071526,5552.6592118144035,96205.22566768876
2017-07-12,1191428.671552603,31413.26006275683,58482.365466071526,5386.134611836285,96146.91141193826
2017-07-13,1191615.1308937343,31413.26006275683,58482.365466071526,5290.237926074769,96429.26743883104
2017-07-14,1190755.0522232333,31413.26006275683,58482.365466071526,4398.022045563324,96461.40464884159
2017-07-17,1190834.7792166881,31413.26006275683,58482.365466071526,4165.575555667747,96773.57813219214
2017-07-18,1191177.3287907736,31413.26006275683,58482.365466071526,4398.296043416136,96883.40721852914
2017-07-19,1190465.0188887478,31413.26006275683,58482.365466071526,3657.4064222195884,96911.98693769984
2017-07-20,1189968.780407695,31413.26006275683,58482.365466071526,3502.6072376777884,96570.54764118907
2017-07-21,1192935.1194728222,31413.26006275683,58482.365466071526,6469.48208746803,96570.01185652567
2017-07-24,1191903.0557694265,31413.26006275683,58482.365466071526,5215.032862382126,96792.39737821603
2017-07-25,1193286.592323875,31413.26006275683,58482.365466071526,6631.176633298164,96759.79016174865
2017-07-26,1193016.478063494,31413.26006275683,58482.365466071526,7047.709601133363,96073.14293353236
2017-07-27,1195260.6399053512,31413.26006275683,58482.365466071526,10162.224055329105,95202.79032119364
2017-07-28,1195764.777406979,31413.26006275683,58482.365466071526,10741.71791133238,95127.43396681827
2017-07-31,1195678.1168295173,31413.26006275683,58482.365466071526,10533.61587765452,95248.87542303442
2017-08-01,1196164.6225518575,31413.26006275683,58482.365466071526,11006.467728070216,95262.52929495904
2017-08-02,1197016.276195637,31413.26006275683,58482.365466071526,11299.541029591812,95821.1096372169
2017-08-03,1196943.046564186,31413.26006275683,58482.365466071526,10898.315418803133,96149.10561655439
2017-08-04,1198265.3900013608,31413.26006275683,58482.365466071526,11858.361534573138,96511.40293795918
2017-08-07,1198241.0827165917,31413.26006275683,58482.365466071526,11423.096693022642,96922.36049474077
2017-08-08,1197940.508632204,31413.26006275683,58482.365466071526,11068.269720417447,96976.61338295811
2017-08-09,1198425.263971957,31413.26006275683,58482.365466071526,11556.285316355526,96973.35312677291
2017-08-10,1195693.5095314817,31413.26006275683,58482.365466071526,9534.521761172684,96263.3622414805
2017-08-11,1196896.143864988,31413.26006275683,58482.365466071526,10120.143536932068,96880.37479922757
2017-08-14,1196707.1669576867,31413.26006275683,58482.365466071526,9443.58431074,97367.95711811841
2017-08-15,1196642.2948665796,31413.26006275683,58482.365466071526,9672.318771692691,97074.35056605842
2017-08-16,1196162.5056886356,31413.26006275683,58482.365466071526,9216.823787370347,97050.05637243693
2017-08-17,1196557.9268922198,31413.26006275683,58482.365466071526,8912.88956624607,97749.41179714538
2017-08-18,1197599.5227890792,31413.26006275683,58482.365466071526,9911.672616646392,97792.2246436046
2017-08-21,1197660.3832933693,31413.26006275683,58482.365466071526,9911.672616646392,97853.08514789469
2017-08-22,1197624.1464025187,31413.26006275683,58482.365466071526,9911.672616646392,97816.84825704386
2017-08-23,1197712.1961786803,31413.26006275683,58482.365466071526,9911.672616646392,97904.89803320565
2017-08-24,1197691.5736987744,31413.26006275683,58482.365466071526,9911.672616646392,97884.27555329958
2017-08-25,1197741.3815408922,31413.26006275683,58482.365466071526,9911.672616646392,97934.08339541755
2017-08-28,1197911.1712791421,31413.26006275683,58482.365466071526,9911.672616646392,98103.87313366728
2017-08-29,1197973.3036776492,31413.26006275683,58482.365466071526,9911.672616646392,98166.0055321746
2017-08-30,1197995.791689678,31413.26006275683,58482.365466071526,9911.672616646392,98188.49354420323
2017-08-31,1198014.6232785261,31413.26006275683,58482.365466071526,9911.672616646392,98207.32513305126
2017-09-01,1198057.1874086861,31413.26006275683,58482.365466071526,9911.672616646392,98249.88926321152
2017-09-05,1198121.4768623458,31413.26006275683,58482.365466071526,9911.672616646392,98314.17871687119
2017-09-06,1198176.5411691386,31413.26006275683,58482.365466071526,9911.672616646392,98369.24302366376
2017-09-07,1198027.2406617557,31413.26006275683,58482.365466071526,9911.672616646392,98219.9425162808
2017-09-08,1197939.578444872,31413.26006275683,58482.365466071526,9911.672616646392,98132.28029939742
2017-09-11,1198199.6942132073,31413.26006275683,58482.365466071526,9911.672616646392,98392.39606773248
2017-09-12,1198329.8267699569,31413.26006275683,58482.365466071526,9911.672616646392,98522.52862448222
2017-09-13,1198705.4550997266,31413.26006275683,58482.365466071526,9911.672616646392,98898.1569542517
2017-09-14,1198808.7779264194,31413.26006275683,58482.365466071526,9911.672616646392,99001.47978094476
2017-09-15,1198914.019848256,31413.26006275683,58482.365466071526,9911.672616646392,99106.72170278104
2017-09-18,1198821.3415376572,31413.26006275683,58482.365466071526,9808.00586396386,99117.71014486486
2017-09-19,1199644.1888401236,31413.26006275683,58482.365466071526,10619.46885780769,99129.09445348755
2017-09-20,1200552.7942120968,31413.26006275683,58482.365466071526,11551.242994677974,99105.92568859062
2017-09-21,1201336.52300638,31413.26006275683,58482.365466071526,12311.081798336003,99129.81567921583
2017-09-22,1202181.6413548957,31413.26006275683,58482.365466071526,13175.822223409545,99110.19360265788
2017-09-25,1201802.4291458656,31413.26006275683,58482.365466071526,12874.842852181522,99031.96076485584
2017-09-26,1201861.078144433,31413.26006275683,58482.365466071526,12867.125912250369,99098.32670335425
2017-09-27,1201703.015405594,31413.26006275683,58482.365466071526,12659.698607715662,99147.69126904989
2017-09-28,1202154.1165582123,31413.26006275683,58482.365466071526,13079.91832224885,99178.57270713523
2017-09-29,1201897.7062769588,31413.26006275683,58482.365466071526,12739.480370490812,99262.60037763952
2017-10-02,1201750.0886518988,31413.26006275683,58482.365466071526,12586.154028922552,99268.30909414776
2017-10-03,1201423.6778983604,31413.26006275683,58482.365466071526,12232.121443428448,99295.93092610361
2017-10-04,1200725.383584077,31413.26006275683,58482.365466071526,11535.269215835026,99294.48883941374
2017-10-05,1199746.7941354653,31413.26006275683,58482.365466071526,10501.701221896219,99349.46738474071
2017-10-06,1200233.3049995438,31413.26006275683,58482.365466071526,10946.134099780349,99391.545370935
2017-10-09,1199996.4533533533,31413.26006275683,58482.365466071526,10642.411060842453,99458.41676368262
2017-10-10,1200616.7689904063,31413.26006275683,58482.365466071526,11242.727917916374,99478.41554366169
2017-10-11,1201815.0758772972,31413.26006275683,58482.365466071526,12386.187407819089,99533.26294064987
2017-10-12,1203389.2843245892,31413.26006275683,58482.365466071526,14009.651587903034,99484.00720785791
2017-10-13,1203703.6729399036,31413.26006275683,58482.365466071526,14298.242400236428,99509.8050108389
2017-10-16,1203397.3641509665,31413.26006275683,58482.365466071526,13967.969449633267,99533.76917250478
2017-10-17,1203735.4383690679,31413.26006275683,58482.365466071526,14257.011425212724,99582.80141502689
2017-10-18,1205716.443739146,31413.26006275683,58482.365466071526,16121.371954196133,99699.44625612139
2017-10-19,1204671.4984130631,31413.26006275683,58482.365466071526,15997.043008681852,98778.8298755528
2017-10-20,1206847.0004187191,31413.26006275683,58482.365466071526,18427.980791273178,98523.3940986176
2017-10-23,1205651.363614385,31413.26006275683,58482.365466071526,17161.302188346395,98594.43589721015
2017-10-24,1205656.3271026881,31413.26006275683,58482.365466071526,17182.013906982727,98578.68766687694
2017-10-25,1205543.8752419185,31413.26006275683,58482.365466071526,17118.121759911068,98530.12795317895
2017-10-26,1205683.9707344202,31413.26006275683,58482.365466071526,17311.377911651507,98476.96729394048
2017-10-27,1205164.9747912663,31413.26006275683,58482.365466071526,18422.860015232465,96846.48924720543
2017-10-30,1205295.505430781,31413.26006275683,58482.365466071526,18245.01392239367,97154.86597955902
2017-10-31,1206007.8726517418,31413.26006275683,58482.365466071526,18862.54440754745,97249.70271536591
2017-11-01,1205501.7258668607,31413.26006275683,58482.365466071526,18430.82376603014,97175.27657200233
2017-11-02,1205582.5964791356,31413.26006275683,58482.365466071526,18783.960475696716,96903.01047461038
2017-11-03,1205858.4188217903,31413.26006275683,58482.365466071526,18856.703820198192,97106.0894727637
2017-11-06,1205329.6208824606,31413.26006275683,58482.365466071526,18679.443339018966,96754.55201461329
2017-11-07,1205824.474638055,31413.26006275683,58482.365466071526,18747.800662084483,97181.04844714212
2017-11-08,1206249.8479144424,31413.26006275683,58482.365466071526,19350.64103981678,97003.58134579728
2017-11-09,1206853.9173916406,31413.26006275683,58482.365466071526,19564.43083851505,97393.86102429731
2017-11-10,1208309.1482656829,31413.26006275683,58482.365466071526,20300.537482524873,98112.98525432963
2017-11-13,1208209.1597167486,31413.26006275683,58482.365466071526,20168.02148354845,98145.51270437171
2017-11-14,1208004.9449965677,31413.26006275683,58482.365466071526,20688.052066828706,97421.26740091061
2017-11-15,1207371.3487959467,31413.26006275683,58482.365466071526,19629.37715348322,97846.346113635
2017-11-16,1210112.263754434,31413.26006275683,58482.365466071526,22580.267242224538,97636.37098338106
2017-11-17,1210855.9974495396,31413.26006275683,58482.365466071526,22870.705263121752,98089.66665758938
2017-11-20,1210741.421516498,31413.26006275683,58482.365466071526,22705.921419192106,98139.87456847774
2017-11-21,1210708.9692012193,31413.26006275683,58482.365466071526,22752.028320531244,98061.31535185967
2017-11-22,1210777.3572471724,31413.26006275683,58482.365466071526,22737.096657646238,98144.6350606978
2017-11-24,1209769.6865263921,31413.26006275683,58482.365466071526,21708.05873278319,98166.00226478046
2017-11-27,1209305.0152937341,31413.26006275683,58482.365466071526,20992.415483633522,98416.97428127215
2017-11-28,1207902.3367007603,31413.26006275683,58482.365466071526,19613.5453753795,98393.16579655232
2017-11-29,1210345.595435307,31413.26006275683,58482.365466071526,22281.70962014934,98168.26028632908
2017-11-30,1208672.383599199,31413.26006275683,58482.365466071526,20848.819599114126,97927.93847125652
2017-12-01,1210128.8512026279,31413.26006275683,58482.365466071526,22321.38808026153,97911.83759353799
2017-12-04,1215082.9672388243,31413.26006275683,58482.365466071526,27965.325974679436,97222.01573531656
2017-12-05,1216478.2844373349,31413.26006275683,58482.365466071526,29100.74361160805,97481.91529689846
2017-12-06,1218349.695779149,31413.26006275683,58482.365466071526,30413.44306236552,98040.6271879552
2017-12-07,1218943.9544979637,31413.26006275683,58482.365466071526,30833.347344958805,98214.9816241765
2017-12-08,1218218.6897884947,31413.26006275683,58482.365466071526,30334.119591364986,97988.94466830138
2017-12-11,1216766.8902931195,31413.26006275683,58482.365466071526,28781.168479657732,98090.09628463327
2017-12-12,1216889.5269675644,31413.26006275683,58482.365466071526,28936.18945009343,98057.71198864258
2017-12-13,1216747.394757817,31413.26006275683,58482.365466071526,28817.783039201517,98033.98618978728
2017-12-14,1216990.0007541582,31413.26006275683,58482.365466071526,29121.383015765925,97972.99220956396
2017-12-15,1219041.062207664,31413.26006275683,58482.365466071526,31484.782282765955,97660.6543960697
2017-12-18,1217109.8397912988,31413.26006275683,58482.365466071526,29538.700208648574,97675.51405382203
2017-12-19,1217691.1841028421,31413.26006275683,58482.365466071526,30100.23774124193,97695.32083277195
2017-12-20,1218936.4285677737,31413.26006275683,58482.365466071526,31454.858826488256,97585.94421245693
2017-12-21,1219298.444041539,31413.26006275683,58482.365466071526,31673.540798638132,97729.2777140725
2017-12-22,1219007.250338857,31413.26006275683,58482.365466071526,31346.337184575736,97765.28762545297
2017-12-26,1218623.215521343,31413.26006275683,58482.365466071526,30741.710857551545,97985.87913496327
2017-12-27,1219074.388350707,31413.26006275683,58482.365466071526,31180.980686737224,97997.78213514155
2017-12-28,1219609.7491384798,31413.26006275683,58482.365466071526,31673.898697083,98040.22491256846
2017-12-29,1219901.9643067573,31413.26006275683,58482.365466071526,31965.086737390957,98041.252040538
2018-01-02,1219001.4272456537,31413.26006275683,58482.365466071526,30873.812563217012,98231.98915360845
2018-01-03,1218342.8778014504,31413.26006275683,58482.365466071526,30268.93251830677,98178.31975431531
2018-01-04,1217572.4922962436,31413.26006275683,58482.365466071526,29723.418926659273,97953.4478407558
2018-01-05,1215533.6831921306,31413.26006275683,58482.365466071526,27508.861590197776,98129.19607310463
2018-01-08,1214721.215912099,31413.26006275683,58482.365466071526,26575.19579737913,98250.3945858914
2018-01-09,1214552.17082586,31413.26006275683,58482.365466071526,26164.959745143773,98491.58555188775
2018-01-10,1215143.4767907672,31413.26006275683,58482.365466071526,26700.658699234133,98547.19256270467
2018-01-11,1215529.507242479,31413.26006275683,58482.365466071526,26966.280311162584,98667.60140248784
2018-01-12,1215625.7921677034,31413.26006275683,58482.365466071526,27002.743498389027,98727.423140486
2018-01-16,1216051.5132162026,31413.26006275683,58482.365466071526,27116.2870143475,99039.60067302664
2018-01-17,1218322.3397463344,31413.26006275683,58482.365466071526,29483.857176622492,98942.85704088351
2018-01-18,1217936.6355018937,31413.26006275683,58482.365466071526,29025.093050475465,99015.91692258976
2018-01-19,1218600.2714712746,31413.26006275683,58482.365466071526,29627.586888134247,99077.05905431206
2018-01-22,1216818.734649752,31413.26006275683,58482.365466071526,27527.351727475994,99395.75739344768
2018-01-23,1215619.519140623,31413.26006275683,58482.365466071526,26212.59005829203,99511.30355350254
2018-01-24,1215858.795271872,31413.26006275683,58482.365466071526,26337.115116620436,99626.0546264234
2018-01-25,1215848.769173157,31413.26006275683,58482.365466071526,26368.850337478914,99584.29330684966
2018-01-26,1213919.775129107,31413.26006275683,58482.365466071526,25600.44010375219,98423.70949652651
2018-01-29,1212744.7088230557,31413.26006275683,58482.365466071526,23970.369882820058,98878.71341140731
2018-01-30,1212765.5050884313,31413.26006275683,58482.365466071526,23981.148692164803,98888.73086743825
2018-01-31,1213241.1165605707,31413.26006275683,58482.365466071526,25039.339987738174,98306.15104400413
2018-02-01,1212726.4808814581,31413.26006275683,58482.365466071526,25038.446807235945,97792.40854539396
2018-02-02,1205786.3146129318,31413.26006275683,58482.365466071526,20700.789295017836,95189.89978908561
2018-02-05,1207158.6305739917,31413.26006275683,58482.365466071526,23583.070513549028,93679.93453161442
2018-02-06,1205112.7859566468,31413.26006275683,58482.365466071526,20249.21876222035,94967.94166559819
2018-02-07,1205505.8077416818,31413.26006275683,58482.365466071526,21793.541415181127,93816.64079767233
2018-02-08,1206989.2038435377,31413.26006275683,58482.365466071526,26330.425231603207,90763.15308310604
2018-02-09,1206511.145490434,31413.26006275683,58482.365466071526,24133.753589432454,92481.76637217333
2018-02-12,1206549.4428888129,31413.26006275683,58482.365466071526,24129.130728404387,92524.68663158012
2018-02-13,1206703.8336599516,31413.26006275683,58482.365466071526,24103.526631980552,92704.68149914267
2018-02-14,1205517.2880076729,31413.26006275683,58482.365466071526,24350.376254405943,91271.28622443858
2018-02-15,1205683.8438927904,31413.26006275683,58482.365466071526,26011.277915151324,89776.94044881081
2018-02-16,1206939.2811669006,31413.26006275683,58482.365466071526,26996.294132793904,90047.36150527839
2018-02-20,1207215.0675586765,31656.383041116642,58740.227711763,26996.294132793904,89822.16267300281
2018-02-21,1208970.254404339,33870.40308806859,58513.734944094205,26996.294132793904,89589.82223938219
2018-02-22,1210374.4129732256,34060.81711284921,59546.15912670293,26996.294132793904,89771.14260087954
2018-02-23,1212731.57730195,34135.53667654132,61716.59447014262,26996.294132793904,89883.15202247212
2018-02-26,1209161.3640960413,31735.194318401278,60321.938350820215,26996.294132793904,90107.9372940259
2018-02-27,1206293.425025493,30694.64294195315,58554.913798270514,26996.294132793904,90047.57415247522
2018-02-28,1204578.2544927327,30767.386392780114,57122.8791927041,26996.294132793904,89691.69477445469
2018-03-01,1196891.2929610095,28529.520306234364,52083.146152140805,26996.294132793904,89282.33236984047
2018-03-02,1201505.3249028197,30271.9998917497,55272.17893143138,26996.294132793904,88964.85194684472
2018-03-05,1207088.1982979923,31072.20888893935,59552.67876257165,26996.294132793904,89467.01651368756
2018-03-06,1208253.4505230894,31487.808019755757,60419.69477376854,26996.294132793904,89349.65359677118
2018-03-07,1208814.3468072359,31651.403462011833,60942.53207421559,26996.294132793904,89224.11713821441
2018-03-08,1209112.9621863053,31494.864618816064,61351.76853251364,26996.294132793904,89270.03490218171
2018-03-09,1204808.7862801617,30578.50994861708,57982.33663980267,26996.294132793904,89251.64555894816
2018-03-12,1205453.3213374824,30158.801492437255,58720.63899319549,26996.294132793904,89577.58671905566
2018-03-13,1205279.1088265865,29860.17123529222,59165.2073223833,26996.294132793904,89257.43613611697
2018-03-14,1204703.0293177357,29707.449816139182,58839.53476831317,26996.294132793904,89159.75060048932
2018-03-15,1206165.8016060046,29616.559996028547,60360.379272102145,26996.294132793904,89192.56820508
2018-03-16,1206430.8105674204,29021.71263893356,60733.64807483205,26996.294132793904,89679.15572086093
2018-03-19,1204275.5223249034,29021.71263893356,60733.64807483205,24785.12590646569,89735.0357046721
2018-03-20,1203572.2528241912,29021.71263893356,60733.64807483205,24457.75612475502,89359.13598567061
2018-03-21,1203694.5738701182,29021.71263893356,60733.64807483205,24539.642799105146,89399.57035724749
2018-03-22,1200572.5562761857,29021.71263893356,60733.64807483205,21866.73478204885,88950.46078037121
2018-03-23,1198905.859027246,29021.71263893356,60733.64807483205,20612.941579207894,88537.55673427251
2018-03-26,1199163.2293497222,29021.71263893356,60733.64807483205,20734.0131208722,88673.85551508423
2018-03-27,1198801.5023346196,29021.71263893356,60733.64807483205,20399.082535622758,88647.05908523127
2018-03-28,1198775.511793634,29021.71263893356,60733.64807483205,20425.738677327055,88594.41240254138
2018-03-29,1199074.7197403037,29021.71263893356,60733.64807483205,20517.558089034166,88801.80093750381
2018-04-02,1198775.4623645649,29021.71263893356,60733.64807483205,20132.32962467952,88887.77202611975
2018-04-03,1198885.1868095538,29021.71263893356,60733.64807483205,20401.383419452235,88728.44267633604
2018-04-04,1198898.4274887524,29021.71263893356,60733.64807483205,20491.614210316096,88651.4525646707
2018-04-05,1199259.6800912037,29021.71263893356,60733.64807483205,20917.26291133801,88587.05646610004
2018-04-06,1198642.1135176718,29021.71263893356,60733.64807483205,20084.397145772935,88802.35565813328
2018-04-09,1198729.3955770163,29021.71263893356,60733.64807483205,20073.218454743735,88900.81640850706
2018-04-10,1199318.675077079,29021.71263893356,60733.64807483205,20479.51268868067,89083.80167463282
2018-04-11,1198754.7206882224,29021.71263893356,60733.64807483205,20008.184185058926,88991.17578939791
2018-04-12,1199444.443796066,29021.71263893356,60733.64807483205,20631.428265802097,89057.65481649851
2018-04-13,1199331.9365536436,29021.71263893356,60733.64807483205,20487.86619363376,89088.7096462443
2018-04-16,1199805.229857203,29021.71263893356,60733.64807483205,20915.385577230365,89134.48356620711
2018-04-17,1200315.986908811,29021.71263893356,60733.64807483205,21386.5789030561,89174.0472919892
2018-04-18,1200320.2396455654,29021.71263893356,60733.64807483205,21212.687945722253,89352.19098607753
2018-04-19,1200317.3724760932,29021.71263893356,60733.64807483205,20946.09437038179,89615.91739194584
2018-04-20,1200582.421294189,29021.71263893356,60733.64807483205,21215.995827276027,89611.06475314731
2018-04-23,1200369.1040279942,29021.71263893356,60733.64807483205,20352.024949564948,90261.71836466365
2018-04-24,1200057.0756772931,29021.71263893356,60733.64807483205,20565.672509630327,89736.04245389719
2018-04-25,1200561.1915638358,29021.71263893356,60733.64807483205,20895.697771208244,89910.13307886198
2018-04-26,1200263.1920580445,29021.71263893356,60733.64807483205,21048.689624330727,89459.14171994827
2018-04-27,1199607.9323416308,29021.71263893356,60733.64807483205,21292.20722851844,88560.36439934676
2018-04-30,1200653.7708641593,29021.71263893356,60733.64807483205,20729.172278762446,90169.23787163128
2018-05-01,1201436.852594574,29021.71263893356,60733.64807483205,21091.283260067226,90590.20862074126
2018-05-02,1200692.4582068706,29021.71263893356,60733.64807483205,21934.81784624688,89002.27964685811
2018-05-03,1200984.2487700863,29021.71263893356,60733.64807483205,21683.95554025995,89544.93251606077
2018-05-04,1203881.1645068075,29021.71263893356,60733.64807483205,23325.46775911562,90800.33603392611
2018-05-07,1204544.6405826479,29021.71263893356,60733.64807483205,23003.75698960235,91785.52287927992
2018-05-08,1204653.6247690734,29021.71263893356,60733.64807483205,23162.495343266288,91735.76871204167
2018-05-09,1205529.4147954942,29021.71263893356,60733.64807483205,24461.712671110407,91312.34141061828
2018-05-10,1204453.547806347,29021.71263893356,60733.64807483205,23626.82320864743,91071.36388393398
2018-05-11,1204361.6803038812,29021.71263893356,60733.64807483205,23153.38344930124,91452.93614081433
2018-05-14,1203912.0605959906,29021.71263893356,60733.64807483205,21835.918544401182,92320.78133782395
2018-05-15,1203603.2291477774,29021.71263893356,60733.64807483205,20769.432756173424,93078.43567783851
2018-05-16,1205225.8592262315,29021.71263893356,60733.64807483205,22479.611473646015,92990.88703881996
2018-05-17,1205845.8282873048,29021.71263893356,60733.64807483205,22970.845121145016,93119.6224523941
2018-05-18,1205971.9460311453,29021.71263893356,60733.64807483205,22815.770021186676,93400.81529619312
2018-05-21,1205887.4453258193,29021.71263893356,60733.64807483205,22641.12074997404,93490.96386207966
2018-05-22,1207299.941665948,29021.71263893356,60733.64807483205,23973.405550837284,93571.17540134513
2018-05-23,1206653.441075128,29021.71263893356,60733.64807483205,23735.754088019952,93162.32627334236
2018-05-24,1206344.2386773801,29021.71263893356,60733.64807483205,23613.40687698603,92975.4710866285
2018-05-25,1206646.0914543532,29021.71263893356,60733.64807483205,23831.52286511869,93059.207875469
2018-05-29,1205394.8069470373,29021.71263893356,60733.64807483205,22445.86812982557,93193.57810344617
2018-05-30,1205948.7661973827,29021.71263893356,60733.64807483205,23043.446955782943,93149.95852783415
2018-05-31,1206721.475714425,29021.71263893356,60733.64807483205,23640.98482154368,93325.1301791158
2018-06-01,1206366.5224328274,29021.71263893356,60733.64807483205,23389.207634935854,93221.95408412605
2018-06-04,1205447.529973025,29021.71263893356,60733.64807483205,22765.025232992368,92927.14402626688
2018-06-05,1205590.7866976792,29021.71263893356,60733.64807483205,22764.65434371971,93070.77164019388
2018-06-06,1204616.8712152378,29021.71263893356,60733.64807483205,21762.27612199413,93099.23437947803
2018-06-07,1205209.3273726583,29021.71263893356,60733.64807483205,22106.128584362916,93347.83807452978
2018-06-08,1204943.1567295822,29021.71263893356,60733.64807483205,22039.028663860518,93148.7673519561
2018-06-11,1203589.356992078,29021.71263893356,60733.64807483205,20572.114595708903,93261.88168260339
2018-06-12,1203652.7209592627,29021.71263893356,60733.64807483205,20842.750044343877,93054.6102011532
2018-06-13,1205907.0547283408,29021.71263893356,60733.64807483205,23072.756509255385,93078.93750531971
2018-06-14,1206098.6534627834,29021.71263893356,60733.64807483205,23242.491881688708,93100.80086732912
2018-06-15,1204906.8467332418,29021.71263893356,60733.64807483205,22437.836462315987,92713.64955716021
2018-06-18,1203796.606411404,29021.71263893356,60733.64807483205,21261.72501175711,92779.52068588114
2018-06-19,1204095.6429680502,29021.71263893356,60733.64807483205,21526.17912502354,92814.10312926094
2018-06-20,1203362.9607266386,29021.71263893356,60733.64807483205,20971.16378073243,92636.43623214052
2018-06-21,1203548.020153313,29021.71263893356,60733.64807483205,21124.737085995148,92667.92235355219
2018-06-22,1204241.7727021473,29021.71263893356,60733.64807483205,21651.033324861317,92835.37866352033
2018-06-25,1203616.0899178046,29021.71263893356,60733.64807483205,21024.463695419952,92836.26550861914
2018-06-26,1203848.2969734045,29021.71263893356,60733.64807483205,21098.16104650777,92994.77521313098
2018-06-27,1203247.7961738575,29021.71263893356,60733.64807483205,20760.463689330965,92731.97177076084
2018-06-28,1203479.4082118738,29021.71263893356,60733.64807483205,20706.129872692632,93017.9176254156
2018-06-29,1203367.3584763678,29021.71263893356,60733.64807483205,20585.969054028625,93026.02870857343
2018-07-02,1203869.9113111177,29021.71263893356,60733.64807483205,20610.71935594955,93503.83124140254
2018-07-03,1203613.7306367178,29021.71263893356,60733.64807483205,20490.15704084444,93368.21288210782
2018-07-05,1203679.679194502,29021.71263893356,60733.64807483205,20314.015451956424,93610.30302878004
2018-07-06,1204091.332728456,29021.71263893356,60733.64807483205,20618.805439829244,93717.16657486116
2018-07-09,1203359.727490458,29021.71263893356,60733.64807483205,19645.755166255054,93958.61161043728
2018-07-10,1203811.5595036424,29021.71263893356,60733.64807483205,19955.69149055821,94100.50729931868
2018-07-11,1203443.6607352498,29021.71263893356,60733.64807483205,19689.712902020314,93998.58711946383
2018-07-12,1203854.8581156689,29021.71263893356,60733.64807483205,19988.70829978725,94110.78910211613
2018-07-13,1204444.1731560626,29021.71263893356,60733.64807483205,20536.096222310094,94152.71621998702
2018-07-16,1203700.6543064665,29021.71263893356,60733.64807483205,19556.717525571934,94388.57606712892
2018-07-17,1204103.975314736,29021.71263893356,60733.64807483205,19830.90240741009,94517.71219356009
2018-07-18,1204522.8536052697,29021.71263893356,60733.64807483205,19824.492369148065,94943.00052235601
2018-07-19,1204654.7631236222,29021.71263893356,60733.64807483205,20109.614119924372,94789.7882899323
2018-07-20,1205513.5615504687,29021.71263893356,60733.64807483205,21159.667083342792,94598.53375336016
2018-07-23,1205305.7112726148,29021.71263893356,60733.64807483205,20506.358702624333,95043.99185622483
2018-07-24,1205132.1080944822,29021.71263893356,60733.64807483205,20538.502876963466,94838.24450375303
2018-07-25,1201220.0088655804,29021.71263893356,60733.64807483205,17387.65592627984,94076.99222553498
2018-07-26,1203584.39460585,29021.71263893356,60733.64807483205,19482.675946818083,94346.35794526641
2018-07-27,1205671.9199815472,29021.71263893356,60733.64807483205,21595.990390279796,94320.56887750188
2018-07-30,1205524.6632943759,29021.71263893356,60733.64807483205,21312.192931553116,94457.10964905703
2018-07-31,1205788.2054031393,29021.71263893356,60733.64807483205,22254.33480441477,93778.50988495885
2018-08-01,1206459.1217167452,29021.71263893356,60733.64807483205,22269.73764303082,94434.02335994877
2018-08-02,1207423.5994247533,29021.71263893356,60733.64807483205,22860.816235106206,94807.42247588141
2018-08-03,1206838.8163953773,29021.71263893356,60733.64807483205,22920.67234512861,94162.78333648317
2018-08-06,1207142.6078284383,29021.71263893356,60733.64807483205,22131.602935994044,95255.64417867875
2018-08-07,1207215.085037488,29021.71263893356,60733.64807483205,21839.841927487403,95619.8823962349
2018-08-08,1207947.1667780862,29021.71263893356,60733.64807483205,22135.165727970423,96056.6403363503
2018-08-09,1208103.8212776114,29021.71263893356,60733.64807483205,22223.399462401285,96125.06110144453
2018-08-10,1207667.1415291764,29021.71263893356,60733.64807483205,22109.8590443423,95801.92177106859
2018-08-13,1207883.2408686315,29021.71263893356,60733.64807483205,21560.22062387492,96567.65953099099
2018-08-14,1208350.6495949235,29021.71263893356,60733.64807483205,22148.576308894902,96446.71257226309
2018-08-15,1207909.2021877114,29021.71263893356,60733.64807483205,22743.816072137794,95410.02540180809
2018-08-16,1210232.1386848635,29021.71263893356,60733.64807483205,25545.982672273065,94930.79529882479
2018-08-17,1212154.2977702469,29021.71263893356,60733.64807483205,28247.804612406995,94151.13244407414
2018-08-20,1211421.644054007,29021.71263893356,60733.64807483205,27515.793707040022,94150.48963320139
2018-08-21,1211824.5332232942,29021.71263893356,60733.64807483205,27857.044686211506,94212.12782331719
2018-08-22,1211470.923951265,29021.71263893356,60733.64807483205,27736.705977875157,93978.85725962417
2018-08-23,1211401.4527782043,29021.71263893356,60733.64807483205,27730.852390886634,93915.2396735521
2018-08-24,1210966.0244802649,29021.71263893356,60733.64807483205,27284.27138263744,93926.39238386182
2018-08-27,1209661.1214649843,29021.71263893356,60733.64807483205,25904.030499539454,94001.7302516792
2018-08-28,1209362.5974501576,29021.71263893356,60733.64807483205,25767.883468575426,93839.3532678166
2018-08-29,1207690.7054835581,29021.71263893356,60733.64807483205,24133.62128016178,93801.72348963073
2018-08-30,1208280.859262011,29021.71263893356,60733.64807483205,24688.755459692096,93836.74308855343
2018-08-31,1208945.4281984093,29021.71263893356,60733.64807483205,25433.78470567451,93756.28277896927
2018-09-04,1208608.6782008447,29021.71263893356,60733.64807483205,24874.50531455071,93978.81217252836
2018-09-05,1209689.584532098,29021.71263893356,60733.64807483205,25656.50021301047,94277.72360532172
2018-09-06,1211258.1023592064,29021.71263893356,60733.64807483205,27213.62699645385,94289.11464898707
2018-09-07,1212129.6750488374,29021.71263893356,60733.64807483205,28077.109215323813,94297.20511974813
2018-09-10,1212605.8100314229,29021.71263893356,60733.64807483205,28620.991802476812,94229.45751518034
2018-09-11,1212622.2992134327,29021.71263893356,60733.64807483205,28761.46209966147,94105.47640000563
2018-09-12,1213183.342723649,29021.71263893356,60733.64807483205,29464.330968071823,93963.65104181156
2018-09-13,1212984.2266853224,29021.71263893356,60733.64807483205,28948.342124772724,94280.52384678414
2018-09-14,1212523.6713300848,29021.71263893356,60733.64807483205,28588.27310707548,94180.0375092437
2018-09-17,1212820.9697048008,29021.71263893356,60733.64807483205,28754.30424953543,94311.30474149971
2018-09-18,1212582.0990447956,29021.71263893356,60733.64807483205,28483.6130135064,94343.12531752349
2018-09-19,1212828.281833589,29021.71263893356,60733.64807483205,28650.418631798937,94422.50248802453
2018-09-20,1211517.4705587502,29021.71263893356,60733.64807483205,27511.60209682875,94250.50774815585
2018-09-21,1209605.6407935075,29021.71263893356,60733.64807483205,25821.155803050613,94029.12427669135
2018-09-24,1208321.8508905508,29021.71263893356,60733.64807483205,24529.45215888042,94037.03801790462
2018-09-25,1207791.943640404,29021.71263893356,60733.64807483205,24032.696195484255,94003.88673115405
2018-09-26,1207252.054148769,29021.71263893356,60733.64807483205,23517.923661540728,93978.76977346279
2018-09-27,1207720.3553399933,29021.71263893356,60733.64807483205,24014.339905826142,93950.65472040162
2018-09-28,1208072.7059820816,29021.71263893356,60733.64807483205,24361.996587525704,93955.34868079028
2018-10-01,1208109.5283043582,29021.71263893356,60733.64807483205,24281.51706420479,94072.65052638785
2018-10-02,1208413.7564257903,29021.71263893356,60733.64807483205,24534.252373962547,94124.1433380621
2018-10-03,1208908.4438132714,29021.71263893356,60733.64807483205,24990.429426495917,94162.65367300995
2018-10-04,1208187.5268186522,29021.71263893356,60733.64807483205,24311.05555661954,94121.11054826714
2018-10-05,1208448.1136944508,29021.71263893356,60733.64807483205,24455.518133904785,94237.23484678054
2018-10-08,1208196.6980544806,29021.71263893356,60733.64807483205,24035.664705103613,94405.67263561138
2018-10-09,1208384.1450898745,29021.71263893356,60733.64807483205,24268.39335523534,94360.39102087356
2018-10-10,1208317.5551972424,29021.71263893356,60733.64807483205,24563.14593159256,93999.04855188425
2018-10-11,1210359.8384158183,29021.71263893356,60733.64807483205,27045.47484975285,93559.00285229995
2018-10-12,1209060.790096426,29021.71263893356,60733.64807483205,26096.098364563426,93209.33101809677
2018-10-15,1209235.0048298014,29021.71263893356,60733.64807483205,26012.350171964266,93467.29394407151
2018-10-16,1209219.8228054964,29021.71263893356,60733.64807483205,26130.370095926803,93334.09199580387
2018-10-17,1209267.4595295796,29021.71263893356,60733.64807483205,26067.847281862283,93444.25153395184
2018-10-18,1209043.4956309982,29021.71263893356,60733.64807483205,25950.734485257417,93337.40043197502
2018-10-19,1210230.1159591023,29021.71263893356,60733.64807483205,26906.853743660147,93567.90150167653
2018-10-22,1211875.7439792515,29404.182333993725,61397.455836727284,26906.853743660147,94167.2520648702
2018-10-23,1210710.9408638182,29905.04015894921,60079.97909314139,26906.853743660147,93819.06786806742
2018-10-24,1194737.1387067824,26452.07229752536,51020.136959525524,26906.853743660147,90358.07570607145
2018-10-25,1204856.712360868,28827.85174866335,56753.044614030514,26906.853743660147,92368.96225451399
2018-10-26,1193433.4567931988,24735.82929364266,51126.27968090167,26906.853743660147,90664.49407499423
2018-10-29,1195240.2159341865,25388.71429789986,51423.94349923497,26906.853743660147,91520.7043933915
2018-10-30,1197552.9692882681,27890.577164332266,52181.02123148111,26906.853743660147,90574.5171487946
2018-10-31,1199240.0737134567,28977.193454669323,52758.287858387455,26906.853743660147,90597.73865673994
2018-11-01,1200098.936227993,29950.446932810824,53202.9810417823,26906.853743660147,90038.65450973995
2018-11-02,1202312.5261206683,31693.340266894316,53819.89123892225,26906.853743660147,89892.44087119168
2018-11-05,1206833.2026112867,33011.91609290242,55098.78557054163,26906.853743660147,91815.64720418234
2018-11-06,1206948.2627835767,32758.465483553708,55272.991820367984,26906.853743660147,92009.95173599478
2018-11-07,1203694.7372291451,33183.68249577959,54154.963912098436,26906.853743660147,89449.23707760684
2018-11-08,1204744.6729266117,33487.96602948615,55485.53387651313,26906.853743660147,88864.31927695242
2018-11-09,1210254.3422444803,35224.3035697001,57947.55580646568,26906.853743660147,90175.62912465446
2018-11-12,1200192.6444870029,32384.45445123245,51468.4738198861,26906.853743660147,89432.86247222405
2018-11-13,1200545.8704121925,33117.45012000378,50867.22095819097,26906.853743660147,89654.34559033765
2018-11-14,1195432.800089539,32270.57018586551,47299.04885460879,26906.853743660147,88956.32730540447
2018-11-15,1207490.4079460227,36172.76598267141,52811.12150756782,26906.853743660147,91599.66671212343
2018-11-16,1208412.8777956387,37774.435372863314,51779.11696888064,26906.853743660147,91952.47171023465
2018-11-19,1206364.3377402877,36706.60350600432,51003.11942467373,26906.853743660147,91747.76106594945
2018-11-20,1204348.5689603488,38295.71422544203,48006.659331623,26906.853743660147,91139.34165962366
2018-11-21,1207426.9314022553,39267.80769994226,49664.64387772512,26906.853743660147,91587.62608092767
2018-11-23,1206821.0826466111,40164.050061365124,48157.73482043354,26906.853743660147,91592.44402115233
2018-11-26,1213669.2634371917,40936.42221478105,53350.570693044225,26906.853743660147,92475.4167857063
2018-11-27,1212735.6105690622,40314.608973733964,52965.16899371892,26906.853743660147,92548.97885794914
2018-11-28,1206782.5370735615,38360.527325511095,49173.329906392144,26906.853743660147,92341.82609799807
2018-11-29,1207073.4566308553,38011.717919503804,49565.96192353172,26906.853743660147,92588.92304415978
2018-11-30,1204323.4921613,37563.97855525836,47694.47413440398,26906.853743660147,92158.18572797743
2018-12-03,1187130.4209264552,24804.891230002395,43475.4016438527,26906.853743660147,91943.27430893993
2018-12-04,1191687.2101672543,33761.14781304519,39625.75254171877,26906.853743660147,91393.4560688301
2018-12-06,1193346.6958537302,35233.78218082443,40165.73712092277,26906.853743660147,91040.32280832296
2018-12-07,1179464.9598721974,31791.21402974229,30357.158212695504,26906.853743660147,90409.73388609942
2018-12-10,1185854.9762880963,35568.25093349593,32796.199380998965,26906.853743660147,90583.67222994124
2018-12-11,1188630.522113264,37909.42632407998,33139.08571681171,26906.853743660147,90675.15632871236
2018-12-12,1189543.9098901497,38263.96178839763,33387.7994555732,26906.853743660147,90985.29490251886
2018-12-13,1192180.387143983,39939.64156861999,33987.53963610681,26906.853743660147,91346.35219559609
2018-12-14,1191992.2376595098,41335.6431036304,33098.80397421948,26906.853743660147,90650.93683799962
2018-12-17,1186084.8159852454,37252.971217059065,31033.512916540378,26906.853743660147,90891.47810798581
2018-12-18,1186867.523504463,37667.850237199105,31353.85096746823,26906.853743660147,90938.96855613543
2018-12-19,1188374.958455314,38640.61511583289,31016.974239055184,26906.853743660147,91810.51535676583
2018-12-20,1188215.9037923566,39232.03722275293,30744.695788239944,26906.853743660147,91332.3170377037
2018-12-21,1199731.2086942752,49423.00462812674,33420.32914876647,26906.853743660147,89981.02117372188
2018-12-24,1185089.3186145918,41573.77940488758,26537.852690435597,26906.853743660147,90070.8327756084
2018-12-26,1199491.3478741543,47789.77490283281,34601.16516755859,26906.853743660147,90193.55406010267
2018-12-27,1197678.327830561,46898.99485944654,33819.9748999133,26906.853743660147,90052.50432754098
2018-12-28,1201356.1970266525,48066.84176802193,36222.88279502338,26906.853743660147,90159.61871994706
2018-12-31,1205867.4821497696,49949.35314323194,38851.0399939646,26906.853743660147,90160.23526891274
2019-01-02,1212503.1086663106,52133.41639052448,42904.688255493296,26906.853743660147,90558.15027663251
2019-01-03,1202551.4308185452,48373.520404923824,36876.58010289504,26906.853743660147,90394.47656706604
2019-01-04,1216957.815295401,54244.3370320797,45346.94306173269,26906.853743660147,90459.68145792861
2019-01-07,1219201.7008080916,54538.253968027886,46630.93560245773,26906.853743660147,91125.65749394591
2019-01-08,1219535.435369181,54692.67156950082,46559.24322480115,26906.853743660147,91376.66683121887
2019-01-09,1220795.862660602,54910.00642109662,47506.93044184765,26906.853743660147,91472.07205399754
2019-01-10,1221506.7072160784,54930.95511558093,47898.176153165754,26906.853743660147,91770.7222036717
2019-01-11,1222200.3680420038,54867.27376434812,48772.25444524782,26906.853743660147,91653.98608874762
2019-01-14,1221418.6602778854,54488.25058669597,49021.55564835784,26906.853743660147,91002.00029917131
2019-01-15,1221472.8732544524,54599.364095418714,48716.09444019711,26906.853743660147,91250.56097517628
2019-01-16,1219993.8520598044,54344.2336327245,48964.87333285785,26906.853743660147,89777.89135056175
2019-01-17,1219809.5747021553,54711.88167892094,48919.03781877854,26906.853743660147,89271.80146079557
2019-01-18,1222413.622482594,55536.92439116072,51201.01411076356,26906.853743660147,88768.83023700956
2019-01-22,1222900.0767256715,55536.92439116072,51201.01411076356,26906.853743660147,89255.284480087
2019-01-23,1222726.867498626,55536.92439116072,51201.01411076356,26906.853743660147,89082.07525304146
2019-01-24,1223060.8612005212,55536.92439116072,51201.01411076356,26906.853743660147,89416.0689549367
2019-01-25,1223111.498173669,55536.92439116072,51201.01411076356,26906.853743660147,89466.70592808444
2019-01-28,1223101.4144640751,55536.92439116072,51201.01411076356,26906.853743660147,89456.62221849058
2019-01-29,1223851.7674636361,55536.92439116072,51201.01411076356,26906.853743660147,90206.97521805158
2019-01-30,1223332.5990719958,55536.92439116072,51201.01411076356,26906.853743660147,89687.80682641128
2019-01-31,1221984.839098263,55536.92439116072,51201.01411076356,26906.853743660147,88340.04685267853
2019-02-01,1221681.2318658982,55536.92439116072,51201.01411076356,26906.853743660147,88036.43962031393
2019-02-04,1222104.6281550694,55536.92439116072,51201.01411076356,26906.853743660147,88459.83590948489
2019-02-05,1221235.593030537,55536.92439116072,51201.01411076356,26906.853743660147,87590.80078495247
2019-02-06,1220933.3218085864,55536.92439116072,51201.01411076356,26906.853743660147,87288.52956300182
2019-02-07,1220204.5950580938,55536.92439116072,51201.01411076356,26906.853743660147,86559.80281250947
2019-02-08,1219974.4206553441,55536.92439116072,51201.01411076356,26906.853743660147,86329.6284097596
2019-02-11,1220691.868045474,55536.92439116072,51201.01411076356,26906.853743660147,87047.07579988963
2019-02-12,1221232.4411730007,55536.92439116072,51201.01411076356,26906.853743660147,87587.64892741619
2019-02-13,1221342.2614643252,55536.92439116072,51201.01411076356,26906.853743660147,87697.4692187407
2019-02-14,1221129.602749363,55536.92439116072,51201.01411076356,26906.853743660147,87484.81050377875
2019-02-15,1220203.810397565,55536.92439116072,51201.01411076356,26906.853743660147,86559.01815198059
2019-02-19,1219821.2848993563,54165.1730253757,51887.088928567944,26906.853743660147,86862.1692017524
2019-02-20,1219800.867319088,53791.27791806776,52341.37346768263,26906.853743660147,86761.36218967731
2019-02-21,1221009.7590371799,54570.28640153888,52913.24054323975,26906.853743660147,86619.37834874098
2019-02-22,1217933.6524843741,53639.307362027466,52806.698989633005,26906.853743660147,84580.79238905339
2019-02-25,1216819.1201188867,52400.3418646676,52795.9516834449,26906.853743660147,84715.97282711393
2019-02-26,1216385.7871554173,52033.26612445968,52935.344686039025,26906.853743660147,84510.32260125829
2019-02-27,1216851.5382263958,52540.71851051436,53440.0772308046,26906.853743660147,83963.88874141686
2019-02-28,1218231.8540841863,52974.5108970725,53922.64110627468,26906.853743660147,84427.84833717882
2019-03-01,1218289.2058653669,52844.947286920156,54267.539532786,26906.853743660147,84269.86530200066
2019-03-04,1219903.6158365803,53533.24994045589,54852.44015265349,26906.853743660147,84611.07199981087
2019-03-05,1220046.426289394,53251.020166530274,55390.324343658285,26906.853743660147,84498.22803554544
2019-03-06,1220125.6886730269,53436.87681723735,55371.64764765487,26906.853743660147,84410.3104644746
2019-03-07,1218101.8923963648,52682.4050102944,54285.69556724187,26906.853743660147,84226.93807516829
2019-03-08,1219609.3009783705,53401.34596284572,55060.87522546016,26906.853743660147,84240.22604640434
2019-03-11,1223054.8515320444,53907.21567999781,57911.871954720234,26906.853743660147,84328.91015366605
2019-03-12,1228031.9378503212,57343.652980729006,59305.186242606724,26906.853743660147,84476.24488332542
2019-03-13,1221868.7339830631,53768.26585281291,56708.92080642353,26906.853743660147,84484.69358016644
2019-03-14,1222692.7033821973,54308.121548805386,57153.33295950759,26906.853743660147,84324.3951302243
2019-03-15,1223706.8168654698,54961.83488310198,57411.40178790875,26906.853743660147,84426.7264507988
2019-03-18,1222508.1432748486,54961.83488310198,57411.40178790875,25786.137787511107,84348.76881632674
2019-03-19,1221878.576944462,54961.83488310198,57411.40178790875,25107.698257082026,84397.64201636915
2019-03-20,1220974.6261786362,54961.83488310198,57411.40178790875,24202.542297571315,84398.84721005429
2019-03-21,1219393.013608925,54961.83488310198,57411.40178790875,22585.98823410424,84433.78870381019
2019-03-22,1219905.9618169544,54961.83488310198,57411.40178790875,23278.314728286816,84254.41041765688
2019-03-25,1220645.490298076,54961.83488310198,57411.40178790875,23882.566130438936,84389.68749662652
2019-03-26,1221118.3231090736,54961.83488310198,57411.40178790875,24327.18414936529,84417.90228869743
2019-03-27,1221628.6157006095,54961.83488310198,57411.40178790875,24817.178833496175,84438.2001961025
2019-03-28,1221749.2479586527,54961.83488310198,57411.40178790875,25019.467392683728,84356.54389495822
2019-03-29,1221339.7907619951,54961.83488310198,57411.40178790875,24621.68276857247,84344.87132241204
2019-04-01,1220078.7058672984,54961.83488310198,57411.40178790875,23235.426690797438,84470.04250549013
2019-04-02,1220480.9299927237,54961.83488310198,57411.40178790875,23611.504366899957,84496.18895481294
2019-04-03,1219860.4190009488,54961.83488310198,57411.40178790875,23059.01233318087,84428.1699967573
2019-04-04,1219878.6039479915,54961.83488310198,57411.40178790875,23047.356118234806,84458.01115874597
2019-04-05,1218632.9675025772,54961.83488310198,57411.40178790875,21819.872708362178,84439.85812320444
2019-04-08,1218465.976917045,54961.83488310198,57411.40178790875,21630.82366595487,84461.91658007936
2019-04-09,1218712.0548447282,54961.83488310198,57411.40178790875,21805.655471217702,84533.16270249989
2019-04-10,1219413.936581174,54961.83488310198,57411.40178790875,22461.844683542964,84578.85522662033
2019-04-11,1219581.6634650552,54961.83488310198,57411.40178790875,22749.372307631536,84459.05448641302
2019-04-12,1222267.175573808,54961.83488310198,57411.40178790875,25421.294893692713,84472.64400910446
2019-04-15,1222076.8021528304,54961.83488310198,57411.40178790875,25162.35025836923,84541.21522345045
2019-04-16,1226764.2252478166,54961.83488310198,57411.40178790875,30203.744315511198,84187.2442612946
2019-04-17,1231328.658085611,54961.83488310198,57411.40178790875,35096.178616497666,83859.24279810255
2019-04-18,1230995.1146391868,54961.83488310198,57411.40178790875,34740.57948534819,83881.29848282784
2019-04-22,1231199.0290650835,54961.83488310198,57411.40178790875,34051.01448899531,84774.77790507744
2019-04-23,1229363.5210421248,54961.83488310198,57411.40178790875,32445.805987904198,84544.47838320979
2019-04-24,1229069.0723065045,54961.83488310198,57411.40178790875,31921.34704973991,84774.48858575383
2019-04-25,1229309.2144250013,54961.83488310198,57411.40178790875,32847.177598076756,84088.80015591369
2019-04-26,1229033.1447379077,54961.83488310198,57411.40178790875,33211.251556459465,83448.65651043737
2019-04-29,1229634.4245914589,54961.83488310198,57411.40178790875,32595.505348787527,84665.6825716605
2019-04-30,1229527.5746330773,54961.83488310198,57411.40178790875,32606.82901419152,84547.50894787512
2019-05-01,1229071.8645179279,54961.83488310198,57411.40178790875,32291.317878713366,84407.30996820377
2019-05-02,1229305.9540773758,54961.83488310198,57411.40178790875,32844.08288602973,84088.63452033536
2019-05-03,1230229.1235316996,54961.83488310198,57411.40178790875,33473.88711685315,84381.99974383577
2019-05-06,1229656.9731159825,54961.83488310198,57411.40178790875,32022.664878525888,85261.07156644599
2019-05-07,1227309.6562849819,54961.83488310198,57411.40178790875,29998.81422484375,84937.60538912751
2019-05-08,1227214.7236340651,54961.83488310198,57411.40178790875,30109.698033546796,84731.7889295076
2019-05-09,1227010.8542098245,54961.83488310198,57411.40178790875,30211.086188435904,84426.53135037795
2019-05-10,1228890.7186010806,54961.83488310198,57411.40178790875,31363.672995762434,85153.80893430742
2019-05-13,1229007.8410490835,54961.83488310198,57411.40178790875,32349.889488181914,84284.71488989075
2019-05-14,1228908.4325560187,54961.83488310198,57411.40178790875,31265.65721995069,85269.5386650574
2019-05-15,1229440.817251353,54961.83488310198,57411.40178790875,31050.106842390727,86017.4737379516
2019-05-16,1229880.260370279,54961.83488310198,57411.40178790875,31054.31861504377,86452.70508422446
2019-05-17,1230652.2825720306,54961.83488310198,57411.40178790875,31551.89698977396,86727.14891124587
2019-05-20,1229860.359684347,54227.09370636544,57250.26235461212,31551.89698977396,86831.10663359542
2019-05-21,1232750.4683107014,55419.83054071595,58910.04286659183,31551.89698977396,86868.69791361969
2019-05-22,1235186.6723249352,57726.79505500221,59375.36827604356,31551.89698977396,86532.61200411548
2019-05-23,1231780.284678252,56832.518718097126,56982.96239591646,31551.89698977396,86412.9065744644
2019-05-24,1233698.3582131031,57745.860654173186,57995.6208222087,31551.89698977396,86404.9797469473
2019-05-28,1231384.198202285,56304.74478057213,57255.686216593254,31551.89698977396,86271.87021534564
2019-05-29,1229682.314049737,55581.43060424784,56162.90143818944,31551.89698977396,86386.08501752582
2019-05-30,1231837.970852521,56824.569375300314,56846.121760302456,31551.89698977396,86615.38272714429
2019-05-31,1227835.9818182173,56299.86561588175,53481.507943996694,31551.89698977396,86502.71126856492
2019-06-03,1224877.9565874361,54163.86027410906,52528.618978583254,31551.89698977396,86633.58034496987
2019-06-04,1226557.7480627769,55231.81500231358,53088.581605184125,31551.89698977396,86685.4544655052
2019-06-05,1225994.8985058384,55398.38089817343,52701.20124106179,31551.89698977396,86343.41937682917
2019-06-06,1224356.9487225167,55022.90355659742,51759.89493927965,31551.89698977396,86022.25323686562
2019-06-07,1220584.16060491,54032.97291484894,49201.43975940277,31551.89698977396,85797.85094088432
2019-06-10,1218043.9471352848,52777.210670895875,47868.48219581111,31551.89698977396,85846.35727880383
2019-06-11,1218770.253274682,52933.871499280445,48269.06840758922,31551.89698977396,86015.41637803824
2019-06-12,1219491.9892811922,53108.80844629649,48851.50287605473,31551.89698977396,85979.78096906701
2019-06-13,1221088.7709326604,53568.95340214786,49855.98716428084,31551.89698977396,86111.93337645778
2019-06-14,1222344.2655293164,54041.451938970946,50623.0051409821,31551.89698977396,86127.91145958938
2019-06-17,1223166.3852594465,53582.507669384824,51708.60680592479,31551.89698977396,86323.37379436288
2019-06-18,1224665.8569413868,54236.47371765203,52486.86999096046,31551.89698977396,86390.61624300038
2019-06-19,1225407.2042461233,54457.49774333695,53192.96479096636,31551.89698977396,86204.84472204605
2019-06-20,1224427.6456285252,54869.72576283943,51787.84639080637,31551.89698977396,86218.17648510542
2019-06-21,1222235.2446869793,53381.2814452576,50741.922208832344,31551.89698977396,86560.14404311543
2019-06-24,1222448.9661544308,53381.2814452576,50741.922208832344,31551.89698977396,86773.86551056686
2019-06-25,1222475.1386664382,53381.2814452576,50741.922208832344,31551.89698977396,86800.03802257427
2019-06-26,1222565.8584251127,53381.2814452576,50741.922208832344,31551.89698977396,86890.75778124877
2019-06-27,1222755.5031800573,53381.2814452576,50741.922208832344,31551.89698977396,87080.40253619337
2019-06-28,1222891.6940979864,53381.2814452576,50741.922208832344,31551.89698977396,87216.59345412254
2019-07-01,1223367.035779664,53381.2814452576,50741.922208832344,31551.89698977396,87691.93513580016
2019-07-02,1223484.0550523198,53381.2814452576,50741.922208832344,31551.89698977396,87808.95440845587
2019-07-03,1223503.9594576485,53381.2814452576,50741.922208832344,31551.89698977396,87828.85881378455
2019-07-05,1223882.1280319553,53381.2814452576,50741.922208832344,31551.89698977396,88207.02738809143
2019-07-08,1224422.5228856087,53381.2814452576,50741.922208832344,31551.89698977396,88747.42224174482
2019-07-09,1224663.561675488,53381.2814452576,50741.922208832344,31551.89698977396,88988.46103162412
2019-07-10,1224872.646035226,53381.2814452576,50741.922208832344,31551.89698977396,89197.54539136216
2019-07-11,1224835.6992919869,53381.2814452576,50741.922208832344,31551.89698977396,89160.59864812298
2019-07-12,1224904.6764504493,53381.2814452576,50741.922208832344,31551.89698977396,89229.57580658537
2019-07-15,1225691.8293686793,53381.2814452576,50741.922208832344,31551.89698977396,90016.72872481542
2019-07-16,1226050.434649972,53381.2814452576,50741.922208832344,31551.89698977396,90375.33400610811
2019-07-17,1226240.3321585753,53381.2814452576,50741.922208832344,31551.89698977396,90565.2315147114
2019-07-18,1226095.5085564114,53381.2814452576,50741.922208832344,31551.89698977396,90420.40791254747
2019-07-19,1226833.390736601,53381.2814452576,50741.922208832344,31551.89698977396,91158.29009273718
2019-07-22,1226653.96656312,53381.2814452576,50741.922208832344,31065.84727046208,91464.91563856811
2019-07-23,1226334.1395472432,53381.2814452576,50741.922208832344,30905.6549479753,91305.28094517812
2019-07-24,1226116.3071399198,53381.2814452576,50741.922208832344,31718.462281021522,90274.64120480837
2019-07-25,1226005.4434557338,53381.2814452576,50741.922208832344,31323.019263406866,90559.22053823713
2019-07-26,1225122.6156130033,53381.2814452576,50741.922208832344,31236.1392275322,89763.27273138124
2019-07-29,1225164.0384456255,53381.2814452576,50741.922208832344,30800.315788291977,90240.51900324365
2019-07-30,1224491.021841582,53381.2814452576,50741.922208832344,30495.575756552513,89872.24243093934
2019-07-31,1222804.463906819,53381.2814452576,50741.922208832344,29061.86152351403,89619.39872921491
2019-08-01,1221441.8620716538,53381.2814452576,50741.922208832344,27775.06725097925,89543.59116658452
2019-08-02,1218817.8752786906,53381.2814452576,50741.922208832344,26217.204665535828,88477.46695906483
2019-08-05,1217710.227671138,53381.2814452576,50741.922208832344,26008.585120471776,87578.43889657641
2019-08-06,1217950.6281358276,53381.2814452576,50741.922208832344,25550.10732910526,88277.3171526324
2019-08-07,1218115.5085275748,53381.2814452576,50741.922208832344,26105.07730095298,87887.2275725319
2019-08-08,1218223.9131056922,53381.2814452576,50741.922208832344,25864.222212112276,88236.48723949003
2019-08-09,1216570.5105069089,53381.2814452576,50741.922208832344,25740.68548823567,86706.62136458326
2019-08-12,1215012.787305995,53381.2814452576,50741.922208832344,25488.218751816894,85401.36490008817
2019-08-13,1215578.2754968323,53381.2814452576,50741.922208832344,25270.96139530395,86184.11044743843
2019-08-14,1214950.1804337876,53381.2814452576,50741.922208832344,25906.595285874093,84920.3814938236
2019-08-15,1213407.9546761587,53381.2814452576,50741.922208832344,25746.580694645294,83538.1703274236
2019-08-16,1213486.0990200788,53381.2814452576,50741.922208832344,25020.818147001904,84342.07721898681
2019-08-19,1213699.0667377776,52914.773456671275,51885.78321459168,25020.818147001904,83877.69191951258
2019-08-20,1214472.4362660255,53369.216076869285,52438.91186657525,25020.818147001904,83643.49017557921
2019-08-21,1214341.5512862508,53694.12244979432,52797.43388670101,25020.818147001904,82829.1768027537
2019-08-22,1212830.2456629868,52389.74317181576,52668.15329362522,25020.818147001904,82751.531050544
2019-08-23,1212109.5346634234,52512.96256831451,51119.654471925925,25020.818147001904,83456.0994761812
2019-08-26,1212802.0396214519,52423.34887223062,51683.192636253545,25020.818147001904,83674.67996596568
2019-08-27,1212847.5300872535,52136.57808462717,51991.90534955403,25020.818147001904,83698.22850607056
2019-08-28,1212909.6061738417,52047.610935376026,52311.62098139082,25020.818147001904,83529.55611007311
2019-08-29,1210439.0130932755,52001.429436640814,50526.68386627245,25020.818147001904,82890.08164336043
2019-08-30,1210233.7949668108,51742.1710084388,50366.87200183957,25020.818147001904,83103.93380953069
2019-09-03,1211510.5414076317,51425.42826190661,51422.89182886155,25020.818147001904,83641.40316986176
2019-09-04,1214658.0104317772,53057.4326849042,52777.125673177885,25020.818147001904,83802.63392669312
2019-09-05,1214052.1759575275,53456.22736629471,52038.666885984596,25020.818147001904,83536.46355824638
2019-09-06,1214753.5609653294,53817.52808659547,52521.36254541366,25020.818147001904,83393.85218631849
2019-09-09,1215695.700328793,53868.615555223776,53192.752856409876,25020.818147001904,83613.51377015724
2019-09-10,1216312.5054420265,53841.126135274535,53602.91157422983,25020.818147001904,83847.64958552038
2019-09-11,1217012.4561274233,54495.565656663384,53264.35585399927,25020.818147001904,84231.71646975889
2019-09-12,1216863.7114287736,54293.45175686036,53192.25686413748,25020.818147001904,84357.18466077372
2019-09-13,1217122.1310958536,54063.73628902482,53556.619746854994,25020.818147001904,84480.9569129718
2019-09-16,1217489.7407578365,53524.35899005155,54060.64590666327,25020.818147001904,84883.91771411989
2019-09-17,1217760.6958526387,53634.592750931624,54154.3413530821,25020.818147001904,84950.94360162318
2019-09-18,1217492.524816271,53421.54572331812,54273.84948566719,25020.818147001904,84776.31146028382
2019-09-19,1217080.9823806211,52917.17647716822,54377.43062950787,25020.818147001904,84765.55712694325
2019-09-20,1209227.1297352961,48919.497521445155,49814.73125175084,25020.818147001904,85472.08281509811
2019-09-23,1209048.9040662842,48919.497521445155,49814.73125175084,24802.644951889873,85512.03034119844
2019-09-24,1207319.655608683,48919.497521445155,49814.73125175084,23067.3039833426,85518.1228521443
2019-09-25,1208586.6308378726,48919.497521445155,49814.73125175084,24303.45562934049,85548.94643533602
2019-09-26,1208302.3248236594,48919.497521445155,49814.73125175084,24005.985599286738,85562.11045117653
2019-09-27,1207784.179367146,48919.497521445155,49814.73125175084,23516.876468300587,85533.07412564941
2019-09-30,1207874.1916411272,48919.497521445155,49814.73125175084,23512.84498363093,85627.11788430018
2019-10-01,1207330.2347936016,48919.497521445155,49814.73125175084,22930.004473926965,85666.0015464786
2019-10-02,1206503.361795776,48919.497521445155,49814.73125175084,22190.630893810303,85578.50212876988
2019-10-03,1206481.082477632,48919.497521445155,49814.73125175084,22119.255475752405,85627.59822868346
2019-10-04,1207296.3307118444,48919.497521445155,49814.73125175084,22849.20699426916,85712.89494437934
2019-10-07,1206437.5802948633,48919.497521445155,49814.73125175084,21915.38917215902,85787.96234950842
2019-10-08,1206200.7649609838,48919.497521445155,49814.73125175084,21753.4791389826,85713.05704880506
2019-10-09,1206013.3526475339,48919.497521445155,49814.73125175084,21512.744279240025,85766.37959509785
2019-10-10,1206104.8600149099,48919.497521445155,49814.73125175084,21607.7444986559,85762.88674305798
2019-10-11,1206656.5802538823,48919.497521445155,49814.73125175084,22101.86459708691,85820.48688359954
2019-10-14,1205986.6077058087,48919.497521445155,49814.73125175084,21354.779198348406,85897.59973426443
2019-10-15,1206325.4519906007,48919.497521445155,49814.73125175084,21629.811406371067,85961.41181103373
2019-10-16,1206099.0720620179,48919.497521445155,49814.73125175084,21322.132773638237,86042.71051518363
2019-10-17,1206468.2492630058,48919.497521445155,49814.73125175084,21685.685498332256,86048.33499147766
2019-10-18,1207169.4600511468,48919.497521445155,49814.73125175084,22296.218853247934,86139.01242470276
2019-10-21,1206367.4343788538,48919.497521445155,49814.73125175084,21170.097046118928,86463.10855953884
2019-10-22,1206949.879394481,48919.497521445155,49814.73125175084,21814.320501947426,86401.33011933765
2019-10-23,1206726.362704553,48919.497521445155,49814.73125175084,21807.57512782584,86184.55880353111
2019-10-24,1207853.112695648,48919.497521445155,49814.73125175084,22583.882255221484,86535.00166723062
2019-10-25,1209558.0945239782,48919.497521445155,49814.73125175084,24820.164697187953,86003.70105359424
2019-10-28,1208740.1787940576,48919.497521445155,49814.73125175084,23457.073743348825,86548.87627751287
2019-10-29,1209495.1016764543,48919.497521445155,49814.73125175084,23660.77626729838,87100.09663596004
2019-10-30,1210182.1955245053,48919.497521445155,49814.73125175084,25105.229980573524,86342.73677073582
2019-10-31,1210546.5494197563,48919.497521445155,49814.73125175084,24810.405751094455,87001.91489546583
2019-11-01,1208484.5336908686,48919.497521445155,49814.73125175084,23827.107340781484,85923.19757689117
2019-11-04,1207929.6620975523,48919.497521445155,49814.73125175084,23382.445002331282,85812.98832202493
2019-11-05,1209202.0849953992,48919.497521445155,49814.73125175084,24636.038243878982,85831.81797832437
2019-11-06,1208979.0638538012,48919.497521445155,49814.73125175084,24044.723324026563,86200.11175657855
2019-11-07,1208727.6830513123,48919.497521445155,49814.73125175084,25250.220182877616,84743.23409523861
2019-11-08,1208104.001245296,48919.497521445155,49814.73125175084,25338.219730474404,84031.55274162558
2019-11-11,1207860.704960681,48919.497521445155,49814.73125175084,24399.45540291001,84727.02078457503
2019-11-12,1208428.9030813125,48919.497521445155,49814.73125175084,24048.744172039907,85645.93013607664
2019-11-13,1208792.866768906,48919.497521445155,49814.73125175084,24002.597706575994,86056.04028913379
2019-11-14,1209338.2826396066,48919.497521445155,49814.73125175084,24562.126348443097,86041.92751796753
2019-11-15,1209867.8131413516,48919.497521445155,49814.73125175084,25813.701017466723,85319.88335068896
2019-11-18,1209137.8036904605,48919.497521445155,49814.73125175084,24977.000790471677,85426.57412679284
2019-11-19,1209180.0895700324,48919.497521445155,49814.73125175084,25067.29556589143,85378.56523094513
2019-11-20,1209007.6371414997,48919.497521445155,49814.73125175084,25378.24341166427,84895.16495663952
2019-11-21,1209040.4220881523,48919.497521445155,49814.73125175084,25455.446052480722,84850.74726247555
2019-11-22,1209885.3108569826,48919.497521445155,49814.73125175084,26238.062484961352,84913.01959882537
2019-11-25,1209697.0998767423,48919.497521445155,49814.73125175084,25669.831747314427,85293.03935623192
2019-11-26,1209598.2853117378,48919.497521445155,49814.73125175084,25609.806964712217,85254.24957382958
2019-11-27,1208548.9956436337,48919.497521445155,49814.73125175084,24444.29376043263,85370.47311000503
2019-11-29,1208948.5939828537,48919.497521445155,49814.73125175084,24683.70425731712,85530.66095234058
2019-12-02,1208969.5839736448,48919.497521445155,49814.73125175084,24448.72252756369,85786.6326728852
2019-12-03,1208989.8576620053,48919.497521445155,49814.73125175084,24559.89147906436,85695.73740974511
2019-12-04,1209292.0940897362,48919.497521445155,49814.73125175084,24673.34028668853,85884.52502985159
2019-12-05,1209410.0679243365,48919.497521445155,49814.73125175084,24834.76065288263,85841.07849825802
2019-12-06,1208727.7159091998,48919.497521445155,49814.73125175084,24101.990502538974,85891.49663346494
2019-12-09,1208809.735485133,48919.497521445155,49814.73125175084,23731.564492915524,86343.9422190215
2019-12-10,1209203.3083869503,48919.497521445155,49814.73125175084,23975.490763294394,86493.58885046002
2019-12-11,1209117.6035612968,48919.497521445155,49814.73125175084,24035.08100830228,86348.29377979855
2019-12-12,1208337.6683214465,48919.497521445155,49814.73125175084,23454.222443279927,86149.21710497048
2019-12-13,1209925.6527035814,48919.497521445155,49814.73125175084,24744.87546111981,86446.54846926569
2019-12-16,1208402.949153632,48919.497521445155,49814.73125175084,23137.70451100811,86531.01586942794
2019-12-17,1209455.3510096169,48919.497521445155,49814.73125175084,23976.994783343747,86744.12745307712
2019-12-18,1209793.6639057337,48919.497521445155,49814.73125175084,24117.062133171246,86942.3729993666
2019-12-19,1210107.7288340728,48919.497521445155,49814.73125175084,24194.45060071326,87179.04946016357
2019-12-20,1206475.7764434014,48919.497521445155,49814.73125175084,20429.448342882446,87312.09932732303
2019-12-23,1206115.2941277344,48919.497521445155,49814.73125175084,20046.733309860225,87334.33204467804
2019-12-24,1205918.729559367,48919.497521445155,49814.73125175084,19817.323042478063,87367.17774369312
2019-12-26,1205221.0872021157,48919.497521445155,49814.73125175084,19079.357502193423,87407.50092672626
2019-12-27,1204234.5944223432,48919.497521445155,49814.73125175084,18084.431267805747,87415.93438134133
2019-12-30,1203779.8597509211,48919.497521445155,49814.73125175084,17537.96985286032,87507.66112486483
2019-12-31,1204148.0125580837,48919.497521445155,49814.73125175084,17876.20778693189,87537.57599795586
2020-01-02,1204214.820024632,48919.497521445155,49814.73125175084,17872.97105771047,87607.62019372545
2020-01-03,1203954.4671206202,48919.497521445155,49814.73125175084,17618.60621883301,87601.63212859118
2020-01-06,1204204.725985589,48919.497521445155,49814.73125175084,17787.941274667042,87682.55593772605
2020-01-07,1205577.7644549874,48919.497521445155,49814.73125175084,19171.700115017476,87671.83556677401
2020-01-08,1205258.1476934256,48919.497521445155,49814.73125175084,18830.778098531533,87693.14082169812
2020-01-09,1204888.6771049728,48919.497521445155,49814.73125175084,18453.739267396857,87700.70906438003
2020-01-10,1205902.7134472686,48919.497521445155,49814.73125175084,19421.78185511718,87746.70281895553
2020-01-13,1204611.8951140842,48919.497521445155,49814.73125175084,18007.210960215307,87870.45538067305
2020-01-14,1205067.5067101333,48919.497521445155,49814.73125175084,18367.399803215405,87965.87813372188
2020-01-15,1205615.929894174,48919.497521445155,49814.73125175084,18887.09857383545,87994.60254714242
2020-01-16,1205235.049665796,48919.497521445155,49814.73125175084,18560.46104123944,87940.35985136055
2020-01-17,1205480.653148456,48919.497521445155,49814.73125175084,18886.762079227483,87859.66229603253
2020-01-21,1204571.4487852002,48919.497521445155,49814.73125175084,17471.68743613246,88365.5325758718
2020-01-22,1204511.1217015965,48919.497521445155,49814.73125175084,17612.607842429075,88164.28508597147
2020-01-23,1204270.7640514593,48919.497521445155,49814.73125175084,17300.44145144429,88236.09382681898
2020-01-24,1204911.1032755328,48919.497521445155,49814.73125175084,18863.57512817334,87313.29937416338
2020-01-27,1202450.2457960988,48919.497521445155,49814.73125175084,16635.581455818727,87080.43556708423
2020-01-28,1201416.685822092,48919.497521445155,49814.73125175084,16358.619305746746,86323.83774314937
2020-01-29,1200776.5225985083,48919.497521445155,49814.73125175084,16687.839722939418,85354.45410237298
2020-01-30,1200751.9791590844,48919.497521445155,49814.73125175084,16968.283990923082,85049.4663949653
2020-01-31,1200627.952877092,48919.497521445155,49814.73125175084,17091.019213306718,84802.70489058923
2020-02-03,1200401.7027570945,48919.497521445155,49814.73125175084,17091.23012441874,84576.2438594799
2020-02-04,1199986.9969173162,48919.497521445155,49814.73125175084,16605.90282463294,84646.86531948717
2020-02-05,1199240.901098911,48919.497521445155,49814.73125175084,15484.751358151902,85021.92096756306
2020-02-06,1199128.6939932662,48919.497521445155,49814.73125175084,15717.079005135456,84677.38621493476
2020-02-07,1199645.9369627424,48919.497521445155,49814.73125175084,15937.208829372074,84974.49936017417
2020-02-10,1198212.7064965947,48919.497521445155,49814.73125175084,14905.85482150875,84572.62290188996
2020-02-11,1198101.1566511262,48919.497521445155,49814.73125175084,15014.70285904035,84352.22501888988
2020-02-12,1197975.4890528014,48919.497521445155,49814.73125175084,14967.612097584992,84273.64818202029
2020-02-13,1197944.6881838199,48919.497521445155,49814.73125175084,14859.911236954737,84350.54817366903
2020-02-14,1198311.3105429197,48919.497521445155,49814.73125175084,15429.022099505528,84148.05967021827
2020-02-18,1199005.9889268759,48919.497521445155,49814.73125175084,16397.108124014572,83874.65202966519
2020-02-19,1199154.5709887524,48919.497521445155,49814.73125175084,16627.313882259536,83793.028333297
2020-02-20,1199964.3115651095,48919.497521445155,49814.73125175084,17101.56091462518,84128.52187728835
2020-02-21,1200171.6997087332,48919.497521445155,49814.73125175084,16194.918912171852,85242.5520233654
2020-02-24,1195469.1429895405,48919.497521445155,49814.73125175084,11903.016620160546,84831.89759618393
2020-02-25,1192749.0894612516,48919.497521445155,49814.73125175084,10240.032767718309,83774.82792033744
2020-02-26,1192281.781641302,48919.497521445155,49814.73125175084,10068.299124119338,83479.2537439866
2020-02-27,1187613.6902235057,48919.497521445155,49814.73125175084,8948.042837188928,79931.41861312091
2020-02-28,1185995.5601378242,48919.497521445155,49814.73125175084,8905.49855070957,78355.83281391859
2020-03-02,1187036.244195647,48919.497521445155,49814.73125175084,9444.590414340724,78857.42500811024
2020-03-03,1187489.5758143137,48919.497521445155,49814.73125175084,8949.753818261554,79805.59322285629
2020-03-04,1187460.1741890109,48919.497521445155,49814.73125175084,10082.835246158531,78643.11016965634
2020-03-05,1188024.1028942626,48919.497521445155,49814.73125175084,9118.906388231786,80170.96773283486
2020-03-06,1187642.694416566,48919.497521445155,49814.73125175084,9116.603824979858,79791.8618183902
2020-03-09,1188567.7957909293,48919.497521445155,49814.73125175084,9315.284939748584,80518.28207798465
2020-03-10,1190054.0464198147,48919.497521445155,49814.73125175084,9024.292846566415,82295.52480005217
2020-03-11,1189046.5498148664,48919.497521445155,49814.73125175084,9400.720232233522,80911.60080943699
2020-03-12,1186775.9030570304,48919.497521445155,49814.73125175084,10355.907669681124,77685.76661415328
2020-03-13,1189760.976075658,48919.497521445155,49814.73125175084,9474.744800647255,81552.00250181486
2020-03-16,1186750.2681105365,48919.497521445155,49814.73125175084,9247.803361745435,78768.23597559519
2020-03-17,1187991.4955095951,48919.497521445155,49814.73125175084,9482.529824739904,79774.73691165936
2020-03-18,1187026.35310964,48919.497521445155,49814.73125175084,9271.810070541687,79020.31426590239
2020-03-19,1188016.527336531,48919.497521445155,49814.73125175084,9293.406755594304,79988.89180774079
2020-03-20,1194303.6102176139,48919.497521445155,49814.73125175084,14363.842404915951,81205.53903950192
2020-03-23,1193702.8516364875,47809.14386936289,49104.71584501257,14363.842404915951,82425.14951719623
2020-03-24,1202439.0843003397,53993.091017406434,56471.62985286815,14363.842404915951,77610.52102514915
2020-03-25,1186663.914428563,48970.01447612513,50397.866525472375,14363.842404915951,72932.19102204964
2020-03-26,1165188.201263092,50700.50872813305,43789.23857838614,14363.842404915951,56334.61155165685
2020-03-27,1180609.6220621099,49528.1501541913,49835.56430669222,14363.842404915951,66882.0651963104
2020-03-30,1207112.2482248866,59325.67031075363,62344.86944035324,14363.842404915951,71077.86606886378
2020-03-31,1214561.1403164535,58486.85753656621,66697.41074527916,14363.842404915951,75013.0296296922
2020-04-01,1202960.0734543242,53415.74061791808,59244.31536838715,14363.842404915951,75936.17506310297
2020-04-02,1220060.4078280872,59904.09716719575,68718.87633326766,14363.842404915951,77073.59192270786
2020-04-03,1226207.952392452,62096.59462582972,71521.12069638888,14363.842404915951,78226.39466531738
2020-04-06,1237546.236279483,68303.97893074015,76041.60606533429,14363.842404915951,78836.80887849256
2020-04-07,1242517.5109771308,67826.95838241,76819.85487976135,14363.842404915951,83506.85531004355
2020-04-08,1240045.1630299552,72205.01377120311,75170.41931259353,14363.842404915951,78305.88754124264
2020-04-09,1236120.796887503,75769.06926332996,73751.9470109588,14363.842404915951,72235.93820829829
2020-04-13,1246668.6017104343,72585.05426301016,77440.29831954371,14363.842404915951,82279.40672296449
2020-04-14,1250675.3081371237,75297.35243575531,77076.85271398141,14363.842404915951,83937.26058247103
2020-04-15,1248546.1490330487,71669.76056696451,77211.32997195492,14363.842404915951,85301.21608921327
2020-04-16,1250372.806679519,71792.83516208432,77243.75001346227,14363.842404915951,86972.37909905636
2020-04-17,1254943.0232136801,78354.43066142546,81060.93328323262,14363.842404915951,81163.8168641061
2020-04-20,1250848.4013331058,74779.33814154007,79717.01037093159,14363.842404915951,81988.21041571815
2020-04-21,1250585.1798017565,77219.91480416339,77726.0284971674,14363.842404915951,81275.39409550978
2020-04-22,1258612.9596492809,79403.69263415318,82676.56489032251,14363.842404915951,82168.85971988924
2020-04-23,1260835.5372836937,79494.84969562548,84523.36571663409,14363.842404915951,82453.47946651815
2020-04-24,1269587.1782932605,82855.86647038627,89275.6562923363,14363.842404915951,83091.813125622
2020-04-27,1271995.43879494,82282.24973249063,90648.30580715882,14363.842404915951,84701.04085037461
2020-04-28,1272963.3416440184,81888.76988951652,91075.75087709259,14363.842404915951,85634.97847249336
2020-04-29,1267625.5464448354,81564.10519269877,87399.71954586916,14363.842404915951,84297.8793013515
2020-04-30,1269319.0492277867,80374.67239837605,89129.38537792419,14363.842404915951,85451.14904657053
2020-05-01,1274197.2274914058,81053.1294884393,92567.39859234705,14363.842404915951,86212.8570057035
2020-05-04,1279159.5853852236,81787.81817058171,95732.00786290481,14363.842404915951,87275.91694682115
2020-05-05,1279856.3382196326,81578.9584501991,96265.8817501308,14363.842404915951,87647.65561438678
2020-05-06,1282956.758733294,83359.8807222473,98100.61438648473,14363.842404915951,87132.421219646
2020-05-07,1281505.1998373412,82203.58303501084,98524.8672368105,14363.842404915951,86412.9071606039
2020-05-08,1278042.4819035335,79960.90628135437,96491.63951959088,14363.842404915951,87226.09369767224
2020-05-11,1280832.9287774635,78796.1840643282,98020.92790992185,14363.842404915951,89651.97439829749
2020-05-12,1282382.9059000323,78520.86504655029,99770.62712726556,14363.842404915951,89727.57132130046
2020-05-13,1280452.7411237215,79238.98508723918,98840.66717445268,14363.842404915951,88009.24645711365
2020-05-14,1287119.0078552165,77600.03818699741,104839.20685907826,14363.842404915951,90315.92040422489
2020-05-15,1295111.2207694214,81590.73620721279,109260.34900915553,14363.842404915951,89896.29314813716
2020-05-18,1288435.2723843658,77989.65267542843,106619.72479154659,14363.842404915951,89462.05251247482
2020-05-19,1290854.887839394,78521.9889173978,108145.07807800849,14363.842404915951,89823.97843907168
2020-05-20,1289361.1937731127,78695.5885671326,106683.24494439177,14363.842404915951,89618.5178566724
2020-05-21,1291275.7387722505,79337.05209553335,108123.72326950892,14363.842404915951,89451.12100229226
2020-05-22,1292331.1871414024,79752.36217446905,108645.88733952609,14363.842404915951,89569.0952224913
2020-05-26,1292899.4814661094,79932.02414965862,108908.42218800425,14363.842404915951,89695.19272353058
2020-05-27,1292854.070328282,81612.83081566729,107259.47553311265,14363.842404915951,89617.92157458607
2020-05-28,1291218.7748269709,80152.17074422794,107020.07833384792,14363.842404915951,89682.68334397906
2020-05-29,1292499.6916428043,80767.51024890272,107526.2660205299,14363.842404915951,89842.07296845573
2020-06-01,1292460.659155189,80461.6088175131,107273.29547922965,14363.842404915951,90361.91245353036
2020-06-02,1294134.039707578,81773.44586343598,107819.54722588742,14363.842404915951,90177.20421333867
2020-06-03,1295253.1387083095,83027.87459820812,107877.1771774115,14363.842404915951,89984.24452777393
2020-06-04,1296843.1908565906,82959.46149064065,108659.83799856436,14363.842404915951,90860.04896246968
2020-06-05,1298510.955277859,87061.97812198731,106818.71828319924,14363.842404915951,90266.4164677565
2020-06-08,1299870.1895733215,89078.15284652193,105490.37800431647,14363.842404915951,90937.81631756714
2020-06-09,1299416.239336989,88429.13000488328,105111.3792418912,14363.842404915951,91511.88768529845
2020-06-10,1300374.7745524053,87917.59889027243,105603.31472675549,14363.842404915951,92490.01853046147
2020-06-11,1289476.654017514,84452.63722332101,99063.92765500979,14363.842404915951,91596.24673426733
2020-06-12,1294758.4585926256,85436.85922302445,103344.52506536758,14363.842404915951,91613.23189931759
2020-06-15,1298522.4350240175,86543.09802960721,105448.2653237877,14363.842404915951,92167.22926570661
2020-06-16,1302627.7278261832,90137.67485252372,106047.72722601169,14363.842404915951,92078.48334273184
2020-06-17,1301541.2544637641,88676.79341310961,106424.40333907702,14363.842404915951,92076.21530666156
2020-06-18,1301233.8001925289,88398.83645780385,106206.13803990837,14363.842404915951,92264.9832899007
2020-06-19,1289158.0774052462,86684.20489166095,94899.06722323247,14363.842404915951,93210.96288543683
2020-06-22,1291926.3143306766,87072.1029070539,97201.50923187123,14363.842404915951,93288.8597868355
2020-06-23,1292463.8196011418,87080.60563974362,97747.81019717967,14363.842404915951,93271.5613593026
2020-06-24,1290057.2226532896,86345.39019413549,95995.07615212467,14363.842404915951,93352.91390211345
2020-06-25,1294585.7869266877,87950.21214015689,99082.05217943131,14363.842404915951,93189.68020218355
2020-06-26,1289192.977431045,86317.54549518833,95245.37710914761,14363.842404915951,93266.21242179302
2020-06-29,1295614.6939721578,89012.49741302757,98740.03694972768,14363.842404915951,93498.31720448658
2020-06-30,1296798.44158755,89977.213258893,98976.12817671616,14363.842404915951,93481.257747025
2020-07-01,1297166.110440318,89659.48193960916,99699.34181063785,14363.842404915951,93443.44428515504
2020-07-02,1299398.7140281764,91405.66243463778,100122.45115282899,14363.842404915951,93506.75803579367
2020-07-06,1291639.1133680583,86632.95394173637,97019.35525499727,14363.842404915951,93622.96176640876
2020-07-07,1289685.0549536815,85717.4174375101,96216.6113340084,14363.842404915951,93387.18377724709
2020-07-08,1292939.7593544459,86562.15181726776,98487.07911615283,14363.842404915951,93526.6860161093
2020-07-09,1293506.5610498278,87199.61705613951,98435.35719598248,14363.842404915951,93507.7443927899
2020-07-10,1296018.0230015577,86731.57710508816,100901.79699841514,14363.842404915951,94020.80649313843
2020-07-13,1293446.8207512163,84599.55129000475,100219.20389732602,14363.842404915951,94264.22315896954
2020-07-14,1296820.6786843452,86008.7647324393,102528.38962777611,14363.842404915951,93919.68191921385
2020-07-15,1297716.823245858,86369.204955203,102871.5077307846,14363.842404915951,94112.26815495454
2020-07-16,1299327.0332156313,86699.75289673265,104105.89968136232,14363.842404915951,94157.53823262034
2020-07-17,1299401.6883822244,87548.11390513857,103771.79671600903,14363.842404915951,93717.93535616086
2020-07-20,1299432.3895802144,87548.11390513857,103771.79671600903,14363.842404915951,93748.63655415084
2020-07-21,1299949.8817151138,87548.11390513857,103771.79671600903,14363.842404915951,94266.12868905021
2020-07-22,1299700.0539002237,87548.11390513857,103771.79671600903,14363.842404915951,94016.30087416014
2020-07-23,1300338.6734141172,87548.11390513857,103771.79671600903,14363.842404915951,94654.92038805364
2020-07-24,1298784.9481545147,87548.11390513857,103771.79671600903,14363.842404915951,93101.1951284511
2020-07-27,1299567.4692685101,87548.11390513857,103771.79671600903,14363.842404915951,93883.71624244656
2020-07-28,1299986.9475294978,87548.11390513857,103771.79671600903,14363.842404915951,94303.19450343424
2020-07-29,1298557.0565421367,87548.11390513857,103771.79671600903,14363.842404915951,92873.30351607315
2020-07-30,1297767.504891785,87548.11390513857,103771.79671600903,14363.842404915951,92083.75186572154
2020-07-31,1297032.460402523,87548.11390513857,103771.79671600903,14363.842404915951,91348.70737645938
2020-08-03,1297723.2216619833,87548.11390513857,103771.79671600903,14363.842404915951,92039.46863591974
2020-08-04,1296876.96227851,87548.11390513857,103771.79671600903,14363.842404915951,91193.20925244642
2020-08-05,1296983.4834355854,87548.11390513857,103771.79671600903,14363.842404915951,91299.73040952184
2020-08-06,1296161.946307076,87548.11390513857,103771.79671600903,14363.842404915951,90478.19328101235
2020-08-07,1297654.3006979146,87548.11390513857,103771.79671600903,14363.842404915951,91970.547671851
2020-08-10,1299480.076432395,87548.11390513857,103771.79671600903,14363.842404915951,93796.32340633147
2020-08-11,1300799.7559310966,87548.11390513857,103771.79671600903,14363.842404915951,95116.00290503306
2020-08-12,1300168.5338253756,87548.11390513857,103771.79671600903,14363.842404915951,94484.78079931205
2020-08-13,1299862.5751076243,87548.11390513857,103771.79671600903,14363.842404915951,94178.82208156073
2020-08-14,1300420.1493495973,87548.11390513857,103771.79671600903,14363.842404915951,94736.39632353373
2020-08-17,1300987.4917633855,87548.11390513857,103771.79671600903,14363.842404915951,95303.73873732192
2020-08-18,1301046.2283466174,87548.11390513857,103771.79671600903,14363.842404915951,95362.47532055387
2020-08-19,1301745.4813294506,87548.11390513857,103771.79671600903,14363.842404915951,96061.72830338706
2020-08-20,1301004.6024980173,87548.11390513857,103771.79671600903,14363.842404915951,95320.8494719537
2020-08-21,1300644.4350963205,87548.11390513857,103771.79671600903,14363.842404915951,94960.68207025691
2020-08-24,1300662.500800954,87548.11390513857,103771.79671600903,14363.842404915951,94978.74777489039
2020-08-25,1300690.9304465863,87548.11390513857,103771.79671600903,14363.842404915951,95007.17742052278
2020-08-26,1300713.6791552978,87548.11390513857,103771.79671600903,14363.842404915951,95029.92612923426
2020-08-27,1300724.4751628805,87548.11390513857,103771.79671600903,14363.842404915951,95040.72213681694
2020-08-28,1300742.1116976202,87548.11390513857,103771.79671600903,14363.842404915951,95058.35867155669
2020-08-31,1300807.0245443806,87548.11390513857,103771.79671600903,14363.842404915951,95123.27151831705
2020-09-01,1300863.0641009,87548.11390513857,103771.79671600903,14363.842404915951,95179.31107483641
2020-09-02,1300876.9233178357,87548.11390513857,103771.79671600903,14363.842404915951,95193.17029177211
2020-09-03,1300850.7827457606,87548.11390513857,103771.79671600903,14363.842404915951,95167.02971969708
2020-09-04,1300854.683702569,87548.11390513857,103771.79671600903,14363.842404915951,95170.93067650544
2020-09-08,1300901.352848352,87548.11390513857,103771.79671600903,14363.842404915951,95217.59982228838
2020-09-09,1300977.6610879095,87548.11390513857,103771.79671600903,14363.842404915951,95293.90806184593
2020-09-10,1300975.7945267025,87548.11390513857,103771.79671600903,14363.842404915951,95292.04150063894
2020-09-11,1301026.4644820816,87548.11390513857,103771.79671600903,14363.842404915951,95342.71145601803
2020-09-14,1301152.7053157135,87548.11390513857,103771.79671600903,14363.842404915951,95468.95228964998
2020-09-15,1301234.683684629,87548.11390513857,103771.79671600903,14363.842404915951,95550.93065856537
2020-09-16,1301211.9187215588,87548.11390513857,103771.79671600903,14363.842404915951,95528.1656954952
2020-09-17,1301062.8846106448,87548.11390513857,103771.79671600903,14363.842404915951,95379.13158458122
2020-09-18,1300800.1876989806,87548.11390513857,103771.79671600903,14363.842404915951,95116.434672917
2020-09-21,1300802.3814528114,87548.11390513857,103771.79671600903,14363.842404915951,95118.62842674786
2020-09-22,1300817.12298454,87548.11390513857,103771.79671600903,14363.842404915951,95133.3699584764
2020-09-23,1300681.8125712683,87548.11390513857,103771.79671600903,14363.842404915951,94998.05954520474
2020-09-24,1300689.6760870903,87548.11390513857,103771.79671600903,14363.842404915951,95005.92306102673
2020-09-25,1300796.2919189304,87548.11390513857,103771.79671600903,14363.842404915951,95112.53889286681
2020-09-28,1300796.2836307643,87548.11390513857,103771.79671600903,14363.842404915951,95112.53060470079
2020-09-29,1300808.6578863212,87548.11390513857,103771.79671600903,14363.842404915951,95124.90486025764
2020-09-30,1300843.2050286934,87548.11390513857,103771.79671600903,14363.842404915951,95159.45200262987
2020-10-01,1300825.5432560511,87548.11390513857,103771.79671600903,14363.842404915951,95141.79022998759
2020-10-02,1300872.7906057583,87548.11390513857,103771.79671600903,14363.842404915951,95189.03757969476
2020-10-05,1300893.4232101988,87548.11390513857,103771.79671600903,14363.842404915951,95209.6701841352
2020-10-06,1300921.8329273185,87548.11390513857,103771.79671600903,14363.842404915951,95238.07990125497
2020-10-07,1300923.3325028983,87548.11390513857,103771.79671600903,14363.842404915951,95239.57947683474
2020-10-08,1300909.3351110276,87548.11390513857,103771.79671600903,14363.842404915951,95225.58208496403
2020-10-09,1300886.5319542913,87548.11390513857,103771.79671600903,14363.842404915951,95202.77892822772
2020-10-12,1300993.9646866901,87548.11390513857,103771.79671600903,14363.842404915951,95310.21166062658
2020-10-13,1301001.8801513934,87548.11390513857,103771.79671600903,14363.842404915951,95318.1271253298
2020-10-14,1301009.8966699652,87548.11390513857,103771.79671600903,14363.842404915951,95326.14364390168
2020-10-15,1300986.7108353905,87548.11390513857,103771.79671600903,14363.842404915951,95302.95780932694
2020-10-16,1300966.3123020353,87548.11390513857,103771.79671600903,14363.842404915951,95282.55927597173
2020-10-19,1301369.4239610988,87548.11390513857,103771.79671600903,14363.842404915951,95685.67093503522
2020-10-20,1301500.7963694348,87548.11390513857,103771.79671600903,14363.842404915951,95817.04334337125
2020-10-21,1301492.0167695812,87548.11390513857,103771.79671600903,14363.842404915951,95808.26374351769
2020-10-22,1301726.2617610898,87548.11390513857,103771.79671600903,14363.842404915951,96042.50873502623
2020-10-23,1301754.5857523838,87548.11390513857,103771.79671600903,14363.842404915951,96070.83272632025
2020-10-26,1302069.7018147472,87548.11390513857,103771.79671600903,14363.842404915951,96385.94878868363
2020-10-27,1301546.0323960644,87548.11390513857,103771.79671600903,14363.842404915951,95862.27937000082
2020-10-28,1299779.3779859042,87548.11390513857,103771.79671600903,14363.842404915951,94095.62495984067
2020-10-29,1301053.5357505307,87548.11390513857,103771.79671600903,14363.842404915951,95369.7827244671
2020-10-30,1301532.2397175308,87548.11390513857,103771.79671600903,14363.842404915951,95848.48669146723
2020-11-02,1301916.4805511576,87548.11390513857,103771.79671600903,14363.842404915951,96232.72752509406
2020-11-03,1301192.5125849256,87548.11390513857,103771.79671600903,14363.842404915951,95508.75955886208
2020-11-04,1299952.5077564446,87548.11390513857,103771.79671600903,14363.842404915951,94268.75473038107
2020-11-05,1298730.6763151074,87548.11390513857,103771.79671600903,14363.842404915951,93046.92328904383
2020-11-06,1298806.4260505545,87548.11390513857,103771.79671600903,14363.842404915951,93122.67302449094
2020-11-09,1298792.404702914,87548.11390513857,103771.79671600903,14363.842404915951,93108.6516768504
2020-11-10,1298588.4196596139,87548.11390513857,103771.79671600903,14363.842404915951,92904.66663355031
2020-11-11,1298986.000877416,87548.11390513857,103771.79671600903,14363.842404915951,93302.24785135244
2020-11-12,1298844.2942932579,87548.11390513857,103771.79671600903,14363.842404915951,93160.54126719432
2020-11-13,1298317.4051954527,87548.11390513857,103771.79671600903,14363.842404915951,92633.65216938918
2020-11-16,1299021.8087049266,87548.11390513857,103771.79671600903,14363.842404915951,93338.05567886308
2020-11-17,1299162.7399802664,87548.11390513857,103771.79671600903,14363.842404915951,93478.98695420288
2020-11-18,1299760.81871093,87548.11390513857,103771.79671600903,14363.842404915951,94077.0656848664
2020-11-19,1300183.1798597102,87548.11390513857,103771.79671600903,14363.842404915951,94499.4268336466
2020-11-20,1300209.3053916388,87548.11390513857,103771.79671600903,14363.842404915951,94525.55236557522
2020-11-23,1300271.4078601222,87548.11390513857,103771.79671600903,14363.842404915951,94587.6548340586
2020-11-24,1300288.2783407744,87548.11390513857,103771.79671600903,14363.842404915951,94604.5253147108
2020-11-25,1300270.8939530416,87548.11390513857,103771.79671600903,14363.842404915951,94587.14092697809
2020-11-27,1300335.462036594,87548.11390513857,103771.79671600903,14363.842404915951,94651.7090105305
2020-11-30,1300389.7281890472,87548.11390513857,103771.79671600903,14363.842404915951,94705.97516298364
2020-12-01,1300301.8446544087,87548.11390513857,103771.79671600903,14363.842404915951,94618.0916283452
2020-12-02,1299848.3230846708,87548.11390513857,103771.79671600903,14363.842404915951,94164.57005860726
2020-12-03,1299930.5691718743,87548.11390513857,103771.79671600903,14363.842404915951,94246.81614581076
2020-12-04,1300105.1185050188,87548.11390513857,103771.79671600903,14363.842404915951,94421.36547895521
2020-12-07,1300236.7507940286,87548.11390513857,103771.79671600903,14363.842404915951,94552.99776796508
2020-12-08,1300232.1289661806,87548.11390513857,103771.79671600903,14363.842404915951,94548.37594011705
2020-12-09,1300088.4658812953,87548.11390513857,103771.79671600903,14363.842404915951,94404.71285523172
2020-12-10,1300199.1489106633,87548.11390513857,103771.79671600903,14363.842404915951,94515.39588459977
2020-12-11,1300207.7360494237,87548.11390513857,103771.79671600903,14363.842404915951,94523.98302336014
2020-12-14,1300284.9982359535,87548.11390513857,103771.79671600903,14363.842404915951,94601.24520988995
2020-12-15,1300209.2464995468,87548.11390513857,103771.79671600903,14363.842404915951,94525.49347348325
2020-12-16,1300361.2237152888,87548.11390513857,103771.79671600903,14363.842404915951,94677.47068922524
2020-12-17,1300464.5476301315,87548.11390513857,103771.79671600903,14363.842404915951,94780.79460406792
2020-12-18,1300574.6639596804,87548.11390513857,103771.79671600903,14363.842404915951,94890.9109336168
2020-12-21,1300524.0930093364,87548.11390513857,103771.79671600903,14363.842404915951,94840.33998327283
2020-12-22,1300573.7884709039,87548.11390513857,103771.79671600903,14363.842404915951,94890.03544484032
2020-12-23,1300604.2932210418,87548.11390513857,103771.79671600903,14363.842404915951,94920.54019497824
2020-12-24,1300625.838567547,87548.11390513857,103771.79671600903,14363.842404915951,94942.08554148348
2020-12-28,1300689.912292557,87548.11390513857,103771.79671600903,14363.842404915951,95006.15926649352
2020-12-29,1300721.8806583227,87548.11390513857,103771.79671600903,14363.842404915951,95038.12763225916
2020-12-30,1300747.6377435813,87548.11390513857,103771.79671600903,14363.842404915951,95063.88471751777
2020-12-31,1300786.734342706,87548.11390513857,103771.79671600903,14363.842404915951,95102.98131664237
2021-01-04,1300869.347540852,87548.11390513857,103771.79671600903,14363.842404915951,95185.59451478836
2021-01-05,1300896.5031082965,87548.11390513857,103771.79671600903,14363.842404915951,95212.75008223299
2021-01-06,1300915.404604279,87548.11390513857,103771.79671600903,14363.842404915951,95231.65157821542
2021-01-07,1300901.8221324708,87548.11390513857,103771.79671600903,14363.842404915951,95218.06910640723
2021-01-08,1300884.8568100971,87548.11390513857,103771.79671600903,14363.842404915951,95201.10378403356
2021-01-11,1300894.3052405433,87548.11390513857,103771.79671600903,14363.842404915951,95210.55221447977
2021-01-12,1301022.9414327554,87548.11390513857,103771.79671600903,14363.842404915951,95339.18840669189
2021-01-13,1301174.8874819807,87548.11390513857,103771.79671600903,14363.842404915951,95491.13445591717
2021-01-14,1301274.2090301018,87548.11390513857,103771.79671600903,14363.842404915951,95590.45600403822
2021-01-15,1301285.2485032144,87548.11390513857,103771.79671600903,14363.842404915951,95601.4954771509
2021-01-19,1301467.9837004726,87548.11390513857,103771.79671600903,14363.842404915951,95784.23067440907
2021-01-20,1301558.1857890862,87548.11390513857,103771.79671600903,14363.842404915951,95874.4327630226
2021-01-21,1301334.9612431873,87548.11390513857,103771.79671600903,14363.842404915951,95651.20821712376
2021-01-22,1301579.4989530353,87548.11390513857,103771.79671600903,14363.842404915951,95895.74592697178
2021-01-25,1301882.8732574875,87548.11390513857,103771.79671600903,14363.842404915951,96199.12023142399
2021-01-26,1302067.304881201,87548.11390513857,103771.79671600903,14363.842404915951,96383.55185513734
2021-01-27,1301528.6305121474,87548.11390513857,103771.79671600903,14363.842404915951,95844.87748608389
2021-01-28,1301904.3669446588,87548.11390513857,103771.79671600903,14363.842404915951,96220.61391859525
2021-01-29,1302137.9037563093,87548.11390513857,103771.79671600903,14363.842404915951,96454.15073024575
2021-02-01,1302671.2891085483,87548.11390513857,103771.79671600903,14363.842404915951,96987.53608248476
2021-02-02,1302739.018178369,87548.11390513857,103771.79671600903,14363.842404915951,97055.26515230536
2021-02-03,1302880.789724525,87548.11390513857,103771.79671600903,14363.842404915951,97197.03669846151
2021-02-04,1302382.5428302127,87548.11390513857,103771.79671600903,14363.842404915951,96698.78980414919
2021-02-05,1302397.6852963306,87548.11390513857,103771.79671600903,14363.842404915951,96713.93227026705
2021-02-08,1302020.245767748,87548.11390513857,103771.79671600903,14363.842404915951,96336.49274168443
2021-02-09,1302113.549901424,87548.11390513857,103771.79671600903,14363.842404915951,96429.79687536042
2021-02-10,1302455.117854662,87548.11390513857,103771.79671600903,14363.842404915951,96771.36482859845
2021-02-11,1302390.410540048,87548.11390513857,103771.79671600903,14363.842404915951,96706.65751398448
2021-02-12,1301899.307420597,87548.11390513857,103771.79671600903,14363.842404915951,96215.55439453339
2021-02-16,1302129.946044745,87548.11390513857,103771.79671600903,14363.842404915951,96446.19301868137
2021-02-17,1302921.4569372924,87548.11390513857,103771.79671600903,14363.842404915951,97237.7039112288
2021-02-18,1303202.8235561773,87548.11390513857,103771.79671600903,14363.842404915951,97519.07053011376
2021-02-19,1302795.6695550708,87548.11390513857,103771.79671600903,14363.842404915951,97111.91652900726
2021-02-22,1302837.90202117,87548.11390513857,103771.79671600903,14363.842404915951,97154.14899510634
2021-02-23,1302809.2458000674,87548.11390513857,103771.79671600903,14363.842404915951,97125.49277400388
2021-02-24,1302658.8114683498,87548.11390513857,103771.79671600903,14363.842404915951,96975.05844228622
2021-02-25,1302555.3654600629,87548.11390513857,103771.79671600903,14363.842404915951,96871.61243399931
2021-02-26,1302616.1381640914,87548.11390513857,103771.79671600903,14363.842404915951,96932.38513802784
2021-03-01,1302675.47392802,87548.11390513857,103771.79671600903,14363.842404915951,96991.72090195655
2021-03-02,1302609.3092624305,87548.11390513857,103771.79671600903,14363.842404915951,96925.55623636697
2021-03-03,1302538.546843627,87548.11390513857,103771.79671600903,14363.842404915951,96854.79381756345
2021-03-04,1302271.8791793343,87548.11390513857,103771.79671600903,14363.842404915951,96588.12615327071
2021-03-05,1302464.635240118,87548.11390513857,103771.79671600903,14363.842404915951,96780.88221405447
2021-03-08,1303067.973764834,87548.11390513857,103771.79671600903,14363.842404915951,97384.22073877044
2021-03-09,1303161.0844421927,87548.11390513857,103771.79671600903,14363.842404915951,97477.33141612913
2021-03-10,1303255.0351851035,87548.11390513857,103771.79671600903,14363.842404915951,97571.28215903998
2021-03-11,1303312.7550350432,87548.11390513857,103771.79671600903,14363.842404915951,97629.00200897967
2021-03-12,1303355.2805573053,87548.11390513857,103771.79671600903,14363.842404915951,97671.52753124177
2021-03-15,1303507.8777444002,87548.11390513857,103771.79671600903,14363.842404915951,97824.12471833662
2021-03-16,1303667.633507198,87548.11390513857,103771.79671600903,14363.842404915951,97983.8804811344
2021-03-17,1303457.577046238,87548.11390513857,103771.79671600903,14363.842404915951,97773.82402017433
2021-03-18,1303634.9984845177,87548.11390513857,103771.79671600903,14363.842404915951,97951.24545845413
2021-03-19,1303987.5619912813,87548.11390513857,103771.79671600903,14363.842404915951,98303.80896521779
2021-03-22,1304003.372949626,87548.11390513857,103771.79671600903,14363.842404915951,98319.61992356251
2021-03-23,1303991.0901518615,87548.11390513857,103771.79671600903,14363.842404915951,98307.33712579799
2021-03-24,1304062.7248244009,87548.11390513857,103771.79671600903,14363.842404915951,98378.9717983373
2021-03-25,1304116.1052350036,87548.11390513857,103771.79671600903,14363.842404915951,98432.35220894008
2021-03-26,1304078.4904967016,87548.11390513857,103771.79671600903,14363.842404915951,98394.737470638
2021-03-29,1304201.3365853087,87548.11390513857,103771.79671600903,14363.842404915951,98517.5835592451
2021-03-30,1304245.0849919396,87548.11390513857,103771.79671600903,14363.842404915951,98561.33196587604
2021-03-31,1304329.692386028,87548.11390513857,103771.79671600903,14363.842404915951,98645.93935996434
2021-04-01,1304455.7097063959,87548.11390513857,103771.79671600903,14363.842404915951,98771.95668033231
2021-04-05,1304620.8044917989,87548.11390513857,103771.79671600903,14363.842404915951,98937.0514657353
2021-04-06,1304621.530836971,87548.11390513857,103771.79671600903,14363.842404915951,98937.77781090746
2021-04-07,1304847.3262275439,87548.11390513857,103771.79671600903,14363.842404915951,99163.57320148032
2021-04-08,1304966.3830855472,87548.11390513857,103771.79671600903,14363.842404915951,99282.6300594837
2021-04-09,1304962.9010239209,87548.11390513857,103771.79671600903,14363.842404915951,99279.1479978573
2021-04-12,1305130.664549581,87548.11390513857,103771.79671600903,14363.842404915951,99446.91152351745
2021-04-13,1305312.5170233492,87548.11390513857,103771.79671600903,14363.842404915951,99628.76399728563
2021-04-14,1305272.1839431582,87548.11390513857,103771.79671600903,14363.842404915951,99588.4309170947
2021-04-15,1305520.2293805752,87548.11390513857,103771.79671600903,14363.842404915951,99836.47635451169
2021-04-16,1305513.9823731924,87548.11390513857,103771.79671600903,14363.842404915951,99830.22934712889
2021-04-19,1303892.085429876,87548.11390513857,103771.79671600903,12459.781896380708,100112.3929123478
2021-04-20,1302939.069942664,87548.11390513857,103771.79671600903,11531.090343264746,100088.06897825142
2021-04-21,1303605.6662022513,87548.11390513857,103771.79671600903,12076.340870760498,100209.41471034312
2021-04-22,1302958.6636856725,87548.11390513857,103771.79671600903,11251.318451777683,100387.43461274705
2021-04-23,1303417.635435138,87548.11390513857,103771.79671600903,11735.186213642475,100362.5386003477
2021-04-26,1303211.4920227982,87548.11390513857,103771.79671600903,11056.067240598844,100835.51416105172
2021-04-27,1303282.936337511,87548.11390513857,103771.79671600903,11409.15235909645,100553.87335726712
2021-04-28,1303085.133670826,87548.11390513857,103771.79671600903,11927.274003994535,99837.94904568372
2021-04-29,1302896.1578332088,87548.11390513857,103771.79671600903,11913.110441166093,99663.13677089498
2021-04-30,1302263.0197324955,87548.11390513857,103771.79671600903,10868.553619256709,100074.55549209123
2021-05-03,1302739.044538672,87548.11390513857,103771.79671600903,11510.477369079483,99908.65654844488
2021-05-04,1303248.1106567928,87548.11390513857,103771.79671600903,12142.615735874395,99785.58429977065
2021-05-05,1303941.197365064,87548.11390513857,103771.79671600903,12948.566051084315,99672.72069283202
2021-05-06,1305085.183916135,87548.11390513857,103771.79671600903,13848.540654250653,99916.73264073674
2021-05-07,1304823.394329975,87548.11390513857,103771.79671600903,13946.554696308332,99556.92901251884
2021-05-10,1302900.7250531078,87548.11390513857,103771.79671600903,12977.1134284375,98603.70100352261
2021-05-11,1302071.570721032,87548.11390513857,103771.79671600903,11312.567537017516,99439.09256286686
2021-05-12,1296751.8845437858,87548.11390513857,103771.79671600903,7504.6985942709725,97927.27532836725
2021-05-13,1299081.1159873765,87548.11390513857,103771.79671600903,9803.270997396903,97957.93436883204
2021-05-14,1303565.546814728,87548.11390513857,103771.79671600903,13484.843148376676,98760.79304520367
2021-05-17,1303907.395149165,87548.11390513857,103771.79671600903,13157.536594948266,99429.9479330692
2021-05-18,1304076.2903152388,87548.11390513857,103771.79671600903,13139.816966150072,99616.56272794097
2021-05-19,1305123.5435038828,87548.11390513857,103771.79671600903,13293.448653509258,100510.18422922608
2021-05-20,1305914.079329505,87548.11390513857,103771.79671600903,13103.631577406777,101490.53713095072
2021-05-21,1305862.6917467413,87548.11390513857,103771.79671600903,13253.975499135908,101288.80562645779
2021-05-24,1305880.5620917438,87548.11390513857,103771.79671600903,13253.975499135908,101306.6759714603
2021-05-25,1305868.3682571896,87548.11390513857,103771.79671600903,13253.975499135908,101294.48213690612
2021-05-26,1305856.3314105833,87548.11390513857,103771.79671600903,13253.975499135908,101282.44529029983
2021-05-27,1305844.798440287,87548.11390513857,103771.79671600903,13253.975499135908,101270.91232000338
2021-05-28,1305660.3611019563,87548.11390513857,103771.79671600903,13253.975499135908,101086.47498167283
2021-06-01,1305718.502417577,87548.11390513857,103771.79671600903,13253.975499135908,101144.61629729345
2021-06-02,1305829.794519827,87548.11390513857,103771.79671600903,13253.975499135908,101255.90839954349
2021-06-03,1306018.73300192,87548.11390513857,103771.79671600903,13253.975499135908,101444.84688163642
2021-06-04,1305905.5691670245,87548.11390513857,103771.79671600903,13253.975499135908,101331.68304674095
2021-06-07,1305863.858514983,87548.11390513857,103771.79671600903,13253.975499135908,101289.97239469946
2021-06-08,1305899.1317563285,87548.11390513857,103771.79671600903,13253.975499135908,101325.245636045
2021-06-09,1306047.882513259,87548.11390513857,103771.79671600903,13253.975499135908,101473.99639297556
2021-06-10,1305966.211114208,87548.11390513857,103771.79671600903,13253.975499135908,101392.32499392447
2021-06-11,1305979.8421668094,87548.11390513857,103771.79671600903,13253.975499135908,101405.95604652585
2021-06-14,1305811.6178888131,87548.11390513857,103771.79671600903,13253.975499135908,101237.73176852963
2021-06-15,1305940.8911289575,87548.11390513857,103771.79671600903,13253.975499135908,101367.005008674
2021-06-16,1305809.057278877,87548.11390513857,103771.79671600903,13253.975499135908,101235.17115859338
2021-06-17,1305652.7369899948,87548.11390513857,103771.79671600903,13253.975499135908,101078.85086971126
2021-06-18,1305618.65364644,87548.11390513857,103771.79671600903,13253.975499135908,101044.7675261565
2021-06-21,1304548.866462412,87548.11390513857,103771.79671600903,12214.440849761711,101014.51499150274
2021-06-22,1304481.2277230076,87548.11390513857,103771.79671600903,12132.697441149503,101028.61966071045
2021-06-23,1305234.0405290844,87548.11390513857,103771.79671600903,12875.002466490027,101039.12744144676
2021-06-24,1306319.5669401428,87548.11390513857,103771.79671600903,14154.954795412603,100844.70152358245
2021-06-25,1304479.4067291822,87548.11390513857,103771.79671600903,13739.323482341948,99420.1726256928
2021-06-28,1304008.1455595505,87548.11390513857,103771.79671600903,12858.787209718488,99829.4477286844
2021-06-29,1304084.5978466985,87548.11390513857,103771.79671600903,13103.748581044958,99660.9386445058
2021-06-30,1304177.7586351894,87548.11390513857,103771.79671600903,13037.085481962073,99820.76253207983
2021-07-01,1301937.90149076,87548.11390513857,103771.79671600903,11086.536797376699,99531.45407223585
2021-07-02,1300786.1261965293,87548.11390513857,103771.79671600903,9996.119738981011,99470.09583640075
2021-07-06,1300082.1568610386,87548.11390513857,103771.79671600903,8940.747715926263,99821.49852396478
2021-07-07,1300307.4755324475,87548.11390513857,103771.79671600903,9122.870026952587,99864.69488434726
2021-07-08,1300263.143980851,87548.11390513857,103771.79671600903,9179.933773287223,99763.29958641622
2021-07-09,1298214.3711378914,87548.11390513857,103771.79671600903,7256.03886745323,99638.42164929071
2021-07-12,1295775.2094949535,87548.11390513857,103771.79671600903,4911.466585779446,99543.83228802634
2021-07-13,1295526.9339732053,87548.11390513857,103771.79671600903,4622.510929282173,99584.51242277562
2021-07-14,1296500.4332725029,87548.11390513857,103771.79671600903,5624.101696560509,99556.42095479486
2021-07-15,1296344.1509658038,87548.11390513857,103771.79671600903,6073.265539395739,98950.97480526031
2021-07-16,1289019.4722818916,87548.11390513857,103771.79671600903,-1653.230130332755,99352.79179107677
2021-07-19,1286353.0476618132,87548.11390513857,103771.79671600903,-4419.994489114732,99453.13152978034
2021-07-20,1287386.8568370836,87548.11390513857,103771.79671600903,-3600.889383135014,99667.83559907088
2021-07-21,1288595.4502575041,87548.11390513857,103771.79671600903,-2409.80885091261,99685.34848726913
2021-07-22,1288178.425993647,87548.11390513857,103771.79671600903,-2821.0647577979835,99679.58013029722
2021-07-23,1286152.169839254,87548.11390513857,103771.79671600903,-4683.232220434002,99515.49143854063
2021-07-26,1285709.8760248986,87548.11390513857,103771.79671600903,-5627.611282936879,100017.576686688
2021-07-27,1285124.9993827194,87548.11390513857,103771.79671600903,-6038.700842125225,99843.7896036969
2021-07-28,1285726.32336855,87548.11390513857,103771.79671600903,-4988.175811012508,99394.58855841495
2021-07-29,1286425.1033181995,87548.11390513857,103771.79671600903,-3856.5356670743786,98961.72836412629
2021-07-30,1286915.6420899723,87548.11390513857,103771.79671600903,-3021.3231981603894,98617.05466698506
2021-08-02,1286209.8738133549,87548.11390513857,103771.79671600903,-3635.4485697903438,98525.4117619975
2021-08-03,1286850.2073306085,87548.11390513857,103771.79671600903,-2424.0011233836412,97954.29783284455
2021-08-04,1286146.815642821,87548.11390513857,103771.79671600903,-2288.7646979321726,97115.66971960547
2021-08-05,1287050.6440022313,87548.11390513857,103771.79671600903,-2566.2162982673617,98296.94967935118
2021-08-06,1288489.7519678723,87548.11390513857,103771.79671600903,-1508.9009046044666,98678.74225132912
2021-08-09,1288381.3961721016,87548.11390513857,103771.79671600903,-2132.8626395383617,99194.34819049248
2021-08-10,1288906.1439806572,87548.11390513857,103771.79671600903,-1100.0238102911972,98686.25716980081
2021-08-11,1290148.5182230482,87548.11390513857,103771.79671600903,-53.566560147330165,98882.17416204792
2021-08-12,1291135.9852330405,87548.11390513857,103771.79671600903,765.2886796188541,99050.78593227407
2021-08-13,1289976.1382694806,87548.11390513857,103771.79671600903,-139.72898708144203,98795.95663541439
2021-08-16,1289237.9943857838,87548.11390513857,103771.79671600903,-1545.1498220951762,99463.23358673137
2021-08-17,1290258.1464002125,87548.11390513857,103771.79671600903,-163.35943581257015,99101.59521487751
2021-08-18,1287313.892070206,87548.11390513857,103771.79671600903,-3029.000102050137,99022.98155110865
2021-08-19,1290641.6324783196,87548.11390513857,103771.79671600903,307.5673322114162,99014.15452496056
2021-08-20,1296138.9632017156,87548.11390513857,103771.79671600903,5865.97755935404,98953.07502121385
2021-08-23,1297701.0103831561,87548.11390513857,103771.79671600903,7353.68709688948,99027.41266511893
2021-08-24,1297271.1390472744,87548.11390513857,103771.79671600903,6898.427031213301,99052.80139491358
2021-08-25,1297578.8588789823,87548.11390513857,103771.79671600903,7232.303048349102,99026.64520948566
2021-08-26,1296666.3769251257,87548.11390513857,103771.79671600903,6326.938182389713,99019.52812158852
2021-08-27,1297466.279988587,87548.11390513857,103771.79671600903,7119.835034653195,99026.53433278622
2021-08-30,1296723.0358790203,87548.11390513857,103771.79671600903,6170.845027047442,99232.2802308253
2021-08-31,1296821.8390431714,87548.11390513857,103771.79671600903,6275.068378328113,99226.86004369566
2021-09-01,1297658.2812888273,87548.11390513857,103771.79671600903,7121.513338661054,99216.85732901865
2021-09-02,1296236.924810493,87548.11390513857,103771.79671600903,5653.098878984689,99263.91531036072
2021-09-03,1297166.4027151521,87548.11390513857,103771.79671600903,6556.736304389429,99289.75578961521
2021-09-07,1296257.969809115,87548.11390513857,103771.79671600903,5476.19872707699,99461.86046089046
2021-09-08,1296645.4206918704,87548.11390513857,103771.79671600903,5886.071915494744,99439.43815522804
2021-09-09,1296532.1650898424,87548.11390513857,103771.79671600903,5790.011831887648,99422.24263680726
2021-09-10,1295304.3122336525,87548.11390513857,103771.79671600903,4573.3764717740705,99411.02514073066
2021-09-13,1295242.3741516168,87548.11390513857,103771.79671600903,4162.146808541031,99760.31672192807
2021-09-14,1295955.3320564139,87548.11390513857,103771.79671600903,4796.30764600588,99839.11378926039
2021-09-15,1296288.428427496,87548.11390513857,103771.79671600903,5039.998619671795,99928.51918667671
2021-09-16,1296210.4289005494,87548.11390513857,103771.79671600903,4904.024323407793,99986.49395599402
2021-09-17,1294717.1097888406,87548.11390513857,103771.79671600903,3327.9149307202315,100069.28423697292
2021-09-20,1291523.1088004194,87548.11390513857,103771.79671600903,91.35679103899747,100111.84138823277
2021-09-21,1291783.7948733945,87548.11390513857,103771.79671600903,335.2100140819093,100128.67423816491
2021-09-22,1293372.5009424007,87548.11390513857,103771.79671600903,1849.4453923568362,100203.1449288961
2021-09-23,1295955.2504044431,87548.11390513857,103771.79671600903,4474.2610110318055,100161.0787722636
2021-09-24,1297020.4215416394,87548.11390513857,103771.79671600903,5540.469799634768,100160.041120857
2021-09-27,1296563.9656569753,87548.11390513857,103771.79671600903,5127.1896962847095,100116.86533954297
2021-09-28,1294404.9419764022,87548.11390513857,103771.79671600903,3026.1682139250915,100058.8631413295
2021-09-29,1295080.1235414199,87548.11390513857,103771.79671600903,3633.6753335958347,100126.53758667642
2021-09-30,1291630.1419783293,87548.11390513857,103771.79671600903,206.76729334960692,100103.46406383207
2021-10-01,1295111.9733621834,87548.11390513857,103771.79671600903,3562.5052506099455,100229.55749042588
2021-10-04,1294340.6704769651,87548.11390513857,103771.79671600903,2679.554940071539,100341.20491574612
2021-10-05,1294785.922319158,87548.11390513857,103771.79671600903,3033.8287470084615,100432.18295100192
2021-10-06,1294378.1928978076,87548.11390513857,103771.79671600903,2640.7153157459106,100417.56696091406
2021-10-07,1294470.905002831,87548.11390513857,103771.79671600903,2679.6513111084932,100471.34307057504
2021-10-08,1294494.6625548063,87548.11390513857,103771.79671600903,2667.1963845954742,100507.55554906325
2021-10-11,1293537.2055303599,87548.11390513857,103771.79671600903,1617.1026123270858,100600.19229688519
2021-10-12,1293848.8134191995,87548.11390513857,103771.79671600903,2034.7645694380626,100494.13822861388
2021-10-13,1294951.5096650086,87548.11390513857,103771.79671600903,2947.536462035845,100684.0625818253
2021-10-14,1295745.979564022,87548.11390513857,103771.79671600903,3671.274454499362,100754.79448837508
2021-10-15,1294796.6107536606,87548.11390513857,103771.79671600903,2561.6209548511542,100915.0791776618
2021-10-18,1294367.9618752238,87548.11390513857,103771.79671600903,1980.4230330032296,101067.62822107296
2021-10-19,1293940.9602373994,87548.11390513857,103771.79671600903,1494.0457111850847,101127.00390506675
2021-10-20,1292008.6244166163,87548.11390513857,103771.79671600903,-374.7058947419282,101063.4196902106
2021-10-21,1291898.807904417,87548.11390513857,103771.79671600903,-71.81323471060023,100650.71051797993
2021-10-22,1291670.3928929963,87548.11390513857,103771.79671600903,-141.0237923185341,100491.50606416725
2021-10-25,1292112.6840527272,87548.11390513857,103771.79671600903,-102.85335765278433,100895.62678923225
2021-10-26,1290295.7083510798,87548.11390513857,103771.79671600903,-1230.4972545298515,100206.29498446197
2021-10-27,1292111.16844841,87548.11390513857,103771.79671600903,248.22547979850788,100543.03234746377
2021-10-28,1291894.0942141404,87548.11390513857,103771.79671600903,-147.02485962735955,100721.20845262008
2021-10-29,1292053.892111273,87548.11390513857,103771.79671600903,96.78806554095354,100637.19342458434
2021-11-01,1292552.3699937072,87548.11390513857,103771.79671600903,-33.5179072918836,101265.97727985145
2021-11-02,1292220.156032714,87548.11390513857,103771.79671600903,-220.0330094540259,101120.2784210206
2021-11-03,1291354.8373181038,87548.11390513857,103771.79671600903,-836.4189444095828,100871.34564136574
2021-11-04,1295602.485416707,87548.11390513857,103771.79671600903,2897.1036243680865,101385.4711711912
2021-11-05,1297140.9780325072,87548.11390513857,103771.79671600903,5113.253014677437,100707.8143966822
2021-11-08,1297599.1731409773,87548.11390513857,103771.79671600903,4867.559946926776,101411.7025729029
2021-11-09,1297398.752427863,87548.11390513857,103771.79671600903,4684.171221091296,101394.67058562394
2021-11-10,1296308.6389592285,87548.11390513857,103771.79671600903,4087.259399352479,100901.46893872856
2021-11-11,1297167.548815757,87548.11390513857,103771.79671600903,4977.016439458821,100870.62175515061
2021-11-12,1297475.2271749123,87548.11390513857,103771.79671600903,4876.525897798827,101278.79065596592
2021-11-15,1298187.6857228428,87548.11390513857,103771.79671600903,5010.488707267097,101857.28639442823
2021-11-16,1298368.7708327463,87548.11390513857,103771.79671600903,5119.403289454291,101929.4569221444
2021-11-17,1297996.7261371682,87548.11390513857,103771.79671600903,4849.101763400598,101827.71375261992
2021-11-18,1298413.7199371036,87548.11390513857,103771.79671600903,5745.308265691157,101348.50105026481
2021-11-19,1298356.4831676972,87548.11390513857,103771.79671600903,4944.993832037668,102091.57871451182
2021-11-22,1297220.6549478236,87548.11390513857,103771.79671600903,3737.491212077439,102163.25311459857
2021-11-23,1297952.960744435,87548.11390513857,103771.79671600903,4524.816169408266,102108.23395387898
2021-11-24,1298392.7095751236,87548.11390513857,103771.79671600903,4900.124843912781,102172.67411006335
2021-11-26,1298731.3531441526,87548.11390513857,103771.79671600903,5310.339975244249,102101.10254776059
2021-11-29,1303296.0822461993,87548.11390513857,103771.79671600903,9887.250949710025,102088.9206753415
2021-11-30,1302680.8229751915,87548.11390513857,103771.79671600903,9339.724005287979,102021.18834875594
2021-12-01,1302574.8023591626,87548.11390513857,103771.79671600903,10069.88982133707,101185.00191667792
2021-12-02,1302924.2105542375,87548.11390513857,103771.79671600903,10234.968258139561,101369.3316749502
2021-12-03,1303690.858800401,87548.11390513857,103771.79671600903,11127.67297908815,101243.27520016534
2021-12-06,1306896.996125836,87548.11390513857,103771.79671600903,14152.848421997041,101424.2370826914
2021-12-07,1306754.7296162804,87548.11390513857,103771.79671600903,14262.293721999507,101172.5252731333
2021-12-08,1306877.3674440924,87548.11390513857,103771.79671600903,14412.211758055608,101145.24506488908
2021-12-09,1306999.131881304,87548.11390513857,103771.79671600903,14408.959960065898,101270.26130009047
2021-12-10,1307253.5951180225,87548.11390513857,103771.79671600903,15214.553242502152,100719.13125437289
2021-12-13,1307567.534717789,87548.11390513857,103771.79671600903,14963.71480538405,101283.90929125715
2021-12-14,1307323.6602328098,87548.11390513857,103771.79671600903,14790.052189742797,101213.69742191932
2021-12-15,1306847.96507735,87548.11390513857,103771.79671600903,15078.471217925078,100449.58323827735
2021-12-16,1306955.0013910872,87548.11390513857,103771.79671600903,15371.751203073305,100263.3395668664
2021-12-17,1307722.0108198938,87548.11390513857,103771.79671600903,15516.274103079806,100885.82609566627
2021-12-20,1307723.0126234493,87548.11390513857,103771.79671600903,15516.274103079806,100886.8278992218
2021-12-21,1307686.4018194121,87548.11390513857,103771.79671600903,15516.274103079806,100850.2170951846
2021-12-22,1307685.3656326095,87548.11390513857,103771.79671600903,15516.274103079806,100849.18090838217
2021-12-23,1307690.4964932883,87548.11390513857,103771.79671600903,15516.274103079806,100854.31176906102
2021-12-27,1307763.9990406432,87548.11390513857,103771.79671600903,15516.274103079806,100927.81431641593
2021-12-28,1307795.0394366467,87548.11390513857,103771.79671600903,15516.274103079806,100958.85471241944
2021-12-29,1307811.5718391533,87548.11390513857,103771.79671600903,15516.274103079806,100975.38711492601
2021-12-30,1307820.3091107556,87548.11390513857,103771.79671600903,15516.274103079806,100984.12438652804
2021-12-31,1307871.4862033534,87548.11390513857,103771.79671600903,15516.274103079806,101035.30147912586
2022-01-03,1307842.3151527606,87548.11390513857,103771.79671600903,15516.274103079806,101006.13042853307
2022-01-04,1307777.7137423442,87548.11390513857,103771.79671600903,15516.274103079806,100941.52901811665
2022-01-05,1307500.6915577198,87548.11390513857,103771.79671600903,15516.274103079806,100664.50683349255
2022-01-06,1307550.529749469,87548.11390513857,103771.79671600903,15516.274103079806,100714.34502524161
2022-01-07,1307194.8487274926,87548.11390513857,103771.79671600903,15516.274103079806,100358.66400326509
2022-01-10,1306987.6399162738,87548.11390513857,103771.79671600903,15516.274103079806,100151.45519204647
2022-01-11,1307078.2021575356,87548.11390513857,103771.79671600903,15516.274103079806,100242.0174333083
2022-01-12,1307132.5457682628,87548.11390513857,103771.79671600903,15516.274103079806,100296.3610440353
2022-01-13,1306839.7478118818,87548.11390513857,103771.79671600903,15516.274103079806,100003.5630876543
2022-01-14,1306633.8514764556,87548.11390513857,103771.79671600903,15516.274103079806,99797.66675222828
2022-01-18,1306449.410793175,87548.11390513857,103771.79671600903,15516.274103079806,99613.22606894746
2022-01-19,1306331.226433896,87548.11390513857,103771.79671600903,15516.274103079806,99495.0417096687
2022-01-20,1306270.2807990918,87548.11390513857,103771.79671600903,15516.274103079806,99434.0960748645
2022-01-21,1306392.2507902537,87548.11390513857,103771.79671600903,15516.274103079806,99556.06606602622
2022-01-24,1307177.596971571,87548.11390513857,103771.79671600903,15516.274103079806,100341.41224734369
2022-01-25,1307229.8124930817,87548.11390513857,103771.79671600903,15516.274103079806,100393.62776885414
2022-01-26,1307529.275965284,87548.11390513857,103771.79671600903,15516.274103079806,100693.09124105657
2022-01-27,1307058.8261705004,87548.11390513857,103771.79671600903,15516.274103079806,100222.64144627308
2022-01-28,1306916.8046275172,87548.11390513857,103771.79671600903,15516.274103079806,100080.61990328995
2022-01-31,1309451.9129257002,87548.11390513857,103771.79671600903,15516.274103079806,102615.7282014729
2022-02-01,1308341.1984263188,87548.11390513857,103771.79671600903,15516.274103079806,101505.0137020913
2022-02-02,1306150.2481391141,87548.11390513857,103771.79671600903,15516.274103079806,99314.0634148866
2022-02-03,1307273.3716821764,87548.11390513857,103771.79671600903,15516.274103079806,100437.18695794907
2022-02-04,1307302.885091816,87548.11390513857,103771.79671600903,15516.274103079806,100466.70036758855
2022-02-07,1308383.5742895054,87548.11390513857,103771.79671600903,15516.274103079806,101547.38956527784
2022-02-08,1308825.0144551964,87548.11390513857,103771.79671600903,15516.274103079806,101988.82973096916
2022-02-09,1309874.3287552004,87548.11390513857,103771.79671600903,15516.274103079806,103038.14403097285
2022-02-10,1310652.8638131632,87548.11390513857,103771.79671600903,15516.274103079806,103816.67908893595
2022-02-11,1309242.0453131385,87548.11390513857,103771.79671600903,15516.274103079806,102405.86058891099
2022-02-14,1310962.4874144993,87548.11390513857,103771.79671600903,15516.274103079806,104126.30269027175
2022-02-15,1312402.4516192335,87548.11390513857,103771.79671600903,15516.274103079806,105566.26689500618
2022-02-16,1312335.9510474913,87548.11390513857,103771.79671600903,15516.274103079806,105499.76632326376
2022-02-17,1312614.4187229876,87548.11390513857,103771.79671600903,15516.274103079806,105778.23399876035
2022-02-18,1313450.6702868165,87548.11390513857,103771.79671600903,15516.274103079806,106614.48556258925
2022-02-22,1314249.6307038078,87626.71094621322,104451.65385179501,15516.274103079806,106654.99180271989
2022-02-23,1312848.2133905548,88233.05586587172,102709.69164509512,15516.274103079806,106389.19177650823
2022-02-24,1317494.3026492125,89449.61946583446,105792.27945164219,15516.274103079806,106736.1296286562
2022-02-25,1317506.974751277,88130.83650324005,106931.89126969548,15516.274103079806,106927.97287526168
2022-02-28,1316972.5648929076,87209.47916703601,106871.03800806915,15516.274103079806,107375.77361472254
2022-03-01,1312074.3840725473,85017.39939768054,104191.93032135675,15516.274103079806,107348.78025043034
2022-03-02,1318010.997701203,87717.15261274902,107511.7043888066,15516.274103079806,107265.86659656744
2022-03-03,1319604.85940592,88580.480852823,108099.10227901861,15516.274103079806,107409.0021709986
2022-03-04,1322967.7980332226,91832.32539181458,108099.64213652979,15516.274103079806,107519.55640179827
2022-03-07,1322950.3230728908,96354.69247301156,103155.26064229896,15516.274103079806,107924.09585450031
2022-03-08,1325045.471856495,97331.54393715272,103878.00726672867,15516.274103079806,108319.64654953382
2022-03-09,1327562.8745477954,99208.80465267762,104393.40766971838,15516.274103079806,108444.38812231948
2022-03-10,1331550.6028987523,100788.03137126984,106594.86584686534,15516.274103079806,108651.43157753721
2022-03-11,1333258.9573342083,102293.95084678428,106407.9824880003,15516.274103079806,109040.74989634403
2022-03-14,1334170.6734238556,102478.84898136673,106363.49101216183,15516.274103079806,109812.05932724732
2022-03-15,1333826.206204167,102641.98466720921,106322.06640748982,15516.274103079806,109345.88102638838
2022-03-16,1330664.058333525,101601.22150343959,104304.63362224633,15516.274103079806,109241.92910475913
2022-03-17,1320072.4198833168,96610.96423033113,99387.5777604687,15516.274103079806,108557.60378943733
2022-03-18,1318968.6777419304,99584.2922163168,96074.43825245509,15516.274103079806,107793.67317007878
2022-03-21,1319190.1624134653,99584.2922163168,96074.43825245509,15516.274103079806,108015.15784161352
2022-03-22,1319215.818468405,99584.2922163168,96074.43825245509,15516.274103079806,108040.81389655336
2022-03-23,1319224.285038996,99584.2922163168,96074.43825245509,15516.274103079806,108049.28046714445
2022-03-24,1319451.0275277006,99584.2922163168,96074.43825245509,15516.274103079806,108276.02295584884
2022-03-25,1319495.3614727948,99584.2922163168,96074.43825245509,15516.274103079806,108320.35690094321
2022-03-28,1319942.48267521,99584.2922163168,96074.43825245509,15516.274103079806,108767.4781033583
2022-03-29,1319888.8094089977,99584.2922163168,96074.43825245509,15516.274103079806,108713.80483714584
2022-03-30,1320094.1246413244,99584.2922163168,96074.43825245509,15516.274103079806,108919.12006947258
2022-03-31,1320261.3509051595,99584.2922163168,96074.43825245509,15516.274103079806,109086.34633330768
2022-04-01,1320263.9673565687,99584.2922163168,96074.43825245509,15516.274103079806,109088.96278471686
2022-04-04,1320681.9991322882,99584.2922163168,96074.43825245509,15516.274103079806,109506.99456043658
2022-04-05,1320863.2117967675,99584.2922163168,96074.43825245509,15516.274103079806,109688.20722491574
2022-04-06,1320915.823402477,99584.2922163168,96074.43825245509,15516.274103079806,109740.81883062539
2022-04-07,1321103.7557844217,99584.2922163168,96074.43825245509,15516.274103079806,109928.75121256988
2022-04-08,1321236.5336976103,99584.2922163168,96074.43825245509,15516.274103079806,110061.52912575845
2022-04-11,1321353.7418828756,99584.2922163168,96074.43825245509,15516.274103079806,110178.73731102375
2022-04-12,1321294.5285366736,99584.2922163168,96074.43825245509,15516.274103079806,110119.52396482183
2022-04-13,1321368.5883559096,99584.2922163168,96074.43825245509,15516.274103079806,110193.58378405799
2022-04-14,1320971.443503749,99584.2922163168,96074.43825245509,15516.274103079806,109796.43893189728
2022-04-18,1321381.0028539803,99584.2922163168,96074.43825245509,15516.274103079806,110205.99828212871
2022-04-19,1321313.857913002,99584.2922163168,96074.43825245509,15516.274103079806,110138.85334115033
2022-04-20,1321039.3401829614,99584.2922163168,96074.43825245509,15516.274103079806,109864.33561110985
2022-04-21,1320907.753839159,99584.2922163168,96074.43825245509,15516.274103079806,109732.74926730734
2022-04-22,1320704.5079869675,99584.2922163168,96074.43825245509,15516.274103079806,109529.50341511588
2022-04-25,1321220.7851543734,99584.2922163168,96074.43825245509,15516.274103079806,110045.78058252158
2022-04-26,1321213.6716119936,99584.2922163168,96074.43825245509,15516.274103079806,110038.667040142
2022-04-27,1321352.7539831083,99584.2922163168,96074.43825245509,15516.274103079806,110177.74941125675
2022-04-28,1321612.25839537,99584.2922163168,96074.43825245509,15516.274103079806,110437.25382351852
2022-04-29,1321270.3664200036,99584.2922163168,96074.43825245509,15516.274103079806,110095.36184815178
2022-05-02,1322069.9270041478,99584.2922163168,96074.43825245509,15516.274103079806,110894.92243229621
2022-05-03,1321982.739755656,99584.2922163168,96074.43825245509,15516.274103079806,110807.7351838043
2022-05-04,1320756.4734913977,99584.2922163168,96074.43825245509,15516.274103079806,109581.46891954611
2022-05-05,1322372.2199277924,99584.2922163168,96074.43825245509,15516.274103079806,111197.21535594063
2022-05-06,1322163.344566627,99584.2922163168,96074.43825245509,15516.274103079806,110988.33999477513
2022-05-09,1322591.2211314193,99584.2922163168,96074.43825245509,15516.274103079806,111416.21655956772
2022-05-10,1323351.9131473298,99584.2922163168,96074.43825245509,15516.274103079806,112176.90857547801
2022-05-11,1322911.0110956132,99584.2922163168,96074.43825245509,15516.274103079806,111736.00652376143
2022-05-12,1323300.64717947,99584.2922163168,96074.43825245509,15516.274103079806,112125.64260761836
2022-05-13,1324259.0453905407,99584.2922163168,96074.43825245509,15516.274103079806,113084.04081868916
2022-05-16,1324114.6106202346,99584.2922163168,96074.43825245509,15516.274103079806,112939.60604838305
2022-05-17,1324043.6526991017,99584.2922163168,96074.43825245509,15516.274103079806,112868.64812724991
2022-05-18,1325168.6556285485,99584.2922163168,96074.43825245509,15516.274103079806,113993.6510566969
2022-05-19,1325441.4606212499,99584.2922163168,96074.43825245509,15516.274103079806,114266.45604939829
2022-05-20,1326203.727886795,99584.2922163168,96074.43825245509,15516.274103079806,115028.72331494326
2022-05-23,1322792.51543574,96603.4205006489,95516.67671059724,15516.274103079806,115156.14412141382
2022-05-24,1325853.3443751107,98833.70421481389,96322.50844551297,15516.274103079806,115180.85761170415
2022-05-25,1324731.2392744105,97855.9321467015,96310.0883226383,15516.274103079806,115048.94470199081
2022-05-26,1319725.701893717,95984.60258790641,93738.2490263402,15516.274103079806,114486.57617639075
2022-05-27,1310474.8896698314,94082.00712662027,87009.41465059062,15516.274103079806,113867.19378954079
2022-05-31,1310601.698328503,92792.57263620221,87541.54355884157,15516.274103079806,114751.30803037924
2022-06-01,1311502.5756422938,92540.18027338688,88904.18375937804,15516.274103079806,114541.93750644918
2022-06-02,1312688.2478826074,94489.68772288854,88960.92374780844,15516.274103079806,113721.36230883049
2022-06-03,1312412.278587643,92502.18402240635,90143.6251595146,15516.274103079806,114250.19530264242
2022-06-06,1313368.316530427,91955.22595918621,90906.25122679793,15516.274103079806,114990.5652413629
2022-06-07,1314277.8364777751,92514.28605784895,91155.9482473475,15516.274103079806,115091.328069499
2022-06-08,1314276.3744939207,91444.56070247851,92013.78652885929,15516.274103079806,115301.75315950322
2022-06-09,1311805.0001336928,90360.97159073176,91355.9622695148,15516.274103079806,114571.7921703665
2022-06-10,1306553.773969573,90403.64113801741,86273.53776646126,15516.274103079806,114360.32096201438
2022-06-13,1279636.6252318034,85087.01090529794,66994.13448291528,15516.274103079806,112039.20574051025
2022-06-14,1283459.3932537185,87533.48906297213,68134.87234930624,15516.274103079806,112274.7577383602
2022-06-15,1286801.0884805094,89337.67427904787,69623.30601883074,15516.274103079806,112323.83407955081
2022-06-16,1292275.647327071,94382.75761648384,69446.51571981609,15516.274103079806,112930.09988769144
2022-06-17,1293975.848660979,96949.89932377613,68206.15116780438,15516.274103079806,113303.52406631876
2022-06-21,1290111.985538098,94222.05641325633,67049.75175317097,15516.274103079806,113323.90326859104
2022-06-22,1292583.2323837928,95316.22959314799,68397.18148742267,15516.274103079806,113353.54720014217
2022-06-23,1290803.7504503862,95147.136642311,66926.0097040066,15516.274103079806,113214.3300009889
2022-06-24,1278215.0999826938,91127.10177622037,58581.63367439294,15516.274103079806,112990.09042900056
2022-06-27,1281329.5141877602,91087.6346036112,61355.916526414454,15516.274103079806,113369.68895465485
2022-06-28,1280161.1072793985,90239.01424110029,61161.71891470114,15516.274103079806,113244.10002051736
2022-06-29,1280645.745977962,90033.66216772213,61741.39456914272,15516.274103079806,113354.41513801715
2022-06-30,1280177.5383684891,89746.28664285247,61607.04332770989,15516.274103079806,113307.93429484707
2022-07-01,1283177.6761469892,90451.30701224227,63846.95755814831,15516.274103079806,113363.13747351896
2022-07-05,1282351.569557853,88276.55273664743,64701.89492915943,15516.274103079806,113856.8477889665
2022-07-06,1282878.84760863,88217.1953947735,65193.972349887015,15516.274103079806,113951.40576088987
2022-07-07,1282817.512144689,88333.88439744897,64782.81994869909,15516.274103079806,114184.53369546123
2022-07-08,1283853.9020900368,88536.33670699317,65535.38179744198,15516.274103079806,114265.90948252194
2022-07-11,1283624.8629294853,86293.42178927781,67393.03677084786,15516.274103079806,114422.13026627968
2022-07-12,1283955.0882604257,86071.38199829846,67974.68459509639,15516.274103079806,114392.74756395118
2022-07-13,1284385.1965059955,85377.84419586672,69139.73334081122,15516.274103079806,114351.34486623784
2022-07-14,1286044.3244920457,86694.75616785721,69619.97079375852,15516.274103079806,114213.32342735026
2022-07-15,1284474.7772900756,83423.2754893112,71145.51033630036,15516.274103079806,114389.7173613843
2022-07-18,1284857.3352199686,83423.2754893112,71145.51033630036,15516.274103079806,114772.27529127733
2022-07-19,1284368.593745219,83423.2754893112,71145.51033630036,15516.274103079806,114283.53381652781
2022-07-20,1283739.1174306544,83423.2754893112,71145.51033630036,15516.274103079806,113654.05750196287
2022-07-21,1283502.2603740469,83423.2754893112,71145.51033630036,15516.274103079806,113417.20044535538
2022-07-22,1284603.9159302497,83423.2754893112,71145.51033630036,15516.274103079806,114518.85600155848
2022-07-25,1285394.996701547,83423.2754893112,71145.51033630036,15516.274103079806,115309.93677285546
2022-07-26,1285930.3395455969,83423.2754893112,71145.51033630036,15516.274103079806,115845.27961690538
2022-07-27,1285388.7224639035,83423.2754893112,71145.51033630036,15516.274103079806,115303.662535212
2022-07-28,1285109.5034809816,83423.2754893112,71145.51033630036,15516.274103079806,115024.44355229032
2022-07-29,1283761.551044643,83423.2754893112,71145.51033630036,15516.274103079806,113676.49111595144
2022-08-01,1284481.12015412,83423.2754893112,71145.51033630036,15516.274103079806,114396.06022542855
2022-08-02,1284406.6697787144,83423.2754893112,71145.51033630036,15516.274103079806,114321.60985002317
2022-08-03,1283523.2812248804,83423.2754893112,71145.51033630036,15516.274103079806,113438.22129618912
2022-08-04,1283468.170378081,83423.2754893112,71145.51033630036,15516.274103079806,113383.11044938979
2022-08-05,1284052.4098688746,83423.2754893112,71145.51033630036,15516.274103079806,113967.3499401831
2022-08-08,1284587.9408916552,83423.2754893112,71145.51033630036,15516.274103079806,114502.88096296368
2022-08-09,1284896.333004482,83423.2754893112,71145.51033630036,15516.274103079806,114811.27307579061
2022-08-10,1284264.4605357,83423.2754893112,71145.51033630036,15516.274103079806,114179.40060700849
2022-08-11,1283876.310431846,83423.2754893112,71145.51033630036,15516.274103079806,113791.2505031547
2022-08-12,1283448.6040983805,83423.2754893112,71145.51033630036,15516.274103079806,113363.5441696893
2022-08-15,1284172.359336778,83423.2754893112,71145.51033630036,15516.274103079806,114087.29940808658
2022-08-16,1284564.0084003713,83423.2754893112,71145.51033630036,15516.274103079806,114478.94847168005
2022-08-17,1285691.122607876,83423.2754893112,71145.51033630036,15516.274103079806,115606.06267918483
2022-08-18,1285560.1509911055,83423.2754893112,71145.51033630036,15516.274103079806,115475.09106241423
2022-08-19,1285934.3101062602,83423.2754893112,71145.51033630036,15516.274103079806,115849.25017756899
2022-08-22,1285976.5790387304,83423.2754893112,71145.51033630036,15516.274103079806,115891.51911003911
2022-08-23,1285988.279557861,83423.2754893112,71145.51033630036,15516.274103079806,115903.21962916944
2022-08-24,1286005.6251244326,83423.2754893112,71145.51033630036,15516.274103079806,115920.56519574113
2022-08-25,1285988.9247758063,83423.2754893112,71145.51033630036,15516.274103079806,115903.86484711501
2022-08-26,1285960.1554541378,83423.2754893112,71145.51033630036,15516.274103079806,115875.09552544635
2022-08-29,1286108.738892117,83423.2754893112,71145.51033630036,15516.274103079806,116023.6789634258
2022-08-30,1286227.3335618903,83423.2754893112,71145.51033630036,15516.274103079806,116142.27363319881
2022-08-31,1286355.4373298418,83423.2754893112,71145.51033630036,15516.274103079806,116270.37740115053
2022-09-01,1286494.8158553783,83423.2754893112,71145.51033630036,15516.274103079806,116409.7559266868
2022-09-02,1286557.3961308785,83423.2754893112,71145.51033630036,15516.274103079806,116472.336202187
2022-09-06,1286625.8196179406,83423.2754893112,71145.51033630036,15516.274103079806,116540.7596892491
2022-09-07,1286721.4275755435,83423.2754893112,71145.51033630036,15516.274103079806,116636.36764685228
2022-09-08,1286734.2571910447,83423.2754893112,71145.51033630036,15516.274103079806,116649.19726235326
2022-09-09,1286700.6113874884,83423.2754893112,71145.51033630036,15516.274103079806,116615.55145879695
2022-09-12,1286657.9218281796,83423.2754893112,71145.51033630036,15516.274103079806,116572.86189948837
2022-09-13,1286291.1441382216,83423.2754893112,71145.51033630036,15516.274103079806,116206.08420953015
2022-09-14,1285729.6027059527,83423.2754893112,71145.51033630036,15516.274103079806,115644.54277726123
2022-09-15,1285587.9495163718,83423.2754893112,71145.51033630036,15516.274103079806,115502.88958768034
2022-09-16,1285295.4580250378,83423.2754893112,71145.51033630036,15516.274103079806,115210.3980963463
2022-09-19,1284394.0604045787,82270.29753491958,71407.01825695089,15516.274103079806,115200.4705096283
2022-09-20,1284715.5747258347,82294.09135994525,71651.25506611285,15516.274103079806,115253.95419669687
2022-09-21,1285151.955446615,83070.82586478628,71323.53345616418,15516.274103079806,115241.3220225845
2022-09-22,1287788.4452412468,84914.33199358103,72127.66470014164,15516.274103079806,115230.17444444448
2022-09-23,1285773.862607791,85741.89195416053,69315.0238035731,15516.274103079806,115200.67274697754
2022-09-26,1283849.977904541,84003.26207660674,69092.52003722033,15516.274103079806,115237.92168763396
2022-09-27,1284151.5089640343,83843.26132506039,69523.54557698825,15516.274103079806,115268.4279589057
2022-09-28,1285842.5880450294,84545.29268673994,70479.00151676382,15516.274103079806,115302.01973844599
2022-09-29,1286508.139629995,85011.01398153254,70721.07478912128,15516.274103079806,115259.77675626124
2022-09-30,1285245.3759360402,85495.91251216736,69750.59022031794,15516.274103079806,114482.59910047497
2022-10-03,1284455.3712766357,84640.9092466901,69801.75668542297,15516.274103079806,114496.43124144292
2022-10-04,1275866.3390530618,80876.76876892173,64934.396798959,15516.274103079806,114538.89938210137
2022-10-05,1279211.5391267724,82689.88148390083,66262.02200387279,15516.274103079806,114743.36153591913
2022-10-06,1283178.2886910886,84675.15372103243,68229.29141923203,15516.274103079806,114757.56944774417
2022-10-07,1290302.3384261318,88590.10262952838,71470.53568251408,15516.274103079806,114725.42601100937
2022-10-10,1289801.7045755875,88130.87150812196,71406.00737824012,15516.274103079806,114748.55158614577
2022-10-11,1289977.8558110837,88522.13164953608,71034.77081676526,15516.274103079806,114904.67924170243
2022-10-12,1289005.2816874273,87566.33465649071,70948.81525416323,15516.274103079806,114973.85767369345
2022-10-13,1290859.3741654968,88033.40723989462,72429.79066838394,15516.274103079806,114879.90215413831
2022-10-14,1293662.0142621999,91456.14855621941,71815.14037687727,15516.274103079806,114874.45122602349
2022-10-17,1291821.9004740533,89173.79640979436,72239.79888714291,15516.274103079806,114892.03107403615
2022-10-18,1290545.4798554345,87682.71715322486,72569.55826853868,15516.274103079806,114776.93033059128
2022-10-19,1293482.057510864,90205.92589313257,73023.41170452628,15516.274103079806,114736.44581012521
2022-10-20,1298696.6721133576,95860.12358622183,72669.14975654264,15516.274103079806,114651.12466751318
2022-10-21,1278719.9642169601,87710.58305352717,60883.8934809803,15516.274103079806,114609.21357937297
2022-10-24,1276370.1916694879,85733.36789807817,60185.10133067472,15516.274103079806,114935.44833765528
2022-10-25,1271872.6790656494,83613.88499632757,58028.00145905488,15516.274103079806,114714.51850718702
2022-10-26,1277841.9603581578,86632.69033993129,60829.825613934314,15516.274103079806,114863.17030121246
2022-10-27,1283671.7422307297,91787.62459629076,62628.95216365624,15516.274103079806,113738.89136770298
2022-10-28,1274510.3062986047,88693.03468406852,57440.22401438048,15516.274103079806,112860.77349707577
2022-10-31,1275858.039414593,87802.60283500934,59276.76050950657,15516.274103079806,113262.40196699742
2022-11-01,1276017.0314114317,88023.54352485738,59977.30239936593,15516.274103079806,112499.9113841285
2022-11-02,1277243.0913049816,89695.60760662588,61009.125625628745,15516.274103079806,111022.08396964706
2022-11-03,1279238.3944948507,93085.66605197894,61174.39145655162,15516.274103079806,109462.06288324017
2022-11-04,1282322.5236383993,92465.00116506172,63225.76868262887,15516.274103079806,111115.4796876288
2022-11-07,1282463.3871396594,91243.13573755557,62976.87992126588,15516.274103079806,112727.09737775801
2022-11-08,1280657.1857302822,90848.70351178944,61729.94204622647,15516.274103079806,112562.26606918639
2022-11-09,1287037.4153624391,93461.94170612982,66017.87626453326,15516.274103079806,112041.32328869635
2022-11-10,1273569.5420431853,92630.16400024109,52143.19558061566,15516.274103079806,113279.90835924866
2022-11-11,1271071.809074951,92828.31583591667,48032.71033564431,15516.274103079806,114694.50880031032
2022-11-14,1269979.534769259,90802.72485756595,48637.927006129874,15516.274103079806,115022.60880248318
2022-11-15,1270372.7515713912,91634.76165772509,48442.75944175699,15516.274103079806,114778.95636882936
2022-11-16,1269387.7787360414,89326.01997562381,48759.1907377094,15516.274103079806,115786.29391962849
2022-11-17,1267503.5597378863,88436.06466343533,48930.64074561233,15516.274103079806,114620.58022575895
2022-11-18,1266183.8092142988,89935.87420025165,46573.159931514994,15516.274103079806,114158.5009794524
2022-11-21,1269963.9112423575,91997.4889077337,48185.505612594076,15516.274103079806,114264.64261894976
2022-11-22,1268276.1040379235,90233.67483368306,48293.06373519276,15516.274103079806,114233.09136596788
2022-11-23,1267283.8354515962,89088.60985003272,48453.94221628446,15516.274103079806,114225.0092821992
2022-11-25,1267926.563496193,88977.74678981188,49122.38103247038,15516.274103079806,114310.16157083097
2022-11-28,1269923.5400231183,89134.42413519067,50641.35975620709,15516.274103079806,114631.48202864057
2022-11-29,1270255.2951461528,89119.00783938589,50968.83420172264,15516.274103079806,114651.1790019644
2022-11-30,1266233.2923494293,88685.93852209277,47449.724546151,15516.274103079806,114581.35517810564
2022-12-01,1267357.6989540278,88778.56533003366,48229.99543557002,15516.274103079806,114832.86408534436
2022-12-02,1268739.062605551,89023.94434190495,49430.925211985596,15516.274103079806,114767.91894858074
2022-12-05,1273352.245589994,90065.64378849091,52954.33365428378,15516.274103079806,114815.99404413952
2022-12-06,1271216.7770250682,89204.27066356363,51734.39625251945,15516.274103079806,114761.83600590518
2022-12-07,1271099.2462983038,89092.111177549,51876.93268395611,15516.274103079806,114613.9283337188
2022-12-08,1272655.1323594674,89495.31939843972,53236.70457418263,15516.274103079806,114406.83428376517
2022-12-09,1272607.3488966469,89188.44385056733,53143.63497379352,15516.274103079806,114758.99596920633
2022-12-12,1270639.6885392969,86913.83480555261,53066.56861107331,15516.274103079806,115143.01101959124
2022-12-13,1278081.0812308756,90236.98806084692,57029.36167664523,15516.274103079806,115298.45739030349
2022-12-14,1283636.7131650653,91841.4247243714,61252.755230469396,15516.274103079806,115026.25910714478
2022-12-15,1281166.8942782246,91689.63141175988,59042.024437964894,15516.274103079806,114918.9643254201
2022-12-16,1278038.604192697,93019.8010165249,54764.16062488104,15516.274103079806,114738.36844821135
2022-12-19,1278056.800091826,93019.8010165249,54764.16062488104,15516.274103079806,114756.56434734003
2022-12-20,1278072.5555803096,93019.8010165249,54764.16062488104,15516.274103079806,114772.31983582373
2022-12-21,1277827.1574904136,93019.8010165249,54764.16062488104,15516.274103079806,114526.92174592777
2022-12-22,1277793.3250471754,93019.8010165249,54764.16062488104,15516.274103079806,114493.08930268977
2022-12-23,1277827.8407953964,93019.8010165249,54764.16062488104,15516.274103079806,114527.60505091073
2022-12-27,1277781.59116846,93019.8010165249,54764.16062488104,15516.274103079806,114481.35542397434
2022-12-28,1277859.1039441307,93019.8010165249,54764.16062488104,15516.274103079806,114558.86819964484
2022-12-29,1277847.6700435202,93019.8010165249,54764.16062488104,15516.274103079806,114547.43429903453
2022-12-30,1277863.7727181353,93019.8010165249,54764.16062488104,15516.274103079806,114563.53697364964
2023-01-03,1277774.4419943164,93019.8010165249,54764.16062488104,15516.274103079806,114474.20624983078
2023-01-04,1277670.78838675,93019.8010165249,54764.16062488104,15516.274103079806,114370.5526422644
2023-01-05,1277630.072817715,93019.8010165249,54764.16062488104,15516.274103079806,114329.83707322925
2023-01-06,1277515.1738086836,93019.8010165249,54764.16062488104,15516.274103079806,114214.93806419801
2023-01-09,1277493.6944602109,93019.8010165249,54764.16062488104,15516.274103079806,114193.45871572522
2023-01-10,1277469.966730298,93019.8010165249,54764.16062488104,15516.274103079806,114169.73098581214
2023-01-11,1277427.2604376846,93019.8010165249,54764.16062488104,15516.274103079806,114127.02469319897
2023-01-12,1277470.5292304042,93019.8010165249,54764.16062488104,15516.274103079806,114170.29348591832
2023-01-13,1277430.6321292697,93019.8010165249,54764.16062488104,15516.274103079806,114130.39638478379
2023-01-17,1277470.2073218878,93019.8010165249,54764.16062488104,15516.274103079806,114169.9715774022
2023-01-18,1277446.03973545,93019.8010165249,54764.16062488104,15516.274103079806,114145.80399096431
2023-01-19,1277528.9383952478,93019.8010165249,54764.16062488104,15516.274103079806,114228.70265076216
2023-01-20,1277549.6933829417,93019.8010165249,54764.16062488104,15516.274103079806,114249.45763845579
2023-01-23,1276603.393897404,93019.8010165249,54764.16062488104,14378.88009772508,114440.55215827283
2023-01-24,1276875.3308887142,93019.8010165249,54764.16062488104,14385.170422389288,114706.19882491883
2023-01-25,1276492.6821716405,93019.8010165249,54764.16062488104,14146.680695785559,114562.03983444907
2023-01-26,1276906.270088051,93019.8010165249,54764.16062488104,14761.642574864556,114360.66587178037
2023-01-27,1279399.4600308128,93019.8010165249,54764.16062488104,17284.484767173533,114331.01362223341
2023-01-30,1280005.9120323756,93019.8010165249,54764.16062488104,16979.557559739216,115242.3928312303
2023-01-31,1278623.82381465,93019.8010165249,54764.16062488104,15258.086329350132,115581.77584389411
2023-02-01,1278528.9545555208,93019.8010165249,54764.16062488104,15233.289379055612,115511.70353505923
2023-02-02,1276982.2180762095,93019.8010165249,54764.16062488104,16655.161821215064,112543.09461358842
2023-02-03,1279080.0427298206,93019.8010165249,54764.16062488104,17334.381116421544,113961.69997199299
2023-02-06,1280031.11375634,93019.8010165249,54764.16062488104,16595.338167847833,115651.81394708622
2023-02-07,1278932.7469933056,93019.8010165249,54764.16062488104,15763.750952708186,115385.03439919138
2023-02-08,1281967.0277456301,93019.8010165249,54764.16062488104,17597.97549685801,116585.09060736606
2023-02-09,1283535.9361305893,93019.8010165249,54764.16062488104,19234.54831274075,116517.42617644276
2023-02-10,1285896.3369781433,93019.8010165249,54764.16062488104,19992.023363234242,118120.35197350313
2023-02-13,1283831.2024973293,93019.8010165249,54764.16062488104,17140.058312502457,118907.18254342093
2023-02-14,1285869.6785000004,93019.8010165249,54764.16062488104,18871.204710595543,119214.5121479989
2023-02-15,1285370.5238438419,93019.8010165249,54764.16062488104,18132.771318104118,119453.7908843318
2023-02-16,1290583.8137820936,93019.8010165249,54764.16062488104,22626.731950129382,120173.12019055826
2023-02-17,1295300.6585404328,93019.8010165249,54764.16062488104,26055.007754202816,121461.68914482393
2023-02-21,1295335.9106766363,93019.8010165249,54764.16062488104,26055.007754202816,121496.94128102763
2023-02-22,1295429.908745491,93019.8010165249,54764.16062488104,26055.007754202816,121590.9393498823
2023-02-23,1295516.3878717069,93019.8010165249,54764.16062488104,26055.007754202816,121677.41847609822
2023-02-24,1294877.1361451792,93019.8010165249,54764.16062488104,26055.007754202816,121038.16674957052
2023-02-27,1295394.0817336724,93019.8010165249,54764.16062488104,26055.007754202816,121555.11233806377
2023-02-28,1295569.8671335252,93019.8010165249,54764.16062488104,26055.007754202816,121730.89773791656
2023-03-01,1295040.8625738565,93019.8010165249,54764.16062488104,26055.007754202816,121201.89317824761
2023-03-02,1294741.7436277387,93019.8010165249,54764.16062488104,26055.007754202816,120902.77423213003
2023-03-03,1294750.166864439,93019.8010165249,54764.16062488104,26055.007754202816,120911.19746883004
2023-03-06,1295391.6074649864,93019.8010165249,54764.16062488104,26055.007754202816,121552.63806937775
2023-03-07,1295175.2521600323,93019.8010165249,54764.16062488104,26055.007754202816,121336.28276442364
2023-03-08,1295328.1579696336,93019.8010165249,54764.16062488104,26055.007754202816,121489.18857402494
2023-03-09,1295381.1307252776,93019.8010165249,54764.16062488104,26055.007754202816,121542.16132966895
2023-03-10,1295310.5713985306,93019.8010165249,54764.16062488104,26055.007754202816,121471.60200292198
2023-03-13,1295703.8298514136,93019.8010165249,54764.16062488104,26055.007754202816,121864.86045580497
2023-03-14,1294724.2825983693,93019.8010165249,54764.16062488104,26055.007754202816,120885.31320276065
2023-03-15,1295544.5243141195,93019.8010165249,54764.16062488104,26055.007754202816,121705.55491851084
2023-03-16,1295063.8009719402,93019.8010165249,54764.16062488104,26055.007754202816,121224.83157633152
2023-03-17,1295743.3591970121,93019.8010165249,54764.16062488104,26055.007754202816,121904.38980140327
2023-03-20,1296779.867557194,92934.503691538,55761.15464421315,26055.007754202816,122029.20146724
2023-03-21,1296356.4785833736,92788.89469499676,55656.71154344338,26055.007754202816,121855.86459073052
2023-03-22,1299869.4800414364,93655.5520895042,57911.813805960584,26055.007754202816,122247.1063917689
2023-03-23,1298129.476080506,92282.99126407574,57738.16776603018,26055.007754202816,122053.30929619726
2023-03-24,1298749.5114955637,92631.15083468822,57945.64350620005,26055.007754202816,122117.70940047246
2023-03-27,1301519.7935298095,93297.55390626122,59808.499169219285,26055.007754202816,122358.73270012601
2023-03-28,1303294.783177507,93909.80338059668,60903.0913534041,26055.007754202816,122426.88068930339
2023-03-29,1302143.3181729633,93613.75499816565,60000.03952561249,26055.007754202816,122474.51589498227
2023-03-30,1301186.9484996283,93145.51518377732,59492.90645500738,26055.007754202816,122493.51910664095
2023-03-31,1298227.997301539,93097.61048588878,56612.585457631154,26055.007754202816,122462.7936038163
2023-04-03,1298876.3857977423,92689.60552280117,57364.53402562579,26055.007754202816,122767.23849511263
2023-04-04,1299001.2167078783,92244.33499135636,58097.833319137106,26055.007754202816,122604.04064318212
2023-04-05,1299898.4421777618,92508.14296231093,58767.45541987289,26055.007754202816,122567.8360413753
2023-04-06,1300113.665843526,92476.0061232869,58949.311251432635,26055.007754202816,122633.34071460343
2023-04-10,1300035.3173894174,91310.83855355438,59332.34976550192,26055.007754202816,123337.12131615821
2023-04-11,1300023.829530172,91147.42855761293,59644.46748900227,26055.007754202816,123176.92572935391
2023-04-12,1299819.9934594436,90437.12710089423,60133.347213977715,26055.007754202816,123194.51139036892
2023-04-13,1300000.6691636,90931.73242518632,59702.419414550066,26055.007754202816,123311.509569661
2023-04-14,1299881.123772957,90940.44281521952,59852.62433957099,26055.007754202816,123033.04886396369
2023-04-17,1299638.5092008389,90446.65040721884,59881.92380540632,26055.007754202816,123254.92723401077
2023-04-18,1299700.516558473,90403.9385532781,59970.0037486495,26055.007754202816,123271.56650234247
2023-04-19,1299811.6399796475,90241.77548705228,59994.76079570828,26055.007754202816,123520.09594268422
2023-04-20,1300027.0188929816,88763.70088298665,60658.02053082781,26055.007754202816,124550.28972496418
2023-04-21,1299324.6500495817,88616.72853695042,60250.285330600804,26055.007754202816,124402.62842782773
2023-04-24,1298278.3484588675,88616.72853695042,60250.285330600804,24452.401811946416,124958.93277936988
2023-04-25,1296953.1219194639,88616.72853695042,60250.285330600804,23553.875418814714,124532.23263309803
2023-04-26,1296631.706726051,88616.72853695042,60250.285330600804,23628.64266457071,124136.05019392911
2023-04-27,1298906.177479216,88616.72853695042,60250.285330600804,26036.099337469204,124003.06427419558
2023-04-28,1299242.5208613123,88616.72853695042,60250.285330600804,26173.518325307057,124201.98866845411
2023-05-01,1299657.8340769447,88616.72853695042,60250.285330600804,25687.90213531314,125102.91807408025
2023-05-02,1299645.758705764,88616.72853695042,60250.285330600804,25753.79747902602,125024.94735918683
2023-05-03,1299096.4934081577,88616.72853695042,60250.285330600804,25996.0148471375,124233.464693469
2023-05-04,1298338.7199823493,88616.72853695042,60250.285330600804,25659.450346881174,123812.25576791703
2023-05-05,1301530.353672539,88616.72853695042,60250.285330600804,27148.41233965743,125514.92746533034
2023-05-08,1301932.0306004705,88616.72853695042,60250.285330600804,26800.78156111436,126264.2351718049
2023-05-09,1302297.3469241178,88616.72853695042,60250.285330600804,26769.72204723407,126660.61100933235
2023-05-10,1303396.7505409983,88616.72853695042,60250.285330600804,28388.875932407682,126140.86074103927
2023-05-11,1303491.0719943813,88616.72853695042,60250.285330600804,30078.457212157315,124545.60091467272
2023-05-12,1303991.2976104328,88616.72853695042,60250.285330600804,30065.132909603068,125059.15083327866
2023-05-15,1304651.474938074,88616.72853695042,60250.285330600804,29197.337246343493,126587.12382417917
2023-05-16,1302573.6863192567,88616.72853695042,60250.285330600804,29191.57767655002,124515.09477515542
2023-05-17,1303960.5195124228,88616.72853695042,60250.285330600804,30573.047608733294,124520.45803613844
2023-05-18,1305220.3857826444,88616.72853695042,60250.285330600804,33027.022506106645,123326.34940898651
2023-05-19,1304306.92593539,88616.72853695042,60250.285330600804,32176.2914635177,123263.6206043209
2023-05-22,1304200.5808952185,88616.72853695042,60250.285330600804,31983.53560899885,123350.03141866834
2023-05-23,1304462.1852421938,88616.72853695042,60250.285330600804,32234.61561143666,123360.55576320575
2023-05-24,1303202.9684471795,88616.72853695042,60250.285330600804,31009.418770314544,123326.53580931388
2023-05-25,1309264.6556197722,88616.72853695042,60250.285330600804,37045.89472324622,123351.74702897482
2023-05-26,1315300.4451916502,88616.72853695042,60250.285330600804,43052.31924257148,123381.11208152748
2023-05-30,1315099.1009910563,88616.72853695042,60250.285330600804,42720.096339398646,123511.99078410654
2023-05-31,1316032.9948612293,88616.72853695042,60250.285330600804,43634.92187783099,123531.0591158471
2023-06-01,1317380.9725069683,88616.72853695042,60250.285330600804,44720.04707606055,123793.91156335664
2023-06-02,1317161.6356753001,88616.72853695042,60250.285330600804,44323.734280169476,123970.88752757944
2023-06-05,1317124.6947891733,88616.72853695042,60250.285330600804,44008.31192581728,124249.3689958048
2023-06-06,1317826.6749896505,88616.72853695042,60250.285330600804,44744.04021909984,124215.62090299954
2023-06-07,1319122.7378960643,88616.72853695042,60250.285330600804,45881.10005718761,124374.62397132558
2023-06-08,1319113.3371701739,88616.72853695042,60250.285330600804,45769.21206365677,124477.111238966
2023-06-09,1319070.1683187573,88616.72853695042,60250.285330600804,45823.23397478787,124379.92047641822
2023-06-12,1317032.0362945755,88616.72853695042,60250.285330600804,44139.43340500374,124025.58902202058
2023-06-13,1317846.3833984402,88616.72853695042,60250.285330600804,44877.311058085645,124102.05847280333
2023-06-14,1318999.7524569463,88616.72853695042,60250.285330600804,46168.54998532904,123964.18860406592
2023-06-15,1317389.5062178643,88616.72853695042,60250.285330600804,44919.215246484615,123603.2771038285
2023-06-16,1310557.336925719,88616.72853695042,60250.285330600804,37667.35436804255,124022.96869012504
2023-06-20,1309865.3756972887,88616.72853695042,60250.285330600804,36940.51122229092,124057.85060744663
2023-06-21,1308267.7200619266,88616.72853695042,60250.285330600804,35327.16031054885,124073.54588382645
2023-06-22,1309313.0747381747,88616.72853695042,60250.285330600804,36390.396907013026,124055.66396361054
2023-06-23,1308317.179157359,88616.72853695042,60250.285330600804,35512.89648163144,123937.26880817651
2023-06-26,1306354.8263437774,88616.72853695042,60250.285330600804,33483.463248133194,124004.34922809293
2023-06-27,1306887.8501236965,88616.72853695042,60250.285330600804,34001.54601799615,124019.29023814923
2023-06-28,1306753.604055074,88616.72853695042,60250.285330600804,33832.27796224307,124054.31222527963
2023-06-29,1306992.8381886932,88616.72853695042,60250.285330600804,33982.92559770541,124142.89872343652
2023-06-30,1306773.589580521,88616.72853695042,60250.285330600804,33834.314298396115,124072.26141457376
2023-07-03,1306737.577399036,88616.72853695042,60250.285330600804,33732.96707394312,124137.59645754145
2023-07-05,1306296.6648319552,88616.72853695042,60250.285330600804,33309.54989666096,124120.10106774303
2023-07-06,1305248.9036261654,88616.72853695042,60250.285330600804,32309.84537609038,124072.04438252375
2023-07-07,1304776.2699918402,88616.72853695042,60250.285330600804,31869.666778568877,124039.58934572013
2023-07-10,1304363.0776938796,88616.72853695042,60250.285330600804,31290.22925662354,124205.83456970495
2023-07-11,1305664.6704231547,88616.72853695042,60250.285330600804,32501.498443042045,124296.15811256133
2023-07-12,1307421.342876829,88616.72853695042,60250.285330600804,34231.02417739364,124323.3048318841
2023-07-13,1308439.634760099,88616.72853695042,60250.285330600804,35279.49168294878,124293.12920959899
2023-07-14,1309116.4161474723,88616.72853695042,60250.285330600804,35907.4443837679,124341.95789615321
2023-07-17,1309320.1039460734,88616.72853695042,60250.285330600804,35983.58752844285,124469.50255007949
2023-07-18,1309488.9441851284,88616.72853695042,60250.285330600804,36144.7043481624,124477.22596941469
2023-07-19,1310388.77226434,88616.72853695042,60250.285330600804,36952.48634662398,124569.27205016464
2023-07-20,1311894.3745350833,88616.72853695042,60250.285330600804,38623.9991755028,124403.36149202916
2023-07-21,1312025.145961142,88616.72853695042,60250.285330600804,38553.630522137275,124604.50157145341
2023-07-24,1312129.6630321024,88616.72853695042,60250.285330600804,37920.357130831224,125342.29203372006
2023-07-25,1311069.7711991505,88616.72853695042,60250.285330600804,37295.65436053544,124907.10297106393
2023-07-26,1313378.4932043809,88616.72853695042,60250.285330600804,39782.4880473275,124728.99128950224
2023-07-27,1314107.7640194145,88616.72853695042,60250.285330600804,40804.37030142336,124436.37985043996
2023-07-28,1316747.4119368242,88616.72853695042,60250.285330600804,43782.491331343655,124097.90673792921
2023-07-31,1317472.5725623905,88616.72853695042,60250.285330600804,42975.3675007174,125630.19119412173
2023-08-01,1317596.575123062,88616.72853695042,60250.285330600804,42828.895272830036,125900.66598268063
2023-08-02,1315863.5163095447,88616.72853695042,60250.285330600804,40870.85645829444,126125.64598369901
2023-08-03,1314763.3533563092,88616.72853695042,60250.285330600804,40848.06744899042,125048.27203976759
2023-08-04,1313366.9607940281,88616.72853695042,60250.285330600804,40131.471686922014,124368.47523955489
2023-08-07,1313373.9294716201,88616.72853695042,60250.285330600804,39790.25556067075,124716.66004339815
2023-08-08,1314424.5974395396,88616.72853695042,60250.285330600804,41306.9534319822,124250.63014000631
2023-08-09,1315584.0816770738,88616.72853695042,60250.285330600804,41178.00643905881,125539.06137046381
2023-08-10,1315025.4151079035,88616.72853695042,60250.285330600804,40639.08930445544,125519.31193589699
2023-08-11,1315333.7627355172,88616.72853695042,60250.285330600804,41244.62372757599,125222.1251403899
2023-08-14,1315458.4603846981,88616.72853695042,60250.285330600804,39989.8602319475,126601.58628519927
2023-08-15,1314606.6693958053,88616.72853695042,60250.285330600804,39694.9319640646,126044.7235641894
2023-08-16,1314896.8790442608,88616.72853695042,60250.285330600804,40067.108641440864,125962.75653526862
2023-08-17,1313568.51547322,88616.72853695042,60250.285330600804,40376.80840386136,124324.69320180733
2023-08-18,1313738.1077818177,88616.72853695042,60250.285330600804,40027.48909564945,124843.604818617
2023-08-21,1313686.5473301494,88616.72853695042,60250.285330600804,40033.27423109743,124786.2592315008
2023-08-22,1313750.3329238817,88616.72853695042,60250.285330600804,39987.676246341085,124895.6428099894
2023-08-23,1313444.9226348693,88616.72853695042,60250.285330600804,39828.99896769563,124748.90979962237
2023-08-24,1313054.627463895,88616.72853695042,60250.285330600804,39110.37112181203,125077.24247453152
2023-08-25,1314070.3400522298,88616.72853695042,60250.285330600804,39906.11776512524,125297.20841955347
2023-08-28,1313138.0770803336,88616.72853695042,60250.285330600804,38935.49003271165,125335.57318007061
2023-08-29,1310656.417111367,88616.72853695042,60250.285330600804,36781.06747336674,125008.33577044914
2023-08-30,1309835.8379046712,88616.72853695042,60250.285330600804,36024.21563944558,124944.60839767451
2023-08-31,1311320.4956466123,88616.72853695042,60250.285330600804,37718.81313497154,124734.66864408948
2023-09-01,1311813.8403185504,88616.72853695042,60250.285330600804,38128.17531768989,124818.65113330935
2023-09-05,1310856.793527946,88616.72853695042,60250.285330600804,36851.72737132339,125138.0522890715
2023-09-06,1311374.0747201436,88616.72853695042,60250.285330600804,37508.752146088285,124998.30870650406
2023-09-07,1312261.3848975734,88616.72853695042,60250.285330600804,38490.06786498474,124904.30316503742
2023-09-08,1313709.4185059601,88616.72853695042,60250.285330600804,39742.69301613176,125099.71162227704
2023-09-11,1313891.4496797272,88616.72853695042,60250.285330600804,39461.549675026676,125562.8861371493
2023-09-12,1315455.5467587654,88616.72853695042,60250.285330600804,40179.37525355548,126409.15763765876
2023-09-13,1316648.7352681323,88616.72853695042,60250.285330600804,41045.105179868755,126736.6162207122
2023-09-14,1315739.6375050368,88616.72853695042,60250.285330600804,39610.42343902064,127262.20019846503
2023-09-15,1314060.516253695,88616.72853695042,60250.285330600804,36888.322109910776,128305.18027623277
2023-09-18,1313094.4556814244,88616.72853695042,60250.285330600804,35896.08396013547,128331.35785373766
2023-09-19,1312749.5965675842,88616.72853695042,60250.285330600804,35544.62059366971,128337.96210636338
2023-09-20,1311796.8365625348,88616.72853695042,60250.285330600804,34577.07917019795,128352.74352478562
2023-09-21,1310110.9376782519,88616.72853695042,60250.285330600804,32921.03396530042,128322.88984540012
2023-09-22,1310101.3133903402,88616.72853695042,60250.285330600804,32932.06022315414,128302.2392996347
2023-09-25,1309701.7034997167,88616.72853695042,60250.285330600804,32502.90553852578,128331.78409363958
2023-09-26,1309478.7390295397,88616.72853695042,60250.285330600804,32232.299111480475,128379.42605050816
2023-09-27,1309719.860390693,88616.72853695042,60250.285330600804,32499.54838146537,128353.29814167647
2023-09-28,1309936.277195173,88616.72853695042,60250.285330600804,32764.610512310406,128304.65281531145
2023-09-29,1309820.1152954064,88616.72853695042,60250.285330600804,32376.96027398156,128576.14115387364
2023-10-02,1309610.9148568753,88616.72853695042,60250.285330600804,32098.41905119538,128645.48193812859
2023-10-03,1309282.295793569,88616.72853695042,60250.285330600804,31723.453950463096,128691.82797555462
2023-10-04,1309557.633864717,88616.72853695042,60250.285330600804,31965.55753751041,128725.06245965557
2023-10-05,1309541.4194043581,88616.72853695042,60250.285330600804,31920.4950175666,128753.91051924019
2023-10-06,1310344.3272210392,88616.72853695042,60250.285330600804,32722.804331349325,128754.50902213878
2023-10-09,1309792.2164590359,88616.72853695042,60250.285330600804,32066.362035581027,128858.8405559035
2023-10-10,1309588.0118498784,88616.72853695042,60250.285330600804,31833.967422438902,128887.03055988834
2023-10-11,1310128.2060771133,88616.72853695042,60250.285330600804,32368.17251336982,128893.01969619212
2023-10-12,1310004.7246939335,88616.72853695042,60250.285330600804,32279.67148336128,128858.03934302111
2023-10-13,1309592.8000001,88616.72853695042,60250.285330600804,31915.629821916693,128810.1563106319
2023-10-16,1308816.2793186572,88616.72853695042,60250.285330600804,31150.659965836792,128798.60548526933
2023-10-17,1308816.3058275713,88616.72853695042,60250.285330600804,31178.55272330134,128770.73923671874
2023-10-18,1308828.6786981456,88616.72853695042,60250.285330600804,31315.278575024335,128646.38625556999
2023-10-19,1308905.8163644127,88616.72853695042,60250.285330600804,31338.771889878437,128700.030606983
2023-10-20,1311002.0797965159,88616.72853695042,60250.285330600804,33576.747976694605,128558.31795227015
2023-10-23,1310396.6947539635,88616.72853695042,60250.285330600804,32274.84357113007,129254.83731528209
2023-10-24,1310321.1737347795,88616.72853695042,60250.285330600804,32636.292131682043,128817.86773554608
2023-10-25,1308220.6975608356,88616.72853695042,60250.285330600804,30689.86701846379,128663.81667482061
2023-10-26,1306304.9317032152,88616.72853695042,60250.285330600804,29246.096755321836,128191.82108034217
2023-10-27,1306344.1564016545,88616.72853695042,60250.285330600804,29560.291538139107,127916.85099596414
2023-10-30,1307321.6089398991,88616.72853695042,60250.285330600804,29340.0365341563,129114.55853819172
2023-10-31,1306550.4605474132,88616.72853695042,60250.285330600804,29714.43610466004,127969.01057520206
2023-11-01,1306381.9218188217,88616.72853695042,60250.285330600804,30649.360474670888,126865.54747659969
2023-11-02,1304976.829851635,88616.72853695042,60250.285330600804,30176.91981541156,125932.89616867225
2023-11-03,1303573.9265983535,88616.72853695042,60250.285330600804,29671.540543156443,125035.37218764587
2023-11-06,1304180.2105781394,88616.72853695042,60250.285330600804,28753.228502150974,126559.96820843732
2023-11-07,1304335.6843714688,88616.72853695042,60250.285330600804,28693.353096996667,126775.31740692095
2023-11-08,1304965.8984773248,88616.72853695042,60250.285330600804,28838.36910589307,127260.51550388057
2023-11-09,1304381.379665377,88616.72853695042,60250.285330600804,28849.97904027265,126664.38675755332
2023-11-10,1305096.1176907704,88616.72853695042,60250.285330600804,29055.735487696948,127173.36833552225
2023-11-13,1304208.2767971233,88616.72853695042,60250.285330600804,27357.451365637127,127983.8115639349
2023-11-14,1302896.9799126657,88616.72853695042,60250.285330600804,26411.325177907245,127618.6408672072
2023-11-15,1303977.6222357682,88616.72853695042,60250.285330600804,27258.43463694863,127852.17373126838
2023-11-16,1302351.3688125215,88616.72853695042,60250.285330600804,27065.61611842632,126418.73882654402
2023-11-17,1301253.3469826998,88616.72853695042,60250.285330600804,25447.41465616913,126938.91845897934
2023-11-20,1300457.2195831183,88616.72853695042,60250.285330600804,24502.509743234725,127087.6959723325
2023-11-21,1300556.9321536405,88616.72853695042,60250.285330600804,24457.942780363373,127231.97550572595
2023-11-22,1301040.2519857313,88616.72853695042,60250.285330600804,24867.76340720523,127305.47471097484
2023-11-24,1301342.6365612135,88616.72853695042,60250.285330600804,24926.733830096317,127548.8888635661
2023-11-27,1300696.2035570648,88616.72853695042,60250.285330600804,23944.145843820996,127885.04384569265
2023-11-28,1300915.4212037926,88616.72853695042,60250.285330600804,24107.136210227036,127941.27112601441
2023-11-29,1300579.1810793993,88616.72853695042,60250.285330600804,23676.060378179536,128036.10683366843
2023-11-30,1301556.721202904,88616.72853695042,60250.285330600804,25186.579675056273,127503.12766029639
2023-12-01,1302011.8214234554,88616.72853695042,60250.285330600804,25857.733737934846,127287.0738179693
2023-12-04,1303247.4477686023,88616.72853695042,60250.285330600804,26479.780994812027,127900.65290623903
2023-12-05,1303628.744184296,88616.72853695042,60250.285330600804,26866.28131198499,127895.44900475978
2023-12-06,1303818.0909458683,88616.72853695042,60250.285330600804,27030.51167555037,127920.56540276669
2023-12-07,1304810.0774328625,88616.72853695042,60250.285330600804,27415.036810054793,128528.02675525658
2023-12-08,1305249.7295006756,88616.72853695042,60250.285330600804,27641.85288775782,128740.86274536652
2023-12-11,1304532.465975811,88616.72853695042,60250.285330600804,27195.98609050177,128469.46601775801
2023-12-12,1303656.8431313161,88616.72853695042,60250.285330600804,27552.479168137535,127237.35009562736
2023-12-13,1301739.115761178,88616.72853695042,60250.285330600804,25366.79927384015,127505.3026197867
2023-12-14,1302812.4863788956,88616.72853695042,60250.285330600804,26590.26082374039,127355.21168760397
2023-12-15,1307114.4807456902,88616.72853695042,60250.285330600804,30651.27415547357,127596.19272266538
2023-12-18,1306556.077876756,88616.72853695042,60250.285330600804,30093.232233828865,127595.83177537587
2023-12-19,1306620.2669178392,88616.72853695042,60250.285330600804,30113.315510238404,127639.93754004943
2023-12-20,1306326.8844363946,88616.72853695042,60250.285330600804,29749.337334269774,127710.53323457344
2023-12-21,1307670.3629515981,88616.72853695042,60250.285330600804,31066.323501423816,127737.02558262297
2023-12-22,1307289.1074822652,88616.72853695042,60250.285330600804,31125.634608298424,127296.45900641545
2023-12-26,1306980.9763908437,88616.72853695042,60250.285330600804,30705.07523195434,127408.88729133806
2023-12-27,1307283.7024877684,88616.72853695042,60250.285330600804,31073.768455959857,127342.92016425729
2023-12-28,1307778.5282659903,88616.72853695042,60250.285330600804,31390.312874274096,127521.201524165
2023-12-29,1307893.4859945697,88616.72853695042,60250.285330600804,31458.478966747643,127567.99316027085
2024-01-02,1308260.5682417965,88616.72853695042,60250.285330600804,31763.79642426793,127629.75794997718
2024-01-03,1307709.8760502895,88616.72853695042,60250.285330600804,31325.35026253597,127517.51192020229
2024-01-04,1306949.8436946208,88616.72853695042,60250.285330600804,30662.44820656895,127420.3816205007
2024-01-05,1307258.264677909,88616.72853695042,60250.285330600804,31027.688163178973,127363.56264717877
2024-01-08,1309232.9877030575,88616.72853695042,60250.285330600804,32795.76856601355,127570.2052694927
2024-01-09,1309878.1777477404,88616.72853695042,60250.285330600804,33464.98983814102,127546.17404204817
2024-01-10,1310459.0865358727,88616.72853695042,60250.285330600804,33992.04762760061,127600.02504072082
2024-01-11,1311398.0531144696,88616.72853695042,60250.285330600804,34763.36943386728,127767.66981305112
2024-01-12,1312005.9249911502,88616.72853695042,60250.285330600804,35659.145765015855,127479.76535858307
2024-01-16,1310765.3583862472,88616.72853695042,60250.285330600804,34625.0160864857,127273.32843221026
2024-01-17,1309362.8756653764,88616.72853695042,60250.285330600804,33397.316919973004,127098.54487785208
2024-01-18,1309663.396695973,88616.72853695042,60250.285330600804,33880.676879139966,126915.70594928158
2024-01-19,1309892.930538362,88616.72853695042,60250.285330600804,34107.61670041981,126918.29997039097
2024-01-22,1308763.1772042855,88616.72853695042,60250.285330600804,32328.271466049366,127567.89187068492
2024-01-23,1308545.410500687,88616.72853695042,60250.285330600804,32013.8648703926,127664.53176274337
2024-01-24,1309633.0518229543,88616.72853695042,60250.285330600804,32870.71943426912,127895.31852113409
2024-01-25,1307474.5663887323,88616.72853695042,60250.285330600804,31983.01764837932,126624.53487280174
2024-01-26,1307646.512763178,88616.72853695042,60250.285330600804,32163.18415670423,126616.31473892252
2024-01-29,1306774.821697005,88616.72853695042,60250.285330600804,29817.03866186738,128090.76916758646
2024-01-30,1306808.4991902048,88616.72853695042,60250.285330600804,30657.218673325726,127284.2666493277
2024-01-31,1308826.8533482426,88616.72853695042,60250.285330600804,32980.99906055594,126978.84042013553
2024-02-01,1308476.7552494046,88616.72853695042,60250.285330600804,32689.992944604717,126919.74843724864
2024-02-02,1307899.4889220013,88616.72853695042,60250.285330600804,33419.165568591445,125613.30948585854
2024-02-05,1308840.3307773806,88616.72853695042,60250.285330600804,33614.894749858766,126358.4221599705
2024-02-06,1309895.933455216,88616.72853695042,60250.285330600804,33856.61517165229,127172.30441601248
2024-02-07,1309006.6539332871,88616.72853695042,60250.285330600804,32467.40598262765,127672.23408310837
2024-02-08,1309421.5544443927,88616.72853695042,60250.285330600804,34049.63332614675,126504.9072506947
2024-02-09,1309523.9164531569,88616.72853695042,60250.285330600804,32781.31378085376,127875.58880475187
2024-02-12,1309718.558421935,88616.72853695042,60250.285330600804,31519.65925637295,129331.8852980109
2024-02-13,1309865.7315446693,88616.72853695042,60250.285330600804,32512.582031157915,128486.13564595999
2024-02-14,1307724.3928080979,88616.72853695042,60250.285330600804,31849.310806009336,127008.06813453743
2024-02-15,1309108.229759892,88616.72853695042,60250.285330600804,33788.60624119139,126452.60965114948
2024-02-16,1307057.6884478661,88616.72853695042,60250.285330600804,31977.028825205634,126213.64575510914
2024-02-20,1305117.0970014418,88616.72853695042,60250.285330600804,29628.726708562463,126621.35642532818
2024-02-21,1305181.0928479172,88616.72853695042,60250.285330600804,29636.847480784636,126677.23149958136
2024-02-22,1304304.6171299717,88616.72853695042,60250.285330600804,28811.289699723013,126626.3135626975
2024-02-23,1304463.1934654205,88616.72853695042,60250.285330600804,28824.53952805535,126771.64006981393
2024-02-26,1305083.5414893473,88616.72853695042,60250.285330600804,28932.192278913804,127284.3353428822
2024-02-27,1305596.4235664024,88616.72853695042,60250.285330600804,29210.290504910634,127519.11919394042
2024-02-28,1305828.192759092,88616.72853695042,60250.285330600804,29335.99789009802,127625.18100144272
2024-02-29,1306965.0290715368,88616.72853695042,60250.285330600804,30210.347305793897,127887.66789819184
2024-03-01,1307187.4671100653,88616.72853695042,60250.285330600804,30785.524225174217,127534.92901733983
2024-03-04,1308294.5945734913,88616.72853695042,60250.285330600804,31728.106560917222,127699.47414502269
2024-03-05,1306632.94259584,88616.72853695042,60250.285330600804,29864.065734810545,127901.86299347808
2024-03-06,1307700.8438175414,88616.72853695042,60250.285330600804,31037.58714889805,127796.2428010921
2024-03-07,1309137.186171342,88616.72853695042,60250.285330600804,32703.950106128585,127566.22219766211
2024-03-08,1310103.4739388684,88616.72853695042,60250.285330600804,32360.38425681903,128876.07581449812
2024-03-11,1310476.6561757335,88616.72853695042,60250.285330600804,32111.212542052264,129498.42976612994
2024-03-12,1311772.7299189428,88616.72853695042,60250.285330600804,34894.31779530097,128011.39825609047
2024-03-13,1312391.3958325053,88616.72853695042,60250.285330600804,35060.79142615176,128463.59053880232
2024-03-14,1314706.8281305912,88616.72853695042,60250.285330600804,36381.96973724174,129457.84452579822
2024-03-15,1316396.934040391,88616.72853695042,60250.285330600804,38470.78974265419,129059.13043018547
2024-03-18,1316922.0671377631,88616.72853695042,60250.285330600804,38862.371587056434,129192.68168315548
2024-03-19,1316056.5044011849,88616.72853695042,60250.285330600804,37980.97339904099,129208.51713459264
2024-03-20,1316479.0414050391,88616.72853695042,60250.285330600804,38390.04035406187,129221.98718342604
2024-03-21,1317102.3864287506,88616.72853695042,60250.285330600804,39938.89595316909,128296.47660803027
2024-03-22,1317122.6286225663,88616.72853695042,60250.285330600804,40033.05181521783,128222.5629397973
2024-03-25,1316453.8525564198,88616.72853695042,60250.285330600804,39725.144650818314,127861.69403805025
2024-03-26,1316579.0959232575,88616.72853695042,60250.285330600804,39947.538124572835,127764.54393113358
2024-03-27,1317091.375483288,88616.72853695042,60250.285330600804,40442.334403289366,127782.02721244725
2024-03-28,1317581.025160667,88616.72853695042,60250.285330600804,40671.981657724944,128042.02963539073
2024-04-01,1316692.2473414335,88616.72853695042,60250.285330600804,40289.48116098647,127535.75231289584
2024-04-02,1315953.8430871177,88616.72853695042,60250.285330600804,39592.13041032001,127494.6988092463
2024-04-03,1316166.8200539297,88616.72853695042,60250.285330600804,40607.8450380736,126691.96114830486
2024-04-04,1314079.4188154028,88616.72853695042,60250.285330600804,38294.900497897645,126917.50444995379
2024-04-05,1316922.3368996633,88616.72853695042,60250.285330600804,41124.75583262078,126930.5671994912
2024-04-08,1317229.6801088615,88616.72853695042,60250.285330600804,41099.33463263267,127263.33160867775
2024-04-09,1317639.231155806,88616.72853695042,60250.285330600804,41049.04054346052,127723.17674479424
2024-04-10,1315999.456408945,88616.72853695042,60250.285330600804,39895.502169279265,127236.9403721143
2024-04-11,1318208.1513643046,88616.72853695042,60250.285330600804,42159.61275956652,127181.52473718673
2024-04-12,1316372.2877577096,88616.72853695042,60250.285330600804,39972.10888632538,127533.1650038329
2024-04-15,1312586.7082788167,88616.72853695042,60250.285330600804,36099.05929883744,127620.63511242787
2024-04-16,1312535.5114794439,88616.72853695042,60250.285330600804,36165.14610813558,127503.35150375706
2024-04-17,1313314.263754366,88616.72853695042,60250.285330600804,36123.00416094903,128324.24572586571
2024-04-18,1314105.5246250192,88616.72853695042,60250.285330600804,36103.35708123667,129135.15367623116
2024-04-19,1316940.1163910597,88616.72853695042,60250.285330600804,37920.41324045998,130152.6892830485
2024-04-22,1317060.4918206064,88616.72853695042,60250.285330600804,37309.619572452386,130883.8583806029
2024-04-23,1316748.0943428874,88616.72853695042,60250.285330600804,37669.55506919895,130211.52540613734
2024-04-24,1316769.8831652715,88616.72853695042,60250.285330600804,38051.26329127606,129851.6060064442
2024-04-25,1317196.4686258435,88616.72853695042,60250.285330600804,38621.372505652136,129708.08225264004
2024-04-26,1318230.4444197726,88616.72853695042,60250.285330600804,40489.364667881746,128874.06588433962
2024-04-29,1319019.5838266378,88616.72853695042,60250.285330600804,40803.34994959389,129349.22000949271
2024-04-30,1317355.0221159204,88616.72853695042,60250.285330600804,38387.15072337119,130100.85752499802
2024-05-01,1316272.650676323,88616.72853695042,60250.285330600804,38585.507169448654,128820.12963932334
2024-05-02,1317830.4943828722,88616.72853695042,60250.285330600804,40263.64483586431,128699.83567945659
2024-05-03,1320055.2467226565,88616.72853695042,60250.285330600804,42413.367773817154,128774.86508128815
2024-05-06,1320830.4313894692,88616.72853695042,60250.285330600804,41641.38367594918,130322.03384596878
2024-05-07,1320992.02931939,88616.72853695042,60250.285330600804,41728.0361547682,130396.97929707053
2024-05-08,1321472.7269291554,88616.72853695042,60250.285330600804,41633.41868126998,130972.2943803342
2024-05-09,1321141.2846021415,88616.72853695042,60250.285330600804,41158.2896372322,131115.98109735805
2024-05-10,1321605.6427083353,88616.72853695042,60250.285330600804,40930.99523591669,131807.63360486738
2024-05-13,1321793.7107306607,88616.72853695042,60250.285330600804,38940.59733417316,133986.0995289362
2024-05-14,1321641.610755387,88616.72853695042,60250.285330600804,39030.96959709353,133743.62729074224
2024-05-15,1320506.5909174844,88616.72853695042,60250.285330600804,38319.440711213625,133320.1363387194
2024-05-16,1320897.567200011,88616.72853695042,60250.285330600804,38567.82317698363,133462.73015547637
2024-05-17,1318869.4389490047,88616.72853695042,60250.285330600804,36428.13291226409,133574.29216918955
2024-05-20,1317446.6466749057,88616.72853695042,60250.285330600804,34895.980297994334,133683.6525093601
2024-05-21,1318176.9047974409,88616.72853695042,60250.285330600804,35544.54358931095,133765.34734057868
2024-05-22,1318861.876172898,88616.72853695042,60250.285330600804,36124.214538509026,133870.64776683785
2024-05-23,1318097.5881076227,88616.72853695042,60250.285330600804,35831.02535175544,133399.5488883159
2024-05-24,1319494.2779043664,88616.72853695042,60250.285330600804,37638.81042291527,132988.45361389988
2024-05-28,1318363.0505045606,88616.72853695042,60250.285330600804,36906.62293899304,132589.41369801643
2024-05-29,1317867.9823904196,88616.72853695042,60250.285330600804,36402.79270087532,132598.17582199303
2024-05-30,1316125.7221666616,88616.72853695042,60250.285330600804,36297.53259559546,130961.17570351483
2024-05-31,1317793.0656302066,88616.72853695042,60250.285330600804,36975.90576670552,131950.14599594986
2024-06-03,1316739.6821281463,88616.72853695042,60250.285330600804,36490.8904709738,131381.77778962115
2024-06-04,1316702.0752805225,88616.72853695042,60250.285330600804,36417.526345888735,131417.53506708262
2024-06-05,1315405.477916221,88616.72853695042,60250.285330600804,35897.65881131496,130640.80523735471
2024-06-06,1316215.4311496255,88616.72853695042,60250.285330600804,36337.19880981697,131011.21847225726
2024-06-07,1317053.1874924318,88616.72853695042,60250.285330600804,36954.45460852585,131231.71901635476
2024-06-10,1316439.1367999325,88616.72853695042,60250.285330600804,36350.06131797552,131222.0616144056
2024-06-11,1317631.107980873,88616.72853695042,60250.285330600804,37553.37135270599,131210.72276061564
2024-06-12,1319020.7104497387,88616.72853695042,60250.285330600804,39870.76500998298,130282.93157220446
2024-06-13,1318701.8852828313,88616.72853695042,60250.285330600804,40312.50144553406,129522.36996974587
2024-06-14,1318983.9244781374,88616.72853695042,60250.285330600804,40776.61190676887,129340.29870381719
2024-06-17,1316711.4308662578,88616.72853695042,60250.285330600804,38686.33655006834,129158.08044863818
2024-06-18,1316419.5375615945,88616.72853695042,60250.285330600804,39068.30965218088,128484.2140418624
2024-06-20,1317489.1533570092,88616.72853695042,60250.285330600804,38726.02035019151,129896.11913926643
2024-06-21,1318503.8811489292,88616.72853695042,60250.285330600804,39211.35163633118,130425.51564504695
2024-06-24,1318079.2058557905,88616.72853695042,60250.285330600804,38645.71877057862,130566.4732176608
2024-06-25,1318478.5737971459,88616.72853695042,60250.285330600804,38925.024266771856,130686.53566282289
2024-06-26,1319038.1822957573,88616.72853695042,60250.285330600804,39369.05480608961,130802.11362211662
2024-06-27,1320109.7775319545,88616.72853695042,60250.285330600804,40325.97264991957,130916.79101448366
2024-06-28,1319709.2379626932,88616.72853695042,60250.285330600804,41380.1626234611,129462.06147168088
2024-07-01,1320352.3621443205,88616.72853695042,60250.285330600804,41589.63187313522,129895.71640363405
2024-07-02,1321601.0674366711,88616.72853695042,60250.285330600804,43000.255843808176,129733.79772531171
2024-07-03,1322285.3841941843,88616.72853695042,60250.285330600804,43594.44048255752,129823.92984407558
2024-07-05,1323457.3398761651,88616.72853695042,60250.285330600804,44294.24285713781,130296.08315147622
2024-07-08,1322662.3735802895,88616.72853695042,60250.285330600804,43557.019215235254,130238.34049750306
2024-07-09,1322432.0068592052,88616.72853695042,60250.285330600804,43718.98312859284,129846.00986306113
2024-07-10,1321298.507638749,88616.72853695042,60250.285330600804,42508.99441490322,129922.49935629452
2024-07-11,1323288.8545788862,88616.72853695042,60250.285330600804,44656.94239321852,129764.89831811655
2024-07-12,1324011.6063782664,88616.72853695042,60250.285330600804,45153.11448914488,129991.47802157025
2024-07-15,1321936.7460149685,88616.72853695042,60250.285330600804,43879.25304353528,129190.47910388187
2024-07-16,1321595.221385457,88616.72853695042,60250.285330600804,45164.82751596684,127563.38000193913
2024-07-17,1324010.8010583364,88616.72853695042,60250.285330600804,48978.673325129086,126165.11386565608
2024-07-18,1324513.8074829937,88616.72853695042,60250.285330600804,49354.37465243088,126292.41896301159
2024-07-19,1319716.1205640282,88616.72853695042,60250.285330600804,44839.371148592676,126009.73554788437
2024-07-22,1318852.1465177792,88616.72853695042,60250.285330600804,43833.948205197,126151.18444503099
2024-07-23,1317843.946328655,88616.72853695042,60250.285330600804,43557.65809267468,125419.27436842886
2024-07-24,1313559.8116764408,88616.72853695042,60250.285330600804,39198.526540991385,125494.27126789815
2024-07-25,1310857.6683526249,88616.72853695042,60250.285330600804,38883.836464656284,123106.81802041736
2024-07-26,1312278.174816018,88616.72853695042,60250.285330600804,40135.41994568193,123275.74100278481
2024-07-29,1313392.079908589,88616.72853695042,60250.285330600804,39036.92937753664,125488.13666350115
2024-07-30,1311826.0129536865,88616.72853695042,60250.285330600804,39111.165041981614,123847.83404415357
2024-07-31,1313624.970123067,88616.72853695042,60250.285330600804,39195.855650419486,125562.10060509644
2024-08-01,1311474.9874569043,88616.72853695042,60250.285330600804,39587.24169642269,123020.73189293034
2024-08-02,1308643.2345192796,88616.72853695042,60250.285330600804,41332.29990735988,118443.92074436834
2024-08-05,1308632.474196438,88616.72853695042,60250.285330600804,41666.341207035584,118099.11912185117
2024-08-06,1310418.4207906707,88616.72853695042,60250.285330600804,41539.58330847882,120011.82361464063
2024-08-07,1307654.2701127436,88616.72853695042,60250.285330600804,41506.47665539,117280.77958980249
2024-08-08,1310700.0898330915,88616.72853695042,60250.285330600804,41247.2125987903,120585.86336674984
2024-08-09,1311055.0562831208,88616.72853695042,60250.285330600804,41570.96602703002,120617.07638853951
2024-08-12,1310800.9529697308,88616.72853695042,60250.285330600804,40630.077655692585,121303.86144648702
2024-08-13,1310318.6236933318,88616.72853695042,60250.285330600804,40354.8401719837,121096.76965379692
2024-08-14,1309608.323769635,88616.72853695042,60250.285330600804,40095.14796984347,120646.16193224024
2024-08-15,1312154.752497389,88616.72853695042,60250.285330600804,40441.49966218276,122846.238967655
2024-08-16,1310732.4857310075,88616.72853695042,60250.285330600804,38544.531333306455,123320.94053014996
2024-08-19,1309727.6207214608,88616.72853695042,60250.285330600804,37448.58581473422,123412.02103917534
2024-08-20,1308493.8901072121,88616.72853695042,60250.285330600804,36082.94314802892,123543.93309163209
2024-08-21,1307331.708230305,88616.72853695042,60250.285330600804,35228.99826323625,123235.69609951763
2024-08-22,1306657.3007983752,88616.72853695042,60250.285330600804,34332.800105681294,123457.48682514275
2024-08-23,1306297.9803883957,88616.72853695042,60250.285330600804,34161.15033588628,123269.81618495821
2024-08-26,1306336.2127642878,88616.72853695042,60250.285330600804,34068.94773771742,123400.25115901907
2024-08-27,1306748.4691896099,88616.72853695042,60250.285330600804,34366.73857877182,123514.71674328693
2024-08-28,1306691.6897893362,88616.72853695042,60250.285330600804,34407.60923762503,123417.06668415992
2024-08-29,1308117.8762942962,88616.72853695042,60250.285330600804,35744.6454894786,123506.21693726652
2024-08-30,1308461.6204616886,88616.72853695042,60250.285330600804,35844.966843124246,123749.63975101314
2024-09-03,1306125.2386056874,88616.72853695042,60250.285330600804,34331.00360754633,122927.22113058995
2024-09-04,1306192.6459946465,88616.72853695042,60250.285330600804,34541.81988838536,122783.81223870977
2024-09-05,1306709.0337661284,88616.72853695042,60250.285330600804,34717.32841425738,123124.69148431974
2024-09-06,1303925.1943932138,88616.72853695042,60250.285330600804,32665.99062863004,122392.18989703245
2024-09-09,1306588.7825948144,88616.72853695042,60250.285330600804,34473.25466967712,123248.51405758597
2024-09-10,1306056.2682625963,88616.72853695042,60250.285330600804,34754.964502874296,122434.28989217081
2024-09-11,1306995.6212256802,88616.72853695042,60250.285330600804,34556.09281526576,123572.51454286324
2024-09-12,1306386.825292938,88616.72853695042,60250.285330600804,34135.437431353144,123384.37399403355
2024-09-13,1306253.6583758874,88616.72853695042,60250.285330600804,33925.850352597656,123460.79415573855
2024-09-16,1303976.793627566,88616.72853695042,60250.285330600804,32368.56887303409,122741.21088698064
2024-09-17,1304233.3813241248,88616.72853695042,60250.285330600804,32203.437573804054,123162.92988276947
2024-09-18,1305703.7922214188,88616.72853695042,60250.285330600804,33875.38566667633,122961.39268719126
2024-09-19,1306596.2242793054,88616.72853695042,60250.285330600804,33175.99229237356,124553.21811938076
2024-09-20,1307073.3964350587,88616.72853695042,60250.285330600804,33938.922056775424,124267.46051073191
2024-09-23,1307003.594738052,88616.72853695042,60250.285330600804,33788.326369351475,124348.25450114929
2024-09-24,1307378.806135166,88616.72853695042,60250.285330600804,34102.140188581776,124409.65207903297
2024-09-25,1308421.417300511,88616.72853695042,60250.285330600804,35098.56537665939,124455.8380563003
2024-09-26,1310163.9634911758,88616.72853695042,60250.285330600804,36989.3742069375,124307.57541668694
2024-09-27,1309202.1261053612,88616.72853695042,60250.285330600804,35912.891924256575,124422.22031355347
2024-09-30,1308232.7743268418,88616.72853695042,60250.285330600804,34779.345915345824,124586.41454394464
2024-10-01,1308719.9253444714,88616.72853695042,60250.285330600804,35258.904707220965,124594.00676969928
2024-10-02,1309038.2512730542,88616.72853695042,60250.285330600804,35592.608132021036,124578.6292734819
2024-10-03,1308843.1823465633,88616.72853695042,60250.285330600804,35515.869652767666,124460.29882624443
2024-10-04,1309554.2441551788,88616.72853695042,60250.285330600804,36134.17317502096,124553.05711260648
2024-10-07,1308370.01964952,88616.72853695042,60250.285330600804,34768.18491180439,124734.82087016432
2024-10-08,1308751.7882212522,88616.72853695042,60250.285330600804,35096.70681887551,124788.0675348253
2024-10-09,1308512.7892375137,88616.72853695042,60250.285330600804,34848.54926150723,124797.22610845533
2024-10-10,1309924.4053348918,88616.72853695042,60250.285330600804,36153.32514955511,124904.06631778553
2024-10-11,1312045.1358394553,88616.72853695042,60250.285330600804,38290.502164654084,124887.6198072501
2024-10-14,1309798.1108484347,88616.72853695042,60250.285330600804,36023.16823354771,124907.92874733591
2024-10-15,1312536.5442027343,88616.72853695042,60250.285330600804,38784.32850118657,124885.20183399646
2024-10-16,1312927.0159769885,88616.72853695042,60250.285330600804,39118.603160581784,124941.39894885547
2024-10-17,1313127.8637080798,88616.72853695042,60250.285330600804,39413.59911038994,124847.25073013874
2024-10-18,1311108.3320920425,88616.72853695042,60250.285330600804,37530.005738652195,124711.31248583924
2024-10-21,1310746.5642975334,88616.72853695042,60250.285330600804,36119.791954203974,125759.75847577816
2024-10-22,1310198.7399893533,88616.72853695042,60250.285330600804,35994.07074704289,125337.65537475911
2024-10-23,1309474.937021934,88616.72853695042,60250.285330600804,34681.19215829845,125926.73099608417
2024-10-24,1310809.5883007264,88616.72853695042,60250.285330600804,36954.490923777455,124988.0835093977
2024-10-25,1311511.069594204,88616.72853695042,60250.285330600804,38055.88214597304,124588.17358067958
2024-10-28,1311474.8479577021,88616.72853695042,60250.285330600804,36752.61662805849,125855.2174620924
2024-10-29,1310425.4690752327,88616.72853695042,60250.285330600804,36368.758454444236,125189.6967532374
2024-10-30,1310895.4561326304,88616.72853695042,60250.285330600804,36671.65574089845,125356.78652418056
2024-10-31,1311717.0335152904,88616.72853695042,60250.285330600804,37155.81945947895,125694.20018826029
2024-11-01,1311705.8703861393,88616.72853695042,60250.285330600804,36998.629275527084,125840.22724306094
2024-11-04,1313214.8145952956,88616.72853695042,60250.285330600804,36060.65088169277,128287.14984605159
2024-11-05,1311903.5329726262,88616.72853695042,60250.285330600804,35392.03716708743,127644.4819379875
2024-11-06,1307840.4536846643,88616.72853695042,60250.285330600804,39125.40193051961,119848.03788659349
2024-11-07,1305540.1092320334,88616.72853695042,60250.285330600804,37924.15850966703,118748.93685481511
2024-11-08,1306705.26112056,88616.72853695042,60250.285330600804,38617.141111391014,119221.10614161775
2024-11-11,1306385.5295304297,88616.72853695042,60250.285330600804,37989.31725934695,119529.19840353169
2024-11-12,1306874.5888690616,88616.72853695042,60250.285330600804,39407.194326029625,118600.3806754807
2024-11-13,1307927.6832239567,88616.72853695042,60250.285330600804,40599.06781453767,118461.60154186795
2024-11-14,1307076.893315183,88616.72853695042,60250.285330600804,40250.932475249865,117958.94697238202
2024-11-15,1299924.456815834,88616.72853695042,60250.285330600804,36132.342922193464,114925.10002608923
2024-11-18,1299131.590206361,88616.72853695042,60250.285330600804,35088.40172105958,115176.1746177501
2024-11-19,1298470.423521209,88616.72853695042,60250.285330600804,34403.835588695714,115199.5740649621
2024-11-20,1296979.1223254756,88616.72853695042,60250.285330600804,32703.320928106783,115408.78752981755
2024-11-21,1295575.963337096,88616.72853695042,60250.285330600804,31819.227831076016,114889.72163846879
2024-11-22,1297340.8472385004,88616.72853695042,60250.285330600804,33883.65995512321,114590.17341582594
2024-11-25,1297522.2652818793,88616.72853695042,60250.285330600804,33726.229755426175,114929.02165890182
2024-11-26,1297736.9156077425,88616.72853695042,60250.285330600804,33683.64801827364,115186.25372191751
2024-11-27,1298780.1223050104,88616.72853695042,60250.285330600804,34573.70019095263,115339.40824650647
2024-11-29,1298202.0127696604,88616.72853695042,60250.285330600804,33245.003247535904,116089.9956545732
2024-12-02,1298131.0903869588,88616.72853695042,60250.285330600804,32272.70879740722,116991.36772200023
2024-12-03,1299081.251082296,88616.72853695042,60250.285330600804,32883.44698831707,117330.7902264276
2024-12-04,1299667.7463675402,88616.72853695042,60250.285330600804,33732.994821698056,117067.73767829081
2024-12-05,1300677.8177679866,88616.72853695042,60250.285330600804,34583.62215649395,117227.1817439415
2024-12-06,1303464.887295708,88616.72853695042,60250.285330600804,37270.46487999649,117327.40854816022
2024-12-09,1302393.8178696395,88616.72853695042,60250.285330600804,35721.535161353066,117805.26884073508
2024-12-10,1303750.8013566206,88616.72853695042,60250.285330600804,36970.49090033455,117913.29658873496
2024-12-11,1306724.804880538,88616.72853695042,60250.285330600804,39255.162590062595,118602.62842292408
2024-12-12,1308668.4688201994,88616.72853695042,60250.285330600804,40820.49946701131,118980.95548563683
2024-12-13,1312504.54588491,88616.72853695042,60250.285330600804,44750.37232656125,118887.15969079756
2024-12-16,1317229.4657468577,88616.72853695042,60250.285330600804,49039.32435814035,119323.12752116611
2024-12-17,1316948.2954607017,88616.72853695042,60250.285330600804,48829.70672268141,119251.57487046905
2024-12-18,1301415.4390820905,88616.72853695042,60250.285330600804,33661.278331253445,118887.14688328584
2024-12-19,1303676.413286955,88616.72853695042,60250.285330600804,37155.93273646536,117653.4666829384
2024-12-20,1314869.9973517768,88616.72853695042,60250.285330600804,47115.607943937066,118887.3755402884
2024-12-23,1315646.2937670941,88616.72853695042,60250.285330600804,47838.27693909139,118941.00296045141
2024-12-24,1316297.2997501227,88616.72853695042,60250.285330600804,48524.14470476424,118906.14117780724
2024-12-26,1315266.4831250152,88616.72853695042,60250.285330600804,47431.574330030126,118967.89492743369
2024-12-27,1315528.67552105,88616.72853695042,60250.285330600804,47618.80770310259,119042.85395039618
2024-12-30,1313519.2456636312,88616.72853695042,60250.285330600804,45482.851222240715,119169.38057383918
2024-12-31,1313534.719507104,88616.72853695042,60250.285330600804,45469.134912370006,119198.57072718279
2025-01-02,1313082.0871999597,88616.72853695042,60250.285330600804,44959.46782158385,119255.6055108246
2025-01-03,1314033.7172317016,88616.72853695042,60250.285330600804,45903.51577223174,119263.18759191851
2025-01-06,1314978.93386597,88616.72853695042,60250.285330600804,46706.19388818892,119405.72611022997
2025-01-07,1315362.253936059,88616.72853695042,60250.285330600804,47121.77800372336,119373.46206478449
2025-01-08,1315846.6505198579,88616.72853695042,60250.285330600804,47550.97352403193,119428.66312827473
2025-01-10,1315036.0999063249,88616.72853695042,60250.285330600804,46669.89940545068,119499.18663332285
2025-01-13,1314265.6842627432,88616.72853695042,60250.285330600804,45769.592333306675,119629.0780618852
2025-01-14,1314269.5409041534,88616.72853695042,60250.285330600804,45812.37117890478,119590.15585769736
2025-01-15,1314293.6420339672,88616.72853695042,60250.285330600804,46357.62449922622,119069.00366718974
2025-01-16,1314926.3922538979,88616.72853695042,60250.285330600804,47153.20683398773,118906.1715523589
2025-01-17,1315482.1165492972,88616.72853695042,60250.285330600804,47860.07553520438,118755.02714654151
2025-01-21,1314613.6343930503,88616.72853695042,60250.285330600804,46474.2464550751,119272.37407042412
2025-01-22,1314221.2647688668,88616.72853695042,60250.285330600804,45983.29594421014,119370.95495710545
2025-01-23,1312093.5255161007,88616.72853695042,60250.285330600804,44813.28727051488,118413.2243780347
2025-01-24,1313510.3164759171,88616.72853695042,60250.285330600804,45862.146089380025,118781.15651898575
2025-01-27,1315499.3356087327,88616.72853695042,60250.285330600804,47808.64124661125,118823.68049457017
2025-01-28,1317143.333840161,88616.72853695042,60250.285330600804,48249.06405884656,120027.2559137633
2025-01-29,1316245.3141539556,88616.72853695042,60250.285330600804,48297.053233862156,119081.24705254217
2025-01-30,1314704.3429454025,88616.72853695042,60250.285330600804,48616.03910193988,117221.28997591138
2025-01-31,1314793.2070797624,88616.72853695042,60250.285330600804,48891.63392491592,117034.55928729521
2025-02-03,1311745.5377061446,88616.72853695042,60250.285330600804,47752.25322869455,115126.27060989896
2025-02-04,1312354.382631627,88616.72853695042,60250.285330600804,50362.7661497097,113124.60261436598
2025-02-05,1312792.1750878943,88616.72853695042,60250.285330600804,50914.31104799663,113010.85017234646
2025-02-06,1314717.6018611607,88616.72853695042,60250.285330600804,53128.56298147794,112722.02501213155
2025-02-07,1314870.1857860945,88616.72853695042,60250.285330600804,54771.121098448755,111232.05082009453
2025-02-10,1316575.0333607648,88616.72853695042,60250.285330600804,56010.71028149966,111697.30921171396
2025-02-11,1316069.9684578122,88616.72853695042,60250.285330600804,56129.78780115931,111073.16678910167
2025-02-12,1314860.260912778,88616.72853695042,60250.285330600804,56560.19160431065,109433.05544091621
2025-02-13,1316557.6865157543,88616.72853695042,60250.285330600804,57724.67703637201,109965.99561183108
2025-02-14,1318464.6634073511,88616.72853695042,60250.285330600804,58630.832911716774,110966.81662808312
2025-02-18,1320147.350480728,88616.72853695042,60250.285330600804,62046.42741851974,109233.90919465711
2025-02-19,1322835.055518439,88616.72853695042,60250.285330600804,62513.91450713202,111454.12714375579
2025-02-20,1322868.0173840064,88616.72853695042,60250.285330600804,62962.66860867082,111038.33490778436
2025-02-21,1316212.6681544092,88616.72853695042,60250.285330600804,57512.45762138395,109833.19666547398
2025-02-24,1312689.7282062753,88616.72853695042,60250.285330600804,53712.00575365918,110110.70858506486
2025-02-25,1311401.53255731,88616.72853695042,60250.285330600804,52521.92869682587,110012.58999293298
2025-02-26,1311055.4065597118,88616.72853695042,60250.285330600804,52099.15216405317,110089.24052810739
2025-02-27,1309327.647441801,88616.72853695042,60250.285330600804,50458.402675933205,110002.23089831648
2025-02-28,1312277.7182227788,88616.72853695042,60250.285330600804,53317.92698836909,110092.77736685844
2025-03-03,1309527.2010816075,88616.72853695042,60250.285330600804,51205.18454726669,109455.00266678957
2025-03-04,1310359.6941291029,88616.72853695042,60250.285330600804,51411.805690585636,110080.874570966
2025-03-05,1311829.5137867772,88616.72853695042,60250.285330600804,52228.32189435535,110734.17802487058
2025-03-06,1309570.7621676226,88616.72853695042,60250.285330600804,51365.530260074884,109338.21803999646
2025-03-07,1311815.172167361,88616.72853695042,60250.285330600804,52571.27590543195,110376.88239437784
2025-03-10,1311340.545366623,88616.72853695042,60250.285330600804,52726.41872120043,109747.11277787131
2025-03-11,1312045.909047209,88616.72853695042,60250.285330600804,52875.373045129934,110303.5221345278
2025-03-12,1313131.6335180686,88616.72853695042,60250.285330600804,52596.09984651813,111668.51980399922
2025-03-13,1312669.471600983,88616.72853695042,60250.285330600804,54149.78569930117,109652.67203413066
2025-03-14,1312945.14402144,88616.72853695042,60250.285330600804,53332.2742838643,110745.85587002453
2025-03-17,1313294.5043015766,88616.72853695042,60250.285330600804,52980.29651533603,111447.19391868939
2025-03-18,1312782.6159431057,88616.72853695042,60250.285330600804,52916.248946696986,110999.35312885744
2025-03-19,1313281.5297974367,88616.72853695042,60250.285330600804,53207.957203979604,111206.55872590584
2025-03-20,1313254.4964581816,88616.72853695042,60250.285330600804,53486.885851003695,110900.59673962672
2025-03-21,1311833.4186594172,88616.72853695042,60250.285330600804,52311.27292189002,110655.13186997594
2025-03-24,1307572.2747407395,85489.07987673068,59002.52213097131,52311.27292189002,110769.39981114748
2025-03-25,1307632.2641387926,85380.56599185546,59143.99423881108,52311.27292189002,110796.43098623608
2025-03-26,1311725.4085786392,87350.92451971513,60990.4429474168,52311.27292189002,111072.7681896172
2025-03-27,1313375.880950326,88393.41958009265,61511.03645070782,52311.27292189002,111160.1519976356
2025-03-28,1315115.650977469,90215.49747555121,61295.92731292732,52311.27292189002,111292.9532671005
2025-03-31,1313823.4377855258,88687.84268009919,61247.13531363639,52311.27292189002,111577.18686990021
2025-04-01,1313635.7180560066,88681.67191538913,61184.84302344709,52311.27292189002,111457.93019528035
2025-04-02,1311941.5932608058,87537.16664467333,60302.183635980124,52311.27292189002,111790.97005826235
2025-04-03,1313326.6855434661,91160.83242829307,59176.45913233538,52311.27292189002,110678.12106094765
2025-04-04,1287362.1987173627,83981.1642660289,42499.91290733055,52311.27292189002,108569.84862211323
2025-04-07,1285947.5968810606,82510.96621867176,42225.49711000151,52311.27292189002,108899.86063049734
2025-04-08,1288148.5853855442,84180.73937136866,42312.76039577625,52311.27292189002,109343.8126965093
2025-04-09,1269984.0478890592,75265.60901597119,35196.402384697925,52311.27292189002,107210.76356650004
2025-04-10,1286431.270980558,83831.36778732063,42216.391427226015,52311.27292189002,108072.23884412111
2025-04-11,1287836.482272551,85485.08738170634,42286.083982381504,52311.27292189002,107754.03798657306
2025-04-14,1292319.9762251282,88078.99039781163,43323.12640751549,52311.27292189002,108606.58649791102
2025-04-15,1297684.929037264,92269.68372899247,43910.136280871346,52311.27292189002,109193.83610551013
2025-04-16,1296012.6287233364,91561.44468906219,43041.39377034246,52311.27292189002,109098.51734204171
2025-04-17,1307288.8427807414,100082.97797766328,45781.53584744828,52311.27292189002,109113.05603373982
2025-04-21,1306489.9553119875,98641.92390521639,44690.25223131501,52311.27292189002,110846.50625356613
2025-04-22,1308760.8015574098,98437.27454014053,46799.660531019326,52311.27292189002,111212.59356435994
2025-04-23,1307305.661993286,97038.98867667769,46727.20350928244,52311.27292189002,111228.19688543607
2025-04-24,1299781.625304077,94771.70492362813,43371.593749161344,52311.27292189002,109327.05370939756
2025-04-25,1298363.8371769872,94291.97640741919,43093.8357323173,52311.27292189002,108666.7521153607
2025-04-28,1300818.829554394,93813.82261379762,43974.041833963944,52311.27292189002,110719.69218474231
2025-04-29,1301636.6730028167,93986.26931027323,44482.050650857505,52311.27292189002,110857.0801197961
2025-04-30,1300771.436954726,93247.08513851417,44698.75593154202,52311.27292189002,110514.32296277978
2025-05-01,1301953.7521706,94605.65149062662,44301.61273867253,52311.27292189002,110735.21501941071
2025-05-02,1299620.4641392597,95438.13639561669,42961.32836450939,52311.27292189002,108909.72645724355
2025-05-05,1300410.3712581801,94623.06971898838,43776.66317746893,52311.27292189002,109699.36543983268
2025-05-06,1301530.1509682164,94151.07262855442,43993.92369044933,52311.27292189002,111073.8817273227
2025-05-07,1301946.726578415,93819.85559953633,44406.06060573517,52311.27292189002,111409.53745125327
2025-05-08,1302859.0772636493,94586.21928179543,44605.38035639236,52311.27292189002,111356.20470357151
2025-05-09,1302941.1895340397,94817.74148987257,45061.90387046663,52311.27292189002,110750.27125181048
2025-05-12,1305921.359526509,99068.5535933876,44629.866715593846,52311.27292189002,109911.66629563738
2025-05-13,1303051.5066091004,100679.34797716117,44476.53571181558,52311.27292189002,105584.3499982336
2025-05-14,1302336.504146921,101057.34554405278,44707.686387656606,52311.27292189002,104260.19929332146
2025-05-15,1304813.5578985396,101706.87085749721,44576.96579793922,52311.27292189002,106218.44832121325
2025-05-16,1307812.2297698334,102523.56011165516,45354.67612212489,52311.27292189002,107622.72061416344
2025-05-19,1306317.7402458312,102523.56011165516,45354.67612212489,50596.57244946482,107842.93156258622
2025-05-20,1306912.5492877723,102523.56011165516,45354.67612212489,51138.401198968524,107895.91185502359
2025-05-21,1306385.6209523026,102523.56011165516,45354.67612212489,50502.26098489412,108005.12373362854
2025-05-22,1306322.1764420415,102523.56011165516,45354.67612212489,50347.76148979156,108096.1787184698
2025-05-23,1304746.812888695,102523.56011165516,45354.67612212489,49150.05841792212,107718.51823699265
2025-05-27,1303546.4785450837,102523.56011165516,45354.67612212489,47559.87597515364,108108.3663361501
2025-05-28,1303991.7265829449,102523.56011165516,45354.67612212489,47939.85074456851,108173.63960459642
2025-05-29,1303448.1834193603,102523.56011165516,45354.67612212489,47599.4106396588,107970.53654592135
2025-05-30,1304140.687529488,102523.56011165516,45354.67612212489,48067.378204528126,108195.07309117983
2025-06-02,1303318.0916422051,102523.56011165516,45354.67612212489,47108.066381358774,108331.78902706644
2025-06-03,1303161.5123493848,102523.56011165516,45354.67612212489,46850.450249655405,108432.8258659495
2025-06-04,1303432.5060630995,102523.56011165516,45354.67612212489,47000.73875808332,108553.53107123612
2025-06-05,1304709.2446852408,102523.56011165516,45354.67612212489,48185.663658425794,108645.34479303495
2025-06-06,1305015.153675654,102523.56011165516,45354.67612212489,47919.02479696495,109217.89264490898
2025-06-09,1305027.180265599,102523.56011165516,45354.67612212489,47408.02564407152,109740.91838774737
2025-06-10,1305074.9037636223,102523.56011165516,45354.67612212489,47054.765711195185,110141.90181864705
2025-06-11,1305240.4436733916,102523.56011165516,45354.67612212489,47502.17268647335,109860.0347531382
2025-06-12,1305076.1030217349,102523.56011165516,45354.67612212489,48650.49146202137,108547.37532593333
2025-06-13,1306410.9304636945,102523.56011165516,45354.67612212489,50889.947171758395,107642.74705815595
2025-06-16,1305994.6011810298,102523.56011165516,45354.67612212489,49777.216288765194,108339.14865848469
2025-06-17,1304966.6147142826,102523.56011165516,45354.67612212489,48993.39957881905,108094.97890168335
2025-06-18,1305101.226995383,102523.56011165516,45354.67612212489,49529.792174662696,107693.1985869403
2025-06-20,1306691.4069817397,102523.56011165516,45354.67612212489,50597.49160473165,108215.6791432281
2025-06-23,1305062.3802878496,101043.08032286353,45627.03002345865,50110.75040639867,108281.51953512873
2025-06-24,1305473.1878346843,100227.01397915091,44656.30140250758,52325.656734115444,108264.21571891033
2025-06-25,1306325.3361047613,100441.98640835402,45207.5803967003,52370.87244645413,108304.89685325278
2025-06-26,1302307.5989892785,99600.52637401456,43262.77426117018,51084.99357340601,108359.30478068767
2025-06-27,1300181.181808284,99773.8591446199,41945.5482391112,50060.46417329181,108401.31025126111
2025-06-30,1298943.6341000786,99567.09432029212,42272.56523873296,48601.98865378066,108501.98588727298
2025-07-01,1299583.5540540516,99416.91455729539,42472.936627474264,49158.58728642203,108535.11558285984
2025-07-02,1299152.5196509042,99304.65567696001,42611.12821410643,48653.857484258944,108582.87827557884
2025-07-03,1297367.756198888,99529.3603249006,41500.14925964619,47701.72756985156,108636.5190444896
2025-07-07,1297845.5754732783,98747.21524147433,43010.42665832513,47368.284656363656,108719.64891711506
2025-07-08,1299722.111525251,98515.25404041912,43814.74619457126,48578.50889560906,108813.60239465162
2025-07-09,1299386.853371969,98510.0483241491,43647.6933398589,48362.20620462706,108866.90550333378
2025-07-10,1299633.317128004,98916.74906041054,43627.46801655425,48205.78807142202,108883.31197961723
2025-07-11,1301127.308479754,98643.51944053709,44035.30760003859,49464.62079896708,108983.86064021126
2025-07-14,1298499.5615750276,98188.43614690541,44099.68005815323,47168.39548758883,109043.04988238029
2025-07-15,1298246.6671439863,97091.17324620695,44197.79325595265,47735.83597294567,109221.86466888105
2025-07-16,1298706.3467760142,97220.71904308512,44539.34371664829,47797.084700904554,109149.19931537635
2025-07-17,1298566.8240633514,97420.97225355636,44750.94596757332,47587.981740913354,108806.92410130845
2025-07-18,1291513.2285179775,97541.56407671841,42301.18938281515,43055.589228161145,108614.88583028293
2025-07-21,1291170.3076131106,97541.56407671841,42301.18938281515,42001.36840481218,109326.18574876501
2025-07-22,1290242.2354186606,97541.56407671841,42301.18938281515,41660.99017473927,108738.49178438773
2025-07-23,1288992.0415862899,97541.56407671841,42301.18938281515,41612.79340719117,107536.49471956515
2025-07-24,1287825.1239507087,97541.56407671841,42301.18938281515,41118.3355360321,106864.034955143
2025-07-25,1288382.0601667385,97541.56407671841,42301.18938281515,41517.343073553755,107021.96363365115
2025-07-28,1289136.0881033323,97541.56407671841,42301.18938281515,40627.67493276938,108665.65971102938
2025-07-29,1289562.9956425077,97541.56407671841,42301.18938281515,41187.26864702918,108532.97353594494
2025-07-30,1289697.3383710282,97541.56407671841,42301.18938281515,40997.67094711051,108856.913964384
2025-07-31,1290060.5931156944,97541.56407671841,42301.18938281515,41941.56628864154,108276.27336751926
2025-08-01,1287485.6965038371,97541.56407671841,42301.18938281515,39789.887649485725,107853.05539481784
2025-08-04,1287608.9199624658,97541.56407671841,42301.18938281515,39621.6946330755,108144.47186985658
2025-08-05,1287682.9751904132,97541.56407671841,42301.18938281515,39797.96326682798,108042.25846405164
2025-08-06,1288143.2395211845,97541.56407671841,42301.18938281515,40679.33257069776,107621.15349095315
2025-08-07,1286818.869489078,97541.56407671841,42301.18938281515,41588.552082083304,105387.56394746108
2025-08-08,1287208.798428997,97541.56407671841,42301.18938281515,42936.523572692065,104429.5213967713
2025-08-11,1287128.517135569,97541.56407671841,42301.18938281515,41320.21111798019,105965.55255805515
2025-08-12,1288114.435300941,97541.56407671841,42301.18938281515,42289.264411664684,105982.41742974287
2025-08-13,1288817.3851477348,97541.56407671841,42301.18938281515,41143.57357008301,107831.0581181182
2025-08-14,1288794.0993353005,97541.56407671841,42301.18938281515,40782.35179815779,108168.99407760915
2025-08-15,1284666.2881377307,97541.56407671841,42301.18938281515,36290.12296349334,108533.41171470378
2025-08-18,1284124.0249719187,97541.56407671841,42301.18938281515,35455.93378140766,108825.33773097745
2025-08-19,1283856.6489061797,97541.56407671841,42301.18938281515,35174.77537920466,108839.12006744137
2025-08-20,1282525.1281392411,97541.56407671841,42301.18938281515,33970.69468068867,108711.67999901902
2025-08-21,1281757.3362091351,97541.56407671841,42301.18938281515,33025.89073892264,108888.69201067905
2025-08-22,1283651.2931315037,97541.56407671841,42301.18938281515,35161.34451589966,108647.19515607064
2025-08-25,1283245.5681847136,97541.56407671841,42301.18938281515,34321.73303682718,109081.08168835286
2025-08-26,1283563.38284792,97541.56407671841,42301.18938281515,34362.452238446334,109358.17714994005
2025-08-27,1283162.2199309776,97541.56407671841,42301.18938281515,33792.4329345671,109527.03353687678
2025-08-28,1283601.951538461,97541.56407671841,42301.18938281515,34050.159381809994,109709.03869711747
2025-08-29,1283711.2914420888,97541.56407671841,42301.18938281515,34171.97206038772,109696.56592216762
2025-09-02,1282439.1268066298,97541.56407671841,42301.18938281515,32262.696273534675,110333.67707356159
2025-09-03,1283798.0070338962,97541.56407671841,42301.18938281515,33995.02731648367,109960.22625787882
2025-09-04,1284398.5624287422,97541.56407671841,42301.18938281515,34513.731069102534,110042.07790010609
2025-09-05,1285902.5524841025,97541.56407671841,42301.18938281515,36507.27880582772,109552.52021874115
2025-09-08,1284841.7733760625,97541.56407671841,42301.18938281515,35399.46563808597,109599.55427844287
2025-09-09,1286265.585128365,97541.56407671841,42301.18938281515,36148.41450063349,110274.41716819815
2025-09-10,1287398.8440654748,97541.56407671841,42301.18938281515,42758.45179464272,104797.63881129841
2025-09-11,1287096.5514793557,97541.56407671841,42301.18938281515,40773.54217041668,106480.25584940542
2025-09-12,1288483.4496808094,97541.56407671841,42301.18938281515,41635.11536034092,107005.58086093492
2025-09-15,1286950.526140704,97541.56407671841,42301.18938281515,40793.741959275096,106314.0307218954
2025-09-16,1287221.3908238774,97541.56407671841,42301.18938281515,40726.15857145691,106652.47879288695
2025-09-17,1289642.2805604744,97541.56407671841,42301.18938281515,42467.00401786971,107332.52308307122
2025-09-18,1294967.6808951278,97541.56407671841,42301.18938281515,46425.608723360114,108699.31871223426
2025-09-19,1292874.0109549067,97541.56407671841,42301.18938281515,43837.54776265833,109193.70973271481
2025-09-22,1290502.654681691,97541.56407671841,42301.18938281515,41423.600899508456,109236.30032264907
2025-09-23,1290723.5219684571,97541.56407671841,42301.18938281515,41445.348307489534,109435.42020143406
2025-09-24,1292017.611977519,97541.56407671841,42301.18938281515,42601.655477199936,109573.20304078539
2025-09-25,1293056.0850120587,97541.56407671841,42301.18938281515,43643.14551933599,109570.18603318906
2025-09-26,1294414.4718942475,97541.56407671841,42301.18938281515,44970.96650961309,109600.7519251008
2025-09-29,1293800.0659681964,97541.56407671841,42301.18938281515,44114.98980010231,109842.32270856062
2025-09-30,1293973.9127129707,97541.56407671841,42301.18938281515,44265.267302502296,109865.89195093489
2025-10-01,1295241.6684802985,97541.56407671841,42301.18938281515,45785.460964886355,109613.45405587857
2025-10-02,1295253.1747190254,97541.56407671841,42301.18938281515,45772.481207636185,109637.94005185552
2025-10-03,1295990.6857852056,97541.56407671841,42301.18938281515,46522.692526662606,109625.2397990094
2025-10-06,1298434.91853379,97541.56407671841,42301.18938281515,48865.71141918842,109726.45365506806
2025-10-07,1299201.627915434,97541.56407671841,42301.18938281515,49496.60108520114,109862.27337069949
2025-10-08,1302005.3153443565,97541.56407671841,42301.18938281515,52676.75721269357,109485.80467212922
2025-10-09,1302239.9029498096,97541.56407671841,42301.18938281515,52633.70981287584,109763.43967740028
2025-10-10,1296124.17211906,97541.56407671841,42301.18938281515,46577.60744407191,109703.81121545471
2025-10-13,1296049.3093398903,97541.56407671841,42301.18938281515,46423.114272990846,109783.44160736585
2025-10-14,1296130.9215036219,97541.56407671841,42301.18938281515,46102.56805822218,110185.59998586611
2025-10-15,1296694.5681543914,97541.56407671841,42301.18938281515,46651.26872760127,110200.54596725642
2025-10-16,1295951.1178295603,97541.56407671841,42301.18938281515,46677.10147780704,109431.2628922197
2025-10-17,1295994.0491470029,97541.56407671841,42301.18938281515,46719.90890751593,109431.3867799535
2025-10-20,1296596.0058299415,97541.56407671841,42301.18938281515,46719.90890751593,110033.34346289211
2025-10-21,1296596.5232832264,97541.56407671841,42301.18938281515,46719.90890751593,110033.86091617681
2025-10-22,1296488.5392259853,97541.56407671841,42301.18938281515,46719.90890751593,109925.87685893592
2025-10-23,1296080.10323267,97541.56407671841,42301.18938281515,46719.90890751593,109517.44086562074
2025-10-24,1295971.807514891,97541.56407671841,42301.18938281515,46719.90890751593,109409.14514784166
2025-10-27,1297004.139762769,97541.56407671841,42301.18938281515,46719.90890751593,110441.47739571938
2025-10-28,1298465.6445838846,97541.56407671841,42301.18938281515,46719.90890751593,111902.98221683525
2025-10-29,1297943.1855537505,97541.56407671841,42301.18938281515,46719.90890751593,111380.52318670112
2025-10-30,1297783.195591888,97541.56407671841,42301.18938281515,46719.90890751593,111220.53322483832
2025-10-31,1297367.1665703342,97541.56407671841,42301.18938281515,46719.90890751593,110804.50420328486
2025-11-03,1297396.802192201,97541.56407671841,42301.18938281515,46719.90890751593,110834.13982515153
2025-11-04,1300041.102549232,97541.56407671841,42301.18938281515,46719.90890751593,113478.44018218247
2025-11-05,1298959.8032113747,97541.56407671841,42301.18938281515,46719.90890751593,112397.1408443253
2025-11-06,1297926.2117121676,97541.56407671841,42301.18938281515,46719.90890751593,111363.549345118
2025-11-07,1299553.032398393,97541.56407671841,42301.18938281515,46719.90890751593,112990.37003134354
2025-11-10,1299079.156262022,97541.56407671841,42301.18938281515,46719.90890751593,112516.4938949726
2025-11-11,1299674.0616746042,97541.56407671841,42301.18938281515,46719.90890751593,113111.39930755482
2025-11-12,1299983.9599056514,97541.56407671841,42301.18938281515,46719.90890751593,113421.2975386018
2025-11-13,1301570.3431192762,97541.56407671841,42301.18938281515,46719.90890751593,115007.68075222685
2025-11-14,1303027.932299099,97541.56407671841,42301.18938281515,46719.90890751593,116465.26993204956
2025-11-17,1303912.7443380193,97541.56407671841,42301.18938281515,46719.90890751593,117350.08197096968
2025-11-18,1302763.5721432092,97541.56407671841,42301.18938281515,46719.90890751593,116200.90977615956
2025-11-19,1302455.8575845738,97541.56407671841,42301.18938281515,46719.90890751593,115893.19521752442
2025-11-20,1299734.6554457247,97541.56407671841,42301.18938281515,46719.90890751593,113171.99307867535
2025-11-21,1299876.025985668,97541.56407671841,42301.18938281515,46719.90890751593,113313.36361861858
2025-11-24,1299696.6072797598,97541.56407671841,42301.18938281515,46719.90890751593,113133.94491271023
2025-11-25,1299505.0510660452,97541.56407671841,42301.18938281515,46719.90890751593,112942.38869899581
2025-11-26,1299168.412228791,97541.56407671841,42301.18938281515,46719.90890751593,112605.74986174167
2025-11-28,1299002.8203083049,97541.56407671841,42301.18938281515,46719.90890751593,112440.15794125549
2025-12-01,1299676.7672899398,97541.56407671841,42301.18938281515,46719.90890751593,113114.1049228902
2025-12-02,1299704.048580728,97541.56407671841,42301.18938281515,46719.90890751593,113141.38621367863
2025-12-03,1299662.1164478525,97541.56407671841,42301.18938281515,46719.90890751593,113099.45408080309
2025-12-04,1299879.9748840025,97541.56407671841,42301.18938281515,46719.90890751593,113317.31251695286
2025-12-05,1298914.635228856,97541.56407671841,42301.18938281515,46719.90890751593,112351.97286180663
2025-12-08,1298787.1206835737,97541.56407671841,42301.18938281515,46719.90890751593,112224.45831652428
2025-12-09,1298428.181857456,97541.56407671841,42301.18938281515,46719.90890751593,111865.51949040662
2025-12-10,1297854.5202087876,97541.56407671841,42301.18938281515,46719.90890751593,111291.85784173827
2025-12-11,1298970.2964520352,97541.56407671841,42301.18938281515,46719.90890751593,112407.63408498559
2025-12-12,1300257.283705249,97541.56407671841,42301.18938281515,46719.90890751593,113694.62133819936
2025-12-15,1301094.536513696,97541.56407671841,42301.18938281515,46719.90890751593,114531.87414664659
2025-12-16,1301731.9399416582,97541.56407671841,42301.18938281515,46719.90890751593,115169.2775746088
2025-12-17,1301261.791765512,97541.56407671841,42301.18938281515,46719.90890751593,114699.12939846236
2025-12-18,1300653.3571425597,97541.56407671841,42301.18938281515,46719.90890751593,114090.69477551035
2025-12-19,1300841.476398347,97541.56407671841,42301.18938281515,46719.90890751593,114278.81403129757
2025-12-22,1300413.134318575,97541.56407671841,42301.18938281515,46290.21312944533,114280.16772959614
2025-12-23,1299416.065007775,97541.56407671841,42301.18938281515,45290.24505656434,114283.0664916772
2025-12-24,1299172.5489704655,97541.56407671841,42301.18938281515,45036.492919311975,114293.30259162001
2025-12-26,1298344.758764746,97541.56407671841,42301.18938281515,44187.23929938197,114314.76600583037
2025-12-29,1298162.8061888318,97541.56407671841,42301.18938281515,43994.74990253302,114325.30282676523
2025-12-30,1298043.749147539,97541.56407671841,42301.18938281515,43893.15549669508,114307.84019131027
2025-12-31,1297575.8975900547,97541.56407671841,42301.18938281515,43405.818601608975,114327.32552891201
2026-01-02,1299588.2991633764,97541.56407671841,42301.18938281515,45373.96671008039,114371.57899376261
2026-01-05,1298801.367327605,97541.56407671841,42301.18938281515,44539.94851573184,114418.66535233939
2026-01-06,1299856.5127090034,97541.56407671841,42301.18938281515,45560.0546754899,114453.70457398007
2026-01-07,1300733.6160411763,97541.56407671841,42301.18938281515,46427.134256767924,114463.72832487477
2026-01-08,1300739.6713215965,97541.56407671841,42301.18938281515,46431.38303824118,114465.53482382186
2026-01-09,1302671.6043645302,97541.56407671841,42301.18938281515,48375.05168427189,114453.79922072473
2026-01-12,1302579.893290421,97541.56407671841,42301.18938281515,48285.09083172935,114452.0489991582
2026-01-13,1307876.946203549,97541.56407671841,42301.18938281515,53562.8347308205,114471.35801319475
2026-01-14,1308736.1899636239,97541.56407671841,42301.18938281515,54361.32255581184,114532.1139482786
2026-01-15,1310078.0947520044,97541.56407671841,42301.18938281515,55798.99900337681,114436.34228909388
2026-01-16,1310056.5738289002,97541.56407671841,42301.18938281515,55819.98522373475,114393.8351456318
2026-01-20,1308290.470610139,97541.56407671841,42301.18938281515,53331.52209109953,115116.19505950599
2026-01-21,1311390.2819658197,97541.56407671841,42301.18938281515,56084.23628419312,115463.29222209286
2026-01-22,1311874.4538090168,97541.56407671841,42301.18938281515,57285.62305394048,114746.07729554293
2026-01-23,1310397.6094908994,97541.56407671841,42301.18938281515,55919.61356728757,114635.24246407812
2026-01-26,1308086.4822689383,97541.56407671841,42301.18938281515,52720.27155529475,115523.45725411014
2026-01-27,1309816.2795642423,97541.56407671841,42301.18938281515,54456.04922268959,115517.47688201931
2026-01-28,1309375.3001841372,97541.56407671841,42301.18938281515,54787.061800144846,114745.4849244589
2026-01-29,1309894.4613861302,97541.56407671841,42301.18938281515,56728.6871356559,113323.02079094085
2026-01-30,1309270.5769100008,97541.56407671841,42301.18938281515,56489.553137316136,112938.27031315095
2026-02-02,1311013.7912529763,97541.56407671841,42301.18938281515,57238.317125700414,113932.72066774243
2026-02-03,1307741.634755631,97541.56407671841,42301.18938281515,57194.210273727775,110704.67102236976
2026-02-04,1307541.890032608,97541.56407671841,42301.18938281515,59646.57674406911,108052.55982900527
2026-02-05,1302247.1343819438,97541.56407671841,42301.18938281515,57395.861187797505,105008.51973461267
2026-02-06,1307493.325210786,97541.56407671841,42301.18938281515,61561.97852751333,106088.59322373895
2026-02-09,1309265.1537625394,97541.56407671841,42301.18938281515,60993.00338419713,108429.39691880881
2026-02-10,1310197.0937090185,97541.56407671841,42301.18938281515,61213.31321822014,109141.02703126497
2026-02-11,1306600.224724045,97541.56407671841,42301.18938281515,61743.81548545137,105013.65577906021
2026-02-12,1302790.4288319875,97541.56407671841,42301.18938281515,60590.73030198971,102356.94507046416
2026-02-13,1304106.49925545,97541.56407671841,42301.18938281515,61189.7899721514,103073.95582376514
2026-02-17,1303329.8160728863,97541.56407671841,42301.18938281515,59082.93926323205,104404.12335012085
2026-02-18,1305545.3389740163,97541.56407671841,42301.18938281515,59327.88556435751,106374.69995012507
2026-02-19,1304518.4996542758,97541.56407671841,42301.18938281515,59261.477403864264,105414.26879087812
2026-02-20,1305129.8206151146,97541.56407671841,42301.18938281515,59496.231811040314,105790.83534454089
2026-02-23,1305280.7710290872,97541.56407671841,42301.18938281515,59496.231811040314,105941.78575851326
2026-02-24,1305380.339388853,97541.56407671841,42301.18938281515,59496.231811040314,106041.35411827918
2026-02-25,1305148.2731148521,97541.56407671841,42301.18938281515,59496.231811040314,105809.28784427838
2026-02-26,1305474.125215339,97541.56407671841,42301.18938281515,59496.231811040314,106135.13994476525
2026-02-27,1305661.1635446935,97541.56407671841,42301.18938281515,59496.231811040314,106322.1782741195
2026-03-02,1306032.1209054482,97541.56407671841,42301.18938281515,59496.231811040314,106693.13563487423
2026-03-03,1306062.1072276817,97541.56407671841,42301.18938281515,59496.231811040314,106723.12195710791
2026-03-04,1306341.3357160804,97541.56407671841,42301.18938281515,59496.231811040314,107002.35044550663
2026-03-05,1305816.465910568,97541.56407671841,42301.18938281515,59496.231811040314,106477.48063999391
2026-03-06,1305794.2496767715,97541.56407671841,42301.18938281515,59496.231811040314,106455.26440619747
2026-03-09,1306239.8249505288,97541.56407671841,42301.18938281515,59496.231811040314,106900.8396799548
2026-03-10,1306476.2354052155,97541.56407671841,42301.18938281515,59496.231811040314,107137.25013464177
2026-03-11,1305909.7047178675,97541.56407671841,42301.18938281515,59496.231811040314,106570.71944729355
2026-03-12,1306008.1002489924,97541.56407671841,42301.18938281515,59496.231811040314,106669.11497841869
2026-03-13,1306588.8791330587,97541.56407671841,42301.18938281515,59496.231811040314,107249.89386248472
2026-03-16,1307069.6812449535,97541.56407671841,42301.18938281515,59496.231811040314,107730.69597437978
2026-03-17,1307066.1911349734,97541.56407671841,42301.18938281515,59496.231811040314,107727.20586439967
2026-03-18,1306415.3063636548,97541.56407671841,42301.18938281515,59496.231811040314,107076.3210930808
2026-03-19,1306996.8568535703,97541.56407671841,42301.18938281515,59496.231811040314,107657.87158299657
2026-03-20,1307009.5376662575,97541.56407671841,42301.18938281515,59496.231811040314,107670.55239568371
2026-03-23,1306596.794338239,95775.9690932997,43602.60248141782,59496.231811040314,107721.99095248105
2026-03-24,1308565.8552495427,97462.32197447214,43935.65316824603,59496.231811040314,107671.64829578437
2026-03-25,1309601.6562451741,97719.43600621633,44707.41033688001,59496.231811040314,107678.57809103746
2026-03-26,1312000.693889054,100492.55738811381,44249.13404032576,59496.231811040314,107762.770649574
2026-03-27,1310350.9480231507,101107.8191133854,42081.20630013512,59496.231811040314,107665.69079858973
2026-03-30,1313762.4383604475,102260.60835934151,44100.16109032708,59496.231811040314,107905.43709973875
2026-03-31,1316480.3169040764,104514.66812894703,44671.8723079972,59496.231811040314,107797.54465609184
2026-04-01,1316011.9216501252,104523.14688373101,44165.19626934384,59496.231811040314,107827.34668601002
2026-04-02,1317415.3486444508,105130.49028569227,45062.70563993009,59496.231811040314,107725.92090778821
2026-04-06,1316461.0580817363,103869.58266663318,45301.04264305218,59496.231811040314,107794.20096101053
2026-04-07,1314024.7060651444,102739.26281908737,44004.269455180154,59496.231811040314,107784.94197983644
2026-04-08,1317812.9359611543,105894.22091724607,44809.16669149918,59496.231811040314,107613.31654136861
2026-04-09,1318895.6830063094,107707.493461465,44477.0151800731,59496.231811040314,107214.94255373115
2026-04-10,1319363.6742586982,108043.39194482518,44954.351829693886,59496.231811040314,106869.69867313886
2026-04-13,1315699.150766205,106400.59386863,42547.47145954927,59496.231811040314,107254.85362698534
2026-04-14,1316798.7575179213,107807.12883699057,42587.53267584334,59496.231811040314,106907.86419404717
2026-04-15,1319515.983507687,110274.6962786552,42670.16118558496,59496.231811040314,107074.89423240651
2026-04-16,1319690.8073525555,110254.08889283752,42700.51603377878,59496.231811040314,107239.97061489872
2026-04-17,1325585.7370368994,112564.04600174166,45189.426714281784,59496.231811040314,108336.03250983567
2026-04-20,1323806.3234835581,112564.04600174166,45189.426714281784,56795.19750210154,109257.65326543315
2026-04-21,1324853.2805873733,112564.04600174166,45189.426714281784,57769.71499445941,109330.09287689044
2026-04-22,1329111.1943023938,112564.04600174166,45189.426714281784,62391.02432140685,108966.69726496353
2026-04-23,1325145.1229944665,112564.04600174166,45189.426714281784,60358.52739057038,107033.12288787263
2026-04-24,1329352.1436810314,112564.04600174166,45189.426714281784,64898.789595780894,106699.88136922708
2026-04-27,1330221.4357991936,112564.04600174166,45189.426714281784,64204.19644418056,108263.76663898956
2026-04-28,1331742.6160880884,112564.04600174166,45189.426714281784,64570.467863642145,109418.67550842278
2026-04-29,1331965.4049412163,112564.04600174166,45189.426714281784,65545.1268751712,108666.80535002169
2026-04-30,1332739.1815667853,112564.04600174166,45189.426714281784,67916.89360939316,107068.81524136872
2026-05-01,1332148.6625619454,112564.04600174166,45189.426714281784,68307.3960247382,106087.79382118373
2026-05-04,1332420.11584687,112564.04600174166,45189.426714281784,67173.30904335575,107493.3340874908
2026-05-05,1332773.0851930175,112564.04600174166,45189.426714281784,68871.8308294143,106147.78164757974
2026-05-06,1330438.9554418812,112564.04600174166,45189.426714281784,67767.86277571786,104917.6199501399
2026-05-07,1331645.4543341582,112564.04600174166,45189.426714281784,68088.55460708239,105803.42701105238
2026-05-08,1330329.6087330354,112564.04600174166,45189.426714281784,69588.5448876305,102987.59112938144
2026-05-11,1325187.193995447,112564.04600174166,45189.426714281784,68379.98740557674,99053.73387384671
2026-05-12,1329795.7935710952,112564.04600174166,45189.426714281784,68679.53441956779,103362.78643550398
2026-05-13,1326513.8358106648,112564.04600174166,45189.426714281784,68683.30972963874,100077.05336500262
2026-05-14,1327247.7559431663,112564.04600174166,45189.426714281784,67800.07589733531,101694.20732980757
2026-05-15,1326681.0355521496,112564.04600174166,45189.426714281784,66036.73428280232,102890.82855332387
2026-05-18,1325424.217644498,112564.04600174166,45189.426714281784,64555.21293351683,103115.53199495771
2026-05-19,1325416.4791328455,112564.04600174166,45189.426714281784,64462.50921304221,103200.49720377987
2026-05-20,1325884.4084541644,112564.04600174166,45189.426714281784,65013.59392874269,103117.34180939826
2026-05-21,1326200.5660064456,112564.04600174166,45189.426714281784,65221.53115752828,103225.56213289383
2026-05-22,1325388.5664850308,112564.04600174166,45189.426714281784,65250.40271414793,102384.69105485943
2026-05-26,1325476.5475580539,112564.04600174166,45189.426714281784,64741.1403220722,102981.93451995822
2026-05-27,1327026.7167115828,112564.04600174166,45189.426714281784,66019.99727737159,103253.24671818782
2026-05-28,1327893.3539626661,112564.04600174166,45189.426714281784,67156.03423555708,102983.8470110856
2026-05-29,1326426.7917474327,112564.04600174166,45189.426714281784,70723.54508405318,97949.77394735604
2026-06-01,1326224.0410995542,112564.04600174166,45189.426714281784,73944.3530251137,94526.21535841702
2026-06-02,1328956.4415547808,112564.04600174166,45189.426714281784,75009.85275486344,96193.11608389392
2026-06-03,1332226.1964792882,112564.04600174166,45189.426714281784,76568.89242966613,97903.83133359859
2026-06-04,1334136.6033736255,112564.04600174166,45189.426714281784,77943.63920846442,98439.49144913768
2026-06-05,1331635.9961185532,112564.04600174166,45189.426714281784,74428.61895811721,99453.90444441256
2026-06-08,1330930.4261680956,112564.04600174166,45189.426714281784,72803.98220114503,100372.97125092708
2026-06-09,1331547.9902076884,112564.04600174166,45189.426714281784,72818.39157315483,100976.12591851014
2026-06-10,1330711.1357815906,112564.04600174166,45189.426714281784,72330.34139038948,100627.32167517766
2026-06-11,1333170.6323281948,112564.04600174166,45189.426714281784,75233.2678393072,100183.89177286415
2026-06-12,1334718.5667288755,112564.04600174166,45189.426714281784,76747.74386347854,100217.35014937352
2026-06-15,1336087.5765451945,112564.04600174166,45189.426714281784,77339.49893110478,100994.60489806626
2026-06-16,1335258.345078083,112564.04600174166,45189.426714281784,76742.47522281227,100762.39713924727
2026-06-17,1329613.3532517084,112564.04600174166,45189.426714281784,71807.55478538317,100052.32575030182
2026-06-18,1333482.193479649,112564.04600174166,45189.426714281784,75398.40669600363,100330.31406762195
2026-06-22,1331849.1041036125,112564.04600174166,45189.426714281784,73651.17504223762,100444.45634535141
2026-06-23,1329820.0116460398,112564.04600174166,45189.426714281784,71793.5965430357,100272.94238698063
2026-06-24,1328960.385040527,112564.04600174166,45189.426714281784,71106.66265481315,100100.24966969038
2026-06-25,1330519.079741513,112564.04600174166,45189.426714281784,72701.21686183475,100064.3901636547
2026-06-26,1332614.2868253386,112564.04600174166,45189.426714281784,75259.61623985996,99601.19786945521
2026-06-29,1332675.2677911918,112564.04600174166,45189.426714281784,74623.63706488372,100298.15801028465
2026-06-30,1334154.2670893713,112564.04600174166,45189.426714281784,75710.27280809218,100690.52156525571
2026-07-01,1334901.5927466871,112564.04600174166,45189.426714281784,76738.05927904951,100410.06075161416
2026-07-02,1333997.1568466127,112564.04600174166,45189.426714281784,76360.24134752434,99883.44278306491
2026-07-06,1333467.9722544362,112564.04600174166,45189.426714281784,75176.51364534209,100537.9858930707
2026-07-07,1333198.2684541373,112564.04600174166,45189.426714281784,75416.8828037763,100027.91293433751
2026-07-08,1332918.6594657253,112564.04600174166,45189.426714281784,74733.43064812385,100431.75610157801
2026-07-09,1334237.2595873578,112564.04600174166,45189.426714281784,75576.4591345673,100907.32773676701
2026-07-10,1335874.704754247,112564.04600174166,45189.426714281784,76938.00048108259,101183.23155714106
2026-07-13,1335545.0174569709,112564.04600174166,45189.426714281784,76863.82643540413,100927.7183055433
2026-07-14,1337091.265842178,112564.04600174166,45189.426714281784,77503.32374512451,101834.46938102995
2026-07-15,1339000.847167761,112564.04600174166,45189.426714281784,78077.45614032284,103169.91831141477
2026-07-16,1337324.3068053804,112564.04600174166,45189.426714281784,76732.15689315926,102838.67719619768
2026-07-17,1336178.2553071047,112564.04600174166,45189.426714281784,76455.7310791274,101969.05151195382
2026-07-20,1335528.8541919703,112564.04600174166,45189.426714281784,74683.81316272309,103091.56831322378
2026-07-21,1339253.5021010733,112564.04600174166,45189.426714281784,79393.88721454679,102106.14217050304
2026-07-22,1337347.111715974,112564.04600174166,45189.426714281784,76898.48097754922,102695.15802240139
2026-07-23,1336472.3147912829,112564.04600174166,45189.426714281784,76340.42205433757,102378.42002092185
2026-07-24,1333291.5369629127,112564.04600174166,45189.426714281784,71607.75947525701,103930.30477163219
2026-07-27,1335077.9749014091,112564.04600174166,45189.426714281784,70575.90719392989,106748.59499145579
2026-07-28,1336614.4397654955,112564.04600174166,45189.426714281784,72784.51007863414,106076.4569708379
2026-07-29,1337682.5537665612,112564.04600174166,45189.426714281784,74003.39910870232,105925.68194183544
2026-07-30,1335835.3688931419,112564.04600174166,45189.426714281784,71257.3954959861,106824.50068113231
2026-07-31,1339801.8526877407,112564.04600174166,45189.426714281784,74731.83729721233,107316.54267450492
2026-08-03,1339558.0528767786,112564.04600174166,45189.426714281784,73050.52080579544,108754.05935495975
2026-08-04,1335400.9837219596,112564.04600174166,45189.426714281784,69977.73797182529,107669.7730341109
2026-08-05,1336121.6923898617,112564.04600174166,45189.426714281784,69670.64980688924,108697.569866949
2026-08-06,1336202.7721003885,112564.04600174166,45189.426714281784,70276.47257211711,108172.82681224798
2026-08-07,1336645.027189584,112564.04600174166,45189.426714281784,71123.95284239273,107767.60163116781
2026-08-10,1335541.2607644491,112564.04600174166,45189.426714281784,69550.8674291044,108236.92061932129
2026-08-11,1334918.1492336858,112564.04600174166,45189.426714281784,69404.85226075747,107759.82425690489
2026-08-12,1334790.5229039926,112564.04600174166,45189.426714281784,69096.46534522041,107940.5848427487
2026-08-13,1336033.5547910144,112564.04600174166,45189.426714281784,68325.12808271637,109954.95399227459
2026-08-14,1337410.179102928,112564.04600174166,45189.426714281784,69034.26815744792,110622.43822945654
2026-08-17,1335186.9754634846,112564.04600174166,45189.426714281784,66220.97424335196,111212.52850410924
2026-08-18,1337438.700579983,112564.04600174166,45189.426714281784,66449.00363719254,113236.22422676696
2026-08-19,1337200.16609207,112564.04600174166,45189.426714281784,68676.13850304554,110770.55487300106
2026-08-20,1339857.040648707,112564.04600174166,45189.426714281784,67951.8397172396,114151.7282154439
2026-08-21,1339745.4480524457,112564.04600174166,45189.426714281784,69366.88197060954,112625.09336581267
2026-08-24,1337891.7817343664,112564.04600174166,45189.426714281784,67429.78268066538,112708.52633767761
2026-08-25,1337552.3938750743,112564.04600174166,45189.426714281784,67088.47145364992,112710.44970540097
2026-08-26,1337279.3859331126,112564.04600174166,45189.426714281784,66782.77874694322,112743.13447014592
2026-08-27,1340225.655740918,112564.04600174166,45189.426714281784,69784.87521901238,112687.30780588207
2026-08-28,1341335.8958526144,112564.04600174166,45189.426714281784,70751.86226286273,112830.56087372825
2026-08-31,1340288.1984601736,112564.04600174166,45189.426714281784,69666.75151437009,112867.97422978003
2026-09-01,1340157.9536838182,112564.04600174166,45189.426714281784,69366.1637628479,113038.31720494688
2026-09-02,1340620.1963542025,112564.04600174166,45189.426714281784,69905.51847651717,112961.20516166184
2026-09-03,1340598.4685265436,112564.04600174166,45189.426714281784,69790.83081201673,113054.1649985034
2026-09-04,1341553.4650618655,112564.04600174166,45189.426714281784,70693.13574298075,113106.85660286131
2026-09-08,1339797.640170691,112564.04600174166,45189.426714281784,68634.71945051267,113409.44800415495
2026-09-09,1339429.6223543189,112564.04600174166,45189.426714281784,68206.1665194463,113469.98311884911
2026-09-10,1337637.3032417519,112564.04600174166,45189.426714281784,66293.67348952265,113590.15703620575
2026-09-11,1339614.2273823498,112564.04600174166,45189.426714281784,68350.45936815324,113510.29529817309
2026-09-14,1340083.3405486885,112564.04600174166,45189.426714281784,68660.0962622494,113669.7715704157
2026-09-15,1339844.560172863,112564.04600174166,45189.426714281784,68481.94827258121,113609.13918425841
2026-09-16,1339968.6307067568,112564.04600174166,45189.426714281784,68547.33759548375,113667.82039524964
2026-09-17,1342283.3118721645,112564.04600174166,45189.426714281784,70631.85180472769,113897.98735141335
2026-09-18,1342792.191082913,112564.04600174166,45189.426714281784,70581.63623362617,114457.08213326335
2026-09-21,1342188.310100315,112564.04600174166,45189.426714281784,69924.06701535173,114510.77036893973
2026-09-22,1344570.934636456,112564.04600174166,45189.426714281784,72286.3100407701,114531.15187966242
2026-09-23,1345611.402966743,112564.04600174166,45189.426714281784,73308.25628793356,114549.6739627861
2026-09-24,1347064.935997438,112564.04600174166,45189.426714281784,74727.62321742997,114583.8400639845
2026-09-25,1344335.5784224474,112564.04600174166,45189.426714281784,71970.69907643343,114611.40662999055
2026-09-28,1342238.1407063839,112564.04600174166,45189.426714281784,69779.64047003514,114705.02752032527
2026-09-29,1341780.081160583,112564.04600174166,45189.426714281784,69281.97124967189,114744.63719488773
2026-09-30,1340981.8718113485,112564.04600174166,45189.426714281784,68506.71182745625,114721.68726786878
2026-10-01,1341823.5710204756,112564.04600174166,45189.426714281784,69348.47600949649,114721.62229495565
2026-10-02,1343802.399268341,112564.04600174166,45189.426714281784,71154.09597630892,114894.83057600865
