Date,ES,short ATM put (PUT),short ATM put + long 30d call,short 25d put + long 25d call (RXM),covered call overlay (BXMD) + ES
2007-02-16,0.0,0.0,0.0,0.0,0.0
2007-02-20,1918.5283321057068,1505.8158007300226,1888.2215567639796,1555.8876478362363,1451.2567414693622
2007-02-21,1298.0658873935624,1194.5277569046011,991.085473600775,719.4395499957027,1416.642336095001
2007-02-22,334.5359628983413,1006.5921829604777,501.2557798472699,531.5039760515792,755.0065314091614
2007-02-23,-3785.742963701155,-54.616113848867826,-1189.5812792417128,-510.6609269521432,-2735.643632910814
2007-02-26,-4886.839787846653,-204.6634779283777,-1503.3642340892693,-841.0399816017598,-3673.004866288149
2007-02-27,-44003.373442420554,-26447.346584836137,-28652.34706329333,-23127.307549292454,-41883.23879856575
2007-02-28,-34399.60021552823,-20285.51294329192,-22793.054814566276,-17652.436079161125,-31976.924178856265
2007-03-01,-37490.906828257954,-22390.96175996971,-24973.76833917969,-19200.944702009903,-34992.96608365036
2007-03-02,-50325.831884819425,-32241.651279723737,-34761.609450994525,-28263.20181748562,-47890.739548151025
2007-03-05,-59592.93175372493,-39709.97130193352,-42328.360444458085,-35158.386286427616,-57059.40844580287
2007-03-06,-43675.99728520288,-26961.076865381678,-29664.67191816005,-22517.96605854144,-41057.2680670269
2007-03-07,-44846.21443553616,-29152.107822182938,-31851.296016160864,-24572.81853235385,-42231.89207616062
2007-03-08,-36958.72311671011,-22810.168167039985,-25524.718615872436,-18465.449340362917,-34329.03850248005
2007-03-09,-36892.61067663319,-22552.427281706012,-25272.419247358805,-18021.083462651004,-34257.484545582665
2007-03-12,-35661.116151071816,-19845.875260865665,-22589.286421818542,-15219.824956916855,-33002.570824721326
2007-03-13,-54672.80330483848,-38087.47477883019,-40791.968439991586,-33298.808252064744,-52053.175478279474
2007-03-14,-47814.10819699727,-32305.70084908104,-35010.963920859154,-27507.963052591076,-45193.71095982143
2007-03-15,-46719.99937317683,-29665.708510413067,-32394.687825646834,-24865.005902139586,-44075.885892545455
2007-03-16,-49609.69425571837,-29806.814370911685,-32516.17940408585,-23171.188214996248,-46985.19505714648
2007-03-19,-37763.19644850867,-24774.79882037465,-25852.112353778677,-18133.86688831204,-36878.852426524296
2007-03-20,-32413.238761172302,-21893.09142077272,-22084.28789118037,-15718.550997282262,-32415.0118021843
2007-03-21,-15874.857133691854,-18112.048892527237,-10742.062018782832,-7126.708625769941,-23437.81351885591
2007-03-22,-16877.743880315043,-18397.781775628217,-10375.980321470764,-6522.401439824724,-25092.514845892263
2007-03-23,-15570.938087880677,-18263.19414500019,-9657.765342902043,-5756.443288316019,-24369.336401398476
2007-03-26,-17151.46401638179,-17561.64888683078,-9361.674983137636,-5815.14440903347,-25544.407431494583
2007-03-27,-19814.63882526413,-18414.496374274604,-13407.897012218484,-9334.05509582127,-25014.2076987399
2007-03-28,-27530.749066474345,-20821.736615525442,-19200.723589020083,-13499.765849488904,-29344.731604399356
2007-03-29,-26657.458655539365,-20227.843028579722,-17162.104657902615,-11731.485474178102,-29916.16653763624
2007-03-30,-26649.871486221888,-19946.814578880905,-18077.472806059755,-13197.048407318885,-28712.182770462805
2007-04-02,-25703.693383428592,-18365.28504358197,-16251.912995246705,-11735.700088126003,-28010.03494318351
2007-04-03,-14867.934501340387,-16764.243036128348,-10972.07312403305,-7849.037889438216,-20853.073924855336
2007-04-04,-13921.84339452329,-16228.80326748977,-10575.523116600234,-7681.289479214349,-19768.09305683236
2007-04-05,-11315.245391070202,-15820.48816501,-8223.355038859881,-5896.6782136760885,-19105.348028639855
2007-04-09,-10080.50464165533,-15275.350917243632,-7718.289787882939,-5373.289688995574,-17830.535282435558
2007-04-10,-9062.910352018225,-15003.975473956438,-6445.717777817976,-4639.743079011096,-17814.13755957634
2007-04-11,-13530.098310985064,-15231.205430380418,-11406.158237690805,-9144.998184921104,-17548.115015094212
2007-04-12,-9119.62065080829,-14940.356748797814,-7617.2462392468005,-6002.345949458773,-16635.700671778955
2007-04-13,-4564.660946159922,-14884.166663651238,-5292.492011720547,-3587.3388223111397,-14349.305109510264
2007-04-16,5188.380291270332,-14554.293160167173,4161.912698131637,5262.8991180735175,-13720.795078448129
2007-04-17,7793.9657717994705,-14547.060542655876,5883.674604118802,7095.743092587567,-12829.738886394858
2007-04-18,8884.662341234529,-14539.867150883074,6022.135093473364,7327.8148457829375,-11870.30941454156
2007-04-19,8386.555917963778,-14532.712993021123,4989.844155953731,6331.001833106624,-11328.970742430727
2007-04-20,18210.427489440022,-13782.636659099371,15670.399524617009,17234.548414176446,-11435.578205696125
2007-04-23,14234.36471552209,-14270.347977568279,14694.112535631051,16402.845386255765,-15006.880086693396
2007-04-24,14430.128743823218,-14429.217010867316,14255.488237004727,16045.919197177514,-14531.360793064865
2007-04-25,23372.704424681317,-11807.132282311679,19887.688857398694,20308.60284414387,-8598.901004045212
2007-04-26,24307.400722142997,-11344.89549900568,19623.542181877652,20028.592654094682,-6937.821247756492
2007-04-27,23291.784891788964,-10968.707890221965,19418.91783147212,19486.763272413984,-7372.625118921162
2007-04-30,14740.153686293339,-13822.71599980793,14893.005913761794,16234.700770417112,-14252.352516292423
2007-05-01,17088.186232292806,-12529.165654862998,15752.61569235276,17047.890203093993,-11470.37940393899
2007-05-02,22733.066845498033,-10213.090046437457,19832.847173868096,19616.50710895704,-7589.6546638235595
2007-05-03,27975.448980368863,-9101.1947839536,22452.187379181967,21615.328196827555,-3854.7174717828602
2007-05-04,31600.93140812748,-8486.285821938422,23488.014819284435,22413.001441308414,-650.1535221113008
2007-05-07,31594.16072852184,-7584.715703716385,24896.550791158108,23534.01097345422,-1163.8900553688072
2007-05-08,30040.26580568254,-7543.285605479963,24271.56287265022,22930.312436481356,-2051.366961463682
2007-05-09,32589.521507101817,-6804.257282131584,25881.484170963056,23851.058886602987,-373.00423500886245
2007-05-10,21749.7568600068,-9085.177861552103,18291.671888458193,18658.430789945414,-5903.877179019535
2007-05-11,30153.836063375857,-6740.706231645192,23032.86227537447,20964.993583376985,103.48326734015427
2007-05-14,27724.421928167045,-6670.762761600781,21860.420173056074,20284.144240566646,-1083.54529550585
2007-05-15,27784.0140112301,-6419.281624698895,20986.20235947077,19680.24986145238,101.7457380443957
2007-05-16,34505.14215065382,-5642.222478691256,24353.356272828067,21463.134891212685,4232.779110118339
2007-05-17,32277.594461035733,-5505.499852581997,23202.1802828206,20073.82180397329,3293.130036617098
2007-05-18,40950.296753682225,-4546.942265289836,25675.162260012818,20809.508004563977,10451.40793936365
2007-05-21,40217.51759286218,-3762.4292408484034,26617.008804263198,21607.869672221597,9466.481904804525
2007-05-22,39223.61407703956,-3742.7296020444483,26192.004407082335,21389.78434060898,8917.282424966717
2007-05-23,39145.52028743601,-4081.0267906762892,25501.41010290978,20469.09574876784,9191.485750903885
2007-05-24,29894.862667974696,-8121.399858655175,20216.072039550985,16814.476992568583,1185.793126822362
2007-05-25,33815.04616772102,-4880.197645003675,23561.001381030073,18994.156549962354,5002.24949874133
2007-05-29,37209.527066908835,-3598.3822478350485,24803.209300504648,20058.85818968306,8436.337875622965
2007-05-30,45125.489778991556,-743.4758121558698,28497.524343751254,22605.01477815921,15512.89198013849
2007-05-31,43868.81725242631,-780.5303651195718,28516.01699252089,22753.250129940454,14200.672251839671
2007-06-01,48639.94513647885,406.9682883027708,30279.31221362145,23909.473242936656,18396.00356821411
2007-06-04,48562.18956414826,1179.950411465019,31113.007525740773,24561.643787922454,18257.53480692645
2007-06-05,44356.627852873644,426.8629619483836,29007.6238826795,22800.61993720755,15404.269289196585
2007-06-06,33336.29591256848,-2417.490526502952,25320.33588556049,20092.622600044473,5226.871857558981
2007-06-07,15174.878230187816,-12232.639483659761,15190.143174249912,14100.86218116188,-12619.502070667797
2007-06-08,27677.08224753973,-4536.157340884907,22822.280664701364,19212.631424452527,-52.9534009925992
2007-06-11,29171.66154738482,-3009.77570081898,24242.057840755908,20567.17039846303,1548.2303628638765
2007-06-12,18151.298288499485,-9904.860463062301,17333.687443758827,17156.452214316465,-9458.8472612677
2007-06-13,32619.044353973557,-32.489486355683766,27159.025772448862,21764.090487486916,5055.931452222838
2007-06-14,38766.058383167605,2859.6660398765234,30022.725387884304,22492.313390441355,11231.401392213767
2007-06-15,44255.2590208084,2360.603616418666,29542.199694470037,20883.70750520227,16702.065299810973
2007-06-18,42871.61382629889,1898.2566367635736,27954.76564080268,20764.75797277293,16311.349843186246
2007-06-19,45145.443023078544,1468.639426471782,27523.435494160396,21428.987513135537,18586.891976316394
2007-06-20,31021.832109285217,-3849.133300254238,20786.752960713697,15233.398699089885,5882.190869243746
2007-06-21,36301.133237202404,22.713812338653952,24982.139569280553,17829.239600100904,10837.95250118697
2007-06-22,26750.431005075014,-7753.161349970265,16554.67989433126,11451.050776887569,1938.8347816998357
2007-06-25,21838.082255943635,-9672.646570378216,14174.674674457638,10061.753246808657,-2512.9939679657546
2007-06-26,11569.082428169895,-12485.997901224298,11364.022825191263,7866.278471527738,-12784.693277319202
2007-06-27,25144.83307227355,-4787.610310464166,18759.729722170858,13716.935851222835,1093.7380605649923
2007-06-28,24805.278626991887,-5217.501186215552,18254.23935999465,13422.652047905605,829.7831017082644
2007-06-29,24923.63214795856,-6839.200532593764,16551.164152984158,11683.364522794029,1029.5124833071022
2007-07-02,33599.06480588393,1100.7899353990797,24599.50436716096,17944.220779738855,9596.595395048513
2007-07-03,36982.96413391677,3361.2153350575827,26882.489442958613,19550.730734964367,12957.93504694209
2007-07-05,35728.564586571476,3954.9864927293966,27417.506041669985,20001.229713455774,11762.290058557352
2007-07-06,40745.356441953096,6010.497925520525,29415.811517097754,21333.878292432055,16836.28787130233
2007-07-09,41320.33700190629,7041.7932613638695,30385.964321119245,22073.29156230006,17472.410963077382
2007-07-10,26868.61376571803,-1926.640372228343,21293.07154890336,16728.60405711201,3145.14686551279
2007-07-11,33650.26176226504,2251.5922246294795,25421.98183951422,19262.73679416196,9976.117168306766
2007-07-12,49119.26795174681,10694.085159365553,34733.4619413116,24002.302464027423,24576.13619072723
2007-07-13,51914.674049424844,12144.20455144893,36339.33188125526,25015.341145701474,27215.791740544977
2007-07-16,51575.3045925974,12737.700369389495,36208.917300483095,24917.99925404985,27600.332682430264
2007-07-17,50842.703625958995,13368.399612202658,36677.31300251593,25048.7702996413,27030.0352565723
2007-07-18,48803.377409489476,13328.689224279951,36481.73795957118,24875.298897469533,25146.57369512471
2007-07-19,52514.15711981966,14471.398097809288,37500.51022736181,25036.411491462495,28981.29001119372
2007-07-20,42047.52987833837,13239.839591628988,35983.70570358925,23646.04902420391,18799.908787304572
2007-07-23,44900.660499731624,16121.720486231265,39142.89071726671,25853.636621244368,21267.996606879948
2007-07-24,27297.22766467013,6231.80033450597,26580.556844450068,17881.23886726785,6336.9774929097985
2007-07-25,29108.830066905117,8917.860489230603,29298.828932440956,19594.16991417308,8116.367961878532
2007-07-26,5511.812803736466,-6079.429882555036,13290.566370424465,9072.118641917012,-14469.677111059267
2007-07-27,-13654.795636858238,-20234.697047556518,-883.4760691678384,-1691.351754711126,-33617.51027706315
2007-07-30,924.5923298783964,-10986.159258649219,8165.923737486592,6116.303765296936,-18838.984328073646
2007-07-31,-10099.163263064045,-22166.82781254314,-3069.9054737234255,-2565.3435908018146,-29807.57926369999
2007-08-01,-5672.483371310991,-15179.69203087606,3877.657180089969,2640.8973335443297,-25341.326244093252
2007-08-02,1749.810198914398,-11112.352008141577,7905.979007474612,7032.445367600536,-17880.014478518024
2007-08-03,-23205.525671683332,-34878.87263502076,-15862.771287280484,-13061.01479823736,-42833.12068123984
2007-08-06,-7704.883089099676,-13796.45111176453,5134.411775782937,5933.944926194148,-27247.239638463376
2007-08-07,2258.4667828618985,-8905.461695475387,10035.424113524496,10008.574512813822,-17293.9126879541
2007-08-08,15478.72680001338,2264.3488356401213,21319.01000602171,16783.605804903782,-4187.4280321845545
2007-08-09,-13645.92406594634,-21795.20624374249,-2578.692043734598,-413.43886864569504,-33473.93192777046
2007-08-10,-18275.587161891708,-22093.99168193317,-3144.016245931154,-1754.8779352693819,-37837.056259709956
2007-08-13,-15087.94605777564,-22090.768800007994,-3171.452730349265,388.5693193564657,-34618.7557892506
2007-08-14,-29750.25896069283,-38690.85642946884,-19710.017673242255,-16054.270653984742,-49342.59137873565
2007-08-15,-42784.207375947015,-50458.2736967447,-31421.40540221054,-27563.944990176708,-62432.569332297404
2007-08-16,-36078.43929286903,-46034.330483884085,-27005.78729380772,-23112.410046827514,-55718.476144761626
2007-08-17,-19275.0640138234,-21510.75872114231,-2137.960666073137,-527.2468358199112,-39259.355730708805
2007-08-20,-19957.928228567464,-17990.389743558713,-1345.010793114081,-89.92376243928447,-37377.4352135118
2007-08-21,-18153.288209027734,-16216.960574969999,-474.2284115147777,1243.5414574800525,-34670.14840698278
2007-08-22,-6466.4926359844285,-11685.06992476352,5604.597899019136,5587.107655086904,-24530.288494266908
2007-08-23,-7564.778609983176,-10821.731903253472,5723.6158090719255,4141.9137011969,-24884.254356808397
2007-08-24,4744.029651402852,-7427.437338366173,11512.803519671317,8084.056873565656,-14970.339241134461
2007-08-27,-4991.747193597523,-8753.905689944164,7055.367831472424,4987.075404959847,-21575.148749513934
2007-08-28,-27511.631248257843,-17199.418039015494,-6120.720013776794,-2756.3579504766967,-39364.45730799625
2007-08-29,-8224.118169893774,-9700.662721488858,5374.423103135196,4103.195079467725,-24073.33202901765
2007-08-30,-11118.650089219867,-11122.032064089435,3376.3369607337518,3398.7790994400857,-26391.147148542877
2007-08-31,-1367.1387915997802,-8306.157968868385,8882.695656667347,6800.462537901942,-19330.120451635335
2007-09-04,8733.187026495609,-3515.7474716160214,16686.29559982149,11115.732346127508,-12242.984079441725
2007-09-05,-377.7038909097464,-6460.5390451623825,9216.091709038708,6462.303794666426,-16828.46267961066
2007-09-06,1774.5314219489373,-4523.48878574383,11729.386072973022,7396.889224289567,-15252.471471267738
2007-09-07,-12656.14839316432,-8710.147398995585,2594.9044094946003,2697.081547949114,-24735.328236154328
2007-09-10,-14788.031082530912,-8014.964192873449,2100.822364468011,2381.233159239753,-25677.94567437208
2007-09-11,-3237.37397377844,-3537.5463068753015,8918.96999268129,5075.486788444687,-16468.018307834856
2007-09-12,-807.9746244075213,-3032.0199077063007,9092.691802058718,4744.132430994883,-13706.814368672363
2007-09-13,6182.295586284796,-1881.9309191901702,12721.719970302656,6558.430564113427,-9195.483337707854
2007-09-14,5916.534993157911,-788.7528638171498,12805.257681976422,6118.950619964511,-8451.603587135483
2007-09-17,191.3905272558004,-814.1753937560134,10253.08575373562,4228.395711653167,-11649.998654735657
2007-09-18,30123.55196752547,1530.2103189637419,23545.80636713875,11692.384754214785,7333.827884850638
2007-09-19,36146.05236662804,1561.5945817255415,28457.127787249396,15775.724011533428,8476.391126604365
2007-09-20,28486.610401858285,1526.5885122917825,22061.4310774568,8929.916829974274,7177.639802193444
2007-09-21,31129.049872381627,1131.3315770123154,29445.84135663975,15436.732579948963,2040.4120582544856
2007-09-24,29090.84126913186,-610.845174190239,25801.61454518698,13721.513699921197,1783.1953285995332
2007-09-25,26920.188219782034,574.6687851109309,26786.203230539453,13771.473232122604,-186.53244680170974
2007-09-26,31988.284310166087,3278.568585777888,29872.031620559865,15632.779685788322,4499.635054229006
2007-09-27,37714.536248660945,4970.153498118161,31982.843064332497,17237.439159163972,9806.660461291503
2007-09-28,34162.596942119424,3293.571206021239,29788.952153389342,15868.379374698969,6772.029773596216
2007-10-01,45291.32498488242,8608.123171351268,38411.590262501966,20724.796383294626,14592.671672576616
2007-10-02,43720.33390893881,8235.468278595596,37629.400667016744,20569.692394320853,13431.215299362557
2007-10-03,41491.254887170086,7660.325179338455,35032.37407563499,18618.269588781404,13224.019769718332
2007-10-04,42881.356342589264,8474.734685920062,36216.45467689622,19504.645666858298,14244.450130457888
2007-10-05,54734.196722792,11534.533764015185,42127.62916203076,22564.647400734248,23245.915103621322
2007-10-08,49083.05368795462,11677.092932810192,40511.19640751695,21473.534331825213,19353.763992092754
2007-10-09,58501.228239786426,13586.509160635644,44868.48837369995,24065.53150143614,26324.062805567017
2007-10-10,56600.570425980986,13268.876573256333,43251.8407060802,23034.733464313205,25722.420072002016
2007-10-11,51476.2449339764,11800.893290341366,40567.322618524195,21988.808396120323,21814.62938463858
2007-10-12,56945.85678503638,13682.605318552116,42450.99661078304,21908.921277444228,27282.279271650354
2007-10-15,48070.05062775548,12932.356397654163,38532.19897279318,19730.81837461656,21575.02183146136
2007-10-16,39787.3365040976,12476.55681205925,36055.7429898805,18669.701868630247,15312.964105121246
2007-10-17,42690.69305257156,13778.41170093161,36653.89436004963,18378.39029658283,18920.024172298436
2007-10-18,38816.16112759622,14813.360479858005,37361.29342808889,18268.18466039002,15373.041958210233
2007-10-19,12174.080325377363,7041.438521438278,27101.030926500214,11033.179514790652,-8780.698300839678
2007-10-22,17797.733039003113,11003.674874264165,30065.05497654213,13358.641424687114,-2296.274541557752
2007-10-23,25759.926186285084,15915.250016231788,36010.36848237424,16829.948332479224,4632.180241859736
2007-10-24,23700.55221656297,14825.396661490784,34273.5583655386,15511.578023541719,3219.7630342322554
2007-10-25,25916.48724441242,13225.529093592195,32528.105038102018,14616.235726337298,5581.283821619698
2007-10-26,37620.84324333958,19812.66330412042,41927.36139626673,20882.66501335008,14473.51767291037
2007-10-29,40838.95377140689,21427.440002600546,44668.81788749213,22465.182099173428,16564.948408232405
2007-10-30,33500.69139817724,19026.075601552613,40341.983571461285,19681.082078970037,11152.155949985783
2007-10-31,43934.8216633264,24274.41040170449,47024.84968148603,23681.021361401887,20151.754905261965
2007-11-01,19569.814312357266,12493.504589500022,30000.293476895196,13064.792690696078,1030.3979466791934
2007-11-02,20527.52124582135,14727.970812141895,31298.794311569072,14399.984218297643,2924.0702681113908
2007-11-05,12665.481311529442,13101.11544841458,28472.294885611744,13166.567735099467,-3738.325603950503
2007-11-06,25983.520682929302,20836.045538864215,36923.33049802878,17342.248638412915,8863.608245481839
2007-11-07,-1989.9479628379177,1988.1305624386296,16632.370444786153,6952.544836041052,-17666.815323468458
2007-11-08,-7180.001915019111,3147.8771569581004,17659.56592227926,8831.556312810048,-22724.31815862317
2007-11-09,-20854.133709132366,-8696.948181622429,5760.0679354631575,2400.4293551262235,-36343.77730450085
2007-11-12,-30654.399552405128,-16061.24523275881,-1604.3554261432728,-918.212397752679,-46143.916837303565
2007-11-13,-1568.9453709071313,8921.864483069978,23214.283127775765,14770.604691752116,-16893.991493895817
2007-11-14,-4486.761146182744,2158.56044612173,16445.8101326013,12811.741780942888,-19806.638310945327
2007-11-15,-18897.342873294147,-8429.637925878516,5944.668175400584,9432.57689916424,-34304.276452856146
2007-11-16,-17405.076311324603,-321.5572744833771,12830.110044751083,18216.36223215633,-31589.371108841846
2007-11-19,-31507.586477554592,-6041.01622146985,2441.478091759258,11879.0177442173,-41172.51315096214
2007-11-20,-25649.697688818538,-3676.8577563742874,5326.544261931209,13630.12588214688,-35835.532067302476
2007-11-21,-46131.0437274336,-12334.741405350273,-5294.398480128963,8526.707957228995,-54353.81901283335
2007-11-23,-29504.060584018116,-3549.516859446303,5750.662227259134,14996.759384751203,-39986.67203090211
2007-11-26,-51494.79010520931,-16268.68092234002,-9790.12841281807,6458.568775281659,-59155.7749749097
2007-11-27,-40561.21435127902,-5965.128287825617,1242.1458973635454,13003.230752627715,-48950.920896646625
2007-11-28,-9461.766608747654,6579.386053942493,19452.654511732864,23983.1272122378,-23517.467426716466
2007-11-29,-9297.264184775395,7278.6373280663975,19648.232133906335,24315.376970262732,-22849.291350793657
2007-11-30,675.8610528044774,11106.099521766184,24551.137148073176,26738.294522078126,-13951.608933680956
2007-12-03,-6214.704880450734,9994.003534549964,20811.327439236687,24660.195552906254,-18214.461145316018
2007-12-04,-15437.473954655341,8360.5087735235,16875.017324270797,22626.87170155556,-25134.41486558108
2007-12-05,1199.2724095145568,13742.660176157253,25774.276062290533,26790.943801005604,-12014.775836797282
2007-12-06,15640.64957578381,17295.40621062531,34859.54853431648,32209.40821313369,-3105.9251080857975
2007-12-07,15266.094831962833,17225.954629202606,32747.23269739619,30713.61542396201,-1437.6155964091922
2007-12-10,23122.28128674009,19132.20773870987,37689.13866383664,33339.45571741206,3382.918001434762
2007-12-11,-5648.855456584673,14196.55470492167,22410.17042354762,24257.370624355855,-15044.903535389067
2007-12-12,4196.623697220064,16944.271454999922,25904.326155702467,25121.00143672747,-5945.863363660923
2007-12-13,1901.9114763701946,17935.758009038516,26318.469004592625,24939.25849917659,-7663.231879362473
2007-12-14,-11230.774199551768,15469.691111320513,20096.08393284562,22442.79042107344,-17039.5993812552
2007-12-17,-25804.169125842276,11924.264549851185,15083.736753147794,21812.99000014912,-30146.073689317443
2007-12-18,-20416.64344312178,16217.705041471869,19162.37818584009,22228.512217419222,-24543.748947668442
2007-12-19,-20585.507983969525,17620.699818908353,20379.439457156346,22106.40122209955,-24526.67998239596
2007-12-20,-14444.5638493177,20578.64188962709,23277.68012483348,22073.865930192755,-18326.034444702414
2007-12-21,-98.57194734731092,24067.078538795235,27070.40887870791,23683.99509243644,-4284.334647438427
2007-12-24,7159.630792928799,26747.65793994523,31213.928002960165,26752.641765050008,1389.0481160010067
2007-12-26,9151.84082104236,27757.974827062804,32032.13145377708,27044.602998210234,3573.371580415109
2007-12-27,-3708.0210019262504,22560.329926832695,23087.721493273973,21025.261219926644,-5539.725182280619
2007-12-28,-6374.148242410234,22524.115152825718,22863.054187692935,20770.29263421835,-8017.3998911904255
2007-12-31,-13901.19402452062,19454.854578677798,18375.50608467951,18091.295009867288,-14126.158144435307
2008-01-02,-22698.629169909065,13017.40076548222,10004.33758501662,13501.528965723584,-20989.878603356323
2008-01-03,-23328.13174374405,13648.103840017342,10207.185718223336,14084.919204710633,-21191.526235863017
2008-01-04,-47449.78680673029,-3422.7020565248094,-7630.812939541647,2681.2942694759695,-44545.98853762643
2008-01-07,-48416.48936729116,569.1110544392141,-3737.0927372931037,6678.938139431411,-45414.5981894717
2008-01-08,-63964.87219862369,-14728.04281045217,-18976.041121461312,-4310.876587004866,-61021.186501527525
2008-01-09,-54265.4434102432,-2958.6164201308275,-7372.845977315796,5406.780371987377,-51155.526466971205
2008-01-10,-48210.90937996564,2860.0375619067345,-1606.0743587077595,10025.139539641328,-45049.11007326412
2008-01-11,-56063.898524050484,-7506.307289944263,-11918.087013696786,3779.8022329042433,-52956.431414210936
2008-01-14,-48591.581337904325,1584.771889725118,-2906.40660079394,11117.731053641182,-45404.71546129824
2008-01-15,-69743.78197908639,-20425.931863302947,-24750.55097266985,-7247.668079536641,-66723.47548363246
2008-01-16,-77934.14063594585,-25799.3883700805,-29974.213290173328,-12310.630771396682,-75063.62832976611
2008-01-17,-102056.08858641791,-50603.70756379748,-54580.455487019964,-36588.2777821488,-99383.6532771084
2008-01-18,-111461.79129945434,-48705.0542242676,-52841.29607442964,-36847.619018181926,-108629.86206320528
2008-01-22,-121764.86961287937,-55006.93086790957,-61593.18030391482,-43607.19336985855,-116648.65427999142
2008-01-23,-98144.41812720832,-44174.403064943035,-47727.24494549562,-33891.49383880675,-96061.61034977304
2008-01-24,-89743.71885116064,-38929.51026848308,-40574.407031189534,-29972.79058253253,-89568.85619157137
2008-01-25,-104665.99068304307,-46023.55080857221,-51310.664181618486,-36716.11923226295,-100848.9114131141
2008-01-28,-88163.3410880608,-36768.31541763723,-39453.18527299818,-28927.545290402835,-86948.50533581716
2008-01-29,-83246.97652652815,-34870.28611489176,-35691.74446154444,-26620.05622924154,-83895.55228299276
2008-01-30,-90975.3234083376,-36040.176502546994,-39349.21849975432,-28940.6912603362,-89136.31551424769
2008-01-31,-72504.12450351354,-30295.297605395317,-33726.77588400815,-22557.989121377817,-70542.680328018
2008-02-01,-55887.72923844533,-25362.428710132022,-19610.140975016868,-17436.217143008602,-63110.05107667779
2008-02-04,-69333.1135020029,-26344.171377559425,-26262.55197439622,-22060.324591783807,-70884.76700828341
2008-02-05,-97393.4476720021,-36539.23689979967,-45667.00461716787,-32686.761327032815,-89735.7140577512
2008-02-06,-105690.0793577559,-39136.700100424816,-49982.336753760814,-34183.371079404606,-96314.4768075372
2008-02-07,-99145.09383901117,-33780.72331983643,-44476.14968890173,-31857.465444338275,-89919.70157306328
2008-02-08,-105775.60807675458,-34781.75087573996,-46436.14287560026,-31948.29466025834,-95591.25018001159
2008-02-11,-100744.74430776061,-29464.268247602624,-41636.38395823457,-30080.48577769182,-90042.66270024597
2008-02-12,-91473.68403905633,-25156.60780852579,-37180.13947075512,-29365.76613148686,-80920.1864799443
2008-02-13,-81142.82908891837,-20598.911895064637,-32682.753231013892,-28998.56164190988,-70529.02185608653
2008-02-14,-90347.70835753338,-20830.611168453237,-33628.69401083852,-29247.397004193626,-79019.6596182654
2008-02-15,-90693.51489289946,-16590.30920779414,-28033.28128651355,-26052.81067326886,-80720.57691729735
2008-02-19,-87999.83345914976,-15441.56685254618,-28384.552432249417,-26146.796115148463,-76693.32524389151
2008-02-20,-85158.29486912797,-10926.54408292682,-22757.406385772978,-22750.74661215348,-74963.90993072669
2008-02-21,-93638.01042449639,-15534.062893882045,-31022.03644387715,-28398.918911689078,-79786.51423894615
2008-02-22,-87614.37007844164,-10630.084368227283,-24834.723832249758,-24582.595705157844,-75046.20797886427
2008-02-25,-75079.01041255283,-4957.418019989971,-16666.151827293797,-19520.955076239537,-65006.75396969399
2008-02-26,-67575.97152230133,-2063.199489749735,-11555.948799355421,-16607.52131035796,-59719.69957714052
2008-02-27,-68730.36089600805,-2354.932612208184,-12689.55936896836,-17040.92454598914,-60032.21150369286
2008-02-28,-78838.07973166091,-4786.073453560239,-18584.969597582007,-20945.69778586703,-66675.66095208413
2008-02-29,-101526.22196492468,-16867.658577445196,-36006.09264724818,-30516.735178429983,-84024.26525956669
2008-03-03,-103997.27216170185,-15117.943416524678,-35287.88643963449,-29753.884334154776,-85463.80650303692
2008-03-04,-107874.9761900405,-15637.293355148751,-36841.480734968325,-30174.106666326406,-88307.2661746658
2008-03-05,-101763.0061817212,-11618.542089534225,-32825.329967469326,-28306.044766232953,-82192.69566823108
2008-03-06,-122363.67838313412,-24761.268739198218,-47247.897758296225,-35342.10212179914,-101513.52672848098
2008-03-07,-132457.16728810398,-29087.103937904467,-52341.145058039925,-37334.5825945494,-110839.60353241352
2008-03-10,-145214.3339082481,-39127.263920948375,-62396.989414067124,-41739.899635048816,-123581.08577957435
2008-03-11,-111279.43079301273,-13464.54091382923,-36719.846963112126,-28695.039545668988,-89660.60210817493
2008-03-12,-120558.74689277713,-18197.90895461454,-41662.83029626077,-30033.75077074871,-98730.30291557588
2008-03-13,-118516.8335790562,-14633.026790717384,-38217.64539194666,-28710.578765835147,-96568.69234227191
2008-03-14,-133716.10208856378,-32137.95476663625,-55394.3588660073,-38673.219671407016,-112096.17535363784
2008-03-17,-143513.67481347223,-37686.35949172685,-60989.20697100053,-37443.46676368371,-121847.30469864354
2008-03-18,-104176.72161251125,-4169.974607667187,-28071.016803185456,-24959.05354304507,-81912.15678143785
2008-03-19,-128773.66638067289,-20730.26363048854,-44436.83655319479,-25021.349873506115,-106703.57082241151
2008-03-20,-111015.1148885713,-11608.559386861743,-31193.360255837673,-18218.774186953204,-93066.79138404036
2008-03-24,-91130.75633294233,-4856.79507928621,-19861.76771857799,-10616.144056096091,-77922.95772912614
2008-03-25,-90250.37332656793,-3912.0203053533332,-18613.407876112615,-9693.531898052432,-77346.15979128436
2008-03-26,-102846.35166450696,-5952.649718127097,-24991.769970944617,-13942.458622010308,-85604.40544716515
2008-03-27,-106129.66017697335,-8728.155133420252,-31930.71533701662,-18884.010523732984,-84724.27400885269
2008-03-28,-115848.91894353411,-10879.033811794827,-37342.79433420673,-22409.558127872413,-91182.33245659791
2008-03-31,-112469.4707594116,-7692.95530935016,-34165.44436028274,-20717.411795588676,-87794.15574395485
2008-04-01,-77429.70445604647,3551.6930646264227,-9685.734388992423,-5638.306790897506,-65989.45103790333
2008-04-02,-76839.40557949754,3598.8081167086493,-10783.736451855162,-6412.408870825777,-64254.03504640955
2008-04-03,-74355.04465402255,4105.207262562122,-10159.808879286284,-6309.205329537974,-61887.20254764985
2008-04-04,-75581.97908469467,5383.208698647679,-10269.721071440028,-7021.756331193028,-61726.22335008267
2008-04-07,-75142.01369556884,6358.070393005037,-9866.967142608948,-7795.880530902417,-60714.15019543056
2008-04-08,-76292.59658510523,6414.341780038434,-13252.95004446432,-10786.381773777422,-58422.47879607818
2008-04-09,-83878.8844984092,5616.323664371856,-18887.914045482292,-14900.466682231287,-61171.820824030874
2008-04-10,-82531.42735811492,6875.92394208943,-17074.287514494732,-14751.125645822147,-60378.38993700658
2008-04-11,-102609.30813499691,3349.699763691635,-27598.82284060889,-19650.189564420492,-73457.9595661721
2008-04-14,-106107.18592870339,4223.480455802288,-28530.667360423948,-20439.74209980818,-75150.21214795286
2008-04-15,-103850.37638464224,6631.287267639185,-26067.108190418687,-20398.163387413253,-72949.15496206007
2008-04-16,-76609.04682536251,8809.44096769474,-18191.11687602708,-17709.26161615795,-51405.6630171164
2008-04-17,-75185.99082925681,8893.2182018616,-19216.402706215624,-19237.626176866004,-48873.543956655296
2008-04-18,-64449.53439428003,8655.484029639163,-4959.586526163272,-9945.804527194588,-52631.6378739533
2008-04-21,-64034.461933684455,8577.602531417971,-6245.887044770061,-10582.050738519058,-51139.274515558885
2008-04-22,-68530.36453857154,5026.524713875959,-11683.421773641836,-14179.408951566555,-53748.7202091162
2008-04-23,-70209.1841746726,7087.831818004837,-9838.49423936382,-12754.028426524485,-55211.16027536629
2008-04-24,-65966.79657035088,10153.265637231292,-5581.799651552574,-10278.444720704341,-52160.03343962948
2008-04-25,-56814.299028490896,13245.58853578323,-1066.3429437341401,-7376.695987349842,-44430.66970703599
2008-04-28,-56687.99812959702,13764.81047464232,-1787.0407351518515,-8173.52221123036,-43064.449077865196
2008-04-29,-60749.91982513567,12553.686844882788,-3816.567203018116,-9411.748645418673,-46307.96793529723
2008-04-30,-66762.20887667994,10706.006558524445,-7103.950401854119,-11380.563702750835,-50880.55407436384
2008-05-01,-46188.26431634216,18255.90153016534,4069.6241159046767,-5073.963677872904,-33930.28906014396
2008-05-02,-43450.42493166552,20265.12251510308,5625.996262449655,-4688.121441243915,-30739.60083707467
2008-05-05,-48439.49236882306,19934.34690494137,3409.547465874115,-6341.824093130068,-33842.995087818155
2008-05-06,-39708.30583720908,22239.41770367662,7605.964710486587,-4144.760291356128,-27003.15500208163
2008-05-07,-58056.53960101698,16959.68441527977,-2277.2002254618565,-8964.32615683705,-40747.957118337814
2008-05-08,-60735.00898524509,19435.08826559235,-28.01577599940356,-8258.87686749734,-43200.2071017158
2008-05-09,-62691.349350606164,18028.432461828692,-2639.762174199219,-9105.91830055567,-43951.456872640716
2008-05-12,-51504.819838876894,23005.194913597195,2675.781222666963,-8050.409953160095,-33103.708306009124
2008-05-13,-51438.360686621,23553.00325407181,2798.2027809147257,-8182.101703138673,-32611.862371526382
2008-05-14,-49423.94049321053,24602.873072794056,3812.7353289468447,-8161.594589300454,-30562.104907425666
2008-05-15,-36792.92765016429,25419.63477227534,5704.411445698817,-7897.565955608734,-19006.006481650227
2008-05-16,-35932.59356637557,29087.414466537768,8028.780240792665,-6309.364367550472,-16802.26149869305
2008-05-19,-33277.06539369968,29986.924638748053,8797.65347968426,-5814.833136914065,-14131.803436056245
2008-05-20,-41487.01279656775,26564.559116518358,3120.0314798776526,-9169.230428478448,-20086.494361347402
2008-05-21,-58389.17711806302,18311.617762072477,-8152.043740226538,-15837.575034621754,-33969.524817184356
2008-05-22,-58327.931325688034,20323.632686403114,-6349.0369927963475,-14652.337195877568,-33699.27084790893
2008-05-23,-71514.01245315836,12429.472574960208,-15181.18872072408,-19625.891652073245,-45947.36035889431
2008-05-27,-64442.866402090745,17399.32557451923,-10156.294527403195,-16337.295502306893,-38931.255501588676
2008-05-28,-60035.57121292403,20417.692632672028,-6912.637855479843,-14168.48431766557,-34749.24992619263
2008-05-29,-55207.12720184129,24153.638846944552,-3120.9556365776807,-12060.207308351644,-29976.54191973953
2008-05-30,-52832.59319283928,25062.99580812978,-2605.4757517536636,-11525.679889422376,-27208.13083437631
2008-06-02,-63075.98324278086,19268.341057938174,-8539.77016859036,-14547.929045443656,-37311.88121767268
2008-06-03,-68833.17633564124,15486.418249659822,-13025.344382295501,-16208.290001250221,-42365.42290510627
2008-06-04,-69403.27108937473,15528.691236215527,-12903.965302143013,-16552.159219731227,-43014.62375243654
2008-06-05,-50135.64602186127,28321.21378739283,178.37069290492218,-9829.318125776364,-24036.812128793717
2008-06-06,-81689.21958689424,6022.087900892715,-22545.36192172917,-22475.64001326589,-55165.778965692705
2008-06-09,-79455.20343434687,8322.11040644697,-20391.604527672287,-19853.624041974545,-52785.49770164797
2008-06-10,-84300.98661868968,6027.834855065914,-22747.948199619655,-20515.291195606696,-57569.212765424585
2008-06-11,-98400.05249371531,-8019.0838361067,-36680.79755760962,-29590.441730178194,-71782.34797363286
2008-06-12,-94904.0882377059,-4616.448185873567,-33299.486943724216,-26287.495849246043,-68265.05868127561
2008-06-13,-83067.41881639569,7922.26035264309,-20785.54407253978,-16462.597207844374,-56403.62359263317
2008-06-16,-82586.21194449678,8183.263763532275,-20631.982681796886,-14975.52117800247,-55814.974700587976
2008-06-17,-87291.89132788152,2099.7624936188804,-26699.40330234624,-17801.114757278352,-60536.73473333675
2008-06-18,-96624.58970539877,-5795.208307564841,-34534.24931921193,-23819.598539303406,-69929.55789517204
2008-06-19,-95512.53059663334,-3031.4264614622807,-31784.51063564967,-20531.813199758646,-68803.4556238663
2008-06-20,-110885.74122998485,-8843.662740073749,-38719.31596947485,-27004.272963319556,-83054.09720200411
2008-06-23,-111953.38928585053,-6949.844563145423,-38061.36505780846,-26547.74383728602,-83026.14476359038
2008-06-24,-114008.84180811589,-7714.161560452194,-39564.18704201165,-27654.762332646525,-84343.09229895932
2008-06-25,-109375.95761769247,-3409.4998473949963,-34884.511337031145,-25052.230957101332,-80085.22210045921
2008-06-26,-136663.22200234115,-20930.650647908682,-55574.68296119978,-36870.60241426737,-104203.46566145294
2008-06-27,-142062.58212485455,-22141.711695379112,-57338.78589581163,-37544.85643942957,-109049.78389682493
2008-06-30,-138722.05580407614,-21474.701467129984,-56878.089587372495,-36132.491143912775,-105502.94365623652
2008-07-01,-135761.61898220063,-17945.354411439854,-53299.212774624466,-34225.88142716733,-102592.0365914189
2008-07-02,-152561.35355427203,-31829.25079165073,-67354.40429621248,-42350.533879114664,-119220.47602211317
2008-07-03,-151653.3680113369,-29238.953666629037,-64960.28926007752,-39933.87173302111,-118116.30839029117
2008-07-07,-161537.39692102166,-36978.08547650778,-72733.27801931626,-43761.63380915485,-127966.48035061607
2008-07-08,-144745.1447669429,-21715.33886138443,-57591.6252057316,-33199.41741511086,-111053.1343949986
2008-07-09,-163444.8709482347,-41224.372121114284,-77095.92755958997,-45450.97332416964,-129757.59148216178
2008-07-10,-159648.58095021063,-34996.46344250359,-70918.23000918655,-41133.18688404467,-125911.09035593056
2008-07-11,-170824.73189324132,-44066.68241818063,-79624.08172926528,-47866.790388934314,-137451.60855455956
2008-07-14,-179416.04966444924,-52343.738706415985,-88128.10630428977,-53302.05518641404,-145815.95803897834
2008-07-15,-192643.92468015535,-61769.52740278619,-97520.29504403984,-61612.231259766966,-159077.4330113046
2008-07-16,-170151.8931047843,-40626.428620797815,-76518.39259416668,-41482.487256836845,-136444.20510381833
2008-07-17,-160807.88571782713,-30842.96603440249,-66828.3625176053,-31368.548945752904,-127006.7652070272
2008-07-18,-154959.68019611906,-27131.350183168543,-63380.06725450663,-25876.104312133626,-120895.23909718386
2008-07-21,-154483.88138796054,-25110.78557215142,-63120.596428277204,-26135.57137109677,-118804.19147179977
2008-07-22,-143212.5898021526,-18112.714507557335,-53536.3194060704,-19857.721562453546,-110119.10584360443
2008-07-23,-137815.24301731918,-17441.293539307662,-51859.909915898344,-18295.873164741788,-105726.74758069351
2008-07-24,-159009.45365041998,-26180.87792612787,-66115.4218433873,-27522.255916248192,-121405.03067312567
2008-07-25,-159327.3987353543,-23855.808062380063,-64010.94000859978,-26068.301226576208,-121502.3877290996
2008-07-28,-174012.79329690523,-32316.697103482205,-75158.81824539672,-32428.109820535406,-133500.79309495573
2008-07-29,-153137.16060828298,-20097.547279545455,-60479.80296732043,-23653.585049782414,-115085.02586047302
2008-07-30,-135356.82522615013,-14130.725740785128,-50300.592097510234,-17838.12212343188,-101517.07980939004
2008-07-31,-148930.8642771541,-18020.84044009191,-57461.80756434775,-21947.83231477975,-111820.01809286326
2008-08-01,-154328.4108933476,-19262.88886526611,-61250.76385940681,-24485.192274661502,-114670.65683917204
2008-08-04,-163695.14677658494,-22836.78986050957,-66343.69175260118,-26760.55814728618,-122518.36582445833
2008-08-05,-137024.37110394184,-11425.560891898698,-50631.84562538809,-19357.3503142884,-100148.20731041735
2008-08-06,-132579.32158889508,-9323.144732087036,-48242.359852326685,-18658.259667773964,-95990.22740862044
2008-08-07,-147899.17568477165,-13166.479322811821,-56640.80159377353,-22860.111387569224,-106754.97435377495
2008-08-08,-129245.35496247793,-7970.4290272129,-46544.04052629415,-18616.329451382626,-93001.86440336169
2008-08-11,-118688.56576863318,-6694.860066476394,-42766.624018513365,-16453.139521942474,-84946.92275656122
2008-08-12,-129563.27793273161,-7091.537584122969,-48510.20695015311,-20377.59675664187,-90474.72950666648
2008-08-13,-135834.00747268938,-6967.968083760701,-50383.89038040803,-21481.70930703485,-94748.20611600706
2008-08-14,-128213.95323889596,-6073.315445439424,-50751.37128100393,-22215.94551954884,-85866.01834329647
2008-08-15,-123292.46362318959,-6107.691152329673,-52600.13158882514,-22888.54040670686,-79130.14412665913
2008-08-18,-137046.06546820843,-12540.933261092636,-62165.56633306504,-28956.748733998393,-89894.80223092312
2008-08-19,-147880.71057002916,-17750.9263285388,-68906.42524203355,-33229.777740257676,-99198.58149122162
2008-08-20,-143427.51969154834,-13544.765239373432,-64684.12093801098,-29958.342982247705,-94761.533827598
2008-08-21,-141817.17544083484,-11441.159463575343,-62947.797133437474,-28358.351227950305,-92783.90760565992
2008-08-22,-127684.07929007299,-4643.073516034405,-54776.99683182081,-23875.51910018304,-80023.52580897379
2008-08-25,-147967.76734369557,-15272.592224203516,-67866.3146558837,-30862.739668298047,-97847.4147467027
2008-08-26,-145205.2283395534,-12489.29991205188,-65307.119103207486,-29385.43922593724,-94860.77898308501
2008-08-27,-135758.190227818,-7540.024630136089,-59856.96536808391,-26298.0442711995,-85914.61932455751
2008-08-28,-123853.7505879358,-569.7698025979334,-50968.665962356026,-21401.209067466203,-75928.22426286504
2008-08-29,-134688.03771462425,-6885.459343369235,-58988.5250800323,-25520.940566731733,-85058.34181264829
2008-09-02,-140905.84917584105,-8753.633604862494,-61523.40268987336,-27088.39491780044,-90609.4499255174
2008-09-03,-141822.9275812364,-8700.517149122315,-61965.21496974665,-26417.047945404658,-91031.5995952994
2008-09-04,-171471.27175111533,-31313.253006248502,-85253.26107435406,-40236.6072761307,-120004.63351769699
2008-09-05,-168546.9404323282,-27136.61098364019,-81164.7588375574,-36682.423554352834,-116992.16241309809
2008-09-08,-148875.37215374448,-11722.208272592514,-65350.51263564231,-27638.56956715579,-97720.43762538178
2008-09-09,-177909.44111584473,-38521.93193188298,-92492.36187447794,-44371.657459628535,-126412.38100793699
2008-09-10,-174140.26117644543,-33674.66301876004,-87756.54905071924,-39866.76185897109,-122531.74497917332
2008-09-11,-160460.92182282382,-21078.778300786624,-75207.7775931335,-31911.656226977473,-108805.29236516426
2008-09-12,-156077.46151414615,-20246.300978844403,-74261.9225906328,-31439.687527791713,-104535.20973704485
2008-09-15,-202242.7555780324,-56199.384354108945,-110261.06841015525,-58278.089456289774,-150654.4413566733
2008-09-16,-186873.3767873102,-45343.55466850614,-99430.26527397311,-47823.508915278595,-135260.03601653056
2008-09-17,-229120.81171195966,-85574.24834239681,-139314.3956099128,-86024.62715637079,-177854.03427913075
2008-09-18,-202612.20721503848,-55115.77761682018,-109059.36962230783,-55221.45644732972,-151141.98504423804
2008-09-19,-166051.57082293867,2458.328688459005,-54516.84191942704,-22409.498730832944,-111549.77004973972
2008-09-22,-188763.13486557332,-13588.031291227438,-78456.91176094231,-37665.368059534696,-126547.26359311788
2008-09-23,-211071.53320577156,-22836.626544911065,-89138.91499647137,-44200.433833891875,-147422.25395147057
2008-09-24,-208081.60389423938,-21584.16618129192,-87491.62793743168,-44066.23151503771,-144827.15133535894
2008-09-25,-193168.07610681487,-8621.057081944542,-73305.06535882072,-33561.00880458276,-131137.0770271979
2008-09-26,-192756.61106452037,-9017.236627114355,-72394.0658673062,-33304.443796576816,-132032.79102158773
2008-09-29,-269125.0134197769,-59365.13664685562,-126019.58060963661,-72589.3284419966,-205123.57865425525
2008-09-30,-232055.58453423172,-31322.447266642936,-99266.23244721908,-50412.89237558935,-166764.8085509149
2008-10-01,-231530.64466238528,-35657.88307856396,-103546.79775486758,-53644.520548496745,-166294.73918334086
2008-10-02,-265487.71602941933,-65959.25250732701,-134563.86533698102,-77893.5370739227,-199536.11239702464
2008-10-03,-277691.7876661456,-73233.55426872429,-142388.41617075808,-81767.62079346366,-211189.934961371
2008-10-06,-323009.2698360193,-102011.73503119871,-170552.63791019097,-107393.32472652954,-257121.37615428638
2008-10-07,-360833.26009043516,-150098.6072829801,-218275.77097928768,-152996.25520932057,-295309.105591387
2008-10-08,-381174.84690561064,-159460.5811707643,-226712.95405392267,-162438.26787694823,-316575.4832197117
2008-10-09,-436079.7774847861,-209948.72243076214,-277077.76972095296,-213211.4170490246,-371603.7393918546
2008-10-10,-453843.2113930639,-219239.01939517958,-284557.5369585692,-221949.79351880867,-391177.7030269336
2008-10-13,-350353.1379882892,-140587.41798579856,-208791.03673224023,-142702.7199914531,-284802.5284391067
2008-10-14,-362476.39846855187,-148829.40358301997,-216975.8550218693,-151915.29054046609,-296982.95622696186
2008-10-15,-441712.61981143884,-219119.0375326795,-286333.2149129986,-223399.90212699503,-377151.4516283792
2008-10-16,-411538.20110676455,-188645.08604984742,-256236.77322867536,-192015.57203613291,-346599.5231251958
2008-10-17,-416088.59890683583,-209798.36220017204,-279724.23746443354,-215928.08030430297,-348815.73283983377
2008-10-20,-356047.8647696587,-178474.0158826816,-248888.14391734998,-196948.1383903249,-288591.19577363826
2008-10-21,-387735.33158360224,-188927.7656691788,-266932.0931896145,-208092.93283496972,-312688.4631018144
2008-10-22,-443776.407756045,-226389.24331694748,-308217.5429446541,-234317.1794833165,-364905.5671669864
2008-10-23,-432549.72330658475,-219001.74079513317,-301483.33149544324,-230071.20802950463,-353025.5916449226
2008-10-24,-482475.04101030447,-246371.90760039212,-329226.41342156345,-250536.0799804494,-402577.9942277811
2008-10-27,-515664.9310237289,-259565.06801280368,-345360.2052915903,-259754.60151931737,-432827.2527835901
2008-10-28,-410457.2761951121,-197588.4802857557,-276451.67432985106,-215037.33366659004,-334551.5411896647
2008-10-29,-417791.25743038394,-210371.90325797896,-290462.88534008176,-223516.4783464349,-340657.7343869291
2008-10-30,-383284.14390929457,-190352.7052273472,-268442.0130179203,-208958.11490167747,-308152.2951573694
2008-10-31,-377636.3038647569,-177767.3647703575,-255603.88192308042,-201384.9435809903,-302757.2457506818
2008-11-03,-374648.0855396689,-172185.4195189071,-255897.52187949757,-202488.48944858753,-293893.4422177264
2008-11-04,-339259.6855491955,-156371.6786507431,-234059.83602482674,-191042.04093664966,-264528.9872137598
2008-11-05,-384549.5509872269,-174648.31495912548,-261009.33210099034,-204306.4347114868,-301145.99288400984
2008-11-06,-441747.04884935246,-204666.93228390813,-292852.84574970335,-219205.2466027427,-356518.5944222052
2008-11-07,-409577.7101359731,-183503.1569421161,-272709.1535137128,-208225.77528083394,-323329.1726030242
2008-11-10,-422788.7901117345,-187239.87350411073,-276925.60396124853,-209387.69429456978,-336060.5186932445
2008-11-11,-453487.8123171187,-200248.42357607675,-289884.5338038418,-213215.2712906947,-366809.16112800146
2008-11-12,-495880.5811543662,-237127.26185246848,-326156.35060990334,-228581.06058766355,-409808.95143557916
2008-11-13,-438499.14376908087,-187562.64447939082,-277460.03691553127,-205966.09126341774,-351559.2103715885
2008-11-14,-487329.18364885286,-219278.7578300616,-308791.2962326249,-217070.72003615252,-400774.1042849375
2008-11-17,-499682.28340111824,-238082.20457364875,-327280.4091552065,-223155.35118649038,-413441.5378582083
2008-11-18,-482425.12957659306,-227946.29306885344,-317462.23220561224,-213460.06686771475,-395866.6494784822
2008-11-19,-542305.2178629759,-277503.66204197286,-365873.1401630017,-239799.80600535125,-456893.198780595
2008-11-20,-607228.0098328416,-333452.97691094514,-420625.7927556371,-290675.27122614544,-523012.6530267976
2008-11-21,-563578.4726945299,-301963.7530117603,-377354.42539623566,-247863.56770791975,-491145.2593487026
2008-11-24,-494303.2502553391,-281757.59089874895,-340433.5978740889,-218617.36492414307,-438928.9440435867
2008-11-25,-486396.3031080419,-275856.6383886918,-330748.97119546495,-211557.216319517,-434805.67106485623
2008-11-26,-444786.4214287205,-267480.29524301237,-304637.36306510936,-188293.19834966026,-410931.05437021115
2008-11-28,-430717.98854899674,-266035.0466962246,-297134.4474726805,-180709.04444345436,-402920.2885361285
2008-12-01,-531076.3661043285,-285283.66811044223,-364077.73906896927,-240149.10161247756,-455583.9959093891
2008-12-02,-491344.5792403624,-273472.6485649969,-336696.318436677,-218610.11904709274,-431422.61013227
2008-12-03,-465570.94945026515,-266990.23357233766,-319649.7458925315,-204890.91437539016,-416213.13789365883
2008-12-04,-490979.7545131001,-271829.4746669178,-341522.0877800555,-224163.9168342033,-424588.84216355
2008-12-05,-457912.46500232327,-263132.2363536591,-316362.5354136351,-204237.25970909256,-407983.866705935
2008-12-08,-419311.78844122036,-259737.54584738566,-289366.5697846833,-177780.68502800516,-392984.4652675103
2008-12-09,-438181.9820789859,-259547.83511103888,-308329.4249676153,-199129.55645987764,-392702.0929859971
2008-12-10,-430517.5468247351,-257651.40756094793,-302092.0402339564,-194499.83602549066,-389378.61491531425
2008-12-11,-457812.3775550141,-257683.17923648772,-325878.5987597386,-219819.05865856062,-392918.65879535093
2008-12-12,-444613.89063560055,-257141.70254066924,-322495.2835260439,-218353.5267596607,-382562.0104138134
2008-12-15,-460214.11400647066,-256704.45286434435,-332961.6039464023,-229202.1296157851,-387258.6636880003
2008-12-16,-408284.31029175175,-256006.63576628536,-292579.054213054,-188436.1678360348,-375013.5926085707
2008-12-17,-419481.9909321539,-255660.5847728392,-303513.4773386428,-201622.6424952933,-374930.7991299379
2008-12-18,-440866.7082319165,-255666.29988400557,-323567.3358000659,-224906.30457887112,-376267.3730794439
2008-12-19,-445703.24033313786,-261678.0949388123,-328331.61220144003,-227652.97278974217,-382351.42383409763
2008-12-22,-458523.2108896372,-268509.1891816405,-341191.75007150916,-235563.98217429232,-389374.6523943755
2008-12-23,-468734.87199202395,-273575.07439172803,-347735.4386109724,-239352.45081427554,-398108.5101673867
2008-12-24,-463071.24688947626,-269206.108992073,-343693.84803481866,-236343.7828254056,-392117.51024133764
2008-12-26,-457408.2757623857,-264039.4812226953,-339024.73605050484,-233098.69272794342,-385957.0233291832
2008-12-29,-460249.31508149975,-263833.3165769406,-340669.38492983626,-233104.40715878364,-386947.249123211
2008-12-30,-436897.6361871005,-248808.08008091326,-323621.7709311311,-223850.25428499852,-365617.9477314897
2008-12-31,-422502.5503071361,-239528.50563942024,-313037.4096931681,-218812.2963644194,-352527.64864799526
2009-01-02,-391665.83023648243,-227082.85140164872,-293636.1540337609,-209321.36425959447,-328646.5299989772
2009-01-05,-392919.2533773887,-227300.08789108985,-295846.17662524094,-210233.00656112493,-327907.1670378444
2009-01-06,-385895.0466049243,-223404.37763145892,-291136.4898218799,-208701.6200641779,-321696.9368091104
2009-01-07,-417650.6206688329,-233692.10206048714,-308883.66947455716,-216784.7341573392,-345993.05564936996
2009-01-08,-413461.4011619958,-229746.5379642602,-306375.4420569923,-216415.75660313666,-340366.4994638705
2009-01-09,-435578.80355675635,-236756.36850739294,-316402.0876530431,-219120.26696418878,-359467.08680571313
2009-01-12,-459850.6250428582,-250159.9618055469,-330410.51690517727,-221667.16259388172,-383134.07233783475
2009-01-13,-458041.90791207075,-246675.54638346145,-327131.29466772417,-219052.17475904385,-381120.16202241497
2009-01-14,-489117.0329115925,-272742.03044071945,-352917.3588554816,-225539.43953375472,-412475.7068914374
2009-01-15,-488782.70180657296,-271426.2597487408,-351665.8335796462,-219693.34911608382,-412077.13037027465
2009-01-16,-481305.13991690555,-251564.838149045,-331304.3103132759,-213453.22182217962,-405099.6701472817
2009-01-20,-534097.0473215228,-281986.19541294395,-369166.2381317173,-238866.2754243028,-450682.64654285857
2009-01-21,-493190.52696032234,-252804.29471968242,-338566.9740076193,-218357.5967932006,-411193.48961249454
2009-01-22,-508479.74016160506,-258415.47815254692,-347634.4521267096,-224683.9139929394,-423026.40812755155
2009-01-23,-504253.625050659,-254884.85269452154,-344517.1559501606,-222284.97970034007,-418386.96373512916
2009-01-26,-497558.9785122161,-249124.2172750926,-339014.3916456745,-218897.1836002171,-411434.4460817436
2009-01-27,-487571.47745551006,-241453.90482147317,-331050.1875967224,-213454.10606183158,-401740.83662037016
2009-01-28,-453953.9975280072,-227734.2282742923,-310784.69850537996,-201612.51077090215,-374669.16923702875
2009-01-29,-487348.425326296,-241021.0816225165,-330917.21730346594,-212805.57953581854,-401217.9315854559
2009-01-30,-507575.8111183685,-252053.28401493665,-344530.042672288,-220081.979870638,-418864.69440112635
2009-02-02,-510523.3577286274,-250718.20738386665,-344490.64201616566,-219566.32234296994,-420516.5650364376
2009-02-03,-496894.57696000044,-240253.64239581733,-334051.55161442794,-214358.41850864934,-406862.30968149914
2009-02-04,-501723.5699875156,-242269.74114048178,-336940.7338456621,-215316.3591533797,-410818.2192224445
2009-02-05,-487153.60396711266,-234946.90307575953,-327895.3367002851,-211291.21177398507,-397970.8122826963
2009-02-06,-458830.1887818248,-225209.247628337,-312483.6208144865,-202418.70250528643,-375321.45753578434
2009-02-09,-457428.0045904098,-221964.49427418283,-310729.81008939585,-202484.7287555614,-372428.3307153061
2009-02-10,-504344.50400399906,-242695.42854082084,-337759.32378859445,-214126.25542991085,-413046.2506963345
2009-02-11,-498593.2051446646,-235582.03920290887,-331637.4105636111,-210993.02292517212,-406303.4757240716
2009-02-12,-497896.38632703346,-231117.55683170876,-327475.41780420765,-209352.77797206957,-405304.1672946439
2009-02-13,-508485.4099074252,-236780.5232279296,-333178.0054717171,-209651.47787073092,-415853.5696037469
2009-02-17,-550112.225763742,-269992.1214330923,-365964.97612764616,-218132.52482293628,-457905.0130092973
2009-02-18,-552354.8395210315,-270554.4021255092,-366252.52212820784,-213118.51615294244,-460422.36145844206
2009-02-19,-562356.0384970951,-279186.60855286405,-375097.79109879443,-210470.0201870097,-470210.49789127393
2009-02-20,-571299.682921648,-288200.7504620397,-383213.1898578161,-211718.80330383638,-480052.88546598074
2009-02-23,-607087.355588739,-305101.59477298753,-407328.0490837536,-228237.578775901,-508881.8678167176
2009-02-24,-570542.1711510726,-281963.4038009477,-381353.0838016273,-209694.11949084478,-475173.45768913755
2009-02-25,-578430.3720270394,-284500.25247985544,-386799.1464853138,-213802.99772736582,-480152.4445603256
2009-02-26,-594584.7170024231,-290785.6570063819,-396961.00664838473,-220097.79758003715,-492430.3338991649
2009-02-27,-616422.2138314153,-302629.7076710836,-411216.4587146954,-228307.69691022427,-511856.4293265481
2009-03-02,-659441.6664891865,-333587.3967396554,-444443.24174747383,-249012.67492938437,-552606.7880201126
2009-03-03,-666294.6228888491,-336546.45518959244,-448299.885699196,-248903.0371965072,-558562.15891799
2009-03-04,-644860.0795646993,-318041.1805946027,-429960.94174519926,-236451.6477631773,-536961.2849528474
2009-03-05,-682712.802978835,-350231.2717008898,-461935.97886422975,-257872.37014363531,-575029.0623542395
2009-03-06,-681170.2051792975,-349005.2988366659,-460915.6252879284,-255383.36661622662,-573280.8452667798
2009-03-09,-691639.4728207467,-357009.50274821965,-468903.19375472935,-259278.02783113904,-583766.7483529816
2009-03-10,-639205.2982255545,-309504.271128649,-422204.22146690567,-226708.4225685991,-530526.3144260425
2009-03-11,-633141.533017567,-304696.6303804531,-417511.0599070655,-223523.01939389436,-524348.0700296991
2009-03-12,-596207.6821518252,-276319.3033415801,-389423.1293708872,-212135.57435216242,-487124.8226612627
2009-03-13,-588594.0404360301,-270523.17366130906,-383477.1942322897,-210381.65971637482,-479660.98640379426
2009-03-16,-591571.4592872146,-270260.0150569588,-383656.91400579235,-210310.7112737433,-482195.5268771255
2009-03-17,-561612.4257714567,-253231.05565125565,-366468.59266822436,-207105.9638442574,-452395.8552932325
2009-03-18,-539015.6278671124,-248076.80209831463,-358799.9165553538,-205526.14929250616,-432313.47994881775
2009-03-19,-551810.2864400307,-246504.216613036,-361294.43017951597,-207331.61151961854,-441041.03941229545
2009-03-20,-573529.5851833996,-256421.21138678503,-375129.60364865465,-218074.20436761552,-458842.1594602746
2009-03-23,-501707.88114023925,-226138.3368647825,-324107.05192796316,-182282.59052541538,-408000.7228438204
2009-03-24,-522833.04026416404,-232094.1133950376,-338493.97670521145,-191831.3755205617,-420694.7337207521
2009-03-25,-511759.97844982316,-226684.15656259307,-331507.076883198,-187319.79055188957,-411198.61489598016
2009-03-26,-490126.72103332635,-219638.12910001783,-315269.0599431145,-175758.54642757867,-398757.3469569916
2009-03-27,-509688.1206640537,-224490.7975091783,-330299.4596544327,-187021.060869148,-408141.0152855612
2009-03-30,-546457.1195499438,-236457.89451011107,-354231.37367327884,-203230.0213157416,-432945.197153538
2009-03-31,-536948.0890248753,-229957.22407731158,-345699.38915466226,-199205.2914479822,-425467.48071428644
2009-04-01,-516878.21523978654,-222600.26344580797,-334869.2470221317,-191732.55732997775,-408870.78843022464
2009-04-02,-485988.6502247636,-215305.27522028633,-314524.36794064357,-177249.11243568384,-391031.1142711683
2009-04-03,-475174.50455045264,-210315.65934290597,-306984.67318409844,-173671.21771933557,-382767.0474760221
2009-04-06,-483784.9355347116,-209564.95388536283,-314368.89791980875,-180434.1214769414,-383242.5482670277
2009-04-07,-509211.0079510114,-212854.84725055925,-330657.52023459063,-192221.3680122986,-395669.8917337421
2009-04-08,-497745.0018048896,-208596.5054831435,-323468.7016267552,-189539.28643933183,-387134.36242803995
2009-04-09,-454992.33447440906,-204040.696351973,-296932.7782324607,-169252.53109105,-366361.80936068326
2009-04-13,-454737.7060331303,-203773.37553991412,-296994.770401799,-169316.3113150678,-365777.86793800734
2009-04-14,-474037.06275786133,-203704.3663568428,-312885.2065804992,-184842.60374234873,-369117.77930096677
2009-04-15,-462310.54324531707,-203065.2113640086,-306050.8568042952,-180290.9994147633,-363586.4545717925
2009-04-16,-446021.6783187456,-202735.91827352962,-293625.79380067857,-169410.2811950181,-359393.35955835844
2009-04-17,-438467.5144512048,-200795.3434885292,-284467.34601150756,-163495.48316295794,-359057.0686949885
2009-04-20,-480387.9807403163,-222900.13856779598,-313677.2311061395,-183454.4871943075,-394065.23538325017
2009-04-21,-461675.6853309385,-210524.9384942943,-299905.4812835277,-174447.7303257353,-376749.48972298246
2009-04-22,-467652.80702075793,-213330.7987542533,-303975.80905211065,-177004.37847334787,-381462.1439041778
2009-04-23,-458127.4133204284,-207606.79349617788,-297334.36323729914,-172898.3028285636,-372854.1907605845
2009-04-24,-443319.20150850335,-200260.83025160583,-287288.95573177235,-166571.319274239,-360745.4232096143
2009-04-27,-452742.2632646205,-202950.0029800078,-292679.7483316199,-170357.72646029096,-367466.86509428575
2009-04-28,-455848.99392504164,-203433.77958580432,-294748.21781582653,-171299.16895987303,-368988.90287629666
2009-04-29,-434954.0010830176,-192680.53772201808,-280455.68780975,-162861.40522630315,-351633.1981765631
2009-04-30,-434615.3896407444,-191600.70018681837,-280211.3364162211,-163087.01795730158,-350459.10059261916
2009-05-01,-429225.5973012448,-188678.26965937275,-277251.7626052118,-161423.17726428376,-345106.4515366832
2009-05-04,-394896.60455692036,-178941.28174808715,-255815.97927758505,-148140.86779963074,-322476.2542086997
2009-05-05,-398463.32706189726,-178399.27890781057,-259314.81191879336,-151340.99913629366,-322002.1412321917
2009-05-06,-380441.58995694586,-175325.15460273973,-247554.4790896097,-142959.37092349515,-312666.61265135335
2009-05-07,-395147.345615703,-176568.47255080182,-256925.24155150575,-150436.126735082,-319244.9237962764
2009-05-08,-370808.9188098055,-173541.02338846377,-241094.46776609193,-138695.6047853554,-307709.82161345467
2009-05-11,-390798.15028272837,-174177.5657668166,-256620.3242133609,-152706.60223546915,-312809.73901746154
2009-05-12,-393905.6534960726,-173040.45625731885,-259316.6708666219,-156200.40757912165,-312083.78606804693
2009-05-13,-420210.49885844067,-174692.18108434847,-270842.57300463726,-162906.26990877953,-328514.4541194292
2009-05-14,-411489.9604660373,-172446.53920808923,-270405.4424978127,-163279.7914596271,-317985.4043575912
2009-05-15,-419880.46131541976,-176875.4296548476,-275023.97551090945,-166883.72460756684,-326186.26264063525
2009-05-18,-391480.4030325708,-161221.53443161142,-254333.78249092912,-153496.1269349506,-303008.7658930299
2009-05-19,-392727.1064401355,-159966.67903911043,-254971.00454771542,-154257.69726927276,-302363.39185130736
2009-05-20,-399610.6297042733,-161438.92425436154,-258395.8763445398,-156695.31389938586,-307294.288533872
2009-05-21,-414271.97852377105,-169308.49291683186,-269383.4890601507,-163903.21605582314,-318837.5933002292
2009-05-22,-416421.41824813635,-169564.90589010413,-270603.1964269425,-165217.32924764068,-320023.73863107484
2009-05-26,-390726.7520621086,-156947.1316736414,-253792.31477522582,-155241.15291206352,-298522.17988030124
2009-05-27,-409108.89501999866,-164282.64328051195,-265918.33078541944,-162393.8009342861,-312113.8184348681
2009-05-28,-395024.81024318066,-157744.03082497627,-256198.17990929156,-156598.53126990062,-301211.27207864233
2009-05-29,-376882.6377548121,-150580.45786994102,-245783.66095723922,-150545.4083822245,-286320.04558729095
2009-06-01,-351640.5304074675,-145667.8144217903,-228422.6711466296,-137439.2283159315,-273526.28460240515
2009-06-02,-350747.06706540746,-144879.91063591663,-228388.04849259986,-138146.61630559375,-271879.5401285011
2009-06-03,-364282.8297235295,-146728.20412231912,-237341.1905217492,-144397.8496457989,-278310.4542438763
2009-06-04,-354371.0416334632,-144042.69298717903,-230148.991518224,-139690.31910703774,-272905.3540221953
2009-06-05,-354153.5743789953,-143357.055659889,-231505.947428338,-141189.68518250633,-270645.29353032337
2009-06-08,-358558.4637390858,-142296.44206785294,-233480.85070436867,-143904.6453039049,-272014.66602234694
2009-06-09,-353155.54489983676,-140849.48929206375,-232018.7611490913,-143930.5642517514,-266626.8839625862
2009-06-10,-355869.27109677,-140720.6351836681,-234539.4653926969,-146461.34359158447,-266691.0518075182
2009-06-11,-351143.2871588339,-140171.35313449707,-231279.13012167253,-143963.98424430855,-264676.12109143526
2009-06-12,-348220.66313070373,-139724.33741890313,-231160.8476220267,-144597.70037138998,-261424.763847357
2009-06-15,-372803.20831065613,-141118.1146450555,-244317.0642653536,-153998.42771415727,-274244.86961013486
2009-06-16,-387015.4369146742,-142148.2785254725,-249512.95766428998,-156731.80630126118,-284291.36869563366
2009-06-17,-388038.469598399,-140576.3340156501,-249473.42192072992,-157218.17789060692,-283781.992613096
2009-06-18,-380494.1934653559,-138731.67951215454,-248407.06827448076,-157299.35154798825,-275459.41562280676
2009-06-19,-376671.0634682829,-139841.3840131557,-251310.067551014,-159406.5152402533,-269842.9908502017
2009-06-22,-406666.3987335548,-157068.98478324793,-272988.8232599542,-171911.96740793833,-295543.572093819
2009-06-23,-405914.03696239967,-155320.0147566517,-271315.95957596716,-171061.26381445036,-294715.1039800548
2009-06-24,-397555.9607898672,-149556.25601747865,-265356.7464183809,-166923.82287755073,-286552.48222593544
2009-06-25,-376269.3286196205,-136733.88772810285,-250440.5480364398,-158276.24789615045,-267359.6801482541
2009-06-26,-378885.59928571194,-136588.65144861932,-251762.27765676694,-159141.95180214185,-268508.9849145349
2009-06-29,-369549.85624302825,-130617.60760693357,-244839.8514684284,-155771.4164474596,-260124.6242185039
2009-06-30,-377706.39046472876,-133330.72650427592,-249146.08692164754,-157769.21891826973,-266688.04188432783
2009-07-01,-373584.3124702561,-131274.49797526235,-246699.35515584855,-156551.53683623602,-262956.4671266405
2009-07-02,-400970.40183799237,-147219.3604577427,-265519.98813701805,-164755.83535410056,-287466.7859956875
2009-07-06,-401085.5186450172,-145403.14654763206,-264080.2103145246,-163282.5182130629,-287205.4667150951
2009-07-07,-419996.2063410516,-160638.8752157772,-279863.2981348175,-170190.3814933846,-305568.795258982
2009-07-08,-420654.5965822629,-160393.66568152525,-279557.6412419955,-170323.9138233607,-306287.63285876333
2009-07-09,-418813.9294374343,-158184.7008044438,-277599.10281698324,-166878.55434762756,-304196.53926186543
2009-07-10,-421101.9148620336,-160437.82457507774,-279992.48875985283,-166482.55683477537,-306344.2625142291
2009-07-13,-397857.627415211,-140140.49077850522,-259767.57159966638,-157887.97549568256,-283027.55843102053
2009-07-14,-392322.7015871539,-134178.57128574897,-253936.01355110982,-155392.11804606707,-277362.27115876373
2009-07-15,-363537.5884094739,-116837.78038252343,-236201.63722939196,-153608.38707068434,-248970.74339957582
2009-07-16,-365173.19605525275,-113701.4867578405,-233131.23426195723,-153504.54413905297,-250540.46038810647
2009-07-17,-354097.7819735217,-111350.69532108877,-230372.31436917,-152049.4869768325,-239873.17476241104
2009-07-20,-343480.686662191,-106152.99081760913,-223115.8453602502,-147219.11929023452,-231479.7019086114
2009-07-21,-338812.2715964902,-103832.87788513768,-219962.21711966826,-144852.88656358374,-227644.80215102131
2009-07-22,-339031.10517123033,-103087.98435674584,-219796.0383426086,-145003.452650022,-227284.92097442917
2009-07-23,-316621.351972869,-97057.11983175669,-204008.98125386552,-133602.09345185547,-214631.36033982167
2009-07-24,-312378.6754742467,-95477.04295273335,-201110.06163743336,-131760.94834863534,-211707.52657860838
2009-07-27,-309304.3326541033,-94584.14234426629,-198894.92988605076,-130209.50673802046,-209955.4149013803
2009-07-28,-314197.2708133659,-95076.166182696,-201289.6377482555,-132279.35836772807,-212945.66903686797
2009-07-29,-316753.2117920656,-95969.92385590693,-204507.0268364693,-134620.80702402105,-213177.97860056494
2009-07-30,-305923.9624600217,-93396.08456783206,-196014.80581030448,-128325.47142496181,-208267.11100661103
2009-07-31,-304442.7020518007,-93010.63732365228,-195064.8616379893,-127824.20498864958,-207350.34752652515
2009-08-03,-287132.4620604999,-90479.08587640699,-183315.7067615142,-118197.27971444023,-199257.71096445428
2009-08-04,-284376.9558954064,-89808.19626901823,-181227.53214534523,-116627.7318555027,-197919.48980814102
2009-08-05,-287463.99781357875,-89465.03690195165,-183948.6344701443,-119584.80053789844,-197942.27003444784
2009-08-06,-292994.7190628884,-89935.91711023264,-188091.39514164126,-123392.8731595279,-199801.1108205415
2009-08-07,-279084.227837101,-88556.70749328996,-177859.28301163402,-114508.31313728192,-194743.5221078185
2009-08-10,-281321.222743642,-88202.97629301052,-180516.79214181972,-117736.97891883354,-193969.2766838944
2009-08-11,-294713.3128536553,-88695.00049427594,-191482.82936798455,-128208.23114474898,-196887.3537690083
2009-08-12,-283352.413238975,-87907.8197418697,-182641.09742331994,-120609.23031879123,-193581.00534658646
2009-08-13,-275178.66799958237,-87638.66418697056,-176183.69660802837,-114531.17267481505,-191595.50536758616
2009-08-14,-283472.2351393218,-87496.3719731461,-184050.41600215086,-122521.83916481852,-191880.0608993788
2009-08-17,-309824.8771306752,-88495.8495387088,-203729.09007202694,-139855.44215753034,-199553.50638641865
2009-08-18,-301544.44994228997,-87412.65455360303,-198308.43574481644,-136638.2062536023,-195610.53854013805
2009-08-19,-292308.2834253384,-87143.4991438468,-191906.17594312725,-131320.62032761727,-192507.47641511942
2009-08-20,-281372.02268354775,-86842.62794417958,-182859.2869991532,-122888.72228244424,-190317.23341763573
2009-08-21,-260343.3082207792,-87006.92223169224,-169463.5376228321,-108300.62582669035,-182848.56261870093
2009-08-24,-260447.28130615034,-85877.89549034601,-169025.74581178755,-108092.18041873479,-182412.23635281992
2009-08-25,-258511.10638537208,-84617.91728301428,-167524.64479945344,-106716.94418643182,-180717.18423704404
2009-08-26,-258420.13341190017,-83810.70717123535,-167069.96865555993,-106636.3491350651,-180273.6772956867
2009-08-27,-256193.09772518682,-82046.51006136916,-165165.12937361072,-105347.42238496908,-178187.28378105638
2009-08-28,-256393.6894555786,-81599.45643293811,-165576.7370434854,-106181.70714838814,-177529.2142131422
2009-08-31,-265334.6848542726,-85196.44482473633,-171806.65810069186,-109173.72718918044,-183837.27694642806
2009-09-01,-287289.019062167,-97786.69618279161,-186713.6484394793,-118362.40572220564,-203474.8721735903
2009-09-02,-290984.87282167317,-98378.59400204231,-188272.79646405403,-119213.59531554405,-206203.47572777246
2009-09-03,-282930.5717606082,-91973.16730080533,-181974.95962516812,-114938.00600793981,-198041.5848043564
2009-09-04,-269242.84005592257,-82902.58319165523,-172594.8118807096,-110558.84544065234,-184663.4167349793
2009-09-08,-260703.13423779476,-77618.7865192102,-167143.88542497566,-107836.82557041245,-176290.8407001403
2009-09-09,-253036.81531098465,-73693.29405646969,-162507.53834173584,-106478.49440443167,-169335.3763938295
2009-09-10,-242748.62668002438,-70488.11444718693,-157627.41220371088,-104343.37858354812,-160722.13429161155
2009-09-11,-242948.72135903366,-70359.69963620743,-157981.0489710666,-104952.90202122217,-160440.17739228538
2009-09-14,-238001.49399902835,-68656.88683283317,-155858.5704220347,-104354.09375577583,-155912.61577793793
2009-09-15,-233734.31602327776,-67777.28871457034,-154504.46301191964,-103893.38057764992,-152119.94709403947
2009-09-16,-218202.28751536005,-67401.90960329585,-145772.93813273904,-96614.22406956693,-144944.06435402797
2009-09-17,-219761.3750989685,-67170.59308822604,-148129.95685126306,-99467.79228553805,-143914.8167040426
2009-09-18,-219104.26996282948,-66311.57543196634,-143909.2304587938,-96935.65337163734,-146619.420304113
2009-09-21,-221640.2332159255,-66003.06589439523,-145594.9209975471,-98169.1403512297,-147299.50332575265
2009-09-22,-215836.09121236077,-62629.53886073071,-141601.1541489145,-95737.4590862852,-142115.60113715625
2009-09-23,-224182.05240939112,-66174.67952379235,-147566.49658405746,-98929.71271405043,-148041.36056210517
2009-09-24,-235151.1922488415,-71620.44258597237,-154411.02903460106,-102530.97981812723,-157611.73101319207
2009-09-25,-240404.4674542509,-74129.79440368491,-157764.90510395798,-104615.48876435554,-162020.48196695698
2009-09-28,-222888.12758017672,-64099.061110766954,-146312.7055409766,-98587.89776140777,-145925.60836294634
2009-09-29,-225892.43993884954,-64788.24024903658,-147588.40780440217,-99343.11307703739,-148343.3975964631
2009-09-30,-229740.1858372112,-66865.17543336272,-150310.39888390608,-100694.80636433978,-151546.08759964711
2009-10-01,-254294.9840145112,-82647.64386064513,-167780.27692510106,-109816.68364798301,-174413.47616303441
2009-10-02,-258798.0581914144,-84894.4630686976,-170434.2996787678,-110826.46097097138,-178509.34679432347
2009-10-05,-244466.09209281142,-72610.0689603989,-158413.47740683006,-103093.57593981829,-163913.8088593593
2009-10-06,-230508.72789377606,-63312.367163871764,-148378.97515284584,-98837.30520667369,-150693.245117781
2009-10-07,-227796.17830541896,-60802.60241357575,-146219.63658845134,-97614.55087341217,-147630.26934352264
2009-10-08,-220210.90793389705,-56261.484677443514,-141320.2422531204,-95999.82534298766,-140403.2755711993
2009-10-09,-214125.10710824537,-52112.55887876847,-137581.05006603675,-95339.46453662764,-133907.74113395624
2009-10-12,-210194.5222067728,-50326.84080578911,-135454.90223340807,-94968.82160714373,-130317.58599213298
2009-10-13,-212260.94649886928,-50029.44079739973,-135809.31803815265,-95194.6566378536,-131732.1944710955
2009-10-14,-194930.52424699994,-46353.156601011404,-129416.21068450098,-93187.95997149579,-117118.5953764894
2009-10-15,-191186.85416450418,-45502.66546837485,-130017.52676105849,-94334.07529297832,-111923.1180847997
2009-10-16,-198875.39617800817,-43123.63149996381,-130155.90467667475,-93281.74337109528,-117094.24821427639
2009-10-19,-190614.66302359663,-38899.999184658634,-124095.97781118972,-89465.56589473085,-110803.45020614308
2009-10-20,-195946.21820540912,-40433.280290983384,-127812.56296226452,-91947.36732601386,-113951.70134320529
2009-10-21,-204951.0323873348,-44220.84946563339,-134027.91265119042,-95362.47948532435,-120528.73501085507
2009-10-22,-194853.66981223214,-38560.011364203994,-126756.70462872076,-91311.10600408958,-112041.7423567929
2009-10-23,-206338.07578355298,-43837.370941772824,-134589.31570611557,-96338.30033555918,-120970.89682828766
2009-10-26,-217087.54611351696,-49800.818206507596,-142524.97533873457,-100567.93826456275,-129748.15479036752
2009-10-27,-221592.2869588168,-51539.925714901416,-145059.85728635336,-102099.45980467543,-133457.1211964424
2009-10-28,-240055.69580960038,-64158.423388000694,-159133.59779748158,-110418.69560242794,-150465.28720919692
2009-10-29,-219489.82913072797,-49205.99813024269,-143510.97263735044,-100988.05869023118,-130569.62043269764
2009-10-30,-247871.22651164237,-68116.89987356332,-163614.17204440653,-114194.44877960708,-157758.72014987658
2009-11-02,-240896.70196318722,-63122.54707698815,-159171.2466700516,-110092.16758445441,-150232.76817920132
2009-11-03,-237871.26201812323,-60225.6623106231,-156596.95474573178,-107771.66139698355,-146884.7353920921
2009-11-04,-235396.0539595644,-58867.574188680504,-155159.7863177267,-106706.88236380974,-144488.6076395955
2009-11-05,-217676.72654446875,-45444.14440459898,-141259.35679850332,-99142.86696889705,-127246.27995964172
2009-11-06,-215110.1128596463,-42253.22212799464,-138350.36871233524,-97704.76369349414,-124397.73208438323
2009-11-09,-192706.67062230915,-31799.571856553433,-125074.19970815454,-92160.09332497662,-104816.80857978546
2009-11-10,-192527.95918672092,-30735.521387716173,-124678.90284583624,-92334.07222173514,-103969.34353767827
2009-11-11,-187389.59117148188,-28524.72441056557,-121690.35502096114,-91320.20114738832,-99608.72637016373
2009-11-12,-197680.330226884,-31547.796225945815,-126599.4449966813,-93072.32364512258,-108013.44726522593
2009-11-13,-192266.7043908138,-28229.45777042082,-123799.63096106041,-92957.82474802854,-102081.29700925175
2009-11-16,-177669.64726528243,-24636.684268602752,-117659.52213245281,-91061.55088407139,-90031.57521050979
2009-11-17,-176479.98543007523,-23935.28023995855,-117851.6588276216,-91897.33202100988,-87948.3726514896
2009-11-18,-177128.18320329502,-23576.9200651031,-118770.80366910901,-92156.15746819356,-87319.06540836641
2009-11-19,-190448.9352256545,-23404.783705920447,-120984.798288272,-93059.81578832446,-98253.68645238027
2009-11-20,-194035.26711193816,-20556.905466794502,-118890.99416113563,-91842.3134297313,-101085.94422667444
2009-11-23,-181337.8315495316,-14562.38060826785,-109966.74503919506,-86327.00769273262,-91457.12856081902
2009-11-24,-179789.39755226293,-13381.3363942625,-109821.55050221342,-86449.85934443015,-88872.84488652664
2009-11-25,-176229.60498506785,-12076.02373830136,-106894.91607224767,-84997.47811919905,-86934.37409333629
2009-11-27,-192774.9243344926,-20492.32850458182,-119398.74844922672,-92539.16861852608,-99392.16583206231
2009-11-30,-189398.45337335512,-16816.355992038967,-116094.86960304959,-90646.3997423834,-95643.601204559
2009-12-01,-176975.19994013486,-11324.15212689701,-107965.25339828653,-85908.04887855635,-85857.76011095996
2009-12-02,-177436.80646608103,-10267.376477297395,-107833.41238538851,-86183.34252558707,-85394.43200020454
2009-12-03,-185391.81127293187,-12728.35424424673,-112837.78132406017,-88542.00873466558,-90806.04563533294
2009-12-04,-179639.69258628605,-10065.647737226798,-109606.4835871812,-87309.82147775055,-85622.51817854616
2009-12-07,-181198.0272434875,-9649.332685651025,-110870.71318194596,-88347.32465246122,-85500.3081894072
2009-12-08,-192442.83968439852,-12741.21193813486,-116910.43968907523,-91722.27021137113,-93797.2733756729
2009-12-09,-188701.04394335326,-10757.202479097177,-115132.46223946486,-90896.59473112482,-89849.4456252002
2009-12-10,-183040.35073798726,-8266.560078524868,-111862.31785464275,-89867.663413567,-84968.254404084
2009-12-11,-178749.62607521046,-6282.550660305889,-109611.60143888707,-89329.9337725772,-80944.23673884379
2009-12-14,-171809.2599149151,-4613.991974649951,-106398.56679104618,-88690.57622313639,-75548.3465407335
2009-12-15,-176565.78857181157,-4933.728707222268,-109625.79168214626,-89897.45940173697,-77397.3870391022
2009-12-16,-175017.44907060408,-3943.8670491408557,-109398.40730600012,-90494.57502758421,-75086.57025595944
2009-12-17,-187267.09356334832,-4330.517609959003,-112212.41135343374,-91057.81469755433,-84908.8612620882
2009-12-18,-181575.98813446303,731.525927834562,-105951.31172453577,-87301.86741136503,-80416.81192430732
2009-12-21,-171418.2695634117,5838.72754754615,-99180.95518123114,-83440.78146366263,-72049.4647489629
2009-12-22,-167793.30185335467,7888.383721565944,-96870.57346152142,-82248.77402228233,-68685.22258459602
2009-12-23,-165801.96357293916,8630.985933268676,-95209.2289568953,-80921.97300400632,-67612.6265971039
2009-12-24,-160997.52440334109,10344.542481409735,-91400.05719543179,-78533.6724273687,-64903.80264082804
2009-12-28,-158825.0437454198,11348.555440677796,-90611.8387191965,-78706.45021991746,-62515.52749987398
2009-12-29,-160282.10676982242,11465.63891895581,-91633.13430143648,-79266.75962512451,-62834.211463758606
2009-12-30,-160649.61860097345,11592.058476410573,-92132.3832151522,-79810.2198510773,-62576.05482373928
2009-12-31,-170453.2744496366,9244.411623415304,-98510.6368952993,-84026.80562397605,-68349.1038452507
2010-01-04,-153308.9014015528,13843.179997759988,-88245.28833570564,-78200.91126166342,-56871.31098241589
2010-01-05,-150591.29489937492,14866.222213876434,-86464.01736438985,-77042.24522315548,-54911.93323543735
2010-01-06,-149869.60266893375,15170.384744794224,-86045.00798225601,-77096.72157753399,-54305.08785621211
2010-01-07,-145518.5527757464,15418.530661052326,-83112.58495271974,-74809.15919590241,-52638.31507630291
2010-01-08,-142074.98180544926,16170.825937754242,-81140.95324848255,-73717.8900074946,-50414.08053354095
2010-01-11,-140627.69706258312,16353.619122617645,-80439.60405680875,-73435.38242006092,-49485.3517974852
2010-01-12,-150340.75695200238,16181.64050609956,-88374.1227163527,-80178.99110925442,-51435.87164387872
2010-01-13,-141634.0129722567,16411.11415458948,-81537.9552712834,-74925.96965552995,-49335.82146071229
2010-01-14,-138825.9283809584,16659.25998509978,-79743.7149588603,-73952.64493336156,-48073.831351326895
2010-01-15,-150535.27453591904,17028.775093065808,-81125.66138822644,-75338.20818116504,-58031.71596895528
2010-01-19,-138044.17014508037,23153.260494272225,-72709.46014388767,-70557.25246966665,-47949.70935984905
2010-01-20,-148343.7386580871,19023.667215272668,-79918.15021455928,-75000.00180599012,-55170.18108118372
2010-01-21,-167619.8660328356,8137.151970588602,-93154.60365338705,-83266.45442531118,-72096.3702617884
2010-01-22,-189535.53712619672,-8140.231820062967,-110689.09150135971,-94774.74243934848,-92754.93729782844
2010-01-25,-184611.89430533993,-2762.4600750240497,-105972.20483075944,-91220.96456245123,-87170.40940253288
2010-01-26,-188664.44961730408,-5470.991140361759,-108765.17563292466,-91840.01070152072,-91138.52497766976
2010-01-27,-184092.78807953795,-1587.6268619290786,-105082.77179623244,-89200.59668336331,-86365.90299816316
2010-01-28,-195184.42723586722,-9769.539784191758,-113675.29046115524,-93709.84530981188,-97046.93641183208
2010-01-29,-205572.82537912976,-17942.284579847124,-121998.55282311828,-98784.3370448827,-107284.81698878718
2010-02-01,-190882.60951505817,-5652.446841932484,-109882.8166968649,-89728.4658240457,-92420.49951305409
2010-02-02,-179271.48556779188,4547.054095549276,-99463.40424136119,-83731.5572398398,-81029.28708380976
2010-02-03,-184116.99540240195,1177.7022494672565,-103073.77321231912,-85049.5592751234,-85633.77979354392
2010-02-04,-213952.9932928817,-25203.690449367394,-129419.54991109786,-103540.97643706389,-115505.3936840797
2010-02-05,-212022.480940339,-22219.518720103777,-126539.14979283407,-100320.4089916579,-113471.1097205373
2010-02-08,-218803.3015176944,-29705.36718470906,-133963.3765318736,-105528.61355188023,-120313.55202345844
2010-02-09,-207104.61075784633,-18139.812947272672,-122477.68063842552,-95774.50100882049,-108535.00291962194
2010-02-10,-208957.69395868352,-20078.93448710488,-124449.52621167595,-96427.51129154593,-110355.36208704079
2010-02-11,-199107.1978804679,-11263.823424522649,-115697.89355171937,-89100.61913036567,-100441.38760619963
2010-02-12,-199904.33739958843,-11800.219017517753,-116232.47793738462,-88224.14815465803,-101240.33833265002
2010-02-16,-184950.2485957097,2240.7339383598883,-102267.75010278379,-78769.28204995545,-86210.02440749438
2010-02-17,-180379.2909076066,6609.295207182411,-97971.89847020095,-75698.33794349327,-81566.3570831517
2010-02-18,-174665.00292998218,11986.352265265887,-92671.80884548009,-73757.88004393119,-75775.10167216454
2010-02-19,-172646.20241347692,8149.424824119313,-96769.84433172329,-73546.40103635902,-73495.19311056277
2010-02-22,-172471.55005593083,8955.253069244907,-96831.50280514825,-73778.072998174,-72580.16180386601
2010-02-23,-184623.45494664853,2526.006197202252,-105271.6281544962,-78775.71204559086,-82721.18821727831
2010-02-24,-175540.7769357968,7872.114166462445,-98922.56815655809,-74965.10871058912,-74641.46223510438
2010-02-25,-176895.25659009416,8284.052187887137,-99321.67365717678,-75268.33612793765,-75184.89836735858
2010-02-26,-176270.89219810817,9195.887325866264,-98785.99036597623,-75024.15867392684,-74184.382128594
2010-03-01,-165930.2661059869,14253.94577899552,-92265.93874662055,-71546.38740960066,-65305.749202698935
2010-03-02,-163147.1461758247,15747.922731123981,-90256.70433162816,-70540.23222402146,-63037.88673540077
2010-03-03,-162253.51807990493,16325.421556041925,-89765.27548616065,-70197.59815995058,-62058.18866003057
2010-03-04,-159200.7738096268,17976.773461319623,-87650.4712102093,-69091.9148841527,-59468.89676042608
2010-03-05,-144720.89663979367,21711.030082423473,-78535.5411261043,-63573.81642788765,-50369.69305359412
2010-03-08,-144547.15849133578,22334.81557076238,-79209.01403535542,-64143.52396485,-48898.69650754632
2010-03-09,-142844.01181874482,22949.343668363756,-78049.24301003758,-63651.597801734926,-47740.792762671714
2010-03-10,-138261.30588039185,23193.577551529044,-75296.63859350176,-61268.63658201054,-45666.457357689156
2010-03-11,-133949.05430042555,23734.046740932972,-72658.1386641122,-59499.43240240356,-43452.23651770872
2010-03-12,-133865.4984895233,23857.934943630942,-73186.26219160191,-60118.904165892396,-42716.668976618676
2010-03-15,-133601.85499878938,24102.168717944645,-73183.0463077745,-60373.43936879153,-42212.00759539858
2010-03-16,-125330.25559932184,24226.05684807361,-67064.26423656417,-54589.93273242237,-39935.30213701217
2010-03-17,-119128.42017587552,24451.775840910617,-61681.080832288484,-49818.29578730662,-38890.93112500476
2010-03-18,-119674.20333320541,24529.377126201638,-62377.482393594226,-50271.887424627086,-38662.711435737656
2010-03-19,-125011.53706952436,25579.000592858065,-56149.615005095955,-43808.271784756216,-49178.289093898566
2010-03-22,-119671.66834640449,29231.50858738483,-52106.854483465315,-41488.61820546037,-44341.195112557776
2010-03-23,-112607.0201850757,32194.712925290456,-47076.387753590825,-38203.33327662654,-39343.80934319808
2010-03-24,-117528.2605199883,30690.920344127924,-49799.74527299334,-40729.471451392164,-43045.48473987069
2010-03-25,-119173.31756694424,28787.64020058082,-51923.9429211478,-41264.956457059714,-44469.62428221917
2010-03-26,-119782.87330998013,30125.656539359363,-51493.4845751659,-41174.3489586073,-44171.622032458414
2010-03-29,-113408.64754732547,33206.89113757736,-47617.02598186978,-39285.73214964243,-38592.62026488187
2010-03-30,-112724.92678986443,33800.40792332683,-47496.93175011303,-39275.392998165335,-37435.476953428006
2010-03-31,-116180.6592195815,32886.76718795113,-49481.43777331675,-40453.02434424567,-39820.34409531705
2010-04-01,-109290.18228003292,35285.62838656292,-45020.587948481785,-38036.06567701162,-34991.85578199176
2010-04-05,-101020.0930396987,38093.05631654174,-40070.862184527214,-35201.71203953575,-28864.06437563317
2010-04-06,-98613.70844014191,38875.80877344322,-38866.557028055424,-35016.21151429799,-26879.2324756467
2010-04-07,-104485.08609417237,38205.87926055002,-42673.10152398341,-37495.6177561814,-29613.9951466426
2010-04-08,-100957.74457304871,39261.009462771355,-40818.395942148054,-36619.810184400296,-26886.229005132962
2010-04-09,-94239.85150583422,39889.41429632495,-36672.865589465946,-33785.45677369775,-23685.461457046986
2010-04-12,-92609.16908312408,40263.59973839123,-35602.99440350116,-32957.81027995155,-22750.46477823524
2010-04-13,-91841.40451026932,40501.5961944093,-35558.801713145804,-33173.65141023649,-21788.896439717762
2010-04-14,-80121.8447617795,40812.226689387346,-26597.69594819646,-24897.10916458862,-18719.81196119936
2010-04-15,-79267.48050846186,40841.40000700625,-25446.72381063644,-23860.76532746118,-18987.246527822717
2010-04-16,-95917.80626091048,42359.57222885755,-28598.854104070342,-28218.449587413925,-30967.26976498602
2010-04-19,-92155.67887186469,45549.018921196344,-25721.510956003913,-26832.00257414917,-27013.546025843127
2010-04-20,-83198.9182561341,50006.23244300787,-19527.086178008234,-23510.3113687461,-19793.99666629669
2010-04-21,-85049.98773875358,49312.95085862442,-20636.158178408165,-23596.3366643684,-21229.275732899696
2010-04-22,-82041.78780970325,50580.06525715487,-18250.184221101343,-22530.680070215836,-19339.935362625853
2010-04-23,-75431.54798763483,52381.833064340986,-13758.116669119103,-19224.76549990382,-15419.995285353667
2010-04-26,-79293.00487360155,51260.828537608264,-16361.85836542293,-20998.872722745757,-17798.715001749166
2010-04-27,-103345.89453405826,51253.68534032279,-21195.608601080487,-31024.071207776433,-37024.99762383368
2010-04-28,-95813.70368895767,43716.83911604842,-28933.902936202707,-28491.203593522543,-29291.35866788536
2010-04-29,-83422.3289405571,50446.329468744574,-19632.793782832683,-23449.87809776957,-19471.602720158655
2010-04-30,-100605.22006748393,41439.18610138167,-31790.954224432353,-29404.74877769954,-33503.47677284884
2010-05-03,-87710.88523091405,49478.57733079046,-22245.851766559877,-25262.681901477277,-22114.853164742526
2010-05-04,-111428.49689968445,35980.34474112908,-39353.60469712457,-33520.91658772505,-42222.9444926095
2010-05-05,-117300.93999954336,32168.250708635198,-43826.16860497743,-35752.541692999424,-47434.917717109434
2010-05-06,-149815.90910691762,5597.740777862142,-70666.91093753593,-51914.78546769172,-79679.65442269848
2010-05-07,-163898.69470655613,-6251.977130398038,-82856.57213614963,-64164.46597410133,-93422.49673198347
2010-05-10,-122854.32173184438,29464.6415383094,-46970.81736019184,-36231.49013108562,-52547.25986452207
2010-05-11,-125627.17229162765,27309.973021607846,-49316.36654430162,-36207.0809652718,-55129.22975689711
2010-05-12,-112062.62331619396,38566.19553731859,-38149.44999743835,-30771.344354270026,-41475.37481261583
2010-05-13,-124302.53284421097,29799.645719104912,-47276.06883537443,-33397.38142522145,-53355.21532091033
2010-05-14,-141904.33009057,14572.699804589618,-62496.27337473945,-41450.522519775084,-70963.75394241975
2010-05-17,-141409.73518604512,15527.932051198208,-61644.76156209363,-37324.232675531646,-70365.4386039321
2010-05-18,-154403.48666571756,3606.926617346122,-73497.95076916437,-46513.27936492651,-83427.00631038588
2010-05-19,-159773.56873995482,-1087.3461999373976,-78180.69833542174,-49659.94000833295,-88808.61363564941
2010-05-20,-195136.56565390935,-34002.41115312802,-110891.80865704245,-82923.87243175437,-124375.56518117373
2010-05-21,-181991.1791340466,-49211.53556895908,-124714.19838679605,-99748.72836096154,-112616.91334738833
2010-05-24,-194829.97675900537,-50568.30937171576,-133120.57330808416,-105097.17481898551,-118599.70637689254
2010-05-25,-193829.53905282807,-46926.106787729776,-131085.24393971427,-103408.17640674359,-115992.39545509903
2010-05-26,-199794.83492475445,-48490.171614657855,-133998.9468327948,-105505.51373869018,-120608.05326087284
2010-05-27,-166900.30470601478,-33949.51614920853,-113318.16102498339,-92851.56141268241,-93853.65338449538
2010-05-28,-179647.43219410183,-39381.09398122702,-121420.56402463291,-97861.46477147052,-103929.9557049514
2010-06-01,-196518.55939527327,-46487.87980895187,-132004.8082720132,-103007.71579822991,-117323.6244864674
2010-06-02,-170863.51264677956,-32511.762072918005,-115406.71301512723,-94824.69463166012,-94290.5552588258
2010-06-03,-167388.1165261072,-30515.01764738222,-112938.75382133864,-93563.3007406469,-91286.37390640622
2010-06-04,-203046.99652931723,-45584.91348990123,-133551.04736086354,-103164.06447869539,-121402.85621261038
2010-06-07,-215243.8695165121,-50272.02476905973,-140003.55210455274,-104935.16577765695,-131834.33573527465
2010-06-08,-204894.41042262258,-42285.59384899866,-132234.76219350763,-101463.64847831032,-121267.23563236895
2010-06-09,-210125.7370791766,-44503.44698913931,-134710.92506338248,-101641.4049870451,-126240.25255918899
2010-06-10,-181720.7660544281,-29605.076454456663,-118323.09084516822,-97518.84363418096,-99324.74521797211
2010-06-11,-176870.5014899149,-26001.82694943319,-115745.96937751072,-97062.68883006624,-93448.35261609283
2010-06-14,-178435.9481585772,-24957.086018694215,-115409.43561801792,-97771.56043725845,-94305.59211350896
2010-06-15,-155622.12267567386,-20917.501817733748,-109346.09324951365,-96681.49432029517,-73515.5247981493
2010-06-16,-155995.85439163144,-20438.012863014243,-110224.72619697149,-97356.1005379993,-72531.13461192977
2010-06-17,-154353.0246868382,-20206.441447277088,-111301.85803459573,-97962.17583895754,-69579.60165377491
2010-06-18,-153246.1861840727,-19518.70189023658,-111788.03552767774,-99579.08288521727,-67298.84610088688
2010-06-21,-156117.1565002478,-21981.51766331133,-115304.10066395614,-100850.24576169497,-69251.56516210435
2010-06-22,-172592.94377068023,-30749.755583083024,-126673.46126359666,-107826.11766074959,-83126.22975266783
2010-06-23,-175643.10796419045,-32022.95185633772,-128704.17540747626,-108312.0166234941,-85418.87607555327
2010-06-24,-191850.1501313029,-43583.836644514115,-141201.26058221352,-117017.4064803631,-100689.71785610472
2010-06-25,-187829.2971426114,-39060.61152147525,-137076.87504025816,-113307.94041450752,-96270.02528632974
2010-06-28,-190880.09789528803,-40947.99828884646,-139403.39524035086,-112852.02285531966,-98881.69260628487
2010-06-29,-220601.0419612736,-65541.23483876104,-164268.14916593395,-131711.9088353354,-128331.11929660215
2010-06-30,-229468.95824897027,-74309.47303404962,-173073.35288378887,-137129.5025366015,-137162.0700617325
2010-07-01,-233593.37624880084,-76072.10252304643,-174828.83628322976,-137495.53419999522,-141293.63415111898
2010-07-02,-238612.39944876166,-80233.91313748935,-179058.68921424868,-139556.83589675243,-146244.6150345038
2010-07-06,-232622.96086238377,-75250.04552270449,-174155.94256379188,-134905.55344672932,-140174.05548379762
2010-07-07,-203631.4420063977,-48807.90237857122,-147786.23539634515,-113387.19086453912,-111110.10065112513
2010-07-08,-194241.04931294182,-40292.440306569566,-139377.09400675772,-106732.40761210967,-101613.38727525514
2010-07-09,-187088.3514403254,-33888.257630471955,-133017.85997500818,-102594.84347786533,-94415.74075829054
2010-07-12,-186468.72591646743,-32973.40131024993,-132134.93348351878,-101745.07572882611,-93764.18540570006
2010-07-13,-171886.9869716999,-20388.928265142138,-119556.98899057403,-97333.5286581543,-79175.91790876936
2010-07-14,-171984.04573591094,-19656.409798810375,-118985.20716526837,-96620.75251509796,-79112.24003195431
2010-07-15,-171722.5351702457,-18463.248611133546,-117839.66671051155,-95788.10884309607,-78803.10873336907
2010-07-16,-198759.39165573273,-24937.87019954191,-126831.63149412954,-99390.56548719516,-103322.62202364634
2010-07-19,-192859.85530162262,-20581.745460464037,-122777.32365210773,-96943.61691311735,-97292.65438229413
2010-07-20,-181709.34489312273,-14294.94026937522,-114815.21346177964,-91678.3797829795,-87817.44897303329
2010-07-21,-194936.3980116597,-20584.950541984173,-123444.8879270734,-96716.85302338982,-98704.83789888557
2010-07-22,-172536.52138680627,-10611.005389323924,-108178.24726778117,-87617.677259646,-81597.65678066423
2010-07-23,-163636.83676266848,-6717.945710979868,-102683.54984152899,-84218.0622363427,-74299.60990443444
2010-07-26,-152861.65463699418,-2805.581680370262,-95739.49280729808,-80202.27853522694,-66556.12078238133
2010-07-27,-152962.79648428332,-2676.879740015953,-95986.50206775649,-79763.69663725281,-66281.55142885787
2010-07-28,-159719.94043666168,-4420.704469564953,-100529.70090666704,-83244.63250005012,-70239.32127187468
2010-07-29,-164789.86996582733,-4591.220792925567,-103189.93295924785,-84894.17803545378,-72819.53507182025
2010-07-30,-164984.82017668002,-3989.5612347915303,-103314.01389321615,-85208.69138202525,-72288.74479057049
2010-08-02,-141646.59200044803,2393.408365576528,-89327.53941070754,-76452.18906572077,-56554.02149647905
2010-08-03,-146717.39472606347,1566.1851925364463,-92679.97449731315,-78564.21845529939,-59099.61230852909
2010-08-04,-139693.223981017,3036.185352391447,-87972.330587707,-75729.7823083069,-55313.08531323378
2010-08-05,-140825.70100451628,2990.7902035270818,-89324.83766989654,-76695.05334216112,-55138.450403407856
2010-08-06,-145145.75250644487,3553.483546335483,-92273.12558703392,-80159.23091787356,-55947.52064539044
2010-08-09,-139528.2289055638,4724.265380816185,-89014.69556925062,-78437.3217866756,-52417.645227812085
2010-08-10,-145254.7370212832,4157.651327444124,-93116.089248379,-81131.28856005822,-54609.37371777528
2010-08-11,-174139.20669668057,-1736.9766762624495,-107248.20822461531,-88446.52081259852,-75256.3524206428
2010-08-12,-180428.6594258365,-2824.8095829761587,-109860.14599261514,-89291.98151712166,-80021.70028851248
2010-08-13,-183436.15815920354,-3179.075409814366,-111007.28891242738,-89401.46296391136,-82236.3219289055
2010-08-16,-183912.26381750047,-570.1161663646344,-109055.5043839654,-89065.93371695268,-82055.2528722148
2010-08-17,-171450.55066211676,4741.458771869191,-103696.84896775556,-88490.7833508238,-69640.6201948071
2010-08-18,-169583.35590699888,5497.195687182015,-102993.84541366075,-88480.45436595217,-67720.69207847133
2010-08-19,-187498.07473813748,3540.6646062774817,-105157.03421373316,-88572.8202195398,-85428.75319044205
2010-08-20,-190787.37933431385,7800.149689896731,-100167.64169346495,-86782.4483573396,-89447.96522326727
2010-08-23,-194607.3876540608,8050.8015489073005,-102425.15169021464,-88457.38360713713,-90912.84349079622
2010-08-24,-209401.53948633542,996.2548673434649,-112082.93580719107,-94420.52319162583,-103103.75788765802
2010-08-25,-205595.94938166055,2991.1448723513167,-109960.84651355748,-92419.35970380041,-99425.36707160913
2010-08-26,-212206.3962255461,-479.00567282619886,-114743.91039615136,-94974.04763014347,-104722.9005780782
2010-08-27,-197055.50490992327,9773.960759042646,-103005.79484315182,-88113.30945743795,-91057.15838358618
2010-08-30,-211477.55443819656,2682.1733924242435,-112420.2687215372,-93215.89954467805,-103156.52140009237
2010-08-31,-211485.09446182335,2852.279653070378,-112597.05317728117,-92429.62995830795,-102817.17070732894
2010-09-01,-182198.55810475035,17685.82502091711,-92988.40338457096,-82869.12816842482,-78305.73877511953
2010-09-02,-172813.0362964043,21188.95417523093,-87080.29471234721,-80193.02404491464,-71325.1964846834
2010-09-03,-159615.32930643047,25474.133366825292,-79280.70455250004,-76420.14094073547,-61641.90046296251
2010-09-07,-171247.8854277862,23791.52552280214,-86490.34214350348,-80830.91681756545,-67747.42683733784
2010-09-08,-164094.60111337822,25516.421584413736,-82966.07024136465,-79454.07416218752,-62393.518363457086
2010-09-09,-159358.80248183827,26859.60267073661,-80225.93698482122,-78195.34622294258,-59054.671902137576
2010-09-10,-154158.32445756334,27783.82830136805,-77442.28021631809,-76936.6183348645,-55713.62501573458
2010-09-13,-142634.27618004993,28521.851478821714,-69717.38598369982,-70767.69514004723,-51176.44779338577
2010-09-14,-143292.68912998424,28561.61559756624,-70781.38829687727,-72208.73112497397,-50731.09431139799
2010-09-15,-139301.56811985624,28731.721346550738,-67125.4817701854,-69667.61559933005,-50225.77407897747
2010-09-16,-139588.2565170768,28901.82704436651,-68089.63891806686,-70653.06655029231,-49378.19963050069
2010-09-17,-139203.0065843027,29397.786894533085,-63778.051115736365,-66053.38125184958,-52808.57764989039
2010-09-20,-123920.3870428159,36145.87117263104,-52968.251888923,-58471.36954360665,-41715.60414042101
2010-09-21,-125972.32124677167,34839.32172785234,-54580.24219155626,-59434.51454836386,-43462.09748652211
2010-09-22,-130958.22788071916,33532.772231911076,-58110.81291649293,-62194.95541608997,-46223.982891474196
2010-09-23,-139144.33361277496,29844.8374821163,-63916.70617331681,-65680.9102406624,-52292.13011650089
2010-09-24,-118527.66000963529,38836.41549700976,-49433.78495618224,-56305.48224292288,-37166.79971560222
2010-09-27,-123424.4653111681,37938.88239002554,-52379.40278900182,-58653.69945409149,-40015.52029129966
2010-09-28,-119876.29848233257,40022.62536348961,-49087.93003999209,-56319.054234287236,-37675.08323801002
2010-09-29,-121661.73689907185,39325.055797150475,-51180.7419846945,-57826.334975288366,-38065.27927638592
2010-09-30,-124691.72217205766,38745.646514131455,-53105.911616079626,-58954.369862210355,-39749.50420100562
2010-10-01,-120431.91115092362,41320.20918503718,-50526.02405859344,-58120.21946447261,-35495.018066452045
2010-10-04,-128085.02502431314,39522.83942884556,-55439.82041526539,-61507.24093278451,-40031.70533936111
2010-10-05,-107734.84794742812,45405.89136298967,-42337.961454833625,-52494.570246040705,-26900.33528876386
2010-10-06,-107831.39999505361,45980.81745065737,-42643.73726524867,-53375.27105159743,-26116.185438306493
2010-10-07,-109083.57703609524,45992.20958423149,-43633.62649821141,-54668.195718368515,-26367.08111281127
2010-10-08,-103312.72337151594,47194.29426798376,-40096.05410743551,-52053.238717058324,-22931.715155255704
2010-10-11,-102342.39287583898,47778.3094586489,-40680.10911011649,-53577.00881979044,-20793.314466232623
2010-10-12,-99149.73442671879,48016.93285119068,-38130.564315650845,-51555.6542072841,-19911.577419036184
2010-10-13,-91067.45141944301,48364.62727055035,-32990.77909008693,-46995.0009760547,-16621.385217964766
2010-10-14,-95164.49961493663,48557.80427826138,-36841.601636460866,-50645.84609213553,-16674.433859373545
2010-10-15,-93038.5444101108,49687.17465418158,-28790.231983616715,-43117.181530903676,-21470.477931471658
2010-10-18,-88118.1996320329,53768.40908531123,-23786.037779096165,-40138.02551955357,-17607.231288581752
2010-10-19,-101294.74979848115,46581.38674331189,-34787.79103309498,-46590.835433032946,-26969.050543030753
2010-10-20,-91616.74965850549,51995.32408474153,-27445.863769692252,-42032.35726450372,-19219.04032502818
2010-10-21,-89415.08984964139,53250.411476708716,-26090.64521621086,-41476.522570727975,-17117.51167767805
2010-10-22,-87553.63053517303,54816.52391674463,-24164.73095014156,-40470.591478876304,-15615.854189242964
2010-10-25,-84587.78605699998,55769.47253855993,-22417.85221187817,-39094.93835488497,-13443.939827518232
2010-10-26,-84425.09709560116,55798.2322429223,-22547.103240935132,-39230.323361646035,-13123.240132700084
2010-10-27,-87321.3792714392,55169.39597202977,-24077.18693197507,-40265.90131804987,-15118.274888390602
2010-10-28,-87159.03380041142,55678.022870020475,-23390.919471169123,-39597.54276778479,-15133.569980178174
2010-10-29,-86402.0458349107,55911.17034324072,-23072.193127326318,-39636.478688917705,-14462.160885300138
2010-11-01,-86069.72902506168,56153.20419670176,-23186.504204719677,-40029.06187133258,-13773.499144596484
2010-11-02,-78090.671324439,58981.18953832425,-17608.937205960276,-36258.252949451795,-8544.023101110826
2010-11-03,-74020.27033532862,61995.78988831933,-15859.931461505243,-35911.392067592125,-3208.02750646029
2010-11-04,-54401.602017373065,66085.64838734944,-2206.4010200793855,-26707.27611080068,6846.968869099408
2010-11-05,-50500.65752948159,67163.00658836705,423.3500608393224,-25524.521925544832,9195.52047708966
2010-11-08,-52462.526392099106,67520.5637942804,-2102.325939300121,-28119.362990427995,10116.884820524945
2010-11-09,-59946.49310267083,66536.26980662555,-7538.7403935689945,-32369.916044751648,7085.038576567364
2010-11-10,-55791.020827395805,67453.67208882002,-5465.665270521888,-31508.659476741916,10084.838010989632
2010-11-11,-59706.78896706557,67411.33972793049,-8298.048348479555,-33990.97658282018,8959.120588388236
2010-11-12,-71948.668856295,65405.105975008104,-15611.196761799161,-38402.27852252079,2024.1553595560254
2010-11-15,-73400.53780144914,66704.62465418014,-16033.209895836771,-39068.135060794186,2293.818227611293
2010-11-16,-89296.37481277094,63436.51753917802,-22891.731819576584,-41405.7784616967,-10011.603974972692
2010-11-17,-88793.82970013791,65677.99784511165,-21170.595500343596,-41010.69347196061,-8988.714875638907
2010-11-18,-74018.31821758582,68505.98257271247,-18337.49602580222,-40728.132645705016,5781.681859972392
2010-11-19,-71221.84536296257,70365.34622582002,-16208.900429438218,-40107.99953369086,8308.922771339421
2010-11-22,-72060.52370798973,70412.97087409766,-17005.797494853963,-40910.18542463286,8192.367229326264
2010-11-23,-86533.32000337607,63233.14047251269,-26848.936382587533,-46282.40816621645,-3617.120579911585
2010-11-24,-71992.53137527214,70408.08336544898,-16597.17742353247,-40379.20519418735,7846.851982073917
2010-11-26,-83638.8683611394,63992.451321562985,-24698.53181779827,-45415.08721272682,-2113.7626534138835
2010-11-29,-80653.72111535726,67259.56107795774,-21958.390271602082,-43580.006707019755,1398.3528025669366
2010-11-30,-86231.108060226,63379.6783672797,-26395.49691493204,-46085.32452272368,-3621.810209650008
2010-12-01,-65288.60119229892,73585.71983444528,-12111.764589336351,-37362.90815514105,13243.00579984708
2010-12-02,-52410.44928663892,77956.06392459548,-3178.4887646581046,-31267.153517318657,21558.22597097892
2010-12-03,-49674.28900990874,79877.49926738348,-1654.0490515290294,-30680.98196956818,24691.381877368025
2010-12-06,-50761.5346232891,80418.1668921609,-2659.179408377735,-32032.774271059665,25149.934245613782
2010-12-07,-50187.42691676466,80715.68041555444,-2670.144799507223,-32007.170857435092,26032.520866661253
2010-12-08,-46453.22843154184,81621.07903168211,-534.2280117884511,-30780.350256268634,28536.201180293094
2010-12-09,-42470.234371442784,82404.90057415655,2179.882335525239,-29137.10772675718,30588.906435553014
2010-12-10,-36491.83560581955,82745.83432683093,6607.099321542191,-25459.8040611702,32481.021967833556
2010-12-13,-35833.900272654944,82999.9272994888,6287.0861777300015,-25818.590345942415,33713.063417468344
2010-12-14,-34926.66538968122,83054.28653780837,6445.485661961022,-25776.970932150143,34516.258054530495
2010-12-15,-39671.76143340464,83126.01387702301,2017.1241981574567,-30091.766064307652,34271.25081382529
2010-12-16,-33694.03483846386,83310.63412463572,6997.692844284698,-25677.716012556455,35453.02901025165
2010-12-17,-32589.493921789297,84632.86794295162,7905.846694036387,-25860.323953448446,36971.64989549019
2010-12-20,-30183.184127384815,86271.10785879986,8997.636143160868,-24827.700104516698,39815.055639859274
2010-12-21,-23834.343780205174,88119.23919891124,13248.024483549874,-21760.412064246135,43761.63898676139
2010-12-22,-20704.248960894474,89993.00957085658,15495.527811739244,-20300.914321571123,46518.00084982795
2010-12-23,-22159.770833113005,89439.61386961048,14774.810766279581,-21174.288754698937,45229.80032182321
2010-12-27,-21764.631355342637,89963.05938806594,14925.611838792916,-21054.616313593113,45997.584245535596
2010-12-28,-20323.314744765747,90657.43204562087,16093.909233187791,-20272.91263830464,46964.9761192723
2010-12-29,-19606.672781089146,91428.72189051448,17257.56190190697,-20058.66439188097,47289.25525912357
2010-12-30,-21222.622708123876,91020.61411285517,15372.421191263827,-20695.59926579485,47150.33826507279
2010-12-31,-20988.558171665412,91279.12231085054,15841.705272377585,-20780.84145221056,47173.62691841263
2011-01-03,-10536.605509666137,94341.19346305635,22071.090704580536,-16263.032857067068,54458.26530041488
2011-01-04,-11106.385853582327,94676.97597324499,20955.81508146925,-17340.964884701185,55339.54308979839
2011-01-05,-5803.5689209590855,96217.79509685794,25097.695255539846,-14273.320127893938,58041.298971964214
2011-01-06,-7821.323913853888,95886.96150354994,23902.20686911419,-15792.606424184982,56888.19877218707
2011-01-07,-9839.644977944612,95957.80675407546,22085.599004053744,-17516.807205278776,56757.33082368231
2011-01-10,-11133.372352482533,96661.0825482104,21446.808756005717,-18626.26469581097,56805.66949132735
2011-01-11,-7520.142265699265,97620.7490789115,23223.621148889186,-17402.850097420975,59601.75371592825
2011-01-12,1724.8007390952407,98503.49833539198,29695.107038412592,-12475.212901325547,63257.96008767972
2011-01-13,28.709828207167448,98719.6315293347,28167.200922248885,-13726.534360481077,63305.90848689819
2011-01-14,7504.175596068679,98901.57924531098,33117.75176896434,-9082.624937783694,66012.77112402028
2011-01-18,9267.229264655994,99151.89779433189,34454.87206679548,-8237.51409187424,66689.02304379773
2011-01-19,-956.8473054560491,99034.72285459796,25717.350012233364,-16818.467703622882,65085.29358851387
2011-01-20,-2331.435810452993,99267.94860318955,23623.063761598663,-19173.174793468555,66038.2170827431
2011-01-21,-5.0250021915344405,99031.12455201475,29154.251494749915,-14056.386048838263,62596.616106678506
2011-01-24,5675.261468681618,102324.22542903037,32573.387800910277,-11950.344575109193,68040.41759045993
2011-01-25,6213.463297616888,102822.72782818088,33212.70249878056,-11800.870858762064,68437.80712067519
2011-01-26,10101.685356080174,105566.58390199905,36916.50283020723,-9380.437469576485,71366.08492153008
2011-01-27,12587.997561514334,106418.28792730835,37968.0620890829,-8717.664721754147,73652.54189339788
2011-01-28,-5102.1516139202095,97287.83887627325,25557.30629431887,-16625.431756685837,59242.69946169227
2011-01-31,2369.4942767797197,101503.36861086474,30041.07207083353,-13645.03582122142,66446.1093104689
2011-02-01,18410.60789693298,108553.27869089576,42362.68148642313,-6231.244971922948,77215.52359506383
2011-02-02,16456.617708434133,108303.68676774041,40324.57952769031,-7761.302346806042,77050.04344214244
2011-02-03,18709.296467535867,109618.2738012101,42391.5546000367,-6755.973228185088,78550.33416236748
2011-02-04,21585.53339392359,111042.18513661087,43411.47408998001,-6139.507110538427,81830.56293421255
2011-02-07,27966.74054157881,112255.85732377833,48047.90467477462,-2940.9909436249873,84789.01168424061
2011-02-08,32634.337034711672,113309.74774958007,50810.7299988335,-613.5278539038263,87747.67327911622
2011-02-09,30290.975101896416,113093.7939029201,48947.08023776789,-2563.557412070106,87052.0072607066
2011-02-10,30674.38838465423,113516.96692030411,49184.59449809743,-2693.7083317652578,87621.07930051912
2011-02-11,36821.956785979695,114015.82598170592,53712.518085916294,1204.7610264567193,89739.58317542753
2011-02-14,39308.35214505494,114338.0841527849,55085.47806260595,2163.4263353280257,91175.27672889209
2011-02-15,36030.51400781735,114340.77883741562,52531.56792998547,-673.2109274715185,90454.04340890571
2011-02-16,42567.45383093589,114511.66477532103,57361.37892009108,4236.302030093269,92332.05817982405
2011-02-17,45677.40727666162,114758.23675724352,60379.53450390394,7170.391090741381,92670.42802365942
2011-02-18,47852.179964895804,114475.00614076643,61106.440113335615,7755.747808369109,93835.06448598471
2011-02-22,27775.73750832988,102126.15277064568,46545.233470264706,-1786.0479901287472,75865.62344167192
2011-02-23,21748.502239294066,98442.17829784611,41971.10089719377,-4813.170278114383,70728.54627290758
2011-02-24,21072.88337138439,98643.10776826623,41824.45686339552,-4803.701681787963,70400.50090921605
2011-02-25,31473.608786895682,106613.84516140656,49935.519315361744,1020.838491192204,80660.90126590132
2011-02-28,37562.48382445918,110831.93058912992,54458.316073013935,3930.2513441214105,86445.06497353599
2011-03-01,21054.628944572032,99626.83491502795,42263.7818961055,-3225.9204326077597,70926.64859645555
2011-03-02,23130.547899895915,101432.03466790146,44038.50466733298,-2107.381978499121,73033.04453342558
2011-03-03,39924.34593759246,113106.543651558,56359.27411302249,5387.9973810761,89180.58210908926
2011-03-04,32485.474817691633,109018.26135443966,51734.529208410066,3135.9198577685747,82278.17359668229
2011-03-07,24749.623695478764,103739.71057624789,46188.80037359847,413.170713989879,74809.50053108924
2011-03-08,33291.86115091301,110248.12375914585,52657.773258854635,4021.7136118685594,83391.17828416529
2011-03-09,31874.02538467391,109763.70975116245,51975.88649024791,4047.0791956679896,82170.8152785495
2011-03-10,13657.20931592943,95252.31262345705,37416.74043734674,-4080.8018701047404,64001.7481350008
2011-03-11,20341.28595679089,101760.72572301631,43844.879158071126,1167.5000415556133,70766.09915469725
2011-03-14,14463.52069027882,97027.71451368649,39099.726856893976,-340.6128728836775,64900.47498003251
2011-03-15,3382.3674453854837,87219.53084378177,29308.68145760079,-7754.89515565685,53802.18346452753
2011-03-16,-14314.453627009636,70559.03778650891,12735.54638377577,-23033.94795054628,36018.00440868457
2011-03-17,-1906.2469228604168,81555.7547342435,23671.763811976067,-11697.281354216975,48486.710632368195
2011-03-18,1544.7449638225444,89585.06627411046,31131.88419229223,-4520.744346881169,52506.893678601955
2011-03-21,17037.222760519704,98655.99993886403,42278.97713553568,2803.56631463964,65785.4036415813
2011-03-22,13509.294294177835,98115.56386594754,40373.74283830251,2059.8648282687645,63622.27339955587
2011-03-23,16399.85797260072,100167.31814251305,42413.6170437074,3316.81309781014,66524.71714913937
2011-03-24,26099.862093326523,103859.37646609196,48730.522045869846,7066.8787623259705,73599.87459128175
2011-03-25,29225.182682114308,105120.7250966581,50864.00006697024,8862.463456535595,75853.06578953518
2011-03-28,26714.61263537626,104291.32342795003,48879.51845983416,7303.112331854412,74497.57568122513
2011-03-29,33597.37633706909,107056.99232025468,53835.781033914536,10068.242634910624,79189.74570114224
2011-03-30,40714.505326717204,108921.76879137172,58662.91855183127,13618.243209943525,83344.51364399066
2011-03-31,39299.93770775068,109027.25537211052,58392.973285204964,12043.502388206078,82305.37787238913
2011-04-01,43679.43102225095,110086.05687039788,60343.89946221374,13471.164857083815,85792.74650816822
2011-04-04,44536.0814571533,110447.94159734761,60383.23192745587,13390.64516716043,86971.94920477805
2011-04-05,44375.60832520952,111200.7796129242,59753.619495830266,12802.268210280803,88193.92652003648
2011-04-06,47659.02074144438,111664.65212964918,61693.050410755444,13799.021452459972,90001.78053807112
2011-04-07,44993.61157179941,111448.60584472283,59748.35900123045,12194.929961668095,89065.0164930248
2011-04-08,41389.80114326755,111232.55954562314,57004.65084980894,10052.201976478798,87988.86791681475
2011-04-11,38254.40801401007,111772.92288341955,54510.10603328957,7247.720587126212,87888.38294187318
2011-04-12,30501.971089845018,111522.88061659946,50162.04264018894,3689.1481112861075,84233.96714398866
2011-04-13,30419.671856789435,112224.7246380751,49514.320511932485,2792.9787949528545,85501.23406066519
2011-04-14,31198.461494948908,112442.12650929927,48832.75387136475,2158.432897698134,87178.99221061655
2011-04-15,34951.07442251559,112922.99689649767,47735.38001830375,1985.5753978906432,92509.84937844251
2011-04-18,23738.58427825541,108165.11724613258,39492.699409201276,-2590.3895028803963,84671.61065020034
2011-04-19,29414.895964653446,111855.43349595135,43624.54176707927,-180.3961001635762,89906.39622853928
2011-04-20,42967.47445460551,116928.8870514587,53376.54200837668,5895.771737181582,98780.42803270117
2011-04-21,48113.39624036541,119360.29984407709,56809.457794639515,7908.596212933655,102924.8468248166
2011-04-25,47049.25451820855,119232.49446781073,56208.63490118878,7309.271379742422,102333.72261984413
2011-04-26,55754.42729346284,121349.18137487001,62762.40778297861,12163.381024969276,106601.80942036763
2011-04-27,62415.272253537754,122811.56977512804,67681.44193341117,16024.568409474101,109806.00863026825
2011-04-28,65743.33158542137,124091.7484544057,70377.12297693477,17624.948203045642,111718.5655979058
2011-04-29,68162.87656011293,124270.38661926193,72054.73982336977,18858.71053756401,112639.13189101871
2011-05-02,66569.19647946095,124200.91414354718,70797.39667466865,17954.228251721826,112233.32248335311
2011-05-03,62854.63903420056,123675.91738933208,67681.65756997373,15491.621813659323,111109.50738857278
2011-05-04,56034.67087192008,122703.67861601757,62841.034633468604,11531.994130856474,108157.92338948244
2011-05-05,46791.795675334244,119785.10887213703,56175.12665753253,7297.40335291333,102662.38642495238
2011-05-06,51256.3683888018,121098.77367036324,58864.88096461189,8607.901417301618,105750.86962956678
2011-05-09,55191.08176182145,123712.7531829658,61755.92678404297,10010.05383142957,109408.51669575767
2011-05-10,63896.95440366598,125713.84548846143,67923.79966536374,13963.252621367923,113947.60876177753
2011-05-11,53063.364298440756,123954.79201471177,59849.8160938404,8476.052194163902,109428.94875432574
2011-05-12,57907.04672445461,125516.92454902735,63162.93216660549,10107.34047690127,112521.6476418901
2011-05-13,50026.980859319374,124304.50017274055,57851.22199394833,6651.811700446997,108740.86757312522
2011-05-16,43586.0465669257,123746.37427760242,54408.57365610683,4754.407053252682,105184.45572343492
2011-05-17,43430.74001509676,124654.20828484837,54164.00363035966,4384.575081578456,106181.55320459887
2011-05-18,52439.475958098985,126771.25215306692,57786.70617887471,5160.422613674076,113684.63046730505
2011-05-19,54859.56917405869,127190.43283273024,58014.582746162545,4683.660530948429,116296.02779564001
2011-05-20,46752.50729514506,126176.78262465005,54987.4152550851,2266.8811242524534,110202.48319972387
2011-05-23,35147.89309472703,120786.5842454636,46758.2550018843,-2550.751054219785,101326.2094628715
2011-05-24,34320.93486196867,121028.18352726288,46528.14344081166,-2416.553778305417,100970.96207298519
2011-05-25,37610.68587058729,123432.30274535553,49088.74640942598,-618.1496840070467,104104.22933108213
2011-05-26,42172.63050353541,126554.5417836823,52384.57138732937,1149.7184936769772,108492.58802445364
2011-05-27,45985.49013317858,128754.64966298803,55103.689928143285,2719.1032765030395,111786.43699258838
2011-05-31,56385.8185865657,133362.0910575802,61988.026744291885,6471.805265010335,119909.8700244193
2011-06-01,33704.468600447995,122497.31424832367,46880.14811531827,-1547.084187551518,101471.62185801868
2011-06-02,32652.807264296018,121841.26367160305,45835.46218638681,-1779.3178421370685,100808.59587407755
2011-06-03,22844.993265634534,116035.9674719125,39398.70279477339,-4378.0841561744455,91632.24506733882
2011-06-06,12512.722389521427,108264.00217616372,31385.28140928084,-7969.267398583237,81541.43028096936
2011-06-07,11910.467068827296,107820.12333346414,30862.580816998612,-7636.586842608522,81017.99670985813
2011-06-08,7865.386858805265,104552.72786822962,27545.642083511455,-9181.864463924547,77022.45976808871
2011-06-09,15196.19697495837,111077.87555124261,34047.00339691562,-4513.085401722696,84377.05625385077
2011-06-10,1720.8550090841818,98874.78442979674,21909.836774551193,-12486.171076941537,70835.78978889514
2011-06-13,2465.544481388177,99875.3056572366,22865.99754292518,-10596.1594049962,71624.83972026489
2011-06-14,14586.723487938918,111174.31809617626,34096.09627060557,-1866.1049942637328,83814.932438075
2011-06-15,-2630.8976265731617,95127.65375009715,18099.554878374445,-14068.413565137424,66547.18836971471
2011-06-16,-538.8139424620967,97221.67559593241,20177.417340948945,-11445.540204389836,68655.43143708666
2011-06-17,2300.7068972450797,103624.41642056755,26197.236846276443,-4730.855567016406,71877.87359610136
2011-06-20,7413.377827523753,107361.7187021235,29864.67398971354,-2121.9933783701854,76932.50546052122
2011-06-21,21183.726239859017,112814.8757506113,40000.30069680768,3751.8158632999985,86020.38421425049
2011-06-22,15040.89909459953,111514.51794718229,35105.47060346627,1394.715163406101,83472.02935890318
2011-06-23,12124.968878964786,110465.2201635167,33219.3242868135,160.71057333389763,81392.9476762555
2011-06-24,393.8177296229187,104905.21047370508,25100.628755110316,-4827.204351471504,72220.4823688053
2011-06-27,9284.395630925574,109379.23335442599,30725.10387309466,-799.5805605989881,79960.60803284464
2011-06-28,22425.0405538086,115334.51040800149,40161.821718183346,3597.280299769598,89619.81216421437
2011-06-29,31158.231763088443,118795.92447308335,45736.98060444824,6547.962581503438,96239.25855231105
2011-06-30,40993.28638482495,121135.9370537994,52889.19288275484,11252.52098639228,101262.11347645713
2011-07-01,56339.00045486777,122505.89847756992,65001.91960354196,21911.741619208595,105865.06224948312
2011-07-05,55470.43915464271,122888.35710483952,63826.083519091364,20216.904910766752,106554.79566097849
2011-07-06,56726.989743683436,122902.59434600826,64618.849699773826,20999.03361359262,107032.81731050549
2011-07-07,67664.77981084533,123427.32031042618,73806.57918181084,29412.06198297243,109307.60386004817
2011-07-08,60105.63918461746,123424.82020228892,66931.53602819308,22994.067592881736,108621.00627930116
2011-07-11,40976.619066691295,122451.55463306769,52126.98015616601,9668.262805925217,103323.27646418058
2011-07-12,36487.30222015455,122507.63518499746,48717.20210029674,6973.408968450502,102299.8182254429
2011-07-13,39948.049899921105,123316.895823712,50222.73239470809,6893.984447609051,105064.29624951264
2011-07-14,32782.68942836375,123598.93038987112,43767.73097569484,1783.704691528692,104635.97176312777
2011-07-15,38761.85889633136,125789.02118653292,48228.22078801936,1458.1221028139116,108344.74221543266
2011-07-18,30558.291922089513,122151.2004710557,42479.30044367723,-1179.8631768076448,102119.7261501724
2011-07-19,46653.636862899504,129277.62354940968,53438.36138531775,5738.128396910499,114382.43322769584
2011-07-20,46043.267173022134,129242.4595122207,52997.80221390608,5705.074336307938,114177.45867204094
2011-07-21,60013.136923349564,133919.08082916006,62914.58766548638,13020.268503415631,122907.16428772766
2011-07-22,60693.493550860876,134618.85730233951,63392.746894795215,13201.092755920254,123809.13815910937
2011-07-25,54995.45857340641,132509.52776474552,59610.106601632666,10815.377077526064,119784.41393722346
2011-07-26,51196.11990851261,131527.10702406848,56897.38878433383,8368.553298759856,117715.37234895169
2011-07-27,30462.624158689534,122811.47876009229,42827.38590328919,-754.3296939039137,102336.25121619694
2011-07-28,27573.95495086682,121404.4257026217,40894.51932835078,-2131.761851578485,99973.3955258418
2011-07-29,20813.257973180156,116869.79240719927,35657.365335648414,-5632.700262802653,93915.21924543544
2011-08-01,16632.898762317363,117609.32740950258,34301.31317746267,-5789.042024150491,91830.4471950617
2011-08-02,-8353.947776284585,101379.90229310887,16561.531175822136,-15172.705907221185,68353.95754170622
2011-08-03,-3194.4058954332577,106610.74047086318,21565.84386382345,-10715.386643139296,73740.02491231066
2011-08-04,-48076.38974159952,67091.86671298346,-17789.49810658046,-40570.261852763244,28694.509278668826
2011-08-05,-49447.4588408301,66312.52457513008,-18587.269287258387,-40512.7253438062,27341.869222262794
2011-08-08,-108833.15659087707,11727.37004162441,-72708.51113519003,-91938.75756167807,-32507.741213358444
2011-08-09,-69198.84299428755,48397.330589260906,-36415.29918016482,-54635.838137014885,7503.320975842478
2011-08-10,-108613.3316331713,11785.55484841927,-72703.7396846927,-91915.34675477014,-32234.502899355022
2011-08-11,-70345.58941301546,47124.456418221234,-37661.472954096505,-56720.65658170101,6329.874160006584
2011-08-12,-64350.618236750444,53196.39309674804,-31661.57730090851,-50032.8920067274,12396.886361610297
2011-08-15,-45370.72390012272,70904.88806184684,-14131.289886067621,-31673.4816012769,31554.98824849593
2011-08-16,-53195.95410079754,63208.938890935155,-21774.157603096683,-39040.578542970936,23676.67659393872
2011-08-17,-52592.8600844063,64013.80176976323,-20971.041122612078,-38173.35990948486,24281.517008673203
2011-08-18,-91779.36007248308,27793.994223485934,-56867.81697234872,-75025.1119582873,-15228.014675944112
2011-08-19,-105983.20877212528,11115.438602461829,-75982.92994920956,-92536.15245146374,-26995.30601974958
2011-08-22,-105188.42066366992,13490.948500681436,-75538.68703797832,-91861.16240285302,-24490.38832219805
2011-08-23,-72255.77862729746,30945.664910736494,-52614.113573774695,-76959.10207117104,2972.3966600258427
2011-08-24,-57700.01417036183,36817.65871188976,-42016.593742448254,-69526.9121394722,12802.635086788418
2011-08-25,-73683.79528586907,27467.447602566448,-53766.79754506727,-76403.44654545048,-781.1533354231215
2011-08-26,-58684.58183841161,37063.12763765443,-42166.04537776299,-69909.2540649724,12212.987979817808
2011-08-29,-28592.011601924678,47397.93131364556,-20451.665076646837,-54018.032871311414,30925.98159117972
2011-08-30,-25755.73139967477,48722.91118004848,-17612.810794574325,-52196.77303495945,32248.38737776004
2011-08-31,-20965.39345128498,50075.95901918062,-14978.923838680726,-49932.096249238704,35757.886209388365
2011-09-01,-32332.214565117,49128.146226598416,-24229.766527343425,-57558.31435599062,32694.09499163684
2011-09-02,-59768.139474664276,43829.795455197105,-42160.56065590866,-71102.44348522893,17890.613439253604
2011-09-06,-67405.95746897068,41880.891111649806,-47191.78105066286,-74379.76446769759,13335.111496154219
2011-09-07,-38112.41087922365,51645.69329263526,-29117.56825263484,-64934.429505322245,34319.24746885845
2011-09-08,-49213.03885049697,50604.320507432334,-34755.8692947356,-68962.148444233,27815.547754483086
2011-09-09,-76915.06857632888,40796.37980422308,-51669.00899627025,-77236.43754305202,7218.717026976679
2011-09-12,-70259.70067903373,47707.603289666935,-46296.49805615877,-76096.64342498861,15412.797469604091
2011-09-13,-60763.4653927995,53617.735233216314,-40392.18063854729,-75042.12180898443,24914.847281776216
2011-09-14,-46295.75637181424,57001.748346549924,-35476.05278275034,-73714.72822448763,37850.44156029802
2011-09-15,-28010.725725811513,57971.91457727458,-28844.69092789595,-71483.44622338086,50474.27658217114
2011-09-16,-21633.57439041877,60298.7001658394,-23666.224726359476,-69507.98171031149,53999.74730459211
2011-09-19,-31593.707936443978,57142.96809115703,-30196.375566632953,-72712.49486764369,47229.117082069504
2011-09-20,-32748.829017203523,57104.63666793029,-30443.992411559913,-73081.09079342242,46283.28142301018
2011-09-21,-61883.0422388936,40517.557674489566,-52408.924990079715,-86566.40911776491,22526.92178639918
2011-09-22,-92910.26304146918,19726.777523005847,-75060.18932130258,-102096.53968680243,-6639.814836437261
2011-09-23,-87317.57034386165,23271.347473802045,-71356.39700843068,-99638.97238730313,-1206.3445009054267
2011-09-26,-65102.36350259499,39852.71211803623,-53667.350108980434,-87256.58473372203,19901.180085145053
2011-09-27,-54407.68116983527,46714.126417179825,-45865.49776440603,-82521.46236065205,29655.42437247408
2011-09-28,-74160.50110844983,34029.21722131467,-60295.58342627401,-91767.53585161292,11647.780899862351
2011-09-29,-66675.20850471717,40464.94024672522,-53969.98523497442,-87032.41349668405,19243.198337705966
2011-09-30,-90542.75189646852,23141.770060329698,-71677.25876331935,-82779.4013527208,-4240.241712095973
2011-10-03,-117043.15188567291,2590.7983308187686,-93310.6946274658,-110544.79926536186,-29658.17756666473
2011-10-04,-97213.94437187011,20981.707913217484,-75127.20556805015,-96167.11574341962,-9621.549529878976
2011-10-05,-80100.08583912051,34707.75081280817,-61354.16298523161,-87076.0199595486,7445.309319642765
2011-10-06,-63068.56743667619,47937.15390726307,-47912.985549943405,-79580.87519579264,24265.053381253783
2011-10-07,-69490.0432263714,44342.883831059444,-52167.40614354191,-80514.34672728705,18503.728108953568
2011-10-10,-37646.02593485031,67132.603026798,-28971.68744985608,-70542.1530090624,49941.745902527146
2011-10-11,-36661.70067452954,69329.50772632286,-27367.180564510403,-69829.80007211445,51518.46897702722
2011-10-12,-28023.738739971297,75109.31382013648,-21530.965240083053,-68385.96959440829,60100.021680971615
2011-10-13,-30001.456736691827,75647.79632252757,-21690.60066516092,-68122.47789380385,58820.421611720165
2011-10-14,-13052.11545338733,82935.2589326736,-13839.055687017273,-66745.14538886945,75205.68052702704
2011-10-17,-32311.15012486338,76458.7042717298,-21154.16993063758,-67994.48226672225,56785.20543822727
2011-10-18,-12975.657324262951,84473.38942962256,-12663.04898531083,-66733.52120372129,75644.26245139394
2011-10-19,-24910.66039419562,82236.01017506048,-15605.69406580436,-67135.00911971729,64414.52520739272
2011-10-20,-20552.02065922021,87669.94208203652,-10332.117167357937,-66788.39500523475,68933.51995089764
2011-10-21,-1545.399222882188,89920.05813295161,-8046.550293179927,-65743.55232943501,87904.69056397285
2011-10-24,10712.820141546757,97305.73015996884,1029.6210686340928,-59994.8365387558,98308.91857631072
2011-10-25,-8972.139313170064,88256.01985259517,-12868.284102003323,-68686.6721103692,83472.15398485765
2011-10-26,1108.0325014077016,94485.27949535847,-5469.897539533558,-64104.51316918514,92383.19887972882
2011-10-27,36033.049887455956,107066.47046164982,18831.54016624356,-47390.38667513162,115587.96952629132
2011-10-28,35788.6130898544,108523.1979016827,19218.14689360268,-47459.09116435482,116413.65344136351
2011-10-31,10779.803787983405,100074.34593562991,1227.200154704391,-59610.10987425211,100946.93891233826
2011-11-01,-17456.317027613826,85650.88788678427,-18215.004631989985,-71794.58797062642,77729.56483458976
2011-11-02,-1406.9896801520435,94849.74742543488,-7237.664434995735,-64978.38564132841,92000.4115237078
2011-11-03,16819.825795842986,104048.60695501463,6092.331816218677,-57218.769745508675,106096.09027806828
2011-11-04,10605.359801039633,102612.27334247716,1739.2335938968463,-60250.481074309326,102798.38889304905
2011-11-07,16894.18923681821,106592.24873374449,5873.5840934300795,-58399.613380605355,108932.84322056183
2011-11-08,29958.980082108537,111696.68763525458,13857.772918346804,-54579.16296797991,119117.88414244553
2011-11-09,-8118.351499100313,95470.65442468971,-10017.774884067243,-66846.3966955836,88690.06715308585
2011-11-10,1235.6472783077443,102489.25639818725,-3762.028922826401,-63721.09314627305,98806.9219427505
2011-11-11,20108.00545600569,111052.92274029646,7683.200107749319,-59635.82491507917,114797.71743198205
2011-11-14,10425.205478833883,110183.11267848546,3326.751566263614,-61492.40710765356,108601.55593448495
2011-11-15,15423.02924348163,112849.78329429892,6073.930307338014,-61230.446543055354,113518.87157387199
2011-11-16,-712.7210512900275,109542.20497400314,593.618395069032,-62242.92187034595,99555.85487107317
2011-11-17,-16606.97219455473,103118.7468163101,-5885.085505540599,-62030.61466997315,83716.8494707253
2011-11-18,-17658.614552805455,107510.73929332336,-3322.443487843615,-62712.06770817994,84494.55757179085
2011-11-21,-36681.68522532608,98674.08259221516,-16771.548166004824,-70206.78209539934,69906.50086313605
2011-11-22,-40537.731925320695,97829.5060882247,-18893.606038064114,-70836.334255756,67327.93553121004
2011-11-23,-62102.013746437726,84207.62981084501,-34159.62703584798,-80074.69680413185,47407.798430497416
2011-11-25,-63908.53945836913,85736.7018615317,-33114.377753666486,-81199.00819981017,46085.09548707121
2011-11-28,-36284.39831976491,103620.38091373513,-14305.288502193172,-67398.08321959956,72783.82642640555
2011-11-29,-33500.02948039907,106218.43652340164,-12027.935567306122,-65537.34735642665,75888.89794055073
2011-11-30,6995.038595751375,125440.44932724442,14378.60116194887,-51769.40634216904,109199.44209128896
2011-12-01,6828.282832107598,125623.12752914242,13948.452676493907,-52365.61745834199,109645.51301499814
2011-12-02,5923.910663020255,125932.06362690497,14140.585089156637,-52434.08541646693,108857.94453101062
2011-12-05,17070.49460583757,129818.3069639916,20546.60524224874,-49022.74688736338,117484.75165782234
2011-12-06,17395.510156662553,130918.45923880418,21412.973227790906,-48497.50379876059,118043.55149791774
2011-12-07,21245.929242620172,131109.5546064442,22929.552915201057,-47147.66202180053,120568.48626410535
2011-12-08,-1547.8308729796863,125728.46785648144,10420.868600903894,-54670.50221323047,104902.32371284
2011-12-09,15665.448927658894,133848.55950666685,19912.001038228627,-51589.003190026386,120744.56272633915
2011-12-12,578.5700136658197,132398.30211694958,13060.891923528165,-55582.56097945501,111058.53553732904
2011-12-13,-8934.115313546012,131217.39491294767,10823.376537396573,-56294.21596852783,102602.45839224712
2011-12-14,-19676.107166422065,127511.32964581135,6999.140419498086,-56379.17595611641,91978.63739013323
2011-12-15,-16071.939273856831,132542.31124614645,11926.306228324305,-56101.31252471637,95686.62107420735
2011-12-16,-14589.819532569296,136815.74542267923,14304.478220976307,-58313.73716007278,99064.00299937555
2011-12-19,-25284.193898246733,131999.4389731374,6560.294272856787,-62735.560918384814,91139.01164834562
2011-12-20,4649.628305474913,146397.6561496181,27059.615903063794,-49890.52851935662,114971.72939834106
2011-12-21,6620.601518450703,148628.20452749962,28597.938501311815,-48924.951378772384,117634.92839095036
2011-12-22,15664.627800269702,151771.53180310223,34470.35925609653,-45416.12070372072,123949.86119358703
2011-12-23,24873.092842670172,154914.8590717602,40709.87833465589,-41054.06949268805,130062.13442608599
2011-12-27,25692.751761107,155857.73718829826,41090.50314140075,-41171.42613895831,131444.04665431613
2011-12-28,12037.588910983863,152220.42115126736,32711.29295107245,-47097.24571901106,122530.7779574904
2011-12-29,22644.30972959722,155697.8906766926,39413.59214136016,-42850.0511403596,129912.66911124127
2011-12-30,17542.71560632906,154750.01246987586,36719.08073763561,-44919.97020377335,126557.70818488116
2012-01-03,33987.708868640475,159596.29318662384,46768.54240195325,-37867.349851561245,137799.52049962291
2012-01-04,35629.81246778854,160620.31223101518,46967.987292253296,-38805.468054663506,140266.1982528623
2012-01-05,38422.74454163633,161937.7244856928,48742.00315742078,-38086.36944307713,142602.52671622008
2012-01-06,35705.884847552916,162244.56008684915,46380.13309265103,-40386.358915528515,142554.37268806266
2012-01-09,38251.95633770887,163219.6802341363,47421.06033644639,-40536.88895237236,145034.6370817105
2012-01-10,47377.683625017075,163803.6094132103,53633.989099966595,-35584.50382809923,148531.3647845725
2012-01-11,47950.32794657165,163971.89818912512,53679.56927851867,-35882.7066693604,149226.7177034896
2012-01-12,50496.64229979837,164352.08205883764,54826.98947133636,-35130.79192839947,151005.7957336114
2012-01-13,44983.10902772954,164406.27345352806,50675.18382973154,-39448.97619196959,149698.2594978378
2012-01-17,49092.27985732815,164517.51352068875,52733.331586788176,-37778.20857676887,151860.52263754047
2012-01-18,60849.9179957969,164685.8022603204,62161.50565069681,-29002.739142048755,154358.27545173222
2012-01-19,66521.62144402676,164813.34193263738,67130.63266344578,-23787.824674376636,155188.3915595301
2012-01-20,70547.8036971046,167923.7126593436,69849.1763140678,-24102.43565742625,159606.40088869215
2012-01-23,67968.13095882107,168980.86397811887,70718.70085366303,-23799.96826791356,157112.16947885082
2012-01-24,66828.45909381312,167930.53362557897,69172.68311438058,-24545.608309494797,156468.18500058542
2012-01-25,75161.86074658518,171904.92433156888,75823.74347692635,-20281.41482780082,162124.91699680162
2012-01-26,70005.09298232586,169807.12076027552,71793.97820150387,-22844.502383483923,158900.11093667144
2012-01-27,69547.11053691535,169977.5298248476,71407.43578200671,-22957.98680150672,158999.07997533015
2012-01-30,66133.92187503079,168966.57812777837,69090.67850398133,-24161.939726177137,156891.6968944015
2012-01-31,65751.51688704698,169593.7799985367,69456.21408699802,-24022.56190203305,156770.95819415955
2012-02-01,74463.28053775856,173496.5747124327,74822.1048773271,-21149.825198971084,164019.62576843827
2012-02-02,76050.1695880627,174745.24558804743,75956.64334932761,-20868.92667823506,165720.6472223564
2012-02-03,90142.63180877506,178829.18225565902,85500.14898594562,-15119.881792518427,174353.54047406238
2012-02-06,89456.89936196935,178754.72906004963,84393.07756920229,-16008.471254050848,174700.42624839037
2012-02-07,92029.3544843567,179782.8792193327,86403.36849880498,-14810.947082217433,176290.74060045835
2012-02-08,95057.1396459732,180094.3371745504,87426.50082192943,-14356.205814211047,178606.85139416833
2012-02-09,96341.34566931077,180453.04954569787,88397.222844125,-13869.856777839246,179279.04776645754
2012-02-10,88758.5901212911,178913.70896020927,83072.10681052925,-17935.028441177914,175482.0676665448
2012-02-13,96333.40874879196,181217.72867557663,87163.70659839339,-15362.565785613959,181269.3062215491
2012-02-14,95041.26580493536,181387.42328379396,86438.42593918531,-16488.213701222325,180872.13854511792
2012-02-15,90262.41224574209,181123.95226856205,82489.56944652856,-19905.42586504179,179778.6704633495
2012-02-16,101551.04689623287,181852.8242713164,90570.22574944654,-13318.774869613466,183715.52081367665
2012-02-17,104275.10449327863,183274.76123473863,95718.72496223124,-10082.548837434268,182713.01616135993
2012-02-21,104711.43450764856,184392.40654746862,96006.15065514622,-9780.096195622114,183866.55635954055
2012-02-22,101481.18626972185,183715.2519520463,94081.97385088564,-10903.902749438537,181883.33033045183
2012-02-23,105876.37575234492,186375.04376549227,97218.60846416187,-9055.974508887506,185801.6770132449
2012-02-24,108071.37290536621,187416.6875313192,98417.54032689403,-8452.751961478381,187839.38606936097
2012-02-27,109753.47055188837,188094.4415338249,99582.35900286352,-7725.0588603451615,189034.41904241932
2012-02-28,112681.48021423,189445.7786748372,101743.40685204556,-6390.571754886187,191152.717996591
2012-02-29,108719.22971173635,188164.72187166754,98625.79785557766,-8385.672354844282,189027.0196873958
2012-03-01,113919.05887423118,191024.74286821182,102612.13652626169,-6367.668612631271,193100.5311757509
2012-03-02,110834.84316074403,190756.86046514637,100701.4498018818,-7461.4290917943,191659.11978357818
2012-03-05,106724.39542986004,190349.61600654013,98758.51374083804,-8897.483656626195,189084.36365513148
2012-03-06,92057.54229600375,182625.86486557312,89625.22810304468,-12838.508424336556,175827.04501810178
2012-03-07,98943.43731552394,187313.07684713928,94515.71961927367,-10680.475389047991,182509.66050295913
2012-03-08,108834.84971266081,191489.29468892748,100046.07188766496,-8631.354124621488,191046.93847349292
2012-03-09,112715.15510650957,193714.444064521,102116.6739676604,-7951.409131014254,195081.79116293974
2012-03-12,112783.24678308764,194863.4088388933,102169.64941220847,-8485.05219835497,196245.87216934227
2012-03-13,130958.55961332496,196136.25095072528,111650.49261154793,-1799.4023516249144,206213.1839120719
2012-03-14,129853.5569321611,196340.65079642413,110498.74795624707,-3624.4276088019833,206464.32573190774
2012-03-15,135786.61487397196,196506.33894272824,114030.74467583303,-268.3655012215022,209031.07510043698
2012-03-16,137210.24199141146,196803.64676158037,115788.12462957692,1205.0792429646244,208994.63008298448
2012-03-19,141124.9176905314,198574.6637896027,118414.57287519611,3015.731774230837,211951.4708202817
2012-03-20,138197.26105142356,197723.51834527496,116678.331867564,1782.0424283521716,209908.90974447824
2012-03-21,136553.09185000867,197818.01538006775,116012.77627821919,1285.780937392963,209024.79316720096
2012-03-22,129348.40110913964,194160.44697549543,110789.09739951184,-1376.6749717002967,203386.21290046696
2012-03-23,132550.91301733616,196672.43326459243,113400.11470343638,-60.0929750057403,206489.69379383593
2012-03-26,146515.59163981403,202189.1223217554,121876.9545781333,5035.806876949035,217494.2215987796
2012-03-27,143374.92848408667,200979.54774440872,120517.17375818687,4232.283673987025,214503.76468565225
2012-03-28,138380.2923903739,199869.1130829479,117210.19113212475,2138.2616590490798,211705.6765565408
2012-03-29,136664.51543887542,199605.18096076883,116147.66256807186,1580.547701139818,210788.49604691612
2012-03-30,140793.1753369261,201590.9628340418,118883.1901332608,2789.5880124060204,214167.41025305082
2012-04-02,148129.10910730052,204110.21796736307,123297.56009460357,5380.948411320336,219608.22919540352
2012-04-03,143989.1754780392,203487.49959495733,120892.16684187739,4116.1754991945345,217250.97044646286
2012-04-04,134005.64327451485,200020.22753633908,115239.19734980469,1606.9930136949988,209453.13567639273
2012-04-05,133500.86017777724,200213.50707473466,115117.26183453016,1417.6357026967453,209263.56763332547
2012-04-09,122305.30831649205,194542.27783646295,108443.33173637395,-722.8328989263391,199070.7166319248
2012-04-10,105763.5686552662,182038.01887079678,95599.97933040629,-7241.779559123679,182868.0704110004
2012-04-11,113598.38009710626,188660.14211689658,102204.37782424828,-3068.022003476857,190720.6066050983
2012-04-12,126351.20081706624,198874.18161704438,112376.17339429376,1459.0863830152666,203515.6712551606
2012-04-13,114585.16338524688,189923.7081037748,103385.28325375565,-1726.071824794868,191790.05045060976
2012-04-16,113938.00325526531,191398.180544168,104797.94737529452,-502.0258679712424,191204.6986394825
2012-04-17,128401.72133531452,201841.0044375246,115233.27779894741,2918.940616873326,205675.9101892354
2012-04-18,125046.11756077349,200272.64328424702,113581.45166409062,3113.6601038789377,202403.7713962734
2012-04-19,118696.89731006988,197003.6508275026,110310.99356509233,3431.284209581325,196056.0167878241
2012-04-20,120330.63092892943,197181.67778965808,109132.83689219155,1183.2737922654487,199045.93404173944
2012-04-23,111916.16725961234,192770.7300604242,102803.47992438637,-2159.4698764369823,192438.9028659342
2012-04-24,115679.94825403889,195821.82189322961,106129.3881491283,-613.1165233225329,195927.8674684242
2012-04-25,129302.72102966206,203148.39383238996,115945.08822185383,5157.2187796907965,207061.5121104822
2012-04-26,136329.0304183605,205658.3820632517,120551.32157549472,8362.44499939133,211991.57637640124
2012-04-27,137990.26456140645,207086.1631735603,122657.1471147677,9263.681021671742,212974.76609048306
2012-04-30,134215.30121949382,205793.1841707332,119318.94627715647,7307.969205817673,211245.02458335456
2012-05-01,140515.7394636048,208607.305077123,123718.01386217633,9483.365423552343,215960.51614883548
2012-05-02,137464.917645632,207908.06348406663,121838.45198304718,8678.93431893445,214090.01461693546
2012-05-03,129702.19414492596,205387.3606211131,116704.95878577419,5432.273598213447,208940.0814505489
2012-05-04,113385.40491281907,197257.47166354884,105665.33954248321,741.7790015671635,195533.0225041687
2012-05-07,114103.84850356143,198715.0229704841,106646.74095608597,1703.7402514928253,196727.61598824357
2012-05-08,110110.67461632234,196727.80236835917,105026.44647002406,1175.7878221002175,192367.51598494145
2012-05-09,104232.7258215628,191814.04987343168,99140.21831511706,-964.9577623256482,187462.04285016144
2012-05-10,106256.02436114685,194963.50230106642,102048.39247176377,734.2802330349805,189726.6196607335
2012-05-11,103277.67447285069,191612.09095905628,98647.70725221629,-85.51106003054883,186797.5436499747
2012-05-14,92397.57981126323,183459.33825366152,90386.87965887226,-2948.1736731292913,176025.52387633675
2012-05-15,86809.59075395062,179040.962099727,85964.0508675417,-4612.76143429894,170441.98745642017
2012-05-16,83106.09231877436,175293.24945996027,82199.79268241674,-5586.152180860518,166755.03456660215
2012-05-17,68819.51937311044,165875.38131190347,72860.93705520942,-17849.09479495266,152389.44910008874
2012-05-18,60694.43436953154,161144.53680401738,66841.8423634572,-16549.21531337092,145552.61428037574
2012-05-21,77875.77769077553,171418.6283412585,79187.09334746143,-9086.210032350267,160513.54873476626
2012-05-22,79642.37267154035,171976.45080789714,79844.88009263482,-8512.320156131405,162180.17943699658
2012-05-23,80175.4311646848,173177.1814055692,80865.90472946921,-8001.090229514404,162892.94389097867
2012-05-24,82173.2008277319,174631.9003787383,82208.30576129584,-7317.545577548211,165003.03149536825
2012-05-25,78852.51550472755,174022.96346992347,80317.54068003362,-8451.138448156533,162964.1743448113
2012-05-29,91178.28203564111,179906.60530092032,88512.16909225611,-4634.5982027312275,172978.9542944992
2012-05-30,76219.08052921429,173805.16891482635,78684.5927822243,-9402.466118490323,161745.89271201048
2012-05-31,73977.66392935485,173767.70582366642,77506.5188287783,-10050.444769712398,160645.08697443688
2012-06-01,48458.535157817234,159737.0686347906,60805.271593149286,-18154.953142351238,137796.5682496527
2012-06-04,47990.06270475542,161437.83866417594,62008.76549069979,-16265.205376660335,137825.37192842548
2012-06-05,55459.87470879183,165789.61270521814,66464.1665957726,-13717.528557388228,145191.55686843127
2012-06-06,77805.93376025907,179713.57497888687,81433.52634118381,-9180.399526475347,166492.21844815603
2012-06-07,78416.27674648982,180660.3168019536,81906.28436600347,-9186.114247578895,167576.54523263383
2012-06-08,86503.15904246681,183956.45139768953,85958.73317083577,-8110.945500188507,174907.11331951423
2012-06-11,73470.64021301214,180767.94431891572,81323.76365498896,-9275.868690288742,163321.0569271328
2012-06-12,85102.50431551275,185865.80913813808,86524.54569286248,-8701.979322030558,174850.00381098225
2012-06-13,78545.37182801808,184653.64931594837,84693.4440816117,-9177.643538174802,168911.81311254864
2012-06-14,89329.97278909733,188195.83504045662,88363.41620853147,-8838.728917437838,179568.62767121638
2012-06-15,99844.4165359516,191904.7006239097,91720.14742893912,-7230.951088246773,190435.20578111632
2012-06-18,101775.97997836601,195044.52396741416,93566.59161900869,-6177.231593494653,193522.9408289813
2012-06-19,111461.3747542264,198660.35476980289,100107.00380210881,-1920.3346139726928,200283.75422413053
2012-06-20,109815.00718941889,199414.2441558356,98784.11381474789,-2840.5728514840594,200714.1660327164
2012-06-21,87145.86018765607,188942.87817301461,84173.13652507449,-10658.491231368855,182184.630337806
2012-06-22,94743.59538949079,195098.39411268383,90566.72797558643,-7610.625929849222,189544.29002879775
2012-06-25,78783.68668176988,186491.5099751493,79688.96668225131,-12653.97193512856,175855.25847687767
2012-06-26,83697.53745228908,189485.84662351152,83002.35720278788,-10474.129371210001,180450.05537522252
2012-06-27,92562.5957305472,193853.6081874238,88391.7313586201,-8185.784010444302,188293.5010615607
2012-06-28,89722.97850979732,192919.48903507553,87173.56876397738,-8625.509918932454,185737.9272831055
2012-06-29,114392.5034365219,204315.50335255684,103226.58739602892,-1346.0343067742651,205750.4478952599
2012-07-02,117442.9513360647,205491.3945285019,104044.46924140537,-1010.7400511893211,209158.90512537103
2012-07-03,124146.20352405042,207104.6332785231,108107.46618868294,1448.1096165045165,213412.39911610063
2012-07-05,119517.32990824908,206653.89818196557,105733.90091497195,-510.65610093052965,210706.35567745275
2012-07-06,109819.7450036607,205719.7788482001,100536.71102806693,-3709.4542332729325,205271.8413260037
2012-07-09,108545.70857243246,205276.7164441687,99641.83813125757,-4242.18278785923,204449.6153875534
2012-07-10,99742.82439673181,203068.91803222452,95759.08515081834,-5658.434448499349,197321.68578034802
2012-07-11,99885.71250131245,203308.73164899298,95664.43850604701,-5586.647291076137,197799.03414646798
2012-07-12,95033.59963729147,203164.90697477455,94996.87510437798,-5793.867455127882,193470.66000989784
2012-07-13,111726.12647340047,209151.62157440465,101676.62637000391,-4807.556491040043,209470.150180011
2012-07-16,109334.29536967792,208877.3598210176,100897.77874203841,-5076.778346593492,207582.9049508669
2012-07-17,116261.14970457385,210459.90718410094,102721.79223578284,-4880.988096448826,214268.29315510177
2012-07-18,123783.93812626004,210991.2856930159,104745.87769718235,-4654.197073124349,220298.3746243034
2012-07-19,126461.47238366684,211208.0807967896,105039.71362114465,-4907.918632802437,222898.8680615216
2012-07-20,117062.07221733371,210734.32700581383,99715.89742716658,-6587.6774641833035,218349.53029819077
2012-07-23,106943.6198830234,205606.77823853726,93338.90821665688,-10635.529006839613,209373.6412484755
2012-07-24,98437.0420629898,199567.8549706631,86413.71453013923,-15054.450259204488,201753.33384708536
2012-07-25,98650.3347096475,199765.00068902224,86275.66320216167,-14533.676773156389,202301.82354007958
2012-07-26,114838.61242907106,210390.65697742603,98498.66633857181,-7447.290205928148,216892.75441149698
2012-07-27,133224.59557163517,217560.17859056382,110900.05158612179,738.5268234610558,230046.87391964893
2012-07-30,133218.24616372128,217261.44401274482,110870.99945217744,1150.905644478742,229770.8420678604
2012-07-31,126104.18656910842,215512.63551750453,107779.47570127156,-635.576567671611,223999.49772891312
2012-08-01,125219.53100554399,215079.7322922214,106166.62819079962,-1755.1350662080804,224294.7864505375
2012-08-02,118253.1374631977,212693.3616383425,100352.48403041554,-4763.855853627436,220756.16641469637
2012-08-03,138105.63847368344,221847.47532024956,113906.41985149472,1750.6593426403124,236208.84528601
2012-08-06,140078.9716732676,222849.61923190486,115431.7606512953,2504.778100578347,237658.98159744864
2012-08-07,145203.3877724284,224024.56985155656,118510.15498362994,4683.511001560604,240879.95398392674
2012-08-08,146443.55700173843,224508.2935194585,118627.64663099032,4152.379973976873,242486.35523377833
2012-08-09,147317.60868070915,225022.07050809404,118640.69926803233,3714.158542026882,243861.13126434258
2012-08-10,148998.27639967983,225235.3140259087,119404.30934613338,4065.6688526113285,244991.43242302688
2012-08-13,148479.88104994173,225508.66420914372,118626.21972660301,2682.86624029011,245524.4768760544
2012-08-14,148621.34034408152,225624.23430881975,118139.69028105121,2430.4639756539837,246268.03571542178
2012-08-15,149788.6289028086,225702.2377036838,118242.53412247403,2069.6671308802906,247410.48382758984
2012-08-16,157404.13016835114,225855.37443631142,124324.5431166743,7686.055788898841,249097.11283156
2012-08-17,158791.56076803175,227323.34497503377,127646.20689035766,10592.580518351053,248630.85019627959
2012-08-20,158856.5613921929,227458.36315680319,126993.31303739222,10130.357364029973,249377.3184631748
2012-08-21,155826.80063716244,225838.4245479242,124486.05110936728,9214.214390097768,247234.88102729028
2012-08-22,156244.03820104786,225937.04255698365,124867.1350782963,9209.571485052118,247369.65263130615
2012-08-23,148080.43693694688,222023.23645115644,119213.57151173335,6029.869899336249,240945.8088279409
2012-08-24,154053.4311769381,225765.4895243016,123775.75560002006,8516.660533477901,246098.87205279057
2012-08-27,154258.8875406134,225701.84031076985,123747.74156040372,8481.6342201496,246268.69324255045
2012-08-28,153268.82299350592,225638.19107328588,123305.87129169982,8507.374555725139,245656.8497266629
2012-08-29,154037.95450743058,225891.7003337443,123845.18369976408,8745.798222344369,246140.17809298172
2012-08-30,146858.36720193786,222118.03392015724,118683.08686097129,6340.871595781529,240349.0212126945
2012-08-31,151565.6124884039,225019.44800154492,122024.92208418809,7490.795307334163,244615.84535733165
2012-09-04,150645.5846711699,224830.05325412913,121304.17928503198,8108.653446164215,244227.16559183798
2012-09-05,149796.4019970804,224957.81700082822,121225.3550407975,7815.011464377283,243584.57090868204
2012-09-06,169905.80044640342,234179.91694056243,134395.58262485405,14205.703468955937,259745.84171368272
2012-09-07,173839.31848498163,236409.77781169605,137272.53588832146,15036.244879443664,263032.26735992695
2012-09-10,168066.15608768733,234700.9723599041,133845.01208968624,13663.99437112629,258977.8233094761
2012-09-11,170874.38111665225,235794.96312032384,135721.56969081494,14145.127357133082,261003.48149773208
2012-09-12,174244.56676900052,236593.92266980628,137111.19212523382,14808.560333927395,263783.0042651439
2012-09-13,189712.2688179214,239450.72469402896,148786.39090341167,22581.694007077953,270432.30956010986
2012-09-14,194278.79827633416,239866.14364984725,151551.02763316594,24673.143740424886,272649.6212445864
2012-09-17,190756.08445652886,239993.90717430715,148462.23059054627,21234.826216107467,272343.4679918607
2012-09-18,189906.35284888718,240239.68314424902,147343.36018878059,19725.85052718327,272858.3827559266
2012-09-19,190463.37455916713,240345.31927441037,147827.51245521219,19811.999972944614,273036.88832993625
2012-09-20,190528.66352061808,240362.44602184393,147427.05972092738,19123.374312012922,273519.7567731056
2012-09-21,190091.17803622628,239531.35808992013,148902.5288492802,21533.848938949406,270775.71422843717
2012-09-24,188578.04513080852,238896.98527424224,147488.71060349932,20955.201534258435,269953.32666439994
2012-09-25,177946.639150878,233180.81754911994,140541.37080739043,16883.642658922123,260553.09275545605
2012-09-26,172388.1880349087,229399.8989777402,136329.6665303402,14042.555436619092,255425.427345157
2012-09-27,181637.67985852435,236204.64789404254,143477.03915976244,18524.275262583862,264332.295455653
2012-09-28,177038.44496667726,233267.6725191984,140090.81784771616,16523.510108205257,260182.30650100802
2012-10-01,179637.45893683066,234767.9602573642,141822.55986454943,17763.273096775054,262549.86619249394
2012-10-02,180659.34468948236,236137.29124771617,142932.78959372803,18642.89799614239,263830.85320631904
2012-10-03,184697.24949997218,238881.66767286602,145985.86058174237,20407.862239322974,267560.06345394417
2012-10-04,191820.85717999915,241749.7254004022,149983.2320779236,22758.05078221648,273554.3573653265
2012-10-05,191883.2605571102,243431.89731500903,150938.5391027038,22857.376458075363,274343.62563226395
2012-10-08,188449.10576221513,242182.09392960113,149019.21068693418,22116.379974170355,271578.9958677306
2012-10-09,178570.9936338728,236370.6317228966,142463.8123141143,19289.58389748563,262444.8199055039
2012-10-10,172257.32811956457,232283.43284840626,138179.03022998152,17768.288226353005,256328.73760083783
2012-10-11,172799.60544708878,233834.6479063481,139572.7272100672,19098.08543788886,257028.5330062182
2012-10-12,169571.3103010668,230460.4354998502,136164.8828723072,18041.968012543977,253833.8697914581
2012-10-15,177722.75392145128,237861.0502669625,143497.81525289128,21547.5992212384,262052.99579837103
2012-10-16,187725.40647243257,245443.5493193618,151167.1054806728,23012.448093766812,271968.8571739701
2012-10-17,192243.78342112375,248187.92538167513,153913.70515338844,23321.85401022446,276485.010512259
2012-10-18,189632.20314581215,248531.42836295976,154023.6081351994,23346.15059850202,274107.03023642104
2012-10-19,172967.1667026261,244175.04043855215,148301.6809088313,20609.388744772063,258807.53309519548
2012-10-22,173100.2280096424,244788.55470742332,148808.6858646276,21130.64313776954,258945.77795201732
2012-10-23,159215.39643412616,236265.44457135862,138895.80615038192,14411.873148974031,246450.71595468183
2012-10-24,156419.55167860218,233719.7081818683,135906.21389108314,13144.644974117284,244098.72706896655
2012-10-25,159272.5045398032,236000.737268402,138268.744814815,14805.930980039295,246870.1780929694
2012-10-26,158708.3778343998,235524.64838733734,137431.62520648842,14890.324678954901,246667.08211482794
2012-10-31,158702.02842648592,236068.91020047758,138003.449734587,15980.925790526788,246633.1699919557
2012-11-01,169017.13013009308,244522.69927111454,146822.71481471974,21246.536877831095,256582.79568606731
2012-11-02,160153.85012284518,238257.38627843652,139908.2906439202,17921.839558808482,248368.6268569407
2012-11-05,162169.93384926135,239778.57953319605,141548.12914465717,18742.116172265727,250266.0653373792
2012-11-06,169904.62191233944,245402.88526363252,147599.22605188843,21724.987863576738,257573.96222366273
2012-11-07,147302.81110602236,228586.71141706454,129586.18883429514,12828.604412477347,236169.01478837096
2012-11-08,135579.89053817542,221561.56262889132,122469.16773131443,6305.0683419947745,224537.96653533127
2012-11-09,136410.68034995836,221526.90178777347,122397.4417653943,7305.561069829739,225405.82147191674
2012-11-12,137171.59575931678,220413.9979398572,121271.17798326816,8846.702539915335,226180.096815485
2012-11-13,133817.56732919478,217390.6501347439,118238.2532867263,6332.978134709876,222835.64527679156
2012-11-14,120839.7490532844,208201.77873040014,109097.35419351165,-5597.045866251341,209809.8546897521
2012-11-15,119228.99456021893,202855.50472160778,103751.51076793508,-6924.346635575872,208198.6696134706
2012-11-16,123895.50108983202,206714.09684092877,108266.91651345557,-4181.763580552302,212208.3625168842
2012-11-19,144128.26157318434,214660.63439064962,122672.54238194483,4982.495395927806,225855.70854888
2012-11-20,144561.7445387842,215236.20325338142,123348.58221543767,4915.020909238607,226188.72054371884
2012-11-21,146461.73787555558,215607.94550856366,124863.63979248423,6175.389927184209,226945.39855862613
2012-11-23,160388.26875864252,218055.69910149043,134080.20718242368,13488.255048837746,234103.11564470016
2012-11-26,158181.9048390257,218163.221654688,133201.72791692312,12509.818024070468,232882.7535437817
2012-11-27,152895.93302678168,217613.96966418414,129526.9705785804,9277.13495169871,230722.2870793763
2012-11-28,161175.91150376727,218831.21458838764,135509.61436426546,14366.63403553015,234236.86669488033
2012-11-29,166009.5655799721,219610.6098046957,138989.8339448762,17155.566948236083,236369.6964067825
2012-11-30,166222.63428766656,219197.24208618933,138703.23832880915,17180.73245461285,236455.99301203762
2012-12-03,161083.53384041425,219032.9956962834,135107.37570053432,13701.008578335051,234748.50880315423
2012-12-04,159610.67381944525,218989.53538640123,133744.66662074416,12537.290841790498,234594.89755209343
2012-12-05,161437.62221350864,219806.67611892265,134780.2324122102,13041.097515694215,236203.4208872122
2012-12-06,164951.06820909763,220125.57408539392,137309.23267855681,15181.548517699004,237506.76458292562
2012-12-07,168098.15327734675,220663.39685138804,139429.29735145927,16611.757589442073,239071.6077442664
2012-12-10,168531.28009773284,221125.72825840558,139732.85810740571,16266.361889954424,239663.5052157236
2012-12-11,175638.13523176714,221323.83999971743,145431.2810350482,22004.342376519227,241270.04916342726
2012-12-12,176145.08891788713,221355.8707948227,145620.96799948858,22106.70779849263,241619.3466802119
2012-12-13,169685.4957721648,221350.15589229716,140445.09061026014,16650.658361741574,240329.9160211927
2012-12-14,165792.84701897277,221140.61438221857,136661.5852609016,12923.893500131206,240011.23110728062
2012-12-17,178032.2394971455,221587.8473432737,146807.67494213185,22846.124999559135,242551.76686527822
2012-12-18,189758.61289440497,221755.76237408328,157286.02100989944,33463.1583155063,243967.7092255797
2012-12-19,181832.79367283307,221712.30166507,150041.71003852063,26077.103586933226,243242.74026637332
2012-12-20,187912.89920119988,221797.17616834678,155337.93150293175,31274.68237843027,244111.4988336058
2012-12-21,178247.23908781144,225150.8249078947,151586.31653197692,26235.513835648075,241551.10243072012
2012-12-24,175158.85216857103,224216.8126110565,149473.82193999784,24595.63341448852,239530.75475779345
2012-12-26,170951.50239783857,222643.24422767828,147227.2593068257,23410.345132708433,235996.39923685516
2012-12-27,169613.99879854085,222031.09575131955,146277.89255456696,23180.66103523178,234996.11391345743
2012-12-28,158892.92293591725,214555.88795111538,137941.4970551168,18083.36790286703,225136.22575007982
2012-12-31,175554.4655408547,225976.2797695049,150439.16669856012,25588.10539318947,240720.49052996348
2013-01-02,201110.9711016524,235918.2782549241,166060.4079926333,34945.04033300397,260597.7532821072
2013-01-03,198793.8364681719,236231.28620350477,164833.23024272616,33909.779346174444,259820.80434711452
2013-01-04,203270.80927416738,237557.48283378547,167780.68262289208,35517.36125412234,262676.5214032248
2013-01-07,200463.9344359796,237766.95319445315,165254.2967677184,33048.693880857085,262605.50278087833
2013-01-08,197516.49787322563,237606.646626072,163110.95007423335,31386.31754093163,261641.10634322852
2013-01-09,200102.43018053303,237986.2143057657,164462.06318574585,32112.95172469027,263255.4932187169
2013-01-10,208220.9219815466,238498.90164213674,169080.64500181936,35721.32985837234,267268.09054002794
2013-01-11,208145.22008277077,238493.90128895058,168886.19246434,35537.153713826556,267381.84082554537
2013-01-14,207439.08142039197,238607.22951639118,167798.10014950973,34262.99147739587,267877.12270543765
2013-01-15,208134.10809420235,238816.69971038168,167937.29414237104,34183.33448891679,268642.42558037676
2013-01-16,207988.1252559766,238826.49034990673,167406.5204453317,33596.01273047179,269037.00707871537
2013-01-17,214635.9800651066,238917.63187993085,172566.302842004,38234.65152557264,270616.2210211972
2013-01-18,216941.3958012128,241478.8830826555,176404.8728883695,40723.1807965762,271644.3179136626
2013-01-22,222329.09517083972,243535.57807209739,179193.92517534923,42111.46974370896,276214.0733553637
2013-01-23,223941.56800510208,244242.27587130107,180455.60284415656,43076.12315460958,277271.56632002245
2013-01-24,224205.79200611386,244418.831383853,180799.66306487075,43438.41606825043,277368.2856128719
2013-01-25,229863.33583035285,245495.9024864398,184373.60687319282,45960.39161298738,280528.9567313759
2013-01-28,228644.45362255565,245374.70681173913,183439.1481983487,45279.57243855402,280123.3375237219
2013-01-29,232616.1182541256,246480.82674966683,186895.78181996942,47875.006521573756,281744.4884715986
2013-01-30,228633.34217193405,245524.47540611424,183859.5151321583,45578.09822711942,279841.62773366563
2013-01-31,226133.3475614103,245396.01742535317,182465.0760887873,44338.993656171835,278607.614185752
2013-02-01,236509.3327321873,248012.32244786923,188745.45316184312,48917.452530785464,285319.52730598924
2013-02-04,225042.25883286918,245762.9382132138,181404.07240093593,43226.399954779656,278944.4499329229
2013-02-05,235216.83445601756,248255.78538563824,188016.22191541805,47790.16704684682,284999.7232140134
2013-02-06,235952.04520429586,248577.22793160682,187878.92030829564,47476.28347609681,286193.6781153829
2013-02-07,234597.77868576144,248615.44375943765,186771.6022988006,46163.36299724295,285984.9454341743
2013-02-08,240255.05519329588,249263.68626422016,190308.37936759111,49125.73264794471,288753.68737770076
2013-02-11,240046.7838536958,249505.24426455144,190311.70046722516,48400.48085602489,288783.6529387979
2013-02-12,241726.06080200293,249674.18000574945,191204.68041461334,49364.77669051825,289738.88568091474
2013-02-13,242596.90786471884,249748.70681964117,191670.439377174,49858.93749254965,290218.5005949619
2013-02-14,243534.6316686183,249881.33138343669,192469.909842534,50338.40654392284,290489.3784972967
2013-02-15,242314.83270871863,249607.27144278027,192863.43133865483,50244.89853145834,288601.9981006199
2013-02-19,249803.96974211824,253097.74163369974,198090.40486083715,53632.507490101736,294262.7038317532
2013-02-20,237240.67017596425,246472.19768653577,189251.75091128144,48336.36719547445,283912.51426799083
2013-02-21,231186.8921687676,242689.01650651149,184596.9869802883,45409.45117813698,278730.3190117632
2013-02-22,240844.9621063243,248411.5599971707,191237.66433535446,49401.25151645043,287470.25508491276
2013-02-25,221839.5084458375,239785.56821224187,181275.40368359652,39628.294640104636,269801.07029125525
2013-02-26,228539.29196715335,241701.50424498296,182725.59003176657,44564.87761461979,276966.60349714186
2013-02-27,240959.05376623967,249755.50472069788,192099.4789987919,49952.049229544355,288066.4768049179
2013-02-28,238980.57255811107,249217.65407075407,191212.33263797686,49583.3139019385,286437.2913076604
2013-03-01,242261.65684891318,251040.4010502568,193084.42519187788,50363.21006074408,289669.03002406424
2013-03-04,247581.81419390152,254403.061012086,196400.87936648494,52175.09960251651,295035.3931562748
2013-03-05,256582.30689739922,257456.29917307757,202786.39988796366,55876.554516467964,300703.6034992855
2013-03-06,257957.53365318303,258199.66779113025,203761.3871356896,56380.283341172384,301847.2116253959
2013-03-07,259792.4936391028,258885.4695399045,205182.21468298975,57160.17938886047,302947.1458127897
2013-03-08,264126.3865710491,259679.20908870967,207628.8338711243,58841.252753364155,305628.1591054066
2013-03-11,267999.59647983435,260069.98071924038,210210.68548831157,60449.650497782044,307310.2890275354
2013-03-12,265692.77820645116,259921.0631829349,208219.61238035024,58758.57632372365,306845.62632580806
2013-03-13,267133.53626708686,260247.07206121855,209046.29349614144,59131.48894337774,307785.712148936
2013-03-14,272585.00954519014,260364.40111128683,213555.36256435886,63268.99721670686,308845.4454088904
2013-03-15,271219.12162842083,260237.07105720276,209797.2178399698,59354.049834741745,311110.37216242607
2013-03-18,265694.3034463521,256969.07766024908,205878.71961122844,56883.9762604523,306149.0182440081
2013-03-19,263379.02566958644,255620.19974285737,204109.25201573106,55454.69796290877,304254.3301453478
2013-03-20,270303.9902886448,259867.2577719004,209047.25130111165,58715.46727338177,310488.3535080687
2013-03-21,261763.32877679315,255823.51355470018,203476.36191093922,54739.75201373128,303474.8371691893
2013-03-22,269715.17152781115,258570.26340803597,207778.64358296362,57813.49482918368,309871.1481015187
2013-03-25,265538.17312267685,257640.90281597176,205479.59504937427,56686.33605350787,307063.8376379094
2013-03-26,273490.2619329294,262143.93747478025,211332.91893531755,60004.6518496254,313665.63722102717
2013-03-27,273484.7061613209,261847.40821433184,211007.36050846498,59711.91867138655,313689.11061582295
2013-03-28,276559.4772887073,263513.367272842,212650.15057029156,60685.210594049655,316787.0507398931
2013-04-01,272575.04075095756,262434.32964343554,210675.79199178913,59816.65423195646,313697.93515123916
2013-04-02,277510.21251810086,264775.4256588819,214000.34625695413,61508.92139371368,317649.6486686638
2013-04-03,267300.8844780576,260645.99847022374,207603.19244269282,58050.76811372209,309708.0472542235
2013-04-04,271338.14536598825,262517.8037302799,210267.01503487723,59440.91557871993,312953.2908100262
2013-04-05,266839.8081128542,261168.56830238714,207532.36839304795,58370.9460004142,309840.3647708286
2013-04-08,273572.0319597806,264682.8909193026,211725.34866184043,60422.879264351446,315893.93096587795
2013-04-09,277031.15459605184,266490.70189846866,214180.45328369318,61367.04050880275,318705.7599594624
2013-04-10,289346.3247981603,268902.90237281914,221843.39222402405,65648.90433333977,325770.1916955907
2013-04-11,292677.15681087377,269473.49237395613,223906.2409966353,66981.50504212757,327608.7649368299
2013-04-12,290168.64584744646,269439.69281612756,221741.02002079156,64717.44342163671,327231.6753914174
2013-04-15,266547.2632205419,264115.70724824443,209624.09435639577,58640.91973402351,310403.2328610256
2013-04-16,281236.94681513554,269059.23314372194,215797.67680392205,61196.38552825013,323862.85990357073
2013-04-17,266471.3655976682,264958.2474962557,209667.77472394798,60083.255747249816,311126.1951186111
2013-04-18,260240.76714798622,263374.36643553944,207913.06945605832,60437.564151692204,305066.42087610264
2013-04-19,268833.4805760899,265096.85157928313,209727.09159520385,61338.565193445655,313567.59730880446
2013-04-22,273265.39792639675,267339.0830018057,212883.67870527762,63444.43905139435,316988.6310731627
2013-04-23,283614.55710797885,270819.57658833824,220318.1094772385,68691.83263410418,323383.8530693165
2013-04-24,284251.7482636755,270877.8556024998,220464.20246648788,68901.75209785905,323933.2302499254
2013-04-25,288362.1245383192,271728.05199909955,223593.18291426566,71422.30779188476,325764.82247339096
2013-04-26,286555.62892344786,271828.7550966805,222276.46505255066,70110.93872112432,325375.7478178156
2013-04-29,293367.1589437574,273180.97050465713,227195.45956377708,74109.72748803394,328620.49873487547
2013-04-30,295804.89304992213,273698.84431922226,228543.8908230716,75037.2357255267,330227.6753963107
2013-05-01,286796.2089396711,272167.64628504147,222206.14983468945,69967.12934728572,326025.53424026124
2013-05-02,296246.77621439385,274143.5110685872,228958.53646806907,75373.82091075368,330699.57966514985
2013-05-03,306661.4113592378,275391.094641451,238007.24976849905,83277.72183356714,333313.08508242766
2013-05-06,309294.2493423511,275811.4073268417,238971.70266946522,83905.27128013386,335401.7828499656
2013-05-07,314563.79725776904,275955.9630383088,243285.12596524577,88149.46877206094,336502.46318107005
2013-05-08,319319.02760818874,276029.8118206328,247288.18923418573,92178.38957645162,337328.4790448737
2013-05-09,316356.28797434154,275997.6002178169,244828.85298254737,89677.25136193796,336792.8640598488
2013-05-10,319760.3555250667,276085.59034824,247629.05809526285,92715.89944824646,337484.71662828187
2013-05-13,320592.21863931615,276145.29769671615,248358.51317700278,93271.68991893576,337646.8320092674
2013-05-14,331457.2206817123,276190.8636456439,258285.51606448786,103500.57876188704,338630.39711310604
2013-05-15,337177.5671951302,276215.2175038236,263182.1091939688,108505.42038628529,339478.50435522286
2013-05-16,332155.7072191188,276246.64203605265,258399.41411563638,103550.12804360501,339270.7639897728
2013-05-17,342442.50281217066,277876.0427621838,265202.2720176098,108655.43207988399,344384.10240698257
2013-05-20,342378.0603489999,277841.68737308006,264198.5588430995,108431.74660630105,345193.6411321723
2013-05-21,343811.30224547227,278276.8919804946,265546.77304086904,109368.45631881943,345713.87343828956
2013-05-22,336378.93723046395,274808.690384171,259640.30779797537,105683.76914359094,340719.7720698515
2013-05-23,333499.5878455836,273982.25831483677,257908.8257712915,104412.02368011,338745.47264232073
2013-05-24,332656.55160173186,273755.277892723,257117.4147752216,103740.10552191781,338466.86697242496
2013-05-28,338582.3870752201,277250.47406710056,261973.3926222038,106762.5783552262,343031.92077330884
2013-05-29,332108.6180984471,274305.0500164572,257257.1772391973,103868.57258188841,338328.943128899
2013-05-30,335758.5200628089,276475.87620037235,259729.7351502434,105255.15268334164,341677.1133661297
2013-05-31,321497.32068399014,268574.52033210127,249674.97385493922,99375.64270266471,329569.31941434403
2013-06-03,326884.97636970354,272398.0380566048,253641.66329135536,101662.6780672525,334813.8033881448
2013-06-04,322148.8462117575,269286.0394202422,250142.70099626528,99955.40875049215,330464.6368889264
2013-06-05,308427.9882174499,259935.5612420477,240114.23096866743,94117.51036092103,317421.77074402216
2013-06-06,317169.75386440376,266533.285471865,246782.34641250363,98463.04400216043,326093.14517695695
2013-06-07,329566.36102928146,275856.4236526245,256473.5179017561,104239.98374228203,338121.71903334156
2013-06-10,329562.78939662315,276020.49801980006,256411.6101307713,104413.99098179163,338344.12953884376
2013-06-11,319376.0437607875,269639.39664476854,249695.29977284325,100920.8720794646,328492.59288590465
2013-06-12,311285.5737853702,263223.4434173049,243151.5490709315,97564.07755712,320529.92038493534
2013-06-13,326017.9620126181,275104.706677997,255003.3396547176,104322.5528698545,335291.78128908935
2013-06-14,319844.4544991635,270863.508302958,250650.58698048582,103010.6241964954,329229.82807482727
2013-06-17,327388.2333728691,277140.5955156577,256901.46698731813,105706.63262066967,336799.8141544004
2013-06-18,335172.3217690415,281758.735087577,261772.6981193025,106916.70516641648,344330.81099050783
2013-06-19,321450.8892936014,273307.4342911327,253029.6240817539,105781.99816751806,330901.15175617207
2013-06-20,297187.19696072646,251905.18938556104,231794.0491279303,92923.39349131542,306470.78947154916
2013-06-21,300248.8928005734,262817.5713989134,243774.00877904403,103471.68681784044,308464.9076736345
2013-06-24,287609.05319694104,257116.6138673406,234795.35247114557,98159.89743528562,298988.2909801899
2013-06-25,297098.4223097035,262903.98406243674,241909.2516801539,102612.06081703026,307151.1310790402
2013-06-26,306964.63816115685,268010.94284916273,248996.8126859949,106790.04709936073,315036.74471137853
2013-06-27,312870.21562805347,270396.2560368455,253217.67396647483,109583.43907614122,319106.77408547787
2013-06-28,308717.6723404957,269067.6570050188,249470.25493392488,107318.26376904733,317373.0507986433
2013-07-01,314623.3697012937,272211.3453725269,253827.0531176927,109234.28904147772,322065.63834318175
2013-07-02,313676.3921838997,272640.4757597088,253690.56371708098,108929.47989015724,321684.2806135811
2013-07-03,314113.4045848367,273076.69375412865,254432.94593498087,109268.9868840035,321815.1287910383
2013-07-05,325048.28219762974,276702.3401599948,260975.2435704316,112473.64443528699,329833.35517424654
2013-07-08,330891.14173564577,277712.6552475814,264824.4841859143,115294.45405198238,332837.28918436664
2013-07-09,338306.0248296273,278779.6712734292,270108.54507135577,119390.18711609393,336035.12741875445
2013-07-10,338679.59981072287,278889.85876091896,270165.2286162274,119373.26384970522,336462.2063424683
2013-07-11,352820.40292640333,279304.81384178647,281657.6895344602,129898.44960292522,339525.5036207832
2013-07-12,353257.0554925716,279329.94988170476,282744.39630705956,130909.69039333146,338900.5854542704
2013-07-15,357277.13990810455,279532.27637808304,285558.03509242064,133483.74057348538,340309.3575808208
2013-07-16,353312.7500372828,279557.41239504144,282016.3388028734,129847.6797004384,339911.8000165046
2013-07-17,356012.5217038604,279575.46078180196,284148.1974774564,132147.55276969727,340497.76139525964
2013-07-18,361792.4234486583,279586.42153836414,290629.46843604953,137600.46233872464,339807.35293802654
2013-07-19,363675.06421801273,280610.911760065,290763.5175760607,137665.79211835517,342580.43478907074
2013-07-22,365622.12518042576,282446.0081538758,292219.58580206777,138375.76677140873,344816.4325158827
2013-07-23,363491.0011665175,281907.72483046143,291180.19487035717,137857.56501878123,343186.41611027066
2013-07-24,359822.0585059305,280257.609752771,288324.98425075924,136124.52105211234,340722.568991591
2013-07-25,362242.0341793577,281817.90882092505,290164.604651697,137058.8479969795,342863.22333223466
2013-07-26,363302.2389860566,282440.0998446152,290670.37859576265,137293.3201832394,344039.84521855804
2013-07-29,360225.05990289774,281276.41111995885,288273.3445340211,135890.3963458708,342196.0114724845
2013-07-30,360221.4883977952,281731.82735926984,288863.1020314542,136164.4829288195,342058.0987092597
2013-07-31,360927.40176369174,281784.2045803375,288938.3455688346,136398.95508064004,342741.1457588436
2013-08-01,372451.1012341217,286242.572223817,296885.3176163302,140674.45517821447,350776.2408252576
2013-08-02,374161.87602683867,287914.4115528425,297884.7546424428,140579.1642988061,353159.41792088735
2013-08-05,372681.3219506045,288425.77649125387,296844.96804359416,139638.76579115377,353230.0153819131
2013-08-06,366944.0840814336,286803.81426410447,293490.35744311824,138249.40385174495,349225.4258860687
2013-08-07,363689.5922559849,286099.11321569094,291803.4678808779,137467.46300454624,346953.1225744466
2013-08-08,367351.3376788783,287743.1567148641,293838.29605468246,138151.25567528093,350224.0833227088
2013-08-09,364451.58827514964,286823.0382481427,292059.0115113454,137382.51961649046,348183.49999559583
2013-08-12,363266.12663752266,287556.7694897598,292262.44923016476,137590.93923329865,347528.3318807666
2013-08-13,366218.6126660961,289277.2513940381,293857.2981835983,137759.7444213871,350606.45086018473
2013-08-14,361072.6873128064,288308.4902613573,292659.3199880561,137743.68230871088,345689.74256975646
2013-08-15,347118.64017422864,277229.00920855184,281583.36726573156,137542.75289526954,331732.1671006977
2013-08-16,343865.05035691214,274029.6356237442,277358.7285330512,136074.16204399732,329503.84243125404
2013-08-19,337469.721967506,271256.23172871396,272955.9791607333,133532.95454778476,324632.60829022224
2013-08-20,342351.1057631638,273654.0464849591,276038.0122457994,135421.43720510672,328829.77375705895
2013-08-21,336196.76715334883,270592.6073301672,271806.4278717183,132945.2895243212,323845.5803665332
2013-08-22,345239.5098766579,275447.0863241567,277956.3854275693,136672.20736270328,331592.84452798095
2013-08-23,348613.0682028988,277788.9087054783,280662.0986563144,138335.8454001064,334602.5120067981
2013-08-26,344870.92817893514,276463.2323025621,278292.18116290285,137063.2775707231,331904.6130733301
2013-08-27,328766.9891807697,267053.66068958654,266719.86654597754,130579.60564244911,317963.4170791143
2013-08-28,332261.4449849067,269535.46391297784,269293.3234980183,132269.6959576651,321366.2191546019
2013-08-29,333826.1418860969,270582.4632171667,270631.98106116615,132782.65869022207,322639.25779683294
2013-08-30,330686.9939603759,268899.83556130156,268530.06366104283,131470.41236702027,319919.3996153702
2013-09-03,335146.32918071235,272403.49910323415,271860.41158730164,134020.2025683201,324552.05045138055
2013-09-04,343343.8245448543,277677.92063250346,277843.53555523744,136966.77733591618,332040.8433768559
2013-09-05,344607.9455838982,278528.94668341614,278603.3396737606,137664.90616736212,333396.18634828937
2013-09-06,345086.52038733906,278995.02533473517,278796.3246603266,137622.37044905243,334147.8548164831
2013-09-09,354672.09396160353,283912.4956201252,285334.857726651,140277.9698341675,342112.3656098133
2013-09-10,362145.9297006054,286695.2576399066,289962.9682734797,142351.61849967367,347740.85282176785
2013-09-11,365339.0043756891,288211.1927836223,291684.35148144397,142705.867329519,350728.4794326029
2013-09-12,362622.2499467491,287739.3995744742,290161.5745415448,141816.85781414295,349062.70873441413
2013-09-13,364910.37627011875,288625.4207882832,291329.03921707324,142210.78508338355,351069.3915960641
2013-09-16,370817.1456003305,289469.4477322367,294772.5998296584,143993.4583573374,354376.6272576444
2013-09-17,375397.3782280123,289753.5511899947,298076.3288348778,146225.82080763625,355937.23433786473
2013-09-18,387333.4937689746,290072.6498560023,307393.8015170139,154859.64106478612,358874.9758626986
2013-09-19,385581.27364328364,290153.78103516065,305837.59000729164,152621.56394780823,358760.0984258882
2013-09-20,378294.80040219607,288240.1848179912,303252.6710450321,151282.86519259145,352144.94792989065
2013-09-23,373663.61723485397,285814.5253307237,299798.5161850746,148964.254888037,348452.19646607846
2013-09-24,371317.694671325,284888.54179621185,298416.8181440581,148129.1360360419,346561.9884090542
2013-09-25,368444.1562154234,283631.88611558406,296569.48723816616,147268.00899684895,344279.12517841667
2013-09-26,372249.2674308452,285523.50473067095,298778.3236884014,148682.5975347089,347767.01855869
2013-09-27,367676.79469439195,282751.2684037788,295798.8103696916,146339.00432412955,343401.8228140544
2013-09-30,362401.5753986297,278821.6795881579,291518.79802248767,143982.40701541607,338477.0270498752
2013-10-01,370188.8167140341,285039.23481938196,297759.31668889476,147841.40712035447,346241.30493009667
2013-10-02,369248.2127410137,283844.2229670293,296557.2594859444,147552.10280253738,345307.7463076739
2013-10-03,360106.7121974173,278281.5832930575,290572.8497892204,143738.69033701485,336588.01578682964
2013-10-04,367542.1354236433,283782.6821929107,296144.8971395914,147298.596359052,343952.4905625379
2013-10-07,358986.1828495122,277214.2480791332,289402.7873893881,143329.13480180711,335570.21362483257
2013-10-08,347560.64478857483,267511.3176548013,279541.57251513866,137122.96991414996,324302.9600138127
2013-10-09,348259.93095874804,268362.3395930161,280376.30670652166,138836.2952547213,325018.5339308178
2013-10-10,369167.8505576726,286174.0865490292,298200.1086869391,149821.53608613182,345914.39850533794
2013-10-11,375549.2650903483,291406.5142801332,303542.99645130476,151885.97180845914,352185.3530047522
2013-10-14,379528.776412494,293883.3408577137,306093.20830210834,153118.14581923885,356091.47905367473
2013-10-15,372261.896664556,288851.15431174496,300892.65627402137,150566.1299010415,348992.9647878548
2013-10-16,386140.68280903465,299780.78736958327,311778.2661976011,150562.91542782215,362915.77406659216
2013-10-17,392873.4705653028,302478.0620040861,314456.37746517174,155007.09940286027,369667.7251897925
2013-10-18,399723.23447492137,303205.08181054774,315913.27675149427,156031.20794270188,375787.6096195503
2013-10-21,399776.3759737843,303814.3811260462,315910.7152567117,155877.37563164835,376369.9283921521
2013-10-22,405564.9252018925,305620.16438975465,320253.20996611496,159107.61682055076,379621.76617456554
2013-10-23,400744.23824349785,304336.42371774605,318993.74284283165,159104.40251187747,374776.8056674457
2013-10-24,404066.48265362496,305722.1401091467,319166.64904520847,158066.48243617336,379311.86026659654
2013-10-25,408650.34476493637,307107.85648906813,322114.24643792794,160262.01783508598,382333.8413651098
2013-10-28,410252.4784406934,307998.97801876115,323487.2339852173,160931.36223308137,383454.1090232706
2013-10-29,415639.02982956544,308991.72861342924,327460.3622587586,164084.00043291878,385860.2827332694
2013-10-30,410589.64057987195,308100.9536463155,323768.5115861378,161157.7423074157,383611.96918908285
2013-10-31,407718.7461672143,307840.27894174354,321376.97248943476,159007.5134870957,382871.9391685563
2013-11-01,410124.1836411476,309043.4200809833,322951.89492968726,159897.08996656328,384905.5953414769
2013-11-04,413675.85359230114,310382.06664642575,325306.81644387124,161174.68109529163,387440.990343889
2013-11-05,410461.7039466683,309850.7381960226,323211.8305830518,159762.03725051763,385790.49810867244
2013-11-06,415619.18789975625,310952.25023159524,326516.88650568295,162009.66500693327,388744.43817470176
2013-11-07,402771.56920325255,308279.93588572834,318233.86388246366,156509.93340959237,381507.5277555507
2013-11-08,416300.79559896997,311380.15307344473,326475.50994520565,161383.12700257683,389895.3252762423
2013-11-11,416469.9366953329,311790.5873619099,326313.75505430484,161056.92416484817,390636.6555519713
2013-11-12,414402.128340593,311774.1795201928,324717.31402036594,159398.53765777708,390148.8803894533
2013-11-13,422542.10264399933,312150.737431698,330586.901199955,164582.14295021445,392795.82542477554
2013-11-14,427642.2204852571,312324.03718122235,335174.27554255957,168847.4468755303,393481.8686729532
2013-11-15,432111.529459466,313229.06627215305,337004.64421698847,169969.83205928933,397025.8380636639
2013-11-18,428609.4835601624,312054.57049484923,334647.0603770439,168399.19951167656,394618.14882045676
2013-11-19,426440.2054460668,311321.4494504146,333474.57684765337,167581.32106448803,392888.23319131695
2013-11-20,423326.5715634581,310246.6452912404,331313.1573351885,166368.66666833684,390861.2146619992
2013-11-21,431321.79604829894,314189.8930082086,336972.67390328576,169664.09880252904,397140.1702957108
2013-11-22,436316.9487237682,316404.6261815473,340113.0593417627,171622.38661511336,401209.6707060417
2013-11-25,435313.644704956,316435.26733703143,339573.7614834595,171288.42702570464,400776.30570101703
2013-11-26,435588.28375388094,316713.7962267734,339878.2038996308,171438.3863212869,401025.03122351266
2013-11-27,438029.2371578683,317628.7936376119,341356.53187397495,172237.81570245977,402902.65406399436
2013-11-29,437359.3095639035,317351.250003909,340830.09184967144,171725.5701775013,402481.62286063016
2013-12-02,434745.76518523134,316590.973058895,338900.4951677511,170461.61973384186,401037.3982188642
2013-12-03,430409.9866401766,315542.61034664116,336684.5640299786,169274.07752513327,397869.1880993284
2013-12-04,430294.8678704292,315211.11217793776,336207.4028960967,168812.41364603676,397899.73229475936
2013-12-05,425903.7374216477,313251.5944942741,333494.06808275264,167612.13670663,394262.4189756582
2013-12-06,437008.39162464614,318722.0094302392,340626.00574850454,171212.84457314108,403705.55044886994
2013-12-09,439559.3355679486,319871.1380183266,341937.3236103009,171731.75315546594,406094.3051184632
2013-12-10,435945.8726117942,319104.1613356939,340210.75849235035,170722.49679769552,403440.43059762655
2013-12-11,424667.9141404616,313908.7036053657,333161.0382504852,167599.27894386137,394016.7346378311
2013-12-12,421387.4058852818,312666.05041933176,331567.902644207,167099.41087266873,391086.7088028957
2013-12-13,421272.3924583935,312254.1561454043,331119.37370023783,167172.6046382268,391008.33004604885
2013-12-16,427433.9657119676,316733.02003917564,335716.63306143624,168977.71864473447,397051.5078321959
2013-12-17,424265.21549644164,315363.0731126673,333952.44946969347,168821.68764803978,394276.9942819046
2013-12-18,441201.0054611617,322930.4842719729,343066.52889698464,171047.04698695592,409666.1159786389
2013-12-19,440030.93246838247,323764.72833750374,342172.4228334201,169910.44347143872,410224.3931149552
2013-12-20,445890.758860545,323473.4280434691,341640.48039019434,169805.35127125657,416324.86165630876
2013-12-23,451230.33332727896,325976.42762215505,345011.2243444673,171764.06411433313,420710.59737596416
2013-12-24,453429.2848042017,327231.61184726283,347343.5029616768,173250.83170529874,421832.45446078514
2013-12-26,458548.1909908207,328811.3304166426,350690.4922875406,175438.01812109933,425184.08989092015
2013-12-27,458489.8164277651,328887.593897898,350322.8629326136,175052.7571629563,425569.60816404707
2013-12-30,458320.3797897873,328639.3230119224,349848.7570752008,174922.19395199372,425626.00649750646
2013-12-31,463108.80350970844,329285.1773803127,353060.97297586175,177236.7292126848,427848.0686851568
2014-01-02,453357.4179778228,327732.8601992745,346676.39162054146,172687.8741670365,422928.9473275534
2014-01-03,453189.3989185885,328485.39925213857,346279.8945427411,172328.7972443963,423909.9643989836
2014-01-06,450267.4982689617,328787.56409007683,344778.5098929247,171409.38524576044,422791.6132371116
2014-01-07,456432.92847725283,330745.51645041467,348571.966463723,173266.17880957038,427121.53923494206
2014-01-08,456650.7148729953,330921.8414222335,348529.8763661352,173149.0647368231,427557.74070009124
2014-01-09,457309.31781675626,331369.7155419199,348920.44776365673,173082.89020886295,428273.6463660171
2014-01-10,460060.4215158324,332307.7027633479,349999.24970221217,173131.32966535538,430883.93534796557
2014-01-13,446563.3950898751,329192.3221059961,342839.2187713813,170543.64731277456,421431.5591954874
2014-01-14,457465.6014128547,332640.48320802045,348349.442390139,171700.0220055473,430271.7030017337
2014-01-15,462915.88756593363,333128.0962006324,351024.45848958567,172665.3733723804,433534.586047978
2014-01-16,461591.283928434,333178.58127855253,348937.09973664884,171312.9751284651,434347.82624133525
2014-01-17,457292.65039941214,331758.72702347045,346650.81606515544,168801.7020757033,430915.6221287246
2014-01-21,460230.11319331464,333422.15157057974,348556.04713254236,170085.30641666777,433522.42197884654
2014-01-22,460880.81359068654,334088.95754145645,349386.984486294,170605.44709071424,434008.99099334364
2014-01-23,452655.2733510871,329768.7777882905,343283.6744288453,166702.26296991785,427566.5810580271
2014-01-24,431415.27710945095,315192.4681915697,327256.1726545249,156450.9066681899,407777.7769939906
2014-01-27,426620.6001272697,311764.69639494293,323710.42796949437,155084.44193636253,403101.0729002129
2014-01-28,432390.14438435785,316873.8567202459,328767.7756496228,158714.93200121098,408922.4298024756
2014-01-29,423020.91448107426,308741.2575950469,320578.23539802385,152835.91113181715,399610.14102559205
2014-01-30,433255.72161764046,317643.15178077994,329599.3971496527,159168.83592350967,409725.68059626233
2014-01-31,427535.3181164692,312036.8546168008,323854.8028458471,154985.21042002644,404143.5742349175
2014-02-03,405696.2316190393,293116.6179458874,304743.99552351655,141113.61131074303,382495.0583889049
2014-02-04,412337.01153949846,300109.02152700326,311677.6587912955,147255.32607636135,389194.578622701
2014-02-05,411136.4645090661,298669.48214529175,310215.85868845694,145876.11396223935,388016.29231339565
2014-02-06,423712.1135308226,310051.74550822657,321579.4686164565,155421.36680725054,400610.59477008734
2014-02-07,435689.49483779917,320692.5228299643,332200.6464396301,163398.69760234444,412607.57557562814
2014-02-10,437483.679142072,322435.4677337245,334060.61842376995,164938.6248807276,414284.73279952107
2014-02-11,448208.5948540574,331212.68722097296,342747.35275362665,169028.01888870704,425100.1336688984
2014-02-12,448695.8227771658,331859.80761774466,343394.36335409177,169497.17012385372,425587.47138831345
2014-02-13,453811.6831331842,335978.13253960456,347541.18455699645,170833.14004247985,430674.83546328696
2014-02-14,459308.9789847014,339571.5115895618,351217.8194493279,171735.70060894894,436088.87547242997
2014-02-18,460503.97022809176,340966.67982306355,352415.0005514617,171860.67381382803,437481.85384718823
2014-02-19,453857.8401461989,338136.03383671166,349473.94227706245,171730.70033810847,430946.1360533428
2014-02-20,459736.26303936867,342825.2373589333,354145.26730359625,171893.91553014587,436842.43744220026
2014-02-21,458589.4870206011,342494.6460405525,352417.23279653303,169558.65331342886,437093.10461211536
2014-02-24,464133.62314630026,345066.0863873656,356275.8046751239,172848.74968428467,441256.02676775976
2014-02-25,463750.3388744338,345063.5863804212,355957.5055869606,172222.24899815582,441188.54157711216
2014-02-26,463801.8751479511,345359.32717797766,356108.04976241104,172245.21839974355,441385.27447273565
2014-02-27,469074.3382437717,348410.5537265104,360418.6415383257,174229.33278610976,445398.37234117417
2014-02-28,471627.1964179424,348258.93329300964,361264.9250982483,175589.44648634642,446953.32652192144
2014-03-03,464500.45983569854,344858.7242583514,355773.7479588494,172059.0752602541,441917.5580444183
2014-03-04,478636.08893413545,350762.3318325428,366869.6928298336,179455.0832646878,450860.8498460624
2014-03-05,479557.2801320156,351304.08828754514,366918.50940872077,179184.79720149934,452274.98092005774
2014-03-06,481891.8691318537,351651.3398564474,368387.8747205166,180557.28842750145,453487.45617700217
2014-03-07,482324.2337090319,351797.6030433485,368289.49381645815,180388.8800080798,454164.46484513994
2014-03-10,481777.6103248197,352540.3478440703,368026.4461645661,179787.49151648022,454623.63391354145
2014-03-11,476716.75900652737,351966.9429678202,364708.5343936519,176893.8556228876,452307.2894899136
2014-03-12,476984.84660306684,352391.99645125214,364666.8165440117,176585.36539113126,453042.1484195252
2014-03-13,465562.3703602321,348148.932876901,357043.787692138,172341.85045912093,444999.6374542129
2014-03-14,462731.47594034113,345513.7762769244,354150.8887375919,170263.23583357735,442426.4853888914
2014-03-17,471809.83902989264,352558.47904805467,361480.3590530886,173978.91321996157,451220.0809340766
2014-03-18,479039.26503257145,354507.1540319368,365419.5727839954,175733.44560555276,456458.9681897306
2014-03-19,473597.7018212474,354439.46178153995,362293.6256051839,173502.01445993595,454075.65990682115
2014-03-20,479522.3581251871,355071.9870793794,363694.6832909421,173753.85131424735,459231.78382284206
2014-03-21,475559.0821011515,350634.4185735737,366468.5386164719,178042.59051257907,448057.0839674712
2014-03-24,471420.5394352782,348606.86590493936,363359.93983642827,176599.97983818525,444911.18336366344
2014-03-25,476143.7160802675,352355.855766739,367412.02402689494,178653.1843540927,449331.2656799858
2014-03-26,468943.650266796,347579.67269615387,361905.5043676251,175862.6607600185,442861.53645519866
2014-03-27,466846.6950601779,346413.99992765347,360320.8837255677,175594.9122094321,441183.52912213776
2014-03-28,471730.1862144822,349449.8818538105,363510.5050456787,177194.01718866755,445913.28088248824
2014-03-31,479890.1309991859,355004.1268349062,369703.38470709394,180622.13407193753,453434.5909868724
2014-04-01,486546.5787019692,358604.99840355036,374521.90780841256,183066.0115259795,458873.387156981
2014-04-02,489925.76512159716,360034.42425756506,376860.7146067817,184412.48182067904,461343.1926322546
2014-04-03,488579.9126688515,359742.1120869508,375820.6518495281,183904.7124402686,460745.09076614823
2014-04-04,476599.7951107408,354432.3469635544,368217.2212874866,180483.13786267373,451058.6386466827
2014-04-07,465533.1069818416,347060.3508502424,360252.9259117788,176090.29487836454,440584.24978017923
2014-04-08,469611.2970480805,350539.15884563,363611.3107634266,179215.32153919782,444782.8629901579
2014-04-09,480294.78937371954,358200.24834655086,371436.6193551724,182264.66493697418,455302.13622497214
2014-04-10,459185.02121696813,342058.95224377,355019.0629486835,175689.62149776216,434468.62837192864
2014-04-11,450319.9322048649,334731.92685353826,347671.95028964453,171296.77846753295,425623.6266286328
2014-04-14,457996.11352332006,341570.69368687365,354475.5187580427,177461.74902077788,433335.006312025
2014-04-15,464759.57206323463,347555.0158977257,360425.9173628327,180839.05312946625,440132.3884580018
2014-04-16,475121.5266623337,357098.453243681,369940.50824431586,183421.68308511865,450523.18952157296
2014-04-17,476514.04428686766,356170.1257966927,369426.73962747306,183935.6374861931,451501.1483159613
2014-04-21,479997.99534172774,357907.22242395184,371555.4825006437,185182.54258290748,454504.3077208521
2014-04-22,484554.59579055285,359448.97386512114,374538.9872024376,186520.03107571183,457619.15490905236
2014-04-23,482190.20730357314,359247.85072219465,373497.2802918225,186516.81676703854,456095.3501897614
2014-04-24,484225.5370266249,360885.36447955924,374565.0022189731,187265.3984038937,458700.4717430271
2014-04-25,475959.66061144386,356796.290343991,368992.0059239648,183753.80293955514,451918.51748728607
2014-04-28,479121.49405786255,358874.3108385082,371413.30264615663,185041.17165597365,454737.0747060303
2014-04-29,483785.8031272265,360269.22663557506,374969.65315143694,187919.84180324688,457239.9490671807
2014-04-30,486786.6786266295,362008.88684211904,376963.16695427266,188906.49211390247,459986.970970292
2014-05-01,486890.3115261912,362618.5514351572,376386.8638551424,187725.46407037042,461276.57156202197
2014-05-02,485438.3203909354,363030.30718246265,375541.77262016106,186769.97480246122,461081.4274090532
2014-05-05,487365.84048955626,363959.1795497234,376632.36746006715,187343.13730232255,462847.2250350286
2014-05-06,478563.5384308993,361261.8513295115,371551.9957001796,184545.7479167825,456427.9665160472
2014-05-07,484461.55560278276,363588.85382547136,374942.1501124932,186121.30500302813,461262.831771577
2014-05-08,483384.7294967036,363706.93835344864,374406.84125876636,185554.24360031984,460839.3990472021
2014-05-09,484883.43182360113,365376.3727642526,375486.3711585086,185300.4305015516,462928.0058851611
2014-05-12,494697.89001217776,366975.58144819643,381050.1772802563,188467.28899569158,468777.866635934
2014-05-13,495606.9175221863,367157.5075011698,380445.4066608208,188138.29627826205,470473.59081835125
2014-05-14,490774.305679145,367122.3722405783,377542.92113971733,185716.80480234534,468508.329235822
2014-05-15,481864.7991010226,366710.5717678317,375184.6992237151,184585.89637447963,461545.2441009554
2014-05-16,485348.74991352786,368705.5980743605,377585.25559421023,185697.8458735419,464623.66484949423
2014-05-19,489014.33100428764,370475.7709364507,380038.56904905685,187351.77712073922,467513.5027768459
2014-05-20,482682.55603925127,368420.2343113329,376064.73564797244,184447.75704416237,463100.0245877763
2014-05-21,491081.36984418496,371640.29924160754,381313.09419271955,188020.53606696986,469470.5447782376
2014-05-22,493523.7334559597,372398.83646034636,383503.4796474981,189867.83577849227,470481.0601539726
2014-05-23,497561.8675235294,374177.2393643041,386393.9138418834,191602.60421985178,473407.1629311147
2014-05-27,503779.7416708774,375640.8688936033,390180.5807478081,194675.2442807404,477301.99970183725
2014-05-28,503031.7638340727,375908.35963134444,390013.0621230416,194121.8771059201,476989.03122753993
2014-05-29,508292.31561957137,376736.1469440635,393559.03401959385,196981.95809967,479531.3984292054
2014-05-30,509937.4936572534,377242.86541486066,394971.917151103,197966.51810389082,480270.4118061754
2014-06-02,511103.46373501007,377572.9536364605,395437.09459115006,198313.04380975734,481301.29266548523
2014-06-03,510567.80508954416,377544.20020986465,395245.6372879527,198071.90626166272,480928.3378966205
2014-06-04,512637.7185301365,377641.356114367,396797.15937737096,199656.27578469645,481543.8851522972
2014-06-05,519334.2067712161,378305.1040584177,401985.221843502,204191.46496568853,483716.05887129635
2014-06-06,524275.78730763163,378742.2151668072,405776.09835877246,207726.37627754803,485303.874000831
2014-06-09,525335.3992648973,378763.82542162784,406376.59212922165,208210.44011760736,485784.60244246805
2014-06-10,525438.1886729047,378810.61753132986,407025.2363771072,207869.27471315186,485285.5397122919
2014-06-11,521817.74687986664,378819.6368232772,403071.77257578005,204627.30351513997,485627.58101252833
2014-06-12,514475.27341256995,378526.4736724002,397242.6763296055,199172.21754885698,483821.0406405292
2014-06-13,517608.7671604526,378629.9249449547,399543.3187230674,201444.27799796383,484757.34326750453
2014-06-16,518455.36307377653,378922.2402212431,400197.0753064996,201815.81050847447,485242.4978736847
2014-06-17,521323.0616463474,378880.89571838896,402458.66484277206,204100.374402422,485807.2624071288
2014-06-18,528923.5931005918,379066.1880228496,409197.4383896927,210961.20946863666,486854.31261891336
2014-06-19,530089.4630130599,379094.09363154764,410517.57624208345,212057.9433814725,486727.95028768876
2014-06-20,532206.6576121845,378744.2711902582,412685.521464864,214680.10100894887,486327.37722274335
2014-06-23,531896.5871544522,379196.7200180122,412736.0147952053,214431.6875038226,486348.3979345326
2014-06-24,525870.5401891639,375806.8115046988,408195.15741085866,211703.08208225993,481473.2998402773
2014-06-25,530357.7576687841,378629.3375294709,411829.3141726835,213758.42518711765,485148.8865828451
2014-06-26,529639.0416765647,378214.9236932029,410933.2927985119,213270.40323090577,484911.77812852897
2014-06-27,531574.2298656737,379574.6018742188,412424.9780510138,214090.3975703544,486714.9592461522
2014-06-30,531060.3139751705,379851.1501692254,412310.9788094049,214098.93733304855,486591.5908922645
2014-07-01,537742.2972064064,382767.40655348194,417182.9835192922,216929.75830877433,491317.8257978696
2014-07-02,538759.2891410658,383162.5847762942,417527.95644463203,217156.65791548276,492385.02303000144
2014-07-03,543706.2476285124,384802.73985180655,421218.8227596509,219539.36216951,495281.2702779415
2014-07-07,540180.9730866727,384108.5632955013,418585.29089475656,217537.78952169092,493695.3510446908
2014-07-08,533696.074042908,381808.36657292396,414282.4335222654,215245.54657131783,489213.1126508401
2014-07-09,538183.5927526895,384052.3353931233,417477.99181809113,216514.0146751213,492749.0418849954
2014-07-10,534199.4513006895,382779.24456053437,414650.20825453056,215202.7839341627,490319.5931639669
2014-07-11,535573.7215264027,383890.28441137006,415501.4560796751,215369.12716135033,491953.6554153712
2014-07-14,540622.5548753748,385785.65967515856,418235.0811119692,216443.81503666402,496164.23899583763
2014-07-15,538730.716470973,385738.87101934664,417434.6049480471,215907.70503746276,495026.08809954603
2014-07-16,542452.9796075658,386600.91546290554,418971.062265998,216461.60861830832,498073.93836174696
2014-07-17,530966.0878503711,384250.9195853998,414554.1138645441,215138.26655782107,488653.99912850047
2014-07-18,541170.060352259,387770.9896110224,419009.7191639126,216636.8485616967,497922.4363566423
2014-07-21,539294.9381140496,387245.4503033371,417474.6316954992,215719.72837873083,496979.8669863703
2014-07-22,543641.002529816,389362.0434706588,421187.44978468353,218109.00632808986,499729.7064802742
2014-07-23,545863.1562460822,390147.5947301774,422694.118399906,219205.37178929686,501230.7428408365
2014-07-24,545909.9242822905,390421.68080509175,423102.7413915228,219298.82382253977,501142.9739603421
2014-07-25,541202.542584896,388730.01517904806,419148.53599111503,216601.0348899914,498698.1320373118
2014-07-28,541603.863448807,389423.1329391049,419433.83196054003,217044.90243133553,499507.2746918547
2014-07-29,537300.7117202786,387830.0629861257,416832.57918461855,215591.692775802,496212.30578626867
2014-07-30,537449.104942816,388036.3644741045,417034.46223849757,215733.47793982388,496365.11744290555
2014-07-31,517769.88445605175,374864.46244634804,401571.0361551889,207284.04093428957,478977.42101169354
2014-08-01,514782.2780103751,373246.74353492307,399623.98094725213,206688.74513070658,476319.1508625288
2014-08-04,521809.29934099526,380139.0656250892,406363.87200707523,211422.1820466027,483498.6032234919
2014-08-05,512296.76596853795,371422.45657697716,397539.3685601237,207044.8151434383,474093.9642498742
2014-08-06,512596.9346214407,372201.8454906952,398270.85888143093,207875.34801800712,474442.0314951878
2014-08-07,507332.88495884486,367589.2822666217,393620.3821850491,206095.88933940232,469215.89530490024
2014-08-08,518507.0486058428,377568.8820426187,403582.46603293275,211602.65703654638,480407.57488001155
2014-08-11,521336.3987559871,380264.7247633629,406228.62785114814,214136.93435528083,483286.6059326847
2014-08-12,519967.13154541736,379226.2554857186,405186.7310549242,214580.8017703453,481920.7662406943
2014-08-13,526589.2604304886,385471.54324036604,411386.49991536443,216776.74682923313,488588.41401997325
2014-08-14,531239.1594870759,389387.50766496663,415278.1146255317,217063.53139706817,493262.6627909936
2014-08-15,531033.3781958357,396852.91713495087,423711.9103099841,219344.05949221738,492088.4952852852
2014-08-18,539408.7111484988,400651.44289388624,429455.00827688584,223283.36318633682,498426.80483409076
2014-08-19,544667.8704869214,402404.96886752336,433801.5411474942,226568.51313872146,501092.9572755422
2014-08-20,547372.5149357534,403054.43236780446,435567.6315443178,228083.00540677668,502680.9748278316
2014-08-21,550332.2763112606,403874.69004960335,437900.1690564554,229958.8563720968,504128.45637299994
2014-08-22,548744.8578154234,403773.87903625774,436309.74327067705,228678.8412695655,504030.65264959564
2014-08-25,553901.549752106,405222.4153336233,440441.83456569514,231711.04007990984,506503.78958862554
2014-08-26,554562.1043223728,405572.98895023996,440947.86031497316,232093.27501464542,507008.89202623116
2014-08-27,554149.9060094362,405642.9720954525,440597.4800835496,231849.15484274342,507017.0570899305
2014-08-28,553584.006657666,405542.1610361878,440041.9177408237,231123.22304770164,506905.90902162145
2014-08-29,556492.9166221425,406100.1275670042,442131.2105358939,232806.34929947904,508283.49272184435
2014-09-02,555978.2509202204,406664.1938789482,441590.063494622,231887.69283681363,508874.04037313815
2014-09-03,555412.9250414746,406685.3786373846,441220.771889386,231631.5273287003,508699.1908580647
2014-09-04,553927.5914534519,406261.27852402604,439947.0676162867,230604.4632304511,508063.4614297827
2014-09-05,558521.9554669333,407173.03298013145,443198.8542295592,233118.71446642163,510317.7932860969
2014-09-08,555861.9751435235,407194.21770412754,441213.73629342695,231103.93654130935,509664.11562281556
2014-09-09,549369.696773422,406135.7391251954,436208.43444519024,227041.45925516286,507118.66052201844
2014-09-10,553197.8496634084,407138.99043596606,439297.9093224623,229254.57819940546,508860.5898455037
2014-09-11,554369.5938243764,407489.56392630236,439571.8712248241,229239.31842824118,510108.94559444604
2014-09-12,548388.1228061588,406693.3763950323,435191.285358788,225767.06033193716,507711.87291099457
2014-09-15,547618.24446479,406921.9540102668,434635.73635156266,225233.85305527807,507726.12119208556
2014-09-16,555278.5041672589,408187.49635722,440058.8957363996,229289.90136819822,511228.7638566706
2014-09-17,556654.7050525649,408391.6747790654,440462.4188614548,229358.95858315285,512405.6200387669
2014-09-18,562118.3208984818,408577.55381160905,444842.70861471514,234354.53951584897,513674.8251639672
2014-09-19,561185.3741289183,408190.05232760985,448677.24571858277,237567.41747392341,508519.8398065368
2014-09-22,553459.1859991724,403601.0621986743,442546.28131579,234201.78166049416,502257.37475329556
2014-09-23,547775.0805323506,399779.3631158604,438316.1524155128,231471.79542059032,496981.6991039369
2014-09-24,555494.4968985124,405287.0535056768,444340.09343451355,235092.47282798635,504184.8648409144
2014-09-25,539447.1697512344,393924.7503753037,431716.57806949154,227806.0624530618,489398.74992828525
2014-09-26,547216.4088268623,400245.52504193736,438334.0413574679,231946.1249694433,496871.30038257083
2014-09-29,545418.940536048,398712.50764591084,436664.29656301625,231128.42030578083,495210.5594901814
2014-09-30,542824.4940323833,397034.9419184441,434824.0494675613,230098.2398948432,492778.7943545049
2014-10-01,529517.6028173438,386052.07808204787,423484.0062134112,223484.66930401884,479829.0825572193
2014-10-02,529663.4067118935,386187.3891777911,423559.55619872897,224236.92420929554,480034.6475621945
2014-10-03,540322.8282512361,395760.5009861344,433155.18798767705,230702.41555448528,490671.54912093235
2014-10-06,539172.4987727405,394769.53973256005,432080.74136932916,230687.39694642927,489604.70500721014
2014-10-07,524072.17460704764,381594.35966417775,418906.2223944918,221535.92168768193,474503.7197479724
2014-10-08,540909.9863643184,396503.7135832852,433828.07177185477,232487.01186522772,491329.03604698775
2014-10-09,521474.4347717603,378450.02769328025,415793.7578911539,219156.84711287334,471874.11244512565
2014-10-10,510508.7481125064,369255.94923603395,406589.4729398694,210394.91066864482,460918.63227990974
2014-10-13,494910.1037662554,355044.83949534874,392399.1968498181,196391.9060633108,445299.154283025
2014-10-14,496351.20588839037,357661.5633252382,395010.17469582334,197675.3502162362,446746.0023890442
2014-10-15,490019.7757818509,351063.3317461731,388436.0640082061,191711.01092554233,440390.45139105665
2014-10-16,489218.94758428447,349572.47412756085,386947.4746875956,191802.23009354272,439587.3548954887
2014-10-17,500177.212626164,355200.6212555175,391296.43681434914,196839.41221108288,451824.80493857124
2014-10-20,509883.4418847095,361049.0176143956,398515.7339579372,201372.6327367432,460030.16120977525
2014-10-21,529883.0854063384,367975.5249765811,412938.03330590716,211543.17024231004,472534.01274561975
2014-10-22,522557.3222011565,365163.3099214004,407903.487453497,208375.3381189264,467430.580337667
2014-10-23,534438.8384339446,369210.4315295825,417286.6306401619,215121.66023171064,473976.07499197253
2014-10-24,542394.2268753045,370941.2472715338,423411.3698207077,219951.9051405145,477537.53999473795
2014-10-27,540957.655299866,371353.94420068315,422077.1441610516,218378.7436783854,477847.8910081049
2014-10-28,552892.4248758546,373788.6097650416,431006.31823473563,225298.13079347205,483288.15207476786
2014-10-29,551297.2787345466,373913.36809812696,430471.7263684096,224689.18879880314,482352.35613287124
2014-10-30,558031.8901649654,374690.78718543565,436010.28936505923,229618.3279683974,484325.82365394896
2014-10-31,570125.9258454029,375628.1721352115,446066.2177461402,238997.7109284487,487301.3159030813
2014-11-03,570706.2642790105,375829.71405335143,446028.5614764055,238907.96400956577,488120.8525245638
2014-11-04,566988.5904539557,375672.9324023705,443438.63038901007,236432.39192983112,486836.32813592337
2014-11-05,573723.1030330157,376220.00058527594,448587.8972908645,241027.76276836032,488968.6419960344
2014-11-06,578017.2472835209,376395.9479291444,452433.6520997952,244782.53198837722,489592.9787814772
2014-11-07,579022.1307127853,376603.88843632233,452859.71286653937,244878.21184865478,490379.7419511755
2014-11-10,582414.2278639636,376709.4507726936,455610.64322928013,247668.76155529148,491126.4710759843
2014-11-11,583471.8706474995,376623.0540488486,457589.76374574774,249371.47387664113,490118.5966192074
2014-11-12,582301.4670259889,376632.63683789154,455847.6918720028,247996.10089017148,490699.84766048496
2014-11-13,583517.4867236982,376725.4018699066,456698.33555502165,248499.71971970564,491157.9887071905
2014-11-14,583779.4903577464,376760.5791758206,456971.7267259145,248892.08244271064,491181.7784762597
2014-11-17,584465.7426247086,376872.54008974833,457540.324540386,249556.4044976877,491411.3938426783
2014-11-18,590723.1482631771,376914.11600765935,463028.278758836,255227.25081836246,492222.42118060775
2014-11-19,588968.7357878181,376923.6987393005,461534.6220841957,253691.17452608747,491971.2481115301
2014-11-20,590875.2709747482,376946.07872937643,463373.3174459606,255591.67538049398,492061.46792677126
2014-11-21,596708.230328605,376917.2696283092,473051.86875933525,266281.4077322448,488187.0668661862
2014-11-24,599510.5869546114,378935.27680236846,475238.11052699224,267659.22019713884,490734.0281014459
2014-11-25,598781.2978636692,378932.06250517466,474996.91026761965,267610.10977816745,490242.7249726824
2014-11-26,601342.0188668632,380115.6806032723,476651.9544703625,268375.6555092705,492332.0198712314
2014-11-28,599209.5855325201,378463.3938863424,474901.2864614406,267500.4148753411,490297.9678288803
2014-12-01,592237.6638375198,375279.64655795554,470360.3934832774,264880.05015850137,484683.19178365625
2014-12-02,598668.1389071168,379073.2244637045,474633.23433718295,267182.04448191216,490634.4039050968
2014-12-03,602534.1413061606,381161.51157510513,477475.7533318165,269105.39578024857,493746.1744209074
2014-12-04,601416.6122025987,380869.88736620336,476375.96292867465,268045.49914262514,493436.8115115857
2014-12-05,603056.9002402006,381596.4404121754,477054.1867603392,268603.4407772573,495125.4287634952
2014-12-08,596326.614029121,379293.4475572966,473560.73336428497,266648.56972415093,489585.60309359094
2014-12-09,595644.6055426,379095.5205824396,471307.12374709453,266231.2187301889,490959.2772494033
2014-12-10,579624.5927992838,367354.086809736,460836.10228209686,259629.36530627147,473668.8521983813
2014-12-11,584603.0017438078,371428.7564584373,464866.3182057135,261242.91766015487,478691.71486798965
2014-12-12,568632.0908941869,359737.2945357268,452774.4185395669,254893.49286519643,463121.241761805
2014-12-15,561949.915460461,353823.8324676771,446765.1958113522,252594.40079671168,456534.8269882442
2014-12-16,554203.5343085576,346935.9185083951,439903.84851267445,246382.66432626732,448761.8791757367
2014-12-17,572972.0200298822,364684.1466987333,457605.6363024772,262487.9170498252,467576.80529759673
2014-12-18,597110.7262403825,384537.4407690929,477481.0329268286,268610.7632663213,491693.408954105
2014-12-19,601363.5975898297,386631.9741219345,480242.4028182521,269673.56203641533,495279.4437649704
2014-12-22,605958.2875672042,388658.3461052289,482088.0942881445,271025.62492967,499958.3962931731
2014-12-23,607309.6075771374,389716.8019417175,483268.6412416373,271867.0856996046,501187.625186102
2014-12-24,607401.5997373477,390132.66983103636,483299.7890760347,271599.93278765865,501664.33740123385
2014-12-26,610641.2837513295,391605.1005410643,485953.98050404666,273858.5903623712,503722.26069723174
2014-12-29,611992.2450125661,392305.1899725571,485929.505731849,272802.83593907603,505797.7861621586
2014-12-30,606563.9622764465,390867.4387811464,482132.8307129841,270444.1747179711,502728.4272534932
2014-12-31,596584.6495257592,385524.7301682383,475102.70914390567,266119.7243035368,494436.52745897614
2015-01-02,596047.5538380237,386929.55192067847,475676.9572140828,266572.9558739264,494730.0054535038
2015-01-05,578078.6673130821,376532.999231793,464499.6541714859,261528.83514707978,477541.8692822737
2015-01-06,568874.2325736575,369176.38171774545,457154.71156178694,258210.49443279952,468325.7596385004
2015-01-07,580927.186973212,378755.6632947519,466661.7619910636,264001.0721363581,480450.9451857846
2015-01-08,598305.8319193614,390293.6022852182,478568.61233437574,269105.90941360896,497460.6787790882
2015-01-09,590311.9443789058,386712.1887894459,474553.7427937717,268244.80511403177,489900.24728346476
2015-01-12,582560.0766004547,381128.8667354598,468902.56189260026,266720.8184017851,482216.23835219874
2015-01-13,579795.8428385516,378869.7014393017,466631.9276213327,266431.1644088747,479463.473565405
2015-01-14,573883.8275109787,374034.00568888336,461830.95760513213,265238.618860089,473516.7325036143
2015-01-15,564970.1929901427,365973.01282737753,453800.6861485571,261988.85206667823,464572.3765778475
2015-01-16,577603.7615884204,369410.636599713,458092.80634018104,264545.0207203259,476351.4487568368
2015-01-20,579732.2191356748,370934.37780296314,459718.95454639965,265512.09659950226,478250.1095971798
2015-01-21,584786.2127557583,373890.56118079624,463441.31682468345,267565.32400234416,482537.92431681266
2015-01-22,599760.0082950647,379365.9887682125,473995.5771524743,274640.7702050768,492432.8871157444
2015-01-23,594151.4501075055,378329.17001237813,469705.39861032576,271292.52653470007,490077.68871449935
2015-01-26,596527.4296256861,380227.2707635376,471398.83951775474,272093.07230472914,492658.3280764106
2015-01-27,583082.5713687637,375613.125171446,462411.25452027284,266699.165100208,483586.90922487853
2015-01-28,570183.1800456548,369997.57998208003,453736.303675127,261822.41999928607,473746.92355754937
2015-01-29,579354.2137314511,374465.3097930595,459582.7590687792,265047.8814395969,481539.23166067293
2015-01-30,566752.675431043,367923.94231607113,451134.6847543258,260240.09125380963,470844.40019772993
2015-02-02,578998.7686929689,375509.2368233332,459636.439938355,264787.1891906222,482174.0327828886
2015-02-03,593475.4993974153,380871.2982833551,468833.2009922266,269771.00179002807,492816.06389348547
2015-02-04,589603.2691840354,380017.1245967664,466389.94577064086,268284.54161715135,490532.9152151025
2015-02-05,599815.4567361189,382696.19092102,473454.931821191,272532.8347216393,496359.18304088956
2015-02-06,596984.0130665273,382213.6057235759,471154.52998264064,270873.98714088113,495345.55601240403
2015-02-09,592416.7004758437,382253.763686029,468440.1366873705,268812.9023379476,493532.7946794438
2015-02-10,603224.5022474667,384586.43387765856,475044.5418301644,272532.54077866697,500068.86149990244
2015-02-11,603815.1082255251,384916.3048918864,474807.5765738643,272114.88223625463,501226.3037484888
2015-02-12,613680.5811265031,385819.3039505463,480896.5649783546,276328.69778027874,505905.7873036363
2015-02-13,617941.2180429854,386098.79004593985,484333.9456191163,279048.48940276983,507008.5296747505
2015-02-17,619573.5289949313,386157.8422543451,485550.4464836335,280009.9297975693,507483.3919705843
2015-02-18,619668.6315779061,386210.5963350332,484995.1968567916,279086.60155738215,508186.4982610892
2015-02-19,618920.0467484861,386225.5617351704,484343.57086809794,278209.2432663338,508104.50482050015
2015-02-20,625164.9929870804,389704.4879299139,489019.4449134406,280871.5723623645,513152.5032084951
2015-02-23,625018.3450435954,390164.2820106922,488551.7808699161,280414.2100872288,513840.1247589021
2015-02-24,627854.5525657628,392118.5350910169,491089.32240528916,282024.07460210007,516093.043826021
2015-02-25,626998.1559286466,392003.76601346675,490315.3417978145,281354.3152753713,515895.85871882923
2015-02-26,625810.2042557778,391870.5235067969,489586.1055197539,280887.69072773214,515303.9008173513
2015-02-27,622397.274688709,391410.9173714949,487495.9031670359,279540.815379245,513521.56746769825
2015-03-02,628689.123501189,393845.47909446456,491325.4140467483,281681.08734903205,518418.4671234358
2015-03-03,624566.1822407393,392339.0462465212,488388.4780344772,279905.3718408558,515726.0290273137
2015-03-04,620348.5610516546,391294.44868069794,485999.9659935399,278772.9165036178,512852.3223133432
2015-03-05,621433.1901131998,391857.0379391825,486593.252608838,278972.1225912371,513906.25401807483
2015-03-06,607416.1982444047,384980.99996028794,477606.74326882465,274995.7800723659,501999.7335103984
2015-03-09,611483.244419632,388567.0709436906,481086.2990675757,276978.0582260003,506173.2948702775
2015-03-10,595478.0620781163,377836.2476325964,469989.7925946205,272776.0103436769,490533.79569062276
2015-03-11,593201.2036069967,375941.87303037173,468093.68697583466,272219.10351003474,488258.66823606426
2015-03-12,605505.3141919964,385334.7531251386,477536.63475702656,276672.85496645304,500512.711134639
2015-03-13,599488.5992543291,381827.0338431678,473822.7447179253,275833.81643707,494702.1669541021
2015-03-16,612502.721456491,390856.60346821044,483013.0746217901,278312.6462290955,507555.5288774418
2015-03-17,609563.3665418351,389307.06582084205,481411.7801893286,278150.7236528741,504667.9307478791
2015-03-18,621393.902169545,396698.6595501767,488789.844776297,279094.7571723554,516511.9955179553
2015-03-19,616844.462754409,396454.57631444326,488314.40400796104,279169.8251574456,512193.91363542166
2015-03-20,625594.6576190667,398384.1978701209,489987.05268386076,279053.04359560553,521201.08137985715
2015-03-23,623641.7703953494,398090.9857669496,488699.85212486866,278183.5787199789,520157.51810755674
2015-03-24,618029.2925472622,395275.9292039566,484516.2931898809,275839.28607477085,515913.5426314644
2015-03-25,603481.8093457373,385716.6046418105,473491.48740168335,269051.69353678124,502831.54065599083
2015-03-26,601148.470443724,384090.63688402367,471727.9201570826,268041.5214306209,500635.80124079145
2015-03-27,603378.0099589882,386379.5154422226,473984.20211760467,269586.529388465,502897.93735373265
2015-03-30,615302.6694402813,394851.65594869084,483106.3181210845,275043.45019676513,514172.621338014
2015-03-31,606648.4185748447,389377.91861265386,476876.8282448456,271670.3017694198,506274.1230127793
2015-04-01,603174.4669724002,386696.6584056602,473990.55896413606,270580.6296950178,503005.18048405077
2015-04-02,606686.6480521696,390021.8212906213,477299.7240812462,272701.89186147857,506533.35933167126
2015-04-06,613287.6546615915,394926.33804969373,482289.3784330038,275580.6631466332,513049.2283484079
2015-04-07,610669.2372215993,393885.4105908398,481113.6336260042,275395.4795353066,510565.62825656135
2015-04-08,613991.5429079132,396173.9318621862,483255.36176325986,276793.1508210988,514034.72707696597
2015-04-09,618358.8200210304,399974.7302013128,487088.4549668592,278428.25032411166,518369.70932561054
2015-04-10,623772.2952589466,403732.84327963786,490828.95757855754,279554.5750117949,523800.79503015324
2015-04-13,619252.6710780015,401588.19738042797,488612.2396759209,279278.94246640103,519353.242852635
2015-04-14,621148.7650114244,403120.5800260429,490094.1614539947,279546.0030151787,521299.79765359906
2015-04-15,625611.549234901,406726.24575602333,493677.29198333924,279926.12460908457,525785.1170777115
2015-04-16,625321.6672952282,407289.06361476216,494207.31598251313,279887.92024009116,525528.0289976037
2015-04-17,613815.559833542,402290.6044191057,488527.3418975766,279487.9204409674,514703.4364251975
2015-04-20,622947.6954423805,406725.2026333641,495326.04222413106,283945.0950230453,521378.8096331452
2015-04-21,621740.7334888951,406611.6479216167,494587.3516775677,283409.7691778748,520796.98351447575
2015-04-22,626688.8405988961,408410.30028789747,498039.12249454996,285416.6566071301,524091.9721737751
2015-04-23,629233.0795810402,409456.21079184604,500353.4404945986,287299.2580326742,525367.8036598194
2015-04-24,631584.4877841177,410289.6538200043,501803.5611602834,288085.88303959277,527102.5342253702
2015-04-27,627347.8220902142,409253.3832203937,498639.21256352705,286025.2291358884,524993.9465286124
2015-04-28,630564.8851929489,410566.3956070249,500695.8628189219,287173.413326144,527467.3717625835
2015-04-29,626376.803938521,409663.6759385511,497900.8581392411,285090.1619301124,525171.5755193625
2015-04-30,616225.3317799977,405580.0149176661,490651.27474077395,280961.84115205053,518186.0257384217
2015-05-01,627088.4224434936,410577.81996926456,498136.03685437376,284878.21309100953,526562.1593399161
2015-05-04,629969.0290323028,412133.65222326806,500390.5355480213,286082.8908284034,528744.0994890812
2015-05-05,618326.5096053017,407916.4401692017,492253.79048506054,282022.36234364286,521021.1130709746
2015-05-06,614186.3034597666,406267.0490554834,489473.0725442567,280560.5407620813,518012.23375252483
2015-05-07,618173.0049307643,408344.9441386261,492053.2029800413,281833.01079277624,521496.6998708808
2015-05-08,631392.6203106946,413676.62651806395,500601.54799902067,285105.3552616646,531499.6526112695
2015-05-11,626530.473476766,413253.4760856074,497442.9484284746,283123.79223415325,529372.9549154304
2015-05-12,623496.096217284,412836.39613146614,495776.07425732,282317.29666473344,527588.3718729618
2015-05-13,623683.9873677723,413797.3193675345,495823.78044567816,281951.45137934154,528689.4800711602
2015-05-14,634210.710061774,414800.7360742693,500951.7792512649,283506.3894518586,535091.6206663102
2015-05-15,635312.1313341927,415949.84472999885,503100.4877441609,284225.2217981096,535193.4421015622
2015-05-18,638413.8893200621,417412.69486952736,505291.20994159067,285727.35315200174,537477.7502927689
2015-05-19,638079.6085630142,417581.7895886784,505205.16074211546,285610.69243447646,537398.6134543472
2015-05-20,637369.0323802909,417493.8029248237,504696.0076324418,285415.3692085603,537109.2037174429
2015-05-21,640282.8161646235,418930.368507128,506353.5169163181,286546.07075964916,539802.0438002035
2015-05-22,637877.2617271413,418603.2363488772,505098.8213726524,285597.83510794514,538324.0527481361
2015-05-26,627092.7125345983,413582.8746437258,497746.53642122075,281480.624919981,529871.4268018736
2015-05-27,636502.1915043904,418618.5792411717,504287.45105569763,285072.3385338562,537775.6957346345
2015-05-28,635368.1960959166,418100.13065883145,503457.04074442736,284517.41526083625,536953.6620550908
2015-05-29,629149.6999565216,415232.0779746666,499191.7023591816,282400.4797060485,532132.4516167768
2015-06-01,631168.7776923014,416626.43582197884,500533.1143930708,283159.9865331771,534204.4751659796
2015-06-02,630174.8886576156,416322.86092492635,500016.85267269844,282998.0184771344,533423.2729546138
2015-06-03,632805.8802900184,418081.9155410421,501722.74028526456,283881.13773747324,536107.4315905661
2015-06-04,624375.0367371462,412977.49561548186,495767.3430999308,281235.6825129471,528527.5652974673
2015-06-05,622674.8994700327,412799.4720097005,495171.55751891667,281601.87680435507,527245.1900055867
2015-06-08,616597.5510285884,408854.90748609416,491056.53330080304,280215.02133963746,521338.3012586498
2015-06-09,616451.3679255231,409023.6447400972,491107.10762439505,281019.478016183,521310.2810859954
2015-06-10,628214.1185312298,418124.4646613309,500391.4164896435,284341.13428420364,532889.5427476873
2015-06-11,631409.9870284225,419949.28413346387,502043.7756502847,285213.01590254204,536257.8715563719
2015-06-12,623779.031399224,415556.3217885839,497567.95709825447,283871.1103351447,528709.7721343235
2015-06-15,619537.2511062673,412000.36850727815,493949.2309169222,283338.3046201817,524530.7647413934
2015-06-16,624898.6405547619,416946.03607675945,498911.8098205377,285008.0485447643,529875.2428557536
2015-06-17,626493.691370833,419392.63363238494,501305.3166215371,285947.3550569881,531523.3844264509
2015-06-18,636797.3425062796,426921.0720526143,508776.8697222448,286212.41164826835,541883.9208814193
2015-06-19,632345.718406573,424788.0341242901,506199.25509403273,284578.3310057409,537876.8734816005
2015-06-22,637463.7678459756,428803.41478380794,510473.4587514249,287628.4213827017,542645.8301901545
2015-06-23,638170.180284705,429858.31967115216,511294.56091561425,288151.62456522346,543586.045352039
2015-06-24,630859.4934042675,426485.6170999529,506552.2936815608,285170.82832276844,537644.9231344557
2015-06-25,627818.8428921343,424539.45647236495,504279.3701262758,283852.1856183866,534931.0355500192
2015-06-26,627623.9549451784,424747.90692535904,504219.5803272675,283533.0811807306,535004.387855066
2015-06-29,606746.8533098255,409868.16036138614,488330.4178161542,273196.1322777285,515136.7021668536
2015-06-30,608781.1953245101,412408.7997092968,490781.70016716793,275224.25816016365,517260.40117843496
2015-07-01,616603.2325268649,418045.2126807042,496442.76923151757,279431.15287697664,525057.7822878475
2015-07-02,615696.6862462533,418123.43928981456,496420.1231208134,278842.5099280495,524252.10872705036
2015-07-06,612893.1099306714,416331.17931169574,494365.5983072007,279084.9437361823,521710.79724696244
2015-07-07,619054.3210840395,421553.24392191274,499650.0572918337,282516.91543668136,527809.6140259147
2015-07-08,602494.0787395951,407768.56055032276,485803.70118010044,273920.7353231679,511311.04442161333
2015-07-09,604244.0009924823,410030.99447453814,488049.03038540226,275409.78423096216,513078.07139341417
2015-07-10,616477.1528190031,420260.7540525566,498323.5784343558,282839.90902231215,525266.4347489999
2015-07-13,627335.2037274089,429999.21492069843,507957.92651035637,287642.0342389401,536228.598449547
2015-07-14,631646.5559218301,433623.0788665798,511548.37649500277,288333.69859579625,540573.3646052033
2015-07-15,631309.5448861527,433511.8889232308,511407.05201944336,288317.82458810764,540266.4881017363
2015-07-16,639320.9628059049,437905.25678711105,515763.97892817133,288717.4889469717,548314.3469766406
2015-07-17,640169.7586566624,438853.61456429376,517088.8313947448,289285.6147915474,548786.6481380075
2015-07-20,640682.0813969454,439443.1744794159,517781.37012616126,289754.3166573022,549111.4343491752
2015-07-21,636723.7544973799,437935.1421738437,514823.84334094357,288007.11131576914,546602.6019292551
2015-07-22,634930.1631734004,437586.70091203786,513213.3785015836,286885.441192494,546071.03418283
2015-07-23,629324.4957412021,434511.1811353676,509439.6161847734,284836.6384541362,541163.6092907714
2015-07-24,619059.5954001005,427688.8419551363,501786.6201752124,280330.37581172097,531729.3657789994
2015-07-27,613359.4635848476,423284.74542986136,497244.2851074871,277332.09988996456,526167.472506197
2015-07-28,625308.4461485241,432650.0644234279,506698.59939742344,283761.5336661164,538027.4597735036
2015-07-29,632080.714332855,437650.89238942345,512054.4289843256,286705.8424974389,544444.7263369279
2015-07-30,632310.7663902066,437687.0389762148,511899.20482356567,287013.967069787,544866.1491418309
2015-07-31,630799.1863070102,437554.19990607,511496.5792507902,286629.53474288015,543624.3555612653
2015-08-03,627452.4944699788,435684.5305945119,509259.189531964,285797.9343434477,540645.3841315018
2015-08-04,625517.4139951705,434776.331235945,508236.1106351963,285580.698886262,538825.1831948942
2015-08-05,628759.4795804821,437177.91941976664,510714.3499464025,286737.40687972005,541990.5976528215
2015-08-06,620658.8313957816,431648.83700714936,505062.84232150996,283850.47631540615,534012.3746803962
2015-08-07,618770.4649073852,429755.85922130314,503048.1458722935,283488.02723651216,532245.7268553701
2015-08-10,631095.6124689635,439761.8008060625,513083.17799338186,288051.6681622325,544541.7838806193
2015-08-11,622148.1527815812,432904.14160940447,506166.5165755106,285309.95105294907,535653.3264144503
2015-08-12,623318.9971160333,433674.14423241327,506949.7047103583,285796.44257656997,536810.9852370636
2015-08-13,622089.808469355,433366.13503102027,506598.58828405733,286115.3799896762,535624.903815293
2015-08-14,625661.1174305897,436694.23045639717,509887.71119294525,287998.1554805236,539235.1852930167
2015-08-17,631162.0373103918,441397.5192810355,514548.0337254326,289501.1416893923,544779.0714649699
2015-08-18,628285.6807870052,439545.33093627496,512698.48488068255,289473.8005815055,541900.0754415729
2015-08-19,620467.3891421799,432961.5448401838,506147.60077904514,288675.71066525904,534048.8818022938
2015-08-20,599989.4093593818,414280.71823097975,487563.5586079124,277913.7379346208,513474.11758142407
2015-08-21,571086.9210084802,397551.96700949804,468518.16603613575,261935.24806706794,486888.2705808177
2015-08-24,528974.7267844552,367687.94260815997,436614.7089155989,237798.34847877128,446664.89289753407
2015-08-25,517696.3788035487,360343.5801781623,427248.85850935336,235904.43112312048,437408.0328928752
2015-08-26,554035.678447969,389128.17556891823,456842.6324164488,235899.43106756476,472938.15402095637
2015-08-27,578343.8341786818,403447.7546832615,473950.4154939288,266543.2664078295,494458.1057885323
2015-08-28,578388.6374159188,404322.0126303185,475051.6400431562,266296.392736441,494275.94242359884
2015-08-31,570245.1550336307,401233.503329098,470213.1216060445,264897.7401788151,487882.4691772021
2015-09-01,540415.6208624552,381451.30281235394,448485.0577950203,251912.19227731111,459998.7983003068
2015-09-02,558809.8034099662,396350.9478956256,463041.1947303822,263793.54990216205,478736.4889957274
2015-09-03,559512.2401795983,397481.65599853476,464225.2230903525,263443.01602239767,479385.6055082985
2015-09-04,544544.1507307547,386333.28105297894,453485.1001669804,257540.9080170812,464009.26403727103
2015-09-08,569004.1249303125,405415.5077879557,472043.25106735504,268155.30881429,488993.31407143094
2015-09-09,555653.3634869317,396056.1786968666,462334.8821063484,264084.52913836506,475991.59249796777
2015-09-10,561006.5341537201,400111.6409238193,466318.1853358343,267074.15383701515,481416.922162223
2015-09-11,565499.6153065782,404869.2883777807,471087.4835084432,269672.1736960097,485898.3525964335
2015-09-14,561803.9471298155,402403.5866177506,468506.866184233,269770.83340436826,482317.59998385084
2015-09-15,574182.6966020053,412638.2790034991,478708.45216556615,272921.70705986326,494729.4558604561
2015-09-16,582871.4265962541,417969.88649542583,484079.2375370695,274241.25230262824,503379.00797512825
2015-09-17,580591.1870189905,420566.0244452669,486515.84419331653,274835.17683678376,501258.2996914586
2015-09-18,564087.3822017665,407286.66965038003,471595.4701485955,270580.1123490459,486395.51412406866
2015-09-21,569249.4243072324,411613.9838259788,474904.2777743032,273748.8463738782,492446.68056125566
2015-09-22,556197.1227683406,404627.8859058162,465841.52651713556,268178.0118511061,481471.032359369
2015-09-23,554605.4090212232,404882.5633670187,465138.54051084723,268150.2009984397,480836.98207974236
2015-09-24,551018.0402986116,402673.3238972486,463063.05728495726,267118.71504512755,477115.85711325065
2015-09-25,550756.8876339429,402879.6892067536,462854.08613848756,267638.3632675598,477270.0409045565
2015-09-28,525988.2143916615,384304.7271136388,443244.7567489289,255954.23500802577,453535.7349587191
2015-09-29,526545.2148224881,385966.4942638369,444971.11899250513,257409.12585643725,454028.1402961677
2015-09-30,544498.5924503551,399494.92000090703,458878.0814899951,266494.22831057664,471602.98116361443
2015-10-01,547051.6679068736,402280.65764828795,461177.7643199456,267881.40102955955,474642.1114375638
2015-10-02,561731.1720503556,411993.1420594866,471807.51760505815,274013.21952714515,488404.3467071317
2015-10-05,579479.894487033,421874.71878676955,483853.8748894918,278263.1472426944,503988.2885866584
2015-10-06,575996.1370144711,421405.42889541853,481779.64385937434,277563.13196482696,502109.472252863
2015-10-07,584279.833141967,425241.95455223136,486999.57319299737,278938.8992036178,509009.76470354863
2015-10-08,593484.8737336232,427369.4397876444,492219.2932022305,281409.5846833098,515122.57052138494
2015-10-09,594093.9364671656,428627.3072721085,492039.82048740424,280025.2454308949,517168.97345421754
2015-10-12,595061.1337925678,429130.2982339584,492209.0969507387,279678.79742660443,518469.8852781352
2015-10-13,588558.6796186384,428763.6714448598,488733.6097155572,278203.21494492795,515076.2915502888
2015-10-14,583642.1033944088,428807.69745255006,487129.0327778363,277708.49671859853,511808.31827147026
2015-10-15,599293.7537059799,429751.53623045795,492161.6047800267,278399.93992161215,523371.23535875883
2015-10-16,603996.1035293638,430852.38930041436,497646.9460101819,279479.1666550967,523689.0970219439
2015-10-19,604483.0490012452,432608.4136098288,499060.5882940497,280731.4645504679,524417.9345494861
2015-10-20,603199.2732182732,431792.198660719,498054.507134533,280128.7445306333,523324.0249769209
2015-10-21,596995.9094375466,428804.9555743928,494141.66358705494,277651.68314447766,518046.2616573463
2015-10-22,613766.755689991,435778.55420683464,505697.0877631558,285449.62550165155,530235.2823661317
2015-10-23,624831.0666384527,439027.86881361157,514115.717670514,291903.913500082,536130.2780140119
2015-10-26,622317.393771007,438282.2563232521,512246.27590111364,290420.4787902937,534740.4344256072
2015-10-27,620344.7247056249,437736.684343572,510494.7853423178,289061.24740229524,533973.6839393408
2015-10-28,631900.7429627012,440897.74571364303,519419.6290658084,296249.46417976683,539765.9198429978
2015-10-29,631305.9499831917,440869.92565596127,519325.068920966,296064.5188953781,539237.8669506487
2015-10-30,626873.5766554066,439936.0396429426,515702.2547822052,292785.78124853224,537494.4217486058
2015-11-02,638970.688462359,442961.779416051,524382.6547892261,299894.9594742863,543936.8733216455
2015-11-03,641967.083293101,443210.4859136462,526735.4556497755,302092.4600563063,544829.1737894336
2015-11-04,638813.7237528198,442753.16698699235,524629.1153478681,299592.8160402088,543324.8356244058
2015-11-05,637775.8911792182,443019.5240788646,523267.8918529232,298673.94181350735,543914.5836376214
2015-11-06,637229.7659595825,443603.59258205607,522450.48772372794,297472.78724321723,544769.9310503723
2015-11-09,627582.6543842384,442293.1595645335,515181.692986554,291190.5868352845,541081.1811946799
2015-11-10,629939.3625874958,443189.05591360177,515970.65702769835,291705.6965891069,543544.8217058611
2015-11-11,625900.7321109053,442890.592600764,513664.0946786287,289296.38217437896,541514.2902655024
2015-11-12,611628.9132493706,439750.37701706076,504442.30258445186,283014.18170521734,533324.0479144413
2015-11-13,600309.3140746685,435880.6018289793,498367.7429679618,279927.3944740386,524209.23316814785
2015-11-16,615456.7892947216,442789.4811191119,506615.1076150134,282903.9885643476,538018.2230312817
2015-11-17,614714.1066761182,443285.29630395444,506266.34164087847,282357.7242009656,538120.121571656
2015-11-18,630747.2118464019,445293.1825416107,515034.35721506714,288484.566657139,547393.0974054073
2015-11-19,629856.9092176501,445400.68371352064,514659.8551359663,286549.483062892,546984.798027666
2015-11-20,633591.0444048805,444919.8303618203,517793.9826146804,290881.02262282255,547103.9523844821
2015-11-23,632439.7500153078,445551.12958913646,517430.1069565979,290520.81349934405,546845.6558309393
2015-11-24,633772.8418589357,446120.22506607254,518081.92231523595,290917.8407020378,548096.027792865
2015-11-25,633624.2837369746,446753.0295461146,518195.3450700743,291047.325926065,548466.8513961075
2015-11-27,634766.4030571753,447212.08212343627,518778.28859591275,293005.014511117,549485.0797677916
2015-11-30,630604.981193024,445221.2331397494,516052.24141814886,290447.9325301482,546058.8560977172
2015-12-01,640102.9216953749,450355.7172235311,522828.5869194849,293794.78295731824,553914.935182514
2015-12-02,629821.6943092709,445846.97175735934,516178.22766088136,290386.1988568269,545775.3215888416
2015-12-03,615861.3253610089,436826.4689988489,505894.70240587834,285060.23064051406,533077.9751370721
2015-12-04,635010.3518976344,449420.7003183223,519940.67790207756,292665.45699172607,550775.2574969719
2015-12-07,628932.9604143237,446446.7629009981,515811.3858018487,290917.8623038477,545853.2206965658
2015-12-08,622234.7774834922,442656.1915551699,511531.97978625307,289081.08688157867,539643.8724355018
2015-12-09,614533.4221387637,436809.55618701037,505503.65301195136,285795.12577043776,532124.2084969154
2015-12-10,617056.1576459889,439517.30507637537,508060.92667885125,287492.13355022226,534797.4192266057
2015-12-11,597984.004288275,423390.34984147316,491762.3298666808,277049.4248923871,515896.9074461601
2015-12-14,602847.59130424,427852.9925789088,496159.24375738343,282592.3481588564,520826.2233088582
2015-12-15,613014.3705829892,437076.43681005365,505342.4374749353,288012.6479461491,531033.2531012001
2015-12-16,627337.2864274419,449230.49604121945,517432.4275961523,292329.3370739834,545420.2380556017
2015-12-17,612183.0333769438,437650.0480669148,505803.67745746556,292766.6677254259,530314.2871694857
2015-12-18,594737.2849029145,428473.1677162831,494933.8232089735,290718.0875997392,514561.51259331685
2015-12-21,602976.8657856388,433605.51561140036,501028.2410330812,293995.2019824805,521719.3162586838
2015-12-22,612116.5847597108,438409.6837060326,507412.1449203659,297430.9772106125,529279.2994401032
2015-12-23,624705.4575376807,443196.1578234255,516451.8913376916,303285.5978011852,537614.8999181405
2015-12-24,622996.1663235982,443163.9942891456,515457.4101923965,301861.388471504,536867.9263150729
2015-12-28,620636.8306559585,442848.7283435345,513238.18276126543,300682.4076305551,536412.5521329533
2015-12-29,631576.1906451918,445647.58794294624,521044.3831158483,305645.2877203431,542344.5713670157
2015-12-30,624217.6090689374,444406.34129734826,515729.4347742682,301935.99374006223,539059.691486743
2015-12-31,613909.3354473487,441389.8070443091,509013.1761885579,298237.8464313424,532451.1421978258
2016-01-04,599646.9352350035,435597.6573640001,499689.14502358343,293923.05591437826,521720.62347014586
2016-01-05,601333.027669302,437915.20967260376,501546.6561351316,295170.4950796203,523866.75710149994
2016-01-06,588621.2631992726,431491.97738798894,493817.4398741864,292360.51591676194,512460.9766078007
2016-01-07,564759.7772562035,412966.1203450097,474987.43672772776,283141.15350091737,488903.63676821126
2016-01-08,554097.6569069404,403806.23187896376,465644.27929196437,277421.8714255502,478424.78538866574
2016-01-11,555034.1021415385,405262.680612674,467046.23564853915,281389.1177158251,479415.72300039907
2016-01-12,562769.7971484689,412481.44118488743,474229.6851249018,287563.42097554705,487186.7291031806
2016-01-13,538608.506315948,390233.9674440245,452077.19203848136,268880.46443875856,462930.4576162171
2016-01-14,554093.5715741116,405350.10309400526,467115.4391488901,283615.4738272093,478493.4114139525
2016-01-15,533482.3970652254,381209.38219557586,443169.1585568101,258913.2702355089,457687.7965987171
2016-01-19,534799.8005497159,383513.2978321272,444036.61340959603,259652.25634832168,460280.008657751
2016-01-20,521954.2184185013,378516.8151376338,436541.40152645577,254788.61038820888,449933.15571518335
2016-01-21,527478.0088907729,380682.5981522396,439598.74182059825,257098.25789570133,454565.38890791824
2016-01-22,547857.7661598003,391833.88223716663,453821.6451747732,265530.03990065004,471873.52690769755
2016-01-25,532509.5086007506,385754.6585977399,443660.0887391018,260250.5503399584,460607.6021448928
2016-01-26,546126.8747048671,392263.84822709113,453447.1175905799,266164.1709678655,470947.12902688247
2016-01-27,535091.2748291928,388524.33926278027,445959.1111199914,262120.65920922207,463660.02665748564
2016-01-28,540295.9624752237,391480.39753625426,449783.20658967365,264141.52596065565,467996.6771073083
2016-01-29,564828.5843991658,399619.9200004882,465397.5968053576,272838.98468829365,485054.43127980037
2016-02-01,564440.9761099328,400701.5326698604,465542.8309751884,272444.22209502757,485603.20149010874
2016-02-02,545843.3042414585,395230.69859746145,453752.3913375046,265754.05667368276,473325.1351869195
2016-02-03,551898.2115044158,397370.16072577145,457071.4335737184,267426.95801893785,478200.462341973
2016-02-04,553480.2815712747,398370.8783794218,457637.7867348909,267667.5106727199,480216.8969013095
2016-02-05,534030.5112611565,391618.1785584714,446877.5387688421,262629.1658761385,464774.6747362899
2016-02-08,520544.94199064607,385070.82586020883,439216.2142818989,259485.21726062964,452403.07725445996
2016-02-09,520583.18799711525,384858.1268744136,438266.7527317058,259078.902241803,453178.08582532714
2016-02-10,519715.71762034664,386381.5459971742,439390.28841000167,260278.20346718957,452710.4988930233
2016-02-11,506868.834548171,378788.78810911695,431415.55013087066,257838.87728352752,440245.5962119212
2016-02-12,526927.029780182,393865.1304291303,446252.6025946974,262803.86847609,460543.08130011894
2016-02-16,543684.0705400783,403565.1061550295,455817.3065033038,263864.5547176928,477435.3938773081
2016-02-17,560175.0478945973,406382.83488607267,459781.68885237817,264359.23207835853,492779.7176137959
2016-02-18,555953.7698367403,406406.5952308732,458529.90536648734,263906.7110414377,489833.9833866302
2016-02-19,555459.2116271695,407494.4278855347,459277.72983953473,264297.4272154183,489679.4333586736
2016-02-22,569923.7392267715,413948.645071947,469360.94422257366,270867.1614682535,500389.5471327355
2016-02-23,557095.7747771423,408991.8446952151,460548.7720090649,264977.387942611,491416.95451988315
2016-02-24,561664.2988797758,410470.9103874748,463650.5983381893,267190.3457280402,494362.7179856519
2016-02-25,573836.598579427,415539.557627704,471988.4706321745,272547.9894778067,503265.79263154697
2016-02-26,571477.7877957025,415000.2385581657,470425.12456701696,271478.5372030779,501931.0088434417
2016-02-29,563494.1558648284,413064.97082461324,464713.0019815224,267895.63117985916,497724.2317645098
2016-03-01,587177.430947321,420581.7739052635,481681.5093949635,278785.8818537737,511955.8025142116
2016-03-02,591798.8179588682,422188.4573509344,484580.41098001576,280689.6751530473,515284.97138637747
2016-03-03,595846.9589589639,422683.2162989683,487459.95861133165,283132.88523922185,516948.3237031911
2016-03-04,599217.9968519445,423038.984524064,489160.53055655956,284841.5699051479,518974.55787603953
2016-03-07,600037.0228317082,423527.7000377814,490308.2210762303,285127.1117415554,519134.6088498499
2016-03-08,588616.3150560942,422487.5194361247,482368.40486919973,278296.94016515627,514613.5366796097
2016-03-09,593706.428248622,423375.0769993963,485632.35297236824,280912.3038688509,517327.2593322407
2016-03-10,594525.4536160416,423881.9211627748,485256.1477088162,279855.0412060751,519029.33412659063
2016-03-11,611282.148645701,424829.90902786795,498228.30943341623,291732.30869701365,523761.85529674345
2016-03-14,609913.4649929217,425064.8148122642,497076.79358093324,290250.3982644363,523779.59328084334
2016-03-15,608180.4780388634,424925.0502636831,495241.6709673009,288366.7941594054,523741.9643918362
2016-03-16,614259.9259109276,425123.69727910776,500754.13891410246,293736.62658161763,524507.5913325237
2016-03-17,620964.217178957,425159.1813038762,506872.835532048,300127.90797719196,525128.6700073758
2016-03-18,625138.2318676846,425037.5454049092,510966.6514522494,303902.4430338256,525087.2328769349
2016-03-21,626542.9214370326,426436.7338741941,511843.73928526905,304372.00921887136,526924.6362594416
2016-03-22,625990.4035145283,426382.40107415174,511682.7693113191,304172.34098649095,526478.755510845
2016-03-23,619370.8960823639,423347.7590652385,507267.02924070624,301467.20865668496,521240.34614038037
2016-03-24,618916.0614728192,423471.17792717693,506948.59141368535,301377.4288250967,521227.36821979505
2016-03-28,619489.202093406,424738.134660827,507904.51384962816,302111.8145709287,522111.5431380889
2016-03-29,628673.0830381779,429660.8579474634,514042.8848925871,305494.51944541745,530079.7763265383
2016-03-30,633062.4241752146,431526.24614583934,516744.89231381635,307075.0483386102,533632.4982407218
2016-03-31,630601.892887468,430832.004938093,515423.66890336014,306183.0797648085,531798.9491556848
2016-04-01,637437.1692120096,433325.0927557319,519542.7337014044,308488.51697671437,537008.2484998209
2016-04-04,634144.3392148778,432796.39588062325,517504.0002102584,307255.53566024825,535225.4551187267
2016-04-05,624050.2136771375,428955.5859981822,511589.2463828975,304374.2226275343,527205.2735259063
2016-04-06,634946.6061553606,433652.79839745094,517984.2071859895,307240.09197485656,536403.917600306
2016-04-07,622846.6960029502,428964.7034537459,511153.54484935105,304128.0121409374,526446.5748408294
2016-04-08,625523.2590494531,431588.1417893288,513262.3434070435,304763.13910677424,529637.7776652224
2016-04-11,623159.748149443,430775.04069703305,512266.03272311995,304815.85540737724,527457.4763568401
2016-04-12,632441.4437527917,435247.0997495926,517088.68544992735,305736.6927822819,536388.5782859409
2016-04-13,642603.7940983851,436614.4231623609,520796.2620143816,307338.8403256363,544210.6754798485
2016-04-14,642638.0381222802,436743.40724336007,520041.3430391068,306534.4236525092,545128.8225600173
2016-04-15,641497.9575578824,436362.8353128631,518946.75938883075,304784.96337925154,544702.7537153988
2016-04-18,648510.1850673397,439799.6209696871,524000.35381036624,308177.94567588205,550001.8925218767
2016-04-19,651671.9638140672,440956.2707856954,526247.3327524208,309799.8777008855,552073.3421425578
2016-04-20,652619.5237553521,441217.9742214391,526809.0748268999,310357.3181831455,552720.8634451074
2016-04-21,647166.6390909357,441210.60867513716,524940.0014598863,307907.8447646827,549129.6866014026
2016-04-22,647151.9556889264,440302.44742708607,523377.26687254664,307828.7848771799,549769.5765386819
2016-04-25,645404.6961958762,439651.6561300678,522127.47245794255,307069.3282634744,548621.3201632176
2016-04-26,646881.76688093,440480.74297312927,523446.75599136925,307934.0438228564,549608.194157906
2016-04-27,648936.7391065685,441461.91198060056,524766.9583128858,308820.70746343373,551324.1330694993
2016-04-28,639777.88025608,437237.18467798224,518280.91236723005,304878.75035907,544426.5928620482
2016-04-29,634372.6025606329,434942.7332692959,514770.5925021933,302648.7585287115,540237.1836229515
2016-05-02,642251.246166491,439854.64572833315,520166.6439853404,305631.48187175835,547631.6882046998
2016-05-03,633525.2048515811,435366.6983770381,514448.57739155716,302819.8603596757,540135.7661322781
2016-05-04,627975.6248230461,431995.971234126,510553.8854740341,301336.1093050402,535110.150878354
2016-05-05,627768.7689026439,432298.61778578954,510645.4762980046,301619.19421247696,535114.350685645
2016-05-06,631363.4499053688,435432.33573909104,513689.6253911494,303175.2788892763,538798.6005485266
2016-05-09,632167.1397395193,436670.8733392323,514773.168686758,304160.7082160013,539757.2846872098
2016-05-10,644473.0898383134,443787.97883141343,522696.8281542908,306726.4131653232,551256.6808106521
2016-05-11,635073.407690085,439627.5923185798,517724.4956480011,305242.66114039184,542668.9446558797
2016-05-12,635347.4115184483,439953.63518584776,517851.52288118657,305426.977838977,543141.9641183256
2016-05-13,626669.671752223,434032.6025197846,511842.9253252826,304382.19093053485,534551.789241941
2016-05-16,636376.9743662896,442149.9412085484,519899.59697886463,306201.65374571364,544319.7588911894
2016-05-17,627073.8110264627,435287.1673962637,513024.2487712337,305453.1681647452,535029.1699467087
2016-05-18,627347.5533630968,435437.72984287096,513175.3482739879,305966.7082155016,535302.3752271959
2016-05-19,623915.6698815422,432441.3571398512,510175.2905134482,306392.45497125085,531874.1768031615
2016-05-20,630109.6903612417,435323.55232884875,512150.4392252781,305336.69295479753,538975.2437600283
2016-05-23,628732.363342549,435223.0429260328,510999.9522427933,304830.25766026205,538546.7090000899
2016-05-24,641662.2760706568,441028.0622942941,520479.767389297,310484.59089730936,547801.8259499556
2016-05-25,648509.4813691191,443227.41542188847,525623.9836897773,313946.4490015416,551704.1680755318
2016-05-26,648786.5298945834,443670.7621639103,525492.2552783722,313692.0618904936,552556.291754423
2016-05-27,653152.0387087223,444980.40509973443,528478.6637319035,315454.75152910757,555245.0350508549
2016-05-31,651190.544432032,444908.65630417713,527840.0617917473,315156.51453122543,553850.3939187633
2016-06-01,653267.8327976344,445304.8184580114,528666.1622760117,315548.54977070866,555497.7439539357
2016-06-02,656367.1921396257,446321.4359281929,530840.6515469544,316894.3114039006,557439.2314951656
2016-06-03,653286.7758252546,446495.1702217618,528487.6414107,314567.67730994406,556885.5596106179
2016-06-06,658478.7673051867,447318.62660153024,532194.4601059982,317371.43436809094,559194.1887750205
2016-06-07,660069.4838631743,447504.0671936942,533191.6318369536,318059.45290562673,559973.1741942167
2016-06-08,663411.9959776772,447906.0816781367,535453.5779919077,319788.8968344105,561455.7546382078
2016-06-09,661985.7792554497,447915.92124178493,534145.1884985834,318503.6875176714,561347.7669729529
2016-06-10,652189.5590019615,446971.66390334046,527179.8516733604,312800.64099457813,557572.626206243
2016-06-13,644290.5170159611,446115.2066697853,521972.24433199293,309169.48308395664,554024.734328055
2016-06-14,642280.2212758971,446821.5947420164,520854.2325115199,308191.2196445842,553838.8384806953
2016-06-15,640854.0036439378,447393.355468201,520131.16789503326,307541.827241336,553707.4461914072
2016-06-16,643855.9411186284,448234.3702723924,520484.4963398806,307429.5909933951,557197.0700254417
2016-06-17,640064.7723701064,449526.09312771354,521707.3928310089,308654.7642534175,553474.7276411125
2016-06-20,646489.3466212609,452917.73877895484,526013.711565556,311451.3051833594,558875.5674050333
2016-06-21,649331.0600816411,453439.867716637,527588.4721539812,312638.7088876865,560664.6492146704
2016-06-22,647669.7634821986,451110.68695938285,526476.5076939673,312177.5007876381,557786.1363179876
2016-06-23,660777.0276365114,457444.8786709849,536091.5621238409,318681.94944070745,567612.5377540289
2016-06-24,624107.1029872597,441625.25947159785,509942.890036528,300981.2858587424,541271.6659927032
2016-06-27,606466.4945428277,432280.12868791306,498620.84624750516,296414.9250818335,525607.9705536092
2016-06-28,623882.6860888639,445710.9122946849,512365.49518099334,305168.472389417,542710.296772929
2016-06-29,640621.417290772,455017.3773229639,523271.74056849163,309838.7033446741,557849.2476156178
2016-06-30,654261.2747394465,460136.1613396299,531825.3625073764,313963.0362145575,568054.2671420736
2016-07-01,656376.6089450032,461596.8475030593,532968.2781871741,314276.6444811304,570487.371831262
2016-07-05,649049.587106284,460436.63280831394,528847.0904284783,311937.18883189606,566121.3230564932
2016-07-06,655086.5549315904,462335.0953511889,532179.4254754123,313298.920598235,570724.4183777407
2016-07-07,654441.5275655574,462666.7775141082,531552.0094662057,312629.9120327607,571038.4891838332
2016-07-08,669533.7306497897,464640.12250128784,540454.410850164,318249.6468373863,579201.6358712871
2016-07-11,673149.5452099049,464885.40091511584,542824.0565669851,320069.9321767143,580693.0831284093
2016-07-12,680639.6035941805,464888.7498232513,548939.7416453492,326028.12323616445,582070.8053424563
2016-07-13,680478.9101242372,465036.1040455892,548992.1345571354,325795.8321128313,582005.0731830645
2016-07-14,686274.14385597,465033.69230130827,553997.8116554287,331164.4530298982,582792.2180722232
2016-07-15,684854.2662398,465705.22622093186,558217.4643851165,334731.6107250273,577824.221645989
2016-07-18,687526.0929301078,467389.60838623205,560119.1285774917,335745.839004277,580193.0320351929
2016-07-19,686491.4582554376,467279.52333588735,559239.1164319192,335116.7359179023,579928.3244557504
2016-07-20,690645.8023541959,469233.96960671805,562303.9436804487,337075.6072547545,582972.2875768099
2016-07-21,686831.3421572365,467393.0713848504,559515.8160196731,335269.1874056661,580105.0568187585
2016-07-22,691309.8461591278,469935.76730624354,562688.6527722757,337026.5356960632,583953.4199894402
2016-07-25,688560.5551988832,468915.02501714043,560866.4607473675,336068.6316908428,582005.5787650009
2016-07-26,689008.5204174578,469116.0326821469,561041.0750034319,336118.34054662264,582479.9373925176
2016-07-27,687927.7064277837,469237.8526205737,560606.5641053023,336008.95238525653,581955.4542393999
2016-07-28,689070.1698094892,469863.07866333355,561555.3160397701,336557.1641214411,582774.3917293973
2016-07-29,690676.4918147514,471314.11710520205,562625.5340294635,336914.4594801597,584761.5341868345
2016-08-01,689826.752032577,471175.3916625951,561905.2203105374,336539.5521379553,584493.3826809793
2016-08-02,683370.6848137516,468112.384337045,557741.931990206,334902.476609875,579137.5964569354
2016-08-03,686273.4171241394,470275.7525105851,560016.268807994,335874.5884006659,581929.3601230751
2016-08-04,687323.2930350206,471053.33901485545,560749.2746626448,336136.067584333,583023.8166835757
2016-08-05,695508.4412540378,475094.5819956083,565969.0889817418,337956.6951965345,590030.393564249
2016-08-08,694890.0056180378,475249.9804598533,565456.8416569808,337656.0318943949,590079.603717255
2016-08-09,695476.6875368649,475495.87870985805,565718.559849398,337609.923247949,590650.4656936695
2016-08-10,692958.8845579459,474944.2453722798,564427.7339776589,337001.6723424925,588871.8552489113
2016-08-11,697622.5317649982,476836.11214725906,567012.3127860401,337655.5891693011,592842.7904225619
2016-08-12,696726.0294132188,477019.79095816915,566424.8150631748,337301.8926927098,592717.4646045577
2016-08-15,699629.175724415,477893.5321380957,567662.5063156295,337595.18964899145,595256.6608432261
2016-08-16,694377.3085550737,477307.9603885121,566018.3216812997,337326.3443462483,591063.4065586306
2016-08-17,696261.6289310552,477995.0448388541,566573.4138866705,337216.595618238,593079.7191795835
2016-08-18,698516.2873150243,478410.62902465207,566875.8304216764,337287.15637183236,595447.5452143445
2016-08-19,697017.3912064148,479080.7442689622,567389.5727372305,336975.88457483146,594105.0220344913
2016-08-22,696955.6664199486,479167.72303846665,567231.3467594385,336911.93267024844,594207.7957811633
2016-08-23,698953.1624766311,479743.94075867,568463.8324027634,337796.52577416087,595549.0239147241
2016-08-24,693812.5729625515,477256.224160739,564936.8617051204,335466.3041846473,591447.6885003564
2016-08-25,693110.2373780202,476790.70383635,564143.04909804,335092.46617209655,591073.6451985168
2016-08-26,691218.2206550569,476347.4664422211,563088.6949299695,334411.9515527338,589792.7452494947
2016-08-29,696098.5430653987,479982.04655747535,567136.7358608195,336840.5006973874,594259.6068442408
2016-08-30,694435.373833301,479349.40187505935,565790.9030990892,336244.586005179,593309.6256914577
2016-08-31,691582.6056343905,478025.9790979917,564200.931514883,335564.0707054902,590723.4062996857
2016-09-01,691612.6645450096,478045.1163050886,564078.661290868,335539.20812945697,590894.8726414166
2016-09-02,696080.8952135211,481618.4168313921,567471.9999794478,337216.9279882596,595543.0651476519
2016-09-06,699084.9093214399,483409.06456865254,569353.8187387646,338038.06876566773,598455.9082335142
2016-09-07,698977.4943359455,483756.87766154576,569540.819385225,337981.4803665022,598509.3056944527
2016-09-08,696673.7957213642,483163.2271432015,568526.8746507508,337639.3654556712,596625.9012960013
2016-09-09,672726.3355305048,464815.4710358626,549904.2047628309,329165.03872308764,572953.3548857231
2016-09-12,686712.5872321966,477474.7277064177,562551.1740462785,336627.3084783852,586951.8939745224
2016-09-13,672465.7341965415,465232.55617118534,550233.6218942604,330881.3435698198,572780.4215556529
2016-09-14,672084.193387047,464705.75421670196,549675.5505368751,332199.5102230364,572430.1501490602
2016-09-15,681814.7755172463,473810.8466608301,558749.995474126,337705.3954941726,582191.3797861369
2016-09-16,677990.6536857866,471807.7850995967,556909.4606868858,338441.9340764312,578204.7311806841
2016-09-19,678162.4412616582,472206.2562682957,556893.8810043356,338507.1126769753,578687.1005385566
2016-09-20,678193.29472752,472158.2862217841,557116.2758330021,338693.3497374451,578447.5891292403
2016-09-21,689425.5006384957,477808.54379029595,565093.5502682216,343787.12318712287,587352.7781735081
2016-09-22,695783.5552921155,480500.21386837773,569482.6411448433,346316.3127591105,592013.4120285882
2016-09-23,690190.5357660487,479424.87792477757,565648.265993695,343283.62727289787,589179.4317100694
2016-09-26,681972.8636332371,475508.8488598806,559368.3313794425,340092.6339271406,583325.6651266135
2016-09-27,688190.234891892,479104.37508772337,564215.260312943,342579.6074500731,588291.6336796104
2016-09-28,693189.1100170546,481088.6780438686,567923.4928770736,344781.6270072353,591566.579196788
2016-09-29,683987.1610928973,476880.7193845727,561166.9322570823,340989.0639766026,584913.232233326
2016-09-30,691564.1288145155,480431.33279144275,566682.3113318852,343866.5289800279,590525.4342870115
2016-10-03,689111.3452555706,480057.7476844222,564525.2415086511,342575.2260936361,589856.13544428
2016-10-04,683939.5344861551,478915.04194240645,561547.3213221538,340903.9846617952,586519.5391193461
2016-10-05,688376.4314521338,480966.7119755405,564439.7664336211,342208.9264992934,590115.6610069915
2016-10-06,689063.7171368609,481772.06987953256,565009.7257931097,342257.9608899902,591038.345236222
2016-10-07,685579.4273628219,481207.607267661,562935.7673119686,340934.9955698487,589063.5513314526
2016-10-10,690812.6877974595,483528.74946413166,565697.0229166548,341680.58309113584,593856.6983578744
2016-10-11,678002.1434257856,479068.1581994307,558980.2191193793,339756.048312837,583302.3665187752
2016-10-12,679298.3829543965,480109.3039344654,559931.5365286274,340100.5893774722,584688.4343731727
2016-10-13,676001.9202433758,479011.50874542026,558449.0528410289,339685.2535779774,581776.6601607054
2016-10-14,676501.7113036028,480333.35490571987,559451.5893364346,339934.8096093084,582595.7608858264
2016-10-17,673017.587496784,479460.11996615166,558398.7185275357,340004.9500966703,579291.2729483382
2016-10-18,679234.8712357035,483527.2202684933,562480.3936567877,340170.07493686676,585493.9818603472
2016-10-19,681890.5392437443,484933.2760119762,563806.4751078053,340176.8919174571,588229.6241608537
2016-10-20,680000.0642664887,485699.3335247182,564530.7556653547,340152.0471446563,586380.9261387904
2016-10-21,680452.7086345141,486066.7955625737,565306.6236437061,340570.4635167804,586425.16456632
2016-10-24,684689.7055250942,488363.6125355542,568544.7775760712,342498.8198821719,589631.4173364976
2016-10-25,681309.2453568793,486648.0242266811,566045.1039532155,341211.16248850315,587035.0424822654
2016-10-26,679283.5876978837,485805.1817109077,565022.7065252718,340312.8829155704,585188.9397354402
2016-10-27,676603.6999173549,484282.92276303517,562880.6959082461,339035.74879938946,583128.8036240644
2016-10-28,673643.7497301014,483125.2283815013,561105.3093782912,337295.57029184955,580786.5455852319
2016-10-31,673674.886483981,482000.67602711427,560156.3236085679,337123.4274785393,580642.1157544475
2016-11-01,666461.5855222014,478147.0540297681,555004.2564394572,333993.7588468066,574727.2599644328
2016-11-02,660509.900007159,474448.09564578324,550345.9269024227,331506.0375686337,569734.9456024397
2016-11-03,656007.1225486073,471472.74290076084,547286.8983751305,328776.2702388882,565315.8439261579
2016-11-04,654916.0262561995,470099.265523545,545749.7446324422,327014.6859241114,564388.4239992225
2016-11-07,676397.4049666934,483750.2763512314,561909.010107104,337376.43949854095,583361.5480627412
2016-11-08,680867.3037866248,486243.3947879912,565199.6618023287,339392.8741410407,587033.9136242078
2016-11-09,691459.3243044446,493370.90482611326,573539.4154424556,344576.9515803058,596413.6905400226
2016-11-10,693966.8669899078,494621.18826435786,574992.6183010484,345214.7769834839,598718.3138051376
2016-11-11,691613.9866603764,495020.82028040057,573812.288329222,344105.66280014487,597945.3954634754
2016-11-14,692392.0573346779,496116.43939044676,573889.741905892,343438.5450810795,599741.6316711531
2016-11-15,700273.8032635606,497245.2005161173,578469.0985277148,346212.68716511293,604172.7821038835
2016-11-16,698341.432876557,497396.26491288585,576595.2017995985,344209.05513074854,604265.3728417645
2016-11-17,703559.1642670974,497508.66310844664,580324.3837433141,347383.0985166915,605866.3204841502
2016-11-18,701253.4606451227,497985.62585880747,580632.0226376103,346621.2662653036,603729.9407182402
2016-11-21,708788.3258619,501449.97166504734,585795.4732329571,349942.6264346712,609472.5812665243
2016-11-22,710740.1820535667,502263.62130575813,587342.5214585529,350826.61449416005,610691.0388733059
2016-11-23,711272.8576624386,502821.15387535794,588065.8098159924,351156.7947432215,611057.9586943382
2016-11-25,715009.6668241359,503874.5719895044,590548.3655929074,352709.53109263885,613365.630193267
2016-11-28,710233.6834725932,502949.89602855407,587475.8335570106,350594.5981880063,610737.5029166706
2016-11-29,712185.2115111034,503594.6165924703,588445.4231698236,351123.3125123512,612364.1619062842
2016-11-30,709743.0453355565,502838.86827881914,586911.0900003279,350283.1814671862,610700.5805865816
2016-12-01,706014.9001409698,501637.083501342,584418.8164593705,348665.1660366566,608262.9241554752
2016-12-02,706496.7032232955,502070.08660546807,584395.4296343834,348583.18251567124,609201.1171669142
2016-12-05,712516.9480107912,505783.5644747373,588263.3345939086,350152.1720984492,615066.934864154
2016-12-06,715698.7499292949,507088.4538428339,590509.5893183097,351083.7600999088,617307.371426353
2016-12-07,728949.7400066335,508159.0231419869,600273.2512334799,358922.26854114863,621865.2688876743
2016-12-08,731445.5425226783,508265.0669337916,602063.2998708733,360836.080466592,622677.0665581306
2016-12-09,737648.2223091421,508654.473616692,607430.0215410292,365414.43784485897,623902.4313573389
2016-12-12,736437.309724044,508749.617993142,606388.22419836,364329.3286941927,623828.4604913599
2016-12-13,743326.3141701084,508877.4577221158,612484.5761288421,370224.28437959775,624748.9527359162
2016-12-14,734700.8274712766,508760.0787934691,604916.9830428571,362629.32312911283,623573.6801944227
2016-12-15,738935.3791228569,508887.9176956678,608453.3530617368,366016.4701136905,624399.700729322
2016-12-16,736884.0777152346,508449.0295755612,609755.8537988018,367501.8623803768,620607.010464528
2016-12-19,739039.5116660065,510373.58778748335,611605.5503476905,368744.03321111295,622750.4244917973
2016-12-20,742884.4822070781,512018.0169917182,614238.9353747002,370296.7281653478,625606.4392100939
2016-12-21,740063.7333311508,511126.491344908,612372.9254627444,369287.29769638483,623760.1745993122
2016-12-22,738309.038067047,510590.3219576236,611140.9450784528,368339.11283031176,622701.2903322155
2016-12-23,739754.0831945569,511270.9795518161,611908.8340058071,368758.7552454886,624059.1041265638
2016-12-27,742220.9800769347,512743.1129585095,613487.6512633567,369586.7040218541,626419.3171580851
2016-12-28,733889.8364419889,508583.381107077,607764.0090185951,366607.19171279203,619652.0839164687
2016-12-29,733646.2903249656,508391.79835535586,607550.8762691524,366526.6570892895,619430.087797167
2016-12-30,729981.0464305346,506488.0421304116,605186.1904391306,365159.95571281645,616225.7735078133
2017-01-03,737553.7838077504,511606.7267389733,610350.990848673,368025.50737919356,623752.3950840486
2017-01-04,743482.7639647253,514900.1696564851,614142.763450217,369696.7611312913,629183.0455569911
2017-01-05,742657.0682613536,515108.4699520641,614074.2426808947,369826.6562107771,628634.1709185208
2017-01-06,746230.7984997043,516894.33790830546,616528.8707555262,370762.95657095313,631539.1410384813
2017-01-09,742872.0982672821,516618.05972491135,615091.6581885272,370137.48291976214,629341.3751896641
2017-01-10,742846.2963141969,517068.6468642128,615292.6573686658,370185.7148475214,629565.1611957416
2017-01-11,745664.172802417,518143.7996779615,616376.5644258172,370223.7385069439,632374.2834405589
2017-01-12,743105.5241839528,517889.0564656949,615822.1184577872,370047.4005107705,630115.3375778584
2017-01-13,745390.6880331045,519088.04449773114,616960.1272207156,370146.66898837266,632461.4806961179
2017-01-17,741810.1069375233,518666.3901350596,616186.3545403674,369970.3297941738,629233.0179182133
2017-01-18,744005.8396270943,519569.24640836613,617076.2346000343,370069.59707372007,631441.726821424
2017-01-19,740247.1868623642,519061.44377541146,616509.7619626697,370087.2023993172,627741.7440611038
2017-01-20,743909.7094839755,520766.5434604259,617507.4678110133,369461.7239560259,632111.6605193858
2017-01-23,741282.0057289292,519866.98618953186,615863.0136306044,368355.4490159394,630155.0893162274
2017-01-24,747651.0363277671,522880.0975154678,620350.647498077,371416.55240323045,635049.5973735285
2017-01-25,756313.6296889157,525314.607618591,625936.9538011225,375383.61006363574,640560.3945347549
2017-01-26,755229.4591434957,525360.3989503605,625550.1272692517,375024.4781301487,639908.8418529752
2017-01-27,753615.9438031709,525469.8888345701,624585.1973419152,374125.84438197734,639369.7463241965
2017-01-30,747327.4033377243,523333.983037747,620300.6980251372,371333.86614535167,635229.7993787046
2017-01-31,747213.3947298937,523480.6295624946,620050.4257387412,370964.553147112,635512.7095820179
2017-02-01,747584.3055467953,523987.8801382063,620140.4692869028,370910.4396575878,636300.8274264694
2017-02-02,748219.4568717927,524399.5813695581,620591.8108102244,371120.9865244217,636896.3384594972
2017-02-03,755117.6643590702,527189.3836307658,624928.1458905393,373642.2266605648,642248.0131276676
2017-02-06,753283.0639747665,527155.1895682777,623649.4764115075,372488.7503504553,641657.8881599073
2017-02-07,753301.0498475701,527545.6558967349,623939.323530619,372485.5307321192,641776.4932420566
2017-02-08,754598.0940253588,528031.6703345699,624322.0053834205,372594.2824467204,643176.8700048791
2017-02-09,760569.6919360684,528958.2699511352,627740.0524450757,374952.65182122425,646657.0204704985
2017-02-10,764556.6991304654,529226.6443870442,630221.7376672903,377036.1803361322,648430.7168785902
2017-02-13,770088.024245396,529346.3868524232,634428.3982193789,380941.79724551365,649875.1239068111
2017-02-14,774163.2410322988,529444.8956497924,638276.0549677657,384501.3184177012,650201.192742696
2017-02-15,779517.5161240968,529469.088153078,642664.1768658352,389180.55847689393,651191.5384397102
2017-02-16,778609.5170823964,529567.5957152224,642109.644133087,388464.7857598958,650936.5796929026
2017-02-17,780214.9814734481,531279.8144918485,642269.5764475474,387128.0770636145,654094.3305461197
2017-02-21,786143.787231845,533272.8026260042,646581.6684122996,390317.48867703625,657624.6090960868
2017-02-22,785224.6564206618,533028.9867970201,645767.0013608418,389695.26691880217,657276.3295073773
2017-02-23,785878.9362665431,533367.243205918,646097.7709938169,389821.35668359976,657938.0961291817
2017-02-24,787128.6092692743,534093.5475676002,647070.3201858734,390266.7256775864,658941.5243015385
2017-02-27,788676.4318529894,534458.0222397072,648300.2428663459,391410.5187185453,659623.8988768881
2017-02-28,785927.6711526784,533574.448190364,646688.9968742193,390439.08215857786,657602.8101193605
2017-03-01,799976.2480386415,536608.6668352184,656742.3246145204,398562.4770215966,664632.2779098769
2017-03-02,793521.7418340706,536339.227849453,651844.0457739979,393904.6996420438,662806.6115600631
2017-03-03,794128.6962915807,537139.5434967729,651890.6457872002,393347.67190719023,664167.2816516908
2017-03-06,791077.3777244587,537148.0294202855,649663.4577067506,391313.9739972681,663351.6370885309
2017-03-07,788025.604828752,536668.8317965784,647599.534734824,389749.217477276,661884.589541044
2017-03-08,786122.6841708298,536420.364870385,646316.0366184146,388872.9072417014,661016.7000733375
2017-03-09,787367.3407918159,536365.9213445,646606.2876139935,389014.3006322896,661916.6621728597
2017-03-10,790866.7861578161,537328.793455594,648457.08166548,390093.577687372,664528.1855984674
2017-03-13,791345.3623642704,537803.9820193565,648738.7181544388,389795.95951929945,665200.3138797254
2017-03-14,787443.5616174954,537508.3164575328,646457.1731416103,388171.33360407106,663284.3925839551
2017-03-15,796132.148493068,538355.8201229277,651216.9822154106,391475.58943535644,668060.6740511224
2017-03-16,794101.4540442898,538495.3964578428,649472.1444874653,389162.5145811697,667914.3936652045
2017-03-17,792288.7422717067,538110.5819481381,650542.0843370666,390610.95453442587,664646.9275333154
2017-03-20,791160.2604137823,537703.4124005006,649401.274112408,389808.2639565987,664173.0829698201
2017-03-21,778303.7846931064,530419.6913097287,640317.7535919608,384416.40238974406,653116.4066788196
2017-03-22,780592.2751472769,531572.1203044348,641751.4335255297,385133.13722343394,655123.6461941273
2017-03-23,779506.5444901093,530659.7198479499,640805.4612790942,384528.8249304362,654071.4873269103
2017-03-24,778757.9214817287,530740.7246938592,640580.8781361138,384520.47246359824,653628.4523074194
2017-03-27,777714.1968622567,530598.0822361053,640048.4780035377,384849.83018157235,652974.4853627697
2017-03-28,784854.8689352265,535594.1054525098,645497.0959947363,388278.18271075166,659662.5626609451
2017-03-29,785751.718111715,536668.5138314897,646457.9833296309,388806.1922296756,660672.9328815191
2017-03-30,788884.5411535386,538471.0724575927,648426.2128162263,389781.171396964,663640.0850628503
2017-03-31,786532.8191730323,537366.2267512409,647054.7626700622,389137.1230820294,661554.9675221562
2017-04-03,784767.3787053162,536683.938877027,645961.4705831977,388737.46104197856,660200.5312670909
2017-04-04,785364.3835078112,537504.7618337362,646579.8005278492,389221.80624120426,661000.0290816436
2017-04-05,782375.5599825694,535095.7132645447,644179.9600680678,388037.4603020025,658001.9974469916
2017-04-06,785124.0733870902,537123.1843714966,646144.3492031733,388919.1103449592,660813.5928233587
2017-04-07,784076.0469153577,536758.1577540503,645724.1385658269,388867.08745931694,659820.7503715265
2017-04-10,784630.814766586,537552.9707195084,646411.647431853,389550.08163510193,660482.8223221865
2017-04-11,783413.858353942,536673.0349332727,645525.9648982349,389319.2682392311,659271.6126569251
2017-04-12,779032.5713247551,533801.0845450128,642601.7643204529,388601.7524476915,654942.5758172602
2017-04-13,772583.8624868416,528177.7619457976,636957.9532300567,386414.1990877248,648514.3554705278
2017-04-17,781239.4545891241,535697.566127154,644474.6883720192,390514.03007740015,657173.016612204
2017-04-18,778250.322396312,532997.2479168798,641727.2909621696,390283.21208702214,654230.9636189674
2017-04-19,776400.7026550213,531638.8070722169,640353.2714586428,390400.0366958454,652396.9225365407
2017-04-20,784380.6559880527,538602.0922995,647275.4741995302,391718.71425588755,660417.9583559679
2017-04-21,781180.659188439,537108.4210899188,645922.8889153055,390057.58711342653,657076.8756309978
2017-04-24,792143.010227528,543791.961233096,653748.2505732654,394974.3361712019,666810.5212373293
2017-04-25,797989.9527179282,545403.7193568586,658067.0474222605,398080.0528159591,669950.425002497
2017-04-26,797314.6214953429,545387.1808695367,657612.0042144079,397670.5699897725,669713.5985004425
2017-04-27,798131.5717827085,545734.7967690488,657878.6398885392,397608.63387233275,670611.5290131888
2017-04-28,795879.366899316,545250.0560121927,656130.6352100291,396106.85548583115,669622.5880514503
2017-05-01,798400.7268039312,546346.4323663195,657760.1393221351,397126.9231909751,671610.8201980862
2017-05-02,798748.4218055824,546287.9142788786,658101.0424438661,397441.9640699567,671559.0939905656
2017-05-03,797476.0455434214,546109.7439132589,657026.3554200493,396505.8314906375,671183.2343866016
2017-05-04,798633.433658217,546420.5812348516,657622.8639871944,396910.2394707387,672054.9512558449
2017-05-05,802604.3246251391,546851.0684868125,659995.8307646809,398794.2071529336,674083.3626972415
2017-05-08,802397.6668635083,547885.0123082905,659759.6801687884,397887.860868067,675146.799352981
2017-05-09,801423.6816282871,547836.8927949641,659255.2710926763,397458.15046990593,674629.1036805456
2017-05-10,803220.3773484065,547981.2543188538,659949.7081189791,397912.20344778826,675875.7238982519
2017-05-11,801095.5510317447,547813.4813530187,658208.0642727423,397134.9428446463,675324.7684619918
2017-05-12,799354.3864950156,548119.1094083614,656687.8559718227,395483.84645599127,675409.4402815249
2017-05-15,804945.264203486,548461.1518429895,659954.1034769185,398271.43152125785,678076.1129195278
2017-05-16,803971.347835818,548511.8686754729,659376.1892438938,397692.7661708167,677730.8276173678
2017-05-17,785775.564036396,545503.6778407181,650314.7448415253,392268.2895285846,665588.2973855595
2017-05-18,789789.1143770387,548358.3899431233,652883.2690177844,392762.0552161876,669888.0356523483
2017-05-19,796317.6959340944,548185.4077097664,652468.82724099,392024.50732251233,676658.0767528415
2017-05-22,801358.9972543912,551318.1586850481,656339.2134802763,394582.32067510486,680878.2461304591
2017-05-23,803547.1471168303,552112.3725600473,657753.4563142934,395589.35484569566,682446.3670338807
2017-05-24,805860.5685965181,553230.0824543273,659238.2802664929,396586.4875060213,684392.6744556489
2017-05-25,810650.0585271495,554178.3402643267,662524.8937725446,398969.66611825326,686843.8086902279
2017-05-26,810404.3623834894,554453.9281343273,662608.3698126113,398877.7594038858,686790.2243765017
2017-05-30,809486.8814737322,554683.3009458424,661913.8482305463,398191.83131905086,686796.6378603245
2017-05-31,809199.2519156171,554558.3661341302,661561.3871964756,397941.5168712968,686736.5345245678
2017-06-01,817214.5492858392,555846.0119152889,667453.0676620225,402834.73225674755,690147.7972104016
2017-06-02,820572.3342916159,556348.0201231968,669840.3701709197,404787.54613533174,691620.2879151892
2017-06-05,819775.8508187723,556552.203985231,669173.6034405669,403997.9652392152,691694.7550347325
2017-06-06,816460.9197982056,556248.0335821174,667001.9686409822,402119.34578244574,690247.288410637
2017-06-07,818308.3743244575,556549.7770227892,668113.96432115,403022.71938003507,691284.4906973931
2017-06-08,818770.6262722623,556872.0584342536,668149.9411806136,402718.2503775079,692033.0471971986
2017-06-09,817176.5601039968,556680.8507043018,667146.7086106054,401760.3576250414,691251.0058689894
2017-06-12,816925.5396587601,556905.5664030472,666577.0143570174,401139.0747837173,691794.3953760861
2017-06-13,821877.8707864601,557397.2941241551,670070.0278695845,404161.11428169394,693745.440712327
2017-06-14,820535.6069833142,557385.8024558136,668997.3870778214,402985.4095226447,693464.3260326025
2017-06-15,818522.0775107197,557399.9836340267,667044.2218837845,400740.4668757224,693418.1429322581
2017-06-16,818704.2362922173,558636.2637849809,669192.5068444982,402524.95969575783,692688.2969039961
2017-06-19,826988.2531556153,561079.6641945883,674908.5627865351,406823.8006365888,697626.8886800939
2017-06-20,820146.3956386244,559039.1724393477,670535.3059870733,403618.53734432603,693117.7962073243
2017-06-21,819857.9932094186,559083.1747640872,670119.1974329117,403317.38151284074,693289.5046570197
2017-06-22,819363.3700387422,559330.0461750827,669677.9123677402,402840.2175426686,693483.0379625105
2017-06-23,820517.5545053985,560271.7479239833,670461.58244536,403125.74733070703,694795.2541004472
2017-06-26,821135.4807265775,560959.8598656722,670927.724682295,403381.94115133234,695635.1500263801
2017-06-27,813016.3332847136,557681.849667582,666012.1463534036,400518.90526032145,689153.5707153175
2017-06-28,821877.2873024239,561306.5107566412,671346.3384941439,403708.5394424917,696304.9936813466
2017-06-29,813016.3136945568,557556.8233021835,665663.0083045128,400180.5866412185,689377.6628086531
2017-06-30,814829.4040793951,558782.5362517543,666917.7503884411,401101.68817235995,691161.7240591337
2017-07-03,816473.8324844581,559933.3127580883,667793.4980062274,401989.5235427269,693081.1813527447
2017-07-05,818736.1180276388,560987.7238452081,669422.6439653873,402427.5623790687,694768.7320238851
2017-07-06,809541.0226031038,556914.5781553157,663991.5603177652,399560.5864113795,686931.5745570798
2017-07-07,815924.7107774673,560819.317692688,668151.0709304307,401670.6842512947,693060.4916561501
2017-07-10,816950.256126802,561858.5078576542,669093.9479017672,402167.38633048814,694182.3501991145
2017-07-11,816163.2769425467,561898.5583473453,668816.4153328382,402048.06341439416,693712.9540734796
2017-07-12,823618.1663066725,564337.5520343231,672360.7767908806,403366.12590252724,700062.4756665407
2017-07-13,825262.0723758935,564788.4117769494,673083.777085077,403618.3687362417,701434.2411841912
2017-07-14,829914.8303605757,565274.7720022823,675278.3222197506,405024.4307759721,704378.8142595331
2017-07-17,829745.5569903189,565406.1067681559,675112.5872731898,404748.6500412328,704506.6106017106
2017-07-18,830235.8487935271,565496.8655343424,675218.8392324671,404727.0991944182,704981.4092118278
2017-07-19,835671.4059631663,565623.1247829783,678761.9528493127,407433.6488597228,707000.1120132573
2017-07-20,836079.0028823118,565622.5880185687,678983.8352215495,407940.1140780209,707185.2897957567
2017-07-21,835126.6255938368,566408.1730277094,676392.7247496757,404701.5479771462,709609.607988296
2017-07-24,834837.9632053947,566728.5274468998,676229.4936317501,404670.5325222411,709739.2312400836
2017-07-25,837222.7434602008,567516.2065507674,677751.5228007771,405418.69358625845,711389.6614297302
2017-07-26,837217.4544907707,567736.313950194,677808.977256414,405426.3365798136,711547.0254040898
2017-07-27,836240.4100171672,567278.349324197,677043.0365792192,404907.82145431964,710877.9569816842
2017-07-28,835020.0508330925,566930.8831445498,676081.2202252734,404252.89357605134,710271.9479719078
2017-07-31,834407.5077504632,567065.5983087299,675685.5063893234,404124.12006773637,710189.8338894089
2017-08-01,836588.6329859681,568315.0030502253,677180.9944569722,404832.9399817202,712124.8757987604
2017-08-02,837028.9266105134,568589.9939635287,677378.2938281714,404791.4981579082,712642.8609654098
2017-08-03,835038.7295675137,568001.0713694491,676252.7515237904,404282.3599868242,711189.2836327115
2017-08-04,836815.5630907636,568994.3105532189,677311.1760591762,404572.1979090518,712900.9318043453
2017-08-07,838632.602030694,569851.9337989809,678383.1546339642,405154.3429482349,714503.61541525
2017-08-08,836115.5658365551,568800.9132304306,676861.6468976599,404313.91549229855,712457.0663888648
2017-08-09,836028.8734904553,568674.0752559404,676387.4287315004,404058.1041779127,712717.7542344345
2017-08-10,821846.6571814169,560159.2564688874,666639.2843054258,399524.8355596401,699768.8635644176
2017-08-11,823258.7606781117,561976.2157775746,668230.9893544896,401013.13094347296,701406.2213207358
2017-08-14,833015.2090923302,568695.3692323647,675270.2358165444,404206.5603968792,710842.5767276895
2017-08-15,832847.5228726789,569397.2760317635,675727.1992181502,404515.87223087484,710919.8339058311
2017-08-16,834543.2827522655,570611.5005923475,676842.9220914764,404708.2585465319,712714.0954726757
2017-08-17,818902.392004776,559409.5053690334,665553.5995159261,403858.07409865665,697160.5320774225
2017-08-18,817317.1698927813,556439.78214397,662004.3667995248,403017.6313763347,696154.8194567655
2017-08-21,818053.7902882202,557912.5781679975,662996.2317801656,405207.80179027864,697280.4324718862
2017-08-22,828473.2361194876,562483.3838432468,670229.2230037232,408365.1230184715,705037.6927548451
2017-08-23,824801.460575288,561224.1993378806,667643.9468151815,406743.81936314795,702692.0088938212
2017-08-24,822406.8859294574,560644.9245255259,666251.4268694578,405746.66047508735,701110.6793813595
2017-08-25,824709.3822498953,562206.8619498438,667617.7090203371,406300.11407411704,703608.8309752361
2017-08-28,824704.5283096839,562921.4449500935,667919.2562018135,406239.1713830861,704017.012853798
2017-08-29,825812.049147141,563240.2566039427,668457.6497765491,406451.2909546667,704904.9517703686
2017-08-30,830545.0898809441,564675.3391267103,671364.9326089451,408175.0138459194,708165.7921945434
2017-08-31,836596.8099731973,565953.1267596942,675284.3120275002,411010.49609342497,711575.9205012253
2017-09-01,837993.4028254522,566424.5089964285,676423.1158737785,411652.0680716138,712305.0917439362
2017-09-05,830614.3260775165,565170.7405217246,671505.1028481221,408041.63895491813,708590.259546953
2017-09-06,834029.2914612453,566357.548378614,673333.2098937023,408819.73926792527,711363.9257419911
2017-09-07,833859.9211469262,566509.2650584425,673001.4074378756,408388.55352391093,711678.0745633271
2017-09-08,832619.3602532395,566021.6600000565,671980.0163178181,407879.3475702631,710971.2997313119
2017-09-11,843409.7262845082,567487.5304250906,679351.4079065104,413904.1752395469,715856.1445989227
2017-09-12,846824.828362853,567537.762135372,682673.1688341941,416935.047454244,715999.717459865
2017-09-13,847273.5657934141,567567.6961014092,683049.5407362103,417264.53296792554,716102.016954447
2017-09-14,846898.5331118173,567607.7761261107,682739.3462122313,416774.82409569994,716077.2588215308
2017-09-15,848239.7784242798,568003.0319766649,683299.3368261051,416889.75543861324,717253.7693706735
2017-09-18,850321.1775832075,568957.6140951782,684651.111580634,417901.5283887142,718870.0949456461
2017-09-19,851278.8625202163,569321.9326711316,685371.5805850928,418359.404945655,719471.6294541495
2017-09-20,851594.1831909656,569636.200992607,685575.7454408316,418433.4720437543,719897.0535906355
2017-09-21,848859.9681346271,568924.4756475545,683728.1008181118,417279.35299710557,718298.757811964
2017-09-22,849014.9752152106,569093.5999177275,683670.3597954891,417180.70293318573,718680.6301853432
2017-09-25,846922.6262144478,568542.025639816,682562.1371014228,416573.5059452171,717144.9296007353
2017-09-26,847479.210914335,568891.3203289988,682896.6797208658,416762.70782029256,717716.2663703623
2017-09-27,851326.0372934984,570221.5613933522,685297.1871328019,418324.0199350235,720492.8264019431
2017-09-28,852484.3579819966,570951.2200216062,685985.4326202504,418589.97957729734,721692.5602312468
2017-09-29,855969.8690364386,571956.142865439,688133.7088992344,420045.7408564349,724034.7178505375
2017-10-02,860298.39052307,573096.1944604821,690924.2510202255,421923.68860342144,726712.7488112208
2017-10-03,862419.8265548325,573355.3926906048,692495.0373888116,423206.73271934176,727522.5967045199
2017-10-04,863577.9983488817,573554.5309893743,693431.2154660204,423827.70687682857,727943.72872013
2017-10-05,869552.2679888726,574184.0834816925,697855.4355153297,427854.97147111804,730123.3308031297
2017-10-06,868342.6211375232,574142.9858052565,696658.1452495796,426758.4029374053,730069.8765410946
2017-10-09,866611.3516194945,573991.7798171099,695266.4166214142,425450.7383567479,729579.1296630845
2017-10-10,869254.5383758032,574361.0751064364,697565.2678429862,427405.43636846286,730292.7604871478
2017-10-11,870814.1409750661,574590.2330558202,698492.0533057519,428343.0424056866,731154.7355730288
2017-10-12,869243.5963113937,574639.2149610955,697191.243430092,426862.6587850393,730933.9826902916
2017-10-13,870441.8133037069,574768.2723987002,698020.492979744,427531.59576156037,731432.0075705574
2017-10-16,871760.4184108515,574927.3569884484,699260.8124470783,428670.69515313325,731669.3778001161
2017-10-17,872437.0809318888,574946.3042379115,699781.4204928749,429214.89091278356,731844.3795248197
2017-10-18,873394.8626741247,575030.3125054175,700446.562597967,429912.6078301314,732221.0274294695
2017-10-19,873629.809174336,575069.2753546585,700841.6432578766,429842.7077023764,732099.8561190121
2017-10-20,878881.3632907628,575608.7201286478,705138.8368444405,433956.308369023,733593.6614228643
2017-10-23,874946.2704148405,573837.8111216903,702631.4496402894,432400.30586495204,730330.9704890889
2017-10-24,876651.1994166487,574282.5196135764,703473.7264301854,432876.5334012662,731638.3311928873
2017-10-25,871665.7627725459,571951.3302610917,700035.8009129856,430653.3892296802,727759.6307134996
2017-10-26,872903.6202511478,572569.5285022629,700753.9482929572,431120.2075473517,728897.5390533011
2017-10-27,880986.8698805132,576563.4126466822,706384.6191638147,434756.667314159,735344.0019562282
2017-10-30,877207.2740690971,575575.5530417471,704172.3680016946,433267.1441635799,732788.7977019972
2017-10-31,878717.5188185293,576228.4443586427,704997.009774432,433893.8498440054,734127.2919955874
2017-11-01,879993.7967960486,576831.4069728807,706118.979871653,434802.3604867626,734884.5624901239
2017-11-02,880336.8234386247,577221.2185246414,706429.2173589931,434967.8371074272,735307.1631971203
2017-11-03,883635.6480089945,578542.9361014592,708239.1437817151,435932.7767536384,738117.778921586
2017-11-06,885145.4192486355,579249.9890913924,709080.5589941621,436352.1972434488,739493.1879387134
2017-11-07,884399.2060304383,579040.0031119075,708819.680573497,436169.6657579511,738797.8671616964
2017-11-08,886064.2080467504,579672.6979296093,709674.7604226763,436513.8386734433,740240.4841465309
2017-11-09,882362.3948872136,578510.9723729163,707245.5332541515,434948.6993108052,737806.1725988257
2017-11-10,882004.9099465183,578618.2259229112,706792.9752855073,434549.83629560005,738008.4991767696
2017-11-13,882892.2319805287,579548.3324414727,707474.1816235785,434752.9214395471,739144.7213912703
2017-11-14,880512.8050057058,579412.6912774986,706354.894871556,434165.9452116827,737748.9400044959
2017-11-15,875449.3563438461,577998.1532760626,704341.9719079642,433682.4272432246,733283.8763047918
2017-11-16,883882.2245366075,580717.7155785644,707419.7905387734,434271.13092381577,741358.4881692459
2017-11-17,880880.2163640452,580492.843461432,706196.3697327492,433354.95752728754,739355.0286855755
2017-11-20,882540.53852467,581782.1278360495,707338.9495900495,434167.6366568671,741085.2061850376
2017-11-21,889048.3869748157,584380.7157457795,711840.9885544609,436928.1577240792,745689.6035805017
2017-11-22,888110.4611841956,584230.9243965098,711255.4777958188,436661.0648113361,745187.3971992543
2017-11-24,890391.2693174562,585115.4667025711,712974.773965203,437766.73819832643,746633.4514691918
2017-11-27,889841.3507464228,585271.046800124,712747.0071152877,437574.86164680775,746466.8798456265
2017-11-28,900033.2280928877,586830.3661108811,720315.8525981912,443362.98715786217,750649.231019945
2017-11-29,899366.48755031,586572.20816857,720057.3360776154,443218.11940132105,749982.8490556319
2017-11-30,908240.2219609793,587161.2183984944,727207.1422561482,449749.04033261235,752295.7875176932
2017-12-01,906055.4016066357,586760.1433910788,725184.0006064705,447897.31044357875,751733.0338056115
2017-12-04,904763.0796522885,586999.3689549402,724424.8544078558,446873.000091488,751439.0836137405
2017-12-05,901027.1589836873,587248.4429375525,721234.5343244113,443516.86189586297,751142.557011196
2017-12-06,901169.3806304513,587482.7383015889,720820.970360437,443235.3459866489,751932.6379859708
2017-12-07,904336.8393082613,588170.1687537874,723304.9828537735,445050.5900793271,753303.5146226425
2017-12-08,909869.6506611018,588537.4453258421,727861.5937316015,449141.24209111556,754646.9916697099
2017-12-11,912920.1504458195,588697.852388765,730746.4785432629,451877.92854327033,754973.013705689
2017-12-12,914691.4933930696,588725.2710540411,732397.0669654491,453937.63101717224,755121.1868960294
2017-12-13,914523.2518085444,588737.9111001235,732165.9738127845,453261.19720228924,755196.6785102511
2017-12-14,910244.4496283319,588671.7422301597,727993.8257345131,449040.0102094789,755023.8555383461
2017-12-15,918772.4679182586,589364.0837089366,734278.5700820072,454569.23609760264,757959.4709595556
2017-12-18,925062.1603648951,590517.0055744345,738022.199425735,457687.9937274535,761584.3114941212
2017-12-19,921145.7717976586,589325.548838034,735430.0391474019,455787.82265159255,759068.6264688171
2017-12-20,920568.7302715916,589620.1869821441,734948.4740096394,455236.65807191003,759267.7882246227
2017-12-21,922580.7494113477,590333.8534381457,736294.2964424549,456218.0386129662,760647.6513875648
2017-12-22,922266.8519748005,590355.6295866591,736080.1010281707,455868.76172956894,760569.7255138153
2017-12-26,921014.243983875,590484.5972414119,735708.8344124621,455482.7747256162,759817.3517933512
2017-12-27,921450.5622200656,590316.3430452701,734989.9770057006,454711.3542140841,760804.2732401612
2017-12-28,923462.6360910875,590913.0611165217,735494.0339894278,455013.63226108695,762909.0081987077
2017-12-29,919621.3490590103,589960.3376649262,733160.0273573857,453434.6370090898,760449.0043470773
2018-01-02,926731.7954710451,592570.3148832549,737619.0965670301,456495.23616969795,765710.3587677963
2018-01-03,933055.0787686018,593621.1052556473,742002.1325659726,459932.0866919975,768701.3964388027
2018-01-04,937276.171054071,594048.2191981608,745251.4344297634,463011.03407709487,770100.3008029949
2018-01-05,944011.8571540241,594324.2843688305,750601.9108850488,467980.4264772108,771761.5756183321
2018-01-08,945831.8437132426,594639.3263207923,751942.1381784277,469205.6281143916,772556.3768361337
2018-01-09,948102.0904949934,594662.0184481449,754037.2771136158,471174.15836200025,772754.176810049
2018-01-10,946470.4004172543,594713.9424563053,752282.9847261705,469655.45192091586,772928.7031279154
2018-01-11,953918.8329662624,594785.3534449465,758513.9436736035,475918.78034657193,774217.5877181317
2018-01-12,960616.6491130316,594783.6748623061,764679.3363871744,482127.0443648081,774748.3325686895
2018-01-16,956995.8015901297,594801.4832598309,761749.8658678236,479020.7203601636,774074.7639626634
2018-01-17,966846.0433657883,594872.8857879546,770117.6683391046,487578.2731338511,775628.6057951644
2018-01-18,965026.4391329417,594905.3058949145,768889.1329486587,486334.86052892986,775069.9570597238
2018-01-19,969735.813865542,596224.0500035246,774048.7413155437,490505.8345315377,775938.4675340494
2018-01-22,977810.8531307713,598471.0578668292,779535.8893027308,494366.4761534417,780700.3983040659
2018-01-23,979894.5537729141,598922.9677798364,780959.0891938163,495532.42769407947,781812.8089681304
2018-01-24,979446.2564839111,598452.4369343906,780733.0602136881,495711.2250537481,781120.0098138097
2018-01-25,979818.051955083,598595.2520588187,780821.6459050006,495660.85945761204,781546.0347180973
2018-01-26,991459.2344240838,600732.6553049954,789741.1288658415,502961.2431587251,786405.137472434
2018-01-29,984627.750705674,598634.5684345718,784669.0742766571,499006.335730731,782547.621472785
2018-01-30,974158.4631393935,595792.7329715865,776441.506865904,492636.43018506747,777464.0658542723
2018-01-31,974601.3939704327,596944.9060877156,776995.4515109039,492912.1658196023,778505.2251564406
2018-02-01,973404.1057114785,597053.5431913403,776201.8066443456,492350.2254442426,778210.2188676693
2018-02-02,951486.996513878,585861.1052829768,760185.3491356438,482119.48716131994,761117.1292704071
2018-02-05,910347.7138368817,551404.8762415329,725546.0346646372,452410.134298783,720160.9320229734
2018-02-06,928835.7621927648,565635.0154409416,741091.4413804119,467395.81931651477,737333.7128624906
2018-02-07,923572.5304377873,563444.7905329303,736899.8167975363,466393.1749313704,734071.8807823774
2018-02-08,887711.4792794957,531128.0293933158,704611.7587625447,434982.74015917187,698182.1265194629
2018-02-09,901456.2221603738,544145.9509922841,717591.828060851,447861.90609972645,711964.7217010033
2018-02-12,915094.1468281421,555763.3095072068,729059.8873382995,460035.96106374706,725751.9456062455
2018-02-13,917391.3438896087,558209.4104532322,731441.0532000745,462417.82419867534,728114.0777519627
2018-02-14,930137.583459252,570237.2722789582,743380.5608685305,474635.942699587,740948.6714788758
2018-02-15,942348.5640537849,580869.4005381693,753947.3172932756,484694.6647330392,753225.0239078748
2018-02-16,942577.9268291917,576616.9514173169,748433.6942436926,480968.5202267936,754715.5606120123
2018-02-20,936260.4275870227,574204.028283495,744228.6810719413,478233.3238159716,750089.7136770862
2018-02-21,931260.8806963732,571529.9938600371,740488.0740061277,476589.95403097826,746156.7394287923
2018-02-22,932486.3705476231,573027.6227796646,741567.1559318025,477135.36658267304,747800.7762739949
2018-02-23,948210.9629874588,582276.8555409103,752653.8621327127,483054.8667540329,761687.8952741659
2018-02-26,959834.6932453966,586092.0710781778,760418.3796273728,488137.99899285636,769362.3235747113
2018-02-27,947072.9255450739,580996.8808905091,751827.2684656125,482739.8724416585,760096.4768484802
2018-02-28,936837.714585869,576463.8272614758,744849.2334703906,479174.6281948688,752306.2472554641
2018-03-01,922314.3918731469,568248.9937709104,735684.7421545517,474609.6454470379,738732.5823680152
2018-03-02,927307.7552378485,572884.4668817881,740278.1756239533,477500.76512926305,743767.985374193
2018-03-05,938634.9318748435,579881.9085212976,747803.9076269823,481326.1191616284,754566.8716476684
2018-03-06,941101.728137856,581943.3683613308,749754.5009191553,482072.93468725006,757144.5344585411
2018-03-07,940675.5644059328,582234.578908802,749566.5720965737,481938.894401283,757197.5100966708
2018-03-08,945448.6161584677,584882.8269368054,752536.1567714913,482925.93598148436,761649.2252022915
2018-03-09,962853.9535138864,590040.9749182314,761284.6283380203,486617.8145684381,775464.2389726071
2018-03-12,961512.6490739185,590366.6930973018,760772.3522333025,485994.4020379393,774960.9288164274
2018-03-13,954862.2604366994,589893.5783442513,757543.7710603077,483876.2061405061,771066.0065991526
2018-03-14,949602.4267624036,589242.9426462625,756038.1941230628,483163.8121337737,766661.1141641131
2018-03-15,948444.0864883596,590574.5848164035,757089.2588213244,483261.0874645598,765783.3513619485
2018-03-16,949475.9552852558,589988.0462670606,756092.5824646263,482290.6594657926,767225.3579661999
2018-03-19,935885.662452757,582248.3560812369,746375.5037495967,475972.69207777246,755521.0146421733
2018-03-20,937503.6010895652,583266.9447824429,747422.4929276577,476841.6278690451,757110.5528021262
2018-03-21,935547.3274764983,582834.4730994576,746503.2363537971,476273.0166762867,755641.0640799346
2018-03-22,910833.6981666994,563999.2934270597,726682.3574380304,462438.18058600975,731913.1340135046
2018-03-23,890277.8866542014,549759.9336780894,712187.1682545024,448984.9115189852,711613.1519355646
2018-03-26,915965.4530585898,568647.3804741562,731498.1004584818,467051.117050224,736877.2329320402
2018-03-27,899457.5813672809,555126.2632859233,717621.3599227916,455771.9046009262,720724.9845881887
2018-03-28,896589.5729159385,553417.427511713,715944.9159824806,455061.29761725664,717824.584302947
2018-03-29,908637.3882966585,563613.0807964769,726240.3905468252,463792.33278695215,729772.5784040862
2018-04-02,887855.6127219503,544722.919350436,707001.5513018898,447741.48727277736,709339.4806282724
2018-04-03,899823.5511416632,555989.5068511995,718147.8129902675,457522.05661758455,721427.7448603712
2018-04-04,909931.4686977011,565513.85111188,727759.1594492416,465297.1596403045,731448.6602181155
2018-04-05,917450.3083429945,571335.3264143618,733502.4276006531,470197.1711077306,739045.7070144791
2018-04-06,895792.8108602148,553304.1357769598,715463.6124221657,456373.6148356877,717395.834072785
2018-04-09,900393.7677323514,556136.1340613344,718213.5810555711,458904.3331279184,722078.8205958907
2018-04-10,915461.710920239,569795.2470481475,731913.1018107152,470370.89032360073,737106.3560154473
2018-04-11,910325.2313523183,565439.8939421999,727827.2246633128,468154.15663927747,731700.4004889814
2018-04-12,918172.2792260769,572872.5562612498,734863.6233112311,474571.55514439475,739943.7120338717
2018-04-13,915260.3038947234,570662.2360594764,732646.2674662357,473668.12493237806,737038.7723457402
2018-04-16,923143.3557385253,577959.0053232778,739902.5684134897,480041.1466986551,744962.2925060894
2018-04-17,933506.4248972841,586769.9171283972,748665.5928859813,484177.9852418662,755373.2489974761
2018-04-18,934169.2143415023,587694.6447036096,749564.7125824287,484942.8035228031,756061.6463204591
2018-04-19,928631.4384038075,582446.3090347799,744323.0955858422,484767.0027026667,750517.1517105213
2018-04-20,920249.265850193,581803.4985358268,743407.9831740786,484981.64181118784,742407.2810697171
2018-04-23,920032.1618309139,582276.1731753086,743254.3127297652,485157.14823943283,742721.3833427259
2018-04-24,906499.5911853933,574534.4533637387,733456.9976031506,479576.23587698606,731244.4080122501
2018-04-25,908870.726085388,576019.1608967124,735169.4889311045,480372.66018020385,733387.7591172645
2018-04-26,918855.3229272699,582334.6615281045,742642.4107150042,484958.38675946137,742214.9348066386
2018-04-27,919726.2388390879,583887.8135553473,743610.21411196,485595.8110920517,743671.1993487437
2018-04-30,911969.982671044,580145.6646613744,738231.4175903485,483035.72813707194,737551.5908083384
2018-05-01,913665.487672446,581840.2459571555,739948.3614284464,484052.6010057302,739224.7332674233
2018-05-02,906921.3549256222,577897.2633273748,735352.4414026057,482022.1255300853,733133.5379166598
2018-05-03,904678.5636292456,576834.1748988719,734027.7394158305,481307.745356075,731152.3601785558
2018-05-04,917363.5960076654,585422.8977242147,743210.8072280902,485716.43257151544,743243.0475700585
2018-05-07,920672.034737266,586848.5417347285,744582.040404757,486459.46971057914,746605.8971335059
2018-05-08,920604.5245038063,588044.3765192579,745609.6108538266,486743.1928935873,746706.6512355059
2018-05-09,930213.8751462005,592521.0421092538,751073.2695512723,488625.6635971216,755329.0087704507
2018-05-10,939598.3231769623,594606.7523807581,755787.7254103646,490852.61259466596,762084.7112136243
2018-05-11,942644.2215864023,595235.3962555833,756711.9442629092,491021.4960159641,764835.034645345
2018-05-14,943064.1132936144,595570.6677829663,756892.8365255285,490819.39429884986,765409.3056173206
2018-05-15,935944.9358806508,594957.3778759299,753255.5620468317,488550.3941230613,761314.1127760175
2018-05-16,940153.1302348821,595786.4777535768,754543.1580095398,488798.7611814081,765063.8110451878
2018-05-17,939223.2944648006,595960.3844440279,753215.0003842546,488031.3427236434,765636.0395908424
2018-05-18,936604.928638967,595425.3137682469,751605.2475406516,487113.7611732334,764092.3559328307
2018-05-21,944056.424495564,598551.5921003639,756705.2630965619,490453.61845826637,769483.4554820278
2018-05-22,941187.5879925581,597865.6098521487,754766.6460490439,489125.79018233926,767867.2537783247
2018-05-23,943884.2648025802,599435.3831500087,756635.5028151176,490129.7919910117,770264.8471201331
2018-05-24,941752.9555300117,599288.0815791234,755300.2804821588,489057.13737638085,769321.4586096382
2018-05-25,939289.9390411837,598178.8315013025,753398.02855243,487966.8799165825,767651.443972718
2018-05-29,927686.4820254993,592019.3691724893,745604.9685183396,483515.2573899871,757681.5846623111
2018-05-30,940850.1953766217,599153.974496854,754619.9105496351,488646.1493426617,768964.9613065027
2018-05-31,934627.719124065,596548.8885694549,750194.3957672038,486209.5753284956,764562.9139089778
2018-06-01,944359.2992191871,601207.0005363857,757036.5540934098,489901.8730527358,772110.4476448247
2018-06-04,949078.1726848957,602950.4162431248,760094.7241796327,491640.7049927856,775514.5667310497
2018-06-05,949742.7977596654,603351.9148001757,760506.6299896264,491760.44737044163,776168.7845528767
2018-06-06,958147.423616933,604547.0127980683,766200.719094561,495857.5022189976,780074.4193031024
2018-06-07,957964.4247331517,604361.7158691823,765538.3552486303,495343.6802537965,780368.4873363655
2018-06-08,960914.4309669142,604864.2044953257,767859.7927071543,497214.48401654,781499.5447377476
2018-06-11,962206.1105412404,605203.1578730436,769264.970313322,497967.76254873606,781725.0000836239
2018-06-12,963460.4315670129,605412.2440563561,769797.6831054538,498474.65390244965,782655.6945005772
2018-06-13,960108.1354741445,605409.6977700486,765975.2409821874,494784.23903158423,783123.2942446674
2018-06-14,962615.7653218174,605594.7259440569,768449.0275863518,496716.61961745936,783342.1656621842
2018-06-15,961232.5675830273,607290.0021422058,768968.0098903822,496009.1832232864,783135.2618175129
2018-06-18,959103.662969672,606751.2370525151,767093.471423792,494849.8040360804,782264.7140167487
2018-06-19,955206.4052765364,604733.1526231163,764234.0168991403,492879.2732192024,779208.8264188658
2018-06-20,956830.0783837663,605976.5170369158,765541.5618903197,493693.0681147496,780768.3189487159
2018-06-21,950515.4759222644,602266.0701463036,760822.4261438234,490739.3112329205,775462.4053430982
2018-06-22,952247.4900352145,603575.7919566291,761925.8953970838,491570.4988029285,777400.6720131132
2018-06-25,938679.627281554,595077.4460332405,752347.6193423925,485736.690764881,764912.7393907555
2018-06-26,940772.4699308203,596884.9093549512,754084.8784235644,487168.2401870026,767075.7862805607
2018-06-27,932581.3343227068,590557.6960744024,747811.0324755432,482804.8972526428,758831.2833399194
2018-06-28,938065.8533736302,595204.7003941692,752278.3838110843,486272.4788917382,764495.4553750686
2018-06-29,939401.0930853245,596699.2776290488,753868.9947804657,487669.210093315,765734.661352261
2018-07-02,941418.0234337118,598759.4917337636,755577.2989756579,489167.13237976795,768103.5016101709
2018-07-03,937878.04033598,595714.1985418499,752346.6422017128,487567.4819142567,764748.8820944707
2018-07-05,945776.7965174742,602017.136188535,758889.5911130984,491162.3426903563,772407.6270112644
2018-07-06,954036.3859210749,607699.0651525322,764882.5707808735,494139.42498262716,780356.1657110871
2018-07-09,962909.2960784499,612271.7154997105,770383.0012820715,496159.38852229854,788301.2957144423
2018-07-10,966442.120352569,613336.401924127,771951.4909840587,496674.0682600592,791330.3167109909
2018-07-11,959005.1972308988,611196.5154521789,768300.4808187857,495239.711536868,785404.5172826455
2018-07-12,967986.0675193532,614081.5376851251,772667.9330743386,496920.3192804428,792902.9575484933
2018-07-13,968703.9814404949,614638.9767077337,773189.4900118266,496904.2205054343,793656.7535547556
2018-07-16,967726.0461899955,615087.379403007,772796.6267693185,496470.4669922616,793520.0842420375
2018-07-17,971727.7827458284,615587.9222535342,774364.730951478,497037.32704170374,796454.2594662382
2018-07-18,973780.8085414408,615770.847445024,774974.3197572115,497047.3158318363,798080.6216476066
2018-07-19,969880.0478912335,615806.8124296521,772539.8596443424,495969.670378393,796650.2860948967
2018-07-20,968649.3527246105,614956.3015792288,770396.0712463064,494987.7311040447,796712.8684758863
2018-07-23,970432.9617891874,616170.8224375856,771681.1253029343,495803.426880931,798353.2713608702
2018-07-24,975398.7382677869,617754.1082599098,774939.9407721492,497830.6368962708,801643.5181925793
2018-07-25,983903.7986748427,620069.3060235837,781668.2862198506,503196.6173300769,805735.4309156075
2018-07-26,981432.3234463589,619513.1314847642,779318.5476069471,501006.8738770045,805057.5197612075
2018-07-27,974491.6043439304,617868.4596593496,774586.4053127484,497252.0741951708,801204.2711275633
2018-07-30,969159.8496985558,615914.1254224861,770719.6838528218,494992.76257416303,797784.9037052519
2018-07-31,974018.3574766752,618346.596908801,773969.691572618,497037.33618876874,801825.8752498899
2018-08-01,972262.0806782063,618062.5247108899,772996.3083199002,496508.2651142399,800758.9095062277
2018-08-02,977656.6532657604,620171.2532829416,776194.7619361065,498274.5970842417,805063.7570496273
2018-08-03,981907.4094514053,621773.264834913,779397.2670018664,499910.50295945,807714.0197214837
2018-08-06,985549.8695715676,622821.6416028247,782139.783509067,501807.2455038165,809662.340102357
2018-08-07,988835.0221052977,623400.8355607407,784434.544521316,503843.09852359747,811231.9255817541
2018-08-08,988330.1996073863,623567.1480245725,783829.4499247395,502766.2337102988,811498.510144251
2018-08-09,986860.0263019924,623405.0309683841,782590.274284947,502054.5423021405,811105.3954224612
2018-08-10,979954.7080931301,621924.519580106,777762.0490812382,498395.33289395156,807547.7910290295
2018-08-13,976088.7353959149,621415.2007223715,775328.5092297371,497022.8317994517,805606.0393255809
2018-08-14,982448.8541402587,623528.5796730374,779094.0760248806,498580.448897392,810313.9702254472
2018-08-15,974792.6535613039,622606.3741431669,774770.9142396937,496703.6432207192,806058.7259018087
2018-08-16,982868.6003308902,624086.3529320545,778747.8844749096,497565.67171757785,811637.6812250669
2018-08-17,986368.8663137308,625223.8268694924,778836.1588605817,498001.65336043877,816187.1467596731
2018-08-20,988432.9088290413,626333.3560332078,780399.9631645824,499199.524920271,817721.0837338795
2018-08-21,990707.1957458312,626844.0844874107,781691.8471598243,500074.37519959547,819214.2151096303
2018-08-22,990035.1868901289,627211.2286893004,781490.1470351564,499841.7622705954,819111.0505804855
2018-08-23,988626.5391737467,626795.6301457053,780353.1820426069,499055.4151517404,818423.7693130579
2018-08-24,994584.4592958412,628542.9758229579,784479.0195746645,501980.7776910553,822003.1975803472
2018-08-27,1002471.9596914635,630521.8954924841,790413.0965542586,506480.8019559798,825935.5406659016
2018-08-28,1002887.1799039693,630518.4923455669,790539.3363500144,506741.33324807766,826221.1179357345
2018-08-29,1008283.6682268796,631320.9795169849,795138.0436734159,510505.9258150961,827821.3861066612
2018-08-30,1004068.2826328448,630261.5650364815,791557.4293434257,507530.5928077074,826127.2003621133
2018-08-31,1004027.8325036407,630596.2519502183,791160.3724514355,506969.16706857225,826818.494038636
2018-09-04,1002195.9648096812,630952.6619520574,790288.9061504249,506068.8778802664,826214.5026475264
2018-09-05,999382.1762724369,630600.4343187856,788139.1506285619,504320.68573871255,825198.2419988732
2018-09-06,996253.0974355716,629826.7272134072,785747.0336397078,502442.70796482894,823687.5730454837
2018-09-07,994210.9010087223,629678.2784570144,784020.4448996242,501005.9776088996,823223.5166023251
2018-09-10,995887.6836611576,631090.6678719546,785198.1789208294,501438.0772972584,825134.9546484953
2018-09-11,999142.7001020112,632197.3673955621,787573.0752505844,502873.8054375178,827121.7742832014
2018-09-12,999310.9911208015,632373.1132844819,787361.4544931902,502509.908871274,827677.4319483059
2018-09-13,1005232.3359235018,633067.5911052548,791318.2691722489,505580.8572295341,830336.4398927203
2018-09-14,1005329.8850811172,633169.2208700194,791462.8823112049,505580.33454025886,830391.0056761444
2018-09-17,999850.1324947175,632858.6343263176,787509.1773538848,502196.868229921,828554.3715033627
2018-09-18,1005279.9867133282,633400.2537094487,791296.3007283448,505129.3681440975,830738.7217306448
2018-09-19,1006290.3998938799,633455.5514507822,792012.6804391218,505647.9502193839,831088.0529417528
2018-09-20,1014491.8590634925,633557.1596272166,798975.0468427171,512724.75496410066,832428.7538842045
2018-09-21,1013473.3372470145,632361.9190868409,799877.8841654034,514065.2677559238,829312.1542046646
2018-09-24,1010073.6983325711,631092.7618348205,797614.5381734027,512626.7068972322,826835.775271567
2018-09-25,1009071.6490490491,630514.0223089373,796792.3856353515,512277.07599678566,826077.1390002134
2018-09-26,1006015.1681682167,629114.3103749757,794894.4792115199,511384.4430440583,823518.8526092507
2018-09-27,1008711.5206682212,630911.3193750926,796757.9380398195,512400.7773442387,826148.7552810726
2018-09-28,1008736.4895134188,631126.0122506944,796740.9676825195,512458.3777713226,826405.3873591721
2018-10-01,1012109.0535271076,633405.1813724276,799318.1480363733,513932.76430223323,829479.9401407404
2018-10-02,1011439.90840881,633359.0348762029,799135.0366495575,513871.48159624496,828947.7599130337
2018-10-03,1011900.872419367,633812.8000434225,799555.649254225,514098.6590669716,829441.8764861429
2018-10-04,1004005.3505114572,628464.7523841152,793500.7631334749,510618.1806482859,822253.1930396759
2018-10-05,998370.172222349,625175.9950816762,789788.7262413849,508376.40656509064,817041.2943402185
2018-10-08,998283.1960480064,625574.7029490005,790082.1905035304,508968.38951386674,817059.5617710548
2018-10-09,996758.0319242234,624666.2777548314,789099.1324871441,508813.74524846836,815609.0304694888
2018-10-10,965505.4783608934,596730.1438534227,761176.3984995773,486701.6666263896,784343.0769923172
2018-10-11,944424.6742397819,578049.3743413338,742567.0695145724,468314.19893446914,763190.8323441215
2018-10-12,957283.4707622814,589441.6747909682,753877.2784201254,479969.71167380316,776131.7204107028
2018-10-15,951887.7475032168,584891.6144870708,749312.3792203837,475674.69063727325,770750.8360474821
2018-10-16,972349.399797081,603209.3772930477,767588.9156445498,493591.6200340204,791253.7147231572
2018-10-17,972433.8968000908,602842.1074049722,767214.5966199641,493623.59004237736,791345.2608626771
2018-10-18,958476.2770531266,590522.651656613,754918.0361740389,481107.23973865993,777364.7458132791
2018-10-19,957875.3024575106,589366.5059909548,752968.799616673,480121.07738977624,777556.8621093706
2018-10-22,953300.0581888419,588203.8984147077,750321.4750190224,478923.00451151514,774361.2940499164
2018-10-23,948144.9226906331,584265.1622759511,745540.3680936848,476538.9866672836,770048.5293382886
2018-10-24,918049.3027002593,561735.3711190287,721923.8079681878,460425.7904692944,741039.6783164894
2018-10-25,935192.6531015041,575397.3008604026,736350.5481731212,470688.43821219285,757418.2182541747
2018-10-26,917911.3639540791,561949.0813371448,722007.3531427297,460806.1601230344,741031.9046138834
2018-10-29,912503.2384607207,558125.7007700067,717877.8714907807,458862.1526339904,735929.880205336
2018-10-30,926570.0199326547,570071.2914639697,730180.9237657387,467751.86282262043,749639.2000962751
2018-10-31,936836.0467109906,578512.1238307764,738607.4542174907,473622.9086183973,759919.5287896654
2018-11-01,947174.2632444417,586837.2092387192,746984.6566181269,478701.52263184474,770205.6283304231
2018-11-02,941222.6842176118,582715.3718676721,742332.7024454165,476554.7132122307,764784.1661052566
2018-11-05,946564.5096139958,587694.3433239011,747320.5734517621,479776.3550362617,770117.091951524
2018-11-06,952739.9802097948,591711.7848622354,751800.7525243687,481616.2720883186,775829.8250130507
2018-11-07,973973.927751537,603753.1294078305,765710.0390208773,487275.7082072764,795195.8306038793
2018-11-08,972040.4127728328,603761.0060846198,764772.6179549568,486580.99523952,794207.613367885
2018-11-09,962034.4660920221,600398.7375951658,760029.0890764226,485472.6401077076,785582.9270761545
2018-11-12,943159.60371862,587200.0814107042,746433.7162495807,481988.0753388149,767104.7813451329
2018-11-13,941226.1281066855,586015.6488990434,745235.148552048,482859.87544526765,765185.4409190702
2018-11-14,934405.8454531222,579965.9028726793,739182.8307086125,481505.07868039724,758367.7300825783
2018-11-15,944526.2647067356,589050.5228233284,748219.7083102094,486002.774459234,768535.8916852439
2018-11-16,947008.9471049794,587019.9294167261,746708.479526628,488441.0876344994,770499.2094604668
2018-11-19,930007.3192315354,578892.1809077393,734930.7251570455,481561.8044450362,757032.5261353077
2018-11-20,911726.9790917875,568065.2945721585,722173.7050206058,473884.43314364995,740682.3197964185
2018-11-21,914927.6252774642,570719.4932070842,724406.2773366438,476234.32823705627,744304.592300983
2018-11-23,908373.9547073789,566483.9906554564,719758.3124176706,473718.5517568039,738163.3840982433
2018-11-26,923813.0413488811,578370.9433140205,731938.1039865369,481552.0981896147,753309.6318294434
2018-11-27,927013.3505012598,580034.0542325026,734079.2798925582,482578.92970050196,756031.8759942825
2018-11-28,949502.8591294475,590621.9105097686,749361.6834785372,490743.2231588259,773826.8373137574
2018-11-29,947223.84299529,589643.5893495679,747675.8969229928,489428.6030054656,772255.2865749437
2018-11-30,953237.141257862,591677.096973838,751753.7411231445,491830.68230777304,776224.248261634
2018-12-03,966481.1203033568,598442.354998494,768461.1641727698,491749.5471579735,779526.0622821596
2018-12-04,933329.4945312875,583937.117854907,739223.2418133547,484548.34435024136,761107.1217259184
2018-12-06,931741.4636430965,583788.6107404816,737620.0994273017,484066.7999908065,760973.726109355
2018-12-07,908745.5049076021,568426.9584260248,720904.2417524594,475525.1311044842,739331.972734246
2018-12-10,910481.9893186956,571271.0754953485,723451.1948987388,479143.17753278,741365.6210683841
2018-12-11,910611.1468740905,571767.2043700924,723847.3088111298,479915.1074407634,741594.7935861317
2018-12-12,915379.5355289874,576107.5059374312,728174.2243449665,482610.5778811041,746376.5682745305
2018-12-13,914960.7144151258,576339.0982645131,728327.3940711594,484139.6741545999,746036.169761558
2018-12-14,896969.4510592984,560640.6226567705,712704.7409015666,476363.9409713212,727969.0839675807
2018-12-17,878211.0573221393,542733.7810091726,694931.761761053,463261.2115575578,709076.8277233373
2018-12-18,877098.0381313426,542594.8378750589,694774.614887218,462675.157937255,707982.012272262
2018-12-19,863052.6327429932,529556.9555208264,681815.497422548,450921.56958343764,693857.8419943502
2018-12-20,848020.560141048,515831.0586659622,668207.0365271014,437270.45171798556,678708.3334329874
2018-12-21,829428.7657374509,501234.32022573915,651408.5791022219,425394.9895082307,662318.2580140467
2018-12-24,802915.8398424623,482564.38232276496,630888.9319313343,410450.9310642129,637505.8380224339
2018-12-26,852015.5925845193,511763.9423633041,666143.8813564249,435274.91365382704,680550.2013799394
2018-12-27,859777.6738571908,514871.30467129126,672173.6252933042,439125.2227505413,685389.9010237186
2018-12-28,858357.8462064848,516838.2076537367,671621.2706462576,438269.0562619339,686489.331002505
2018-12-31,867283.1888153881,523648.7881189522,678673.573050658,442801.0415919414,695172.9516722235
2019-01-02,868267.9977198385,527605.7614967923,679068.7375836454,441846.83323718957,699719.5694215263
2019-01-03,843370.4222102843,515853.39271412697,662983.6500508995,433720.8555251823,679154.7126620527
2019-01-04,877259.1672279474,531933.2231701005,685129.8117940507,445279.85999594885,706977.1263925382
2019-01-07,885431.3348433012,534526.6273201301,689335.062172283,447323.1991980495,713537.4477796893
2019-01-08,895265.3996678984,536642.6420537571,695091.7472531009,450813.9559919394,719730.8422570957
2019-01-09,900155.7211082486,537644.4584005154,697664.9920768663,452296.98501171614,723049.7352204385
2019-01-10,903840.9844687377,538471.1878794509,700283.4768319314,453892.0646292588,724943.2433047983
2019-01-11,904160.9389039436,539021.9745494896,699092.68719177,452153.3877093813,727004.7740502041
2019-01-14,897501.431967448,539174.9530259173,694121.0237583437,447473.15994140087,725469.9090235626
2019-01-15,909662.0775710006,539412.7569159924,702267.5336138399,454306.9624737634,729721.848661694
2019-01-16,912184.027039561,539454.2522748907,703816.412111927,455444.4360950829,730736.4149910657
2019-01-17,920314.5637017823,539458.6015536427,710658.5028285079,462250.2075866263,732029.2102154581
2019-01-18,934760.1078402116,539510.6913924348,719159.799520164,470802.2200466625,738025.5475010234
2019-01-22,921154.1442481676,532575.344698091,709203.1398149673,464209.19818925136,727345.4789514368
2019-01-23,923123.5695762547,533871.3694142157,710514.3457135141,465241.6314735315,729299.7230971016
2019-01-24,923553.433468092,535736.3406813403,711660.3737646092,466069.94880118966,730448.5302049684
2019-01-25,931827.1057668541,539866.9627381903,717274.497559594,469720.2700527306,737238.700765596
2019-01-28,924150.991089089,536504.6462304401,712200.5862379784,466635.0259835615,731274.1809016963
2019-01-29,922742.4901938969,535860.0963112069,711331.4754534706,466265.2948145047,730090.2408717786
2019-01-30,938296.6502343785,543495.8613098192,721948.2716462747,472533.4958630428,742663.3697180684
2019-01-31,947020.3250316406,546991.4565980008,727894.2622788695,476086.16767716175,748936.6491709175
2019-02-01,947413.1713604494,547840.3883019616,727632.203519553,475343.6934265583,750440.4859630035
2019-02-04,954448.3322419883,550289.4969724934,731883.198071426,477618.4566358989,755673.760963201
2019-02-05,958631.3559613203,550777.7356869876,734635.715275394,479795.59490461065,757592.5061930595
2019-02-06,957184.9390784263,550920.5294391625,733194.6560870025,478343.1559951103,757729.9422507316
2019-02-07,947332.1631857652,549605.3685622185,727019.6346366194,473695.9782473326,752737.0269315098
2019-02-08,948475.1999041536,550439.0195525244,727539.8697289841,473663.40328961425,754193.4795478394
2019-02-11,948942.6238854867,551414.901048213,728272.7450812771,473639.69441036927,754903.9096725679
2019-02-12,961907.5513141832,551989.4580975273,735553.6205929781,479410.86381584546,761162.5186388779
2019-02-13,965152.132224855,552091.5713603089,737625.5055317604,481082.1206911013,762437.3278735492
2019-02-14,962767.5933885102,552107.3172495579,735036.136607819,478271.8722057536,762657.9038503948
2019-02-15,973893.2575873422,553448.9226464771,744727.8734720659,487326.4902690584,765433.436581899
2019-02-19,975528.2925635573,554885.7979269023,745930.3463634343,488013.34804332675,767210.4499965113
2019-02-20,977452.0774770911,556113.2589075116,746980.3387567764,488153.77373104123,769311.7034973123
2019-02-21,973787.959645662,555033.9028097431,744420.5427859114,487380.90070267953,767128.0255389796
2019-02-22,979893.8001902419,557764.2684208292,748924.859936876,489478.3612444594,771459.914543681
2019-02-25,981168.4666000988,558502.381803937,750176.0868599648,490305.90485305246,772221.4674135571
2019-02-26,980351.9021052347,558196.9306070413,749319.7353260329,489559.101343669,771955.8032557289
2019-02-27,979824.1491913215,558535.5802255662,748832.0808485188,488916.6657302219,772254.3544378548
2019-02-28,977854.1333626644,557930.5271202957,747278.5052100532,488152.4498752393,771232.8611423929
2019-03-01,984031.4129184725,560825.2665458678,751469.352990981,489936.38397692726,776114.0323428455
2019-03-04,980258.5189092658,559995.150439156,748815.9167110324,488876.06212171726,774164.4585068753
2019-03-05,978792.605409478,560153.6584858065,748311.8839502507,488146.25622779527,773361.0858145198
2019-03-06,972603.7714969725,557930.4529855156,744511.4229828692,486546.6415688435,768749.5073691049
2019-03-07,964144.2494093131,554159.3804498201,739672.4823053244,485103.58276445465,761357.8534232946
2019-03-08,962065.5277987946,554332.8430549204,739481.000782144,485678.4529389369,759644.075941057
2019-03-11,976318.6957958287,561771.2475706625,747734.3318870438,487723.2777602826,773082.3173489333
2019-03-12,980008.6013390088,562463.9753520486,745658.540600759,487837.1371720361,779540.7419597844
2019-03-13,986582.8204577246,563905.6588234366,751605.4873515619,488516.35868229996,781609.6977990854
2019-03-14,985837.8156559834,564044.1368069996,750406.8107018289,487682.11903375364,782201.8476306399
2019-03-15,990749.9260173595,564137.6687097677,749472.1508187316,487178.39534018934,788142.1497778816
2019-03-18,994280.3453346093,565305.1802628881,752087.8293657498,489165.2445767182,790141.8842217901
2019-03-19,994433.672129873,565150.1479175587,752332.9670360128,489435.16383617395,789895.0410014613
2019-03-20,991316.2969650575,564024.844553662,750017.7975592017,487890.34866420296,787967.5319495605
2019-03-21,1002524.8437120963,567061.3200352427,757645.1955264341,493647.84455841687,794585.1562109478
2019-03-22,982949.1085710633,558188.6734892067,743587.7118224679,483506.9414497225,780194.2582278446
2019-03-25,982106.8179154497,558816.7137078757,742954.5684562637,483177.70764281624,780613.1511571044
2019-03-26,989404.9696290356,563261.7693430393,748091.7597973121,486556.06410322106,787219.1671648053
2019-03-27,984083.6663929686,561210.4887461595,744578.5143290604,484255.7954170364,783359.8288001101
2019-03-28,987755.9271190814,563744.5534863807,747314.0019305861,485854.1408070298,786830.6666649187
2019-03-29,993952.382545189,566977.987225726,751743.0144485917,488381.54831007845,791831.5433123658
2019-04-01,1005765.0423866217,570880.8813279967,759944.8896786673,493956.2881566554,799345.2220259939
2019-04-02,1006166.3671104951,571306.5817053854,759903.0231825076,493548.5012683603,800214.1136234156
2019-04-03,1007669.9566130908,571505.7149509413,761183.9554531472,494720.9939578285,800635.9041009275
2019-04-04,1010275.2057139844,572162.8827252979,762678.7288604188,495641.6742241089,802403.5475689062
2019-04-05,1015120.3360873754,573076.1521634937,765924.3579042966,497960.29315658845,804916.3183366151
2019-04-08,1015806.3003333841,573472.2681507398,766377.2377109716,498229.73926602793,805545.5187631951
2019-04-09,1010449.174549304,572967.0657251477,762342.566040704,494782.8956604933,803717.8622237903
2019-04-10,1013836.2786736671,573663.6017883013,764607.7909880502,496259.2483114777,805536.2774639606
2019-04-11,1013455.5257572632,573798.6576718308,764049.9116282081,495608.28203275567,805848.4597909286
2019-04-12,1020291.2875217806,574071.6106117961,769458.9790644355,500549.0953455053,807548.1070591839
2019-04-15,1019520.1753264468,574236.201016956,768678.2801263507,499611.5767218964,807722.2842070948
2019-04-16,1020098.8463328992,574218.5510093789,769072.5983131952,499933.0703513045,807888.9870191257
2019-04-17,1017478.7711325792,574225.5186442381,766782.2735186692,497510.7591141104,807566.2042481906
2019-04-18,1019409.031636981,574892.4536640779,769273.8891980757,499282.28048877325,807671.7840930257
2019-04-22,1020174.7224226338,575906.636188654,769993.1971461452,499717.89596174704,808654.7284244807
2019-04-23,1029078.2814696738,578330.530899069,776017.381017345,503905.2474714259,813957.9983107358
2019-04-24,1026741.0482908451,577442.9160733265,774455.4089182073,502810.18824151275,812295.1224053024
2019-04-25,1026024.5251728771,577492.4186623003,773867.8314538032,502262.1656228856,812215.679340712
2019-04-26,1030617.5654756548,578959.7404574396,776993.228081594,504380.97865172103,815150.6448108382
2019-04-29,1032107.5736324996,579572.47298551,777974.0613946947,505123.6235188008,816272.5521826528
2019-04-30,1032528.6374605049,579296.6272301015,777957.9341033832,505840.6173517222,816433.8975465612
2019-05-01,1024813.8276605302,577555.4620740062,773076.6675083013,501635.27081408515,811859.1891855729
2019-05-02,1022546.6449516328,577329.2277987115,771458.915070558,500395.925312035,810983.5246391242
2019-05-03,1032278.8807942279,580492.1758358444,777903.3278215195,504729.5917572095,817434.2957678908
2019-05-06,1028011.521120135,578920.931453041,775126.8289119496,502883.35210110643,814372.1906205644
2019-05-07,1011055.5816657374,570139.1520834165,762910.620158447,495096.53849229356,800850.6805500449
2019-05-08,1009580.9363521916,569752.6514663964,761721.8295201093,494310.1821476519,800178.3252578166
2019-05-09,1006486.7367576326,568734.9181690346,759658.6374751104,493087.89128348394,798129.5844108945
2019-05-10,1011356.8871252835,574277.0567796179,765007.2272692635,495780.38247087155,803193.2835949757
2019-05-13,986297.9022292515,556730.9345352044,745995.7038075258,487754.2042925239,779599.6999162681
2019-05-14,994960.9051314644,563987.074434259,753196.7621073455,493840.06724124635,788317.7844177157
2019-05-15,1000590.083929365,569684.5670810172,758839.7141012531,497404.38693744177,794001.5038684672
2019-05-16,1009597.9339275309,577236.8807570238,766343.148351256,499105.32679101476,803058.2332926368
2019-05-17,1003089.545005468,566668.1854281686,754679.8827015646,496139.2816232634,797644.4146914098
2019-05-20,996382.3023218905,563579.9293112657,750066.8235787519,493559.9511050263,792358.9311309251
2019-05-21,1005243.4939384846,569099.1459844769,756515.3382571838,497694.91420966596,800290.8247422985
2019-05-22,1002070.27632465,568197.049108023,754597.8768095081,496548.03841175884,798132.9716996857
2019-05-23,989765.726158327,560389.473228052,745747.2866881068,491480.4438048927,786871.435774793
2019-05-24,991909.4275726158,562182.058789816,747327.4576322052,492610.64580671745,789227.5518067473
2019-05-28,982613.831712033,556633.9054947656,741147.8944215041,489340.7407887147,780563.3658618153
2019-05-29,975941.8534402903,551892.6865223013,736214.787706886,486678.6234368968,774083.2753322263
2019-05-30,978506.132405642,553690.1383465386,737949.3869683079,488733.33554477664,776710.4068603936
2019-05-31,965256.5170835824,543261.1817396362,727382.7646346628,482835.3315792184,763598.4572650766
2019-06-03,962713.3492858956,540657.4706904748,724740.552703358,481166.56580657046,761093.7903495334
2019-06-04,983469.7110155423,558285.9988734017,742490.0641213721,492364.2291176345,781729.1688440925
2019-06-05,991876.5377445566,564798.2758405511,749228.00297135,496157.04865986155,789910.3336902785
2019-06-06,998218.8078147132,568943.5136675879,753776.114786892,498152.15438094037,795849.7297719298
2019-06-07,1008094.8737799282,574795.5489438369,760373.587554133,500926.2579052758,804980.3582461529
2019-06-10,1012618.6158396039,576984.5466434343,763480.234666045,502133.78120787255,808586.4508935139
2019-06-11,1012278.7738576197,577310.2328942537,763301.460933588,501920.25285151973,808751.0688948061
2019-06-12,1010400.1606784023,577298.4624567677,762405.7877143053,501372.8568101949,807756.3584973854
2019-06-13,1014468.7272634538,579546.1227603913,765066.6328675798,502263.61735692294,811411.7402327859
2019-06-14,1013254.2964327111,579964.7055338835,764604.9340381762,501818.9312798034,811077.591004939
2019-06-17,1013545.1468621091,581131.5359661304,765527.2260525806,501939.23040793324,811612.9798521798
2019-06-18,1024050.5681460295,583359.609904831,770012.2759846505,503626.0936779091,819861.4251427308
2019-06-19,1026264.7939751361,584565.5487329275,770601.4747184131,502941.6893694508,822692.3910661715
2019-06-20,1035965.4382998393,584768.9146901893,775295.0663683787,505895.49110593623,827902.8096981705
2019-06-21,1034366.5700138671,583177.4370344477,772979.0872460639,504021.16068963776,827028.4428787717
2019-06-24,1033047.9289815682,583233.3249444724,772019.5630637987,503374.86090656696,826634.0279876457
2019-06-25,1023157.3673915694,578404.968783689,765143.0147314919,498904.3170569951,818791.6585691703
2019-06-26,1022076.356171356,578334.3265095965,764601.1405933821,498514.51472735195,818181.8792129743
2019-06-27,1025485.170945262,580338.2921068072,766766.0654572423,499970.3545791311,821429.7347202307
2019-06-28,1030492.7392772787,583334.0406472299,770482.7544834262,502010.3600914057,825716.3625664862
2019-07-01,1039445.1241469904,589189.4491957866,776191.3152683172,504803.14234774257,834815.5951998635
2019-07-02,1041968.9119667948,591192.6759419332,778067.0659605958,505767.1987969829,837466.8590735359
2019-07-03,1049935.1907552395,593133.6081305556,776990.6014509755,508331.375013303,848450.5345602235
2019-07-05,1048683.3362265213,593383.217109137,781100.2806585054,508245.59574005567,843338.6098025567
2019-07-08,1043009.6358209497,592794.3472886924,779000.3989176247,505899.3101034947,839175.921317421
2019-07-09,1044172.6182589699,593202.0515320199,779612.1049523933,506228.36247370276,840134.9019640001
2019-07-10,1048907.4519693216,594448.2182339085,781770.2717069213,507183.91179029946,843957.7356217128
2019-07-11,1051193.0766668916,594841.5323522151,782550.0092591518,507402.88610789436,845856.9368853586
2019-07-12,1055655.2082470802,595287.5421660992,784954.0189209313,508934.1264853126,848361.0686176518
2019-07-15,1055900.1797999835,595565.8496807232,784600.3884907481,508374.186202931,849237.9781153625
2019-07-16,1052505.2838034192,595575.8384197601,782356.1943296003,506637.4240799595,848097.2650189829
2019-07-17,1045471.0965117406,595446.8724224232,779899.1962023764,505349.3669067095,843391.1098571913
2019-07-18,1049083.3305633545,595753.9029767823,780122.82838785,505322.7780779465,847086.7422776907
2019-07-19,1043341.7808105367,592917.858308973,776557.6455076418,502713.9640347953,842074.3307372717
2019-07-22,1045702.9106293389,595178.9817368612,778663.9148515728,504155.62305257097,844507.3164292808
2019-07-23,1052775.6330556064,598409.7360110406,783425.1486000584,507031.7909478287,850049.5593812419
2019-07-24,1057425.15879018,600183.3140316866,786591.5839879566,509053.2337511352,853306.2277485632
2019-07-25,1052483.8603052772,598370.7364464928,783202.0663156551,506530.2823471769,849941.869350768
2019-07-26,1059152.348847173,601019.5452034601,787772.4219363616,509592.601712469,854688.8110289248
2019-07-29,1057206.3803612879,600929.0590284183,786637.2372007549,508795.99292003573,853787.5411036045
2019-07-30,1054620.855494013,599357.7412706043,784818.9259273012,508067.0763111748,851449.0097519695
2019-07-31,1043454.5099772429,594228.6542951937,777117.0992736821,504080.07215572125,842855.4039134078
2019-08-01,1034654.3366098295,588555.6747262077,770384.9272534295,499146.4425840934,835114.4229972608
2019-08-02,1027099.5003046051,584505.4440948619,765631.3049196617,496886.9704313725,828262.9783944585
2019-08-05,997401.7708750169,559960.2324708416,740951.6252585421,480165.0044196404,798699.7170019697
2019-08-06,1010710.5976074036,571281.2198864056,752260.6944340349,489998.49454412237,812020.4619744277
2019-08-07,1011198.1412999324,572042.4632820082,752982.8238398398,491166.3333393701,812547.1196567542
2019-08-08,1030126.0535370245,587947.8400278948,768920.7541139896,500957.49787134584,831442.4783655829
2019-08-09,1023310.9537911911,582615.458538509,763518.8421522344,499154.97090412467,824696.909092119
2019-08-12,1011280.725708686,572235.0240153761,753145.4026634912,493028.0775963054,812659.6859752244
2019-08-13,1026271.2216564381,585221.3142030209,766106.0949165914,502480.72106061946,827675.7798575207
2019-08-14,997078.7289984452,559242.5447533657,740180.9689844497,482195.9790296892,798429.6436820143
2019-08-15,999517.9949720993,560647.1743899505,741576.3998546349,484243.8837546655,800878.1084220683
2019-08-16,1013566.536792351,569096.3537072937,750313.0142676719,492054.7743949555,814639.2151466262
2019-08-19,1025529.7987165522,575452.2987563284,758815.2579110998,497522.0155726166,824341.1939039214
2019-08-20,1017690.6435639533,572572.6790145463,753342.0001506547,493949.84600471286,819095.6767699856
2019-08-21,1025776.3444877904,576507.8908114498,759149.4178819219,497814.3443028792,825309.171759459
2019-08-22,1025380.1174523239,576034.0657760745,759149.7421458634,497174.0920847845,824438.7954246756
2019-08-23,999295.8841341427,562992.8000189185,740045.6638981823,486122.48942016764,804417.3745970195
2019-08-26,1010116.5508099166,569716.9831493034,748154.1379039059,490884.49808037095,813853.7503974547
2019-08-27,1006120.0667841211,567918.9745719158,745732.43331991,489209.93048590026,810480.9623782673
2019-08-28,1013029.1537408525,571839.6029532636,750595.6133220659,491894.78621831536,816447.4977141909
2019-08-29,1025719.0685794405,577113.4916578077,758666.2799040647,497067.074850722,826340.6346753242
2019-08-30,1025184.3776897305,576988.8581562117,758788.264121695,496973.84973097895,825559.3260663877
2019-09-03,1019183.1624124413,576038.0136628111,754809.5579704191,494516.0664672991,822585.972446974
2019-09-04,1030526.9090914176,580839.7595876914,761965.7000317646,498665.80515258573,831575.322989485
2019-09-05,1043532.4046704507,584632.6125646154,771021.4342156688,504243.03748330893,839317.9373615381
2019-09-06,1044247.0501193642,585277.5380419577,770983.5478434176,504153.0052221385,840715.3946600447
2019-09-09,1044685.7855177699,586077.6710063859,771249.2614603192,503498.80555823515,841688.5494059772
2019-09-10,1044362.2605803185,586387.9057991407,770988.6619582658,502742.02517159237,841935.8587633339
2019-09-11,1051620.91359888,587037.6639803923,776287.4594264457,507319.12940948806,844545.472494967
2019-09-12,1055139.965089257,587202.3744074968,778756.7218647748,509460.0758168674,845759.9719741198
2019-09-13,1054366.4350116912,587352.5276728596,777775.0493430467,508267.3347367828,846118.2676836448
2019-09-16,1051065.8945515673,587502.6750314522,775370.5254155807,505946.26475322363,845372.3985095794
2019-09-17,1053616.096877959,587633.4148088628,776836.2261156135,507069.9931629605,846587.6399133492
2019-09-18,1054157.7809236965,587681.6915643306,776882.8822371378,506808.9556235608,847130.94459303
2019-09-19,1054007.3535614356,587759.0649224934,776264.7284519512,505641.8346179973,847676.0443741184
2019-09-20,1049001.745505085,583732.9783350776,773782.0924699183,504004.57312178984,841126.9857123849
2019-09-23,1048686.0491635315,584937.1758434388,773822.2956576534,504071.9512860996,841884.1602828894
2019-09-24,1040759.82494487,579748.9173993869,767730.1211447604,500412.7936153712,834861.8521330687
2019-09-25,1046545.8754200789,583862.6709549609,772183.5866313037,503572.6409622363,840308.1906773084
2019-09-26,1044386.356420172,582680.0315646951,770436.7424974635,502784.1909044855,838712.8764209759
2019-09-27,1038941.3200179758,579168.309597028,766401.3611529018,500059.4725884707,833791.4993956743
2019-09-30,1043453.4464643209,583620.2140518476,770831.593518456,502848.886829376,838325.2979312846
2019-10-01,1031546.3494994474,575291.1277418258,761751.262090073,497303.03360638674,827169.4460847722
2019-10-02,1014107.6121175409,560946.4459996314,747273.2682786062,487867.8138531826,809864.0207721385
2019-10-03,1021946.9268465987,567687.2859984864,753930.0169061273,493198.6944705569,817787.4268725301
2019-10-04,1035049.7703171147,578933.8605884528,765240.965458808,500347.9732497041,830825.8963803316
2019-10-07,1030719.1379566258,576010.6899031829,762145.3890913476,499390.20096805715,826667.6697020333
2019-10-08,1015392.3966611914,563175.8405070363,749341.904877604,491099.8825688213,811309.5632241959
2019-10-09,1024505.5946447575,570750.1756557184,756881.1815669516,497171.5750030193,820457.8196670966
2019-10-10,1031037.6214594551,576276.4427173608,762471.8276186388,500583.00657621794,826925.4674917494
2019-10-11,1041156.4990523303,584522.3426214498,770758.7926427061,505619.210073577,837003.2799646463
2019-10-14,1039978.0355743142,585447.602080843,771492.344462621,507464.7851935548,836016.5241261085
2019-10-15,1049727.9384738926,592845.6895195625,778938.0780817387,509310.35556194955,845718.7808452888
2019-10-16,1048045.7147521806,592413.5021477696,778412.6842794658,509531.14450336155,844129.7635540568
2019-10-17,1050923.466337427,594953.3833306103,780933.373724699,509743.5101605044,847026.7068769106
2019-10-18,1046458.905515924,593911.5303909692,779655.5284140664,509568.6185932539,842798.1384263992
2019-10-21,1053165.4018577007,597512.9803888735,784803.0478476009,512852.1645959276,847870.6052081684
2019-10-22,1049803.6218346846,596243.8441657329,782398.8284791296,511375.0445528566,845643.908330483
2019-10-23,1052651.252682626,597796.0492916447,784287.1469746651,512345.52413684037,848155.4258088007
2019-10-24,1054222.9692786622,599047.3060871658,785437.1131017995,512973.50143363187,849828.4330732236
2019-10-25,1058278.2433109723,600985.0856854017,788190.137656641,514503.6626260348,853068.4621489284
2019-10-28,1063910.7402170948,602589.0012481099,792372.3586816085,517303.56604966754,856122.6535927914
2019-10-29,1063536.0911946578,602340.2281268293,791582.6272122429,517162.9980376975,856288.9629184395
2019-10-30,1066584.6128457391,603680.8085578119,793782.8903008748,517899.55312467064,858477.8019118713
2019-10-31,1063793.1742985044,602914.7791555147,791443.4825835084,516213.5598851179,857259.741679706
2019-11-01,1073162.3955240538,604923.670715559,798454.3580943828,521354.1048466549,861626.9789544252
2019-11-04,1077228.7577666687,605587.7172295842,801614.8348272329,523612.654903169,863196.9109782154
2019-11-05,1076026.3320518667,605687.491117157,800657.0901557605,522655.0661126666,863052.0038224584
2019-11-06,1076199.647557457,606069.3962067375,800655.3733195814,522315.64020691696,863608.9412538083
2019-11-07,1079762.290585793,606267.910392348,803130.1622894271,524473.9368582494,864895.3094979092
2019-11-08,1082251.1831488577,606485.2301439608,804895.8826886134,526172.7821816602,865835.8014134002
2019-11-11,1080209.757427984,606608.5016175436,803265.4339148521,524162.62634308264,865548.0959398706
2019-11-12,1082330.086736542,606637.7248128869,804775.3744050539,525468.8457183319,866187.7079535703
2019-11-13,1082604.011686192,606629.3266516924,805353.3346350004,526048.298611602,865875.2745120788
2019-11-14,1084052.5342908534,606658.5430296324,806623.4082048745,527187.4391985552,866082.9399248067
2019-11-15,1091508.4201463896,607571.7777751682,811926.3922505167,532996.2379629333,869149.0764802364
2019-11-18,1092184.7775646532,608025.9602650101,812220.087492743,533269.8205738952,869906.0272780342
2019-11-19,1091834.3289789765,607878.0904020753,811903.1573486705,532970.5465702424,869724.6389734952
2019-11-20,1088052.0076199386,606823.6258453215,809299.782389102,531118.3534922951,867491.2280172717
2019-11-21,1086387.218662468,605926.4237190408,808118.3303387531,530453.202494368,866110.6889838695
2019-11-22,1088538.4262516573,607198.5616280611,809222.6661776088,531105.1807527277,868429.6986432236
2019-11-25,1096206.690745547,610852.8109970726,814678.7556876233,534456.4645172206,874296.12299611
2019-11-26,1098422.1470366383,611819.661354326,816169.4293150071,535108.4359638877,875987.7560170711
2019-11-27,1102851.3037829613,612902.1449493866,819290.3051754746,537638.5376147656,878378.5204979872
2019-11-29,1099037.156109676,611870.7872863489,816754.0680131237,535843.2372414495,876069.252324015
2019-12-02,1090412.1138841496,608429.5585564466,810877.8914153704,532316.1479247187,869879.1579663398
2019-12-03,1083647.3626256853,605099.3375979646,806263.5006623657,529683.4045394708,864398.5765023981
2019-12-04,1089711.5775103814,608235.5143631534,810305.5997431374,532059.0140415467,869556.8690715113
2019-12-05,1091446.3871683492,609623.2616643435,811727.9266405562,532792.269533406,871257.0991332504
2019-12-06,1100525.4467664582,613110.9670125681,817606.7543733749,536289.8741179607,877945.0363467654
2019-12-09,1097288.6092333389,612148.970893291,815487.6399712791,534697.8145152684,875865.3170964648
2019-12-10,1096104.398775307,612176.8210385407,814792.3163591092,534260.2751959634,875404.2803958522
2019-12-11,1098897.3664149616,613564.5547088028,816715.6090732107,535424.4308289713,877661.6889916677
2019-12-12,1107527.6987289137,615720.112286754,822183.1136673465,538840.717296462,882980.0742894349
2019-12-13,1108075.1509459731,616580.536043802,821937.8613644945,537874.688597955,884633.2025663945
2019-12-16,1115005.6052579852,617598.2222279711,827189.6900945352,541998.317270393,887329.5143325349
2019-12-17,1115168.4858571377,617852.7031530684,826627.4947735136,541211.1516219801,888309.0711778065
2019-12-18,1115171.2628699816,617931.4129702407,826548.1404886378,540993.1139615548,888469.9122926983
2019-12-19,1119311.2096020007,617945.3628574864,830024.1859684826,544279.2962081451,889147.7634321182
2019-12-20,1123761.8326950483,617459.7590332783,836685.5428089253,551289.2204718438,886451.4258605152
2019-12-23,1125228.3622903735,618075.1156569961,837131.2921791654,551326.6397891052,888011.4481567416
2019-12-24,1125198.1396558348,618239.0266404815,837113.9100553605,551295.1483326391,888162.5186294931
2019-12-26,1130467.9075451067,620129.6975274179,840526.7997271877,553586.9116904261,891910.0677338742
2019-12-27,1130156.8080970508,619306.8798098601,840307.1199806684,553627.0206974095,890995.8303147798
2019-12-30,1124545.3966204908,617305.4742063216,836365.331091082,551097.2208027812,887324.8021242678
2019-12-31,1126915.942103378,619095.6354248407,838143.5616474231,552076.1739227555,889707.278269333
2020-01-02,1136239.0441071398,622653.6699580816,844248.1816460134,556102.4109587548,896483.7948077453
2020-01-03,1128507.497979578,619907.6445618342,839031.7835610278,552753.0953784841,891222.6213689217
2020-01-06,1132281.22723696,622044.9754863451,841563.9257364294,554257.1582884637,894601.5393754132
2020-01-07,1129382.4244841968,621733.770905361,839815.756465609,553024.2286567208,893139.7013124863
2020-01-08,1134683.5558283834,623071.6675588351,843153.2131505914,555132.9683994681,896441.2726251645
2020-01-09,1141481.0132505747,624838.9675540016,847464.0813541256,558132.8174768919,900695.161838988
2020-01-10,1138488.9597601837,624751.5924401691,845477.2632335527,556358.8448881367,899602.5513553375
2020-01-13,1145411.4613055794,625961.5704787925,850200.7305555351,559478.0326074092,903011.5636173742
2020-01-14,1143791.0969945441,625947.2790603307,848800.8652319119,558260.9986671559,902776.7732115001
2020-01-15,1146036.7622195855,626115.7105100704,850297.1536699058,559287.6559007817,903694.5814482874
2020-01-16,1154486.9760000487,626160.798315438,857202.5252341642,565470.0334460498,905284.5114698596
2020-01-17,1157636.9823947507,626996.1738564158,860974.6241410638,569122.2839058074,905497.79449864
2020-01-21,1155617.1001000556,625668.6417960622,858900.2794392921,567760.1540271796,904146.8407995254
2020-01-22,1155676.2110562117,626132.5024666402,859375.1472054343,568039.8816240521,904194.9446601174
2020-01-23,1156759.6504413513,626528.6352253654,859904.1235862537,568187.1291074685,905145.5404231627
2020-01-24,1147810.9799870558,621746.097296728,853302.5274217734,563939.2635675799,898015.9282047102
2020-01-27,1131873.3692647123,611694.5893381992,841644.0768884162,556278.1711954288,883685.2600571952
2020-01-28,1142024.427490187,618637.4141985134,849433.8519948651,561646.5493204903,892989.3680365351
2020-01-29,1141149.2751635816,617990.5759308983,848494.4926422376,561372.9748136806,892406.7367949422
2020-01-30,1144281.056726728,620716.4146927667,851257.1264414748,563078.7547783123,895501.7233207198
2020-01-31,1126295.3730936588,608280.9904727729,837745.9761180978,554326.6641249927,878591.7657910336
2020-02-03,1133432.4891910807,614229.4369206789,843735.4162701878,559047.1585565461,885687.8881842716
2020-02-04,1148251.7390681119,623997.5420087716,854677.9053260863,565910.6550243024,899332.7540934968
2020-02-05,1159636.4236727227,629634.4486455705,862204.8984962208,569929.7950962868,908827.3521647722
2020-02-06,1162947.5748634113,631234.9711402901,864195.673095553,570730.526889896,911748.2512508484
2020-02-07,1157522.7284551586,629336.3905795116,860919.6911050815,569053.1614221211,907700.8062722886
2020-02-10,1164930.6950838685,632639.0485955239,865682.6043886284,571521.5341099121,913648.5176334638
2020-02-11,1166615.399966874,633336.5670445594,866722.9476908988,572057.3018643481,914990.3976632344
2020-02-12,1173059.3884061866,635334.3924817273,870798.7849977044,574268.5068006786,919356.3742329094
2020-02-13,1171912.3341339042,635137.9403590292,870010.9155232429,573760.0393006986,918800.7373123904
2020-02-14,1173476.2023186423,635835.4481835808,870683.2628271442,573781.4750923759,920389.7660177788
2020-02-18,1170792.5913026189,636284.6292748137,868615.0342368081,571979.4044155043,920223.5646833242
2020-02-19,1175579.6957776637,636824.1061662054,871171.9199200599,573037.2685471803,922993.2603665091
2020-02-20,1171329.8020599037,636875.9630666873,868140.6845075686,571040.3720970245,921826.4589617221
2020-02-21,1160813.5917814637,635496.5718487948,863803.3550511764,568864.2389106222,914268.186921782
2020-02-24,1127585.301421157,614728.1533926411,839195.6440987114,552227.6270235253,884777.0505687135
2020-02-25,1098225.8950949523,591198.2371302145,814979.9097283236,535686.281437858,856103.4623504699
2020-02-26,1094714.4930258738,587698.4878825287,811432.1740722463,533816.3496429503,852640.0466897831
2020-02-27,1052700.0983769419,550189.8724964904,774020.6022000269,499155.6019982528,810528.6085270322
2020-02-28,1048889.4713605926,543005.6366385815,766902.9044188,495503.2999600477,806651.4434340007
2020-03-02,1087336.464821519,581314.4003266175,804993.7111062999,529796.4067796925,845316.3938954636
2020-03-03,1060772.3313308093,556879.826492982,780635.1670739937,506719.2121346984,818676.2306034244
2020-03-04,1098589.6893952193,591204.8850514644,814928.1122984516,538046.9013095275,856525.702001859
2020-03-05,1067377.7762577478,562933.9852695703,786666.4607983967,512331.1853209161,825304.5405825481
2020-03-06,1052358.6093842813,548427.4072173513,772162.7780851817,498835.16380303586,810282.4783700777
2020-03-09,982673.6481047297,485218.70819155034,709268.9124413431,434553.4663166369,740282.6837085638
2020-03-10,1025198.7158196032,524313.4905859462,748140.4699173309,475104.29873718927,783030.9763418454
2020-03-11,983011.4308293352,485484.87978199846,709557.8805190392,434911.7441551448,740597.6699459213
2020-03-12,904270.4959428059,411606.8194381683,636051.3975297478,359749.0679877994,661485.1577048533
2020-03-13,967846.786860611,475546.1571782613,699709.9166268636,424272.2940345723,725342.2672656355
2020-03-16,879449.7842252105,390614.65703677945,615008.7583070861,339481.7422733088,636714.9228085307
2020-03-17,918256.7769265044,428834.09341935255,652991.4189714994,382889.02271151775,675758.6912279844
2020-03-18,879847.9471920079,394927.0510689942,619296.7441413591,342719.81486973516,637137.4939732697
2020-03-19,881351.4853370535,395931.0099505563,620278.9124069074,343723.9738931039,638662.8227343293
2020-03-20,850245.5942072565,384742.690505069,604020.5934592357,335146.9573931892,612626.9311067165
2020-03-23,824651.5928444524,371425.1277582876,589867.5560350339,332286.6330378258,587577.8210758194
2020-03-24,912912.4884229732,420478.09281428833,653615.180015787,372444.52134247334,661144.0577295879
2020-03-25,928795.6562486793,420776.4450422998,661139.7498550245,376517.131850756,669801.0079440679
2020-03-26,991750.69822743,442224.05768416286,705396.2073918651,409596.5914749196,709947.2050278411
2020-03-27,957721.4344192491,432881.56136987335,680283.1043563841,389514.3295531976,691688.5479408515
2020-03-30,993665.67700431,452276.08665728057,705955.3117650447,406651.57296632905,721355.1084046592
2020-03-31,976595.0151952221,452840.3482512217,691972.2489465929,392608.0276549971,718831.7710079643
2020-04-01,925893.3882439964,436562.2888269671,659305.0424557577,372337.1540189334,684519.2911233192
2020-04-02,950716.5141019531,450437.3863283342,675823.6607206445,381314.67880634195,706698.8962177562
2020-04-03,934805.4209676366,450250.08045107126,667457.4687514815,376198.36133201816,698966.6891753396
2020-04-06,1007661.4679778664,469004.3495649393,712825.1948798941,405602.50548057863,745209.279171025
2020-04-07,1008840.0829699842,469948.71466459986,714653.2548937502,406472.3952176231,745504.1992489472
2020-04-08,1047736.7043572164,475877.37928592274,742149.7036797998,428504.0525742611,762833.0364714527
2020-04-09,1065960.1105906,477848.28745688824,756064.1148982837,441062.79955709726,769112.9396573177
2020-04-13,1054856.7283241057,479151.32422391,743047.122897451,425580.8916709919,772329.5861586782
2020-04-14,1090388.0104118856,479372.161958962,772923.8960905466,455751.69041051273,778204.9327884143
2020-04-15,1064031.2622695805,479463.1358070588,749173.3264195044,429935.6984770384,775689.7281652484
2020-04-16,1069885.389565826,479554.1096516126,754057.2671123457,434491.83158523776,776750.8886132062
2020-04-17,1102838.471599924,486014.5977742139,786958.8721332508,465429.2849228068,783262.8537490002
2020-04-20,1085218.5604627584,476873.75996245793,773389.5646966458,455462.45489101834,769891.9394873052
2020-04-21,1055388.2227235546,461349.1771039944,752263.7709520576,442961.68808417744,745662.8126342263
2020-04-22,1076527.3319366572,476303.5008681591,768779.9971201993,453432.2694968127,765240.0194433515
2020-04-23,1076455.9693819073,477746.21308761253,769064.788883986,453925.674512035,766326.5773442684
2020-04-24,1090024.9737931343,488833.72696284344,780254.3404422016,460874.89954327676,779793.5440725109
2020-04-27,1104256.7399642568,497382.2579092379,789958.3600344437,465797.5106159707,792869.8215977857
2020-04-28,1099649.8216579594,495563.7382205841,786962.7819383394,463879.1533121187,789439.961698939
2020-04-29,1125743.2016283511,504701.1798602885,802909.2616617996,473120.9280555877,808724.3035855748
2020-04-30,1116217.1673721375,501504.8313560742,796693.7836354463,469460.2329552786,802217.3988515002
2020-05-01,1089386.9222612034,491619.3462136269,780201.2857759909,460737.58806335996,781994.1664575741
2020-05-04,1092106.1784133026,496612.1898946299,784299.5194787232,463395.15999215655,785608.032587944
2020-05-05,1101244.5677317053,501666.14694665885,789764.3254756231,465309.9458072041,794335.5729614756
2020-05-06,1094474.6957996504,500142.08258694434,786919.3010077951,464602.05473576137,788886.6611375343
2020-05-07,1106438.6258660408,506651.64909890457,793862.7521355595,466562.69153818,800416.7065881205
2020-05-08,1123043.1105460702,513277.8865951358,802163.3714035442,468596.68992818706,815346.8094963966
2020-05-11,1123250.4256752827,514959.4965090249,802463.2269436552,467989.6710339205,816935.8789993871
2020-05-12,1102909.2741566768,510846.4473579237,796318.2698559158,466942.48258932214,798626.6354174194
2020-05-13,1085219.518909677,505388.9039627523,790594.0706672592,466748.1226380833,781203.5359639048
2020-05-14,1096974.2660478721,514620.7935059981,799604.9024803317,466883.8898433924,793179.340832273
2020-05-15,1101542.6432005411,519630.30443908577,806383.4661032262,472054.0962365505,795978.6652951355
2020-05-18,1132000.541655587,530855.0999489219,829456.920072763,488871.4080387014,814427.3891782578
2020-05-19,1121414.4829036123,527576.3812690028,821764.8141015668,483008.3867691823,808254.71771756
2020-05-20,1138738.1238986386,533892.864984341,834846.6991709126,492863.30617588595,818812.9573585788
2020-05-21,1131575.231032263,531845.6733909319,829108.5085229739,488720.4301155377,815341.0635467331
2020-05-22,1133529.3583362512,533487.7086091435,830718.2456297604,489646.9767260121,817327.488962146
2020-05-26,1146242.1568698324,537432.1640422742,839787.2336726454,496270.93553070445,824915.7548859732
2020-05-27,1161784.632674306,540107.6111188952,851620.5030346925,506435.29903621296,831300.4084050205
2020-05-28,1159826.5370730448,539468.6439705123,851249.9954258562,506196.879563672,829073.8532642127
2020-05-29,1164539.9435360245,541190.9961589165,853343.2220311891,507751.4156833694,833416.3853102636
2020-06-01,1168833.0343851587,542312.5767461478,857415.7408540733,511188.8489220054,834758.537923745
2020-06-02,1177667.7351052177,543819.6788492608,863767.4417408349,516883.4039168181,838748.6398601554
2020-06-03,1191985.9116677754,545530.2506370277,875650.7229426687,527356.1400588297,842894.1070086461
2020-06-04,1189118.5599716767,545623.7737971763,872692.8110149619,524540.9819286217,843078.190400403
2020-06-05,1216990.1190786832,546675.7462950095,896199.184117465,548683.8668081425,848495.3489027395
2020-06-08,1230470.2784923795,546919.1944744983,908427.3095120867,561704.9662062861,849990.831101303
2020-06-09,1222048.819707086,546782.475585589,901336.9294142297,554248.1463542047,848523.0335249571
2020-06-10,1215793.3845741008,546886.7076407038,895305.4535067794,547601.3419652586,848403.3063545369
2020-06-11,1151552.060054192,540121.1602907318,844308.4828210152,499643.74848475377,828393.4051704205
2020-06-12,1164124.2704214402,544616.0541396562,853040.6810222126,505092.5683761076,836728.3111853958
2020-06-15,1174041.4001162571,546680.0205860641,859470.3836682134,509758.6766785071,842279.7046806198
2020-06-16,1194682.1185376258,547330.408098578,875937.4853060963,526283.7755368243,847103.7089766194
2020-06-17,1190138.0331946923,547466.7669020852,871091.012941154,520674.5190107429,847542.4548021356
2020-06-18,1190554.1000694127,547517.4542465326,871294.543966807,520671.66169894696,847805.6779956502
2020-06-19,1184326.8707271717,541346.2525264367,877357.1434911892,531517.5509271713,829344.647408931
2020-06-22,1190738.88376132,546673.0130039647,882339.6717551791,535033.5991364473,835953.0242841963
2020-06-23,1195368.774644635,549173.9164295692,885555.996991347,537002.4420660813,839867.4933569478
2020-06-24,1169575.3638807023,535810.7001116378,867658.3501317818,526150.9667074014,818608.5131346489
2020-06-25,1180134.4677803798,543601.3857831145,875879.9341014109,531602.2928798345,828736.7187361738
2020-06-26,1156479.2376042574,529166.6226445495,859342.9342523443,521766.5417874546,807183.7252705529
2020-06-29,1170764.3620277494,541494.3942713668,871560.9837750955,530102.866329486,821578.5717981111
2020-06-30,1183397.4957051415,550372.3078908441,881626.957492114,535904.1479004396,833023.645377962
2020-07-01,1190392.4966266325,554576.8748800745,885734.2226095481,538000.6660976862,840115.9481712495
2020-07-02,1195929.1431906747,559356.41819087,890379.7299615708,541334.8315207968,845786.6306940643
2020-07-06,1211542.4165809557,564611.623729341,897970.051025738,543576.4531642895,859064.7885586492
2020-07-07,1200944.3834660864,561498.3100817422,892640.3902323211,541097.9442980189,850683.102589598
2020-07-08,1208716.7284267014,565535.6111827127,896899.302213781,542545.764587014,858233.8366697236
2020-07-09,1202881.0311030583,564194.270029447,894323.1775387966,541612.180869916,853632.9228677993
2020-07-10,1213277.9617892143,569271.7555645113,900759.1706167245,543520.9180381342,862671.3460110915
2020-07-13,1204364.3176660647,566048.6736619568,895982.4578259902,542433.6953306817,855311.332776122
2020-07-14,1217580.116282513,570875.2604105505,901741.6056304853,543446.2051661387,867594.5703366685
2020-07-15,1227069.6790710934,573166.7242246931,905181.6331017574,543997.7980879329,875935.5694681198
2020-07-16,1223631.456380971,573644.3990494779,902357.9484956462,542406.9809529139,875798.7062088932
2020-07-17,1226641.3577999882,575282.4806440184,903374.6831290992,543299.9937792905,879429.954588998
2020-07-20,1234719.182926949,580053.8674360265,908940.4868245265,546415.5096583706,886577.1087087557
2020-07-21,1236860.414110809,580151.3732878983,909951.435806816,547246.2214590388,887804.8967621982
2020-07-22,1242607.3630070537,583038.8272574139,913997.2370519526,549711.0914602003,892393.4983828216
2020-07-23,1230481.1287797876,578342.0539907936,905486.581618065,544030.4408778334,884081.1463228229
2020-07-24,1224012.7911379961,577205.7379821707,901968.8213030938,541761.3061388778,879994.2529873796
2020-07-27,1231282.0944855579,581609.0301606876,906807.0074490267,544520.9984634302,886828.6623675255
2020-07-28,1224906.896867744,579369.828496834,902967.0511437652,542403.486628399,882054.2193911193
2020-07-29,1237180.877327868,584951.5463964618,910840.0070304782,546822.6076297786,892036.961864158
2020-07-30,1233571.8978505495,583115.2253059114,908519.5680749987,545564.2923574639,888912.100251769
2020-07-31,1241525.2951912791,587004.8446782737,913899.498900451,548736.7359370589,895375.1861394085
2020-08-03,1248577.1502119643,589584.744945687,918750.2236739406,551285.4836501493,900156.2166540176
2020-08-04,1252520.79165854,591076.8675890171,920755.192250961,552814.9883405687,903587.012166903
2020-08-05,1258888.8623819754,593017.1948815174,924720.1959095069,555052.0666756069,907930.4065242925
2020-08-06,1265785.4150999517,594509.3174965016,929165.1184035174,557870.366216195,911874.1593632424
2020-08-07,1266527.2898535207,595054.6706960939,929492.4442047845,558018.4175302626,912834.0615151367
2020-08-10,1269631.6381969284,596048.2285448562,931444.7438371144,558789.8075295694,914979.668074977
2020-08-11,1261017.6878814488,594498.6026155334,925803.8339040449,554894.5807650497,910457.0017632439
2020-08-12,1275436.1772381666,597038.2147241097,935353.3694942202,561621.3823641785,917865.5676383628
2020-08-13,1273536.0549152144,597341.8395092513,933751.5785617745,559975.228986759,917870.8610329981
2020-08-14,1273563.270740257,597862.0126007115,933101.8620750436,558564.9334814302,919067.9664362317
2020-08-17,1276885.3932448032,598266.3575065727,934793.6270415559,559386.8643854989,921102.6688801267
2020-08-18,1279150.2419345889,598323.2178839832,936335.1825873186,560688.9345438606,921882.8224015601
2020-08-19,1274763.837828494,598284.3941056079,932568.8060106561,556726.3197267968,921223.9710937525
2020-08-20,1278023.2817824255,598452.0466186439,934920.8164246394,558584.3405887198,922299.0571467365
2020-08-21,1281749.2520438766,600316.8336292654,937664.3225739452,560593.9843633529,925146.3082695034
2020-08-24,1291878.715346017,604150.4852335195,944561.0118791601,565255.5718539516,932102.3515814659
2020-08-25,1295409.4556915823,605381.3473011823,946993.8969586936,567036.7802057376,934431.0689151606
2020-08-26,1305568.080479555,606920.8177322743,954866.2858461975,573660.030022956,938256.7752467215
2020-08-27,1307802.6989916444,607098.4924512061,956528.0324301545,575102.4607002134,939007.3218937856
2020-08-28,1314426.41941796,609705.8458113682,961516.0862168721,578908.0720171665,943250.3418935459
2020-08-31,1310681.5568424342,605127.032650348,956550.1872930741,570864.7285729288,939892.5650807976
2020-09-01,1320369.2969678845,610267.2912481304,966228.6942083472,583040.9837344666,945042.0568887573
2020-09-02,1335388.506164429,611836.5100364704,978797.6947530799,594853.672630083,949061.4843289092
2020-09-03,1299123.7621189863,602756.2905132349,950134.133830227,570937.7141459435,932380.0816830839
2020-09-04,1290813.3659989855,601974.2073540313,944012.2464420928,565976.7780977862,929409.4897920134
2020-09-08,1263238.2648041516,591684.0470258102,925243.5077130841,555198.7819670879,910312.9669979675
2020-09-09,1282617.3165048808,602413.5461827561,938793.347716439,562970.9276708346,926871.6778522874
2020-09-10,1265234.459162501,595052.7161459527,927376.9424381112,557092.8130827148,913544.3957514322
2020-09-11,1265731.2326538705,597258.7458033212,928350.1510851467,558634.7552214847,915273.9902531346
2020-09-14,1278688.8790580411,606788.1012351539,937958.4337159733,562126.7345316871,928152.7094583113
2020-09-15,1283722.3234744386,610341.2309305216,941511.4942282194,562867.178313842,933186.2230578305
2020-09-16,1279742.1190158247,610641.726285401,940836.996643879,562525.1861906119,930181.0115384364
2020-09-17,1270960.5392168404,607287.9065543422,937203.5186102991,562455.8687467328,921679.0900419733
2020-09-18,1259567.5357427597,605658.3748898315,933915.8393740852,559758.9588160929,911944.2341395956
2020-09-21,1248434.56371731,599759.3997751796,925191.6454422362,554511.6510486573,903508.4194285031
2020-09-22,1258501.6508005434,605744.7277250686,932714.4445792665,559056.4388463008,912038.0353245953
2020-09-23,1235331.7420606583,592834.5008171946,916515.6236512281,549469.3437595973,892156.7206048747
2020-09-24,1237929.093580743,595036.8227880404,918776.0733746723,551161.2938566112,894695.944372361
2020-09-25,1253742.908507283,605340.7173483379,930159.4064867499,557971.8135725164,909430.3207471208
2020-09-28,1270252.411028512,612796.4027796404,941111.410679654,564534.260435405,922443.5045067484
2020-09-29,1264744.1813084665,610704.5017388705,937866.0789466593,562728.3834323138,918088.7054789276
2020-09-30,1272362.4519397707,614513.5057300874,943393.1842059006,566206.4579424714,923988.8748422074
2020-10-01,1278861.1378413918,616827.8085148211,947255.7697767268,568344.9390968517,928939.277957736
2020-10-02,1269179.2827891114,614609.3203677223,941544.4288891775,564769.4757896932,922750.275645906
2020-10-05,1287080.2605315903,621860.5189331886,952527.9469156382,570786.1623438024,936918.9339273906
2020-10-06,1272468.950398751,618011.005029168,943651.8100135834,565399.7672704665,927334.2467925855
2020-10-07,1290097.5371969237,624439.3876043921,954343.2495745562,570746.6571294668,940699.7766050095
2020-10-08,1299227.1670634365,627152.9264815312,959322.332907544,572802.4472792684,947563.8620156735
2020-10-09,1308508.3031078828,628600.5946282947,965292.157753011,576768.3982974216,952322.8413614164
2020-10-12,1325380.559756013,629108.5971914746,978284.9913437311,588044.2290347056,956710.2669820065
2020-10-13,1318420.9126100275,629241.7072610401,971956.1867552574,582310.531925818,956212.5344940601
2020-10-14,1311764.1777625247,629248.2302472359,966032.7079046795,576196.4564484274,955485.8014833307
2020-10-15,1310459.994505685,629381.340293841,964194.9129770512,572844.2585953309,956152.5232007245
2020-10-16,1309821.5778719245,626831.7781516137,961789.0946528278,572841.0440914973,955370.36274896
2020-10-19,1294614.3453542015,619384.9597057239,952576.6170722072,566506.7135402681,941785.7420786973
2020-10-20,1298555.2691549663,621678.8163392481,955697.5866271916,568279.9973144601,944899.552958002
2020-10-21,1296680.299050003,621428.2983278886,954444.1746102758,567763.3913613036,944027.4768585952
2020-10-22,1302089.987798376,624573.4503765458,957961.2166981141,570376.0297058977,949065.2755677869
2020-10-23,1305455.5436526851,627067.0522739543,960326.8151614787,571627.7727274457,952558.8348561397
2020-10-26,1287052.3943445196,615093.3875527524,947254.0870597181,563475.4846623796,935254.748928533
2020-10-27,1283679.9813316006,613463.6757689558,944823.1714977205,562217.3129546063,932683.539693815
2020-10-28,1250389.8662104495,588221.2162076037,918000.8601245524,543275.651258714,900973.27638448
2020-10-29,1259946.129178911,597120.9351267475,926825.0733983135,550582.1560097544,910605.044998324
2020-10-30,1250037.254675613,588457.3353032696,918393.1848016945,546447.361243692,900464.4592681671
2020-11-02,1260572.2814074093,598969.2841073484,928581.9254867218,553118.2382214598,911322.6941190151
2020-11-03,1277356.22853751,611540.5118088522,941923.4328612601,562396.8187787731,927336.3615760811
2020-11-04,1298976.9246575364,627802.2716774202,958303.4894339698,571382.0326706157,948838.7609919659
2020-11-05,1318265.5657409995,638490.1865432011,971116.0207294181,578093.6549825536,966002.7856457614
2020-11-06,1318031.618309709,641131.2193793345,972023.6204000954,578783.1118024874,967502.2713799274
2020-11-09,1330697.6689887377,645736.4143041668,980771.0854290267,573580.7883099685,976026.0519548568
2020-11-10,1329196.654499145,647197.9986891451,979299.203261238,581922.2253318566,977458.5040180312
2020-11-11,1336766.044963767,650790.1995780917,983384.2489480092,582864.3034027303,984535.0496848287
2020-11-12,1326799.528751951,647981.0392283399,978076.5286028909,580579.3482682302,977067.0934683791
2020-11-13,1340876.5122086355,652871.5845334274,985090.7447355676,583110.4956919244,989020.4060974744
2020-11-16,1353743.9749381281,655545.908183733,990639.2829417032,584843.0338793867,999013.6542711371
2020-11-17,1348125.4450861528,655647.3221465368,987427.459708893,582786.25277466,996708.3616147758
2020-11-18,1335625.2711345386,655315.9546181594,983797.5888696706,581145.0744182726,987506.6909740067
2020-11-19,1339940.8173761575,656225.8614321679,984361.7091824561,581125.5617210737,992168.0237168486
2020-11-20,1332882.4862226956,653364.3867687345,981074.8256992642,579305.1037198422,985535.1013831451
2020-11-23,1338873.5836956617,657405.0810289718,985001.4830837639,581553.2669246546,991519.7534319051
2020-11-24,1355080.0901256208,663479.8583876253,996456.5364714025,589210.487644538,1002345.9838328788
2020-11-25,1353500.6552780273,663476.644078952,995138.9477992584,588204.2174307776,1002080.923348756
2020-11-27,1356339.7465668332,664572.6410157075,997009.8393429939,589584.2495603818,1004145.1200305821
2020-11-30,1351804.9741932927,664329.2628800443,994246.9206004834,587429.3185291262,1002129.8882638887
2020-12-01,1362945.959276937,667374.2814342408,1001892.6108667268,592465.6511930244,1008670.201635486
2020-12-02,1365109.6538960792,667916.0541734102,1003069.1089216596,593570.6518303431,1010199.1709388646
2020-12-03,1364824.5817554835,668300.7967215409,1002833.0950536893,593090.1769933016,1010534.8552143702
2020-12-04,1373713.9342974569,670814.6837516157,1008918.2084826173,597592.6250281169,1015852.9813574903
2020-12-07,1371571.4049954773,671347.2193869592,1006864.1566679806,594960.4334684936,1016297.0395054911
2020-12-08,1374606.9786012066,672170.722696475,1008507.7324410961,595758.0459599465,1018512.5406476207
2020-12-09,1365260.3426983063,671216.0901377471,1002685.26336555,591232.9908145375,1014033.7412615387
2020-12-10,1364919.2124804077,671614.6882325567,1001944.3309652065,590267.1662886024,1014832.141538793
2020-12-11,1363705.3651355305,671482.1548262038,1000480.5427312057,588929.2403670426,1014949.5490215637
2020-12-14,1359086.505614147,671562.0740042436,997746.8053850082,586766.2200604631,1013144.3460244176
2020-12-15,1372956.9198633414,673567.9221377398,1005927.8720924004,591826.8200911358,1020839.5416997158
2020-12-16,1374585.548996592,674072.7464845655,1006355.0406855321,591791.2489796439,1022545.8265866606
2020-12-17,1380407.727255148,674208.0880444795,1010379.5148396306,595023.6987087298,1024478.8722510322
2020-12-18,1376221.5014549007,677082.2206657985,1017301.4275352408,599720.2864813413,1016244.8663764937
2020-12-21,1372642.2992552533,673278.232491879,1010326.0351747733,596226.972387495,1015722.721913332
2020-12-22,1370959.3906313654,673607.9499436768,1009253.0392137961,594262.4913509951,1015442.5267022192
2020-12-23,1371849.7045586165,675327.8823899187,1010085.0030899148,594931.4854005517,1017220.8091995936
2020-12-24,1375719.66615947,678267.0648784197,1012999.0212213395,596462.4878038883,1021115.9351575236
2020-12-28,1384302.5170464325,682353.512166155,1018888.8067488894,599931.0319341724,1027895.4478046711
2020-12-29,1382375.6997505988,681486.47490674,1017849.17045366,599461.2259071118,1026141.2295446522
2020-12-30,1383807.824544368,682446.0631776096,1018525.113765927,599782.2532311953,1027856.9992970239
2020-12-31,1388923.9244308167,684273.9734309905,1021859.8985137043,601273.7139204815,1031466.2246890758
2021-01-04,1375132.9562557004,679569.2228683566,1013422.2882002767,596778.5660432281,1021408.1162647535
2021-01-05,1382009.4284356069,682994.3056783986,1017413.3168306807,598981.7767359156,1027718.6426242978
2021-01-06,1388019.1459278874,684759.2288096927,1020888.2221148657,600655.1290641653,1032018.3779636875
2021-01-07,1403049.0200943816,690384.3605867317,1030648.2325364586,605958.4065153766,1042913.3734856279
2021-01-08,1408896.2210596125,691384.4404879233,1034402.2484692594,608889.1838672378,1046006.6384192494
2021-01-11,1401931.1243768146,691061.7915370471,1029639.14436914,605010.885955431,1043481.9968856948
2021-01-12,1402144.3306841303,692075.3686483456,1028943.3795686844,603346.9214474894,1045404.5451047644
2021-01-13,1404903.7180818676,692706.5241445925,1029626.0765694645,603090.6403135373,1048112.3909979687
2021-01-14,1401297.5634631608,692856.2783166282,1026510.2247755285,600525.1257492448,1047771.8423452335
2021-01-15,1393817.8757640077,692673.1007281928,1022109.3297618406,598813.7112051053,1044509.8720713329
2021-01-19,1401666.2515236263,696464.6170445827,1027122.3977866664,601897.6669534117,1051016.1522542983
2021-01-20,1415610.4428627284,701678.9478482027,1037835.9470159276,609571.945202982,1059461.1251677591
2021-01-21,1416537.9500180958,702193.0664012199,1038059.5494854695,609671.6251243167,1060679.148406602
2021-01-22,1412914.6865850722,701676.9408677665,1035491.8733754545,607491.8020924523,1059107.4355501402
2021-01-25,1416930.3544150454,702659.7541272198,1038290.5134017663,609649.3665909914,1061307.2766132546
2021-01-26,1415329.4705187704,702263.0130773508,1037207.3738080489,609115.8512162978,1060392.7912608283
2021-01-27,1390359.2764761106,689127.5030029144,1018794.0191077099,596773.2442014941,1040700.4418440707
2021-01-28,1398926.4164191224,694363.941979608,1024526.1090973048,600038.9003733739,1048771.9307741814
2021-01-29,1378800.4269500612,686379.6522571675,1009625.7393442681,590054.9456850288,1035562.0213357166
2021-02-01,1395193.3387154487,695909.8689524333,1022485.1955058784,598449.8406071546,1048625.6936347596
2021-02-02,1409350.0657234339,702862.2646269556,1032263.9433099444,604763.1060977371,1059956.068513201
2021-02-03,1410145.7225939413,704831.4625562911,1033900.294353121,605322.2096395609,1061084.5722698672
2021-02-04,1421694.4297299841,708405.718842315,1040854.2291988635,609482.6112226003,1069253.6008461916
2021-02-05,1425736.9787755157,710034.4498274392,1043376.9051287726,610912.3582309671,1072402.204946938
2021-02-08,1433186.5546525524,711247.5458547838,1048518.5179168938,614969.8655658572,1075923.2640631981
2021-02-09,1432491.18779264,711333.1215334751,1047961.4450300797,614112.1946735932,1075870.5457687913
2021-02-10,1432035.6721044183,711246.2529158655,1047779.6402718627,613927.2937376965,1075509.9662211766
2021-02-11,1433709.2631669922,711844.7397897153,1048396.4773175791,613900.691608126,1077165.2071118844
2021-02-12,1438843.2008118993,712796.9585257361,1051966.4524391594,616058.6131219664,1079681.3883712317
2021-02-16,1437935.0810901101,711984.9395448689,1049647.1568589357,613554.6345132887,1080280.545248799
2021-02-17,1438171.4066679636,713065.3860660731,1050476.0768539987,614042.5035065466,1080768.3973527937
2021-02-18,1433723.2237982387,713181.9132290729,1046152.6077406921,609425.2356941742,1080760.2107593752
2021-02-19,1431883.4115580542,710530.4884905368,1044947.3919412682,609564.8472754171,1077474.1895800785
2021-02-22,1424188.7122799708,706835.7274645448,1039924.566044,606702.4390808835,1071000.582808768
2021-02-23,1425390.4032523592,707769.173744285,1040761.1817005982,607434.6652123281,1072299.1044042986
2021-02-24,1436335.0075092036,714112.3731757016,1048520.6921661056,612178.5692535304,1081827.397627052
2021-02-25,1412128.674105631,696844.254115206,1028968.7042164577,599827.8769297986,1059904.9331126316
2021-02-26,1407074.575876877,699134.4733960314,1031932.4545620345,602726.2527095005,1054177.303819126
2021-03-01,1430711.0023520766,712469.9625195032,1044786.2415497585,610191.88602748,1078295.4324300736
2021-03-02,1422913.9783617696,708089.3769822076,1039397.1274455953,607499.2939651085,1071506.9370066342
2021-03-03,1409784.0535419323,699707.828162832,1030105.2104127901,602366.8509977914,1059287.3804002265
2021-03-04,1397679.4851245666,690515.6833100214,1020356.2181146247,597015.4470455041,1047739.6594282155
2021-03-05,1415444.8211203525,704453.7010029459,1034637.4226534658,605779.2061340006,1065161.8085780847
2021-03-08,1410544.8640037288,701061.4357268543,1031039.7303522273,604455.1201565112,1060467.278486608
2021-03-09,1424515.3337775501,710959.4774877671,1041354.2322880938,609911.004455944,1074021.2880854758
2021-03-10,1430691.5573829343,715967.9346541383,1046375.074262826,612629.8765231115,1080185.1268824986
2021-03-11,1440816.1380915095,721457.547743727,1052784.651220781,614996.847011507,1089389.7437227075
2021-03-12,1442172.2235396472,723631.0861725479,1054303.3560381394,615463.5490050917,1091400.6627823077
2021-03-15,1448194.8717426,726498.1826919555,1057390.4753317232,616110.1117951102,1097203.2882110847
2021-03-16,1446910.187135851,726521.6910045389,1056796.0999212486,615708.7898976323,1096536.4873273936
2021-03-17,1450368.5150739336,728101.3702915141,1058244.9820146253,615847.0504033442,1100125.6124590747
2021-03-18,1435546.304375404,725242.2777473424,1054456.6721226133,615336.2480029641,1086232.6191083854
2021-03-19,1433686.3456349948,726024.3652082668,1054362.76247886,613949.6016835363,1085248.6574726538
2021-03-22,1441668.5700397892,731190.4828752782,1060362.5915506738,617447.1514622816,1092295.444406539
2021-03-23,1433732.1397547168,727472.68947472,1054537.3826162496,613958.8126753806,1086466.4296553324
2021-03-24,1428645.659027096,725454.8984342495,1051408.0265077283,612213.3932715135,1082491.5139957624
2021-03-25,1434239.9123544488,728818.3178869879,1055212.084036455,614405.104268421,1087645.129247127
2021-03-26,1450361.4409140358,734661.4400335655,1065863.4565661466,620930.7710629273,1098958.4074236
2021-03-29,1449845.1662677405,733960.1921587598,1065029.7971733236,620492.5411807103,1098574.544295322
2021-03-30,1447146.4879274797,734720.3498205987,1063596.9400840197,619058.3573544186,1098068.8807062039
2021-03-31,1451251.7690532196,736673.491592708,1066789.782674386,620977.7371688632,1100934.4610136868
2021-04-01,1462237.992010434,739214.6041013577,1073449.4152361937,625643.7711936058,1107802.1639177431
2021-04-05,1476998.4588189863,740809.8506244135,1084648.0198215782,635079.4908634427,1112959.2726639668
2021-04-06,1476379.484768123,740960.7342271816,1084051.0476113318,634516.7667043617,1113088.154426118
2021-04-07,1477583.4666148364,741465.252400608,1085022.1509689493,635066.7098274736,1113825.5510886405
2021-04-08,1482535.975312374,741850.4721553687,1088863.4770451179,638627.8574254336,1115321.9534647702
2021-04-09,1490158.836153937,742180.303354885,1095275.7059784816,644772.2605408812,1116862.4165724856
2021-04-12,1490541.1387315681,742314.1442996284,1095235.9271002242,644544.114629776,1117418.3389731175
2021-04-13,1493670.6915006628,742324.426168144,1098239.0338308513,647303.8305231174,1117555.0668801009
2021-04-14,1490047.8874254215,742304.8834267848,1094674.7747760036,644095.6036768653,1117476.979118348
2021-04-15,1501393.558094145,742370.5538297105,1104543.8427303736,654130.4518314498,1119019.2522356273
2021-04-16,1504959.372350451,742930.4605028231,1110858.4174201735,660360.4447036455,1116830.3984752458
2021-04-19,1500043.630993047,740931.2250814987,1107546.3032523752,657986.3605221682,1113136.4754120833
2021-04-20,1492755.2673561452,736856.005235493,1102020.5507712387,654654.6373339661,1107298.6444103122
2021-04-21,1502099.1070414626,741833.5969344601,1108316.8847714826,658743.3826961562,1115323.7417943527
2021-04-22,1492989.5240111342,737310.9632934779,1102236.3865197324,654708.8234891328,1107772.0233747927
2021-04-23,1503699.4356232777,743530.4418288651,1110000.567748426,659330.2445464348,1116937.2322936296
2021-04-26,1505781.6942702653,744732.1957095943,1111441.1864211909,660141.5546226865,1118780.626148581
2021-04-27,1505563.187737674,745014.0333979642,1111140.2186538219,659924.5046426719,1119144.925071729
2021-04-28,1505272.8240974483,745605.2974326657,1111130.2773755467,659958.9959627411,1119455.7667444798
2021-04-29,1511644.7863072087,747651.7016082595,1114996.573158185,662301.7486815376,1124007.8373471957
2021-04-30,1505027.3774572124,745545.9386309253,1111388.2208342697,660812.1955980752,1118893.0178437808
2021-05-03,1507181.9687063387,747333.4508386091,1112397.414537685,660388.3510784484,1121825.9275971754
2021-05-04,1500996.4928007917,744834.9899046016,1108727.7700832626,658603.2241862719,1116811.6352120438
2021-05-05,1501305.9385287394,745204.994889102,1108824.1691860291,658564.0898907192,1117394.6868217248
2021-05-06,1509260.019488874,749242.1202985377,1113990.3947471636,660995.9790179315,1124219.667630161
2021-05-07,1516567.1504309317,752208.7977780253,1118361.2232736307,663220.7164754297,1130122.647525239
2021-05-10,1506547.1970569047,748978.5853124843,1112768.4831398502,660451.6191559392,1122465.2218194515
2021-05-11,1497605.4936978885,744544.1189263896,1107316.3679662007,658067.232065625,1114541.16724799
2021-05-12,1476513.0931658603,730024.0259932876,1092128.3093893323,650666.8153771139,1094116.7323597283
2021-05-13,1488182.1782929858,739568.104178078,1101570.0849046982,656538.9017661144,1105888.1201562784
2021-05-14,1503278.2095750577,750103.1829756899,1112137.5405653454,660598.4110846613,1120951.774575315
2021-05-17,1500735.4084876208,749992.322640633,1111755.6311524152,661017.9697199308,1118680.0225657513
2021-05-18,1492153.3054173742,745260.9741873704,1106990.3009108296,660771.6837138464,1110131.9012838278
2021-05-19,1489562.6520549073,743816.2353732581,1105534.4432586702,661250.4285288004,1107552.3667594083
2021-05-20,1500153.2510198639,752582.5662121414,1114221.014983683,662025.1042880968,1118222.724838235
2021-05-21,1499335.7286472183,755515.7921429549,1116369.4997440544,660972.4064294677,1118189.9436360314
2021-05-24,1509527.7050606161,761406.141229664,1123772.457145581,665494.8527218252,1126766.078718001
2021-05-25,1507283.953675502,760723.6826276155,1122405.51863673,664930.9074924537,1125206.8072396894
2021-05-26,1509282.0274757121,762597.5619518473,1123943.9430505903,665557.0962199192,1127540.3359502712
2021-05-27,1509809.5976496728,763815.8642853482,1124729.0357299075,665835.8545310332,1128501.115778416
2021-05-28,1511614.875592488,764762.040317826,1125715.3729509744,666306.8083836935,1130266.2325326419
2021-06-01,1510720.218024598,764548.9037304702,1125122.5483711697,666104.3635237648,1129751.2629572006
2021-06-02,1512307.3716702124,766116.9574346202,1126424.1551150298,666537.6423859873,1131604.863563105
2021-06-03,1508544.757155417,764666.8831203908,1123911.2655764152,665559.0231849139,1128905.0642726948
2021-06-04,1517771.8023308371,768486.1634362943,1129520.7214307166,668054.7080872622,1136341.9339097168
2021-06-07,1516780.5885107333,769208.9763455987,1129135.0721754455,667519.6170526217,1136459.1822541887
2021-06-08,1516994.3487184064,769045.3172212401,1129145.2773204246,667516.7598303985,1136499.078192524
2021-06-09,1515472.8671570534,768489.9611467123,1128357.9284409191,667092.55082376,1135209.5894361488
2021-06-10,1520193.269818365,770882.6399355945,1130587.676052058,667621.9274048838,1140092.9232752034
2021-06-11,1521876.9796053313,771518.8671690051,1131116.9151495951,667486.0117000767,1141883.6211980437
2021-06-14,1524163.2951178008,771969.5537370353,1132592.7901840317,668333.2501286704,1143144.7482441063
2021-06-15,1522280.360876996,771810.0176930192,1131573.6541797505,667761.1983575581,1142121.413963567
2021-06-16,1516565.4113246438,771027.8896598704,1128483.9280775683,666191.2081620849,1138714.062480248
2021-06-17,1516224.7646877,772509.3576246325,1128887.267332072,666084.8609666335,1139451.5445535625
2021-06-18,1502502.772526699,770692.3250237023,1126254.6484719235,663783.049248473,1126545.13865178
2021-06-21,1516815.7919790733,777950.4211344924,1136397.78965544,670246.5957720312,1137875.1924153222
2021-06-22,1522235.36794162,780375.9642384232,1140438.2741306373,672874.1111129406,1141679.8270066024
2021-06-23,1521002.769346494,780733.9211388135,1140009.290729124,672127.0869441656,1141234.1687133797
2021-06-24,1527024.9870830672,782125.6711273685,1143791.6666064672,675019.8499132707,1144865.760561165
2021-06-25,1530660.7780162608,783383.636117799,1146390.5092377407,676836.8863076072,1147160.6738535156
2021-06-28,1532730.4418418359,783997.0006973539,1147969.1935008052,678005.5395573846,1148265.017995581
2021-06-29,1533281.7859857993,784103.6039456641,1148293.026650235,678194.2501046818,1148599.1322384248
2021-06-30,1534146.3239831354,784433.1821666604,1149005.6669211746,678802.936082941,1149080.608185818
2021-07-01,1539854.31746449,785272.8614874827,1153749.3503680574,682792.8152390646,1150884.5975411115
2021-07-02,1547779.2816985382,785962.539442769,1160156.6267147851,688698.3718267793,1153091.9633837189
2021-07-06,1545871.2997368772,785938.697442261,1158308.6828960981,686963.3225877953,1153008.0832402366
2021-07-07,1549554.8143488504,786340.5349382067,1161495.532211069,689921.6830767589,1153906.5860331845
2021-07-08,1541019.271532381,785372.0898048207,1154864.7926646788,684045.82333051,1151033.3376297192
2021-07-09,1552101.5769636533,786673.9353806016,1163543.3378691399,691778.6414251842,1154738.9434323115
2021-07-12,1555857.354898389,787019.0155659448,1166684.2424224154,694604.3780484607,1155698.896999115
2021-07-13,1552262.4649531578,786966.7948605309,1163629.0651529734,691447.3066346417,1155106.963617912
2021-07-14,1553824.9391305347,787092.954126349,1164760.0294974525,692423.6776953929,1155664.6327166276
2021-07-15,1550230.049153808,786683.9734217778,1160834.131700972,688470.8633142181,1155586.6598318103
2021-07-16,1542007.6212161607,784523.6255736,1160151.8688655565,689403.0264055668,1145886.1468814006
2021-07-19,1527235.587910644,776111.7616433867,1149256.561633424,682332.1629968814,1133499.9466700829
2021-07-20,1541350.6990891509,784275.9273284948,1159472.7754646726,688546.0101952511,1145563.0097024492
2021-07-21,1549437.650711944,788978.9844511182,1165551.700578182,692653.9575171359,1152274.0933343559
2021-07-22,1551543.265056532,789985.40197971,1167037.8409984927,693595.8921066772,1153899.9847872255
2021-07-23,1561925.5706637097,793518.7880190222,1174248.6516159857,698491.7611174088,1160604.865816222
2021-07-26,1564425.417929244,794497.2611595942,1176114.6264375793,699870.6340854117,1162217.211400735
2021-07-27,1559761.6084942366,792964.7339666297,1172806.3277734825,697474.6457214232,1159329.1734368596
2021-07-28,1559340.4134173288,793615.8588655209,1172451.3095186842,697112.9279585569,1159914.1215136414
2021-07-29,1563555.8379899694,795436.6548052058,1175612.5277659781,699186.6045801109,1162789.123778673
2021-07-30,1558590.4535793266,793968.0003918372,1171900.050180478,696590.0542819551,1160067.5625401614
2021-08-02,1556454.0020549742,793657.3980221455,1170426.3213788685,695619.8450339523,1159094.2374477265
2021-08-03,1564703.824442001,797063.3954777427,1176107.4853383815,698933.0647461123,1165068.893330838
2021-08-04,1559669.476115453,796090.1125556557,1172758.6327305818,696888.4167698876,1162410.114690003
2021-08-05,1566110.9872115743,798027.0350796662,1177011.925294539,699385.0630430882,1166535.2557461774
2021-08-06,1567799.7715233427,799353.1737307298,1178161.1593137616,699790.1352918998,1168400.944689787
2021-08-09,1566961.670576852,799689.2836275436,1177436.1863121889,698963.1844805311,1168623.9266416824
2021-08-10,1568233.1522634025,800033.3776156411,1178076.9873165581,699203.5094382421,1169598.7013119613
2021-08-11,1570779.7631575763,800908.4144260823,1179663.1702349791,699837.7952430684,1171434.166098155
2021-08-12,1573859.4801970117,801348.3176243906,1181645.2514108717,701023.626238449,1172971.7051600062
2021-08-13,1575733.80815409,801760.2764515434,1182760.7819698993,701371.395032245,1174142.46138521
2021-08-16,1578164.6913386825,801900.7757732305,1184845.5805818439,703180.400453716,1174629.0452795448
2021-08-17,1571368.246813465,801681.9904590449,1179533.5389231709,698915.2457166284,1172925.8570988146
2021-08-18,1560097.3531240292,800325.4704894696,1173307.534159238,695860.6252426547,1166524.448203737
2021-08-19,1561670.181988688,801871.1718632272,1173727.3393351296,695714.1521861085,1169223.1732662614
2021-08-20,1569780.9792303166,803848.0147747756,1175025.5126587623,696864.1684890976,1178012.6400958057
2021-08-23,1578573.985060747,808074.7026769733,1181105.7234616652,700761.3823802588,1184862.2304329018
2021-08-24,1580171.7779907242,808720.1144993543,1182202.8212444014,701383.2075426267,1186008.337402524
2021-08-25,1582288.3716196641,809709.3763013554,1183638.3174514626,702360.1687500845,1187678.6966264036
2021-08-26,1576307.6282700982,807346.1006786535,1179604.902740295,699437.7360449324,1183368.0923653035
2021-08-27,1585303.5178343093,811148.6805666939,1185753.8010462113,703518.5863638457,1190017.6635116388
2021-08-30,1589765.8998145382,812501.3292566682,1189007.1752649369,706001.3244167177,1192579.3199631162
2021-08-31,1588251.2575585141,812251.9495675387,1188274.8933657669,705671.3848900821,1191547.5799171329
2021-09-01,1588789.253961343,812694.5343871771,1188452.1719022985,705356.0079460146,1192350.8826030684
2021-09-02,1591921.327742297,813113.6748801696,1190750.4869963136,707043.598351927,1193603.7817829999
2021-09-03,1591670.0117001825,813650.0369519668,1190288.6820227103,706323.3662852296,1194350.632786286
2021-09-07,1588012.8616317327,813479.1621011815,1187656.7005620762,704111.562771871,1193154.5893276848
2021-09-08,1586768.9802117944,813753.7292752499,1186653.2964296374,703121.4272840396,1193188.6792142536
2021-09-09,1582412.9589780164,812930.3209004861,1183736.2735118945,701229.2462034521,1190926.2725234549
2021-09-10,1574425.1850929055,810411.1068787272,1178659.217507339,698321.3759920059,1185496.3406211403
2021-09-13,1576993.2743766715,813002.7540792453,1180635.0396703784,699028.7908273637,1188680.2549423855
2021-09-14,1571554.3203049914,812730.2871402816,1178722.0165375974,698493.2294556585,1184881.8570645228
2021-09-15,1579919.2156994117,815361.0081852833,1181915.0494639915,698980.4599178017,1192684.4405775503
2021-09-16,1578314.4550559344,815811.4076867402,1181421.2902699136,698792.9318633927,1192023.8386296076
2021-09-17,1568486.773259791,815261.5162959266,1180149.314202398,697689.1527739642,1182918.2415101666
2021-09-20,1551809.250405486,805707.2181433714,1168149.5089626266,690224.5675705334,1168589.414317979
2021-09-21,1550877.263197638,805808.5231929959,1167806.8043082869,690491.3265703481,1168101.436814095
2021-09-22,1560457.0099541834,812853.9750036641,1175253.9196964088,695575.7004830057,1177279.5199931865
2021-09-23,1572506.3707056514,819613.9452158241,1183761.5339280409,700553.6469582743,1187581.2367251823
2021-09-24,1574157.2438629335,821273.8254021965,1185146.0685507488,701139.688215835,1189507.4554461292
2021-09-27,1571276.782983182,820842.7458298306,1183606.2505024094,700327.9825724005,1187735.7330423512
2021-09-28,1551065.115209864,807993.2171078394,1168981.9816126279,692683.6360218059,1169298.8054368235
2021-09-29,1552715.914416291,809664.6708449507,1170472.306522952,693305.1530615953,1171130.7334700376
2021-09-30,1540682.8979780586,800973.9144482538,1162063.214688892,690194.6149392554,1158816.0524691686
2021-10-01,1552233.885846712,810372.6603786347,1170858.3609458865,695328.654921636,1170970.6400112081
2021-10-04,1539543.7889941044,801261.3972982734,1161470.9589072266,691764.0264203271,1158556.6821168992
2021-10-05,1549644.7499539752,809290.6031530737,1169524.3409553017,696287.8824622033,1168633.466883495
2021-10-06,1553719.4801716395,812898.7022218308,1173130.1632181392,698009.149549271,1172710.4739070788
2021-10-07,1562234.6220431603,819222.7342404954,1179516.4488758906,700312.2199020796,1181163.3621395128
2021-10-08,1560418.9136881072,819316.3234535698,1179275.7868780685,700820.2142881679,1179681.9049953562
2021-10-11,1553234.2028263067,814228.8075952046,1174163.3926892471,700341.9811627609,1172522.0724640116
2021-10-12,1550806.8752383878,812516.918629908,1172441.3788917856,700984.7836065784,1170104.8697082582
2021-10-13,1554337.9192430454,815766.2367368555,1175667.4943488496,702209.3893161367,1173659.116362799
2021-10-14,1570918.2442671903,829593.8050812066,1189419.7281059492,702589.6707519589,1190314.7759741955
2021-10-15,1578550.1085857744,831971.2469644316,1192641.3393346588,703537.565129746,1197102.4709472954
2021-10-18,1581507.3392392036,833485.1778940947,1194717.589039084,704901.971777206,1199406.8274743299
2021-10-19,1589241.7304884552,836360.3818378504,1200181.5075322064,708641.7433148494,1204552.5041742148
2021-10-20,1593208.3997460816,837565.5529525406,1202996.4766493635,710682.882989964,1206909.3754293742
2021-10-21,1595851.763306796,838619.2471583879,1204821.9474860681,711906.4239215637,1208780.9623592314
2021-10-22,1594794.364158275,838237.6977298174,1204052.4152296348,711396.0916658731,1208111.5460385731
2021-10-25,1600241.3091935122,840010.9071914442,1208036.0433231257,714487.4227916405,1211348.0724419462
2021-10-26,1601157.635495143,839814.9169469548,1209012.9422532916,715323.3091236625,1211091.5095689218
2021-10-27,1596624.1348160678,838361.6684252806,1205443.0382198584,712663.2560303672,1208674.6644016057
2021-10-28,1606444.5088849547,840888.4754360658,1212843.9428494037,718552.7483149115,1213620.9408517326
2021-10-29,1608526.8048244547,841173.4243211432,1214432.81589037,719973.6406107473,1214399.3126353435
2021-11-01,1610295.7459482013,842136.2323236335,1216012.7069906034,721176.0366839967,1215551.170661347
2021-11-02,1614464.0247577277,842955.1372622692,1219171.4968207083,723922.0027726882,1217379.5645794044
2021-11-03,1620785.4652683802,844020.1921539647,1224330.5203357055,728338.4076459594,1219607.036466755
2021-11-04,1625694.101500303,844445.2571350494,1227818.456923217,732233.2409037035,1221452.801092251
2021-11-05,1629324.3642750815,844639.3198349103,1231394.589552218,735000.3517600391,1221700.993937889
2021-11-08,1630218.3707252105,844981.0725029791,1232026.5610692175,735413.3421132993,1222304.7815390876
2021-11-09,1626738.7285627448,844906.2636876015,1229112.8219408216,732626.4201692301,1221664.0696896408
2021-11-10,1618302.709082035,844630.7479709547,1222206.7583726626,725934.7594326208,1219858.5980604426
2021-11-11,1618635.9406593572,845199.7159614703,1222163.980669368,725417.3787849902,1220803.5753315752
2021-11-12,1626482.5159675288,845730.8147179715,1228804.6653362303,731229.3400552839,1222540.5647293855
2021-11-15,1626838.286824121,845887.0081384645,1228343.6401238823,730838.8281586494,1223513.554218819
2021-11-16,1630984.3189516084,845891.7246501138,1231567.2475173888,734190.9449425149,1224440.695464449
2021-11-17,1628424.250873489,845934.3103776355,1229689.393579912,732221.6216784657,1223801.0670513287
2021-11-18,1631987.1151979084,845965.5353286033,1232802.9748991546,735538.4971194288,1224281.5750074727
2021-11-19,1630100.2257211641,844890.978902159,1232485.9641567334,735563.8328186851,1221637.1398467054
2021-11-22,1627281.7774528891,843551.6392762249,1230759.4582301215,734590.8967198129,1219114.0167533373
2021-11-23,1628600.8914469043,844814.1639162372,1231851.1264304547,735186.8781839029,1220603.9871870314
2021-11-24,1631263.5180158599,846076.6885471796,1233208.9385061534,736095.8889154771,1223171.3263112307
2021-11-26,1608930.979118522,831269.9842183103,1215920.8005321156,724150.2843464252,1203320.2210590614
2021-11-29,1620934.8001764487,841087.8335128999,1226100.0419062562,731551.2500562295,1214962.650037437
2021-11-30,1601652.1120683076,828935.0715082772,1212652.3252724563,723110.2123695933,1196974.9165584734
2021-12-01,1590857.4841404546,818600.1293549815,1202401.6030585505,716111.831339747,1186096.0686912304
2021-12-02,1605569.763076371,830497.0867583789,1214332.1376446257,725145.993247842,1200774.770444469
2021-12-03,1597078.4586153924,824652.5702379856,1207929.5421218108,720685.8713336557,1192841.5449859123
2021-12-06,1608528.0206629818,834522.6771423472,1217903.7262626076,728182.1067779285,1204187.029797066
2021-12-07,1628764.2399024253,847927.6411378363,1232421.2013458516,736147.8861279627,1223310.7379487543
2021-12-08,1631405.5032293012,850481.6763066461,1234787.3163736635,737710.1752681036,1226139.9214166286
2021-12-09,1624641.6913432826,847078.3387822085,1230580.894544765,735931.2171211676,1220179.1938350708
2021-12-10,1634001.0742695928,853103.7753089953,1236734.314500447,738276.0794345536,1229410.5933324858
2021-12-13,1625104.4961533258,849312.2380426356,1232235.3169310964,737681.1885329653,1221221.4755192096
2021-12-14,1618255.5099788203,845072.778008996,1227896.6348058968,736997.8328267583,1214471.7114362642
2021-12-15,1633692.8834081655,855192.9750565297,1238071.7019260968,738634.9767485477,1229854.214792943
2021-12-16,1624839.170738038,851681.3894868381,1234371.1685059867,738557.2646244897,1221189.449973234
2021-12-17,1614248.2232888364,844459.5103942461,1226178.922803781,736914.406108588,1211568.8691336461
2021-12-20,1603611.9031309644,839135.6163400763,1218728.4545772225,732542.1864821843,1202937.9386124348
2021-12-21,1621178.7905754447,848377.8895634054,1230894.2244641753,740168.7509526131,1217581.3293932914
2021-12-22,1631243.629734174,853938.5397768556,1237830.503742247,744296.5156494894,1226270.5394873992
2021-12-23,1637568.4037622237,856702.5007037444,1242216.9784644432,746950.0287860474,1230972.799720141
2021-12-27,1652047.6764496996,860900.2782871921,1252512.6782871634,754332.0169350489,1239354.1501683448
2021-12-28,1651196.3445654877,861087.8498748871,1251872.3530832184,753670.1625096463,1239330.7150757732
2021-12-29,1652519.4230972817,861940.0552203923,1252648.6562488554,754047.7573255922,1240729.695787435
2021-12-30,1649646.2585680743,861548.8726671012,1250606.1486715684,752400.8039192334,1239507.8562822235
2021-12-31,1647033.4944189582,861389.1917538776,1248511.348122133,750658.7375004978,1238830.2117693191
2022-01-03,1653010.1958584895,863275.686698159,1252391.862097546,753135.6121479212,1242812.894177719
2022-01-04,1652659.3021431689,863343.7735183658,1251933.5876147733,752616.4271821259,1242988.3617653777
2022-01-05,1632715.7359984908,857997.708857724,1239107.7488888097,744535.7584444082,1230524.569686022
2022-01-06,1631755.379498077,858211.4176648927,1238455.9944549357,744145.6553935299,1230429.6764266507
2022-01-07,1627729.467701959,858301.907843288,1236672.8946519638,743354.7189625045,1228277.3546118995
2022-01-10,1626465.2282389645,858825.5301303552,1236753.8193325973,743256.7486893544,1227455.8127553388
2022-01-11,1635681.9807393653,861712.7095681,1241317.7676792094,745149.3576906156,1234995.7963468723
2022-01-12,1638440.5490214764,863278.0892581467,1243180.560158975,745853.054141477,1237456.9518392647
2022-01-13,1624324.5639618402,858604.1261050948,1235954.870977025,743431.6090460606,1225892.6928085266
2022-01-14,1624734.508775343,860445.8141969391,1237225.8903061338,743775.2348234064,1226873.306384765
2022-01-18,1606834.9760226933,851287.4400480867,1227724.5909468313,742902.7729065514,1209316.6988425655
2022-01-19,1596524.668750158,843480.7368093245,1219921.1778147807,742791.2150070758,1199003.1014633183
2022-01-20,1585648.8054748846,833254.4679382415,1209735.4941938277,741959.5157877814,1188086.6529379152
2022-01-21,1566574.8902644361,821975.2399442664,1196456.3724003984,736942.8444139387,1171012.6315269207
2022-01-24,1570818.6684533316,823496.2538243821,1198716.1915457333,737664.4563899387,1174378.6932584383
2022-01-25,1558554.7264250335,818803.164692092,1191114.74059777,732873.0284131998,1165023.1130458135
2022-01-26,1556062.6064398699,816487.7360077156,1189188.274560703,732639.2330847646,1162142.0304133403
2022-01-27,1551173.5207798546,814796.3953247168,1186270.098843189,730748.1167809409,1158479.7797878403
2022-01-28,1575623.43441223,829852.0543731428,1203675.8862204044,742101.9836005042,1180579.565091426
2022-01-31,1593794.750069394,839903.5230465115,1216219.1146420361,749061.2329306381,1196259.1210003272
2022-02-01,1600732.5162741635,844541.1239391912,1220952.4357014126,751333.7959125249,1203101.1670383997
2022-02-02,1610775.3952928286,847750.5970442896,1227198.2479532994,754930.8571985865,1210107.7069102763
2022-02-03,1586227.6722954118,838187.3241105301,1211769.0524450438,746817.9949266769,1191425.906487356
2022-02-04,1591019.3940126472,842242.9533343532,1215384.1868524533,748683.0199388147,1196658.1230210052
2022-02-07,1587728.409120339,842711.033679228,1214109.7598804026,748299.7939588854,1195109.6454456225
2022-02-08,1596127.3087674715,846766.6628849101,1218904.233166203,749818.4117017256,1202769.7010126365
2022-02-09,1611193.2145819385,851247.2845303542,1227443.9197899597,753768.6724926336,1213776.5418487913
2022-02-10,1592422.2470843135,845440.0258963325,1217339.3927548043,749330.4439572475,1199302.8427522995
2022-02-11,1572189.774898637,835708.287432936,1205182.160033762,745483.1454294699,1181495.8648242692
2022-02-14,1568898.6414818491,835847.0943036324,1205005.9242502507,746784.4095666741,1178519.774061689
2022-02-15,1585060.7314422645,847073.9924429154,1216197.3100763387,748921.1264770089,1194717.376335299
2022-02-16,1586199.0996876792,849908.2468988791,1218890.7768117208,749223.9226368559,1195996.5323012955
2022-02-17,1564414.0339311794,835049.7976876032,1204105.5953147877,749221.0653307289,1174138.1988304527
2022-02-18,1557949.4895699616,835919.8978348731,1203995.4834182905,750366.1065536775,1168653.8665130022
2022-02-22,1547214.6297113716,832086.0930016397,1197230.4128470528,746737.1816067989,1160708.8811245265
2022-02-23,1529663.163188373,822485.9901260445,1185089.5473113186,739701.8721296792,1145698.1772616669
2022-02-24,1544283.4653189727,831714.7334274438,1194799.0591369676,745353.079873332,1159837.7108680168
2022-02-25,1566043.024013346,842783.0116424549,1210426.9717881847,754369.9617464221,1177037.6351261842
2022-02-28,1563460.5968454173,841502.2808182563,1208474.8837047173,753062.3203585183,1175126.5652175243
2022-03-01,1548138.2079511122,832802.5814303039,1197658.9745804425,746397.4323227569,1161920.3860595415
2022-03-02,1566346.3264459905,843365.2251309643,1210408.3032940277,754125.317733149,1177941.8195414953
2022-03-03,1561318.1845679074,842042.5130142409,1207204.0095495158,752010.4463120091,1174795.2592912004
2022-03-04,1553157.8898921947,838793.5665262961,1202027.230890158,749440.5731613783,1168562.7967869006
2022-03-07,1523810.6747477595,822215.5308697633,1182967.4368585995,740761.6333766051,1141697.340017491
2022-03-08,1516479.4307487884,817715.0973948068,1178202.7114008185,739222.2050774614,1134630.3880013444
2022-03-09,1542172.0686213656,836340.7842538492,1197174.2395100975,748944.0681234321,1159977.1846236852
2022-03-10,1537719.4398378043,835462.8774292325,1195740.380530512,749706.4128791867,1156080.5079950928
2022-03-11,1525252.6781909694,826137.4341509314,1186236.7872916143,747732.0563403761,1143791.8963088542
2022-03-14,1518174.8215769886,821388.210889987,1181436.3576999423,746500.4230637071,1136765.246025601
2022-03-15,1539284.6921926178,839014.9697466176,1198896.784712941,753545.8054546663,1158041.4484848625
2022-03-16,1561039.4881935783,855786.0432444047,1215545.2288636002,755967.5678491516,1179918.8738329508
2022-03-17,1573582.4754290266,861697.0754718725,1222232.1704541259,755090.5680591401,1191685.9517053415
2022-03-18,1584699.7827528655,865836.42441793,1228487.540011467,760389.5468005892,1200687.2384178964
2022-03-21,1584399.3709538411,867197.7875310564,1228754.441623378,760515.2888545836,1201365.1865740814
2022-03-22,1596089.5710068676,871118.7529005765,1236639.0331862583,765886.7901431066,1209091.7604337474
2022-03-23,1583056.3847353403,867307.5087791388,1227374.6520287422,759541.7121838317,1201511.7111982987
2022-03-24,1598098.3471231605,872588.9052234781,1237751.2875721166,766659.7841700718,1211458.4344870837
2022-03-25,1603039.3752114715,874740.9451514084,1241302.331310073,768630.7648457068,1215000.4587653684
2022-03-28,1610275.4337308602,877494.7843418242,1246300.7972311378,771832.2839906507,1219991.8905541082
2022-03-29,1622955.2806019844,879398.8098914996,1256151.673658568,780200.741728398,1224724.886547478
2022-03-30,1616536.0752677743,879026.939777415,1253095.0402657306,775039.8914219791,1220990.4444920202
2022-03-31,1600645.8038874613,876835.082574704,1240556.7169789472,767265.8006407493,1215446.6391957798
2022-04-01,1603512.1783621237,879037.188059404,1241275.6968307383,766552.7394407506,1219796.1393033513
2022-04-04,1612227.4751406692,880838.0938436391,1246587.9551516469,769709.9202246303,1225000.0835452233
2022-04-05,1599234.192494385,878947.9636492413,1238657.012731003,764173.941589837,1218047.6131251848
2022-04-06,1589075.2438986362,877437.1492350029,1232581.1292866385,760338.2230221003,1212453.7335595626
2022-04-07,1594123.9164934983,879088.5165435385,1235282.116423132,761590.0533671826,1216452.7863264664
2022-04-08,1591411.1653358496,879623.8195057905,1233723.5978462598,760030.1691839839,1215833.856707942
2022-04-11,1574188.4019963192,875618.2729053532,1226977.6999632646,758602.6008169649,1201351.4446509695
2022-04-12,1570508.6080348156,875865.4413394032,1227044.378285502,758643.7395685541,1197852.1408012784
2022-04-13,1581788.585970868,881619.9852067069,1232651.754581044,758784.1151436847,1209279.2863090928
2022-04-14,1569357.5751156905,877840.5687964498,1227923.3219412705,755729.059875967,1197797.2916834317
2022-04-18,1569755.6938012363,879109.4413886473,1228283.6078863959,756133.8881953834,1198976.0169262192
2022-04-19,1585891.7406619005,886261.4730243823,1239377.8108182815,763474.9565993056,1211169.8924907327
2022-04-20,1585124.9256457102,886775.0096310729,1239368.9259701362,763536.3002300498,1210925.498929378
2022-04-21,1569921.7919021393,879689.3584544905,1228468.8409061995,756331.2153882876,1199536.7990731616
2022-04-22,1542452.577553218,862795.2859699344,1208397.1943670334,743215.9247427315,1175245.1587788502
2022-04-25,1548081.7155709267,867540.1879524332,1213127.3296467206,746548.1578761723,1180889.063499371
2022-04-26,1519721.5867372833,846418.3474205518,1191057.4458722612,732103.2368545572,1153476.9779083054
2022-04-27,1522381.0106062263,849040.3699745303,1193541.6733993655,734577.8582858499,1156274.1968041225
2022-04-28,1546443.4008485945,866756.4227261322,1212315.3297007694,746778.723505588,1179278.9834966888
2022-04-29,1510316.925709964,838909.7324516175,1183932.1569113573,728697.2637866689,1143688.9908729559
2022-05-02,1515951.2562726985,844351.3411589158,1188817.6770411935,733084.1320089276,1149879.4100131523
2022-05-03,1520260.8018297004,848285.3450407304,1192571.658795042,736493.7212912831,1154368.9776981203
2022-05-04,1549193.8717393824,871562.7347739581,1216195.2379097887,751484.3876199997,1182955.8582262835
2022-05-05,1514329.1809648676,843606.7748749088,1188140.4702095203,732961.7272602688,1148189.9752529878
2022-05-06,1508656.6797162215,838955.7091508268,1183059.8572555613,731591.2939291194,1142947.0212342183
2022-05-09,1478543.0849277885,811802.1239161119,1156050.9603133146,708940.1305292556,1112688.738153317
2022-05-10,1480614.1235167712,813645.6273776053,1157851.6819098298,711153.0485486556,1114802.5586072782
2022-05-11,1466101.7047359128,800553.4160555189,1144850.2992906612,699025.9054509511,1100199.311123502
2022-05-12,1465134.4673175393,798964.3302421523,1143260.6883642627,697675.4132086956,1099232.5988181601
2022-05-13,1486529.8921032285,818769.5473957821,1162926.50975793,717645.5382560915,1120767.419363812
2022-05-16,1482775.8899662949,816374.4854557107,1160549.7435042872,715477.3218411929,1116995.1215404496
2022-05-17,1501544.4747858099,832642.7684284365,1176693.529338127,732143.3144899157,1135888.203498851
2022-05-18,1463915.7428009063,798944.2330401428,1143246.6668686438,698050.6784761981,1098007.798595137
2022-05-19,1458403.1578987697,793098.5904832946,1137421.8033033307,692265.8657560477,1092474.434701465
2022-05-20,1458760.847026456,803948.1320280749,1150296.9922592654,703354.0577500744,1090806.476417997
2022-05-23,1477440.5756466312,811860.7204009842,1163912.600688654,713192.563998546,1103631.1918359075
2022-05-24,1469633.5063425095,809338.2026313227,1158918.863737334,709892.1819883075,1098295.3417134443
2022-05-25,1478534.316897243,813435.1166911514,1165365.2759784074,714026.3180022885,1104846.6540869335
2022-05-26,1498881.9357546233,819678.4494982534,1179316.4610135234,723895.0488465836,1117486.4207162997
2022-05-27,1524388.716462357,824582.2276347817,1198318.575205103,739336.1411873105,1128894.8653689823
2022-05-31,1518378.066300695,824542.9729609415,1193013.3079298981,734286.4572593456,1128150.2278086846
2022-06-01,1509757.6420967872,824480.1666316779,1186638.3159918832,728198.2799584749,1125841.9892135283
2022-06-02,1529728.8238778976,827041.6303505902,1200983.9923145822,740562.3789025489,1134028.958390852
2022-06-03,1512099.9091809255,825964.3624376967,1187670.3864306072,727780.309023519,1128636.381664961
2022-06-06,1515259.9657318352,827060.9298053081,1189522.168261535,728795.1240698937,1131041.2237525547
2022-06-07,1525349.8996700407,828286.7502914129,1196627.7207450308,734535.8645920693,1135251.4256933692
2022-06-08,1513700.9848010088,828114.2625105733,1187749.0999547946,725915.4261806486,1132308.643833734
2022-06-09,1488552.3581694656,824839.6479944293,1171280.94102846,713591.8335075376,1120353.5616123811
2022-06-10,1458629.5736286782,816966.6799500643,1153556.970151972,704280.1358696264,1100281.7799037169
2022-06-13,1420596.9282929383,794288.1148640739,1128994.2709006486,695483.3506500772,1064133.2687333103
2022-06-14,1417648.683991143,792862.2350784454,1127341.1152611282,697154.1401996852,1061412.3002854069
2022-06-15,1431280.3706716741,805822.8480071919,1139961.049610715,702535.1334820942,1075384.6655450976
2022-06-16,1399022.077419326,779681.8042190231,1114092.9360440136,698330.2507442385,1042853.442071282
2022-06-17,1401002.7167509221,778244.1677321533,1113568.9966920037,703146.9500169605,1043920.3842680182
2022-06-21,1426128.349281163,788389.3738318239,1130858.2268616497,714951.6896143199,1061743.5260361228
2022-06-22,1424221.6476768132,788994.6537117395,1129269.3908926933,713801.8523241666,1062030.940280645
2022-06-23,1434204.871952135,791895.849883931,1136241.4097623406,718262.6515567519,1067943.3418585113
2022-06-24,1467010.820953452,798136.195431005,1162311.7006140635,739202.9374599964,1080919.345555179
2022-06-27,1462890.2766817878,799112.0383657515,1156345.1697749733,733140.2609007701,1083741.1750573516
2022-06-28,1441139.936970241,796039.8126300687,1140764.3858470665,720275.7402474715,1074499.3935380285
2022-06-29,1440244.6934218183,796379.2389542544,1139884.5561219524,719400.785678094,1074823.406038906
2022-06-30,1431750.634548731,795014.8500986816,1133838.3894200572,714508.1606904939,1071011.1250121412
2022-07-01,1442589.747421932,798600.1009462224,1140623.510679728,718550.3884730786,1078650.367473212
2022-07-05,1444491.0321176252,799752.4799082302,1141680.4861252205,718645.4293209938,1080647.055685421
2022-07-06,1447950.1837147488,800937.0782841172,1143487.395849714,719325.4950661233,1083483.8959339373
2022-07-07,1463572.7245758267,802451.9626686748,1153761.015229424,726708.7192545559,1090347.701799863
2022-07-08,1462631.2776874916,802980.0009456316,1151548.4599996917,724569.3606144688,1092146.8484182172
2022-07-11,1450428.7806602283,803153.5776474823,1142409.183395681,715797.3209359241,1089257.2046968155
2022-07-12,1441068.820999754,802634.3469092979,1136221.6975428052,711021.7999743056,1085565.5001510319
2022-07-13,1435535.4335237544,803222.7920820466,1131175.700943945,705914.9935848042,1085666.5544466414
2022-07-14,1432954.1460534786,803396.356774484,1126974.0729276207,703465.4831308112,1087460.4596851275
2022-07-15,1452621.6564218388,804266.7488273748,1135325.1369358674,704011.5985777562,1099647.2980981318
2022-07-18,1444298.2574025884,801001.3762328108,1129519.3662203457,700245.333500582,1093723.7821975104
2022-07-19,1471027.8370404474,810779.1043931234,1148219.8200020343,713330.638264121,1111530.6362139937
2022-07-20,1477452.2932572772,813393.583196376,1153243.3189389864,717272.5995985009,1115546.0722971242
2022-07-21,1487823.6823166872,817087.2368847255,1160411.323090294,722086.6908471028,1122443.110893576
2022-07-22,1478150.0658623027,815541.3948811705,1153524.4714943306,716589.9045543226,1118110.5040315995
2022-07-25,1479329.5797434214,816791.2478012796,1154288.781122549,716958.9181710114,1119775.5612046092
2022-07-26,1467111.0057045652,812731.2237972792,1146135.4278392238,711483.2238898976,1111650.3164450778
2022-07-27,1493399.0956739052,820272.3688122067,1164095.2555825035,724041.0042961694,1127519.723686065
2022-07-28,1506393.0108044124,822742.1510764887,1173322.563086419,731154.9770713719,1133756.1135769393
2022-07-29,1521697.8143444986,824777.9117433291,1185098.8050372088,741054.1477012411,1139320.4358330758
2022-08-01,1518437.3679902386,824487.40833819,1182151.8392324555,739022.6432905341,1138716.4518784303
2022-08-02,1511308.3296094132,823735.5091596097,1177254.2184573505,734599.7962531203,1135733.1350941295
2022-08-03,1527807.5252431906,825689.3696320956,1188912.23275345,744996.1847286732,1142528.176904293
2022-08-04,1526988.005033032,825899.3318859236,1187978.1896105702,743386.6574997136,1142852.6620908426
2022-08-05,1525077.7241111593,826105.3763700395,1186229.904671905,741249.6222178012,1142896.7105917512
2022-08-08,1523739.0403819263,826358.3339732718,1184761.3935343828,739745.579655891,1143279.4956032722
2022-08-09,1519388.04193602,826255.46764701,1181498.521237954,736040.094590314,1142088.503127533
2022-08-10,1541729.540199735,826770.3844286648,1198933.1602139655,753575.2826484351,1147510.2791968915
2022-08-11,1541636.9497645264,826753.5242002225,1199335.5035761045,753646.6846932364,1146998.4851711015
2022-08-12,1560005.766751717,826822.6777723094,1215069.7992252558,770049.4899207978,1149702.1600812275
2022-08-15,1564482.9883657563,826872.2732967061,1219296.7555692904,774509.6794810614,1150002.020875629
2022-08-16,1566571.2899487033,826828.0194726023,1221342.118366703,776789.5265481633,1150000.7058370598
2022-08-17,1558559.2314236744,826791.5780783664,1213894.6622320293,768821.7924098985,1149399.6620524684
2022-08-18,1561686.3952939326,826747.3088395814,1216311.7361901728,771354.8242311194,1150065.4827257982
2022-08-19,1546663.9576620285,826898.5353136964,1209399.071374665,764343.6086477707,1142106.936383517
2022-08-22,1525748.8404687818,815900.320587974,1194619.5563158737,755138.5060192004,1124859.2246153732
2022-08-23,1523287.5264121476,814679.1203275139,1192824.0999395144,754331.7056152599,1122972.1666746382
2022-08-24,1526321.9338216824,817564.5296462495,1195509.7845801217,756320.5414282973,1126206.2987623012
2022-08-25,1540063.843221223,825561.3186642453,1205285.6643730225,762091.7113087932,1138169.1173869371
2022-08-26,1506332.9671726644,803917.3814232133,1180496.8335391185,747056.7048043469,1107583.1349312505
2022-08-29,1499891.8917134793,799209.9025362649,1175505.9914669152,744526.441370467,1101425.42265732
2022-08-30,1489329.1057568048,790742.1398936862,1166839.8367857812,738904.5169719441,1091061.0287392014
2022-08-31,1482058.7185945755,784497.0428502916,1160546.4640050912,734854.7234513639,1083838.917314267
2022-09-01,1484894.259021987,787526.4235191431,1163533.1986012785,737828.5685542962,1086717.103814343
2022-09-02,1474890.8225052669,778456.6880221367,1154458.9884951161,730751.2422515715,1076718.1419067788
2022-09-06,1471283.50232582,775522.1304819449,1151533.9593159505,728567.9279949574,1073101.293366306
2022-09-07,1487811.0501186135,790490.7403424631,1166424.164086068,742237.5499174078,1089707.2462495
2022-09-08,1493868.4661543912,795894.9950207921,1171743.8846551338,747270.2673514099,1095849.1963945406
2022-09-09,1508501.3146922668,809230.834838731,1184988.952716034,756466.8404188075,1110572.8166894552
2022-09-12,1518751.5140615369,817953.8570753522,1193705.590598213,760683.8690309499,1120829.4004131672
2022-09-13,1476317.8337598385,780088.2675553476,1156171.8537994842,735207.8610073859,1078063.867390193
2022-09-14,1479769.5093343046,783262.1998411538,1159176.445714701,738135.5858253178,1081684.8833352486
2022-09-15,1469054.8931696387,773495.9015721388,1149483.651228799,728505.9266880099,1070896.7633874696
2022-09-16,1461903.1676347533,770013.2132020413,1146489.264795939,723671.6098041364,1063256.735915347
2022-09-19,1469556.3540181883,773928.5686632525,1152183.1188392984,727711.4867742585,1068976.7270789691
2022-09-20,1457887.370429442,769012.6760888498,1144064.8222811446,722168.0451869825,1060510.1474739737
2022-09-21,1440408.4235791776,760739.9267431574,1131797.7294647712,714541.4201247236,1047025.5440943904
2022-09-22,1432085.0212213702,757790.2849485914,1126631.2210728796,711878.6529750158,1040919.0083339086
2022-09-23,1415721.3099272135,747721.5225358796,1114968.5412500608,704348.2616046984,1026149.214449859
2022-09-26,1406178.5912725064,741183.9273496957,1107893.8641592911,699698.5539589871,1017143.5776997372
2022-09-27,1403665.110882667,739859.9772939035,1106144.242480264,698500.1685103467,1015055.7689331329
2022-09-28,1422107.8994224402,753203.981943494,1120165.8488063035,707917.0244059244,1032820.9557964572
2022-09-29,1401931.6179080796,739993.2055479076,1105742.511219055,699279.6947277505,1013857.2354737588
2022-09-30,1387279.5039828096,729296.0013049361,1094681.270165353,692828.6573750549,999569.158359219
2022-10-03,1411615.181208862,748876.962239502,1114292.1797785182,706620.1238096338,1023874.8869066722
2022-10-04,1440956.3247264326,767655.185318003,1134592.909477294,717083.9982182765,1051693.523803968
2022-10-05,1438551.5829795622,767411.259203352,1133866.784256002,717076.9869382386,1049770.9811637388
2022-10-06,1428339.9495014728,761045.5325519764,1126844.5682219747,713591.1300577098,1040215.8370683007
2022-10-07,1401218.055929832,742476.7599231645,1107487.3319912078,704323.2481944207,1013882.4070986151
2022-10-10,1393911.2439548702,736439.3935977654,1101396.1792219342,701703.6348397669,1006629.3815675275
2022-10-11,1387875.315566347,731326.3631127691,1096347.4049204253,698362.115974105,1000529.1969955172
2022-10-12,1384692.2039120866,728682.304808053,1093694.0601630097,696608.7461387431,997355.371793956
2022-10-13,1408975.9084650604,749836.1735185878,1114681.1370843342,711245.7498290029,1021805.8681361403
2022-10-14,1387222.392276097,731765.9956758744,1096709.4430978694,702830.3207547565,999953.8680909285
2022-10-17,1410935.600589273,753029.2998601194,1117620.2265757867,716704.1544821688,1024019.5971104321
2022-10-18,1421991.578069694,763390.9445793661,1127850.7609631578,721159.0023426111,1035206.6849227289
2022-10-19,1415047.7156429244,757880.5252264373,1122402.2573449449,721468.1138417164,1028200.9067612435
2022-10-20,1406910.9692779393,750249.7648192272,1114948.2082564044,722636.607154239,1019887.4490775886
2022-10-21,1429819.729362598,752539.5293254391,1121629.8078352339,730226.4886036811,1038404.3740896295
2022-10-24,1441934.1936874145,757031.6534959488,1130099.343434847,736620.9602120598,1046387.5924045108
2022-10-25,1457975.797287348,762147.9676999319,1141390.8984505045,744711.2008280456,1056253.9551927699
2022-10-26,1450105.5501341932,761465.0231886336,1135683.1055593668,739701.4370715301,1053408.556419454
2022-10-27,1444532.96222366,760757.3349725932,1131838.169238763,736753.6324650522,1050973.2166134845
2022-10-28,1468563.0522064234,766223.9541410452,1148421.6268196409,749212.7647766795,1063886.468183822
2022-10-31,1460933.1246278551,766303.4855394773,1142816.408564468,743903.5323080076,1061941.2902588588
2022-11-01,1456267.9594439608,765896.3536820959,1139539.8409615438,741066.7728113702,1060145.5608205074
2022-11-02,1430335.6313955665,760749.2356326585,1122393.9018499292,728832.025533319,1046212.05383429
2022-11-03,1419872.821401514,758371.8861006133,1116030.8068715832,725090.1352217442,1039734.9892865388
2022-11-04,1433989.4177271912,763561.9749431484,1124260.6802327312,728874.7648805925,1050811.8010936028
2022-11-07,1443457.3147198316,767169.3070629733,1129849.5506682717,731373.193338145,1058298.1597705274
2022-11-08,1448784.205969233,767916.1525114533,1132752.7409367599,733259.1344104337,1061468.7061999207
2022-11-09,1427607.4424690555,763745.7782440919,1120511.5349612646,725713.061735647,1048362.774407877
2022-11-10,1482388.0414288102,771746.7918527839,1153238.5414140322,748606.5840576806,1078417.3805235564
2022-11-11,1492443.7492179885,772015.4581497423,1160735.2362916642,754800.1496086796,1081245.059732061
2022-11-14,1483236.017831733,772234.6436434924,1152392.584361704,746471.4192149267,1080599.1657695156
2022-11-15,1492089.5150008716,772218.871403405,1159407.6022617402,753399.9047144097,1082421.8727985309
2022-11-16,1483817.0901102347,772223.6874155547,1151973.4316047756,745105.159683614,1081588.4345770082
2022-11-17,1480434.0273785472,772183.1443248673,1148766.433626175,741274.5990546201,1081371.8267332339
2022-11-18,1485066.0087043955,773453.2845544268,1158720.0787637392,751020.3723570928,1077320.3031510774
2022-11-21,1481279.8339517943,773474.487025755,1156188.6528926515,749374.6793872914,1075955.6641125707
2022-11-22,1494537.9319336633,779375.9615300247,1164972.5430048928,754598.460039268,1086331.3464864679
2022-11-23,1500751.1521668443,782208.9646886005,1168798.8749080566,756612.2456404881,1091551.237975061
2022-11-25,1500373.6715578213,782824.9515136846,1168508.8465149915,756238.4264253462,1092079.7725841873
2022-11-28,1484012.647366438,777295.9832998596,1158529.5626267572,750545.5791251191,1080169.0640672133
2022-11-29,1482145.6552131008,776743.1871063437,1157439.1530858008,750178.3515680451,1078839.6852613161
2022-11-30,1513432.418708791,787211.0902788499,1178426.5075932946,762810.175240672,1099606.9974220193
2022-12-01,1512512.0738498168,787357.6975868607,1177245.7481834576,761900.8922266138,1100014.0192808923
2022-12-02,1511162.1985238963,787901.8944730768,1176103.8041199339,760334.9996097547,1100350.2849047119
2022-12-05,1492515.915420223,783309.2233345609,1164519.3885709532,753595.9832596723,1088695.7462115032
2022-12-06,1477808.6733831766,776832.8849332065,1155377.1722100833,749470.0217107537,1076654.3821339724
2022-12-07,1475953.897166929,776152.0395912551,1154118.7120968853,748905.5166038976,1075377.2206889712
2022-12-08,1483568.0661818988,780130.0751854246,1158904.6939124241,750980.5950077784,1082183.4434825722
2022-12-09,1475930.9220721032,777437.0171930073,1154699.2582457522,749361.52565442,1076058.677047031
2022-12-12,1490084.9095970856,782479.3238160843,1163582.421110048,753910.3592097887,1086371.8083307943
2022-12-13,1497547.5526280648,788919.278003375,1168524.0214221035,753882.9651487118,1095332.8052370092
2022-12-14,1490894.9740839165,790840.8739139764,1166156.266764476,751401.6408542262,1092969.5772610893
2022-12-15,1466061.9822053064,780745.684593756,1155866.2590358984,751215.0267256827,1068331.4037908367
2022-12-16,1454283.465825765,776329.515685742,1152236.4462076384,753396.0767318711,1055766.531331541
2022-12-19,1445641.0649214142,773851.8134066097,1146858.4933904274,749949.0550436263,1049888.18692148
2022-12-20,1446835.2193257734,775050.3184189498,1147682.6710333228,750593.8983952871,1051456.6686952845
2022-12-21,1461518.3335258118,782095.5729032313,1157526.0356974555,756454.6757169354,1063341.6727154711
2022-12-22,1446979.3470059482,775340.0239862907,1147694.340387241,750551.4991049261,1051878.8325888815
2022-12-23,1452530.5622175643,778609.7717312099,1151451.8130782745,752581.038519114,1056942.3228543838
2022-12-27,1448427.8227781416,777960.3615890602,1149661.9154852089,751860.8013740182,1053980.0708658765
2022-12-28,1435897.9465752104,771687.6487103021,1141281.8002065546,747184.0616519128,1043557.5970628419
2022-12-29,1453424.8317865904,780600.5586771755,1152357.4755239054,753466.7441758227,1058921.7169237444
2022-12-30,1450626.6338435262,780018.9235102423,1150830.351393721,752449.6995847954,1057069.0079439315
2023-01-03,1446253.7739422242,779133.7062733532,1148752.4482963816,751760.7055098235,1053888.8339030799
2023-01-04,1453752.6182254963,783440.7163936505,1153721.0954250344,754388.5328296227,1060726.0411779964
2023-01-05,1442152.5263370718,778133.4494698425,1147072.591712492,751259.6569764821,1050467.1860783058
2023-01-06,1464679.6636862583,789057.4371612803,1160423.825797006,757263.6262478398,1070567.0770344161
2023-01-09,1463933.4617043298,789592.899321577,1160613.9565224396,757346.03905653,1070166.206487351
2023-01-10,1470858.0141880186,792335.3421122096,1164364.5434477036,758654.9336439397,1076082.6148364083
2023-01-11,1483574.7771052895,794403.2840799682,1171140.0539322346,762739.9308429472,1084091.809236907
2023-01-12,1487159.5809197838,796930.1611363599,1170594.5002723038,759894.4694884098,1090749.0437677235
2023-01-13,1491005.5631597484,797369.7334371558,1171242.4965631035,759574.5337498356,1094386.6020176844
2023-01-17,1488928.7134913178,797909.0533792349,1169484.9057222232,757995.0923005228,1094606.6631322135
2023-01-18,1472370.85848564,797729.9717932392,1164231.262796258,755492.4458282769,1083123.369466505
2023-01-19,1464762.5836693563,797854.177387679,1164056.3453203756,755271.3421029996,1075814.2177205435
2023-01-20,1483480.02475803,801075.350232827,1170862.171589367,760384.8638764566,1090947.0053853737
2023-01-23,1495306.748792595,804884.7900112101,1179196.4965787856,766478.1950229774,1098137.862180925
2023-01-24,1494048.987930363,804942.9514915643,1178204.909267813,765547.8208690563,1097929.85011002
2023-01-25,1494255.8289376297,805430.6178668097,1178511.6657443023,765706.0141651311,1098317.6010160428
2023-01-26,1505198.3675487086,807849.2144545282,1186496.1740215067,771900.3369774993,1103694.2279376355
2023-01-27,1507375.7180048656,808700.5750356619,1187715.5597008509,772625.588965527,1105503.5532955823
2023-01-30,1494346.1530640132,805949.2621843801,1178656.7678535096,765900.1378854604,1098781.467350789
2023-01-31,1509052.581272778,809095.2737463065,1188840.442571675,773593.64216191,1106450.232403315
2023-02-01,1519783.1723973546,811176.2617262923,1196274.0700018983,779551.1284137866,1111828.184077654
2023-02-02,1534707.1896360172,812162.108303404,1207957.1772663654,789986.8131507405,1116054.9406289612
2023-02-03,1523335.3748118896,811870.9397863362,1198806.8656614036,781160.2206597747,1113542.2688927278
2023-02-06,1516788.1143644429,811869.965591029,1194163.909623715,776896.5674954709,1111636.990287662
2023-02-07,1530145.8906801622,812913.7680260725,1204047.789378033,785565.6424521736,1116154.6892841074
2023-02-08,1518496.0348854451,812386.4617310064,1195038.542215804,777273.480232042,1112986.7743565529
2023-02-09,1509321.6819320743,811371.5495102503,1188496.2113082106,771914.6255467939,1109339.8400900192
2023-02-10,1511539.6907462752,812190.8230937063,1189512.4614998368,772279.007990957,1111360.8722960502
2023-02-13,1523457.4349353805,813269.3337488954,1198057.6821929128,779363.9622058477,1115811.9064472686
2023-02-14,1522795.7388735022,813539.0572722075,1196147.2521646046,776351.6882614098,1117330.3639370105
2023-02-15,1525998.6097415548,813561.0933276196,1198070.7951981602,778326.0578676481,1118631.7278269196
2023-02-16,1511418.3234706938,813416.704620484,1185235.4614110435,764858.0070796714,1116742.3866360397
2023-02-17,1508659.9605688495,816251.9189467232,1184137.8140565022,761487.1250800327,1117916.8854149757
2023-02-21,1488417.5040699511,807424.1159710842,1170645.6695628245,753001.5380365972,1102224.6102240838
2023-02-22,1486885.7153889055,807537.6691610501,1169882.334470536,752864.2412200829,1101569.7098252927
2023-02-23,1491909.9139259835,810972.7576404035,1173528.2021111976,755146.4788886779,1106383.1292010627
2023-02-24,1481219.0361724861,805311.4304604747,1166484.6977468757,751473.8348460428,1097074.4286319583
2023-02-27,1484352.4111332328,808317.9930111202,1169342.796644994,753781.9603582143,1100356.2672452321
2023-02-28,1480561.6689101087,806531.7656385056,1167036.4083621302,752801.2653834957,1097085.6859323573
2023-03-01,1476644.530096047,804196.6377197201,1164439.5689332057,751636.051054168,1093430.258628435
2023-03-02,1483998.0553055736,809225.0396522649,1169692.1556232562,754739.0987302756,1100559.5990804555
2023-03-03,1499478.8116180042,818564.6201299112,1180208.4885773384,759645.4369479325,1114863.6029164502
2023-03-06,1499981.4043848836,819676.0924998242,1181126.0635534907,760153.716453942,1115560.09307709
2023-03-07,1484572.8282692346,811444.6849770024,1171549.8709262852,756348.2652135806,1101496.302065825
2023-03-08,1485984.00385176,812961.8122121252,1172918.2488155006,757187.3084417346,1103056.226994258
2023-03-09,1467727.2421063632,798944.1469048911,1158717.3842453184,749976.243122879,1084982.6645118091
2023-03-10,1453668.97022519,787178.7448893369,1146913.6553321332,743498.151763024,1070962.7195282672
2023-03-13,1452133.4875307316,786208.3980606371,1145960.2837161818,742786.7655448781,1069410.2616210603
2023-03-14,1467589.807845925,800427.7339377913,1159714.7568589943,755074.8296625663,1085331.4446705952
2023-03-15,1461388.7588453155,795445.6639484926,1155074.3438196536,753695.2449926198,1078788.7387200277
2023-03-16,1477974.2647103427,809835.5666965975,1169320.1008261023,761072.7650322218,1095518.390326711
2023-03-17,1466416.5372283286,809153.2692393523,1169577.1294875583,761632.662219916,1083021.3367259959
2023-03-20,1475847.5504908192,814395.9085037429,1176016.8242844357,766008.7790317768,1091109.5160509537
2023-03-21,1488919.7346887814,820394.9724602164,1185604.56506943,772867.3635300952,1100593.0234203949
2023-03-22,1471298.8446557394,814791.0033636265,1173846.0095319748,764926.8996715047,1089126.7198282182
2023-03-23,1473832.1274556168,815100.8410688594,1174080.026152343,764961.0723411343,1091735.8237129608
2023-03-24,1480263.0478008038,818636.0314525317,1179253.4308916577,767864.543547028,1096528.5297025053
2023-03-27,1481976.0269310428,821181.1089164596,1180794.2464845097,768712.9239853497,1099245.77070382
2023-03-28,1479509.170730198,821536.5507254039,1179745.977853401,767952.1229175993,1098182.6249430282
2023-03-29,1494068.1338806686,825760.8986602528,1188674.5763934255,773414.6335525408,1108037.3374883235
2023-03-30,1499909.322525153,827136.8254296947,1191929.948133674,775329.2267259248,1111999.081162001
2023-03-31,1514314.5663481539,829331.4433727849,1201714.5135730626,783383.1196997643,1118814.3774887035
2023-04-03,1518122.8693651706,830895.0767561707,1204516.1387980147,784670.8155430276,1121384.6886641541
2023-04-04,1512084.549698282,830562.2887006607,1200085.5553835114,780620.491963133,1119444.1643562587
2023-04-05,1509148.6384801245,830640.7324510992,1197781.04206583,778405.4719471396,1118891.2102062209
2023-04-06,1513033.4931730093,831358.8885210569,1199890.0220021848,779660.7561349433,1121385.241032709
2023-04-10,1513918.3543573164,832191.2517083657,1200338.3355942653,779416.7180499842,1122654.1518122442
2023-04-11,1514008.1975439687,832258.1720049814,1200023.2066175109,778991.6981279426,1123126.0442722663
2023-04-12,1509533.8296150346,832302.2110942907,1196297.4808662585,775141.5448825625,1122421.4411838942
2023-04-13,1523239.2146483173,832768.9059837828,1205192.7184965345,782800.9875307023,1127698.283476393
2023-04-14,1520457.1421976318,832862.382856047,1202494.0554086925,780075.2348032433,1127708.350985814
2023-04-17,1524059.727925796,833134.8029611995,1205348.912561133,781944.2530890715,1128728.49966669
2023-04-18,1524559.5863387496,833094.9331750537,1205589.0589282596,782204.0873605022,1128948.341926371
2023-04-19,1524187.7646027757,833074.0702451344,1205070.1167129953,781694.8565203142,1129074.5994757419
2023-04-20,1518200.283914664,833060.790139084,1199385.9759412743,775272.4478569634,1128757.979453301
2023-04-21,1518828.2649970895,833923.3188262372,1201491.2365506175,776721.2739270963,1128143.2286135363
2023-04-24,1519679.8756253624,835071.5756986311,1202278.4700345783,777066.4731019384,1129258.430089218
2023-04-25,1503597.6795315573,827111.2905456249,1191240.4520670264,769769.9628721578,1116253.9668099582
2023-04-26,1499233.1395083584,825809.8508284539,1188746.2856719187,768439.5922811294,1113082.1534646964
2023-04-27,1518570.7990847505,835310.1488182037,1201695.4335629162,776460.1994970227,1128970.9631398409
2023-04-28,1526918.4405208204,838723.3502734134,1206940.4762975941,779862.2093932887,1135486.7632964426
2023-05-01,1525698.7666219256,839320.8690328894,1206552.737521477,779415.5962429508,1135252.3469331407
2023-05-02,1514168.144597506,834598.6269262889,1198980.6157021462,774831.2193582212,1126571.6046214513
2023-05-03,1507125.7706241498,831779.9392439087,1194791.2283275216,772486.4934605977,1120899.93034034
2023-05-04,1499913.6265370783,827913.5024860795,1190039.9675397458,769439.4563911124,1114572.6102832148
2023-05-05,1517907.507119592,838003.0057748694,1201513.137533729,776078.7142780584,1131182.8241605351
2023-05-08,1517973.015174029,839725.5273125239,1202442.3347240663,776296.2334836798,1132041.6565622892
2023-05-09,1513380.7739770038,838138.8634518036,1200359.189964836,775330.604670757,1127945.8962637743
2023-05-10,1517837.523314428,840746.7033147733,1202781.9456888265,776180.731186599,1132587.7297401773
2023-05-11,1515889.5056014373,840794.2510259561,1202303.1882873215,775948.9384745134,1131166.0171398749
2023-05-12,1514378.0279298627,840908.1666862634,1202023.3074765368,775824.6649885185,1130048.335939392
2023-05-15,1517621.5716411122,843497.4517640413,1204588.9173452365,776326.7083480565,1133315.5548597197
2023-05-16,1510724.4381658495,841176.469262314,1202159.338483838,776107.4600763447,1126527.0177441286
2023-05-17,1522604.3224129712,845086.3898574926,1206167.1019613524,776324.7246257665,1138309.059108914
2023-05-18,1532107.0219278345,845491.6011467925,1206997.1665981892,776396.4363590041,1147386.9052762403
2023-05-19,1530425.534960016,846022.2064185254,1206777.087217752,776234.02006418,1146456.1029605921
2023-05-22,1530630.946850749,846560.3535137519,1207050.2115405672,776444.7594820277,1146831.4743394721
2023-05-23,1519202.6983097077,840861.4447448864,1199382.6847518887,771674.2951366878,1137371.8438182438
2023-05-24,1511835.322761568,836308.188243696,1194139.341594833,768164.7048750729,1130694.5549259698
2023-05-25,1520138.6085716179,841340.973150274,1199759.7337279138,772252.0633357903,1138410.2335095168
2023-05-26,1532765.4494798854,847769.5764831332,1208235.2631703536,777259.8500637873,1148990.1483082038
2023-05-30,1532946.6756794048,849379.725469257,1209208.87196746,778371.3874105166,1149807.9146967405
2023-05-31,1527179.8246123595,847683.2939305883,1205940.507407023,776633.2309818389,1145612.9966514632
2023-06-01,1536461.4636421814,852508.559257926,1211735.2772815009,779786.6551967489,1153925.131134145
2023-06-02,1550831.2527409743,856637.6733912744,1220464.0005774205,785178.1587062196,1163695.3110703668
2023-06-05,1548670.4533000821,857014.2582943658,1219069.5589686213,784296.5964561438,1163305.5381413652
2023-06-06,1550689.989727755,857724.361455133,1220251.9595609573,784486.7713868653,1164852.777137469
2023-06-07,1546952.407009617,857589.6639345321,1218084.6185617247,782999.8988685003,1163147.837897963
2023-06-08,1552913.6927480004,858401.2105012948,1221370.888149241,784476.1290820977,1166634.4006155925
2023-06-09,1554550.8093319396,858752.2696234689,1222031.6907786867,785107.5126808449,1167961.7736922603
2023-06-12,1563665.0365862022,859353.4582493708,1228583.6391536403,790498.796284416,1171125.2411974715
2023-06-13,1570294.7831971257,859570.2969468697,1232957.0639271573,794238.2506168869,1173598.4017323763
2023-06-14,1571334.6896417479,859678.3310587448,1233243.8622137457,794245.3735483326,1174459.5440022855
2023-06-15,1584079.7467922145,859677.5605776003,1244365.516897888,805493.475801704,1176082.1759874653
2023-06-16,1580276.0940696923,858788.4822027895,1247602.6455645328,809434.5657196341,1168152.3162234873
2023-06-20,1574886.337164862,857276.5031963261,1244679.0876406329,807887.0221000586,1164085.72362086
2023-06-21,1569587.5880320198,855364.3509993048,1241618.5251572626,806142.7625007681,1159935.384774366
2023-06-22,1572958.4133471167,857561.6536983522,1243853.335716188,807433.1950860566,1163268.702229585
2023-06-23,1565247.5226714076,853523.4609038709,1239107.894704746,804816.6049474862,1156265.0597708367
2023-06-26,1561018.1813452912,851158.941213965,1236509.2519776751,804108.0412094628,1152269.8414818854
2023-06-27,1571579.4689391926,858167.1592430696,1244041.4941509748,807881.8745739912,1162307.104931592
2023-06-28,1571878.4039419035,858491.1851134296,1244265.2910735584,808196.9285631033,1162706.268882079
2023-06-29,1575590.2406593284,860563.666840076,1246513.477757757,809275.1711328069,1166242.4006419517
2023-06-30,1587152.8664364393,865958.6037508915,1253851.1960212812,812873.2317009454,1175862.245066354
2023-07-03,1588109.8288361016,866334.504846917,1253832.2009872533,812756.6733066516,1177214.1035960699
2023-07-05,1586404.3065115556,865948.2966472069,1252859.3480253774,812325.0958650003,1176095.2260336895
2023-07-06,1578304.7598807146,862542.251590901,1248323.5490340912,810094.4503712559,1169125.4333378288
2023-07-07,1575575.149257722,862252.1182103923,1247645.6844061092,810135.2712101024,1166783.5539623094
2023-07-10,1577897.3832863155,863767.4174135509,1249189.5670180102,811151.2870050143,1169077.2045821608
2023-07-11,1584064.9982725286,866707.1131546355,1252730.3754142341,812264.1830358123,1174643.7069132342
2023-07-12,1591961.9858164683,869547.061273379,1255920.409032178,813255.894952487,1182190.6089579735
2023-07-13,1599813.6967929513,870859.2668901726,1258932.1214748663,814550.4367466606,1188342.8131085618
2023-07-14,1598972.6278565684,871099.548809468,1258264.0512485062,813852.0754722776,1188410.0963178347
2023-07-17,1602318.4436401546,871724.3905714815,1259457.9796928465,814468.1203154654,1191186.825419094
2023-07-18,1609737.550405437,871786.5436999053,1262681.4031635476,816616.6356110913,1195444.661842099
2023-07-19,1611831.8012537197,871784.5600128137,1263778.360031215,817087.2296434096,1196439.9721356225
2023-07-20,1604755.6293091862,871754.050347317,1258326.754667806,813081.4100101728,1194784.8958890014
2023-07-21,1604551.5475226396,870541.2233279059,1258333.346665599,811074.4762057532,1193361.3950852507
2023-07-24,1608815.7116673714,872629.6997096397,1261212.4320313772,812935.2847733551,1196755.511055626
2023-07-25,1611354.7557891232,873331.9847832171,1262562.4017382069,813733.2873941278,1198646.870544126
2023-07-26,1611306.351191752,874237.1591928329,1262810.6698664287,813803.102384367,1199255.3722281484
2023-07-27,1604424.096170162,871314.6828821099,1258030.9754201216,810587.1764290878,1194230.3353421427
2023-07-28,1614018.043492249,875218.1968579744,1264134.2642898043,814767.0556870839,1201624.5077704112
2023-07-31,1615738.4159477109,876546.6063982912,1266025.756065045,815769.5138892431,1202781.7979909494
2023-08-01,1612629.537463081,875572.3009625063,1263576.6169258244,814224.9257642452,1201147.7532097555
2023-08-02,1598374.8104823537,869444.3219760531,1254646.8121350086,808919.1895230433,1189694.8520333902
2023-08-03,1595309.945544641,867651.2324620187,1252452.5941619114,807717.5337990343,1187031.1155547407
2023-08-04,1590608.795379532,865609.6925994069,1249757.0769965583,806257.0735298309,1182983.942692373
2023-08-07,1599021.7523760786,871842.6151912699,1256121.054941344,810140.3548933072,1191265.8443359965
2023-08-08,1594475.2246824773,869437.1264478008,1253459.5320018297,809113.0935612409,1186975.3508384407
2023-08-09,1587628.7578443459,865068.8083163362,1248911.605589219,806816.041880388,1180308.4922814555
2023-08-10,1587770.4162652527,865402.7465461663,1249162.7573831938,807437.5694939182,1180532.9371382175
2023-08-11,1586983.3357530076,865092.8775917685,1248793.2635246343,808034.9856466223,1179805.481530134
2023-08-14,1592211.372583698,870104.5406661746,1253779.4513686774,811111.6836850035,1185058.993591188
2023-08-15,1580455.1623105532,860533.4455370817,1244235.2739255615,807129.4942069126,1173275.865632066
2023-08-16,1573055.4964630213,853631.8430473045,1237358.8911268502,802617.7003533749,1165850.980093468
2023-08-17,1565434.6379860272,846646.2305681375,1230402.5285758455,795921.4146816244,1158200.8716883115
2023-08-18,1565686.7063347981,839989.4585474245,1223502.2643044996,788111.8006859934,1158696.4322877154
2023-08-21,1571981.362088279,842990.8268213414,1227910.2281801505,791290.2659144539,1163483.0288768879
2023-08-22,1569043.7696801934,842648.9883222159,1226114.469400362,789900.9260382936,1161999.3567494643
2023-08-23,1580011.9106822147,846244.5780023001,1233306.8749442217,794592.3361688657,1169370.6818877107
2023-08-24,1565733.7114111646,842340.1874989767,1224204.8894114639,788413.2942809691,1160290.0776460948
2023-08-25,1572578.2558562825,845427.2872246369,1228363.5691000484,790878.8947443762,1166063.0421282887
2023-08-28,1578758.3965604953,847987.908564738,1232406.96909532,793301.4159511568,1170760.4041773304
2023-08-29,1593208.6412663152,850397.0485059742,1241992.3995110174,800236.8392835604,1178034.3584086895
2023-08-30,1597235.127551324,851035.7296277806,1244718.8667098205,802173.5544610978,1179973.0586167017
2023-08-31,1595511.2118833049,851169.5667804854,1242983.1528498,800458.0660968062,1180118.6939614078
2023-09-01,1597223.7012709784,851440.381735835,1243571.5428279373,800550.1737435709,1181513.6083262935
2023-09-05,1592544.346175073,851747.2137558179,1240596.2601012,797986.1223460298,1180116.3679771083
2023-09-06,1585413.612980363,851408.5779079031,1235354.0617397586,794161.6039006528,1177889.197295925
2023-09-07,1582063.1044011794,851351.1494505815,1233418.7035450512,792181.5719783125,1176416.618454127
2023-09-08,1583385.8346993157,851802.0900166507,1233412.637079569,791726.3085781387,1178196.355783815
2023-09-11,1589886.2568964097,852472.9403704845,1237308.965691866,794216.0993883121,1181471.299722446
2023-09-12,1584038.2293087868,852339.6702473748,1233673.6503009074,791565.7682479771,1179125.3174026716
2023-09-13,1585017.3691671453,852502.0304420604,1232705.637218189,790440.2056041912,1181234.8305384344
2023-09-14,1593625.243161866,852469.6402599453,1238739.7603946044,793950.5134507471,1183776.1911746245
2023-09-15,1580981.9516269753,850800.2035570384,1232997.874570279,788447.1928755702,1175205.3487611525
2023-09-18,1581356.975847282,851332.1512629739,1233484.2454614919,788830.3827860493,1175538.297973648
2023-09-19,1579070.3640455457,850506.581640054,1231974.2639772813,787905.4763800101,1173936.0980332023
2023-09-20,1569679.160104508,845703.1613756402,1225489.5585018639,783913.9546236664,1166226.1793031683
2023-09-21,1553115.4895828324,834867.3389850613,1213466.476227773,775729.5703734264,1150849.7686650045
2023-09-22,1550715.9763225848,833197.117866308,1211489.5337806437,774663.7622382618,1148756.976733133
2023-09-25,1554586.6311840564,836885.0131509043,1215232.9042904233,777472.4487879677,1152572.1563694212
2023-09-26,1540052.7785936354,825719.0641944457,1203760.4283334203,769024.7445906247,1138344.8307795448
2023-09-27,1540224.3657717989,825571.0064161138,1203531.2213898823,769476.8008105427,1138597.5671229144
2023-09-28,1545583.4846004911,830152.9896938312,1208147.8645240013,773270.8326639333,1143922.026095205
2023-09-29,1543025.8019336734,828535.7937314094,1206399.2395094084,771843.6893706946,1141495.7724805581
2023-10-02,1542430.509124016,828760.2020176679,1206560.8830791502,772301.7455082845,1140963.2443874176
2023-10-03,1529317.2277610097,817480.5010694349,1195304.2729640715,763407.0133507941,1127826.872191257
2023-10-04,1536029.373626306,823119.7605223858,1200907.435237519,768933.1008931173,1134575.1152360565
2023-10-05,1535456.42836459,822510.16242703,1200290.5822707647,768142.3706613183,1134009.4248457393
2023-10-06,1546611.8688594853,831992.3104841427,1209755.826870652,775914.7508282021,1145181.76879786
2023-10-09,1552602.1701010526,837642.094162852,1215366.6020788024,780161.4474082033,1151211.0785099864
2023-10-10,1557464.7545157769,841915.0395711961,1219636.1188402912,783134.9546629305,1156077.0915715657
2023-10-11,1561267.2110394703,845559.8692592992,1223231.1580255963,785502.451593206,1159929.3385980572
2023-10-12,1555055.2534136772,840610.3171323193,1218268.3701980682,783444.4913845793,1153730.616672812
2023-10-13,1549971.1369456784,836217.8309485523,1213896.325761667,780590.7726757831,1148626.0584574477
2023-10-16,1559998.4933962633,845270.3743633416,1222891.281210939,786893.8924236589,1158711.0028735502
2023-10-17,1559740.9371443696,845277.8830229437,1222895.619267956,787394.350629858,1158456.6172242416
2023-10-18,1546424.3238140764,833288.0480618807,1210963.9939536522,780959.779242411,1145081.794247189
2023-10-19,1537686.0850245224,825144.6904405612,1202851.3888805793,773784.537495676,1136312.8029093882
2023-10-20,1525654.9991898693,823782.3767666304,1200448.8354749875,771934.4455488105,1125321.9568063961
2023-10-23,1523710.240172446,824355.3655325403,1199647.165232635,771647.4877224155,1124638.3165540656
2023-10-24,1531025.1443722432,828199.5537549558,1204429.2119055046,774725.1722572765,1131015.3623034086
2023-10-25,1516378.127386962,821820.811163286,1195150.828977001,769276.0372669708,1119267.9856549618
2023-10-26,1504295.255477735,815223.7459321767,1187061.9631758546,765122.9324442856,1108676.9143157713
2023-10-27,1499643.8312478876,812588.4652540009,1183932.3927433165,763561.9282274006,1104519.7798402864
2023-10-30,1511089.6593120124,821023.697989292,1192760.8066645684,768952.5342921494,1115572.4267184502
2023-10-31,1517074.6123020723,825467.961264693,1197262.7273526336,771366.4789306477,1121499.7222958459
2023-11-01,1527451.775579588,831421.9705527485,1204029.8687636703,774363.3048922927,1131063.7534503806
2023-11-02,1546471.1829624062,837823.4183578475,1214439.2683122195,779102.6541471845,1146075.2090897483
2023-11-03,1555589.827688434,839760.9515633632,1219599.8244645884,782043.5878108817,1151970.830868923
2023-11-06,1557752.05781326,840752.5542018996,1220708.6517716446,782423.3467124433,1154015.8363252296
2023-11-07,1560484.4053294018,841100.183530089,1222284.3738763784,783466.603725078,1155520.0910648268
2023-11-08,1561031.8499786928,841371.3736763338,1222344.205525014,783232.3538172042,1156278.894211727
2023-11-09,1552723.6665577437,840816.688528196,1217356.21865403,779432.3194930505,1152404.0125136238
2023-11-10,1568585.162551362,841720.816782238,1226787.5886482755,786552.7235359021,1159738.266767039
2023-11-13,1567375.7809566397,842046.456399896,1225938.1690608691,785760.23604905,1159703.944377381
2023-11-14,1587439.5885571374,842059.1842443992,1242669.3419684935,801692.5980992571,1163049.3069147575
2023-11-15,1589482.6488747161,842057.3195330305,1244413.9609175865,803765.0276534653,1163345.8835718746
2023-11-16,1590576.170270395,842048.1383359234,1244859.5631127013,804070.0480096599,1163984.6215753315
2023-11-17,1591693.4629970645,842642.8312535402,1248019.259766818,806229.21485725,1162536.910565501
2023-11-20,1599179.3909029148,845773.4725536474,1253212.6513336808,809910.205903616,1167875.5928563694
2023-11-21,1596771.7297056236,845270.8326403955,1251618.2597811613,808750.1604009939,1166559.683298346
2023-11-22,1600442.0884191971,846620.3182447378,1253576.3612147733,809844.6551740384,1169621.42618265
2023-11-24,1600851.6181937573,847398.5017081359,1253839.7724866709,809826.691298228,1170545.7281487107
2023-11-27,1598820.9904204393,847626.6722840029,1252996.3557576984,809261.401091934,1169586.687680232
2023-11-28,1599607.598345108,847893.8328772937,1253308.8399956054,809386.1269044611,1170327.9719602847
2023-11-29,1598685.8508885119,847291.6416370177,1252610.1309774057,808909.9875174393,1169502.742281612
2023-11-30,1602444.925146644,848367.7135659447,1254817.1192946057,810385.0015353579,1172130.9001514716
2023-12-01,1608222.4650916718,849638.896740895,1258504.2267515892,812918.8547493357,1175492.515814466
2023-12-04,1602664.432117223,849302.7003096936,1255236.2610866656,810515.1957244633,1172866.2520737397
2023-12-05,1602252.9067474385,849509.3397190263,1255044.7254781048,810253.0504416884,1172852.9017218484
2023-12-06,1597959.240022875,848765.0184147411,1252465.6111700577,808581.0083750687,1170394.0280010467
2023-12-07,1605444.6304765106,850135.3901066317,1256601.275090686,811150.3927849808,1175114.1262259446
2023-12-08,1609602.6452803733,851143.8039813095,1258571.768350548,811970.8009978442,1178310.061644623
2023-12-11,1613361.3355294082,851818.6457128145,1260991.5035580453,813671.5855154989,1180323.8584176656
2023-12-12,1617829.8114809582,851954.1190939238,1263689.9619589583,815467.5098330935,1182229.3493494121
2023-12-13,1631814.9000221305,851929.8826205651,1275455.7865366228,827037.2086352636,1184424.3768395614
2023-12-14,1634952.4240853514,851902.0575383694,1278233.2304891576,829695.6225580478,1184756.6318680518
2023-12-15,1633016.0045685011,851235.5141911297,1271660.7654168252,823085.8259127592,1188726.134076294
2023-12-18,1638429.5850622621,853303.6784517253,1275198.6698142565,825579.7438949652,1192585.6688382698
2023-12-19,1644333.1260763719,854943.9864926552,1278976.555188458,828349.6623604824,1196351.6325191078
2023-12-20,1630101.5495795985,849460.9548705351,1269279.350355613,821430.1766259265,1186334.229233059
2023-12-21,1639350.1582580707,852987.8940928057,1275347.1214791588,825671.4485599084,1193042.0060102567
2023-12-22,1641162.6221282035,854036.5149096001,1276666.884457728,826545.2482043789,1194583.3277186146
2023-12-26,1645212.3312224976,856278.7293825282,1279590.1413598265,828564.7486656418,1197951.9943837384
2023-12-27,1646832.9205545888,857299.2664559842,1280698.768562031,829147.6704725686,1199484.4935870804
2023-12-28,1647004.6692333352,857262.64458407,1280207.0621186239,828811.6326981024,1200111.3268373199
2023-12-29,1643852.3687015616,857008.9580355058,1278501.03690184,827411.2367153268,1198411.364973766
2024-01-02,1637972.79525645,856135.6616272491,1275121.8256995701,825254.7275867001,1195037.706322668
2024-01-03,1629536.3796600197,852889.0585470176,1270195.093228985,822522.399590496,1188281.420116591
2024-01-04,1626107.0114499517,851515.1252791972,1268279.4303109595,821639.501672928,1185393.7815567283
2024-01-05,1627258.6808396252,852710.439986804,1269238.1305760983,822280.3409202686,1186782.0653888695
2024-01-08,1641279.5745697785,858617.2430682813,1276804.8343888759,825893.0875631466,1199143.0583877228
2024-01-09,1639533.4282263196,858636.345050496,1276035.8780538565,825388.1049603277,1198184.970361498
2024-01-10,1645031.4849257027,859849.040603535,1278487.040097632,826476.6508336323,1202444.5605701446
2024-01-11,1644371.7617924374,860123.5904903433,1277836.394612648,825808.7410068137,1202710.0328086712
2024-01-12,1644862.7036617603,860454.1062637868,1277682.4794649445,825489.7474656168,1203685.4055991415
2024-01-16,1640921.5947561676,860914.0961645795,1277065.5843858728,825391.7194173126,1200821.1816734131
2024-01-17,1635084.2139445264,860313.4266247428,1276149.7465513921,825235.4915060473,1195298.9691564157
2024-01-18,1643820.7680315203,861501.417392723,1277350.745318558,825242.0696232249,1204022.515244224
2024-01-19,1656264.5158071793,864362.5554968489,1282841.6426338283,828691.6465911737,1213836.5038087387
2024-01-22,1658167.4844999786,865657.2047893065,1284414.4755278458,829749.2944892494,1215380.7530054245
2024-01-23,1660878.5831530388,866806.0624380878,1286085.1851947438,830795.7534875546,1217569.999640368
2024-01-24,1661765.6094413279,866739.2483060388,1286565.7649345272,831255.3845263333,1217909.6320568249
2024-01-25,1667026.1807850406,867613.3064198068,1289984.9701721766,833809.001940767,1220625.0562766558
2024-01-26,1665529.3582404715,867687.2052010819,1288911.7748853043,832899.3811386174,1220275.3278002343
2024-01-29,1673318.7585376846,869131.2246257754,1294470.1812300547,837420.3825735059,1223950.3411773904
2024-01-30,1672319.3857208225,869235.9486921411,1293706.8625060478,836631.4904006734,1223819.0111509012
2024-01-31,1655504.0200176507,865807.0594960016,1282506.140797032,828329.3743677391,1214775.4779606056
2024-02-01,1668392.6063026316,868761.9124007316,1290261.4411463542,833557.8517821673,1222863.6168009941
2024-02-02,1678855.839750702,869889.8437225197,1297232.9614014179,839482.3801444571,1227483.2613157893
2024-02-05,1674912.6660420776,870279.4274323699,1294643.5394465402,836668.3338588118,1226519.0932718923
2024-02-06,1677664.9308577164,870689.5747188379,1296406.9766973993,837938.7497667107,1227918.0681231404
2024-02-07,1685993.040142564,870917.6803216788,1302871.5351993009,843926.4381124242,1230009.7245089272
2024-02-08,1686236.9404774434,870943.1403084535,1303127.6627481943,843948.4112559811,1230022.957281688
2024-02-09,1691994.55818021,870896.4461886771,1307161.6691938736,848227.4311818762,1231699.8744189984
2024-02-12,1691326.2569859703,871151.9025713778,1307322.821153765,848249.3235711104,1231125.8776475685
2024-02-13,1676811.541585399,870950.5982509272,1294759.135190547,835914.1171792448,1228973.5438897647
2024-02-14,1685906.3138262453,871113.2561875787,1302333.1502308394,842873.8302789216,1230656.9590269695
2024-02-15,1692824.5681150246,871090.438402045,1307820.6705256677,848596.6465683302,1232064.8752353871
2024-02-16,1687429.9867790875,868869.8283179363,1303885.3217668962,845488.8430052707,1228385.0325741128
2024-02-20,1681713.1803989974,866893.0684314978,1300569.4102886505,843833.2477177163,1223932.2640010142
2024-02-21,1682402.4259147113,867546.4284690109,1301107.7761557852,844143.3501878439,1224736.5036871065
2024-02-22,1702791.1372687095,874905.5785545262,1314266.750854066,852748.2136870846,1239325.3904283391
2024-02-23,1703280.1579726553,875732.3726777332,1314748.5586487735,852467.7582269153,1240159.3974607845
2024-02-26,1699344.7680566704,875531.6476923332,1312125.3873604857,850921.9538063151,1238646.4538476872
2024-02-27,1701014.8256556052,876286.9140290357,1313109.3203708064,851361.2378074154,1240087.8447730043
2024-02-28,1699461.8523379136,875953.420780557,1312011.8166470272,850495.8076723302,1239298.881930613
2024-02-29,1702893.6041955538,876756.2379679715,1313605.3297137823,851474.8760893603,1241939.9379089125
2024-03-01,1712231.0065079464,878331.3250733232,1319473.803285134,855445.656246681,1246983.9537553051
2024-03-04,1710918.0359214593,878603.3109595585,1318685.0197301856,854889.4028220917,1246731.7526100017
2024-03-05,1700456.0227396628,876714.8291847229,1312502.883562677,850599.04257537,1240563.3938208781
2024-03-06,1705389.0518346778,877769.2513678065,1315350.9423482711,852410.2415814633,1243702.7863133824
2024-03-07,1715307.058435077,878997.1478304074,1321476.0458058403,856903.8546181414,1248723.5859188137
2024-03-08,1708908.7554127288,878666.7744583839,1316864.5524594276,852950.7889500502,1246606.4028708544
2024-03-11,1707815.8230404702,879050.8327413215,1316202.2278894968,852444.9460932713,1246559.8533514643
2024-03-12,1718614.5554344072,879914.5675758154,1322578.3624705952,856511.04485956,1251846.1859987967
2024-03-13,1716780.426955269,879931.1023301682,1320650.9667471326,854700.4473998358,1251955.987997474
2024-03-14,1714526.4237127402,879838.7247579531,1317884.0604649414,852068.7648027819,1252376.5134649214
2024-03-15,1707235.2372863512,879746.3067786787,1310241.123596076,847980.5309263868,1252635.8459281232
2024-03-18,1712966.9141302616,882550.2800320149,1314370.8224602938,850855.1138829002,1256948.7238899348
2024-03-19,1718345.492468272,884747.0439623145,1317917.3729216084,853127.8073498525,1260977.51569693
2024-03-20,1727489.7891509794,887469.4118431276,1323459.4201671062,856986.6687267576,1267302.1330149525
2024-03-21,1730651.9088414435,888243.172969281,1325100.5230674664,858030.528828176,1269596.91093121
2024-03-22,1728498.4569819795,888035.9144653187,1323644.1971791098,856722.9625715842,1268692.5264561404
2024-03-25,1725462.2951104555,888173.4650586804,1321930.9625721285,855370.674098294,1267507.149784959
2024-03-26,1723367.4213834198,887812.1155452316,1320293.1590625392,854068.6124810108,1266688.7300540637
2024-03-27,1731707.3401320085,889677.1805403687,1325413.0178303816,857419.0155307325,1271773.8550299474
2024-03-28,1731299.380993219,889496.5452196882,1324720.18774849,856932.3183291331,1271878.0906523694
2024-04-01,1729302.4810124452,889848.2098945882,1323692.8263285072,856121.6368731214,1271260.2167664778
2024-04-02,1722578.7815878273,888478.9353158756,1319919.900318503,853545.9792155297,1266940.1687731517
2024-04-03,1723484.6100386127,888867.3478807362,1320328.1730603077,853768.4864868438,1267826.1370469932
2024-04-04,1710837.2331435543,884196.8129684709,1312662.4336637869,849249.0845810107,1258173.96463619
2024-04-05,1721138.4297196774,887725.6179301578,1318485.4836320798,852610.4160527478,1266180.9162057072
2024-04-08,1721494.91517422,889242.2030484662,1318908.282177356,852536.7845071682,1267631.188233282
2024-04-09,1722459.7249035195,889757.6801286456,1319777.7218810362,852993.7103870204,1268242.0353390805
2024-04-10,1712048.0730567202,887082.4229164002,1314117.0322123016,850121.7927938476,1260815.8159487704
2024-04-11,1719446.1488066732,889804.1857156649,1317612.9364186632,851276.7928942423,1267439.750291627
2024-04-12,1705209.54501724,884892.3487190017,1310679.5151625383,848678.4712590354,1255224.7307616556
2024-04-15,1692444.0872201982,878657.9906231347,1304078.1093691513,846990.503339997,1242826.3206621334
2024-04-16,1690427.0350826753,877984.7070789521,1303325.121745177,847620.3696267826,1240888.9726044023
2024-04-17,1684369.5707059628,873374.0735225438,1298716.9831350711,847004.686944756,1234829.0132813877
2024-04-18,1682136.6770502902,871147.2128077194,1296474.9263641713,847690.324758304,1232611.31568179
2024-04-19,1673372.397764281,869077.6701041714,1293331.1990642506,847387.3346292572,1224921.2209921535
2024-04-22,1682369.9225287698,874988.481203306,1299966.409916264,851897.4815973346,1233092.519666885
2024-04-23,1694134.3318923563,879408.9571005024,1307440.4929997344,856538.8287728583,1241803.3218441973
2024-04-24,1693438.1554092162,879619.6114739764,1307113.2537751882,856209.3880887495,1241645.0389590776
2024-04-25,1689348.8020344393,878192.1521584145,1304132.978972875,854178.510299772,1239108.501071052
2024-04-26,1698770.5748485844,881500.2351498804,1309985.361849227,857685.4720875283,1245985.9740003108
2024-04-29,1702193.9792777558,882981.4552357683,1312342.3376030074,859135.1490512495,1248533.62276159
2024-04-30,1685664.2549592617,878291.2102976094,1302348.56237509,853123.104206377,1237307.4287328538
2024-05-01,1682160.5701233651,877756.7779567274,1300227.1720982026,851809.320740466,1235390.7018329632
2024-05-02,1691400.1848996652,881192.7795265152,1305704.463632279,854660.0270918021,1242589.0266449745
2024-05-03,1703830.603636217,884645.5933731778,1312591.6642583902,858211.2682764751,1251585.058602078
2024-05-06,1714281.7350739487,886012.0141223157,1319190.8992718356,863213.6605326273,1256803.3757755016
2024-05-07,1715221.0618985703,886168.3773345095,1319703.6471070205,863400.9482221045,1257386.3179771323
2024-05-08,1715109.84093512,886317.9591480452,1319379.917368025,862798.6584666709,1257748.408566213
2024-05-09,1720915.9980779956,886474.2416400658,1322879.513494718,866021.6911447358,1260211.2520744163
2024-05-10,1722057.283365776,886505.7744666671,1323675.5042648548,866514.6643601623,1260588.0794186615
2024-05-13,1721986.2829767244,886773.203411214,1323771.2219800246,866629.5090106495,1260688.7902589869
2024-05-14,1726600.6229905756,886706.9103452421,1327271.4172933553,869796.8193409625,1261736.6418935354
2024-05-15,1739475.3509705958,886697.87574489,1338658.4282383793,881193.0673844204,1263215.3243281795
2024-05-16,1737061.3963765125,886651.7250018623,1336188.6328849145,878611.1324716893,1263225.0143445334
2024-05-17,1738383.928503281,887542.5387978952,1339762.952058501,881911.7644691197,1261864.041093748
2024-05-20,1739324.7244208371,888376.8718772598,1340782.6717679962,882410.1267636972,1262539.911720466
2024-05-21,1741568.3895702304,889561.1730033804,1342126.1960949781,883104.9158167446,1264624.353668998
2024-05-22,1738467.1905529946,888341.3558058799,1339937.3255282966,881576.033557269,1262492.2080209428
2024-05-23,1730946.1511765963,885197.5781363596,1334782.882411691,878324.7301396888,1256981.8340916298
2024-05-24,1737307.3079675178,888657.5751321013,1339018.0048529282,880800.4361684802,1262567.865437056
2024-05-28,1737794.1508267783,889338.535997476,1339766.2838759273,881303.0959406586,1262987.3901386922
2024-05-29,1730575.2655135696,885875.6284503362,1335212.9429158447,878590.248937445,1256858.938238426
2024-05-30,1723771.7890737418,882544.2306886909,1331030.7986193667,876287.9601587874,1250906.2083334313
2024-05-31,1732550.302336108,887243.9261287015,1336477.117524203,879440.7259167705,1258938.0981309717
2024-06-03,1733150.546683302,887799.753130618,1337076.875318232,880247.1739861066,1259494.411686053
2024-06-04,1734052.6785409744,888168.0809031872,1337575.832768865,880557.664002296,1260265.9138656617
2024-06-05,1745702.2035644962,892387.4974668187,1344536.3141838377,884478.1813340476,1269174.3740378423
2024-06-06,1745471.2874050664,892795.2095658828,1344502.0182699002,884367.3272123253,1269385.4658914143
2024-06-07,1744031.6475983532,892910.1823310687,1343545.1044621249,883675.1958351845,1269017.712657662
2024-06-10,1746935.6820342096,894093.9592749961,1345468.2039168105,884758.7294495953,1271182.4245827603
2024-06-11,1749160.205172258,894675.854136111,1346513.4040085538,885207.6613060925,1272943.6424901802
2024-06-12,1757277.348625091,896352.8631786203,1350197.1112693064,886925.6755255833,1279054.08772477
2024-06-13,1759123.89184764,896566.336974994,1350757.8243680503,887006.5876442047,1280553.3916449486
2024-06-14,1759535.0247587843,896523.2476719161,1350666.1041162321,886687.5257151267,1281013.1555048334
2024-06-17,1767481.7218486825,896924.0995362182,1356545.088988597,891631.5500812696,1283481.7195866688
2024-06-18,1769894.9655783148,896953.2819476449,1358370.570904533,892853.4849410327,1284098.6638117922
2024-06-20,1766868.0416348844,897048.198975699,1355814.1191661921,890411.9872198259,1283723.1086347562
2024-06-21,1765270.503966773,896287.9999211908,1353241.1871703244,888210.4092417473,1283938.3039080047
2024-06-24,1761808.4662001145,895689.5098070456,1351755.8585560247,887218.243617333,1281282.468964287
2024-06-25,1765435.1338140294,897411.4130691064,1353955.8476792718,888592.8803176433,1284431.0507170155
2024-06-26,1766472.3067215711,898297.0496672543,1354721.0460288567,889040.049129487,1285588.6618731206
2024-06-27,1767840.1473546454,899124.3046100424,1355536.8639694406,889534.6029381664,1286967.9395083988
2024-06-28,1763680.0409830196,897672.9644027294,1352860.0854674103,887794.8590161128,1284033.2714314905
2024-07-01,1765525.0533237725,899611.8660986945,1354416.1887982665,888716.1597243128,1286261.0821373523
2024-07-02,1772053.3697210234,901774.3694324237,1357809.4753716025,890464.7277188413,1291558.6152949962
2024-07-03,1776341.078652227,902802.4168030908,1360074.8551918864,891770.6194916563,1294608.9917765833
2024-07-05,1781969.1923572696,904067.030544756,1363260.7263683733,893798.3890317143,1298315.8480468043
2024-07-08,1782932.6623712578,904702.8135673993,1363932.5015094886,894240.0062359283,1299243.32594232
2024-07-09,1783712.4990015624,904930.1666173281,1364340.8597937147,894349.6061699803,1299842.1573383275
2024-07-10,1793601.0902611837,905264.4385098191,1370953.3189574946,899960.4977629534,1303452.5613266598
2024-07-11,1784500.4136517302,905148.1449741044,1364475.8977809306,894247.2470064899,1300713.0123580555
2024-07-12,1790734.5135599426,905534.19514756,1367842.8914281554,896907.1518223211,1303966.168792499
2024-07-15,1793350.6315926868,905819.7281334191,1370087.0043537286,898660.6665477632,1304623.7068855288
2024-07-16,1799253.9292938083,905829.7197943013,1374597.7125216261,902811.7520630611,1306026.2880796352
2024-07-17,1784496.682001693,905745.6766256494,1363231.6567772632,892556.0522602575,1302551.053363231
2024-07-18,1776424.0380454874,905635.6635579136,1358917.590495152,889672.3077262593,1298682.4626214006
2024-07-19,1769471.860590224,905136.6675745831,1356908.6283508632,887520.9798243425,1293240.2513270956
2024-07-22,1779570.2508633658,910117.3075274983,1363906.248978408,892448.0163880878,1301231.8882202494
2024-07-23,1777773.8501192068,909770.2755287257,1362809.9430961213,891784.9436994332,1300184.7613596045
2024-07-24,1754702.0371918923,897816.2601912711,1347262.3715684474,881915.1666022651,1280706.5046225092
2024-07-25,1749353.6435445698,894448.3376182423,1343343.3699409994,879539.87844727,1275909.1900296062
2024-07-26,1760125.908695808,901587.6790442881,1350704.5508508054,884512.0246932064,1286459.6156970842
2024-07-29,1760496.9574885324,902560.6917747632,1351780.955262178,885356.0998315962,1286727.272808911
2024-07-30,1755257.8434795637,899285.3504199476,1347968.0750542,883080.4777925862,1282025.6976531048
2024-07-31,1771093.821148996,907684.0409317419,1357997.6211616034,888724.752417037,1296230.819726928
2024-08-01,1756673.7709897426,900300.9566334619,1349056.818279361,883854.5876301308,1283368.488151637
2024-08-02,1738046.4297802208,886968.914062306,1334853.6664935313,873779.7024441429,1265612.2561567887
2024-08-05,1709564.2574082841,863318.1277032397,1310971.5971006905,853852.1232269909,1237361.3668186269
2024-08-06,1718040.9687843865,871202.0003543668,1318772.8118457254,862500.3505391041,1245920.7361008213
2024-08-07,1711471.7327992858,865196.4997851802,1312760.5181182646,857283.3958387009,1239358.293273995
2024-08-08,1733099.8210554936,884300.4432361291,1331758.6696839998,874219.1157390762,1261092.1734154164
2024-08-09,1737150.038498025,888217.1839576345,1335630.552882397,878030.1782210718,1265187.248381056
2024-08-12,1737447.9626097425,889020.37216652,1336424.499506569,879083.9278330889,1265494.4140774868
2024-08-13,1753210.4039288904,902744.2756674329,1350115.5199424927,887248.7741017889,1281289.738461624
2024-08-14,1756113.0663177245,905932.064863876,1353242.4860614613,889631.1856674193,1284253.2239279328
2024-08-15,1772877.371331318,917450.2167475924,1364732.053208759,890711.0738218767,1301046.113677945
2024-08-16,1774923.5714725319,918537.7429137814,1366319.085872,891328.7501721715,1302592.8073221066
2024-08-19,1784273.5085066692,922036.3484264754,1372674.5493189218,895892.3768862479,1308994.0230681666
2024-08-20,1782420.339226384,920873.6866911275,1371265.6124892733,894801.0994308903,1307387.1288821818
2024-08-21,1785672.5438126994,921633.5589902571,1373562.5660492317,896360.3478649769,1309102.2522076685
2024-08-22,1777522.9938004434,918996.7385268516,1367942.7992194649,892290.3575544301,1303935.6485617736
2024-08-23,1787973.2270657527,922579.2331541413,1374588.9775381815,897078.1128858922,1311322.1981356558
2024-08-26,1785344.1561427354,922802.6710404523,1373193.5138592096,896007.5038937153,1310312.0287779216
2024-08-27,1786521.5615463231,923436.928710147,1373850.2692532581,896280.3635738734,1311466.9364571555
2024-08-28,1780428.373050984,921314.3062393812,1369790.2985519613,893345.4250733505,1307311.0961923474
2024-08-29,1780306.678361414,922240.1625733469,1369590.3920955462,893008.938419784,1308315.1642931583
2024-08-30,1789710.3378717413,924825.1006119445,1375077.4165566387,896697.7309677913,1314816.7373809903
2024-09-03,1768579.4526015816,918061.464362914,1362400.8035777863,888489.5267323684,1299598.8288406525
2024-09-04,1766337.0605092521,916971.4235563534,1360608.552320607,887352.9331468968,1298058.6471989423
2024-09-05,1763715.296830286,916470.9766373951,1359247.9083438832,886794.323481709,1296297.0805777418
2024-09-06,1746823.6985600037,906784.1625726372,1348442.9269052143,880523.1595734244,1280523.64968137
2024-09-09,1757534.110891648,914877.2030098268,1356539.3889921051,885822.7991453942,1291230.6403633133
2024-09-10,1761623.5508000574,917538.0711361275,1359406.7110505276,887279.3407487127,1295113.626339601
2024-09-11,1771576.0108763876,922253.2022883457,1364908.747880037,890240.7832879962,1304279.18073864
2024-09-12,1779796.7543646311,925817.2605049489,1369639.8348391987,892447.115530791,1311332.8954843248
2024-09-13,1784859.988417537,927261.1177844238,1371925.921967329,893507.7825343106,1315553.8996885754
2024-09-16,1786153.2707072368,927989.8528934713,1373061.3643786623,894151.8201699161,1316440.4746759892
2024-09-17,1786363.663652457,928041.1018630676,1373356.5121525084,894311.5322412238,1316406.96881696
2024-09-18,1783146.4849333619,928641.1722765702,1371138.908760435,892237.2326310587,1316007.4639034406
2024-09-19,1800224.7216825644,929382.3403748779,1378860.2283607055,896750.2554674549,1326105.5491506807
2024-09-20,1798239.4631439855,929888.2457643871,1376753.7648085519,893847.9044672351,1326732.6595537644
2024-09-23,1800534.848056918,931791.1924544747,1378684.6766258636,894936.5261792222,1328916.7208060976
2024-09-24,1803199.6339989582,933047.156853267,1380372.081677582,895962.2992245932,1331150.066095212
2024-09-25,1800778.6655304525,932457.0660178538,1378904.876826141,894895.49233931,1329606.2116427342
2024-09-26,1804551.9157512446,933614.3371454868,1381473.9403905394,896789.2084493553,1331967.669426761
2024-09-27,1802887.6609949823,932549.5694053783,1380077.2084322511,895773.994650872,1330635.3788886783
2024-09-30,1806713.794148754,934594.3337713922,1383050.0660004904,897832.9728146708,1333533.4188402249
2024-10-01,1797476.706441722,930726.5052759298,1376572.8661728352,893289.1729702812,1326905.7024653857
2024-10-02,1797707.067225161,931262.5829449086,1376710.2679046523,893421.2686067177,1327534.739185986
2024-10-03,1795684.9130055094,930390.2298523104,1375325.3375207228,892478.6425754349,1326025.1622576662
2024-10-04,1804573.3625163059,934624.4408211589,1380792.1842585853,895695.2348207154,1333680.9759994484
2024-10-07,1795265.5797351536,931551.59277382,1375400.9902932616,892582.498347292,1326691.5391362812
2024-10-08,1804523.7277681353,935317.2988859725,1381144.0392011618,895597.5202376272,1333972.3443735149
2024-10-09,1811317.936821832,937317.081590435,1385240.314122974,898349.0036256204,1338670.0612098621
2024-10-10,1809348.3446554053,937763.5873535273,1383703.9707149179,896853.367357898,1338683.3182145834
2024-10-11,1815227.5550081548,938900.3905472234,1386418.9236127976,898261.4237594702,1342984.3788631498
2024-10-14,1823376.459108477,939883.0689403603,1392139.4685024526,902681.6750342131,1346395.416466954
2024-10-15,1815195.0241368422,939885.6912993984,1386355.0149338306,897729.3688937824,1344001.057422979
2024-10-16,1819437.1267871263,940039.2903059558,1388148.9997036522,898594.8147640508,1346602.774309999
2024-10-17,1819332.9139974043,940048.0099916996,1387524.456423901,897465.8535020871,1347131.8244857718
2024-10-18,1823082.5361089725,940445.0074484169,1390986.175408455,900067.2683841551,1347816.7250695033
2024-10-21,1821248.7840312195,940211.6181094509,1390114.7823383426,899656.7178506698,1346527.6814269014
2024-10-22,1820526.6313894219,940060.3238418009,1389651.193721293,899371.7416486209,1346117.8231345029
2024-10-23,1811217.2742188699,935579.316469444,1383225.173248284,895069.4456647662,1338753.479064603
2024-10-24,1813163.850789508,936881.2964482389,1384552.5677890987,895791.2805228466,1340674.6410732213
2024-10-25,1812629.904854111,936329.3999664604,1383886.4002399007,895189.3198838157,1340254.966205244
2024-10-28,1815500.047566901,938332.1940059387,1386211.3421133053,896923.0768284651,1342802.9610841079
2024-10-29,1816916.1714218648,939157.7188938141,1387460.9640200147,898391.0259854381,1343794.9879202377
2024-10-30,1813713.6329152875,937783.4783573898,1385434.8199321982,896429.4262856347,1341244.3529650527
2024-10-31,1794072.1515749658,926414.8346803349,1371652.7566003874,888007.4240066912,1324016.2912794868
2024-11-01,1797992.9736639892,929352.7324798869,1374604.8641711348,890018.7317103865,1327922.9035973146
2024-11-04,1795704.536204902,928619.322318776,1373594.3918376928,889985.5881298678,1325911.5283105588
2024-11-05,1807306.0158949236,936317.6831423799,1381728.396294001,894843.6905489455,1337077.3643678757
2024-11-06,1831651.5953723886,949535.0659370564,1397163.98616069,902584.3956055066,1359204.7367733284
2024-11-07,1839284.4649061537,951517.0956739986,1400653.7365138652,904120.2531976632,1365329.8856908605
2024-11-08,1843513.175041155,952085.1979089708,1402370.544380966,905037.6429346378,1368409.890193733
2024-11-11,1844303.4377715928,952607.7578473964,1402802.464722036,905183.2332568683,1369290.7925215263
2024-11-12,1840937.1277923896,952678.2042679414,1400555.494323249,903294.5943646973,1368241.8993616556
2024-11-13,1841248.5723197355,952781.9953329735,1399567.6373495115,902264.581569972,1369644.991927771
2024-11-14,1834494.9458709366,952767.4253593574,1397176.1989901867,901219.2050096558,1365268.2338646809
2024-11-15,1821309.561677377,952898.4622203074,1397121.5836515813,900899.5671887742,1352268.5018706764
2024-11-18,1825222.892267518,955179.4206245106,1399888.3543073419,902868.6054386601,1355598.4805266936
2024-11-19,1828709.1305970575,955836.5329691821,1401793.6465161284,904116.9872110195,1357836.5389921183
2024-11-20,1828866.3905990515,955354.7328081857,1401598.2917181803,903915.604391169,1357707.3536310638
2024-11-21,1834093.9485920295,957281.8462228593,1404904.312470952,906120.2409320262,1361556.004285944
2024-11-22,1837051.1127416033,959125.4508473342,1406490.8071229723,906849.6789383092,1364770.278407972
2024-11-25,1840315.4776582466,960969.0249368581,1408832.0191184068,908342.1043433889,1367537.0054187048
2024-11-26,1845457.650122103,962243.1274920208,1412151.3238299,910638.2114314432,1370633.975726231
2024-11-27,1842166.0790085392,961916.2057121675,1409599.1880473471,908513.8707437911,1369567.6186153665
2024-11-29,1848332.4413745948,963130.6198401207,1413566.8069223296,911486.4593017513,1372980.776234393
2024-12-02,1849998.2033640556,963885.6340050055,1414777.6350290948,912323.2040636272,1374190.7242819732
2024-12-03,1850298.1145047434,964142.7314795165,1414745.6368949166,911984.8727159163,1374779.73103135
2024-12-04,1856521.9095809662,964647.2538734959,1418942.6700899801,915456.5157540364,1377311.015306489
2024-12-05,1854636.6812140923,964710.505529704,1417410.8245560476,913917.6458588019,1377020.8841297557
2024-12-06,1856421.820389394,965116.5858219545,1418343.0244964547,914484.6769538962,1378279.9036569006
2024-12-09,1850899.8165316517,965099.2835650565,1414553.5019615968,911292.5445168461,1376530.1200771183
2024-12-10,1847512.1133355424,964965.6794992825,1412238.4111770159,909270.3443945916,1375323.903599816
2024-12-11,1855289.4066542995,965541.6121288799,1417151.7634317395,913072.4859779226,1378763.777293447
2024-12-12,1849767.5209325205,965461.6156102677,1412949.0796855055,909361.4157798626,1377364.5787992897
2024-12-13,1849384.482225364,965593.2675781273,1411899.9711570665,908198.796948357,1378162.3005884322
2024-12-16,1853610.4652554672,965823.2761019196,1415057.012981499,910800.3713861038,1379461.2503178946
2024-12-17,1849164.01905071,965737.2312386837,1411703.1767807435,907979.4031657111,1378282.595450657
2024-12-18,1818238.7502881172,958254.38764173,1397562.4871591008,895005.1810928704,1354015.1727127538
2024-12-19,1817752.817801109,962100.7080389028,1400718.7043709522,903064.7915078765,1354219.3434110666
2024-12-20,1829592.5935719153,958842.4036052506,1395354.92016151,900533.6844449351,1368164.598957663
2024-12-23,1835403.0502993003,961851.3310081104,1399214.5432531303,903252.4804340913,1373024.4042337046
2024-12-24,1846406.7668220336,965610.2693011041,1405459.1014271122,907175.991732948,1381542.5008754495
2024-12-26,1846296.8291929038,965868.9432399017,1405513.4860666324,907228.7247511842,1381636.8525455976
2024-12-27,1835410.8592494035,963243.6538338363,1398711.4562747441,902630.4498057419,1374927.62298792
2024-12-30,1823746.6535480646,959860.4921370612,1392418.2556453715,899354.4837120983,1366173.4562191786
2024-12-31,1819948.8893596309,958765.5775122924,1390440.0504413177,898530.639570351,1363258.9826100299
2025-01-02,1817340.992167501,957475.4782871411,1388745.4402727974,897798.2590687177,1361055.596361269
2025-01-03,1829534.7354847153,963707.7634080418,1395881.6179803065,900956.8675042,1372345.4470918751
2025-01-06,1835130.9794365303,966056.4408911834,1399217.8056784207,902458.727876055,1376954.180828717
2025-01-07,1823574.2776574711,962121.1804654228,1393298.0286602066,900049.2803958792,1367381.9956421116
2025-01-08,1824856.96706358,963030.7860893859,1393853.8727913364,900309.8130572985,1369018.4465410537
2025-01-10,1809460.139300052,955648.3150833412,1385746.6481804806,898199.2315076208,1354346.3723823368
2025-01-13,1810810.5676371048,957410.0731751991,1387446.735869478,899209.5420471583,1355758.47112225
2025-01-14,1811991.681722244,958590.8893294809,1388650.972762947,899697.9840318409,1356916.1644682023
2025-01-15,1829733.501880337,968871.7024422958,1398828.1353888633,901230.0832395749,1374761.6351131941
2025-01-16,1827632.981950857,969654.376156155,1399544.0269390964,901206.7628812764,1372727.89734734
2025-01-17,1837508.9014304925,969310.578312671,1398640.1679005655,900033.3370708101,1383163.8780220225
2025-01-21,1846490.477998422,973729.7723703559,1404784.4100323874,904247.3160817022,1390328.1771334498
2025-01-22,1851991.645255144,975435.0033594745,1408341.6474683234,906670.0820205682,1393977.3379433542
2025-01-23,1857358.6458403033,976739.1667448622,1411902.2581606642,909204.004869743,1397087.89122156
2025-01-24,1854207.9083411577,976253.1493973844,1409363.4607464415,907073.2485023807,1395989.9337891592
2025-01-27,1839644.7573827428,970948.8009446913,1400095.2419973114,900879.2144996824,1385390.6531271813
2025-01-28,1848090.8874349385,974537.0747749186,1405572.755853719,904540.0538420083,1391947.543153197
2025-01-29,1843384.049620988,973118.1213546083,1402443.2310901564,902808.4674973651,1388951.2766824989
2025-01-30,1848616.9736297883,975500.3128142655,1405989.3192171925,904796.4475548011,1393020.3040239199
2025-01-31,1843056.5145745045,973494.2751220544,1402212.9536089809,902296.6311921999,1389230.1728846366
2025-02-03,1836107.1649820656,970572.7910848239,1397884.814433265,899736.1426834201,1383687.4784306835
2025-02-04,1842645.337986875,974460.2596208099,1402266.0523342234,902204.1534261501,1389731.8820705204
2025-02-05,1846556.2471821508,976531.3925377445,1404505.7225705343,903282.3439710594,1393474.25394642
2025-02-06,1849898.3978105618,977919.566648171,1406333.3792421161,904042.118819315,1396376.9220136758
2025-02-07,1840438.8573864351,975430.9841987691,1401066.9506533667,901142.919578165,1389695.2277288963
2025-02-10,1847093.865486538,978725.5029800781,1404903.4506649566,902842.647008966,1395808.2545987186
2025-02-11,1847691.5313979802,979163.3043278116,1405248.5536209992,902864.4879178596,1396498.6189018516
2025-02-12,1844256.0970715876,978769.9360361893,1403720.181306921,902158.5557298872,1394198.1885979148
2025-02-13,1854743.4020138488,981050.1479504849,1408329.853879618,903888.5260093042,1402356.0328817747
2025-02-14,1854520.84712404,981511.1181192952,1407535.5554728792,903066.3032460401,1403388.7465675152
2025-02-18,1857343.6339865567,982352.7600010084,1408528.4343969203,903199.2210533598,1406060.2963877039
2025-02-19,1859581.1033861968,982421.3541131075,1409255.8691200623,903397.8115351256,1407638.9251763006
2025-02-20,1855141.6794324387,982437.6118629221,1406422.7683409667,902444.1101307056,1406048.8597514532
2025-02-21,1837498.4653840247,976569.0017793265,1398039.3354294114,896780.2452692911,1390920.4685309988
2025-02-24,1832776.343888597,974090.2115857012,1394807.2830064176,894911.9906965529,1386861.611225978
2025-02-25,1827653.8829947123,970986.7276805837,1391050.2082523177,892580.0770898208,1382392.7411810753
2025-02-26,1827982.2043533253,971122.0319309602,1391266.4522635057,892930.542147157,1382640.1227788767
2025-02-27,1811991.8781483409,960042.0522054681,1379339.5049647,885001.390814573,1367496.7641472057
2025-02-28,1827038.141369748,970760.8769607847,1390404.853727973,892353.3350278258,1382196.5033606566
2025-03-03,1809514.4624158957,958561.0410944622,1377660.3025774364,883934.1242898148,1365217.5396910184
2025-03-04,1797824.8631770704,948813.2599997018,1367608.9264424392,876727.2735066423,1353831.53549243
2025-03-05,1807987.0290666663,957542.2012403973,1376329.3004240827,883346.654396506,1364002.268641078
2025-03-06,1790563.2611176104,942643.2733007874,1361368.5725296028,871381.1332050252,1346640.300646892
2025-03-07,1795741.6707335825,947226.0190669876,1365900.3703700663,876202.0875018451,1351869.6581886006
2025-03-10,1770000.3401399343,924568.8132568677,1343308.4198289444,856224.6586432974,1326063.0723259547
2025-03-11,1762060.7880983283,917560.1094530534,1336320.3881714921,849760.2615809455,1318102.8481379866
2025-03-12,1766805.7079391407,921424.9529535405,1340157.0149597707,853985.0459725987,1322875.9846910075
2025-03-13,1754215.4897638774,910020.2514386028,1328788.8594253184,842403.3141020632,1310249.2205352583
2025-03-14,1773028.457257667,926673.7658081846,1345386.0477816425,859216.6589059797,1329118.5140423062
2025-03-17,1780090.5005535497,933257.6407196636,1351948.0676259156,865825.7236181912,1336202.4124053945
2025-03-18,1769700.497492488,923897.2175328999,1342618.1117551276,856426.207629612,1325781.9420283572
2025-03-19,1779712.5755245748,932824.0115185776,1351506.6347748656,865535.7663147878,1335832.2910263836
2025-03-20,1776806.4095669645,930658.9869149912,1349348.0194860245,863147.8325753324,1332919.715754028
2025-03-21,1776945.017164718,927388.489140087,1347721.1657180209,859259.5438273137,1331414.6793448809
2025-03-24,1794681.7028956504,933905.2118785426,1359849.5383144268,867980.896778621,1343434.7410577454
2025-03-25,1796956.7434342995,934982.1010119019,1361265.499831364,868703.3179534257,1345370.7092128163
2025-03-26,1784603.520058146,931510.972122455,1353087.0277772942,863028.7283899109,1337724.829001286
2025-03-27,1781754.22430625,930648.1790122725,1350971.0743591408,861655.5326306105,1336128.6935573607
2025-03-28,1761333.2609550217,921385.3431784604,1337150.490597352,853029.2436785074,1320265.4781341092
2025-03-31,1767775.1997771629,924840.5167164553,1341161.474436109,855342.9265025989,1326151.6066554885
2025-04-01,1770404.4584431134,926507.3316939881,1343270.1441381346,856527.3942307492,1328339.0105969459
2025-04-02,1776527.2879015086,929193.86266571,1347208.3829605528,858756.9912287856,1333210.132204645
2025-04-03,1727026.9754915258,900310.7098395394,1313416.6481642546,837814.5631638737,1288618.4017647896
2025-04-04,1671143.7030139256,850545.5018134573,1263697.2053892426,794971.1036006121,1232689.3640361195
2025-04-07,1669375.7807624494,848653.7020900268,1261887.191593728,792804.6636776226,1230839.6558567272
2025-04-08,1655196.1137187392,836113.5843981495,1249348.7550188387,781473.3881365415,1216658.307696029
2025-04-09,1747474.0823712226,907331.5260749955,1320625.8341264785,842184.3123715429,1308877.1389177185
2025-04-10,1704676.207945906,880490.7512912531,1293439.4413408665,822496.988670859,1266424.8824942722
2025-04-11,1721100.1931548156,895174.9576094896,1307869.8482219176,835219.9743530087,1283102.6671403665
2025-04-14,1730112.7212464793,904273.247597852,1317095.7479264708,846472.3623278309,1291987.5855158395
2025-04-15,1727262.9310716568,902877.5426579532,1315398.7147298432,848307.8167636697,1289439.123597746
2025-04-16,1705901.8152071226,882754.253479569,1295461.6829792294,830595.1533793868,1267891.7503054412
2025-04-17,1707059.347099508,887077.526406144,1299142.0101982243,834337.0448749708,1269692.2279054066
2025-04-21,1683084.8174743687,875460.9492924307,1283229.4960123613,825175.9883849707,1249860.2484925305
2025-04-22,1708311.4993004515,888570.5409260369,1300390.9675838063,835873.3830255421,1271035.0503807748
2025-04-23,1723659.7019607502,895575.1367082745,1311292.568281584,842894.1837490441,1282486.248125533
2025-04-24,1744897.2149044948,901796.8556614867,1325472.2914094762,852697.9524969137,1295765.7568945978
2025-04-25,1752228.9491983452,904546.2283796074,1330309.2544174497,855681.4738381922,1301009.9008985953
2025-04-28,1752455.6101199985,905707.7774316538,1330877.9281773972,855828.1443016799,1301829.4371123472
2025-04-29,1758875.5662471165,907213.3752000483,1334774.0816010851,858558.6129491623,1305858.837584172
2025-04-30,1759121.498631009,907730.9135963814,1335697.6539361668,858366.1032171026,1305698.7360293162
2025-05-01,1766414.9250625644,908583.030737242,1340289.0908605242,862969.7916264036,1309252.8426773746
2025-05-02,1781991.1158516847,910300.0445282129,1351288.2395024872,872466.5716016837,1315546.8986155028
2025-05-05,1775645.0007979937,910877.4795305075,1346557.2227299185,867348.566061443,1314509.235336675
2025-05-06,1766525.509295408,910419.5053290471,1339142.0761263557,860610.2604491508,1312346.9162361915
2025-05-07,1770817.6291977174,911015.827017606,1342466.7676364202,862737.6769859116,1313910.6663169956
2025-05-08,1778073.0717087274,911561.6156121211,1347203.9950527274,867077.4668627684,1316974.6700062137
2025-05-09,1776533.077100758,911801.1821156209,1345277.7446153485,864989.965972367,1317600.492339123
2025-05-12,1811789.49249035,912286.9410132747,1375347.3735734937,895345.588320204,1323273.0376682235
2025-05-13,1818930.9844676564,912217.1021268191,1382023.8423123034,902602.8671026547,1323668.2220202645
2025-05-14,1820183.4606300783,912207.2130259629,1382967.0167275998,903282.1319920435,1323967.6346665337
2025-05-15,1825463.0298521784,912175.2006962241,1387496.9144602604,908461.5317211878,1324685.2938262345
2025-05-16,1832395.2149823708,913819.3451072082,1394843.9310498405,914545.2434689,1325914.6067778312
2025-05-19,1833317.4193387271,914111.9399369794,1395382.6881316141,914920.9065247886,1326490.184707215
2025-05-20,1829779.6242571957,913260.7659293935,1392925.3857306433,913160.2730250056,1324558.5180190685
2025-05-21,1812795.373062944,905163.4738496803,1381430.1194274207,905478.236220787,1310972.241048326
2025-05-22,1813010.342751379,905622.7750376086,1381503.082028557,905633.8686551044,1311573.5493235528
2025-05-23,1806140.45607101,901267.6144810419,1376434.3874020916,902050.4354552513,1305417.1967130827
2025-05-27,1826231.0584981386,913836.2666633865,1391070.3794796471,911654.6008749267,1323440.4592450003
2025-05-28,1820303.3128256218,911527.7988341749,1387370.0448140427,909790.3827755016,1318904.5804088763
2025-05-29,1824035.6208731786,913404.441568512,1389730.6488051144,911211.9602715897,1322152.9271996985
2025-05-30,1822753.0307064187,913194.5988073288,1388696.3372187396,910436.3946742632,1321694.8058581303
2025-06-02,1828168.14528823,916381.7166823545,1392426.5514399908,912626.4171031255,1326566.8240937162
2025-06-03,1833684.4152608549,919046.4295105361,1396078.0798066705,914712.9612460088,1331096.2785278428
2025-06-04,1833242.8559481602,919303.8981418426,1395867.9687060942,914626.9936325443,1331122.298947031
2025-06-05,1828223.8223424212,917575.6911325972,1392911.3896556743,912984.2980277408,1327331.6373824663
2025-06-06,1838300.740761807,921917.4338049244,1398703.4251512676,915750.587586734,1335958.2629785864
2025-06-09,1839037.2866149177,922892.7110483819,1399297.1034052097,915915.7798720277,1337076.407821212
2025-06-10,1844586.9281391064,924243.7075475119,1402116.4023004519,917184.4300368512,1341157.746949289
2025-06-11,1841520.0506946633,923685.3995038925,1400110.9994447231,915689.4160036535,1339537.964316955
2025-06-12,1845369.850984034,924397.8801875364,1401758.2284767972,916381.6392752952,1342453.0162578954
2025-06-13,1833837.7324970535,921572.8241239276,1395750.206791379,913640.2255984547,1334103.8633927244
2025-06-16,1843224.348012599,925416.4672646888,1400294.4812531322,914923.5479857293,1342789.8475872779
2025-06-17,1834385.0059559282,923465.0434569903,1396814.0847444828,913866.8653901399,1335479.4782315583
2025-06-18,1834061.1475257624,925478.7813344032,1397827.044340095,913805.2627031624,1336156.398083193
2025-06-20,1831527.166907303,925625.9824666083,1397462.8126706593,912472.655648153,1334133.8502663744
2025-06-23,1841232.7874363954,930375.6872201194,1404196.4626827529,916885.3959347236,1341750.0131477853
2025-06-24,1852217.3538287918,934416.5349648963,1411856.4429819616,922317.1843726216,1349115.4469857495
2025-06-25,1852617.604225813,935111.7540352782,1412203.1242718413,922462.4654187085,1349864.235163273
2025-06-26,1860438.5056606096,936813.0297412204,1417854.236369214,926733.6337486061,1353735.3002066389
2025-06-27,1865382.0472856513,937676.3767205875,1420856.6731495485,929067.2188035815,1356539.7520307135
2025-06-30,1870157.1251993608,938611.7747136701,1424583.2422897248,932226.9435729368,1358523.658797329
2025-07-01,1869648.6706493916,938718.253671485,1424200.6672894564,931575.4579040266,1358504.2582054434
2025-07-02,1874188.2147461723,939197.1069820148,1427391.5783085036,934331.8816410359,1360331.7445937067
2025-07-03,1882244.5472476587,939651.9078211472,1433503.1563648637,939871.6723946589,1362731.2998779654
2025-07-07,1874231.00226355,939956.520378093,1427417.3244422134,933958.2143822967,1361108.1993734527
2025-07-08,1873486.85065204,940357.2097937532,1426158.7748609292,932126.3847126036,1362023.286758887
2025-07-09,1879574.3509540774,940697.8079225239,1430479.1110357493,935905.5745751231,1364131.0490148752
2025-07-10,1882363.7182887404,940747.0657817642,1432672.814864588,938096.3347428176,1364775.9703799398
2025-07-11,1878489.4964166076,940733.2291114856,1429095.0795139098,934459.6452454275,1364465.6471882064
2025-07-14,1880319.6250860472,941025.6956253226,1430875.3568557585,936212.6807207547,1364807.9650296348
2025-07-15,1875654.7028058185,940978.7701202028,1426637.2160212668,931356.3591267832,1364334.2580787777
2025-07-16,1878982.358143726,940991.8826445723,1429228.2600280354,934058.4490449466,1365083.981934286
2025-07-17,1885237.9068572167,940965.926488969,1434653.915455705,939519.3176556912,1365887.9190645039
2025-07-18,1884291.6681655906,940669.6526707476,1437246.8070072108,942280.3661587185,1362052.5150031503
2025-07-21,1886015.962982491,941928.0033017481,1438481.1796099627,943113.1441142943,1363712.625533799
2025-07-22,1885987.5369627108,942238.4957964888,1438356.8192194584,942963.2192188241,1364119.0523992637
2025-07-23,1894340.5537909137,945560.737966321,1443792.700618579,946495.0255440683,1370358.429998178
2025-07-24,1894503.1100895342,946050.7651354307,1444364.6561240763,946681.9093520388,1370439.057960411
2025-07-25,1898601.5033305588,947276.7814209391,1446281.1230936158,947812.9286901685,1373847.0005174049
2025-07-28,1898174.6112679588,947966.9516857956,1446069.2368953554,947473.1161330186,1374322.1649179214
2025-07-29,1895325.6634719141,947084.965817482,1444026.1356400824,945904.4428714311,1372634.3325088362
2025-07-30,1893878.9377481865,947053.7875013207,1443302.8341574133,945408.0075238673,1371879.7299516164
2025-07-31,1889914.6355900816,945950.9437199836,1440999.217558777,943777.6021275932,1369116.2006108107
2025-08-01,1873234.3213828797,938053.1763727278,1430248.2505285805,937900.8128703921,1355289.0860865493
2025-08-04,1888120.165016435,946500.8191154315,1439794.735346011,943121.4602567272,1369076.0876453782
2025-08-05,1882849.043213406,945000.4470171244,1437337.470388309,942155.2096764545,1364761.858701744
2025-08-06,1890341.3882190592,948239.9894157252,1441369.0705297627,943888.5718898196,1371462.1459645443
2025-08-07,1889324.5746120599,948317.5817335488,1441149.4472086844,943837.9629772701,1370742.5479964467
2025-08-08,1897007.9018243838,950641.4673418787,1444579.1455440284,945044.6287432262,1377320.0624817566
2025-08-11,1894827.9241505163,950683.677639476,1443671.4584506499,944524.2577730375,1376089.982198865
2025-08-12,1905443.1549186897,952074.242062392,1448076.3297428288,946290.7251860118,1383690.9060977758
2025-08-13,1908776.4067024642,952192.9447081094,1449881.5441920199,947373.9531672266,1385337.6460780762
2025-08-14,1908699.6683646988,952193.8581922667,1449563.8147893422,946445.4724039619,1385579.550627146
2025-08-15,1906121.1257869208,952165.3043944847,1451807.235742508,948045.8012055373,1380729.0332984203
2025-08-18,1905731.720220023,952808.2183245702,1451653.850841791,947980.3451126909,1381047.882544873
2025-08-19,1900135.8406795007,950501.2081005175,1447906.7260549017,945537.8108157271,1376892.1175671874
2025-08-20,1897321.9387778735,949109.5679239191,1445937.3769899039,944377.7696737,1374655.9245539596
2025-08-21,1893171.4709107704,946611.3141089873,1443027.0049912543,942522.4165289972,1370917.5748705738
2025-08-22,1908168.0284708252,954590.8488591791,1453034.2510420005,948803.7553859039,1383886.4211300744
2025-08-25,1903582.0527397757,953607.5812176762,1450642.5665764906,947502.698253883,1380708.8622230324
2025-08-26,1907590.800690975,955277.778460274,1453033.2830885057,948743.1646172374,1383997.0909048142
2025-08-27,1909703.50452575,955873.2271186055,1454269.1985275159,949471.5360640814,1385469.3279589103
2025-08-28,1913090.3159701827,957627.3790766681,1456439.937554278,950754.2300951681,1388439.5523346434
2025-08-29,1906903.6665136497,955253.5291461844,1452298.1980819008,948203.4319483375,1384020.7924200043
2025-09-02,1899307.1370408668,952336.0880506462,1447949.9881754532,945882.0404904452,1377855.0317581308
2025-09-03,1904532.2337323024,955223.8584884701,1451131.8310394716,947647.7745418218,1382786.0560233719
2025-09-04,1912725.8342549314,958598.2701993748,1455941.9736012807,950193.3304693864,1389543.9256950964
2025-09-05,1909636.1009505843,958403.7685176523,1454421.5429660925,949342.2978625903,1387780.1213442148
2025-09-08,1911939.3087497423,959825.6697562374,1456008.2814670838,950182.4747712347,1389918.4918809668
2025-09-09,1914102.6910163253,960587.0696509525,1457042.1163690677,950552.8389335983,1391809.4391402807
2025-09-10,1916856.578709774,961252.8490254092,1458436.0518184458,951200.3523866187,1393835.1707588083
2025-09-11,1925112.1495042504,962880.3489121117,1462861.438344269,953647.1264552446,1399292.8549141637
2025-09-12,1924602.1822562914,962978.3000147738,1462089.4381495658,952833.5503280379,1399652.83896357
2025-09-15,1929873.6852386557,963574.4796598935,1465496.3087585587,955289.6695179441,1402113.6509820614
2025-09-16,1928291.4328035943,963521.7452389863,1464453.1028249278,954476.042754594,1401521.870059724
2025-09-17,1926849.0457996323,963877.4377845533,1462705.4281268725,952685.2327764716,1402182.850299384
2025-09-18,1931467.7238570086,964044.8113921653,1465145.2976787067,953746.0072746626,1404529.0324125378
2025-09-19,1936397.3124631287,965646.0879221701,1470728.8579505812,958334.8601690084,1405476.337276788
2025-09-22,1940960.8443554635,967188.0124796994,1473833.1174483951,960582.7682491976,1408393.9986186612
2025-09-23,1935324.1222705888,965360.2472598786,1470175.1628370122,958091.386667277,1404587.4659253485
2025-09-24,1931977.2965542874,964703.5323675468,1467979.7198236412,956650.03072599,1402779.3683300866
2025-09-25,1927214.3799256065,963020.6798958024,1464904.2341834716,954727.56895659,1399409.0848698306
2025-09-26,1932727.1399086923,966260.8674345952,1468490.1864465564,956778.6225038918,1404576.080128625
2025-09-29,1935362.0126895239,967929.1734303907,1470380.1392950993,957848.9865343573,1406989.3060567088
2025-09-30,1938961.0703517285,969037.4981290922,1472264.509339488,958766.6747360511,1409812.318373226
2025-10-01,1942218.9177219502,970295.4091041812,1474488.731024581,960105.3057096067,1412103.8550334438
2025-10-02,1943216.2807550395,970549.9233430072,1474806.0891083917,960190.3279722496,1413038.3742215484
2025-10-03,1943038.8634118685,970940.8498313332,1474597.3815204464,959826.6263383348,1413460.5909546486
2025-10-06,1946492.3929996623,972642.1065521177,1476881.5509297354,961192.9407429486,1416331.207853938
2025-10-07,1942578.0748500398,971722.6315747283,1474523.802306828,959719.0056627635,1413855.1633498333
2025-10-08,1948427.1648979043,973529.0102057022,1477592.7720981222,961076.0210199128,1418441.6622373778
2025-10-09,1945326.5142135737,973192.1830915296,1475757.2061440437,959828.7014002351,1416839.7503929527
2025-10-10,1917832.1697966813,960220.7911743112,1459585.012123736,952776.0106263161,1392546.2080791495
2025-10-13,1932766.6079831016,971077.3524521617,1470419.7900873115,957801.194137912,1407502.4295798452
2025-10-14,1931383.4840725993,970663.7088070731,1469763.6714285417,957585.3510152618,1406361.7806830243
2025-10-15,1935650.3632126537,972981.6035839338,1472055.2623036029,958225.2524636865,1410654.9637248782
2025-10-16,1928662.3327093765,971737.9267963187,1470718.3607700462,958337.791808961,1403760.1579675425
2025-10-17,1934149.6464338065,974854.4930390206,1473528.675588118,960092.4574365311,1409553.7231166027
2025-10-20,1944387.7643398722,980342.8114488465,1480846.8799073151,964892.8871875515,1417848.0291169605
2025-10-21,1944210.3934841028,980802.4370081071,1480651.1857551206,964608.7531243779,1418325.9779726465
2025-10-22,1938795.0863613405,979136.4078968382,1477033.2945180614,962079.1621375664,1414862.5329756746
2025-10-23,1944593.1404243768,981558.9697645833,1480748.222188685,964468.334533395,1419368.2212358324
2025-10-24,1952693.9430606037,983715.1029776563,1485864.4808721868,968003.2063039662,1424508.8984016303
2025-10-27,1964557.4938701715,986202.1154402283,1494454.5518212947,974873.9950868054,1430269.3907246625
2025-10-28,1967134.5182567963,986266.2213941021,1496618.7510799929,976982.4171620542,1430746.321806463
2025-10-29,1967468.7273396363,986038.6603194422,1496990.9598795217,977310.1133485734,1430480.761015114
2025-10-30,1955927.3551687002,984734.2387182862,1488916.4131501578,970685.225178425,1425709.513972386
2025-10-31,1959121.2461483965,985359.1259642357,1490716.0710231774,971905.5256197348,1427728.6343250123
2025-11-03,1960893.6367226038,986633.6777571053,1491913.635788998,972305.0809384163,1429578.0119262685
2025-11-04,1948547.7525913098,984198.1689200457,1483785.723436669,966318.0138653554,1422924.5313102435
2025-11-05,1951915.5744743699,985713.8445423071,1485556.4603585107,967025.8133771538,1426037.2918937234
2025-11-06,1940818.855758659,982874.4791578965,1478941.7229653057,963072.4770778469,1418715.945186807
2025-11-07,1941657.8398759312,983750.7401779913,1479220.102853598,962882.9808073302,1420152.8104358816
2025-11-10,1957262.3613289779,987969.6606895973,1488268.9619935746,968012.5631395911,1430927.3932605577
2025-11-11,1959455.9970416718,988686.0359782616,1489466.089577999,968467.2057581728,1432640.2766774916
2025-11-12,1959873.61506578,988805.0819689017,1489667.9287844808,968535.3179912139,1432975.101485758
2025-11-13,1942650.8706531357,985758.0942274893,1480190.9101758073,962759.7609222475,1422182.3879403747
2025-11-14,1942330.9662961648,986446.3627114717,1479707.4128911458,962059.4136718926,1423034.249352048
2025-11-17,1932754.252524827,984588.3394646652,1475887.3944069818,960825.2945040062,1415419.5308180675
2025-11-18,1924186.133919152,982161.0295314481,1472617.3481334066,960193.9239140742,1407694.1485527505
2025-11-19,1927869.712434671,984988.8860773409,1475357.5879577901,960726.660201842,1411465.3437897789
2025-11-20,1912513.2863125005,979059.0094916448,1469334.158433854,960550.7752546878,1396202.4706058481
2025-11-21,1922142.116151432,983202.0223173338,1472139.0241998113,960563.5220946679,1407169.4475045116
2025-11-24,1936706.7010180466,989675.5540837469,1482063.4001349458,967017.0829647409,1418165.3522526666
2025-11-25,1946097.0955663784,992741.5514290694,1488329.1514007784,971380.9864981088,1424355.9928804885
2025-11-26,1953014.0290364802,994393.4121108497,1493253.1150499932,975154.0019353351,1428000.8233831562
2025-11-28,1958489.4889180313,995724.2389697148,1496974.2279079766,978157.4951372193,1431085.9972655885
2025-12-01,1953607.5924768525,995588.5326358571,1493557.2180679678,975061.0616411346,1429485.404330561
2025-12-02,1955371.714877544,996307.9175099998,1494774.1127916449,975450.2643522888,1430752.0168817178
2025-12-03,1958805.0252845755,996938.7275898175,1496863.0634595007,977099.0471125403,1432727.1867007115
2025-12-04,1959415.981611094,997262.34230363,1497056.187576604,977103.4601197648,1433468.633623939
2025-12-05,1961240.6060588355,997610.8435251715,1497894.7094749655,977684.9791638493,1434803.237394861
2025-12-08,1957967.14928221,997740.704542014,1495790.51251875,975536.5825462444,1433763.838591293
2025-12-09,1956923.902001904,997845.6397792939,1494814.8193434076,974473.7121926907,1433801.2197236097
2025-12-10,1963649.839903453,998257.7311107437,1499315.232336484,978339.2922036822,1436438.835963532
2025-12-11,1965929.7097142083,998525.9006510396,1500428.1832948467,978961.9559488408,1437873.9243562205
2025-12-12,1954538.0637277379,998351.2747083125,1491228.635557157,970332.2678785997,1435507.2001647125
2025-12-15,1952827.1762637638,998705.1927688108,1489998.6639218088,968838.7648696115,1435380.202396585
2025-12-16,1949856.9875940983,998727.0092993616,1486829.2513658018,965810.8207834258,1435601.2428134773
2025-12-17,1938374.190843402,998483.1406723917,1480270.8827953045,961326.3017789512,1430432.9460063083
2025-12-18,1945919.1097215088,998759.5139930269,1482417.8853459535,961582.4382607853,1436107.2356544014
2025-12-19,1955074.5213424815,999340.2760385545,1484899.5043682493,961563.7333330389,1443361.7902986058
2025-12-22,1961156.7209550715,1002423.9604729204,1488808.0437688958,964051.7868855996,1448536.7507244307
2025-12-23,1965608.077962037,1003752.1578829186,1491603.958857825,965962.6228753172,1451520.390052465
2025-12-24,1969016.1542152595,1004719.8108837914,1493824.3013488706,967613.4132979873,1453675.7768155148
2025-12-26,1968765.617085624,1005202.2266867529,1493612.3550246553,967311.7085339096,1454119.6018130556
2025-12-29,1965003.3344386306,1005061.1589393334,1491470.9633360473,965696.1688129453,1452357.643107251
2025-12-30,1963621.3740233327,1004903.8072916651,1490499.0658073928,964942.800782373,1451790.2285729395
2025-12-31,1955994.8411633687,1002664.6086354593,1485829.1568182828,962063.5869217594,1446594.40604588
2026-01-02,1957686.8639844474,1003938.62344025,1486879.1853406853,962635.9787849525,1448510.4151493465
2026-01-05,1964227.6747128877,1006413.4651902243,1490783.8859964334,964718.3271155437,1453621.3669720131
2026-01-06,1970092.5108355358,1007616.9638667644,1494126.313998005,966768.7236345916,1457347.2737696297
2026-01-07,1966671.3000334434,1007207.569662326,1492013.3697141018,965210.6710359466,1455629.613047002
2026-01-08,1966423.770004237,1007334.8777744249,1491741.9022774054,964875.1777918122,1455780.8585665908
2026-01-09,1972979.1387561965,1008673.8556717909,1495102.2865314963,966556.007331612,1460314.8209618255
2026-01-12,1974435.8668670119,1009129.1224062119,1495917.673353328,967082.667782876,1461411.4289852302
2026-01-13,1972248.895226351,1009131.6813001109,1494075.1786301173,965373.9986060059,1461069.5109616788
2026-01-14,1967093.6352668423,1009188.4356325406,1491117.800266901,963195.4391559758,1458928.3836978162
2026-01-15,1969711.234671547,1009372.5746446741,1491011.1345689073,962754.9290918808,1461836.7878126483
2026-01-16,1968714.3271290062,1008689.2667594121,1489486.7284591473,961443.0851743137,1461680.978494605
2026-01-20,1948213.0486814391,997627.0209864762,1475133.9419602072,951997.5585367065,1444377.9078826967
2026-01-21,1959374.7241021884,1005224.3222330767,1483581.118550485,957919.259974303,1454689.7079597684
2026-01-22,1964406.1790138092,1008479.0006827165,1487275.0685170242,960319.114475996,1459281.89135449
2026-01-23,1964623.0095732014,1008728.8887468767,1487183.520791302,960079.854160714,1459840.1577037647
2026-01-26,1969538.8089369975,1011368.1267168692,1490604.6074222596,962238.5123177883,1463974.1084065957
2026-01-27,1973384.7150657356,1012886.2423351384,1493078.6809156542,963705.5265187619,1466864.0566602084
2026-01-28,1973138.9388452293,1012649.1030346435,1492750.439568588,963498.0609966195,1466709.382486273
2026-01-29,1970999.1208259428,1011967.7845785785,1491103.802054246,962275.8897570891,1465534.883525264
2026-01-30,1967861.7126571236,1010764.692684206,1489081.6705813338,961094.6512109656,1463216.5149349843
2026-02-02,1972690.6083225203,1014144.9958413707,1492811.52525604,963280.5163912021,1467695.8590828395
2026-02-03,1964044.694198494,1010177.9045775852,1487161.4084609384,960210.9215295685,1460732.9704901294
2026-02-04,1959071.00934135,1007171.358182271,1483779.1961805648,958265.198760157,1456134.9515180448
2026-02-05,1946535.8939806425,999163.9754150687,1475035.66366544,953361.849559055,1444335.9859052598
2026-02-06,1965186.5142411415,1012037.4621582378,1488279.0164945466,960948.6860522651,1462616.7400798213
2026-02-09,1969856.2919718323,1015099.2671626469,1491417.319154717,962515.6346760604,1467210.0201547504
2026-02-10,1967065.667868174,1014439.203574985,1490227.8173393141,962085.0417964379,1464948.8342788334
2026-02-11,1966689.6616259604,1014900.2247319126,1490406.0013131686,962250.5017886977,1464855.6652196932
2026-02-12,1951089.2529784504,1005592.3747791813,1480926.6509870216,958434.5480811996,1449426.7569455984
2026-02-13,1951638.471077935,1006805.2201077223,1482103.4178571189,959719.311159862,1450012.053503527
2026-02-17,1953083.9420437813,1009152.5284968391,1484438.1942503406,962018.7423351938,1451470.0564652681
2026-02-18,1957912.607738433,1013503.891013037,1488758.11196684,963571.9275267695,1456330.1669596187
2026-02-19,1955150.7615838575,1011904.5561188057,1487173.424806424,963932.9505054727,1453553.6730712277
2026-02-20,1962162.7076548564,1008975.3969700474,1484487.1629797337,964275.7539870548,1460322.7218201587
2026-02-23,1951806.8790829445,1004237.2958426732,1477495.3807104821,959811.9173782456,1452121.0826043142
2026-02-24,1958856.688546991,1008716.2503606325,1482642.4895862504,963185.2864644309,1458502.737710552
2026-02-25,1967124.9731947551,1012960.6056180412,1488311.7181110997,966771.1002921986,1465346.1490908754
2026-02-26,1961396.1015131313,1011204.4800397863,1484602.2847208097,964276.8222051114,1461570.5852212866
2026-02-27,1956450.4832374724,1008813.9021045424,1481205.4683495108,962031.1528579379,1457631.2053816824
2026-03-02,1956871.7762779526,1008889.0661085788,1481126.5028715245,961950.7844470877,1458206.6279041856
2026-03-03,1947951.8401910765,1004094.0006727404,1475135.5508305244,958308.2428748256,1450482.578422471
2026-03-04,1954769.5488825506,1008946.0386853383,1480190.0033175945,961500.6792185858,1457097.872639473
2026-03-05,1949084.0236046598,1005899.626510031,1476540.565132725,959449.3162208034,1452015.3733711448
2026-03-06,1935986.6810012548,996303.6019044514,1466460.7562534376,952814.1469473289,1439401.815041447
2026-03-09,1944385.329445758,1004181.1385739143,1474061.2994253156,958569.6506589064,1448077.4569835356
2026-03-10,1942659.5636899709,1003120.6070106926,1472878.0994670717,958330.9519428359,1446474.3596227705
2026-03-11,1941282.0079870035,1003686.1258766197,1473324.9804937453,959480.0280633066,1445215.4417590566
2026-03-12,1926240.8945723865,991781.5408671524,1461450.3768626833,953296.833611686,1430144.3469660345
2026-03-13,1920627.9593239771,987431.494777479,1457112.5392134506,952000.2813546667,1424519.2032771844
2026-03-16,1930259.3639556747,996465.845671844,1466071.8944895752,960169.6382652659,1434225.6035271222
2026-03-17,1932667.386743369,999262.46952791,1468856.0028297487,962823.9657844121,1436646.1418307093
2026-03-18,1918946.2196503878,986526.1148205551,1456193.045259974,957169.5946191568,1422851.5776001476
2026-03-19,1916437.033270385,984025.9804191787,1453708.3173382115,956998.5716996212,1420326.9847405313
2026-03-20,1902572.6240679587,978233.7034084732,1447247.0535633373,952189.4964715857,1407131.5623022735
2026-03-23,1912928.1393307275,984370.7759200025,1454668.7796411444,956656.3167905463,1416074.247494768
2026-03-24,1909391.6078042008,983057.6471833123,1452016.8477420104,954826.9263945078,1413876.5191306854
2026-03-25,1914859.4528100837,986201.7976508711,1455864.000844494,957387.5605651527,1418641.3615016434
2026-03-26,1896629.0649996304,977630.3893234872,1443558.985161732,950058.0158624484,1404144.5810465687
2026-03-27,1879524.111406883,967625.4731669477,1431500.861507405,943007.112773597,1389092.8349516084
2026-03-30,1876110.8339376384,967888.8320977325,1430559.6048740442,943484.5898931418,1386884.1730465093
2026-03-31,1904290.1070369354,985150.4357863814,1449159.6691574175,954167.4143374562,1413724.985551082
2026-04-01,1911700.6031509133,989059.3866563197,1454602.6260097125,956504.1126044814,1419601.4756827033
2026-04-02,1912465.7006810594,990310.4484496971,1455035.9802576178,956602.3724700364,1421184.2807583213
2026-04-06,1917100.8711086034,993407.6932631915,1458202.4985094592,958089.3473316715,1425750.1777475185
2026-04-07,1917403.2219002808,992231.9663298537,1458213.719340052,958265.229051209,1424865.5807752653
2026-04-08,1943146.3794757596,1000537.6087739491,1474171.3491175831,967367.3611649708,1442956.751017308
2026-04-09,1949014.768078367,1001890.3978379185,1477392.8642841103,969132.9400116175,1446956.413517358
2026-04-10,1948176.3730619666,1002065.5609696421,1476418.2887878935,967920.0315126814,1447267.7571288978
2026-04-13,1958269.50367011,1002697.4407608074,1483297.1896350118,973696.4552112645,1451113.8666810882
2026-04-14,1971014.654324429,1002831.2949860394,1493951.5233125496,984068.4725886048,1453338.5378831015
2026-04-15,1979319.254141595,1002868.8307449489,1501112.0966085219,991324.9565139632,1454520.1001632046
2026-04-16,1981826.4009642291,1002876.0820790359,1503350.1440286408,993455.897543668,1454796.450899807
2026-04-17,1994756.589781466,1001890.0525073975,1508678.89441565,999442.3833134423,1461411.8597583962
2026-04-20,1992612.3683790995,1001094.2217131059,1507299.2971575996,998438.4362326523,1459760.506078742
2026-04-21,1985934.1177673754,997571.6285176147,1502370.678317356,994923.5105422195,1454488.2811117705
2026-04-22,1995829.894055553,1002849.9266938104,1509132.38999904,999407.6811283126,1462900.6438944598
2026-04-23,1991798.8226513392,1001313.6495929088,1506405.4044011575,997511.5863976304,1460060.2809872266
2026-04-24,1999385.1819393307,1004279.3988750668,1511338.9201912396,1000844.3316412463,1465678.873767294
2026-04-27,2000972.6213945707,1006063.4761829141,1512805.3958127666,1001818.0117184869,1467583.9149088543
2026-04-28,1995927.6047630974,1004946.8702051553,1509727.8732780507,999865.589790887,1464499.8148343381
2026-04-29,1995628.1286731136,1004848.819785702,1509454.8654056955,999514.7034908182,1464375.2961972563
2026-04-30,2005453.3771797782,1009252.7957384516,1515513.2038009698,1002951.2581747612,1472546.1822613962
2026-05-01,2008111.4214353014,1010309.9842808608,1517170.235036557,1003985.8200342446,1474604.3838237415
2026-05-04,2004249.5673471151,1009805.8748019764,1514916.2963665305,1002388.6197127302,1472492.358926697
2026-05-05,2012216.4379729284,1012338.7557139725,1519563.2292108955,1004912.1569309791,1478345.1776201413
2026-05-06,2026238.336017584,1014018.7958259971,1528911.2125483789,1012158.0967257598,1484699.1324393386
2026-05-07,2022925.6455812524,1014166.9455671133,1526375.1529500964,1009673.4925709045,1484070.651342406
2026-05-08,2031286.6215501782,1014758.8648989217,1531900.944434221,1014218.3950593723,1487497.7551590153
2026-05-11,2033507.9591245195,1015040.6483925688,1533720.974229781,1015754.9536380237,1488180.8464314435
2026-05-12,2031786.4759175624,1015140.6203732153,1532004.5585255814,1013802.7019776865,1488275.7509093322
2026-05-13,2037457.8406651162,1015200.4722835072,1536767.016873076,1018317.2486422979,1489244.5092196837
2026-05-14,2045565.2843956093,1015220.2041207487,1543138.4357091044,1025013.3534200455,1491000.26595139
2026-05-15,2032747.3522151823,1014876.3316391043,1534333.065844173,1016070.4769739602,1486643.8311542498
2026-05-18,2031899.7911535671,1015722.020735068,1533934.0671613733,1015899.8200610052,1486942.8396030127
2026-05-19,2025099.6075749123,1012977.829366008,1529689.874972979,1013320.8099466041,1481642.6568436918
2026-05-20,2035129.03489447,1017436.0577955823,1536234.7437919811,1017466.8956884167,1489585.4437738222
2026-05-21,2036973.634775975,1019101.0562717512,1537668.0867927205,1018239.811415016,1491661.6991307563
2026-05-22,2040779.9516309432,1020400.7901883528,1539800.8026607414,1019580.5505177213,1494635.0340343055
2026-05-26,2047332.4979693708,1023495.2027850638,1544320.319415825,1022379.0147279717,1499762.4762143607
2026-05-27,2047012.4681942516,1024237.8336742097,1544309.8358955705,1022117.893335534,1500195.560848642
2026-05-28,2052469.0788150197,1026223.3329206884,1547769.2761435015,1024098.4580967552,1504178.2304679574
2026-05-29,2054868.2857202073,1026737.3192938687,1548343.6089348495,1024104.2698400822,1506517.090954977
2026-06-01,2057510.9670081183,1027608.6498429892,1550024.6746804854,1025118.6181858156,1508350.037046373
2026-06-02,2058760.2111337988,1028146.2478345265,1550664.2177822525,1025357.4620356937,1509497.3360618234
2026-06-03,2051405.1090465034,1027180.8009265491,1546335.8607811588,1022312.1260222341,1505505.1440676444
2026-06-04,2055116.4841726501,1028480.3852837048,1548332.4068704317,1023190.8141892059,1508519.5574616739
2026-06-05,2028537.0908560788,1018499.3714453871,1533177.222080973,1015589.991411047,1487114.3350962438
2026-06-08,2030652.0124012558,1021173.1888428726,1535354.9484079755,1017299.2171130779,1489725.3477119035
2026-06-09,2027571.9348648235,1019222.2915345272,1533297.6540188948,1016279.3921179986,1486751.6672562065
2026-06-10,2011707.2619436518,1008991.5930819702,1522639.3505722373,1011992.3377553292,1471314.5993291356
2026-06-11,2028243.7732188462,1020178.9992309688,1534108.1341933678,1017354.3420491943,1487569.733132198
2026-06-12,2033497.2425675518,1024718.3861689407,1538278.5763597456,1018716.0074462453,1493192.1472524977
2026-06-15,2051048.358380941,1030413.9283820344,1545127.3867013818,1020056.4659835435,1509589.9949373447
2026-06-16,2044816.018344979,1030184.0601276751,1543800.338643325,1019697.6172454599,1504454.83470508
2026-06-17,2031995.0968421325,1028133.1990972992,1541459.028005368,1019559.1063986369,1491924.3628098143
2026-06-18,2042272.7490683533,1031616.1885186054,1545413.2463123892,1019958.7554882807,1501730.7861503204
2026-06-22,2038981.7731826531,1031166.9865541118,1543409.5434065312,1018471.9394253315,1499901.7589576715
2026-06-23,2024361.3923196353,1023519.5848007712,1533812.9681382538,1012417.269132785,1487230.5516095906
2026-06-24,2023761.9712089507,1023353.9099392255,1533326.746298952,1012333.8452019347,1486951.6774766624
2026-06-25,2025037.3631099325,1023900.3963022544,1533704.3785676179,1013125.0667657047,1488395.9234720073
2026-06-26,2017782.3676153396,1031447.8238398596,1540265.4010965251,1010413.4078314502,1482127.3329861122
2026-06-29,2033721.4237346528,1031117.5459482735,1540955.7878108378,1017613.1891534005,1497045.7244995267
2026-06-30,2041304.2116672888,1034888.0686753343,1545124.020143264,1020010.7090584985,1504230.8028267971
2026-07-01,2039807.4606762636,1035503.8985488082,1545190.674883136,1019876.7303054121,1503283.2269693736
2026-07-02,2038350.920695534,1035204.417143597,1544341.0635014419,1019629.1947206741,1502376.8169651274
2026-07-06,2046911.172073168,1040198.7019654925,1549748.7594770454,1021875.274360931,1510523.6571890533
2026-07-07,2041986.1357817792,1038443.9707965876,1547208.8935209052,1020832.9344144717,1506383.7556849
2026-07-08,2038748.4372952355,1037123.7277992845,1545622.7300584102,1020429.7534325102,1503411.9776635477
2026-07-09,2047054.2074341348,1041017.548576799,1549832.5658263084,1021670.754190065,1511401.7328120635
2026-07-10,2051248.6948549296,1042605.1218583973,1551516.1362159862,1022074.9181118459,1515500.2231247788
2026-07-13,2043364.0404048616,1040724.334583895,1549177.5928630554,1021789.4242630233,1508073.3247531392
2026-07-14,2046781.8735778623,1042864.6454595893,1551194.4120663055,1022046.3716947513,1511614.6495985843
2026-07-15,2050628.14213255,1043986.8031715511,1552241.8654424394,1022067.8139027571,1515535.6224890994
2026-07-16,2045006.5653998484,1043895.4081764447,1552139.7694236464,1022038.7759982343,1509924.746780085
2026-07-17,2034912.1934747517,1035386.3879337795,1542583.1532682218,1019503.4701032373,1500877.9707677474
2026-07-20,2033153.792358963,1035731.8123631729,1541888.6733801826,1019170.9492024542,1500058.8987776847
2026-07-21,2041337.5851829636,1039809.6671711544,1547427.509946986,1022775.1704424967,1506781.709842863
2026-07-22,2040022.9230808376,1039588.075197126,1546454.6122042676,1021978.4257829078,1506218.3535094275
2026-07-23,2027461.1083120361,1033767.5062096389,1538177.2277414114,1016910.7718119298,1496113.3542159947
2026-07-24,2028325.9589014973,1034745.8360229956,1538910.2566418308,1017485.8770550413,1497223.5057183937
2026-07-27,2028397.1534194017,1035555.6422488841,1539426.4301749114,1018019.0098736347,1497588.332929106
2026-07-28,2030634.2164619558,1036927.1127931096,1540968.592746811,1019038.7873765505,1499654.703943986
2026-07-29,2015152.883284707,1027728.7117052677,1530264.0793558354,1013098.4208867415,1485679.4830698704
2026-07-30,2031462.4640146394,1039182.3548323386,1543053.4727138164,1020440.5894740573,1500653.3135688927
2026-07-31,2038502.6006295912,1042282.221093199,1546124.2522605993,1021997.3187555564,1507722.5368979222
2026-08-03,2052673.0041218144,1047381.149537443,1555032.1230137036,1026918.7192067239,1518083.9980812848
2026-08-04,2070906.476931406,1049490.3738225077,1567655.4532549754,1037008.8016023161,1525803.3649346696
2026-08-05,2068690.298870142,1049753.6847953724,1565832.3668318568,1035255.3247709014,1525673.584269389
2026-08-06,2066891.2092562472,1049914.8528781796,1564084.4856924922,1033350.7957719979,1525783.5438776657
2026-08-07,2073070.105252713,1050658.1100943782,1567738.5123238838,1036191.2159454306,1529051.670458939
2026-08-10,2072616.3097986155,1050969.8739249336,1567572.1165578854,1035679.513659487,1529076.0346013948
2026-08-11,2069148.8855155434,1050934.39681813,1564620.8003704068,1032885.5092562393,1528524.4493989977
2026-08-12,2071600.9835459222,1051294.6322026446,1566010.6931209415,1033661.7493249481,1529946.8900633566
2026-08-13,2078708.1875025865,1051471.025337219,1571415.7058412898,1038473.920365934,1531825.474434247
2026-08-14,2076491.8638791451,1051542.7224609863,1568999.9273560168,1035914.8007395584,1532096.6264198457
2026-08-17,2071409.8382534394,1051719.0781464132,1564884.8584318752,1031891.4768957957,1531306.0254037085
2026-08-18,2064242.5749283524,1051637.551541129,1559412.1855551507,1027125.5531429285,1529529.9083500616
2026-08-19,2066264.0417325206,1051693.8738515861,1560173.032405619,1027377.2778443939,1530846.850614219
2026-08-20,2057428.4644849123,1051694.0091273738,1554266.8931745104,1023916.0779094186,1527917.5478735073
2026-08-21,2061481.4347034327,1051071.1681501078,1554987.9476569477,1022661.6259096789,1530626.6226323242
2026-08-24,2058398.9509687815,1050413.2404218614,1553158.47517943,1021531.3179308423,1528631.7119691323
2026-08-25,2061441.431302001,1051878.733974496,1555108.890135602,1022809.5399916959,1531189.2708988143
2026-08-26,2061519.4049430275,1052181.595817873,1555241.4802211318,1022888.1265860333,1531437.5162976885
2026-08-27,2067931.2206816298,1055177.2007774103,1559462.0878589218,1025407.5814391396,1536624.329358038
2026-08-28,2065501.6574908523,1054992.477857404,1557958.0329923746,1024303.175225747,1535514.0981138009
2026-08-31,2062353.785603144,1054522.7085408624,1556371.4538953793,1023340.3717533355,1533483.0360065468
2026-09-01,2055322.4999303946,1051088.3433106616,1551523.3781161997,1020627.9843583531,1527865.460882776
2026-09-02,2059587.6263048353,1053704.5463850182,1554547.5956952255,1022330.833253883,1531722.5727525477
2026-09-03,2069899.4060436224,1057725.866119832,1560885.602853382,1025866.4100715739,1539717.6650679922
2026-09-04,2065858.6695415243,1056966.7011342226,1558315.8257082985,1024170.3048283122,1537487.540725368
2026-09-08,2060185.4019644214,1055602.4573674651,1555613.1459054681,1023132.3027286311,1533152.7091843379
2026-09-09,2055387.1785338745,1053473.1192595218,1552923.7529681958,1022044.2966371174,1528914.5405831202
2026-09-10,2049269.820982684,1049908.6216622004,1549034.5969525143,1020335.6355087734,1523121.8414502896
2026-09-11,2057557.1947817835,1055745.0180777318,1554820.25984505,1022929.7465791483,1531459.9487723848
2026-09-14,2052954.7579253283,1053958.1533769525,1552855.459533947,1022745.5585208342,1527035.4475262533
2026-09-15,2048247.859861212,1051116.1661259187,1549993.4375969092,1022378.0757044624,1522348.584148141
2026-09-16,2043736.7927277165,1048051.6372670287,1546948.8390014302,1022589.5546284562,1517817.5867512347
2026-09-17,2054753.55593342,1057865.8405322556,1556687.4505954576,1024246.3851930688,1528909.9416281378
2026-09-18,2055886.066831554,1062051.976646476,1561607.973729629,1025799.0623760973,1529308.0655063204
2026-09-21,2071242.2495233964,1066648.3621084027,1572475.012208905,1033848.6816478488,1538327.713532838
2026-09-22,2070935.8798584854,1067110.4776142207,1572261.9988545813,1033574.0079057079,1538696.4727280692
2026-09-23,2063474.330187083,1064971.5666108173,1566661.4856163384,1028903.7199425432,1534696.525291506
2026-09-24,2062498.3396716095,1064780.9275295325,1566187.5207261657,1028993.2363669919,1534003.8605849203
2026-09-25,2067824.087268728,1066669.103311101,1569557.630339284,1031330.1977288704,1537847.6743504894
2026-09-28,2060139.3056612068,1064968.5597363478,1564667.1516013918,1027880.8483628607,1533352.8279061068
2026-09-29,2058139.2516939843,1064718.7470440967,1563740.2188916947,1027316.346489914,1532029.8939563308
2026-09-30,2055929.0714794532,1063936.8903317507,1562214.4098883457,1026445.5403215524,1530563.6660328023
2026-10-01,2057565.5687606747,1064957.9841365258,1563094.419305393,1026704.6551071717,1532341.2477017518
2026-10-02,2064834.3077171012,1067991.3897802595,1567566.2878192943,1029223.6317483985,1538171.5237880107
