Date,honest_book_1x,putwing | corr-hi,callout dispersion | corr-lo,event selling | always
2007-02-16,1000000.0,0.0,0.0,0.0
2007-02-20,998696.868091395,0.0,-1330.2698929553153,27.137984350323677
2007-02-21,999283.6870556528,0.0,-777.2992996301036,60.98635528294835
2007-02-22,1001067.7350155257,0.0,977.1288884095848,90.60612711613066
2007-02-23,1000375.9153441748,0.0,431.0398998619057,-55.124555687070824
2007-02-26,999930.2105180245,0.0,51.439399926690385,-121.22888190217782
2007-02-27,997683.9789980361,0.0,-1907.0151849697577,-409.0058169941185
2007-02-28,998702.8859143284,0.0,-1012.3604661200661,-284.7536195515422
2007-03-01,998473.0033663106,0.0,-1148.2383281246293,-378.7583055647556
2007-03-02,998053.8311600367,0.0,-1379.018941789167,-567.1498981741024
2007-03-05,998090.5381234268,0.0,-1330.3088583218632,-579.1530182512943
2007-03-06,998396.3344073868,0.0,-967.2992989455815,-636.3662936675828
2007-03-07,999134.3136316246,0.0,-272.8712385732215,-592.815129802213
2007-03-08,999443.3907191409,0.0,112.36595698294695,-668.9752378420671
2007-03-09,999726.6888709283,0.0,409.2557080211118,-682.5668370928615
2007-03-12,999221.547190542,0.0,-0.9193327309330925,-777.5334767270833
2007-03-13,999259.7780611963,0.0,213.03849751339294,-953.2604363170685
2007-03-14,999059.9066051428,0.0,-30.990837121848017,-909.1025577354012
2007-03-15,999125.9931319283,0.0,49.71318546705879,-923.7200535387965
2007-03-16,999294.8235679866,0.0,251.25208891776856,-956.4285209311638
2007-03-19,998678.556202715,-331.85340718203224,-24.54120688699186,-965.049183215946
2007-03-20,999610.3627844929,613.640206662938,187.94300712121185,-1191.2204292912502
2007-03-21,995940.0476442573,-981.6303441805067,-538.171144346823,-2540.1508672153577
2007-03-22,996690.5713225369,-1284.5248227898264,356.6550872914959,-2381.5589419647586
2007-03-23,995863.4331339202,-951.1287058914313,-917.7140097350348,-2267.724150453345
2007-03-26,994394.8883683404,-1382.902763164835,-2316.0142299901927,-1906.1946385045303
2007-03-27,995825.9015773323,-1943.3799357517855,-764.1485909244511,-1466.5698959914735
2007-03-28,993545.3631015009,-2994.7479899784084,-1744.4103519094642,-1715.478556611226
2007-03-29,992609.288715501,-2825.281193633098,-2804.8170401401585,-1760.6130507257767
2007-03-30,993462.5198739057,-3412.650598102249,-1985.4875850247918,-1139.341942967265
2007-04-02,993062.7678091535,-2968.0999975792365,-2667.900150105823,-1301.2320431614062
2007-04-03,996049.1285641338,-2282.094234445365,-977.733394339215,-691.0438070816454
2007-04-04,997703.4900698619,-1830.477916500182,-337.91365826432593,-128.11835537361912
2007-04-05,997036.5128338757,-1772.554814047413,-934.9372365738964,-255.9951155029703
2007-04-09,996244.8963234852,-2048.914276672178,-2043.335026799352,337.1456269567134
2007-04-10,995791.9098876582,-2268.364114346681,-2073.178282099194,133.45228410407435
2007-04-11,997212.6594820701,-2541.8724817560287,-1153.5279421049636,908.0599059311207
2007-04-12,997850.3704068054,-2692.2928443206474,-1357.203401218867,1899.8666523449356
2007-04-13,999364.7613999996,-2232.6239134697244,-527.5032606008463,2124.8885740701808
2007-04-16,997987.5703925651,-1676.7511286967201,-3032.8842111874837,2697.205732449307
2007-04-17,999148.4142426981,-1577.4457822364056,-2414.6674359416356,3140.527460876154
2007-04-18,1000657.215691689,-1487.3131849047495,-1642.1269149583532,3786.6557915521553
2007-04-19,1001461.9750500376,-1409.6507849443005,-774.9939399281284,3646.6197749100393
2007-04-20,1001955.9815351707,-423.73960724903736,-1719.332584992284,4099.053727412014
2007-04-23,1000080.1275641776,-423.73960724903736,-3659.866891501588,4163.734062928241
2007-04-24,1001573.5614884733,-423.73960724903736,-2121.881295520696,4119.1823912430555
2007-04-25,1002368.2341070345,-423.73960724903736,-1375.5554164847126,4167.529130768264
2007-04-26,1002629.5955137654,-423.73960724903736,-982.8063733071322,4036.1414943215204
2007-04-27,1003333.5827258262,-423.73960724903736,27.21601742261555,3730.106315652607
2007-04-30,1002082.4046275077,-423.73960724903736,-1461.50988047407,3967.6541152307764
2007-05-01,1002801.4025334773,-423.73960724903736,-535.2855988441734,3760.4277395704994
2007-05-02,1002509.7049263568,-423.73960724903736,-863.9709000793518,3797.415433685179
2007-05-03,1002366.9392757199,-423.73960724903736,-1012.1439330498688,3802.82281601883
2007-05-04,1003138.1010924532,-423.73960724903736,-525.6584972331766,4087.499196935445
2007-05-07,1001771.0331711479,-423.73960724903736,-2111.634741644608,4306.407520041568
2007-05-08,1001617.894588168,-423.73960724903736,-2156.2836452018237,4197.917840618873
2007-05-09,1002061.7193632141,-423.73960724903736,-1599.4174657502444,4084.8764362133807
2007-05-10,1003503.8666918484,-423.73960724903736,-149.6065638733562,4077.212862970773
2007-05-11,1004657.4412645126,-423.73960724903736,926.6215162533335,4154.559355508303
2007-05-14,1004104.5655534578,-423.73960724903736,279.0656729360344,4249.239487770828
2007-05-15,1004999.8205033718,-423.73960724903736,1085.1517192350002,4338.408391385805
2007-05-16,1006133.3006451473,-423.73960724903736,2309.0741673004813,4247.96608509589
2007-05-17,1006871.9112815436,-423.73960724903736,3029.5042478970718,4266.146640895517
2007-05-18,1010394.7383331563,-423.73960724903736,6590.145721719367,4228.332218686002
2007-05-21,1009193.4595297014,-1695.0207065897994,6590.145721719367,4298.334514571819
2007-05-22,1009477.1471604452,-1414.9054196428042,6590.145721719367,4301.90685836866
2007-05-23,1009170.2118406286,-1715.084028939018,6590.145721719367,4295.150147848297
2007-05-24,1009240.7597819096,-1529.843404659303,6590.145721719367,4180.457464849576
2007-05-25,1009429.2687651142,-1589.6071376084583,6590.145721719367,4428.730181003339
2007-05-29,1008768.0224693828,-2507.1226588350255,6590.145721719367,4684.999406498508
2007-05-30,1008843.5790037268,-2471.096709846519,6590.145721719367,4724.529991853982
2007-05-31,1009027.1795023532,-2360.53464011685,6590.145721719367,4797.568420750671
2007-06-01,1008900.7611970754,-2508.2031751393806,6590.145721719367,4818.818650495377
2007-06-04,1009459.2668117435,-2160.0815430437215,6590.145721719367,5029.202633067849
2007-06-05,1008803.6293934163,-2853.123182826559,6590.145721719367,5066.606854523532
2007-06-06,1006973.4053399735,-4628.011006207205,6590.145721719367,5011.270624461351
2007-06-07,1002416.0322022992,-8812.55594298779,6590.145721719367,4638.4424235676415
2007-06-08,1005869.1861319395,-5736.478553878027,6590.145721719367,5015.518964098184
2007-06-11,1006342.1183253821,-5562.882819184684,6590.145721719367,5314.855422847439
2007-06-12,1004232.6382656555,-7568.652065830305,6590.145721719367,5211.14460976643
2007-06-13,1006943.5865804818,-5005.5439901625505,6590.145721719367,5358.984848925029
2007-06-14,1007288.4101091232,-4645.693848202005,6590.145721719367,5343.958235605853
2007-06-15,1005305.4363537618,-6406.834822769626,6590.145721719367,5122.125454812078
2007-06-18,1005322.0758248267,-6684.135482714279,6590.145721719367,5416.065585821634
2007-06-19,1005460.3994473038,-6731.492396590649,6590.145721719367,5601.746122175129
2007-06-20,1003596.5874863563,-8431.012773549533,6590.145721719367,5437.45453818643
2007-06-21,1003882.9774891236,-8565.36024122336,6590.145721719367,5858.192008627579
2007-06-22,1001112.4743179679,-10661.984500104445,6590.145721719367,5184.313096352969
2007-06-25,1001811.1733496859,-11227.73823342775,6590.145721719367,6448.765861394233
2007-06-26,1003501.6149858806,-10642.812173018,6590.145721719367,7554.28143717919
2007-06-27,1005213.3890889941,-8595.133823118405,6590.145721719367,7218.377190393163
2007-06-28,1005264.662918606,-8709.274417007575,6590.145721719367,7383.7916138941655
2007-06-29,1003229.7665220493,-10617.266487709596,6590.145721719367,7256.88728803955
2007-07-02,1007260.0077925569,-7546.1621273724595,6590.145721719367,8216.024198209983
2007-07-03,1008362.7681607611,-6665.520392865292,6590.145721719367,8438.142831907026
2007-07-05,1009073.0660254556,-6486.190149621922,6590.145721719367,8969.110453358153
2007-07-06,1009150.0053563109,-6248.413040586398,6590.145721719367,8808.272675177897
2007-07-09,1010337.8788290898,-5985.373167966143,6590.145721719367,9733.106275336584
2007-07-10,1005407.8813046657,-10175.357560715172,6590.145721719367,8993.093143661506
2007-07-11,1007603.5629350962,-8403.11183640745,6590.145721719367,9416.529049784294
2007-07-12,1011320.587262336,-5184.721011427813,6590.145721719367,9915.162552044494
2007-07-13,1011996.0541887741,-4540.878287355532,6590.145721719367,9946.786754410248
2007-07-16,1012796.2926071733,-4771.44265007996,6590.145721719367,10977.589535533916
2007-07-17,1013105.6619952057,-4635.6158775986405,6590.145721719367,11151.132151084952
2007-07-18,1012847.7550660972,-4697.850933021167,6590.145721719367,10955.460277399048
2007-07-19,1012168.5242128726,-3837.3541324030375,6590.145721719367,9415.73262355628
2007-07-20,1011773.7075233622,-4738.378749880241,6590.145721719367,9921.94055152312
2007-07-23,1011037.9557460044,-5688.074890217278,6700.858953749179,10025.171682472457
2007-07-24,1008420.3869091743,-6776.94436264527,5259.136214990169,9938.195056829369
2007-07-25,1009246.4156773719,-6841.413598180516,6165.714128797525,9922.115146754892
2007-07-26,1002411.153808288,-10030.82087500079,3128.1452956986614,9313.829387590173
2007-07-27,995097.4018597689,-14895.50277457002,1163.2838550625602,8829.62077927636
2007-07-30,991315.1488573349,-18173.04947654612,911.3563778129173,8576.841956068063
2007-07-31,990271.0034846605,-19555.274433759158,1073.0720365263987,8753.205881893286
2007-08-01,992846.3537835663,-17591.46444339445,1129.3147131815786,9308.503513779142
2007-08-02,992229.4607786938,-18282.62335415394,1303.6334356396692,9208.450697208056
2007-08-03,991322.6848815235,-19581.401431254344,1901.075234796619,9003.01107798121
2007-08-06,998799.5532783044,-13088.643894926296,2039.6219237849582,9848.575249445741
2007-08-07,994472.7696673544,-16983.818409176078,1983.6756849933881,9472.912391537102
2007-08-08,994263.2310825746,-17405.629009814584,2831.8087301815394,8837.051362207625
2007-08-09,994242.2299875647,-16741.39086229389,1645.9908636990003,9337.62998615962
2007-08-10,997136.1719719149,-14576.122693898971,1891.8410951979458,9820.453570615966
2007-08-13,995360.6239489854,-16384.249732090975,1644.0815195522737,10100.792161524063
2007-08-14,992245.244821009,-19716.453728232067,1921.1189259792445,10040.579623261816
2007-08-15,993125.9175790536,-19067.196204988635,2091.391791252303,10101.721992789884
2007-08-16,992157.3200559692,-20204.193263294408,2333.597406151588,10027.915913111996
2007-08-17,998770.1118699041,-14511.073100152425,2192.385646184557,11088.799323871965
2007-08-20,1000949.0584072835,-13210.168969179038,2192.385646184557,11966.841730277985
2007-08-21,1004333.7166219946,-10582.816252988647,2192.385646184557,12724.147228798713
2007-08-22,1004013.4631987435,-10596.227089751395,2192.385646184557,12417.304642310366
2007-08-23,1002961.5733422288,-12666.627644262393,2192.385646184557,13435.81534030661
2007-08-24,1001524.2384075904,-13598.275179979391,2192.385646184557,12930.12794138526
2007-08-27,1003240.6957734043,-14055.138068355154,2192.385646184557,15103.448195574922
2007-08-28,1001106.0566929542,-15321.115428882535,2192.385646184557,14234.78647565213
2007-08-29,1004149.8078320266,-14463.743948379415,2192.385646184557,16421.16613422148
2007-08-30,1004498.24784534,-14559.127551350859,2192.385646184557,16864.989750506356
2007-08-31,1005567.4689027388,-14477.440636186395,2192.385646184557,17852.523892740603
2007-09-04,1009156.6624798779,-14440.935541532352,2192.385646184557,21405.212375225732
2007-09-05,1010411.8342807698,-14602.685506563052,2192.385646184557,22822.1341411483
2007-09-06,1011110.2914521345,-14498.407727555605,2192.385646184557,23416.31353350554
2007-09-07,1012568.4591796729,-14314.185825095396,2192.385646184557,24690.259358583717
2007-09-10,1016004.3905150619,-14287.004862782429,2192.385646184557,28099.009731659782
2007-09-11,1016970.4947135714,-14017.882163362694,2192.385646184557,28795.991230749525
2007-09-12,1017822.1554868907,-14218.639240375021,2192.385646184557,29848.40908108116
2007-09-13,1017385.6798789946,-14487.149833070464,2192.385646184557,29680.444065880496
2007-09-14,1018717.2509498972,-14088.178627246874,2192.385646184557,30613.04393095954
2007-09-17,1024009.7237203745,-14376.719553556642,2192.385646184557,36194.0576277466
2007-09-18,1022922.6648439564,-14083.819814548595,2192.385646184557,34814.099012320396
2007-09-19,1021118.8760233275,-14255.397090792889,2192.385646184557,33181.8874679358
2007-09-20,1020682.0873712585,-15868.293308355613,2192.385646184557,34357.995033429586
2007-09-21,1018495.0314235201,-16653.58890018449,2192.385646184557,32956.23467752
2007-09-24,1018236.6729119965,-16936.887265259982,2192.385646184557,32981.17453107191
2007-09-25,1019287.8178549015,-15877.90295661299,2192.385646184557,32973.335165329976
2007-09-26,1019704.636922933,-15552.03637768433,2192.385646184557,33064.28765443282
2007-09-27,1019723.6405646944,-15580.479967171792,2192.385646184557,33111.73488568165
2007-09-28,1019254.6731676955,-16051.773302993737,2192.385646184557,33114.060824504704
2007-10-01,1018930.8472132236,-16472.94002305495,2192.385646184557,33211.40159009397
2007-10-02,1019279.3449792401,-16117.125028910348,2192.385646184557,33204.084361965884
2007-10-03,1019340.6803461637,-15987.586610257975,2192.385646184557,33135.881310237106
2007-10-04,1019441.7271516101,-15847.982119178516,2192.385646184557,33097.32362460403
2007-10-05,1018246.7090250367,-16844.531273923232,2192.385646184557,32898.854652775335
2007-10-08,1018110.3742985377,-17176.987087236368,2192.385646184557,33094.97573958954
2007-10-09,1018664.5872232872,-16579.796989326947,2192.385646184557,33051.9985664296
2007-10-10,1019387.101632182,-16019.218897347455,2192.385646184557,33213.93488334492
2007-10-11,1018938.7811867719,-16503.055369578535,2192.385646184557,33249.450910165906
2007-10-12,1019029.7456818506,-16412.674448948004,2192.385646184557,33250.034484614036
2007-10-15,1018676.1727220617,-16948.139480688493,2192.385646184557,33431.92655656568
2007-10-16,1018691.233685062,-16531.645707550575,2192.385646184557,33030.49374642805
2007-10-17,1019272.8175704576,-15723.043858698918,2192.385646184557,32803.475782971946
2007-10-18,1019615.600218308,-15122.301018867176,2192.385646184557,32545.51559099066
2007-10-19,1014248.3478866596,-20242.266059518093,2192.385646184557,32298.22829999309
2007-10-22,1015596.1565271943,-19071.205870894482,2192.385646184557,32474.976751904236
2007-10-23,1016572.7913548363,-18071.2757847046,2192.385646184557,32451.68149335636
2007-10-24,1015821.3016702891,-18940.26115279831,2192.385646184557,32569.177176902886
2007-10-25,1014875.9315581276,-19682.863572085043,2192.385646184557,32366.409484028118
2007-10-26,1014711.9262000378,-19123.125796294073,2192.385646184557,31642.666350147338
2007-10-29,1014729.9585193335,-19717.321844089893,2192.385646184557,32254.894717238843
2007-10-30,1013588.0673720273,-20658.921164180152,2192.385646184557,32054.602890022914
2007-10-31,1015759.2491467352,-18321.57331159385,2192.385646184557,31888.43681214447
2007-11-01,1010349.9957543558,-23198.67029426177,2192.385646184557,31356.28040243301
2007-11-02,1012417.6219010158,-20888.19529322826,2192.385646184557,31113.431548059452
2007-11-05,1011406.8928559795,-21862.80288134783,2192.385646184557,31077.310091142775
2007-11-06,1014860.546130332,-18396.94497720548,2192.385646184557,31065.10546135297
2007-11-07,1006058.0410133501,-26715.04843993683,2192.385646184557,30580.7038071024
2007-11-08,1008838.6245597288,-23814.00794575934,2192.385646184557,30460.24685930356
2007-11-09,1005827.868278828,-27215.28722279286,2192.385646184557,30850.769855436287
2007-11-12,1004929.0302474891,-28550.16590985097,2192.385646184557,31286.81051115552
2007-11-13,1013711.4274209101,-20295.991468394175,2192.385646184557,31815.033243119717
2007-11-14,1011455.1879959992,-22774.28372049646,2192.385646184557,32037.08607031114
2007-11-15,1010987.8166783765,-22566.290473245666,2192.385646184557,31361.72150543763
2007-11-16,1019280.0536854777,-13822.525478773983,2192.385646184557,30910.193518067128
2007-11-19,1021111.5653221251,-12127.211291756015,2192.385646184557,31046.390967696556
2007-11-20,1020637.1182658174,-12774.95962954918,2192.385646184557,31219.69224918203
2007-11-21,1022402.3384814957,-10551.311637843843,2192.385646184557,30761.264473155024
2007-11-23,1021470.2329037753,-12655.891511519672,2192.385646184557,31933.73876911041
2007-11-26,1022072.0669256105,-11931.301695423084,2192.385646184557,31810.98297484906
2007-11-27,1024307.4113418682,-9796.955008097459,2192.385646184557,31911.980703781126
2007-11-28,1019812.533152165,-13035.428160077427,2192.385646184557,30655.575666057877
2007-11-29,1020913.0089202393,-12384.550814553164,2192.385646184557,31105.17408860789
2007-11-30,1019049.0572454379,-13653.764110011049,2192.385646184557,30510.435709264362
2007-12-03,1020812.8661045335,-13451.467758154497,2192.385646184557,32071.948216503486
2007-12-04,1021200.2375844473,-13093.602941125515,2192.385646184557,32101.454879388213
2007-12-05,1021306.2487557608,-13100.787073009065,2192.385646184557,32214.65018258535
2007-12-06,1021613.0400002102,-13183.867417781847,2192.385646184557,32604.521771807456
2007-12-07,1022104.5653597291,-12842.468811330036,2192.385646184557,32754.64852487459
2007-12-10,1021296.8356114989,-13965.007878371049,2192.385646184557,33069.457843685406
2007-12-11,1019896.9008003452,-15199.569625310949,2192.385646184557,32904.084779471625
2007-12-12,1022484.1541029552,-13596.155130542,2192.385646184557,33887.92358731269
2007-12-13,1022744.16844476,-13174.943729936494,2192.385646184557,33726.726528511965
2007-12-14,1022231.3000540421,-13216.698049900937,2192.385646184557,33255.612457758514
2007-12-17,1020738.6262597772,-14826.705604691524,2192.385646184557,33372.946218284196
2007-12-18,1021343.841851504,-14578.833575073513,2192.385646184557,33730.28978039301
2007-12-19,1021271.036623959,-15035.659422497149,2192.385646184557,34114.310400271555
2007-12-20,1020612.6016339478,-15319.958222230664,2192.385646184557,33740.174209993915
2007-12-21,1021506.1243947052,-13567.686849308782,2192.385646184557,32881.425597829395
2007-12-24,1019491.2431259659,-15585.173198158387,2192.385646184557,32884.030677939765
2007-12-26,1018679.9907654362,-16432.753271891037,2192.385646184557,32920.35839114268
2007-12-27,1018916.3263924646,-16255.726228355546,2192.385646184557,32979.66697463556
2007-12-28,1018444.2612654852,-16750.508930633194,2192.385646184557,33002.384549933835
2007-12-31,1017666.5935865113,-17595.679408012074,2192.385646184557,33069.887348338845
2008-01-02,1016838.4287336402,-18432.788259833353,2192.385646184557,33078.83134728903
2008-01-03,1018258.8354439919,-16979.777745636646,2192.385646184557,33046.22754344402
2008-01-04,1016450.9754813924,-18648.073445185204,2192.385646184557,32906.663280393
2008-01-07,1020029.2621997406,-15158.20250258979,2192.385646184557,32995.079056145856
2008-01-08,1017108.7888509325,-17823.231123016216,2192.385646184557,32739.634327764157
2008-01-09,1019899.099120148,-15107.364922555978,2192.385646184557,32814.07839651941
2008-01-10,1020233.8928432551,-14938.449269793578,2192.385646184557,32979.956466864096
2008-01-11,1019557.1624598999,-15749.653092257562,2192.385646184557,33114.42990597291
2008-01-14,1020899.759099199,-14423.274289856898,2192.385646184557,33130.64774287131
2008-01-15,1016791.1174046698,-18219.696873256355,2192.385646184557,32818.42863174155
2008-01-16,1020231.541104902,-15107.504043312161,2192.385646184557,33146.65950202965
2008-01-17,1019072.6857235687,-16101.209291963838,2192.385646184557,32981.50936934794
2008-01-18,1029096.6223402516,-5962.719486649148,2192.385646184557,32866.956180716166
2008-01-22,1025385.4046562017,-9897.826562031638,2192.385646184557,33090.8455720488
2008-01-23,1027563.3565151866,-6676.949268014985,2192.385646184557,32047.920137017034
2008-01-24,1024212.53589683,-8845.775531361694,2192.385646184557,30865.925782007165
2008-01-25,1024371.6588923448,-9216.791615619557,2192.385646184557,31396.0648617798
2008-01-28,1024933.7844564884,-8233.881888376782,2192.385646184557,30975.280698680668
2008-01-29,1025041.6723637637,-7912.073540323763,2192.385646184557,30761.36025790288
2008-01-30,1025029.3264562851,-7763.808117608656,2192.385646184557,30600.74892770918
2008-01-31,1030592.419503989,-1816.4838288731407,2192.385646184557,30216.51768667763
2008-02-01,1025234.5981584166,-5905.8882762509165,2192.385646184557,28948.10078848293
2008-02-04,1027388.8382745823,-6430.296561620897,2192.385646184557,31626.74919001863
2008-02-05,1025585.4922751499,-9222.253085817792,2192.385646184557,32615.359714783146
2008-02-06,1025261.7660676665,-9408.281461869366,2192.385646184557,32477.661883351277
2008-02-07,1027413.4613473262,-7086.700268176035,2192.385646184557,32307.77596931765
2008-02-08,1028149.952184457,-7334.838732605218,2192.385646184557,33292.40527087764
2008-02-11,1031265.7563435008,-4994.687576466007,2192.385646184557,34068.058273782255
2008-02-12,1031901.8317977779,-4217.704047355684,2192.385646184557,33927.150198949035
2008-02-13,1032358.9046346279,-3156.5995120841544,2192.385646184557,33323.11850052746
2008-02-14,1033054.6093358452,-3768.50721431477,2192.385646184557,34630.73090397543
2008-02-15,1035348.6831292117,-2290.9887796418043,2192.385646184557,35447.2862626689
2008-02-19,1034383.018063733,-3570.285031066509,2192.385646184557,35760.91744861496
2008-02-20,1034484.2106714713,-3638.424818953383,2192.385646184557,35930.24984424014
2008-02-21,1033968.2214781891,-4236.764117510291,2192.385646184557,36012.59994951484
2008-02-22,1035056.5232631525,-3437.986688813544,2192.385646184557,36302.12430578144
2008-02-25,1034740.4950634633,-4165.80433051486,2192.385646184557,36713.913747793646
2008-02-26,1034928.2852203782,-4062.3808374863584,2192.385646184557,36798.280411679996
2008-02-27,1035374.5899547387,-3732.505716654239,2192.385646184557,36914.71002520842
2008-02-28,1035504.8630352754,-3743.497719752835,2192.385646184557,37055.975108843646
2008-02-29,1032863.7844308992,-5899.3162402253365,2192.385646184557,36570.71502493997
2008-03-03,1034459.0899842558,-4814.273086727015,2192.385646184557,37080.9774247983
2008-03-04,1035836.3523070816,-3753.566002669977,2192.385646184557,37397.53266356699
2008-03-05,1036408.2020999524,-3219.0977352900663,2192.385646184557,37434.91418905789
2008-03-06,1034929.8508747458,-4497.4688753630035,2192.385646184557,37234.9341039242
2008-03-07,1035697.620543514,-3900.4865478310967,2192.385646184557,37405.72144516057
2008-03-10,1034533.8533395377,-5042.27859659004,2192.385646184557,37383.74628994323
2008-03-11,1032564.3178649151,-5291.737449330511,2192.385646184557,35663.66966806108
2008-03-12,1034374.1534781669,-3458.7034276896156,2192.385646184557,35640.47125967196
2008-03-13,1035338.2612052341,-2491.8095266947057,2192.385646184557,35637.68508574425
2008-03-14,1029656.3188075516,-8111.268962845672,2192.385646184557,35575.20212421275
2008-03-17,1035652.329232846,-2208.7658689296804,2192.385646184557,35668.70945559116
2008-03-18,1036523.2922994827,-885.273159863078,2192.385646184557,35216.17981316126
2008-03-19,1046447.0453190521,7571.877688183915,2192.385646184557,36682.78198468359
2008-03-20,1050729.8758172817,12111.849785591592,2192.385646184557,36425.64038550563
2008-03-24,1048411.7293855164,9796.843262725393,2192.385646184557,36422.50047660642
2008-03-25,1048752.8766448845,10170.203471750952,2192.385646184557,36390.28752694896
2008-03-26,1050336.8237804493,11733.849176231772,2192.385646184557,36410.58895803301
2008-03-27,1053448.0001514854,14742.702872258844,2192.385646184557,36512.91163304204
2008-03-28,1055201.5230255323,16471.171907011303,2192.385646184557,36537.96547233628
2008-03-31,1056246.5316219141,17460.818555988488,2192.385646184557,36593.32741974108
2008-04-01,1056752.8992713057,17991.068506475305,2192.385646184557,36569.44511864567
2008-04-02,1056717.5779054363,17812.06822315778,2192.385646184557,36713.12403609394
2008-04-03,1055356.1926018177,16336.626255146926,2192.385646184557,36827.18070048629
2008-04-04,1054242.3929807164,15200.69547989068,2192.385646184557,36849.311854641186
2008-04-07,1053070.9930318734,13853.995208806358,2192.385646184557,37024.612176882336
2008-04-08,1053361.3802798865,14124.343440335244,2192.385646184557,37044.65119336662
2008-04-09,1053909.7281945283,14585.355443051783,2192.385646184557,37131.987105292035
2008-04-10,1053755.0510910435,14362.981640816899,2192.385646184557,37199.683804042055
2008-04-11,1058700.130231577,19324.81780075282,2192.385646184557,37182.92678463971
2008-04-14,1058327.3278833192,18782.645360223134,2192.385646184557,37352.29687691154
2008-04-15,1057795.538371037,18191.80827558122,2192.385646184557,37411.344449271215
2008-04-16,1056506.7858455642,17228.586673251004,2192.385646184557,37085.813526128535
2008-04-17,1056922.4721228487,17765.582818957628,2192.385646184557,36964.50365770655
2008-04-18,1053397.2332468214,15314.385335949832,2192.385646184557,35890.462264687056
2008-04-21,1053467.2278185561,15314.385335949832,2192.385646184557,35960.456836421625
2008-04-22,1053589.7241819252,15314.385335949832,2192.385646184557,36082.95319979079
2008-04-23,1053596.7715144164,15314.385335949832,2192.385646184557,36090.00053228205
2008-04-24,1053752.688643842,15314.385335949832,2192.385646184557,36245.9176617075
2008-04-25,1054004.9646546517,15314.385335949832,2192.385646184557,36498.193672517315
2008-04-28,1054374.8913808763,15314.385335949832,2192.385646184557,36868.1203987418
2008-04-29,1054439.4380368944,15314.385335949832,2192.385646184557,36932.66705476015
2008-04-30,1054388.3069859107,15314.385335949832,2192.385646184557,36881.53600377636
2008-05-01,1054693.094163558,15314.385335949832,2192.385646184557,37186.32318142371
2008-05-02,1054804.0345877768,15314.385335949832,2192.385646184557,37297.26360564248
2008-05-05,1055265.4247128628,15314.385335949832,2192.385646184557,37758.65373072855
2008-05-06,1055325.1453568526,15314.385335949832,2192.385646184557,37818.374374718056
2008-05-07,1055361.9691296662,15314.385335949832,2192.385646184557,37855.19814753183
2008-05-08,1055310.6130007342,15314.385335949832,2192.385646184557,37803.84201859997
2008-05-09,1055238.4883366935,15314.385335949832,2192.385646184557,37731.71735455922
2008-05-12,1055757.6902665817,15314.385335949832,2192.385646184557,38250.91928444733
2008-05-13,1055804.9781643804,15314.385335949832,2192.385646184557,38298.20718224603
2008-05-14,1055596.5731109013,15314.385335949832,2192.385646184557,38089.80212876678
2008-05-15,1055446.7566461144,15314.385335949832,2192.385646184557,37939.98566398001
2008-05-16,1055146.26306401,15314.385335949832,2192.385646184557,37639.49208187556
2008-05-19,1055220.158463231,15314.385335949832,2192.385646184557,37713.387481096666
2008-05-20,1055113.6238485696,15314.385335949832,2192.385646184557,37606.85286643519
2008-05-21,1054790.2736508125,15314.385335949832,2192.385646184557,37283.50266867806
2008-05-22,1055003.0958604454,15314.385335949832,2192.385646184557,37496.324878311134
2008-05-23,1054886.3168946297,15314.385335949832,2192.385646184557,37379.54591249535
2008-05-27,1055654.3708415849,15314.385335949832,2192.385646184557,38147.59985945048
2008-05-28,1055930.1801493242,15314.385335949832,2192.385646184557,38423.409167189966
2008-05-29,1056076.918450729,15314.385335949832,2192.385646184557,38570.147468594485
2008-05-30,1055996.2199591403,15314.385335949832,2192.385646184557,38489.44897700602
2008-06-02,1056818.2403313008,15314.385335949832,2192.385646184557,39311.46934916638
2008-06-03,1057161.8349456387,15314.385335949832,2192.385646184557,39655.063963504275
2008-06-04,1057191.0719006143,15314.385335949832,2192.385646184557,39684.300918479916
2008-06-05,1057198.5220263046,15314.385335949832,2192.385646184557,39691.751044170116
2008-06-06,1057092.3885053159,15314.385335949832,2192.385646184557,39585.617523181485
2008-06-09,1057074.623911303,15314.385335949832,2192.385646184557,39567.8529291685
2008-06-10,1057807.4383427491,15314.385335949832,2192.385646184557,40300.66736061487
2008-06-11,1057267.1181044322,15314.385335949832,2192.385646184557,39760.34712229797
2008-06-12,1057721.6069445866,15314.385335949832,2192.385646184557,40214.83596245223
2008-06-13,1058297.9834692115,15314.385335949832,2192.385646184557,40791.212487077224
2008-06-16,1058982.6195391107,15314.385335949832,2192.385646184557,41475.8485569763
2008-06-17,1058488.4159955871,15314.385335949832,2192.385646184557,40981.64501345286
2008-06-18,1057876.516127685,15314.385335949832,2192.385646184557,40369.74514555058
2008-06-19,1057250.9300500588,15314.385335949832,2192.385646184557,39744.15906792437
2008-06-20,1055674.3607900366,15314.385335949832,2192.385646184557,38167.58980790223
2008-06-23,1055767.684515453,15314.385335949832,2192.385646184557,38260.91353331844
2008-06-24,1055860.9314280422,15314.385335949832,2192.385646184557,38354.16044590797
2008-06-25,1055948.3270241162,15314.385335949832,2192.385646184557,38441.556041981676
2008-06-26,1055808.7217767448,15314.385335949832,2192.385646184557,38301.95079461043
2008-06-27,1055738.4316225909,15314.385335949832,2192.385646184557,38231.6606404566
2008-06-30,1055745.0620935583,15314.385335949832,2192.385646184557,38238.29111142375
2008-07-01,1055912.9622227028,15314.385335949832,2192.385646184557,38406.191240568296
2008-07-02,1055658.8888687962,15314.385335949832,2192.385646184557,38152.1178866619
2008-07-03,1055624.405124056,15314.385335949832,2192.385646184557,38117.63414192153
2008-07-07,1055442.6264704573,15314.385335949832,2192.385646184557,37935.855488323024
2008-07-08,1056222.2881519946,15314.385335949832,2192.385646184557,38715.51716986019
2008-07-09,1055650.550135608,15314.385335949832,2192.385646184557,38143.779153473675
2008-07-10,1056108.0593951135,15314.385335949832,2192.385646184557,38601.28841297922
2008-07-11,1056479.5146331433,15314.385335949832,2192.385646184557,38972.74365100893
2008-07-14,1055767.0145762563,15314.385335949832,2192.385646184557,38260.243594122
2008-07-15,1055722.802412707,15314.385335949832,2192.385646184557,38216.03143057239
2008-07-16,1057359.0060008694,15314.385335949832,2192.385646184557,39852.23501873494
2008-07-17,1057119.1952000412,15314.385335949832,2192.385646184557,39612.42421790678
2008-07-18,1057979.2049829424,15314.385335949832,2192.385646184557,40472.43400080816
2008-07-21,1058257.9900539601,15314.385335949832,2192.385646184557,40751.21907182585
2008-07-22,1057944.512172282,15314.385335949832,2192.385646184557,40437.741190147586
2008-07-23,1057530.559966518,15314.385335949832,2192.385646184557,40023.78898438357
2008-07-24,1058391.0461593275,15314.385335949832,2192.385646184557,40884.27517719311
2008-07-25,1058635.8577764365,15314.385335949832,2192.385646184557,41129.086794301984
2008-07-28,1058772.3684651898,15314.385335949832,2192.385646184557,41265.59748305543
2008-07-29,1059283.0135447457,15314.385335949832,2192.385646184557,41776.24256261147
2008-07-30,1059406.3409514066,15314.385335949832,2192.385646184557,41899.56996927224
2008-07-31,1059502.4221435345,15314.385335949832,2192.385646184557,41995.651161400136
2008-08-01,1059606.5135448603,15314.385335949832,2192.385646184557,42099.74256272579
2008-08-04,1059745.785513083,15314.385335949832,2192.385646184557,42239.01453094848
2008-08-05,1058429.435438182,15314.385335949832,2192.385646184557,40922.66445604758
2008-08-06,1059091.3555762707,15314.385335949832,2192.385646184557,41584.58459413622
2008-08-07,1059356.298268895,15314.385335949832,2192.385646184557,41849.52728676051
2008-08-08,1058286.8824492418,15314.385335949832,2192.385646184557,40780.111467107316
2008-08-11,1058437.2234871797,15314.385335949832,2192.385646184557,40930.452505045454
2008-08-12,1059401.5644574082,15314.385335949832,2192.385646184557,41894.793475273764
2008-08-13,1060288.9767591665,15314.385335949832,2192.385646184557,42782.20577703207
2008-08-14,1060337.6957815518,15314.385335949832,2192.385646184557,42830.924799417495
2008-08-15,1060492.692808486,15314.385335949832,2192.385646184557,42985.92182635155
2008-08-18,1060602.6506615733,15314.385335949832,2192.385646184557,43095.87967943901
2008-08-19,1060328.3654747072,15314.385335949832,2192.385646184557,42821.594492572825
2008-08-20,1060320.9260222418,15314.385335949832,2192.385646184557,42814.155040107435
2008-08-21,1060396.7382284503,15314.385335949832,2192.385646184557,42889.96724631591
2008-08-22,1060920.9896122606,15314.385335949832,2192.385646184557,43414.21863012621
2008-08-25,1060943.128442711,15314.385335949832,2192.385646184557,43436.357460576575
2008-08-26,1061110.1663182916,15314.385335949832,2192.385646184557,43603.39533615718
2008-08-27,1061288.8767996002,15314.385335949832,2192.385646184557,43782.10581746593
2008-08-28,1061488.0474633798,15314.385335949832,2192.385646184557,43981.27648124541
2008-08-29,1061897.1538113146,15314.385335949832,2192.385646184557,44390.382829180104
2008-09-02,1062052.7082576684,15314.385335949832,2192.385646184557,44545.93727553403
2008-09-03,1061370.408699792,15314.385335949832,2192.385646184557,43863.63771765772
2008-09-04,1061062.2452594473,15314.385335949832,2192.385646184557,43555.47427731287
2008-09-05,1060638.534731185,15314.385335949832,2192.385646184557,43131.76374905056
2008-09-08,1060290.7019135258,15314.385335949832,2192.385646184557,42783.930931391544
2008-09-09,1060301.0700521492,15314.385335949832,2192.385646184557,42794.299070014735
2008-09-10,1060813.4188475998,15314.385335949832,2192.385646184557,43306.64786546538
2008-09-11,1061338.5240548388,15314.385335949832,2192.385646184557,43831.75307270442
2008-09-12,1062131.059497097,15314.385335949832,2192.385646184557,44624.288514962536
2008-09-15,1059365.5582280448,15314.385335949832,2192.385646184557,41858.78724591038
2008-09-16,1058652.0729687063,15314.385335949832,2192.385646184557,41145.30198657187
2008-09-17,1055683.5934973643,15314.385335949832,2192.385646184557,38176.822515230044
2008-09-18,1057294.6410946096,15314.385335949832,2192.385646184557,39787.87011247536
2008-09-19,1058818.4557331752,15314.385335949832,2192.385646184557,41311.68475104077
2008-09-22,1057631.8731391756,15314.385335949832,2192.385646184557,40125.10215704108
2008-09-23,1056768.9417224862,15314.385335949832,2192.385646184557,39262.170740351896
2008-09-24,1058179.4113955265,15314.385335949832,2192.385646184557,40672.6404133921
2008-09-25,1059869.2847125442,15314.385335949832,2192.385646184557,42362.51373040967
2008-09-26,1060585.8790644733,15314.385335949832,2192.385646184557,43079.108082338935
2008-09-29,1054015.4084620082,15314.385335949832,2192.385646184557,36508.63747987384
2008-09-30,1060030.3945539196,15314.385335949832,2192.385646184557,42523.62357178517
2008-10-01,1059569.7508063882,15314.385335949832,2192.385646184557,42062.97982425382
2008-10-02,1057718.3421943458,15314.385335949832,2192.385646184557,40211.57121221139
2008-10-03,1057653.6320491615,15314.385335949832,2192.385646184557,40146.8610670272
2008-10-06,1058439.04325744,15314.385335949832,2192.385646184557,40932.27227530547
2008-10-07,1055106.5437997663,15314.385335949832,2192.385646184557,37599.77281763207
2008-10-08,1056218.588553148,15314.385335949832,2192.385646184557,38711.8175710137
2008-10-09,1051162.6014852903,15314.385335949832,2192.385646184557,33655.83050315594
2008-10-10,1053328.2411258854,15314.385335949832,2192.385646184557,35821.47014375101
2008-10-13,1053211.8053408281,15314.385335949832,2192.385646184557,35705.03435869375
2008-10-14,1056093.8711191718,15314.385335949832,2192.385646184557,38587.10013703746
2008-10-15,1058055.102506765,15314.385335949832,2192.385646184557,40548.33152463054
2008-10-16,1056043.3231005345,15314.385335949832,2192.385646184557,38536.55211840011
2008-10-17,1055219.1159292185,15314.385335949832,2192.385646184557,37712.344947084086
2008-10-20,1057090.9588936756,20359.633421947598,2192.385646184557,34538.939825543435
2008-10-21,1063346.967619489,22385.084501952748,2192.385646184557,38769.497471351526
2008-10-22,1057241.838178703,13920.124681037152,2192.385646184557,41129.3278514815
2008-10-23,1058210.127166702,15544.168652469758,2192.385646184557,40473.572868047515
2008-10-24,1050851.5594458648,8833.414637177368,2192.385646184557,39825.75916250283
2008-10-27,1055594.5725740183,11802.704597803415,2192.385646184557,41599.482330030296
2008-10-28,1060431.2547567766,18200.32577788818,2192.385646184557,40038.54333270376
2008-10-29,1056202.2470467817,10942.79036840389,2192.385646184557,43067.07103219314
2008-10-30,1056273.822603909,14737.595036751707,2192.385646184557,39343.8419209728
2008-10-31,1064800.356151859,21424.646804147284,2192.385646184557,41183.3237015272
2008-11-03,1071633.3388473308,23421.820939396624,2192.385646184557,46019.132261749706
2008-11-04,1076537.0113800885,27978.293948389706,2192.385646184557,46366.33178551425
2008-11-05,1074776.0489994804,23572.438103118446,2192.385646184557,49011.22525017732
2008-11-06,1064371.3399942606,16958.367165214382,2192.385646184557,45220.58718286152
2008-11-07,1074926.949952967,23784.628066704376,2192.385646184557,48949.93624007795
2008-11-10,1073685.2875400647,20870.861720254645,2192.385646184557,50622.04017362557
2008-11-11,1071619.696787307,18640.278488606913,2192.385646184557,50787.03265251545
2008-11-12,1056952.769053184,10699.723109859508,2192.385646184557,44060.66029713978
2008-11-13,1076172.6580865183,24554.145933134365,2192.385646184557,49426.12650719937
2008-11-14,1068591.295747427,19036.708555347286,2192.385646184557,47362.201545895194
2008-11-17,1064208.3908479128,13317.798062404268,2192.385646184557,48698.20713932393
2008-11-18,1066773.0746050742,17246.439660974313,2192.385646184557,47334.249297915376
2008-11-19,1059055.3847136546,13934.055048512993,2192.385646184557,42928.94401895709
2008-11-20,1030109.0788911466,-5426.193438732997,2192.385646184557,33342.88668369502
2008-11-21,1048720.0886532373,1972.9342489453265,2192.385646184557,44554.76875810744
2008-11-24,1032044.5307086314,-10035.310862129321,2192.385646184557,39887.45592457615
2008-11-25,1032216.1609276588,-8904.834319870919,2192.385646184557,38928.609601345146
2008-11-26,1028340.0632948868,-10879.906580161536,2192.385646184557,37027.58422886382
2008-11-28,1023604.0367980433,-13243.35242779483,2192.385646184557,34655.00357965357
2008-12-01,1032700.2616604158,-12216.858861315413,2192.385646184557,42724.73487554665
2008-12-02,1033779.6484034015,-9693.484953945037,2192.385646184557,41280.74771116197
2008-12-03,1033610.5411322723,-7650.834010028979,2192.385646184557,39068.98949611676
2008-12-04,1031172.1649681466,-10375.928681819583,2192.385646184557,39355.70800378162
2008-12-05,1032370.3155998709,-8138.965501267114,2192.385646184557,38316.895454953425
2008-12-08,1032552.7527906969,-5445.510681610089,2192.385646184557,35805.87782612245
2008-12-09,1029956.1148175687,-9839.951541127753,2192.385646184557,37603.68071251188
2008-12-10,1031881.0324116253,-9371.951359436847,2192.385646184557,39060.59812487755
2008-12-11,1030300.1791718394,-13806.760182767408,2192.385646184557,41914.55370842223
2008-12-12,1029509.8512498116,-15192.661113758804,2192.385646184557,42510.126717385836
2008-12-15,1027508.7099135689,-19102.009737037122,2192.385646184557,44418.334004421486
2008-12-16,1032653.9208890719,-10927.977084982092,2192.385646184557,41389.51232786942
2008-12-17,1029332.419856174,-15092.718543194816,2192.385646184557,42232.75275318429
2008-12-18,1024115.8071172079,-21856.649628167506,2192.385646184557,43780.071099190856
2008-12-19,1020364.9301358584,-27323.12765991129,2192.385646184557,45495.672149585094
2008-12-22,1019000.8580768106,-28719.072306784336,2192.385646184557,45527.54473741038
2008-12-23,1019510.3361633705,-28225.6491930068,2192.385646184557,45543.599710192764
2008-12-24,1019893.4528057862,-27865.849532317487,2192.385646184557,45566.91669191909
2008-12-26,1020336.1349874976,-27457.763437239802,2192.385646184557,45601.51277855283
2008-12-29,1018987.779994793,-28857.782531239674,2192.385646184557,45653.17687984812
2008-12-30,1021642.9876985949,-26160.386633605696,2192.385646184557,45610.98868601606
2008-12-31,1022919.6754566592,-24869.76368610037,2192.385646184557,45597.05349657498
2009-01-02,1022389.5800488098,-25457.44412431959,2192.385646184557,45654.63852694479
2009-01-05,1021069.545464853,-26836.05129950063,2192.385646184557,45713.21111816913
2009-01-06,1023458.567510943,-24394.576569770346,2192.385646184557,45660.758434528834
2009-01-07,1020599.8972909882,-27243.536838456173,2192.385646184557,45651.04848325986
2009-01-08,1022585.0740819435,-25318.521833947976,2192.385646184557,45711.210269706906
2009-01-09,1021418.183790805,-26438.296154502896,2192.385646184557,45664.09429912339
2009-01-12,1018373.3057062776,-29374.664919483243,2192.385646184557,45555.58497957629
2009-01-13,1019370.3239654283,-28276.526757475105,2192.385646184557,45454.46507671883
2009-01-14,1016111.035896085,-31563.426817944506,2192.385646184557,45482.07706784492
2009-01-15,1024601.3079521827,-23410.878773653763,2192.385646184557,45819.80107965192
2009-01-16,1031022.2797532199,-17085.644983696868,2192.385646184557,45915.53909073223
2009-01-20,1031871.4254232373,-17085.644983696868,2192.385646184557,46764.68476074957
2009-01-21,1033553.242423643,-17085.644983696868,2192.385646184557,48446.50176115532
2009-01-22,1033789.4808931844,-17085.644983696868,2192.385646184557,48682.74023069674
2009-01-23,1033821.1928676364,-17085.644983696868,2192.385646184557,48714.45220514876
2009-01-26,1035802.9270335569,-17085.644983696868,2192.385646184557,50696.18637106917
2009-01-27,1036692.224941635,-17085.644983696868,2192.385646184557,51585.48427914735
2009-01-28,1035295.8005826368,-17085.644983696868,2192.385646184557,50189.05992014916
2009-01-29,1037604.5227563204,-17085.644983696868,2192.385646184557,52497.782093832735
2009-01-30,1037935.80343806,-17085.644983696868,2192.385646184557,52829.062775572296
2009-02-02,1040481.8647556391,-17085.644983696868,2192.385646184557,55375.12409315142
2009-02-03,1040485.4330489216,-17085.644983696868,2192.385646184557,55378.69238643395
2009-02-04,1040724.0725339944,-17085.644983696868,2192.385646184557,55617.33187150676
2009-02-05,1040397.0561351536,-17085.644983696868,2192.385646184557,55290.31547266594
2009-02-06,1039822.5615497129,-17085.644983696868,2192.385646184557,54715.820887225214
2009-02-09,1043850.3890417702,-17085.644983696868,2192.385646184557,58743.64837928256
2009-02-10,1042219.8418255851,-17085.644983696868,2192.385646184557,57113.101163097424
2009-02-11,1044141.0370570389,-17085.644983696868,2192.385646184557,59034.29639455117
2009-02-12,1044507.3680298058,-17085.644983696868,2192.385646184557,59400.62736731814
2009-02-13,1043936.968291021,-17085.644983696868,2192.385646184557,58830.22762853326
2009-02-17,1040491.7797767061,-17085.644983696868,2192.385646184557,55385.03911421844
2009-02-18,1040506.8747115859,-17085.644983696868,2192.385646184557,55400.13404909824
2009-02-19,1038559.6788039568,-17085.644983696868,2192.385646184557,53452.938141469145
2009-02-20,1037228.2096659099,-17085.644983696868,2192.385646184557,52121.469003422186
2009-02-23,1037408.0259714334,-17085.644983696868,2192.385646184557,52301.28530894569
2009-02-24,1035302.430169428,-17085.644983696868,2192.385646184557,50195.68950694031
2009-02-25,1034627.3714037547,-17085.644983696868,2192.385646184557,49520.630741267
2009-02-26,1033038.6791333536,-17085.644983696868,2192.385646184557,47931.93847086595
2009-02-27,1036703.1133840245,-17085.644983696868,2192.385646184557,51596.37272153678
2009-03-02,1038134.4037636677,-17085.644983696868,2192.385646184557,53027.66310117999
2009-03-03,1038577.7228924544,-17085.644983696868,2192.385646184557,53470.98222996667
2009-03-04,1040226.4520450726,-17085.644983696868,2192.385646184557,55119.71138258488
2009-03-05,1039367.0259337665,-17085.644983696868,2192.385646184557,54260.285271278815
2009-03-06,1039471.4153068494,-17085.644983696868,2192.385646184557,54364.674644361716
2009-03-09,1041225.0226013076,-17085.644983696868,2192.385646184557,56118.28193881991
2009-03-10,1039960.4018054381,-17085.644983696868,2192.385646184557,54853.66114295041
2009-03-11,1039660.2646705199,-17085.644983696868,2192.385646184557,54553.52400803217
2009-03-12,1035672.0440880852,-17085.644983696868,2192.385646184557,50565.30342559749
2009-03-13,1036403.7148350249,-17085.644983696868,2192.385646184557,51296.974172537215
2009-03-16,1036765.6030225968,-17085.644983696868,2192.385646184557,51658.86236010911
2009-03-17,1036327.1170809325,-17085.644983696868,2192.385646184557,51220.376418444794
2009-03-18,1029462.2330174395,-17085.644983696868,2192.385646184557,44355.4923549518
2009-03-19,1034772.4739153723,-17085.644983696868,2192.385646184557,49665.73325288459
2009-03-20,1038661.8462852028,-17085.644983696868,2192.385646184557,53555.105622715084
2009-03-23,1038675.3011381298,-17085.644983696868,2192.385646184557,53568.560475642094
2009-03-24,1038809.4259077001,-17085.644983696868,2192.385646184557,53702.6852452124
2009-03-25,1038856.9680923459,-17085.644983696868,2192.385646184557,53750.227429858176
2009-03-26,1038884.1744028276,-17085.644983696868,2192.385646184557,53777.43374033994
2009-03-27,1038989.6464659222,-17085.644983696868,2192.385646184557,53882.90580343455
2009-03-30,1039175.9286946033,-17085.644983696868,2192.385646184557,54069.18803211558
2009-03-31,1039264.1756887378,-17085.644983696868,2192.385646184557,54157.43502625008
2009-04-01,1039307.6573425545,-17085.644983696868,2192.385646184557,54200.916680066846
2009-04-02,1039243.7193790774,-17085.644983696868,2192.385646184557,54136.97871658974
2009-04-03,1039158.1895352744,-17085.644983696868,2192.385646184557,54051.448872786714
2009-04-06,1039316.1644124764,-17085.644983696868,2192.385646184557,54209.423749988666
2009-04-07,1039403.5753644297,-17085.644983696868,2192.385646184557,54296.83470194205
2009-04-08,1039527.8665353772,-17085.644983696868,2192.385646184557,54421.125872889534
2009-04-09,1039296.1579200961,-17085.644983696868,2192.385646184557,54189.41725760838
2009-04-13,1039768.3297575281,-17085.644983696868,2192.385646184557,54661.58909504046
2009-04-14,1040217.7743268884,-17085.644983696868,2192.385646184557,55111.03366440069
2009-04-15,1039718.2912686118,-17085.644983696868,2192.385646184557,54611.5506061241
2009-04-16,1039421.3161166636,-17085.644983696868,2192.385646184557,54314.57545417594
2009-04-17,1039833.5658029534,-17085.644983696868,2192.385646184557,54726.82514046575
2009-04-20,1039935.0250022111,-17085.644983696868,2192.385646184557,54828.28433972341
2009-04-21,1040299.2156296915,-17085.644983696868,2192.385646184557,55192.4749672038
2009-04-22,1040196.2478761936,-17085.644983696868,2192.385646184557,55089.50721370592
2009-04-23,1040523.5654492169,-17085.644983696868,2192.385646184557,55416.82478672918
2009-04-24,1040665.1785986926,-17085.644983696868,2192.385646184557,55558.43793620495
2009-04-27,1041092.1014170444,-17085.644983696868,2192.385646184557,55985.36075455672
2009-04-28,1041061.8298413812,-17085.644983696868,2192.385646184557,55955.08917889348
2009-04-29,1041572.3028534874,-17085.644983696868,2192.385646184557,56465.56219099974
2009-04-30,1041469.9121825199,-17085.644983696868,2192.385646184557,56363.17152003222
2009-05-01,1041231.8734059383,-17085.644983696868,2192.385646184557,56125.13274345058
2009-05-04,1041828.4193204751,-17085.644983696868,2192.385646184557,56721.67865798739
2009-05-05,1042058.2158044954,-17085.644983696868,2192.385646184557,56951.475142007694
2009-05-06,1042173.8233304007,-17085.644983696868,2192.385646184557,57067.082667913055
2009-05-07,1042566.6842282396,-17085.644983696868,2192.385646184557,57459.94356575189
2009-05-08,1042712.5015278228,-17085.644983696868,2192.385646184557,57605.76086533512
2009-05-11,1043113.0184100689,-17085.644983696868,2192.385646184557,58006.27774758125
2009-05-12,1043337.2653985443,-17085.644983696868,2192.385646184557,58230.52473605657
2009-05-13,1043717.5632798949,-17085.644983696868,2192.385646184557,58610.82261740719
2009-05-14,1044697.0132836616,-17085.644983696868,2192.385646184557,59590.27262117388
2009-05-15,1045001.3521305381,-17085.644983696868,2192.385646184557,59894.611468050396
2009-05-18,1045106.7743486594,-17085.644983696868,2192.385646184557,60000.03368617175
2009-05-19,1045185.1471885375,-17085.644983696868,2192.385646184557,60078.40652604983
2009-05-20,1045323.49124224,-17085.644983696868,2192.385646184557,60216.75057975226
2009-05-21,1045398.9301112816,-17085.644983696868,2192.385646184557,60292.189448793884
2009-05-22,1045521.935173231,-17085.644983696868,2192.385646184557,60415.194510743255
2009-05-26,1045783.4268632634,-17085.644983696868,2192.385646184557,60676.68620077567
2009-05-27,1046079.5558602016,-17085.644983696868,2192.385646184557,60972.815197713906
2009-05-28,1045936.4177541619,-17085.644983696868,2192.385646184557,60829.67709167418
2009-05-29,1046086.8824448367,-17085.644983696868,2192.385646184557,60980.141782348976
2009-06-01,1045464.4465330329,-17085.644983696868,2192.385646184557,60357.70587054524
2009-06-02,1046065.9880980172,-17085.644983696868,2192.385646184557,60959.24743552948
2009-06-03,1045938.3892600399,-17085.644983696868,2192.385646184557,60831.64859755221
2009-06-04,1046180.990324728,-17085.644983696868,2192.385646184557,61074.24966224027
2009-06-05,1046208.8187117896,-17085.644983696868,2192.385646184557,61102.07804930187
2009-06-08,1046835.5109465683,-17085.644983696868,2192.385646184557,61728.770284080645
2009-06-09,1047372.5032091567,-17085.644983696868,2192.385646184557,62265.76254666899
2009-06-10,1047072.1159770831,-17085.644983696868,2192.385646184557,61965.37531459541
2009-06-11,1046727.905686362,-17085.644983696868,2192.385646184557,61621.16502387426
2009-06-12,1046316.6070716516,-17085.644983696868,2192.385646184557,61209.86640916392
2009-06-15,1047101.950582552,-17085.644983696868,2192.385646184557,61995.20992006431
2009-06-16,1046961.2385562484,-17085.644983696868,2192.385646184557,61854.49789376068
2009-06-17,1047140.0061330516,-17085.644983696868,2192.385646184557,62033.2654705639
2009-06-18,1046141.1475421509,-17085.644983696868,2192.385646184557,61034.406879663235
2009-06-19,1046989.4128570419,-17085.644983696868,2192.385646184557,61882.67219455424
2009-06-22,1047040.617730937,-17085.644983696868,2192.385646184557,61933.87706844928
2009-06-23,1047094.2020321861,-17085.644983696868,2192.385646184557,61987.4613696984
2009-06-24,1047138.67299885,-17085.644983696868,2192.385646184557,62031.93233636231
2009-06-25,1047196.8485204657,-17085.644983696868,2192.385646184557,62090.10785797797
2009-06-26,1047237.0095213538,-17085.644983696868,2192.385646184557,62130.26885886607
2009-06-29,1047189.8214558659,-17085.644983696868,2192.385646184557,62083.080793378176
2009-06-30,1046656.3928176574,-17085.644983696868,2192.385646184557,61549.65215516975
2009-07-01,1045326.4742680595,-17085.644983696868,2192.385646184557,60219.73360557179
2009-07-02,1045389.177456364,-17085.644983696868,2192.385646184557,60282.436793876346
2009-07-06,1044790.4586340836,-17085.644983696868,2192.385646184557,59683.717971595936
2009-07-07,1044165.4480468456,-17085.644983696868,2192.385646184557,59058.70738435793
2009-07-08,1043977.6126454906,-17085.644983696868,2192.385646184557,58870.87198300287
2009-07-09,1042904.2413486952,-17085.644983696868,2192.385646184557,57797.50068620755
2009-07-10,1043580.0206989753,-17085.644983696868,2192.385646184557,58473.28003648762
2009-07-13,1044299.1464217457,-17085.644983696868,2192.385646184557,59192.40575925796
2009-07-14,1044201.4869331159,-17085.644983696868,2192.385646184557,59094.74627062818
2009-07-15,1044046.1710176275,-17085.644983696868,2192.385646184557,58939.430355139775
2009-07-16,1043621.0767930225,-17085.644983696868,2192.385646184557,58514.336130534764
2009-07-17,1043799.1447944029,-17085.644983696868,2192.385646184557,58692.40413191519
2009-07-20,1043939.580491381,-17085.644983696868,2192.385646184557,58832.83982889331
2009-07-21,1043900.8929699464,-17085.644983696868,2192.385646184557,58794.15230745869
2009-07-22,1044318.5147243182,-17085.644983696868,2192.385646184557,59211.77406183048
2009-07-23,1043856.4506858038,-17085.644983696868,2192.385646184557,58749.71002331609
2009-07-24,1043695.210976707,-17085.644983696868,2192.385646184557,58588.47031421936
2009-07-27,1044142.8535675011,-17085.644983696868,2192.385646184557,59036.112905013375
2009-07-28,1044744.8422735941,-17085.644983696868,2192.385646184557,59638.101611106424
2009-07-29,1044852.7170053383,-17085.644983696868,2192.385646184557,59745.9763428506
2009-07-30,1044817.8541327573,-17085.644983696868,2192.385646184557,59711.1134702696
2009-07-31,1044991.8484162416,-17085.644983696868,2192.385646184557,59885.107753753895
2009-08-03,1045770.6761085319,-17085.644983696868,2192.385646184557,60663.9354460442
2009-08-04,1045594.6590320454,-17085.644983696868,2192.385646184557,60487.91836955771
2009-08-05,1040997.7785683065,-17085.644983696868,2192.385646184557,55891.03790581878
2009-08-06,1039808.4040866236,-17085.644983696868,2192.385646184557,54701.663424135884
2009-08-07,1037337.7518603008,-17085.644983696868,2192.385646184557,52231.01119781309
2009-08-10,1036393.2807407281,-17085.644983696868,2192.385646184557,51286.54007824045
2009-08-11,1039564.0603621032,-17085.644983696868,2192.385646184557,54457.31969961547
2009-08-12,1039079.6970184203,-17085.644983696868,2192.385646184557,53972.956355932634
2009-08-13,1039042.5681689603,-17085.644983696868,2192.385646184557,53935.82750647259
2009-08-14,1039325.0468919654,-17085.644983696868,2192.385646184557,54218.30622947775
2009-08-17,1039780.5432859331,-17085.644983696868,2192.385646184557,54673.8026234454
2009-08-18,1038893.6625466261,-17085.644983696868,2192.385646184557,53786.92188413837
2009-08-19,1038193.3466366886,-17085.644983696868,2192.385646184557,53086.60597420088
2009-08-20,1033652.601955599,-17085.644983696868,2192.385646184557,48545.861293111346
2009-08-21,1032934.6775424624,-17085.644983696868,2192.385646184557,47827.93687997467
2009-08-24,1031574.4993672246,-18445.823158934596,2192.385646184557,47827.93687997467
2009-08-25,1032208.8692884116,-17811.453237747657,2192.385646184557,47827.93687997467
2009-08-26,1031909.51708253,-18110.805443629273,2192.385646184557,47827.93687997467
2009-08-27,1031845.0383717275,-18175.284154431778,2192.385646184557,47827.93687997467
2009-08-28,1031685.5155765364,-18334.806949622813,2192.385646184557,47827.93687997467
2009-08-31,1031138.6160385016,-18881.70648765762,2192.385646184557,47827.93687997467
2009-09-01,1028181.182983,-21839.139543159283,2192.385646184557,47827.93687997467
2009-09-02,1028705.7632972605,-21314.559228898725,2192.385646184557,47827.93687997467
2009-09-03,1030483.4491620609,-19536.87336409837,2192.385646184557,47827.93687997467
2009-09-04,1031414.4248096348,-18605.89771652443,2192.385646184557,47827.93687997467
2009-09-08,1030980.6599605196,-19039.66256563959,2192.385646184557,47827.93687997467
2009-09-09,1030446.2617009401,-19574.060825219145,2192.385646184557,47827.93687997467
2009-09-10,1030321.8590899883,-19698.463436170947,2192.385646184557,47827.93687997467
2009-09-11,1029861.9011446213,-20158.42138153792,2192.385646184557,47827.93687997467
2009-09-14,1028456.7737129775,-21563.548813181696,2192.385646184557,47827.93687997467
2009-09-15,1029047.9498048413,-20972.372721317923,2192.385646184557,47827.93687997467
2009-09-16,1029989.4583310122,-20030.864195147064,2192.385646184557,47827.93687997467
2009-09-17,1029866.1934470617,-20154.129079097533,2192.385646184557,47827.93687997467
2009-09-18,1029143.5836422263,-20876.738883932936,2192.385646184557,47827.93687997467
2009-09-21,1029143.5836422263,-20876.738883932936,2192.385646184557,47827.93687997467
2009-09-22,1029143.5836422263,-20876.738883932936,2192.385646184557,47827.93687997467
2009-09-23,1029143.5836422263,-20876.738883932936,2192.385646184557,47827.93687997467
2009-09-24,1029143.5836422263,-20876.738883932936,2192.385646184557,47827.93687997467
2009-09-25,1029143.5836422263,-20876.738883932936,2192.385646184557,47827.93687997467
2009-09-28,1029143.5836422263,-20876.738883932936,2192.385646184557,47827.93687997467
2009-09-29,1029143.5836422263,-20876.738883932936,2192.385646184557,47827.93687997467
2009-09-30,1029143.5836422263,-20876.738883932936,2192.385646184557,47827.93687997467
2009-10-01,1029143.5836422263,-20876.738883932936,2192.385646184557,47827.93687997467
2009-10-02,1029143.5836422263,-20876.738883932936,2192.385646184557,47827.93687997467
2009-10-05,1029143.5836422263,-20876.738883932936,2192.385646184557,47827.93687997467
2009-10-06,1029143.5836422263,-20876.738883932936,2192.385646184557,47827.93687997467
2009-10-07,1029143.5836422263,-20876.738883932936,2192.385646184557,47827.93687997467
2009-10-08,1029143.5836422263,-20876.738883932936,2192.385646184557,47827.93687997467
2009-10-09,1029143.5836422263,-20876.738883932936,2192.385646184557,47827.93687997467
2009-10-12,1029143.5836422263,-20876.738883932936,2192.385646184557,47827.93687997467
2009-10-13,1029143.5836422263,-20876.738883932936,2192.385646184557,47827.93687997467
2009-10-14,1029143.5836422263,-20876.738883932936,2192.385646184557,47827.93687997467
2009-10-15,1029143.5836422263,-20876.738883932936,2192.385646184557,47827.93687997467
2009-10-16,1029143.5836422263,-20876.738883932936,2192.385646184557,47827.93687997467
2009-10-19,1029266.7666757496,-20876.738883932936,2192.385646184557,47951.11991349794
2009-10-20,1029475.4869547252,-20876.738883932936,2192.385646184557,48159.84019247361
2009-10-21,1029633.8600430362,-20876.738883932936,2192.385646184557,48318.21328078455
2009-10-22,1029425.0040669299,-20876.738883932936,2192.385646184557,48109.3573046783
2009-10-23,1029782.1731600451,-20876.738883932936,2192.385646184557,48466.52639779344
2009-10-26,1030059.699243657,-20876.738883932936,2192.385646184557,48744.05248140544
2009-10-27,1030104.9476751278,-20876.738883932936,2192.385646184557,48789.30091287615
2009-10-28,1029683.1942874342,-20876.738883932936,2192.385646184557,48367.5475251826
2009-10-29,1030406.5747182786,-20876.738883932936,2192.385646184557,49090.92795602698
2009-10-30,1029675.2957452997,-20876.738883932936,2192.385646184557,48359.64898304804
2009-11-02,1029583.2288942247,-20876.738883932936,2192.385646184557,48267.58213197312
2009-11-03,1029471.2634735503,-20876.738883932936,2192.385646184557,48155.6167112987
2009-11-04,1029530.712251093,-20876.738883932936,2192.385646184557,48215.065488841385
2009-11-05,1029405.6415440524,-20876.738883932936,2192.385646184557,48089.99478180078
2009-11-06,1029756.249088977,-20876.738883932936,2192.385646184557,48440.60232672538
2009-11-09,1030367.7633100103,-20876.738883932936,2192.385646184557,49052.11654775869
2009-11-10,1030522.6748880662,-20876.738883932936,2192.385646184557,49207.02812581463
2009-11-11,1030525.4068502658,-20876.738883932936,2192.385646184557,49209.76008801418
2009-11-12,1030741.9858919573,-20876.738883932936,2192.385646184557,49426.33912970568
2009-11-13,1030827.7922695875,-20876.738883932936,2192.385646184557,49512.145507335896
2009-11-16,1031406.8597425225,-20876.738883932936,2192.385646184557,50091.21298027085
2009-11-17,1031926.0243803142,-20876.738883932936,2192.385646184557,50610.37761806254
2009-11-18,1032427.1967587818,-20876.738883932936,2192.385646184557,51111.54999653017
2009-11-19,1032851.0424036281,-20876.738883932936,2192.385646184557,51535.3956413765
2009-11-20,1033011.4460394122,-20876.738883932936,2192.385646184557,51695.79927716055
2009-11-23,1031047.8277703517,-22841.637095869402,2192.385646184557,51697.07922003651
2009-11-24,1032139.2909693804,-21746.4034794193,2192.385646184557,51693.30880261515
2009-11-25,1031568.1888891141,-22305.612708742265,2192.385646184557,51681.41595167178
2009-11-27,1031113.965896112,-22814.928351736395,2192.385646184557,51736.50860166387
2009-11-30,1030137.8261066909,-23806.17555161845,2192.385646184557,51751.61601212481
2009-12-01,1031022.1840452156,-22874.571068892605,2192.385646184557,51704.36946792365
2009-12-02,1031263.7691974666,-22517.944940616726,2192.385646184557,51589.32849189872
2009-12-03,1032043.3977354876,-21728.72070720978,2192.385646184557,51579.73279651278
2009-12-04,1031964.7007437677,-21845.775994876283,2192.385646184557,51618.09109245939
2009-12-07,1031329.9891879958,-22384.771338767838,2192.385646184557,51522.37488057907
2009-12-08,1030724.0381790198,-22911.207043995382,2192.385646184557,51442.85957683064
2009-12-09,1031262.85761949,-22373.123677337426,2192.385646184557,51443.59565064288
2009-12-10,1031200.1874437263,-22409.892992398934,2192.385646184557,51417.694789940724
2009-12-11,1030669.5770190635,-22857.883315618034,2192.385646184557,51335.074688497
2009-12-14,1029608.765761873,-23862.19312820898,2192.385646184557,51278.57324389741
2009-12-15,1030550.90386166,-22942.764067269745,2192.385646184557,51301.28228274523
2009-12-16,1030600.4809180369,-22921.853628766723,2192.385646184557,51329.948900619056
2009-12-17,1031289.6083248007,-22170.427080958383,2192.385646184557,51267.64975957456
2009-12-18,1033665.4978668211,-19805.714278072817,2192.385646184557,51278.826498709386
2009-12-21,1033717.60292629,-19805.714278072817,2192.385646184557,51330.93155817827
2009-12-22,1033760.2442099875,-19805.714278072817,2192.385646184557,51373.57284187572
2009-12-23,1033787.9132454981,-19805.714278072817,2192.385646184557,51401.24187738635
2009-12-24,1033821.4114617511,-19805.714278072817,2192.385646184557,51434.74009363935
2009-12-28,1033950.4605917669,-19805.714278072817,2192.385646184557,51563.78922365513
2009-12-29,1033987.6126613318,-19805.714278072817,2192.385646184557,51600.941293220036
2009-12-30,1034022.6021252746,-19805.714278072817,2192.385646184557,51635.93075716286
2009-12-31,1034053.2148717692,-19805.714278072817,2192.385646184557,51666.54350365745
2010-01-04,1034228.5873501516,-19805.714278072817,2192.385646184557,51841.91598203988
2010-01-05,1034218.9857400622,-19805.714278072817,2192.385646184557,51832.31437195046
2010-01-06,1034159.8868527483,-19805.714278072817,2192.385646184557,51773.2154846366
2010-01-07,1034203.3199862667,-19805.714278072817,2192.385646184557,51816.648618154926
2010-01-08,1034332.7084847322,-19805.714278072817,2192.385646184557,51946.03711662046
2010-01-11,1034447.145692919,-19805.714278072817,2192.385646184557,52060.47432480729
2010-01-12,1034635.9597359161,-19805.714278072817,2192.385646184557,52249.28836780437
2010-01-13,1034774.0896313383,-19805.714278072817,2192.385646184557,52387.418263226515
2010-01-14,1034875.8186255366,-19805.714278072817,2192.385646184557,52489.14725742489
2010-01-15,1035169.7173959053,-19805.714278072817,2192.385646184557,52783.04602779355
2010-01-19,1035296.0933932998,-19805.714278072817,2192.385646184557,52909.422025188105
2010-01-20,1035571.9823988901,-19805.714278072817,2192.385646184557,53185.311030778335
2010-01-21,1035419.8112622733,-19805.714278072817,2192.385646184557,53033.139894161606
2010-01-22,1034741.759305467,-19805.714278072817,2192.385646184557,52355.087937355274
2010-01-25,1035675.951954173,-19805.714278072817,2192.385646184557,53289.2805860613
2010-01-26,1035936.1634815146,-19805.714278072817,2192.385646184557,53549.49211340281
2010-01-27,1035469.519266338,-19805.714278072817,2192.385646184557,53082.84789822623
2010-01-28,1035295.8618049688,-19805.714278072817,2192.385646184557,52909.190436857054
2010-01-29,1035059.5814139807,-19805.714278072817,2192.385646184557,52672.91004586895
2010-02-01,1035437.8463141556,-19805.714278072817,2192.385646184557,53051.17494604387
2010-02-02,1035261.240661811,-19805.714278072817,2192.385646184557,52874.56929369923
2010-02-03,1035420.8940451693,-19805.714278072817,2192.385646184557,53034.22267705761
2010-02-04,1035610.5387891751,-19805.714278072817,2192.385646184557,53223.86742106336
2010-02-05,1034946.3684764282,-19805.714278072817,2192.385646184557,52559.69710831647
2010-02-08,1035308.7982619443,-19805.714278072817,2192.385646184557,52922.12689383258
2010-02-09,1035160.6792744395,-19805.714278072817,2192.385646184557,52774.00790632772
2010-02-10,1035219.6373639939,-19805.714278072817,2192.385646184557,52832.96599588217
2010-02-11,1035138.0317119515,-19805.714278072817,2192.385646184557,52751.36034383974
2010-02-12,1034916.1016476398,-19805.714278072817,2192.385646184557,52529.430279528024
2010-02-16,1035649.8032496468,-19805.714278072817,2192.385646184557,53263.13188153505
2010-02-17,1035653.6719258543,-19805.714278072817,2192.385646184557,53267.00055774255
2010-02-18,1035728.4689241879,-19805.714278072817,2192.385646184557,53341.7975560762
2010-02-19,1036070.4392250996,-19805.714278072817,2192.385646184557,53683.76785698789
2010-02-22,1035309.816694539,-20581.49404019036,2192.385646184557,53698.92508854484
2010-02-23,1035414.659076481,-20482.491807722254,2192.385646184557,53704.76523801871
2010-02-24,1035694.6942229939,-20189.675558375544,2192.385646184557,53691.9841351849
2010-02-25,1037174.6526542602,-18699.74612635013,2192.385646184557,53682.01313442574
2010-02-26,1037305.7896998202,-18593.32130350708,2192.385646184557,53706.72535714274
2010-03-01,1036644.27076677,-19279.07303769968,2192.385646184557,53730.958158285124
2010-03-02,1036580.494361028,-19405.725850261748,2192.385646184557,53793.83456510515
2010-03-03,1036743.6983601456,-19266.276454903535,2192.385646184557,53817.589168864535
2010-03-04,1036995.7697340623,-19013.30197731557,2192.385646184557,53816.686065193266
2010-03-05,1035465.2755975239,-20550.367835805402,2192.385646184557,53823.25778714474
2010-03-08,1035514.6458528963,-20559.8320699241,2192.385646184557,53882.09227663581
2010-03-09,1035626.5985586316,-20456.363962078234,2192.385646184557,53890.576874525286
2010-03-10,1035727.2360976866,-20318.40527004539,2192.385646184557,53853.25572154741
2010-03-11,1035678.3080148137,-20304.657901978586,2192.385646184557,53790.58027060772
2010-03-12,1035419.1000995218,-20443.342039678013,2192.385646184557,53670.05649301526
2010-03-15,1034992.5753023609,-20844.409473913023,2192.385646184557,53644.599130089395
2010-03-16,1035792.166199302,-20113.8775053774,2192.385646184557,53713.658058494795
2010-03-17,1036139.4602875358,-19778.02897246636,2192.385646184557,53725.1036138176
2010-03-18,1036573.9338932649,-19439.534577577142,2192.385646184557,53821.08282465744
2010-03-19,1037390.7182748922,-18622.182715411764,2192.385646184557,53820.5153441194
2010-03-22,1037390.7182748922,-18622.182715411764,2192.385646184557,53820.5153441194
2010-03-23,1037390.7182748922,-18622.182715411764,2192.385646184557,53820.5153441194
2010-03-24,1037390.7182748922,-18622.182715411764,2192.385646184557,53820.5153441194
2010-03-25,1037390.7182748922,-18622.182715411764,2192.385646184557,53820.5153441194
2010-03-26,1037390.7182748922,-18622.182715411764,2192.385646184557,53820.5153441194
2010-03-29,1037390.7182748922,-18622.182715411764,2192.385646184557,53820.5153441194
2010-03-30,1037390.7182748922,-18622.182715411764,2192.385646184557,53820.5153441194
2010-03-31,1037390.7182748922,-18622.182715411764,2192.385646184557,53820.5153441194
2010-04-01,1037390.7182748922,-18622.182715411764,2192.385646184557,53820.5153441194
2010-04-05,1037390.7182748922,-18622.182715411764,2192.385646184557,53820.5153441194
2010-04-06,1037390.7182748922,-18622.182715411764,2192.385646184557,53820.5153441194
2010-04-07,1037390.7182748922,-18622.182715411764,2192.385646184557,53820.5153441194
2010-04-08,1037390.7182748922,-18622.182715411764,2192.385646184557,53820.5153441194
2010-04-09,1037390.7182748922,-18622.182715411764,2192.385646184557,53820.5153441194
2010-04-12,1037390.7182748922,-18622.182715411764,2192.385646184557,53820.5153441194
2010-04-13,1037390.7182748922,-18622.182715411764,2192.385646184557,53820.5153441194
2010-04-14,1037390.7182748922,-18622.182715411764,2192.385646184557,53820.5153441194
2010-04-15,1037390.7182748922,-18622.182715411764,2192.385646184557,53820.5153441194
2010-04-16,1037390.7182748922,-18622.182715411764,2192.385646184557,53820.5153441194
2010-04-19,1037410.2704574704,-18622.182715411764,2192.385646184557,53840.06752669765
2010-04-20,1037323.4613008039,-18622.182715411764,2192.385646184557,53753.25837003114
2010-04-21,1037548.1613289294,-18622.182715411764,2192.385646184557,53977.95839815657
2010-04-22,1037707.6450065732,-18622.182715411764,2192.385646184557,54137.44207580038
2010-04-23,1037687.1544722834,-18622.182715411764,2192.385646184557,54116.95154151064
2010-04-26,1038184.7179650898,-18622.182715411764,2192.385646184557,54614.51503431704
2010-04-27,1037790.8574410047,-18622.182715411764,2192.385646184557,54220.65451023192
2010-04-28,1038023.4460518378,-18622.182715411764,2192.385646184557,54453.24312106497
2010-04-29,1038414.3193920826,-18622.182715411764,2192.385646184557,54844.11646130984
2010-04-30,1038289.1414542979,-18622.182715411764,2192.385646184557,54718.93852352514
2010-05-03,1038628.6717501796,-18622.182715411764,2192.385646184557,55058.468819406815
2010-05-04,1038823.1341723929,-18622.182715411764,2192.385646184557,55252.9312416201
2010-05-05,1038704.4043424375,-18622.182715411764,2192.385646184557,55134.20141166472
2010-05-06,1037758.3417322106,-18622.182715411764,2192.385646184557,54188.1388014378
2010-05-07,1037242.3125755229,-18622.182715411764,2192.385646184557,53672.10964475013
2010-05-10,1036740.480151753,-18622.182715411764,2192.385646184557,53170.277220980264
2010-05-11,1036968.8951967849,-18622.182715411764,2192.385646184557,53398.692266012076
2010-05-12,1036157.9507606832,-18622.182715411764,2192.385646184557,52587.74782991037
2010-05-13,1037008.6853438645,-18622.182715411764,2192.385646184557,53438.4824130917
2010-05-14,1037498.7031572497,-18622.182715411764,2192.385646184557,53928.50022647693
2010-05-17,1037552.3405599081,-18622.182715411764,2192.385646184557,53982.13762913528
2010-05-18,1037602.1019926291,-18622.182715411764,2192.385646184557,54031.899061856326
2010-05-19,1038087.5974579892,-18622.182715411764,2192.385646184557,54517.39452721644
2010-05-20,1036349.511950849,-18622.182715411764,2192.385646184557,52779.30902007618
2010-05-21,1036512.1969842179,-18622.182715411764,2192.385646184557,52941.99405344506
2010-05-24,1039893.0179213885,-15241.361778241117,2192.385646184557,52941.99405344506
2010-05-25,1042188.6369522812,-12945.742747348384,2192.385646184557,52941.99405344506
2010-05-26,1042852.1761095893,-12282.203590040328,2192.385646184557,52941.99405344506
2010-05-27,1041166.3423193383,-13968.037380291265,2192.385646184557,52941.99405344506
2010-05-28,1041097.3211821101,-14037.058517519501,2192.385646184557,52941.99405344506
2010-06-01,1039670.905187683,-15463.474511946668,2192.385646184557,52941.99405344506
2010-06-02,1041041.074917193,-14093.304782436579,2192.385646184557,52941.99405344506
2010-06-03,1041026.0235482056,-14108.356151424,2192.385646184557,52941.99405344506
2010-06-04,1040759.5207610901,-14374.858938539517,2192.385646184557,52941.99405344506
2010-06-07,1041521.1575460001,-13613.222153629526,2192.385646184557,52941.99405344506
2010-06-08,1042291.1035863248,-12843.276113304775,2192.385646184557,52941.99405344506
2010-06-09,1042669.8691336537,-12464.510565975914,2192.385646184557,52941.99405344506
2010-06-10,1039837.9427154405,-15296.436984189088,2192.385646184557,52941.99405344506
2010-06-11,1039978.0563347703,-15156.32336485933,2192.385646184557,52941.99405344506
2010-06-14,1037439.4275055084,-17694.9521941212,2192.385646184557,52941.99405344506
2010-06-15,1037002.5559116383,-18131.823787991307,2192.385646184557,52941.99405344506
2010-06-16,1037152.7175837456,-17981.662115884013,2192.385646184557,52941.99405344506
2010-06-17,1037494.7442473103,-17639.635452319286,2192.385646184557,52941.99405344506
2010-06-18,1037215.3397144442,-17919.039985185373,2192.385646184557,52941.99405344506
2010-06-21,1035511.4676406196,-19622.912059010006,2192.385646184557,52941.99405344506
2010-06-22,1034451.9732163174,-20682.406483312254,2192.385646184557,52941.99405344506
2010-06-23,1035733.9154503379,-19400.46424929169,2192.385646184557,52941.99405344506
2010-06-24,1033410.5999982002,-21723.77970142942,2192.385646184557,52941.99405344506
2010-06-25,1037287.9870929954,-17846.39260663418,2192.385646184557,52941.99405344506
2010-06-28,1038303.596960244,-16830.782739385613,2192.385646184557,52941.99405344506
2010-06-29,1034526.8594694614,-20607.520230168244,2192.385646184557,52941.99405344506
2010-06-30,1034048.7036180267,-21085.676081602927,2192.385646184557,52941.99405344506
2010-07-01,1036089.4943412307,-19044.885358398897,2192.385646184557,52941.99405344506
2010-07-02,1036573.7886506061,-18560.591049023555,2192.385646184557,52941.99405344506
2010-07-06,1034418.2600517742,-20716.119647855405,2192.385646184557,52941.99405344506
2010-07-07,1035232.094219379,-19902.285480250604,2192.385646184557,52941.99405344506
2010-07-08,1036009.5824850437,-19124.79721458594,2192.385646184557,52941.99405344506
2010-07-09,1036497.996107306,-18636.383592323633,2192.385646184557,52941.99405344506
2010-07-12,1035900.3488289199,-19234.030870709685,2192.385646184557,52941.99405344506
2010-07-13,1035553.9347552728,-19580.4449443568,2192.385646184557,52941.99405344506
2010-07-14,1036524.9667288504,-18609.41297077923,2192.385646184557,52941.99405344506
2010-07-15,1037103.7858520854,-18030.593847544165,2192.385646184557,52941.99405344506
2010-07-16,1044897.4057562944,-10236.973943335237,2192.385646184557,52941.99405344506
2010-07-19,1044415.6519676056,-10775.8622987204,2192.385646184557,52999.12862014142
2010-07-20,1045941.1493036074,-9201.158891144092,2192.385646184557,52949.922548566945
2010-07-21,1045250.0720988604,-10182.09191906033,2192.385646184557,53239.778371736174
2010-07-22,1044891.0981018426,-10163.69636730384,2192.385646184557,52862.40882296185
2010-07-23,1045662.9432084629,-9250.095771370921,2192.385646184557,52720.65333364927
2010-07-26,1045888.1628080485,-9086.260674524005,2192.385646184557,52782.037836387986
2010-07-27,1046514.7640265488,-8267.917648341507,2192.385646184557,52590.29602870578
2010-07-28,1045750.6087969216,-9261.071253597154,2192.385646184557,52819.294404334156
2010-07-29,1046412.9375924886,-8432.727282373467,2192.385646184557,52653.27922867751
2010-07-30,1046687.0407638409,-8245.497664212016,2192.385646184557,52740.15278186835
2010-08-02,1048169.5048952101,-6885.612215194153,2192.385646184557,52862.731464219745
2010-08-03,1048155.4834796696,-6645.493787983083,2192.385646184557,52608.59162146808
2010-08-04,1047973.7473764828,-6874.169286921853,2192.385646184557,52655.53101722011
2010-08-05,1048417.0932471686,-6869.193486986915,2192.385646184557,53093.90108797094
2010-08-06,1048205.0872547748,-7133.486365920049,2192.385646184557,53146.18797451025
2010-08-09,1048596.7467408194,-6864.39705807087,2192.385646184557,53268.75815270585
2010-08-10,1049014.5956750214,-6360.909293124569,2192.385646184557,53183.11932196142
2010-08-11,1048699.6311933822,-6812.381039361469,2192.385646184557,53319.62658655923
2010-08-12,1049432.6149006085,-5930.037453995552,2192.385646184557,53170.26670841966
2010-08-13,1049833.8368025357,-5665.593390097143,2192.385646184557,53307.04454644816
2010-08-16,1050268.6851612092,-5607.443401956465,2192.385646184557,53683.74291698099
2010-08-17,1051600.874692651,-4307.336182746338,2192.385646184557,53715.825229212875
2010-08-18,1052275.5190765383,-4014.6368155367672,2192.385646184557,54097.770245890366
2010-08-19,1050681.6197166736,-5732.044482870144,2192.385646184557,54221.27855335921
2010-08-20,1050886.9875614825,-5430.540031558834,2192.385646184557,54125.14194685663
2010-08-23,1050955.4729664107,-5362.054626630503,2192.385646184557,54125.14194685663
2010-08-24,1051565.492717815,-4752.034875226091,2192.385646184557,54125.14194685663
2010-08-25,1052588.207332754,-3729.3202602870297,2192.385646184557,54125.14194685663
2010-08-26,1053987.5367766568,-2329.990816384321,2192.385646184557,54125.14194685663
2010-08-27,1054420.8133983049,-1896.7141947362106,2192.385646184557,54125.14194685663
2010-08-30,1053351.781128512,-2965.746464529191,2192.385646184557,54125.14194685663
2010-08-31,1054117.0296220994,-2200.4979709418258,2192.385646184557,54125.14194685663
2010-09-01,1053796.5994566458,-2520.928136395407,2192.385646184557,54125.14194685663
2010-09-02,1052596.5853275843,-3720.942265457008,2192.385646184557,54125.14194685663
2010-09-03,1052336.1055725925,-3981.422020448721,2192.385646184557,54125.14194685663
2010-09-07,1052244.8077039723,-4072.7198890688596,2192.385646184557,54125.14194685663
2010-09-08,1051951.254610647,-4366.272982394323,2192.385646184557,54125.14194685663
2010-09-09,1051996.8838839885,-4320.643709052703,2192.385646184557,54125.14194685663
2010-09-10,1051878.9433905617,-4438.584202479571,2192.385646184557,54125.14194685663
2010-09-13,1051797.1660500574,-4520.361542983679,2192.385646184557,54125.14194685663
2010-09-14,1051394.4048950616,-4923.122697979445,2192.385646184557,54125.14194685663
2010-09-15,1051076.5607664846,-5240.966826556483,2192.385646184557,54125.14194685663
2010-09-16,1051601.1915692626,-4716.336023778422,2192.385646184557,54125.14194685663
2010-09-17,1052056.3817988134,-4261.145794227836,2192.385646184557,54125.14194685663
2010-09-20,1051445.0417601126,-4872.4858329285635,2192.385646184557,54125.14194685663
2010-09-21,1050950.4896118776,-5367.03798116371,2192.385646184557,54125.14194685663
2010-09-22,1051468.8423145907,-4848.685278450488,2192.385646184557,54125.14194685663
2010-09-23,1051902.1098405696,-4415.417752471636,2192.385646184557,54125.14194685663
2010-09-24,1052011.0393798316,-4306.488213209552,2192.385646184557,54125.14194685663
2010-09-27,1051011.597271124,-5305.930321917171,2192.385646184557,54125.14194685663
2010-09-28,1051869.06649245,-4448.461100591347,2192.385646184557,54125.14194685663
2010-09-29,1051695.7125204846,-4621.815072556608,2192.385646184557,54125.14194685663
2010-09-30,1051646.9786649183,-4670.548928122735,2192.385646184557,54125.14194685663
2010-10-01,1052284.5759664201,-4032.9516266211867,2192.385646184557,54125.14194685663
2010-10-04,1051186.169308686,-5131.358284355258,2192.385646184557,54125.14194685663
2010-10-05,1053567.2686180857,-2750.2589749555336,2192.385646184557,54125.14194685663
2010-10-06,1053771.6667877752,-2545.860805266071,2192.385646184557,54125.14194685663
2010-10-07,1053219.1144610024,-3098.413132038666,2192.385646184557,54125.14194685663
2010-10-08,1054022.3804031597,-2295.1471898816526,2192.385646184557,54125.14194685663
2010-10-11,1053286.2202520666,-3031.3073409745703,2192.385646184557,54125.14194685663
2010-10-12,1053635.7305916,-2681.7970014411258,2192.385646184557,54125.14194685663
2010-10-13,1054310.9110428435,-2006.6165501977084,2192.385646184557,54125.14194685663
2010-10-14,1053794.2657529772,-2523.2618400640786,2192.385646184557,54125.14194685663
2010-10-15,1056814.2805558415,496.7529628002085,2192.385646184557,54125.14194685663
2010-10-18,1056704.510281458,496.7529628002085,2192.385646184557,54015.37167247315
2010-10-19,1056834.1960270335,496.7529628002085,2192.385646184557,54145.05741804885
2010-10-20,1056821.3329812153,496.7529628002085,2192.385646184557,54132.19437223044
2010-10-21,1056875.2961718142,496.7529628002085,2192.385646184557,54186.157562829554
2010-10-22,1056875.213841278,496.7529628002085,2192.385646184557,54186.07523229346
2010-10-25,1056921.3091362775,496.7529628002085,2192.385646184557,54232.17052729288
2010-10-26,1056964.2403584882,496.7529628002085,2192.385646184557,54275.10174950329
2010-10-27,1056852.395924447,496.7529628002085,2192.385646184557,54163.25731546222
2010-10-28,1056873.416972193,496.7529628002085,2192.385646184557,54184.27836320805
2010-10-29,1056882.3707774985,496.7529628002085,2192.385646184557,54193.232168513816
2010-11-01,1057054.598629281,496.7529628002085,2192.385646184557,54365.46002029604
2010-11-02,1057132.891350117,496.7529628002085,2192.385646184557,54443.7527411324
2010-11-03,1057163.2519100672,496.7529628002085,2192.385646184557,54474.113301082514
2010-11-04,1057044.8189808936,496.7529628002085,2192.385646184557,54355.68037190894
2010-11-05,1056733.9797303635,496.7529628002085,2192.385646184557,54044.84112137882
2010-11-08,1057032.3867750722,496.7529628002085,2192.385646184557,54343.24816608755
2010-11-09,1057288.245845975,496.7529628002085,2192.385646184557,54599.10723699024
2010-11-10,1057346.5632480392,496.7529628002085,2192.385646184557,54657.42463905434
2010-11-11,1057517.6199787636,496.7529628002085,2192.385646184557,54828.48136977875
2010-11-12,1057397.0370838866,496.7529628002085,2192.385646184557,54707.89847490168
2010-11-15,1057442.7010669238,496.7529628002085,2192.385646184557,54753.56245793891
2010-11-16,1057459.331898701,496.7529628002085,2192.385646184557,54770.19328971603
2010-11-17,1057586.9746386465,496.7529628002085,2192.385646184557,54897.83602966159
2010-11-18,1057538.9524553665,496.7529628002085,2192.385646184557,54849.81384638185
2010-11-19,1057768.122500752,496.7529628002085,2192.385646184557,55078.98389176745
2010-11-22,1057776.9266116428,496.7529628002085,2192.385646184557,55087.78800265794
2010-11-23,1057744.0444409433,496.7529628002085,2192.385646184557,55054.9058319584
2010-11-24,1057801.8663168168,496.7529628002085,2192.385646184557,55112.72770783189
2010-11-26,1057880.7246679105,496.7529628002085,2192.385646184557,55191.586058925604
2010-11-29,1057971.932846075,496.7529628002085,2192.385646184557,55282.794237090275
2010-11-30,1058006.5754902768,496.7529628002085,2192.385646184557,55317.436881292146
2010-12-01,1057995.591233103,496.7529628002085,2192.385646184557,55306.45262411842
2010-12-02,1057983.7706369194,496.7529628002085,2192.385646184557,55294.63202793454
2010-12-03,1058005.2272732202,496.7529628002085,2192.385646184557,55316.088664235314
2010-12-06,1058133.4108766997,496.7529628002085,2192.385646184557,55444.27226771484
2010-12-07,1058177.8005815195,496.7529628002085,2192.385646184557,55488.66197253484
2010-12-08,1058209.9529329832,496.7529628002085,2192.385646184557,55520.81432399852
2010-12-09,1058272.590390266,496.7529628002085,2192.385646184557,55583.45178128104
2010-12-10,1058327.5003569857,496.7529628002085,2192.385646184557,55638.36174800084
2010-12-13,1058479.9329208173,496.7529628002085,2192.385646184557,55790.79431183264
2010-12-14,1058512.8975619804,496.7529628002085,2192.385646184557,55823.75895299576
2010-12-15,1058546.2971404288,496.7529628002085,2192.385646184557,55857.15853144415
2010-12-16,1058704.2716744272,496.7529628002085,2192.385646184557,56015.13306544232
2010-12-17,1058711.3250146997,496.7529628002085,2192.385646184557,56022.18640571507
2010-12-20,1058770.9663650938,496.7529628002085,2192.385646184557,56081.82775610918
2010-12-21,1058792.8154752199,496.7529628002085,2192.385646184557,56103.67686623498
2010-12-22,1058797.860518192,496.7529628002085,2192.385646184557,56108.72190920706
2010-12-23,1058830.0954162981,496.7529628002085,2192.385646184557,56140.956807313254
2010-12-27,1059069.1604581657,496.7529628002085,2192.385646184557,56380.02184918104
2010-12-28,1059076.4940125193,496.7529628002085,2192.385646184557,56387.35540353437
2010-12-29,1059181.0658909455,496.7529628002085,2192.385646184557,56491.92728196061
2010-12-30,1059206.9532771949,496.7529628002085,2192.385646184557,56517.81466820999
2010-12-31,1059325.5497227279,496.7529628002085,2192.385646184557,56636.411113743205
2011-01-03,1059461.6740064458,496.7529628002085,2192.385646184557,56772.53539746115
2011-01-04,1059564.833117303,496.7529628002085,2192.385646184557,56875.69450831809
2011-01-05,1059835.8849901701,496.7529628002085,2192.385646184557,57146.74638118548
2011-01-06,1059911.5760609307,496.7529628002085,2192.385646184557,57222.43745194585
2011-01-07,1060003.3003603276,496.7529628002085,2192.385646184557,57314.161751342705
2011-01-10,1060329.1059307144,496.7529628002085,2192.385646184557,57639.96732172975
2011-01-11,1060153.2497973372,496.7529628002085,2192.385646184557,57464.111188352574
2011-01-12,1060162.2302862266,496.7529628002085,2192.385646184557,57473.09167724196
2011-01-13,1060288.89236535,496.7529628002085,2192.385646184557,57599.75375636504
2011-01-14,1060275.8075903622,496.7529628002085,2192.385646184557,57586.6689813775
2011-01-18,1060457.781042146,496.7529628002085,2192.385646184557,57768.64243316115
2011-01-19,1060510.3515654467,496.7529628002085,2192.385646184557,57821.212956462055
2011-01-20,1060434.5175751485,496.7529628002085,2192.385646184557,57745.37896616361
2011-01-21,1060365.237192981,496.7529628002085,2192.385646184557,57676.098583996296
2011-01-24,1060424.310821026,496.7529628002085,2192.385646184557,57735.172212041216
2011-01-25,1060467.868844579,496.7529628002085,2192.385646184557,57778.730235594325
2011-01-26,1060435.7741151764,496.7529628002085,2192.385646184557,57746.63550619176
2011-01-27,1060235.4135372979,496.7529628002085,2192.385646184557,57546.27492831298
2011-01-28,1060520.574912684,496.7529628002085,2192.385646184557,57831.43630369939
2011-01-31,1060592.8879120653,496.7529628002085,2192.385646184557,57903.74930308061
2011-02-01,1060449.1900594644,496.7529628002085,2192.385646184557,57760.051450479776
2011-02-02,1060582.5230932534,496.7529628002085,2192.385646184557,57893.38448426849
2011-02-03,1060405.9780281624,496.7529628002085,2192.385646184557,57716.8394191775
2011-02-04,1060410.0792455995,496.7529628002085,2192.385646184557,57720.94063661457
2011-02-07,1060609.5862448034,496.7529628002085,2192.385646184557,57920.44763581874
2011-02-08,1060515.7836964387,496.7529628002085,2192.385646184557,57826.64508745377
2011-02-09,1060612.2668559682,496.7529628002085,2192.385646184557,57923.12824698328
2011-02-10,1060521.8824169817,496.7529628002085,2192.385646184557,57832.74380799709
2011-02-11,1060567.6194264381,496.7529628002085,2192.385646184557,57878.48081745324
2011-02-14,1060492.682112868,496.7529628002085,2192.385646184557,57803.543503883295
2011-02-15,1060482.832229678,496.7529628002085,2192.385646184557,57793.693620693404
2011-02-16,1060632.2587602497,496.7529628002085,2192.385646184557,57943.120151264826
2011-02-17,1060549.774293242,496.7529628002085,2192.385646184557,57860.63568425737
2011-02-18,1060512.83380272,496.7529628002085,2192.385646184557,57823.695193735184
2011-02-22,1060512.83380272,496.7529628002085,2192.385646184557,57823.695193735184
2011-02-23,1060512.83380272,496.7529628002085,2192.385646184557,57823.695193735184
2011-02-24,1060512.83380272,496.7529628002085,2192.385646184557,57823.695193735184
2011-02-25,1060512.83380272,496.7529628002085,2192.385646184557,57823.695193735184
2011-02-28,1060512.83380272,496.7529628002085,2192.385646184557,57823.695193735184
2011-03-01,1060512.83380272,496.7529628002085,2192.385646184557,57823.695193735184
2011-03-02,1060512.83380272,496.7529628002085,2192.385646184557,57823.695193735184
2011-03-03,1060512.83380272,496.7529628002085,2192.385646184557,57823.695193735184
2011-03-04,1060512.83380272,496.7529628002085,2192.385646184557,57823.695193735184
2011-03-07,1060512.83380272,496.7529628002085,2192.385646184557,57823.695193735184
2011-03-08,1060512.83380272,496.7529628002085,2192.385646184557,57823.695193735184
2011-03-09,1060512.83380272,496.7529628002085,2192.385646184557,57823.695193735184
2011-03-10,1060512.83380272,496.7529628002085,2192.385646184557,57823.695193735184
2011-03-11,1060512.83380272,496.7529628002085,2192.385646184557,57823.695193735184
2011-03-14,1060512.83380272,496.7529628002085,2192.385646184557,57823.695193735184
2011-03-15,1060512.83380272,496.7529628002085,2192.385646184557,57823.695193735184
2011-03-16,1060512.83380272,496.7529628002085,2192.385646184557,57823.695193735184
2011-03-17,1060512.83380272,496.7529628002085,2192.385646184557,57823.695193735184
2011-03-18,1060512.83380272,496.7529628002085,2192.385646184557,57823.695193735184
2011-03-21,1060518.0276122815,496.7529628002085,2192.385646184557,57828.889003296616
2011-03-22,1060516.166442621,496.7529628002085,2192.385646184557,57827.02783363615
2011-03-23,1060553.7353781094,496.7529628002085,2192.385646184557,57864.5967691245
2011-03-24,1060544.8639515974,496.7529628002085,2192.385646184557,57855.72534261248
2011-03-25,1060401.248915088,496.7529628002085,2192.385646184557,57712.110306103015
2011-03-28,1060503.0165069401,496.7529628002085,2192.385646184557,57813.87789795548
2011-03-29,1060599.507994452,496.7529628002085,2192.385646184557,57910.36938546738
2011-03-30,1060650.953724368,496.7529628002085,2192.385646184557,57961.81511538313
2011-03-31,1060646.8553990424,496.7529628002085,2192.385646184557,57957.716790057486
2011-04-01,1060657.670068243,496.7529628002085,2192.385646184557,57968.53145925817
2011-04-04,1060661.544193333,496.7529628002085,2192.385646184557,57972.40558434813
2011-04-05,1060636.7847386338,496.7529628002085,2192.385646184557,57947.6461296489
2011-04-06,1060492.0775505286,496.7529628002085,2192.385646184557,57802.93894154369
2011-04-07,1060550.404554326,496.7529628002085,2192.385646184557,57861.26594534144
2011-04-08,1060393.0414770069,496.7529628002085,2192.385646184557,57703.90286802221
2011-04-11,1060521.8665989712,496.7529628002085,2192.385646184557,57832.727989986306
2011-04-12,1060442.7618491757,496.7529628002085,2192.385646184557,57753.62324019079
2011-04-13,1060469.9718399774,496.7529628002085,2192.385646184557,57780.83323099278
2011-04-14,1060347.512494469,496.7529628002085,2192.385646184557,57658.37388548418
2011-04-15,1060143.6585053368,496.7529628002085,2192.385646184557,57454.519896351965
2011-04-18,1060272.5751370946,496.7529628002085,2192.385646184557,57583.436528109945
2011-04-19,1060358.0772137996,496.7529628002085,2192.385646184557,57668.93860481493
2011-04-20,1059935.759293858,496.7529628002085,2192.385646184557,57246.62068487308
2011-04-21,1059842.669350307,496.7529628002085,2192.385646184557,57153.53074132232
2011-04-25,1060069.8844913156,496.7529628002085,2192.385646184557,57380.74588233093
2011-04-26,1059970.8225948336,496.7529628002085,2192.385646184557,57281.68398584891
2011-04-27,1059923.3358308435,496.7529628002085,2192.385646184557,57234.19722185866
2011-04-28,1059553.8900099257,496.7529628002085,2192.385646184557,56864.75140094105
2011-04-29,1059451.1972563812,496.7529628002085,2192.385646184557,56762.058647396276
2011-05-02,1059872.7042458178,496.7529628002085,2192.385646184557,57183.565636832966
2011-05-03,1059625.188521721,496.7529628002085,2192.385646184557,56936.049912736285
2011-05-04,1059540.3927767747,496.7529628002085,2192.385646184557,56851.254167789826
2011-05-05,1059278.5051476634,496.7529628002085,2192.385646184557,56589.36653867876
2011-05-06,1059557.760729156,496.7529628002085,2192.385646184557,56868.62212017132
2011-05-09,1060257.3498914684,496.7529628002085,2192.385646184557,57568.211282483535
2011-05-10,1060329.1934079216,496.7529628002085,2192.385646184557,57640.054798936704
2011-05-11,1059778.2802682342,496.7529628002085,2192.385646184557,57089.14165924955
2011-05-12,1059231.4474620665,496.7529628002085,2192.385646184557,56542.30885308189
2011-05-13,1059286.742388703,496.7529628002085,2192.385646184557,56597.60377971828
2011-05-16,1059094.4641891276,496.7529628002085,2192.385646184557,56405.32558014267
2011-05-17,1059323.9680155744,496.7529628002085,2192.385646184557,56634.829406589735
2011-05-18,1059909.6203706185,496.7529628002085,2192.385646184557,57220.48176163365
2011-05-19,1060070.8459730288,496.7529628002085,2192.385646184557,57381.70736404392
2011-05-20,1059751.2250165087,496.7529628002085,2192.385646184557,57062.08640752407
2011-05-23,1059767.98649813,496.7529628002085,2192.385646184557,57078.84788914514
2011-05-24,1059779.465443911,496.7529628002085,2192.385646184557,57090.32683492638
2011-05-25,1059782.8282810948,496.7529628002085,2192.385646184557,57093.68967211014
2011-05-26,1059802.4633307052,496.7529628002085,2192.385646184557,57113.324721720535
2011-05-27,1059811.796066234,496.7529628002085,2192.385646184557,57122.65745724924
2011-05-31,1059851.129455516,496.7529628002085,2192.385646184557,57161.990846531466
2011-06-01,1059910.5981868403,496.7529628002085,2192.385646184557,57221.459577855654
2011-06-02,1059910.2766720406,496.7529628002085,2192.385646184557,57221.13806305593
2011-06-03,1059882.401395495,496.7529628002085,2192.385646184557,57193.26278651017
2011-06-06,1059951.3709142525,496.7529628002085,2192.385646184557,57262.232305267826
2011-06-07,1059972.7996146106,496.7529628002085,2192.385646184557,57283.661005625734
2011-06-08,1060059.3528403793,496.7529628002085,2192.385646184557,57370.214231394464
2011-06-09,1059994.8063542359,496.7529628002085,2192.385646184557,57305.66774525121
2011-06-10,1060055.497342018,496.7529628002085,2192.385646184557,57366.35873303306
2011-06-13,1060133.5465767086,496.7529628002085,2192.385646184557,57444.40796772367
2011-06-14,1060158.8366594743,496.7529628002085,2192.385646184557,57469.698050489416
2011-06-15,1060221.4447519411,496.7529628002085,2192.385646184557,57532.30614295625
2011-06-16,1060320.6883620964,496.7529628002085,2192.385646184557,57631.54975311179
2011-06-17,1060451.1339905788,496.7529628002085,2192.385646184557,57761.99538159394
2011-06-20,1060467.633127137,496.7529628002085,2192.385646184557,57778.494518152205
2011-06-21,1060477.6710871388,496.7529628002085,2192.385646184557,57788.53247815417
2011-06-22,1060510.1423867973,496.7529628002085,2192.385646184557,57821.00377781247
2011-06-23,1060291.9488032,496.7529628002085,2192.385646184557,57602.81019421527
2011-06-24,1060401.054929763,496.7529628002085,2192.385646184557,57711.91632077843
2011-06-27,1060573.9528455562,496.7529628002085,2192.385646184557,57884.81423657155
2011-06-28,1060640.2607464856,496.7529628002085,2192.385646184557,57951.122137500905
2011-06-29,1060650.7377933008,496.7529628002085,2192.385646184557,57961.599184315884
2011-06-30,1060609.8421738055,496.7529628002085,2192.385646184557,57920.70356482081
2011-07-01,1060607.9102057344,496.7529628002085,2192.385646184557,57918.771596749546
2011-07-05,1060694.621826142,496.7529628002085,2192.385646184557,58005.48321715719
2011-07-06,1060668.1127374033,496.7529628002085,2192.385646184557,57978.9741284186
2011-07-07,1060766.1833843137,496.7529628002085,2192.385646184557,58077.044775329065
2011-07-08,1060784.7342014257,496.7529628002085,2192.385646184557,58095.59559244104
2011-07-11,1060719.411806426,496.7529628002085,2192.385646184557,58030.27319744113
2011-07-12,1060594.3703712476,496.7529628002085,2192.385646184557,57905.23176226276
2011-07-13,1060662.8611711645,496.7529628002085,2192.385646184557,57973.72256217967
2011-07-14,1060633.3164944882,496.7529628002085,2192.385646184557,57944.177885503275
2011-07-15,1060736.8101803605,496.7529628002085,2192.385646184557,58047.6715713758
2011-07-18,1060850.7558686826,496.7529628002085,2192.385646184557,58161.61725969799
2011-07-19,1060713.5667651906,496.7529628002085,2192.385646184557,58024.42815620592
2011-07-20,1060867.4324119026,496.7529628002085,2192.385646184557,58178.2938029177
2011-07-21,1060585.1025671763,496.7529628002085,2192.385646184557,57895.963958191685
2011-07-22,1060636.963536311,496.7529628002085,2192.385646184557,57947.82492732606
2011-07-25,1060767.051360289,496.7529628002085,2192.385646184557,58077.91275130422
2011-07-26,1060790.8351330478,496.7529628002085,2192.385646184557,58101.69652406289
2011-07-27,1060156.8010922573,496.7529628002085,2192.385646184557,57467.66248327261
2011-07-28,1060205.7344326568,496.7529628002085,2192.385646184557,57516.5958236719
2011-07-29,1060282.0951769669,496.7529628002085,2192.385646184557,57592.95656798198
2011-08-01,1060472.0526047712,496.7529628002085,2192.385646184557,57782.91399578657
2011-08-02,1060125.9502120446,496.7529628002085,2192.385646184557,57436.81160305999
2011-08-03,1060323.2653807546,496.7529628002085,2192.385646184557,57634.12677176995
2011-08-04,1058678.0750294682,496.7529628002085,2192.385646184557,55988.93642048328
2011-08-05,1058779.6145303356,496.7529628002085,2192.385646184557,56090.475921351
2011-08-08,1058300.684325282,496.7529628002085,2192.385646184557,55611.545716297114
2011-08-09,1059120.9257936603,496.7529628002085,2192.385646184557,56431.78718467546
2011-08-10,1058369.5693367966,496.7529628002085,2192.385646184557,55680.430727811996
2011-08-11,1059905.034007295,496.7529628002085,2192.385646184557,57215.895398310386
2011-08-12,1059647.3969433806,496.7529628002085,2192.385646184557,56958.25833439594
2011-08-15,1059657.8837124077,496.7529628002085,2192.385646184557,56968.745103422785
2011-08-16,1059900.960810115,496.7529628002085,2192.385646184557,57211.822201130446
2011-08-17,1060216.2927754512,496.7529628002085,2192.385646184557,57527.154166466324
2011-08-18,1061029.749948978,496.7529628002085,2192.385646184557,58340.61133999331
2011-08-19,1061221.1289937054,496.7529628002085,2192.385646184557,58531.9903847205
2011-08-22,1062065.0819675305,1234.0148143494735,2192.385646184557,58638.68150699651
2011-08-23,1064998.4202897805,4434.491097797407,2192.385646184557,58371.54354579863
2011-08-24,1064198.042395917,3740.84984346095,2192.385646184557,58264.80690627149
2011-08-25,1060902.2879691024,45.63237224856857,2192.385646184557,58664.26995066926
2011-08-26,1062820.7812542287,2076.9194628896657,2192.385646184557,58551.476145154564
2011-08-29,1066286.3960970691,5310.724597664317,2192.385646184557,58783.28585322015
2011-08-30,1066186.4503918253,5194.686854086118,2192.385646184557,58799.37789155473
2011-08-31,1067048.0992242135,6213.200468092342,2192.385646184557,58642.51310993661
2011-09-01,1067001.162197687,5882.022302734549,2192.385646184557,58926.75424876786
2011-09-02,1065369.076407279,3998.4182787340833,2192.385646184557,59178.27248236025
2011-09-06,1063228.0504354574,1374.0342960389098,2192.385646184557,59661.63049323391
2011-09-07,1065552.1118036648,3586.024045986822,2192.385646184557,59773.70211149356
2011-09-08,1065006.9584083809,2971.0852600022918,2192.385646184557,59843.48750219401
2011-09-09,1062332.0112051466,105.76848477055319,2192.385646184557,60033.85707419156
2011-09-12,1064147.0734104053,1312.988876663847,2192.385646184557,60641.69888755679
2011-09-13,1066138.8733992942,2910.7686457157834,2192.385646184557,61035.719107393874
2011-09-14,1067485.6995336516,4014.103780770907,2192.385646184557,61279.210106696
2011-09-15,1066738.5914380765,3262.5675019626506,2192.385646184557,61283.638289929135
2011-09-16,1066534.3699765662,2875.952820947161,2192.385646184557,61466.03150943434
2011-09-19,1068040.307364351,4306.047260200372,2192.385646184557,61541.87445796607
2011-09-20,1069060.4556847613,5325.404604672571,2192.385646184557,61542.665433904156
2011-09-21,1071077.2955389116,7440.086544364458,2192.385646184557,61444.8233483627
2011-09-22,1072421.1956514977,9052.906201469712,2192.385646184557,61175.90380384331
2011-09-23,1071707.1682173419,8156.260887392098,2192.385646184557,61358.52168376534
2011-09-26,1072318.1119294357,8620.18522628781,2192.385646184557,61505.54105696338
2011-09-27,1071873.1485254765,8053.546341544832,2192.385646184557,61627.21653774707
2011-09-28,1071595.738816107,7682.613437599153,2192.385646184557,61720.739732323214
2011-09-29,1074124.9717393091,10116.739625554415,2192.385646184557,61815.84646757017
2011-09-30,1088258.6489187782,24214.884215327445,2192.385646184557,61851.37905726605
2011-10-03,1075362.061327755,11451.819655096624,2192.385646184557,61717.85602647392
2011-10-04,1078184.8544468288,14098.16498765722,2192.385646184557,61894.30381298717
2011-10-05,1079041.8273910056,14899.927300206386,2192.385646184557,61949.51444461453
2011-10-06,1079408.139799311,15245.722361966153,2192.385646184557,61970.03179116035
2011-10-07,1080456.6801129882,16539.157621669,2192.385646184557,61725.136845134664
2011-10-10,1079280.6603575316,14809.027513427893,2192.385646184557,62279.24719791906
2011-10-11,1080161.1255399208,15784.564874055097,2192.385646184557,62184.17501968099
2011-10-12,1080392.4402530394,15802.076458938187,2192.385646184557,62397.97814791673
2011-10-13,1079870.415409142,15236.011958808755,2192.385646184557,62442.01780414861
2011-10-14,1078380.4258110602,13544.292298092972,2192.385646184557,62643.747866782825
2011-10-17,1076953.9434416594,12423.404568487662,2192.385646184557,62338.153226987226
2011-10-18,1078500.6314482642,13521.771258165129,2192.385646184557,62786.474543914665
2011-10-19,1078365.515955671,13376.983551303972,2192.385646184557,62796.14675818244
2011-10-20,1078728.7051110556,13505.141002387623,2192.385646184557,63031.178462483454
2011-10-21,1080411.6033569586,14731.36142547999,2192.385646184557,63487.85628529405
2011-10-24,1080466.641556032,14731.36142547999,2192.385646184557,63542.894484367454
2011-10-25,1080539.1135677458,14731.36142547999,2192.385646184557,63615.36649608123
2011-10-26,1080399.0407789305,14731.36142547999,2192.385646184557,63475.293707265984
2011-10-27,1080089.947184342,14731.36142547999,2192.385646184557,63166.20011267741
2011-10-28,1080055.0044014885,14731.36142547999,2192.385646184557,63131.257329823915
2011-10-31,1080111.2783747118,14731.36142547999,2192.385646184557,63187.5313030472
2011-11-01,1080019.3540453776,14731.36142547999,2192.385646184557,63095.60697371303
2011-11-02,1080323.2988480206,14731.36142547999,2192.385646184557,63399.551776356064
2011-11-03,1080585.485955764,14731.36142547999,2192.385646184557,63661.738884099526
2011-11-04,1080602.009303505,14731.36142547999,2192.385646184557,63678.26223184052
2011-11-07,1080838.0270058853,14731.36142547999,2192.385646184557,63914.279934220714
2011-11-08,1080888.9339781324,14731.36142547999,2192.385646184557,63965.18690646789
2011-11-09,1080967.5018565976,14731.36142547999,2192.385646184557,64043.75478493306
2011-11-10,1080830.0240371553,14731.36142547999,2192.385646184557,63906.276965490775
2011-11-11,1080781.1743710027,14731.36142547999,2192.385646184557,63857.42729933816
2011-11-14,1080885.6992219219,14731.36142547999,2192.385646184557,63961.952150257304
2011-11-15,1081009.3380709938,14731.36142547999,2192.385646184557,64085.59099932923
2011-11-16,1081115.1557334657,14731.36142547999,2192.385646184557,64191.408661801135
2011-11-17,1081003.476232949,14731.36142547999,2192.385646184557,64079.7291612844
2011-11-18,1081014.9931020632,14731.36142547999,2192.385646184557,64091.246030398645
2011-11-21,1081249.0779982596,14946.177135791513,2192.385646184557,64110.5152162835
2011-11-22,1083771.8717027295,17463.83655371226,2192.385646184557,64115.649502832675
2011-11-23,1084169.8866761264,18008.526217317092,2192.385646184557,63968.97481262474
2011-11-25,1083505.6377963098,17247.091879335814,2192.385646184557,64066.160270789405
2011-11-28,1084575.030113887,18012.304701333167,2192.385646184557,64370.339766369434
2011-11-29,1085858.8064779507,19266.45268351969,2192.385646184557,64399.96814824641
2011-11-30,1088134.2808357677,21774.14726291783,2192.385646184557,64167.74792666547
2011-12-01,1087034.6198989656,20627.12529507489,2192.385646184557,64215.10895770625
2011-12-02,1087910.3319115527,21489.002827631542,2192.385646184557,64228.943437736714
2011-12-05,1088356.3659570557,21927.279892207822,2192.385646184557,64236.70041866321
2011-12-06,1089003.154762831,22508.774608891807,2192.385646184557,64301.99450775469
2011-12-07,1089545.1224343535,22936.400596047984,2192.385646184557,64416.33619212103
2011-12-08,1087686.1761569548,20963.77205576375,2192.385646184557,64530.01845500665
2011-12-09,1089868.9529714575,23242.176345768617,2192.385646184557,64434.390979504446
2011-12-12,1089774.2691046041,22949.78058022901,2192.385646184557,64632.10287819058
2011-12-13,1089205.1377565074,22395.538084469503,2192.385646184557,64617.2140258532
2011-12-14,1088987.1296979056,22072.643557575182,2192.385646184557,64722.10049414588
2011-12-15,1088801.70482513,22054.66400607361,2192.385646184557,64554.65517287189
2011-12-16,1087468.4771969318,20599.529665282695,2192.385646184557,64676.561885464704
2011-12-19,1087510.1831216826,20599.529665282695,2192.385646184557,64718.26781021524
2011-12-20,1087501.9626264567,20599.529665282695,2192.385646184557,64710.04731498961
2011-12-21,1087453.2888235264,20599.529665282695,2192.385646184557,64661.373512058984
2011-12-22,1087539.2481372342,20599.529665282695,2192.385646184557,64747.332825766876
2011-12-23,1087411.8682498708,20599.529665282695,2192.385646184557,64619.9529384037
2011-12-27,1087475.3056063708,20599.529665282695,2192.385646184557,64683.39029490342
2011-12-28,1087537.8821844603,20599.529665282695,2192.385646184557,64745.966872992925
2011-12-29,1087556.2455377234,20599.529665282695,2192.385646184557,64764.33022625605
2011-12-30,1087640.0720245563,20599.529665282695,2192.385646184557,64848.15671308921
2012-01-03,1087844.7501878454,20599.529665282695,2192.385646184557,65052.83487637807
2012-01-04,1087883.396099782,20599.529665282695,2192.385646184557,65091.48078831495
2012-01-05,1087936.5174302412,20599.529665282695,2192.385646184557,65144.60211877385
2012-01-06,1088019.955199658,20599.529665282695,2192.385646184557,65228.039888190804
2012-01-09,1088139.1757973162,20599.529665282695,2192.385646184557,65347.26048584888
2012-01-10,1087910.516564577,20599.529665282695,2192.385646184557,65118.60125310952
2012-01-11,1087788.543063357,20599.529665282695,2192.385646184557,64996.62775188964
2012-01-12,1087568.842655159,20599.529665282695,2192.385646184557,64776.9273436917
2012-01-13,1087728.3060934865,20599.529665282695,2192.385646184557,64936.390782019356
2012-01-17,1087715.307907842,20599.529665282695,2192.385646184557,64923.39259637473
2012-01-18,1087806.5955698323,20599.529665282695,2192.385646184557,65014.680258365115
2012-01-19,1087877.0513468701,20599.529665282695,2192.385646184557,65085.136035403004
2012-01-20,1088531.015465931,20599.529665282695,2192.385646184557,65739.10015446367
2012-01-23,1088554.3551743422,20599.529665282695,2192.385646184557,65762.43986287504
2012-01-24,1088578.0778719038,20599.529665282695,2192.385646184557,65786.16256043664
2012-01-25,1088598.0450677592,20599.529665282695,2192.385646184557,65806.1297562921
2012-01-26,1088617.119537259,20599.529665282695,2192.385646184557,65825.20422579185
2012-01-27,1088619.6012305235,20599.529665282695,2192.385646184557,65827.68591905641
2012-01-30,1088698.6163644078,20599.529665282695,2192.385646184557,65906.70105294045
2012-01-31,1088738.864547933,20599.529665282695,2192.385646184557,65946.94923646585
2012-02-01,1088741.4725228506,20599.529665282695,2192.385646184557,65949.55721138348
2012-02-02,1088761.920483178,20599.529665282695,2192.385646184557,65970.00517171086
2012-02-03,1088736.2078941679,20599.529665282695,2192.385646184557,65944.2925827005
2012-02-06,1088813.3337579854,20599.529665282695,2192.385646184557,66021.41844651802
2012-02-07,1088842.030306037,20599.529665282695,2192.385646184557,66050.11499456968
2012-02-08,1088841.2895585261,20599.529665282695,2192.385646184557,66049.374247059
2012-02-09,1088926.6391242454,20599.529665282695,2192.385646184557,66134.72381277825
2012-02-10,1088953.682419735,20599.529665282695,2192.385646184557,66161.76710826787
2012-02-13,1089062.8193027317,20599.529665282695,2192.385646184557,66270.90399126429
2012-02-14,1089074.6491483646,20599.529665282695,2192.385646184557,66282.73383689742
2012-02-15,1089160.6186972638,20599.529665282695,2192.385646184557,66368.7033857964
2012-02-16,1089188.1421394171,20599.529665282695,2192.385646184557,66396.22682794998
2012-02-17,1089261.2886079578,20599.529665282695,2192.385646184557,66469.3732964904
2012-02-21,1089261.2886079578,20599.529665282695,2192.385646184557,66469.3732964904
2012-02-22,1089261.2886079578,20599.529665282695,2192.385646184557,66469.3732964904
2012-02-23,1089261.2886079578,20599.529665282695,2192.385646184557,66469.3732964904
2012-02-24,1089261.2886079578,20599.529665282695,2192.385646184557,66469.3732964904
2012-02-27,1089261.2886079578,20599.529665282695,2192.385646184557,66469.3732964904
2012-02-28,1089261.2886079578,20599.529665282695,2192.385646184557,66469.3732964904
2012-02-29,1089261.2886079578,20599.529665282695,2192.385646184557,66469.3732964904
2012-03-01,1089261.2886079578,20599.529665282695,2192.385646184557,66469.3732964904
2012-03-02,1089261.2886079578,20599.529665282695,2192.385646184557,66469.3732964904
2012-03-05,1089261.2886079578,20599.529665282695,2192.385646184557,66469.3732964904
2012-03-06,1089261.2886079578,20599.529665282695,2192.385646184557,66469.3732964904
2012-03-07,1089261.2886079578,20599.529665282695,2192.385646184557,66469.3732964904
2012-03-08,1089261.2886079578,20599.529665282695,2192.385646184557,66469.3732964904
2012-03-09,1089261.2886079578,20599.529665282695,2192.385646184557,66469.3732964904
2012-03-12,1089261.2886079578,20599.529665282695,2192.385646184557,66469.3732964904
2012-03-13,1089261.2886079578,20599.529665282695,2192.385646184557,66469.3732964904
2012-03-14,1089261.2886079578,20599.529665282695,2192.385646184557,66469.3732964904
2012-03-15,1089261.2886079578,20599.529665282695,2192.385646184557,66469.3732964904
2012-03-16,1089261.2886079578,20599.529665282695,2192.385646184557,66469.3732964904
2012-03-19,1089317.1595340585,20599.529665282695,2192.385646184557,66525.2442225914
2012-03-20,1089341.5736321132,20599.529665282695,2192.385646184557,66549.65832064603
2012-03-21,1089405.1347859479,20599.529665282695,2192.385646184557,66613.21947448072
2012-03-22,1089410.2800207739,20599.529665282695,2192.385646184557,66618.36470930651
2012-03-23,1089423.2059899848,20599.529665282695,2192.385646184557,66631.29067851766
2012-03-26,1089575.0927919527,20599.529665282695,2192.385646184557,66783.17748048552
2012-03-27,1089615.7838021363,20599.529665282695,2192.385646184557,66823.86849066895
2012-03-28,1089695.2559590843,20599.529665282695,2192.385646184557,66903.34064761689
2012-03-29,1089757.9223609543,20599.529665282695,2192.385646184557,66966.0070494872
2012-03-30,1089755.9068371914,20599.529665282695,2192.385646184557,66963.99152572406
2012-04-02,1089954.8236556142,20599.529665282695,2192.385646184557,67162.90834414703
2012-04-03,1090025.7334602512,20599.529665282695,2192.385646184557,67233.8181487841
2012-04-04,1089984.7959488072,20599.529665282695,2192.385646184557,67192.88063733978
2012-04-05,1090068.444777642,20599.529665282695,2192.385646184557,67276.52946617454
2012-04-09,1090291.2258053776,20599.529665282695,2192.385646184557,67499.31049391022
2012-04-10,1090155.8177067568,20599.529665282695,2192.385646184557,67363.90239528939
2012-04-11,1090412.1058319248,20599.529665282695,2192.385646184557,67620.19052045746
2012-04-12,1090607.9574374496,20599.529665282695,2192.385646184557,67816.04212598247
2012-04-13,1090718.6637753942,20599.529665282695,2192.385646184557,67926.74846392684
2012-04-16,1090991.803790947,20599.529665282695,2192.385646184557,68199.88847947982
2012-04-17,1091141.2609396502,20599.529665282695,2192.385646184557,68349.34562818287
2012-04-18,1091297.2870317884,20599.529665282695,2192.385646184557,68505.37172032101
2012-04-19,1091367.176196428,20599.529665282695,2192.385646184557,68575.26088496088
2012-04-20,1091474.3761990257,20599.529665282695,2192.385646184557,68682.46088755853
2012-04-23,1091433.5533762812,20599.529665282695,2192.385646184557,68641.6380648138
2012-04-24,1091234.9346426022,20599.529665282695,2192.385646184557,68443.01933113509
2012-04-25,1091277.0231515155,20599.529665282695,2192.385646184557,68485.10784004815
2012-04-26,1091512.6762785767,20599.529665282695,2192.385646184557,68720.76096710935
2012-04-27,1091516.4630667893,20599.529665282695,2192.385646184557,68724.54775532219
2012-04-30,1091715.000365905,20599.529665282695,2192.385646184557,68923.08505443763
2012-05-01,1091980.5565333692,20599.529665282695,2192.385646184557,69188.64122190187
2012-05-02,1092103.3058984196,20599.529665282695,2192.385646184557,69311.39058695245
2012-05-03,1092127.5813477524,20599.529665282695,2192.385646184557,69335.66603628523
2012-05-04,1091749.616008732,20599.529665282695,2192.385646184557,68957.70069726463
2012-05-07,1092202.815768795,20599.529665282695,2192.385646184557,69410.90045732772
2012-05-08,1092067.0042389613,20599.529665282695,2192.385646184557,69275.0889274939
2012-05-09,1092191.5422208523,20599.529665282695,2192.385646184557,69399.62690938497
2012-05-10,1091386.9968863423,20599.529665282695,2192.385646184557,68595.08157487516
2012-05-11,1091268.0025506485,20599.529665282695,2192.385646184557,68476.08723918116
2012-05-14,1091621.2370285084,20599.529665282695,2192.385646184557,68829.32171704108
2012-05-15,1091624.3836252573,20599.529665282695,2192.385646184557,68832.46831378993
2012-05-16,1091845.00399239,20599.529665282695,2192.385646184557,69053.08868092275
2012-05-17,1091969.5232416647,20599.529665282695,2192.385646184557,69177.60793019738
2012-05-18,1091928.452352759,20599.529665282695,2192.385646184557,69136.5370412916
2012-05-21,1091925.233192373,20599.529665282695,2192.385646184557,69133.3178809057
2012-05-22,1091941.7856017216,20599.529665282695,2192.385646184557,69149.87029025424
2012-05-23,1091934.7157133096,20599.529665282695,2192.385646184557,69142.80040184245
2012-05-24,1091917.7805718388,20599.529665282695,2192.385646184557,69125.8652603717
2012-05-25,1091956.3648151876,20599.529665282695,2192.385646184557,69164.44950372027
2012-05-29,1092028.9641673248,20599.529665282695,2192.385646184557,69237.04885585746
2012-05-30,1092060.6458125706,20599.529665282695,2192.385646184557,69268.73050110345
2012-05-31,1092006.4616076495,20599.529665282695,2192.385646184557,69214.54629618232
2012-06-01,1091996.3211555644,20599.529665282695,2192.385646184557,69204.40584409703
2012-06-04,1092093.8041516156,20599.529665282695,2192.385646184557,69301.88884014846
2012-06-05,1092097.8825555677,20599.529665282695,2192.385646184557,69305.96724410052
2012-06-06,1092043.3621142777,20599.529665282695,2192.385646184557,69251.44680281053
2012-06-07,1092094.6977910004,20599.529665282695,2192.385646184557,69302.782479533
2012-06-08,1091984.6616238519,20599.529665282695,2192.385646184557,69192.7463123845
2012-06-11,1092165.9822003748,20599.529665282695,2192.385646184557,69374.06688890746
2012-06-12,1092218.404946839,20599.529665282695,2192.385646184557,69426.48963537184
2012-06-13,1092177.8024895657,20599.529665282695,2192.385646184557,69385.88717809832
2012-06-14,1091983.1522555114,20599.529665282695,2192.385646184557,69191.23694404424
2012-06-15,1091918.310761821,20599.529665282695,2192.385646184557,69126.39545035362
2012-06-18,1091961.5868444536,20599.529665282695,2192.385646184557,69169.67153298622
2012-06-19,1091976.004180306,20599.529665282695,2192.385646184557,69184.08886883897
2012-06-20,1092026.711101816,20599.529665282695,2192.385646184557,69234.79579034867
2012-06-21,1092111.0880271434,20599.529665282695,2192.385646184557,69319.17271567602
2012-06-22,1092181.5259811548,20599.529665282695,2192.385646184557,69389.61066968762
2012-06-25,1092233.4850101345,20599.529665282695,2192.385646184557,69441.56969866739
2012-06-26,1092312.1564321257,20599.529665282695,2192.385646184557,69520.24112065835
2012-06-27,1092430.7955878954,20599.529665282695,2192.385646184557,69638.88027642807
2012-06-28,1092528.8445156305,20599.529665282695,2192.385646184557,69736.92920416314
2012-06-29,1092333.6742781918,20599.529665282695,2192.385646184557,69541.75896672439
2012-07-02,1092296.3732051845,20599.529665282695,2192.385646184557,69504.45789371734
2012-07-03,1092210.9513136703,20599.529665282695,2192.385646184557,69419.03600220312
2012-07-05,1092489.269157459,20599.529665282695,2192.385646184557,69697.3538459919
2012-07-06,1092539.028679499,20599.529665282695,2192.385646184557,69747.11336803157
2012-07-09,1092645.07574306,20599.529665282695,2192.385646184557,69853.16043159273
2012-07-10,1092461.6212580851,20599.529665282695,2192.385646184557,69669.70594661799
2012-07-11,1092363.4414103092,20599.529665282695,2192.385646184557,69571.52609884203
2012-07-12,1092384.4120519813,20599.529665282695,2192.385646184557,69592.49674051418
2012-07-13,1092247.8389651068,20599.529665282695,2192.385646184557,69455.92365363939
2012-07-16,1092214.6616964377,20599.529665282695,2192.385646184557,69422.74638497061
2012-07-17,1092353.698329952,20599.529665282695,2192.385646184557,69561.78301848494
2012-07-18,1092416.2266534711,20599.529665282695,2192.385646184557,69624.31134200399
2012-07-19,1092511.3075447725,20599.529665282695,2192.385646184557,69719.39223330538
2012-07-20,1092603.9416739736,20599.529665282695,2192.385646184557,69812.02636250644
2012-07-23,1092652.4940014267,20599.529665282695,2192.385646184557,69860.5786899596
2012-07-24,1092278.0693085599,20599.529665282695,2192.385646184557,69486.15399709251
2012-07-25,1092434.6712831557,20599.529665282695,2192.385646184557,69642.75597168831
2012-07-26,1092436.9049458713,20599.529665282695,2192.385646184557,69644.98963440419
2012-07-27,1092470.2162371217,20599.529665282695,2192.385646184557,69678.30092565459
2012-07-30,1092593.8437934183,20599.529665282695,2192.385646184557,69801.92848195089
2012-07-31,1092599.4206931582,20599.529665282695,2192.385646184557,69807.50538169104
2012-08-01,1092727.7985272277,20599.529665282695,2192.385646184557,69935.88321576035
2012-08-02,1092687.9307483383,20599.529665282695,2192.385646184557,69896.01543687121
2012-08-03,1092742.9197624424,20599.529665282695,2192.385646184557,69951.00445097499
2012-08-06,1092918.3123483448,20599.529665282695,2192.385646184557,70126.3970368777
2012-08-07,1093080.4408957064,20599.529665282695,2192.385646184557,70288.52558423928
2012-08-08,1093009.2494632313,20599.529665282695,2192.385646184557,70217.33415176393
2012-08-09,1092845.8838991383,20599.529665282695,2192.385646184557,70053.96858767094
2012-08-10,1092859.1100813267,20599.529665282695,2192.385646184557,70067.19476985931
2012-08-13,1093102.008541712,20599.529665282695,2192.385646184557,70310.0932302447
2012-08-14,1092985.960815635,20599.529665282695,2192.385646184557,70194.04550416768
2012-08-15,1092987.3667562841,20599.529665282695,2192.385646184557,70195.45144481701
2012-08-16,1092528.629509117,20599.529665282695,2192.385646184557,69736.71419764985
2012-08-17,1092658.6358301183,20599.529665282695,2192.385646184557,69866.72051865119
2012-08-20,1092580.278778148,20599.529665282695,2192.385646184557,69788.36346668052
2012-08-21,1092646.0074759088,20599.529665282695,2192.385646184557,69854.09216444171
2012-08-22,1092757.6369500211,20599.529665282695,2192.385646184557,69965.72163855401
2012-08-23,1092773.541699112,20599.529665282695,2192.385646184557,69981.62638764479
2012-08-24,1092842.437168588,20599.529665282695,2192.385646184557,70050.52185712056
2012-08-27,1092953.3435979905,20599.529665282695,2192.385646184557,70161.42828652309
2012-08-28,1092988.372925655,20599.529665282695,2192.385646184557,70196.45761418762
2012-08-29,1092989.0112069263,20599.529665282695,2192.385646184557,70197.09589545918
2012-08-30,1093009.0915791984,20599.529665282695,2192.385646184557,70217.176267731
2012-08-31,1092980.235767649,20599.529665282695,2192.385646184557,70188.32045618189
2012-09-04,1093098.3576815957,20599.529665282695,2192.385646184557,70306.44237012835
2012-09-05,1093126.4631803879,20599.529665282695,2192.385646184557,70334.54786892049
2012-09-06,1093129.8602139205,20599.529665282695,2192.385646184557,70337.94490245334
2012-09-07,1093246.2947538272,20599.529665282695,2192.385646184557,70454.37944236002
2012-09-10,1093378.626385828,20599.529665282695,2192.385646184557,70586.71107436065
2012-09-11,1093414.4379719445,20599.529665282695,2192.385646184557,70622.52266047732
2012-09-12,1093455.1558257933,20599.529665282695,2192.385646184557,70663.24051432614
2012-09-13,1093412.487217268,20599.529665282695,2192.385646184557,70620.57190580084
2012-09-14,1093321.199478629,20599.529665282695,2192.385646184557,70529.28416716168
2012-09-17,1093335.7398374146,20599.529665282695,2192.385646184557,70543.82452594722
2012-09-18,1093524.046227506,20599.529665282695,2192.385646184557,70732.13091603853
2012-09-19,1093486.5039072633,20599.529665282695,2192.385646184557,70694.58859579614
2012-09-20,1093469.416500925,20599.529665282695,2192.385646184557,70677.50118945772
2012-09-21,1093410.46335326,20599.529665282695,2192.385646184557,70618.54804179282
2012-09-24,1092339.7391960714,20599.529665282695,1092.7436351751676,70647.46589561342
2012-09-25,1091182.8401781945,20599.529665282695,-89.62454090185929,70672.93505381374
2012-09-26,1090543.0504421825,20599.529665282695,-748.9364289123332,70692.45720581198
2012-09-27,1091656.4894431503,20599.529665282695,339.38564100128133,70717.57413686649
2012-09-28,1090705.3278008,20599.529665282695,-354.4479231694713,70460.24605868687
2012-10-01,1090193.1460650375,20599.529665282695,-941.9919893399347,70535.6083890947
2012-10-02,1090345.2171505457,20599.529665282695,-784.8831561236875,70530.57064138656
2012-10-03,1090607.215013811,20599.529665282695,-528.9854592819465,70536.67080781003
2012-10-04,1090542.6228555331,20599.529665282695,-441.12286444962956,70384.21605470008
2012-10-05,1091385.8988445548,20599.529665282695,369.7303774582688,70416.63880181382
2012-10-08,1090485.4548162874,20599.529665282695,-543.6034062380204,70429.5285572426
2012-10-09,1089481.762324823,20599.529665282695,-1517.9920634682057,70400.2247230087
2012-10-10,1089146.5898001553,20599.529665282695,-1819.510757655371,70366.57089252793
2012-10-11,1089869.3688032432,20599.529665282695,-1184.4210357045522,70454.2601736649
2012-10-12,1089304.1811202175,20599.529665282695,-1698.3817751533352,70403.03323008819
2012-10-15,1089833.158502358,20599.529665282695,-1219.003653315478,70452.63249039068
2012-10-16,1090242.8919147037,20599.529665282695,-799.4204342940357,70442.78268371499
2012-10-17,1092439.3177907632,20599.529665282695,1107.7994887337554,70731.98863674677
2012-10-18,1093564.9484246308,20599.529665282695,2167.9187204542104,70797.5000388939
2012-10-19,1092871.6319666465,20599.529665282695,1402.0576016560663,70870.04469970777
2012-10-22,1093052.4916612923,20599.529665282695,1402.0576016560663,71050.9043943535
2012-10-23,1092979.125637298,20599.529665282695,1402.0576016560663,70977.53837035922
2012-10-24,1092953.0870622722,20599.529665282695,1402.0576016560663,70951.49979533348
2012-10-25,1093236.0923596264,20599.529665282695,1402.0576016560663,71234.50509268767
2012-10-26,1093279.8307362779,20599.529665282695,1402.0576016560663,71278.2434693391
2012-10-31,1093600.1905918445,20599.529665282695,1402.0576016560663,71598.60332490574
2012-11-01,1093001.863431627,20599.529665282695,1402.0576016560663,71000.27616468817
2012-11-02,1092916.1144469487,20599.529665282695,1402.0576016560663,70914.52718000999
2012-11-05,1093012.8388163731,20599.529665282695,1402.0576016560663,71011.25154943438
2012-11-06,1092910.7930373056,20599.529665282695,1402.0576016560663,70909.20577036683
2012-11-07,1092735.300788685,20599.529665282695,1402.0576016560663,70733.71352174622
2012-11-08,1092512.7087196864,20599.529665282695,1402.0576016560663,70511.12145274761
2012-11-09,1092306.8810379165,20599.529665282695,1402.0576016560663,70305.29377097776
2012-11-12,1092416.3514767876,20599.529665282695,1402.0576016560663,70414.76420984883
2012-11-13,1092088.4183388874,20599.529665282695,1402.0576016560663,70086.83107194863
2012-11-14,1092497.1213651074,20599.529665282695,1402.0576016560663,70495.5340981686
2012-11-15,1092692.1778903515,20599.529665282695,1402.0576016560663,70690.59062341275
2012-11-16,1093207.2309159562,20599.529665282695,1402.0576016560663,71205.64364901744
2012-11-19,1093204.2030339688,20599.529665282695,1402.0576016560663,71202.61576703005
2012-11-20,1093190.0151517563,20599.529665282695,1402.0576016560663,71188.42788481759
2012-11-21,1093201.6207731126,20599.529665282695,1402.0576016560663,71200.03350617387
2012-11-23,1093144.489489003,20599.529665282695,1402.0576016560663,71142.90222206432
2012-11-26,1093435.505843611,20599.529665282695,1402.0576016560663,71433.91857667221
2012-11-27,1093530.6832078113,20599.529665282695,1402.0576016560663,71529.09594087256
2012-11-28,1093629.456258527,20599.529665282695,1402.0576016560663,71627.86899158824
2012-11-29,1093719.8486751867,20599.529665282695,1402.0576016560663,71718.26140824798
2012-11-30,1093696.3465306312,20599.529665282695,1402.0576016560663,71694.75926369242
2012-12-03,1093872.4433001978,20599.529665282695,1402.0576016560663,71870.85603325907
2012-12-04,1093806.6278299345,20599.529665282695,1402.0576016560663,71805.04056299571
2012-12-05,1093549.8726657927,20599.529665282695,1402.0576016560663,71548.28539885394
2012-12-06,1093547.2154999143,20599.529665282695,1402.0576016560663,71545.62823297549
2012-12-07,1093209.81054039,20599.529665282695,1402.0576016560663,71208.2232734512
2012-12-10,1093243.6326749416,20599.529665282695,1402.0576016560663,71242.0454080028
2012-12-11,1093606.9204312165,20599.529665282695,1402.0576016560663,71605.33316427772
2012-12-12,1093596.7610254895,20599.529665282695,1402.0576016560663,71595.17375855078
2012-12-13,1093787.527733366,20599.529665282695,1402.0576016560663,71785.94046642724
2012-12-14,1093644.227206452,20599.529665282695,1402.0576016560663,71642.63993951329
2012-12-17,1093767.156590028,20599.529665282695,1402.0576016560663,71765.5693230892
2012-12-18,1094040.287956678,20599.529665282695,1402.0576016560663,72038.70068973931
2012-12-19,1093992.1575772811,20599.529665282695,1402.0576016560663,71990.57031034236
2012-12-20,1093836.3187094778,20599.529665282695,1402.0576016560663,71834.73144253902
2012-12-21,1094083.6094712613,20599.529665282695,1402.0576016560663,72082.02220432251
2012-12-24,1094235.5420125886,20599.529665282695,1402.0576016560663,72233.95474564983
2012-12-26,1094384.2410474296,20599.529665282695,1402.0576016560663,72382.65378049086
2012-12-27,1094456.3038573028,20599.529665282695,1402.0576016560663,72454.716590364
2012-12-28,1094542.276692681,20599.529665282695,1402.0576016560663,72540.68942574225
2012-12-31,1094753.4688197765,20599.529665282695,1402.0576016560663,72751.88155283779
2013-01-02,1094926.7136575654,20599.529665282695,1402.0576016560663,72925.12639062665
2013-01-03,1094937.265534938,20599.529665282695,1402.0576016560663,72935.67826799932
2013-01-04,1095049.8138459737,20599.529665282695,1402.0576016560663,73048.22657903493
2013-01-07,1095326.6591431985,20599.529665282695,1402.0576016560663,73325.07187625975
2013-01-08,1095430.71918088,20599.529665282695,1402.0576016560663,73429.13191394135
2013-01-09,1095534.689912366,20599.529665282695,1402.0576016560663,73533.10264542722
2013-01-10,1095651.8118733608,20599.529665282695,1402.0576016560663,73650.22460642201
2013-01-11,1095807.9615455521,20599.529665282695,1402.0576016560663,73806.37427861337
2013-01-14,1096258.040076737,20599.529665282695,1402.0576016560663,74256.4528097983
2013-01-15,1096474.1186360265,20599.529665282695,1402.0576016560663,74472.53136908775
2013-01-16,1096719.2071259774,20599.529665282695,1402.0576016560663,74717.61985903862
2013-01-17,1097010.9431770155,20599.529665282695,1402.0576016560663,75009.35591007676
2013-01-18,1097436.195182251,20599.529665282695,1402.0576016560663,75434.60791531228
2013-01-22,1097521.953006468,20599.529665282695,1402.0576016560663,75520.36573952925
2013-01-23,1097370.867433115,20599.529665282695,1402.0576016560663,75369.28016617615
2013-01-24,1097397.5271031288,20599.529665282695,1402.0576016560663,75395.93983619008
2013-01-25,1097368.8020257237,20599.529665282695,1402.0576016560663,75367.21475878498
2013-01-28,1097551.2712464035,20599.529665282695,1402.0576016560663,75549.6839794647
2013-01-29,1097598.0996733229,20599.529665282695,1402.0576016560663,75596.5124063841
2013-01-30,1097605.0082814633,20599.529665282695,1402.0576016560663,75603.42101452453
2013-01-31,1097654.2346714574,20599.529665282695,1402.0576016560663,75652.64740451868
2013-02-01,1097687.3726872723,20599.529665282695,1402.0576016560663,75685.7854203335
2013-02-04,1097854.4315722233,20599.529665282695,1402.0576016560663,75852.84430528455
2013-02-05,1098135.5325353185,20599.529665282695,1402.0576016560663,76133.94526837976
2013-02-06,1098052.5041463387,20599.529665282695,1402.0576016560663,76050.91687939991
2013-02-07,1098213.620812601,20599.529665282695,1402.0576016560663,76212.03354566218
2013-02-08,1098291.4325779486,20599.529665282695,1402.0576016560663,76289.84531100979
2013-02-11,1098460.706036884,20599.529665282695,1402.0576016560663,76459.11876994534
2013-02-12,1098414.5955567623,20599.529665282695,1402.0576016560663,76413.00828982354
2013-02-13,1098357.9291442905,20599.529665282695,1402.0576016560663,76356.34187735175
2013-02-14,1098602.6658488496,20599.529665282695,1402.0576016560663,76601.07858191081
2013-02-15,1098740.7709905102,20599.529665282695,1402.0576016560663,76739.18372357148
2013-02-19,1098771.7092524888,20599.529665282695,1402.0576016560663,76770.12198555004
2013-02-20,1098669.6536986867,20599.529665282695,1402.0576016560663,76668.06643174798
2013-02-21,1098378.171811538,20599.529665282695,1402.0576016560663,76376.58454459929
2013-02-22,1098396.16112661,20599.529665282695,1402.0576016560663,76394.57385967113
2013-02-25,1098168.4168458628,20599.529665282695,1402.0576016560663,76166.829578924
2013-02-26,1098318.3943965659,20599.529665282695,1402.0576016560663,76316.8071296271
2013-02-27,1098414.4626693262,20599.529665282695,1402.0576016560663,76412.87540238746
2013-02-28,1098645.2460048147,20599.529665282695,1402.0576016560663,76643.65873787599
2013-03-01,1098425.8555817304,20599.529665282695,1402.0576016560663,76424.26831479161
2013-03-04,1097721.8168829768,20599.529665282695,1402.0576016560663,75720.22961603804
2013-03-05,1098125.1238129342,20599.529665282695,1402.0576016560663,76123.53654599539
2013-03-06,1098310.3514909644,20599.529665282695,1402.0576016560663,76308.76422402565
2013-03-07,1098745.5608150386,20599.529665282695,1402.0576016560663,76743.97354809986
2013-03-08,1098806.3723544378,20599.529665282695,1402.0576016560663,76804.78508749907
2013-03-11,1098893.4839163455,20599.529665282695,1402.0576016560663,76891.89664940676
2013-03-12,1098615.764373723,20599.529665282695,1402.0576016560663,76614.17710678419
2013-03-13,1098722.2331804757,20599.529665282695,1402.0576016560663,76720.6459135369
2013-03-14,1099404.4336531644,20599.529665282695,1402.0576016560663,77402.84638622566
2013-03-15,1099821.0566320142,20599.529665282695,1402.0576016560663,77819.46936507546
2013-03-18,1099858.2956101182,20599.529665282695,1402.0576016560663,77856.70834317943
2013-03-19,1099867.2481127242,20599.529665282695,1402.0576016560663,77865.6608457854
2013-03-20,1099515.6496712475,20599.529665282695,1402.0576016560663,77514.0624043087
2013-03-21,1098760.851791154,20599.529665282695,1402.0576016560663,76759.26452421513
2013-03-22,1098497.972950125,20599.529665282695,1402.0576016560663,76496.38568318635
2013-03-25,1098293.1409808598,20599.529665282695,1402.0576016560663,76291.55371392099
2013-03-26,1098294.4948467733,20599.529665282695,1402.0576016560663,76292.90757983457
2013-03-27,1098605.858630434,20599.529665282695,1402.0576016560663,76604.27136349515
2013-03-28,1098559.3981676365,20599.529665282695,1402.0576016560663,76557.81090069772
2013-04-01,1098818.7401136004,20599.529665282695,1402.0576016560663,76817.15284666163
2013-04-02,1098636.0833567663,20599.529665282695,1402.0576016560663,76634.4960898275
2013-04-03,1098582.3052776821,20599.529665282695,1402.0576016560663,76580.71801074338
2013-04-04,1098407.8388670464,20599.529665282695,1402.0576016560663,76406.25160010764
2013-04-05,1098379.9191671046,20599.529665282695,1402.0576016560663,76378.33190016588
2013-04-08,1098208.0470878694,20599.529665282695,1402.0576016560663,76206.45982093061
2013-04-09,1098553.479705441,20599.529665282695,1402.0576016560663,76551.89243850228
2013-04-10,1098870.9449956215,20599.529665282695,1402.0576016560663,76869.35772868269
2013-04-11,1098562.3667072116,20599.529665282695,1402.0576016560663,76560.77944027283
2013-04-12,1098595.6602520603,20599.529665282695,1402.0576016560663,76594.07298512151
2013-04-15,1098582.0431627338,20599.529665282695,1402.0576016560663,76580.45589579502
2013-04-16,1098310.960936861,20599.529665282695,1402.0576016560663,76309.37366992235
2013-04-17,1098122.7380024493,20599.529665282695,1402.0576016560663,76121.15073551051
2013-04-18,1097948.2562145386,20599.529665282695,1402.0576016560663,75946.66894759983
2013-04-19,1097535.0329960068,20599.529665282695,1402.0576016560663,75533.44572906801
2013-04-22,1097584.1709485387,20599.529665282695,1402.0576016560663,75582.58368159994
2013-04-23,1097460.4603182967,20599.529665282695,1402.0576016560663,75458.87305135792
2013-04-24,1097096.6220384422,20599.529665282695,1402.0576016560663,75095.03477150341
2013-04-25,1096551.0926731564,20599.529665282695,1402.0576016560663,74549.50540621765
2013-04-26,1096883.8758139096,20599.529665282695,1402.0576016560663,74882.28854697081
2013-04-29,1096700.3789639645,20599.529665282695,1402.0576016560663,74698.79169702576
2013-04-30,1096422.9775645344,20599.529665282695,1402.0576016560663,74421.39029759564
2013-05-01,1096893.0948531704,20599.529665282695,1402.0576016560663,74891.50758623169
2013-05-02,1096830.8693601293,20599.529665282695,1402.0576016560663,74829.28209319059
2013-05-03,1096385.3046631932,20599.529665282695,1402.0576016560663,74383.71739625442
2013-05-06,1096494.360797931,20599.529665282695,1402.0576016560663,74492.77353099221
2013-05-07,1096668.872043907,20599.529665282695,1402.0576016560663,74667.28477696818
2013-05-08,1096873.2691817028,20599.529665282695,1402.0576016560663,74871.68191476399
2013-05-09,1096493.8151402937,20599.529665282695,1402.0576016560663,74492.22787335492
2013-05-10,1096828.0076474145,20599.529665282695,1402.0576016560663,74826.4203804757
2013-05-13,1097346.7588258293,20599.529665282695,1402.0576016560663,75345.17155889049
2013-05-14,1097226.4322676398,20599.529665282695,1402.0576016560663,75224.84500070103
2013-05-15,1097641.8717484518,20599.529665282695,1402.0576016560663,75640.28448151308
2013-05-16,1096650.6578286113,20599.529665282695,1402.0576016560663,74649.07056167256
2013-05-17,1096248.101183311,20599.529665282695,1402.0576016560663,74246.51391637232
2013-05-20,1096324.0065362346,20599.529665282695,1402.0576016560663,74322.41926929587
2013-05-21,1096346.5618295972,20599.529665282695,1402.0576016560663,74344.97456265846
2013-05-22,1096123.373944822,20599.529665282695,1402.0576016560663,74121.78667788324
2013-05-23,1095961.1887946331,20599.529665282695,1402.0576016560663,73959.60152769438
2013-05-24,1095664.2076216524,20599.529665282695,1402.0576016560663,73662.62035471364
2013-05-28,1095231.0778780812,20599.529665282695,1402.0576016560663,73229.49061114248
2013-05-29,1094792.0698378128,20599.529665282695,1402.0576016560663,72790.48257087404
2013-05-30,1094758.508973923,20599.529665282695,1402.0576016560663,72756.92170698429
2013-05-31,1094695.6006644696,20599.529665282695,1402.0576016560663,72694.01339753089
2013-06-03,1094483.5179082875,20599.529665282695,1402.0576016560663,72481.9306413487
2013-06-04,1093948.8002273662,20599.529665282695,1402.0576016560663,71947.2129604274
2013-06-05,1094130.5401609985,20599.529665282695,1402.0576016560663,72128.95289405971
2013-06-06,1094749.7559766422,20599.529665282695,1402.0576016560663,72748.16870970349
2013-06-07,1094655.6218336923,20599.529665282695,1402.0576016560663,72654.03456675354
2013-06-10,1094260.6187056988,20599.529665282695,1402.0576016560663,72259.03143876
2013-06-11,1094182.709574814,20599.529665282695,1402.0576016560663,72181.1223078752
2013-06-12,1094113.7629328978,20599.529665282695,1402.0576016560663,72112.17566595902
2013-06-13,1094385.6638143172,20599.529665282695,1402.0576016560663,72384.07654737844
2013-06-14,1094891.8983135067,20599.529665282695,1402.0576016560663,72890.31104656798
2013-06-17,1095205.9923756884,20599.529665282695,1402.0576016560663,73204.40510874963
2013-06-18,1094925.7344212967,20599.529665282695,1402.0576016560663,72924.14715435798
2013-06-19,1094158.3574057706,20599.529665282695,1402.0576016560663,72156.77013883181
2013-06-20,1093142.4968228121,20599.529665282695,1402.0576016560663,71140.90955587337
2013-06-21,1093912.2321282297,20599.529665282695,1402.0576016560663,71910.64486129093
2013-06-24,1093958.1179807626,20599.529665282695,1402.0576016560663,71956.53071382386
2013-06-25,1093981.1740412638,20599.529665282695,1402.0576016560663,71979.586774325
2013-06-26,1094007.2876985886,20599.529665282695,1402.0576016560663,72005.7004316498
2013-06-27,1094009.7833384958,20599.529665282695,1402.0576016560663,72008.196071557
2013-06-28,1093631.9882859346,20599.529665282695,1402.0576016560663,71630.40101899579
2013-07-01,1093682.4948369027,20599.529665282695,1402.0576016560663,71680.90756996395
2013-07-02,1093679.0437853269,20599.529665282695,1402.0576016560663,71677.45651838812
2013-07-03,1093747.9475215168,20599.529665282695,1402.0576016560663,71746.36025457806
2013-07-05,1093777.8220581282,20599.529665282695,1402.0576016560663,71776.23479118943
2013-07-08,1093790.8970663354,20599.529665282695,1402.0576016560663,71789.30979939667
2013-07-09,1093774.0749633966,20599.529665282695,1402.0576016560663,71772.48769645789
2013-07-10,1093897.489294864,20599.529665282695,1402.0576016560663,71895.90202792524
2013-07-11,1093912.1045931827,20599.529665282695,1402.0576016560663,71910.51732624392
2013-07-12,1094003.8046870015,20599.529665282695,1402.0576016560663,72002.21742006275
2013-07-15,1094228.0455375398,20599.529665282695,1402.0576016560663,72226.458270601
2013-07-16,1094138.3313769328,20599.529665282695,1402.0576016560663,72136.74410999403
2013-07-17,1094009.4586055272,20599.529665282695,1402.0576016560663,72007.87133858842
2013-07-18,1094140.847252632,20599.529665282695,1402.0576016560663,72139.25998569326
2013-07-19,1094093.2565054402,20599.529665282695,1402.0576016560663,72091.66923850146
2013-07-22,1094184.3749861445,20599.529665282695,1402.0576016560663,72182.78771920572
2013-07-23,1094304.0674614697,20599.529665282695,1402.0576016560663,72302.48019453092
2013-07-24,1094322.9118571018,20599.529665282695,1402.0576016560663,72321.32459016307
2013-07-25,1094350.0250296548,20599.529665282695,1402.0576016560663,72348.43776271609
2013-07-26,1094371.6031596197,20599.529665282695,1402.0576016560663,72370.01589268097
2013-07-29,1094684.255149848,20599.529665282695,1402.0576016560663,72682.6678829093
2013-07-30,1094756.264324465,20599.529665282695,1402.0576016560663,72754.6770575263
2013-07-31,1094523.231362052,20599.529665282695,1402.0576016560663,72521.64409511327
2013-08-01,1094651.9226088359,20599.529665282695,1402.0576016560663,72650.3353418971
2013-08-02,1094586.8534813293,20599.529665282695,1402.0576016560663,72585.26621439052
2013-08-05,1095020.9906544967,20599.529665282695,1402.0576016560663,73019.40338755795
2013-08-06,1095100.1907454217,20599.529665282695,1402.0576016560663,73098.60347848292
2013-08-07,1095129.1242609683,20599.529665282695,1402.0576016560663,73127.53699402953
2013-08-08,1094979.7101130185,20599.529665282695,1402.0576016560663,72978.12284607976
2013-08-09,1094962.3181665028,20599.529665282695,1402.0576016560663,72960.73089956399
2013-08-12,1095036.5831271484,20599.529665282695,1402.0576016560663,73034.99586020969
2013-08-13,1094936.4894636928,20599.529665282695,1402.0576016560663,72934.902196754
2013-08-14,1094854.4264515946,20599.529665282695,1402.0576016560663,72852.83918465581
2013-08-15,1094023.348477686,20599.529665282695,1402.0576016560663,72021.7612107473
2013-08-16,1093732.3757874393,20599.529665282695,1402.0576016560663,71730.78852050053
2013-08-19,1093850.5649350449,20599.529665282695,1402.0576016560663,71848.97766810609
2013-08-20,1093898.8933359482,20599.529665282695,1402.0576016560663,71897.30606900947
2013-08-21,1093795.2920505824,20599.529665282695,1402.0576016560663,71793.7047836436
2013-08-22,1093654.2044765037,20599.529665282695,1402.0576016560663,71652.6172095649
2013-08-23,1093757.409882833,20599.529665282695,1402.0576016560663,71755.82261589426
2013-08-26,1093990.8813672995,20599.529665282695,1402.0576016560663,71989.29410036071
2013-08-27,1093959.6362187774,20599.529665282695,1402.0576016560663,71958.04895183863
2013-08-28,1094119.8097575959,20599.529665282695,1402.0576016560663,72118.22249065712
2013-08-29,1094232.509470947,20599.529665282695,1402.0576016560663,72230.92220400833
2013-08-30,1094382.3472832511,20599.529665282695,1402.0576016560663,72380.76001631236
2013-09-03,1094822.944554861,20599.529665282695,1402.0576016560663,72821.35728792218
2013-09-04,1094845.0860978195,20599.529665282695,1402.0576016560663,72843.49883088074
2013-09-05,1094928.4688016975,20599.529665282695,1402.0576016560663,72926.88153475872
2013-09-06,1095009.5221245503,20599.529665282695,1402.0576016560663,73007.93485761154
2013-09-09,1095247.526567604,20599.529665282695,1402.0576016560663,73245.93930066517
2013-09-10,1095390.1789058514,20599.529665282695,1402.0576016560663,73388.59163891268
2013-09-11,1095491.3252275889,20599.529665282695,1402.0576016560663,73489.73796065012
2013-09-12,1095579.7631022881,20599.529665282695,1402.0576016560663,73578.17583534936
2013-09-13,1095676.92421489,20599.529665282695,1402.0576016560663,73675.33694795123
2013-09-16,1096127.0585595686,20599.529665282695,1402.0576016560663,74125.47129262984
2013-09-17,1096423.939726093,20599.529665282695,1402.0576016560663,74422.35245915432
2013-09-18,1096563.8660002018,20599.529665282695,1402.0576016560663,74562.27873326303
2013-09-19,1096432.1253210094,20599.529665282695,1402.0576016560663,74430.53805407067
2013-09-20,1097052.6758688344,20599.529665282695,1402.0576016560663,75051.08860189561
2013-09-23,1097074.6378121404,20599.529665282695,1402.0576016560663,75073.05054520164
2013-09-24,1097057.5150879233,20599.529665282695,1402.0576016560663,75055.9278209845
2013-09-25,1097090.1584293472,20599.529665282695,1402.0576016560663,75088.57116240845
2013-09-26,1097120.0543035772,20599.529665282695,1402.0576016560663,75118.46703663841
2013-09-27,1097047.7161379252,20599.529665282695,1402.0576016560663,75046.1288709864
2013-09-30,1097083.2156837368,20599.529665282695,1402.0576016560663,75081.62841679808
2013-10-01,1097081.2998248134,20599.529665282695,1402.0576016560663,75079.71255787462
2013-10-02,1097070.6957383798,20599.529665282695,1402.0576016560663,75069.10847144108
2013-10-03,1097130.4530210656,20599.529665282695,1402.0576016560663,75128.8657541268
2013-10-04,1097113.3651937514,20599.529665282695,1402.0576016560663,75111.77792681265
2013-10-07,1097158.9409551974,20599.529665282695,1402.0576016560663,75157.35368825868
2013-10-08,1097085.9537283683,20599.529665282695,1402.0576016560663,75084.36646142951
2013-10-09,1097120.628855582,20599.529665282695,1402.0576016560663,75119.04158864333
2013-10-10,1097112.6864294552,20599.529665282695,1402.0576016560663,75111.09916251642
2013-10-11,1097233.2671705189,20599.529665282695,1402.0576016560663,75231.67990358011
2013-10-14,1097262.079034326,20599.529665282695,1402.0576016560663,75260.49176738714
2013-10-15,1097170.0641573563,20599.529665282695,1402.0576016560663,75168.47689041751
2013-10-16,1097243.1939128705,20599.529665282695,1402.0576016560663,75241.60664593172
2013-10-17,1097007.1873548613,20599.529665282695,1402.0576016560663,75005.60008792253
2013-10-18,1096747.7244299974,20599.529665282695,1402.0576016560663,74746.13716305862
2013-10-21,1096821.8223791174,20599.529665282695,1402.0576016560663,74820.2351121786
2013-10-22,1096865.4812755652,20599.529665282695,1402.0576016560663,74863.89400862646
2013-10-23,1096845.5801031701,20599.529665282695,1402.0576016560663,74843.99283623137
2013-10-24,1096931.168575991,20599.529665282695,1402.0576016560663,74929.58130905218
2013-10-25,1096892.3299379488,20599.529665282695,1402.0576016560663,74890.74267101008
2013-10-28,1097020.706087738,20599.529665282695,1402.0576016560663,75019.11882079928
2013-10-29,1097126.7843768294,20599.529665282695,1402.0576016560663,75125.19710989064
2013-10-30,1097232.55660998,20599.529665282695,1402.0576016560663,75230.9693430413
2013-10-31,1097227.031575251,20599.529665282695,1402.0576016560663,75225.44430831214
2013-11-01,1097258.8441724668,20599.529665282695,1402.0576016560663,75257.25690552802
2013-11-04,1097216.107572639,20599.529665282695,1402.0576016560663,75214.52030570013
2013-11-05,1097240.8183488303,20599.529665282695,1402.0576016560663,75239.23108189157
2013-11-06,1097257.5976891844,20599.529665282695,1402.0576016560663,75256.0104222456
2013-11-07,1097384.4619170541,20599.529665282695,1402.0576016560663,75382.87465011538
2013-11-08,1097319.0105346951,20599.529665282695,1402.0576016560663,75317.42326775636
2013-11-11,1097665.903231087,20599.529665282695,1402.0576016560663,75664.31596414815
2013-11-12,1097919.376414591,20599.529665282695,1402.0576016560663,75917.78914765222
2013-11-13,1097734.8076902365,20599.529665282695,1402.0576016560663,75733.22042329772
2013-11-14,1097342.843542974,20599.529665282695,1402.0576016560663,75341.25627603522
2013-11-15,1097202.6908245322,20599.529665282695,1402.0576016560663,75201.10355759342
2013-11-18,1097282.6318644078,20599.529665282695,1402.0576016560663,75281.04459746904
2013-11-19,1097196.1261498772,20599.529665282695,1402.0576016560663,75194.53888293845
2013-11-20,1097041.6724350941,20599.529665282695,1402.0576016560663,75040.08516815538
2013-11-21,1097137.440382586,20599.529665282695,1402.0576016560663,75135.85311564733
2013-11-22,1096438.984333715,20599.529665282695,1402.0576016560663,74437.39706677618
2013-11-25,1096132.4730650643,20599.529665282695,1402.0576016560663,74130.88579812553
2013-11-26,1096403.0637177986,20599.529665282695,1402.0576016560663,74401.4764508598
2013-11-27,1096337.9673083439,20599.529665282695,1402.0576016560663,74336.3800414051
2013-11-29,1096388.5072189746,20599.529665282695,1402.0576016560663,74386.91995203588
2013-12-02,1096117.2542817367,20599.529665282695,1402.0576016560663,74115.66701479792
2013-12-03,1096325.8131174853,20599.529665282695,1402.0576016560663,74324.2258505465
2013-12-04,1096590.0801179954,20599.529665282695,1402.0576016560663,74588.49285105662
2013-12-05,1096656.935656658,20599.529665282695,1402.0576016560663,74655.34838971915
2013-12-06,1096862.6343785618,20599.529665282695,1402.0576016560663,74861.04711162299
2013-12-09,1097091.1933871282,20599.529665282695,1402.0576016560663,75089.60612018942
2013-12-10,1097111.0329691991,20599.529665282695,1402.0576016560663,75109.44570226036
2013-12-11,1097145.8465177892,20599.529665282695,1402.0576016560663,75144.25925085042
2013-12-12,1097048.0563585837,20599.529665282695,1402.0576016560663,75046.46909164498
2013-12-13,1097174.7949072407,20599.529665282695,1402.0576016560663,75173.2076403019
2013-12-16,1097192.2353918354,20599.529665282695,1402.0576016560663,75190.64812489669
2013-12-17,1097365.4071499428,20599.529665282695,1402.0576016560663,75363.81988300406
2013-12-18,1097546.8196654785,20599.529665282695,1402.0576016560663,75545.23239853978
2013-12-19,1097423.3673247306,20599.529665282695,1402.0576016560663,75421.78005779185
2013-12-20,1097266.7013897717,20599.529665282695,1402.0576016560663,75265.11412283289
2013-12-23,1097266.7013897717,20599.529665282695,1402.0576016560663,75265.11412283289
2013-12-24,1097266.7013897717,20599.529665282695,1402.0576016560663,75265.11412283289
2013-12-26,1097266.7013897717,20599.529665282695,1402.0576016560663,75265.11412283289
2013-12-27,1097266.7013897717,20599.529665282695,1402.0576016560663,75265.11412283289
2013-12-30,1097266.7013897717,20599.529665282695,1402.0576016560663,75265.11412283289
2013-12-31,1097266.7013897717,20599.529665282695,1402.0576016560663,75265.11412283289
2014-01-02,1097266.7013897717,20599.529665282695,1402.0576016560663,75265.11412283289
2014-01-03,1097266.7013897717,20599.529665282695,1402.0576016560663,75265.11412283289
2014-01-06,1097266.7013897717,20599.529665282695,1402.0576016560663,75265.11412283289
2014-01-07,1097266.7013897717,20599.529665282695,1402.0576016560663,75265.11412283289
2014-01-08,1097266.7013897717,20599.529665282695,1402.0576016560663,75265.11412283289
2014-01-09,1097266.7013897717,20599.529665282695,1402.0576016560663,75265.11412283289
2014-01-10,1097266.7013897717,20599.529665282695,1402.0576016560663,75265.11412283289
2014-01-13,1097266.7013897717,20599.529665282695,1402.0576016560663,75265.11412283289
2014-01-14,1097266.7013897717,20599.529665282695,1402.0576016560663,75265.11412283289
2014-01-15,1097266.7013897717,20599.529665282695,1402.0576016560663,75265.11412283289
2014-01-16,1097266.7013897717,20599.529665282695,1402.0576016560663,75265.11412283289
2014-01-17,1097266.7013897717,20599.529665282695,1402.0576016560663,75265.11412283289
2014-01-21,1095619.8736119405,20599.529665282695,-482.5382991702063,75502.88224582793
2014-01-22,1094840.4492950772,20599.529665282695,-1239.2420252105221,75480.16165500507
2014-01-23,1094798.2361450128,20599.529665282695,-1297.3977281202096,75496.1042078503
2014-01-24,1092764.9234020635,20599.529665282695,-2290.003438643529,74455.39717542427
2014-01-27,1091931.9085476166,20599.529665282695,-3123.555069912807,74455.93395224656
2014-01-28,1092421.9197607376,20599.529665282695,-2872.390088113956,74694.78018356883
2014-01-29,1092320.2103870849,20599.529665282695,-3133.248593337834,74853.92931514
2014-01-30,1092313.1723036203,20599.529665282695,-2891.789321612916,74605.43195995037
2014-01-31,1091854.402895527,20599.529665282695,-2845.6709720509825,74100.54420229513
2014-02-03,1091751.0677516353,20599.529665282695,-3036.489224300487,74188.02731065312
2014-02-04,1091853.0274241897,20599.529665282695,-2755.2565522397636,74008.75431114691
2014-02-05,1091714.369369659,20599.529665282695,-2984.618612619932,74099.45831699623
2014-02-06,1091679.8574081769,20599.529665282695,-2858.9192972723395,73939.24704016652
2014-02-07,1091953.3334997753,20599.529665282695,-2539.245598603622,73893.04943309631
2014-02-10,1091688.9979622788,20599.529665282695,-3090.8159693420166,74180.28426633799
2014-02-11,1092043.3912487044,20599.529665282695,-2875.181462974171,74319.04304639576
2014-02-12,1091994.3692410788,20599.529665282695,-3016.067992003518,74410.90756779979
2014-02-13,1092142.624831327,20599.529665282695,-2955.995773823466,74499.09093986778
2014-02-14,1091949.2964031538,20599.529665282695,-3263.7352281397907,74613.50196601078
2014-02-18,1092275.5882438072,20599.529665282695,-3707.200067435042,75383.25864595943
2014-02-19,1092040.3000987726,20599.529665282695,-4047.333640197874,75488.10407368792
2014-02-20,1092445.05985833,20599.529665282695,-3932.3369193424005,75777.86711238977
2014-02-21,1093315.2144971471,20599.529665282695,-2814.2565477602184,75529.94137962465
2014-02-24,1093407.559768125,20599.529665282695,-2814.2565477602184,75622.28665060247
2014-02-25,1093309.1298229075,20599.529665282695,-2814.2565477602184,75523.85670538503
2014-02-26,1092723.2921545473,20599.529665282695,-2814.2565477602184,74938.01903702482
2014-02-27,1092611.8975568423,20599.529665282695,-2814.2565477602184,74826.62443931983
2014-02-28,1092635.77453457,20599.529665282695,-2814.2565477602184,74850.50141704758
2014-03-03,1092697.4970494164,20599.529665282695,-2814.2565477602184,74912.22393189394
2014-03-04,1093085.96182385,20599.529665282695,-2814.2565477602184,75300.68870632746
2014-03-05,1093372.8547641612,20599.529665282695,-2814.2565477602184,75587.58164663869
2014-03-06,1093544.3261025338,20599.529665282695,-2814.2565477602184,75759.05298501137
2014-03-07,1093416.5449598327,20599.529665282695,-2814.2565477602184,75631.2718423102
2014-03-10,1093620.588311129,20599.529665282695,-2814.2565477602184,75835.31519360654
2014-03-11,1093787.6446095316,20599.529665282695,-2814.2565477602184,76002.37149200914
2014-03-12,1093973.7179591132,20599.529665282695,-2814.2565477602184,76188.44484159071
2014-03-13,1093962.5869688615,20599.529665282695,-2814.2565477602184,76177.31385133904
2014-03-14,1093832.1797301986,20599.529665282695,-2814.2565477602184,76046.9066126761
2014-03-17,1094091.653832276,20599.529665282695,-2814.2565477602184,76306.38071475341
2014-03-18,1094289.9491038173,20599.529665282695,-2814.2565477602184,76504.67598629487
2014-03-19,1094279.7865212369,20599.529665282695,-2814.2565477602184,76494.5134037144
2014-03-20,1094420.2208320533,20599.529665282695,-2814.2565477602184,76634.94771453086
2014-03-21,1094375.8296928778,20599.529665282695,-2814.2565477602184,76590.55657535535
2014-03-24,1094402.9503748321,20599.529665282695,-2814.2565477602184,76617.67725730967
2014-03-25,1094415.9261618182,20599.529665282695,-2814.2565477602184,76630.65304429573
2014-03-26,1094418.0197024108,20599.529665282695,-2814.2565477602184,76632.74658488831
2014-03-27,1094304.2713533188,20599.529665282695,-2814.2565477602184,76518.99823579635
2014-03-28,1094335.5338931677,20599.529665282695,-2814.2565477602184,76550.26077564526
2014-03-31,1094391.6347697992,20599.529665282695,-2814.2565477602184,76606.36165227671
2014-04-01,1094349.8609198495,20599.529665282695,-2814.2565477602184,76564.587802327
2014-04-02,1094363.0490055059,20599.529665282695,-2814.2565477602184,76577.77588798339
2014-04-03,1094356.5872046393,20599.529665282695,-2814.2565477602184,76571.31408711686
2014-04-04,1094369.1697442015,20599.529665282695,-2814.2565477602184,76583.896626679
2014-04-07,1094514.4716565323,20599.529665282695,-2814.2565477602184,76729.19853900978
2014-04-08,1094436.2617000134,20599.529665282695,-2814.2565477602184,76650.98858249094
2014-04-09,1094463.885777627,20599.529665282695,-2814.2565477602184,76678.61266010441
2014-04-10,1094277.1800531228,20599.529665282695,-2814.2565477602184,76491.90693560033
2014-04-11,1094316.007487441,20599.529665282695,-2814.2565477602184,76530.73436991847
2014-04-14,1094324.0955347738,20599.529665282695,-2814.2565477602184,76538.8224172513
2014-04-15,1094390.0794686216,20599.529665282695,-2814.2565477602184,76604.80635109916
2014-04-16,1094474.025996962,20599.529665282695,-2814.2565477602184,76688.75287943962
2014-04-17,1094366.4548531903,20599.529665282695,-2814.2565477602184,76581.18173566787
2014-04-21,1094647.2173624395,20599.529665282695,-2814.2565477602184,76861.94424491702
2014-04-22,1094707.7414659115,20599.529665282695,-2814.2565477602184,76922.46834838903
2014-04-23,1094740.0484256984,20599.529665282695,-2814.2565477602184,76954.77530817594
2014-04-24,1094698.331337537,20599.529665282695,-2814.2565477602184,76913.05822001444
2014-04-25,1094736.3094828918,20599.529665282695,-2814.2565477602184,76951.03636536933
2014-04-28,1094671.4892481307,20599.529665282695,-2814.2565477602184,76886.21613060823
2014-04-29,1094909.976320728,20599.529665282695,-2814.2565477602184,77124.70320320548
2014-04-30,1094784.9044117096,20599.529665282695,-2814.2565477602184,76999.63129418716
2014-05-01,1095031.7246962045,20599.529665282695,-2814.2565477602184,77246.45157868206
2014-05-02,1095443.099427949,20599.529665282695,-2814.2565477602184,77657.82631042646
2014-05-05,1095874.9204979092,20599.529665282695,-2814.2565477602184,78089.64738038671
2014-05-06,1096026.4034196679,20599.529665282695,-2814.2565477602184,78241.13030214538
2014-05-07,1096246.6862875377,20599.529665282695,-2814.2565477602184,78461.4131700152
2014-05-08,1096537.1186110452,20599.529665282695,-2814.2565477602184,78751.8454935227
2014-05-09,1096501.2522912605,20599.529665282695,-2814.2565477602184,78715.97917373804
2014-05-12,1097165.2563725763,20599.529665282695,-2814.2565477602184,79379.98325505387
2014-05-13,1097149.533802849,20599.529665282695,-2814.2565477602184,79364.26068532653
2014-05-14,1097505.753061211,20599.529665282695,-2814.2565477602184,79720.4799436885
2014-05-15,1097721.314011653,20599.529665282695,-2814.2565477602184,79936.04089413048
2014-05-16,1097966.1538463712,20599.529665282695,-2814.2565477602184,80180.88072884874
2014-05-19,1097983.831558356,20599.529665282695,-2814.2565477602184,80198.55844083359
2014-05-20,1098006.8746315246,20599.529665282695,-2814.2565477602184,80221.60151400208
2014-05-21,1098107.2966826512,20599.529665282695,-2814.2565477602184,80322.02356512868
2014-05-22,1098024.8219087252,20599.529665282695,-2814.2565477602184,80239.54879120272
2014-05-23,1098017.4526543028,20599.529665282695,-2814.2565477602184,80232.17953678034
2014-05-27,1098189.962026159,20599.529665282695,-2814.2565477602184,80404.68890863657
2014-05-28,1098382.9901069005,20599.529665282695,-2814.2565477602184,80597.71698937798
2014-05-29,1098334.4865265775,20599.529665282695,-2814.2565477602184,80549.21340905502
2014-05-30,1098502.8958718353,20599.529665282695,-2814.2565477602184,80717.62275431282
2014-06-02,1098696.8623698195,20599.529665282695,-2814.2565477602184,80911.58925229707
2014-06-03,1098742.313258101,20599.529665282695,-2814.2565477602184,80957.04014057852
2014-06-04,1098878.305329361,20599.529665282695,-2814.2565477602184,81093.03221183852
2014-06-05,1098958.152701731,20599.529665282695,-2814.2565477602184,81172.8795842086
2014-06-06,1098980.7632963732,20599.529665282695,-2814.2565477602184,81195.49017885071
2014-06-09,1099229.6362225104,20599.529665282695,-2814.2565477602184,81444.36310498789
2014-06-10,1099001.5987538851,20599.529665282695,-2814.2565477602184,81216.32563636266
2014-06-11,1099021.5397320057,20599.529665282695,-2814.2565477602184,81236.2666144832
2014-06-12,1099337.2000286374,20599.529665282695,-2814.2565477602184,81551.92691111495
2014-06-13,1099371.2706345506,20599.529665282695,-2814.2565477602184,81585.99751702813
2014-06-16,1099510.3139973364,20599.529665282695,-2814.2565477602184,81725.04087981395
2014-06-17,1099186.4479659097,20599.529665282695,-2814.2565477602184,81401.17484838725
2014-06-18,1099150.490429377,20599.529665282695,-2814.2565477602184,81365.21731185447
2014-06-19,1098933.4693286298,20599.529665282695,-2814.2565477602184,81148.19621110731
2014-06-20,1099073.9574781933,20599.529665282695,-2814.2565477602184,81288.68436067086
2014-06-23,1099097.303121449,20599.529665282695,-2814.2565477602184,81312.03000392648
2014-06-24,1099114.3314463736,20599.529665282695,-2814.2565477602184,81329.05832885113
2014-06-25,1099109.3282535078,20599.529665282695,-2814.2565477602184,81324.05513598537
2014-06-26,1099089.7981343102,20599.529665282695,-2814.2565477602184,81304.5250167877
2014-06-27,1099059.163120676,20599.529665282695,-2814.2565477602184,81273.89000315359
2014-06-30,1099092.6115359697,20599.529665282695,-2814.2565477602184,81307.33841844718
2014-07-01,1099109.143278486,20599.529665282695,-2814.2565477602184,81323.87016096362
2014-07-02,1099133.4231006126,20599.529665282695,-2814.2565477602184,81348.14998309012
2014-07-03,1099129.3649112906,20599.529665282695,-2814.2565477602184,81344.09179376811
2014-07-07,1099148.5227695436,20599.529665282695,-2814.2565477602184,81363.2496520211
2014-07-08,1099233.4624467583,20599.529665282695,-2814.2565477602184,81448.18932923581
2014-07-09,1099144.9228890387,20599.529665282695,-2814.2565477602184,81359.64977151621
2014-07-10,1099187.5951099584,20599.529665282695,-2814.2565477602184,81402.32199243596
2014-07-11,1099224.3110501613,20599.529665282695,-2814.2565477602184,81439.03793263878
2014-07-14,1099186.9783219662,20599.529665282695,-2814.2565477602184,81401.70520444377
2014-07-15,1099174.9133418095,20599.529665282695,-2814.2565477602184,81389.64022428705
2014-07-16,1099344.8236000377,20599.529665282695,-2814.2565477602184,81559.55048251525
2014-07-17,1099342.2369630248,20599.529665282695,-2814.2565477602184,81556.96384550235
2014-07-18,1099283.4895706347,20599.529665282695,-2814.2565477602184,81498.2164531122
2014-07-21,1098723.7596093535,20599.529665282695,-3506.798941855086,81631.02888592589
2014-07-22,1099145.7412815485,20599.529665282695,-3103.9339651170885,81650.14558138303
2014-07-23,1098280.302490212,20599.529665282695,-3900.4283756205114,81581.20120054996
2014-07-24,1097374.7731402982,20599.529665282695,-4667.906781278085,81443.1502562936
2014-07-25,1098412.4024397638,20599.529665282695,-3783.821985185379,81596.69475966645
2014-07-28,1098515.0638983152,20599.529665282695,-3857.6009157008957,81773.13514873339
2014-07-29,1098522.7158425297,20599.529665282695,-3783.729945841711,81706.91612308868
2014-07-30,1097726.405570055,20599.529665282695,-3998.3014065310126,81125.17731130333
2014-07-31,1096111.7880566502,20599.529665282695,-4707.639524935861,80219.89791630348
2014-08-01,1096656.0202123183,20599.529665282695,-4160.628458523308,80217.11900555878
2014-08-04,1096565.9882409417,20599.529665282695,-4388.815221481258,80355.27379714022
2014-08-05,1096472.4218447213,20599.529665282695,-4301.193568189745,80174.08574762824
2014-08-06,1096517.1079410366,20599.529665282695,-4301.9459753021365,80219.5242510559
2014-08-07,1096660.0112149585,20599.529665282695,-4279.5641096504405,80340.04565932625
2014-08-08,1096957.0955520293,20599.529665282695,-4379.345570379635,80736.91145712626
2014-08-11,1096773.4802779432,20599.529665282695,-4755.231196308974,80929.18180896947
2014-08-12,1096793.29401254,20599.529665282695,-4891.479680028977,81085.2440272863
2014-08-13,1096575.551123622,20599.529665282695,-4964.51681744121,80940.53827578062
2014-08-14,1096108.7663674564,20599.529665282695,-4800.508533088141,80309.74523526197
2014-08-15,1095493.4227194465,20599.529665282695,-5359.0263719889335,80252.91942615272
2014-08-18,1095533.5347080058,20599.529665282695,-5359.0263719889335,80293.03141471208
2014-08-19,1095331.1920314522,20599.529665282695,-5359.0263719889335,80090.68873815844
2014-08-20,1095142.6413978073,20599.529665282695,-5359.0263719889335,79902.13810451352
2014-08-21,1095136.9614181824,20599.529665282695,-5359.0263719889335,79896.4581248886
2014-08-22,1094809.961083736,20599.529665282695,-5359.0263719889335,79569.45779044228
2014-08-25,1095039.427348467,20599.529665282695,-5359.0263719889335,79798.9240551733
2014-08-26,1094956.4170191453,20599.529665282695,-5359.0263719889335,79715.91372585157
2014-08-27,1094952.0377558859,20599.529665282695,-5359.0263719889335,79711.5344625921
2014-08-28,1095033.5843390375,20599.529665282695,-5359.0263719889335,79793.08104574378
2014-08-29,1094891.2557417434,20599.529665282695,-5359.0263719889335,79650.75244844961
2014-09-02,1095152.1498790933,20599.529665282695,-5359.0263719889335,79911.64658579952
2014-09-03,1095455.7731527486,20599.529665282695,-5359.0263719889335,80215.26985945483
2014-09-04,1095271.10566337,20599.529665282695,-5359.0263719889335,80030.60237007635
2014-09-05,1095018.4396668286,20599.529665282695,-5359.0263719889335,79777.93637353485
2014-09-08,1095001.3210881543,20599.529665282695,-5359.0263719889335,79760.81779486057
2014-09-09,1095182.3541666092,20599.529665282695,-5359.0263719889335,79941.85087331547
2014-09-10,1095149.7148318288,20599.529665282695,-5359.0263719889335,79909.21153853508
2014-09-11,1095128.391258978,20599.529665282695,-5359.0263719889335,79887.88796568429
2014-09-12,1095201.0340539927,20599.529665282695,-5359.0263719889335,79960.53076069895
2014-09-15,1095295.7201194097,20599.529665282695,-5359.0263719889335,80055.21682611597
2014-09-16,1095426.379934635,20599.529665282695,-5359.0263719889335,80185.87664134125
2014-09-17,1095337.2340904626,20599.529665282695,-5359.0263719889335,80096.7307971688
2014-09-18,1095318.2038192565,20599.529665282695,-5359.0263719889335,80077.70052596275
2014-09-19,1095043.6278827572,20599.529665282695,-5359.0263719889335,79803.12458946346
2014-09-22,1095065.036308794,20599.529665282695,-5359.0263719889335,79824.53301550029
2014-09-23,1095050.3819767602,20599.529665282695,-5359.0263719889335,79809.87868346646
2014-09-24,1095085.1420306251,20599.529665282695,-5359.0263719889335,79844.63873733138
2014-09-25,1095049.8468965378,20599.529665282695,-5359.0263719889335,79809.34360324405
2014-09-26,1095087.9964030772,20599.529665282695,-5359.0263719889335,79847.49310978339
2014-09-29,1095136.7827747753,20599.529665282695,-5359.0263719889335,79896.27948148153
2014-09-30,1095133.1383718392,20599.529665282695,-5359.0263719889335,79892.63507854543
2014-10-01,1095171.682236018,20599.529665282695,-5359.0263719889335,79931.17894272413
2014-10-02,1095156.4761548815,20599.529665282695,-5359.0263719889335,79915.97286158777
2014-10-03,1095182.108254939,20599.529665282695,-5359.0263719889335,79941.60496164532
2014-10-06,1095231.8335200064,20599.529665282695,-5359.0263719889335,79991.33022671263
2014-10-07,1095168.3703210645,20599.529665282695,-5359.0263719889335,79927.86702777073
2014-10-08,1095259.0876084412,20599.529665282695,-5359.0263719889335,80018.58431514748
2014-10-09,1095163.5193121852,20599.529665282695,-5359.0263719889335,79923.01601889147
2014-10-10,1095054.5904888373,20599.529665282695,-5359.0263719889335,79814.08719554357
2014-10-13,1095199.1142914554,20599.529665282695,-5359.0263719889335,79958.6109981616
2014-10-14,1095223.4307411206,20599.529665282695,-5359.0263719889335,79982.92744782683
2014-10-15,1095034.052245514,20599.529665282695,-5359.0263719889335,79793.54895222024
2014-10-16,1095173.0226077863,20599.529665282695,-5359.0263719889335,79932.51931449259
2014-10-17,1095148.846793732,20599.529665282695,-5359.0263719889335,79908.34350043815
2014-10-20,1096076.0382454623,21557.50986895163,-5359.0263719889335,79877.55474849977
2014-10-21,1094896.7524512773,22351.670257083373,-5359.0263719889335,77904.1085661829
2014-10-22,1096257.6954083284,22574.99617728032,-5359.0263719889335,79041.72560303705
2014-10-23,1095214.2974264603,22301.622377480264,-5359.0263719889335,78271.7014209691
2014-10-24,1093881.923500474,21965.03051107307,-5359.0263719889335,77275.91936138994
2014-10-27,1094029.5865569129,21547.29582415207,-5359.0263719889335,77841.31710474985
2014-10-28,1094356.6423308398,22246.302848876687,-5359.0263719889335,77469.36585395201
2014-10-29,1094060.5393954534,22012.89166925999,-5359.0263719889335,77406.67409818247
2014-10-30,1094169.8018400788,22248.51351141208,-5359.0263719889335,77280.31470065564
2014-10-31,1094048.783452386,23200.38585201034,-5359.0263719889335,76207.42397236452
2014-11-03,1094487.1199678467,23039.336419560364,-5359.0263719889335,76806.80992027512
2014-11-04,1093897.0110765733,22782.149025833118,-5359.0263719889335,76473.88842272921
2014-11-05,1093884.7300343057,22995.31414034858,-5359.0263719889335,76248.44226594595
2014-11-06,1095008.8088138984,23502.862756933435,-5359.0263719889335,76864.97242895397
2014-11-07,1095291.2451376128,23531.562173547107,-5359.0263719889335,77118.70933605474
2014-11-10,1095785.4169290066,23524.33579328051,-5359.0263719889335,77620.107507715
2014-11-11,1096160.7282372648,23164.391116976854,-5359.0263719889335,78355.36349227675
2014-11-12,1096992.9837558349,23481.87978137657,-5359.0263719889335,78870.13034644723
2014-11-13,1097763.7580181938,23362.553792766877,-5359.0263719889335,79760.23059741594
2014-11-14,1098018.1873146931,23523.112812484847,-5359.0263719889335,79854.1008741972
2014-11-17,1098416.1398934885,23560.584101473214,-5359.0263719889335,80214.58216400421
2014-11-18,1098804.7561420302,24031.090588435298,-5359.0263719889335,80132.69192558387
2014-11-19,1097558.6401805074,23872.002908858238,-5359.0263719889335,79045.66364363814
2014-11-20,1096941.8191548276,23977.961021487834,-5359.0263719889335,78322.88450532872
2014-11-21,1097729.2166234944,25166.270971646532,-5359.0263719889335,77921.9720238368
2014-11-24,1097770.4010067396,25166.270971646532,-5359.0263719889335,77963.15640708199
2014-11-25,1097813.392833609,25166.270971646532,-5359.0263719889335,78006.1482339513
2014-11-26,1097686.7366509116,25166.270971646532,-5359.0263719889335,77879.49205125403
2014-11-28,1097512.0014221184,25166.270971646532,-5359.0263719889335,77704.7568224608
2014-12-01,1097944.7375524659,25166.270971646532,-5359.0263719889335,78137.49295280827
2014-12-02,1098047.2862981372,25166.270971646532,-5359.0263719889335,78240.04169847956
2014-12-03,1098141.3746881324,25166.270971646532,-5359.0263719889335,78334.13008847483
2014-12-04,1098247.5288895143,25166.270971646532,-5359.0263719889335,78440.28428985667
2014-12-05,1098355.9353202083,25166.270971646532,-5359.0263719889335,78548.69072055072
2014-12-08,1098387.1422151036,25166.270971646532,-5359.0263719889335,78579.89761544601
2014-12-09,1098536.6751546976,25166.270971646532,-5359.0263719889335,78729.43055504002
2014-12-10,1098426.7032165222,25166.270971646532,-5359.0263719889335,78619.45861686463
2014-12-11,1098498.3602653674,25166.270971646532,-5359.0263719889335,78691.11566570983
2014-12-12,1098030.258945465,25166.270971646532,-5359.0263719889335,78223.01434580749
2014-12-15,1098079.038091297,25166.270971646532,-5359.0263719889335,78271.79349163943
2014-12-16,1098315.9431430309,25166.270971646532,-5359.0263719889335,78508.69854337326
2014-12-17,1098339.9874922251,25166.270971646532,-5359.0263719889335,78532.74289256753
2014-12-18,1097530.3568285182,25166.270971646532,-5359.0263719889335,77723.11222886061
2014-12-19,1097172.615142477,25166.270971646532,-5359.0263719889335,77365.37054281938
2014-12-22,1097172.615142477,25166.270971646532,-5359.0263719889335,77365.37054281938
2014-12-23,1097172.615142477,25166.270971646532,-5359.0263719889335,77365.37054281938
2014-12-24,1097172.615142477,25166.270971646532,-5359.0263719889335,77365.37054281938
2014-12-26,1097172.615142477,25166.270971646532,-5359.0263719889335,77365.37054281938
2014-12-29,1097172.615142477,25166.270971646532,-5359.0263719889335,77365.37054281938
2014-12-30,1097172.615142477,25166.270971646532,-5359.0263719889335,77365.37054281938
2014-12-31,1097172.615142477,25166.270971646532,-5359.0263719889335,77365.37054281938
2015-01-02,1097172.615142477,25166.270971646532,-5359.0263719889335,77365.37054281938
2015-01-05,1097172.615142477,25166.270971646532,-5359.0263719889335,77365.37054281938
2015-01-06,1097172.615142477,25166.270971646532,-5359.0263719889335,77365.37054281938
2015-01-07,1097172.615142477,25166.270971646532,-5359.0263719889335,77365.37054281938
2015-01-08,1097172.615142477,25166.270971646532,-5359.0263719889335,77365.37054281938
2015-01-09,1097172.615142477,25166.270971646532,-5359.0263719889335,77365.37054281938
2015-01-12,1097172.615142477,25166.270971646532,-5359.0263719889335,77365.37054281938
2015-01-13,1097172.615142477,25166.270971646532,-5359.0263719889335,77365.37054281938
2015-01-14,1097172.615142477,25166.270971646532,-5359.0263719889335,77365.37054281938
2015-01-15,1097172.615142477,25166.270971646532,-5359.0263719889335,77365.37054281938
2015-01-16,1097172.615142477,25166.270971646532,-5359.0263719889335,77365.37054281938
2015-01-20,1096121.323668898,23786.809084333712,-5359.0263719889335,77693.5409565533
2015-01-21,1097140.0257094232,24715.831912129303,-5359.0263719889335,77783.22016928298
2015-01-22,1096035.6434544658,23928.342493454926,-5359.0263719889335,77466.32733299979
2015-01-23,1097281.0677197895,24907.971670069965,-5359.0263719889335,77732.12242170842
2015-01-26,1097401.8662582096,24622.182693564566,-5359.0263719889335,78138.70993663394
2015-01-27,1097707.457541463,25117.302093650447,-5359.0263719889335,77949.18181980145
2015-01-28,1097052.9884127183,25520.46084554703,-5359.0263719889335,76891.55393916019
2015-01-29,1097997.699898894,26844.17161656206,-5359.0263719889335,76512.55465432093
2015-01-30,1097411.2523868037,26943.953329684096,-5359.0263719889335,75826.32542910846
2015-02-02,1098284.7854288123,26253.59909156547,-5359.0263719889335,77390.21270923573
2015-02-03,1098154.6214030255,26575.676373061375,-5359.0263719889335,76937.9714019529
2015-02-04,1099963.6226006458,28273.160696392762,-5359.0263719889335,77049.48827624205
2015-02-05,1099532.0124023226,28009.573305405793,-5359.0263719889335,76881.46546890563
2015-02-06,1099680.5881116432,28597.658738173195,-5359.0263719889335,76441.95574545884
2015-02-09,1100537.0267474551,28857.153242381755,-5359.0263719889335,77038.8998770623
2015-02-10,1100938.8824494365,29026.552970817662,-5359.0263719889335,77271.35585060762
2015-02-11,1100787.5056682986,28989.875170652755,-5359.0263719889335,77156.65686963475
2015-02-12,1099596.7093860765,29030.74781736126,-5359.0263719889335,75924.98794070422
2015-02-13,1099343.2287896443,28946.851081213914,-5359.0263719889335,75755.40408041934
2015-02-17,1099069.932033341,28294.91043578263,-5359.0263719889335,76134.0479695471
2015-02-18,1099412.3555611842,27885.193089889246,-5359.0263719889335,76886.1888432838
2015-02-19,1098922.3791737594,27418.42838059482,-5359.0263719889335,76862.97716515348
2015-02-20,1100830.8900914108,29750.567167688278,-5359.0263719889335,76439.34929571161
2015-02-23,1100646.0483119334,29497.987861668924,-5359.0263719889335,76507.08682225342
2015-02-24,1100163.5659694646,29009.56109739514,-5359.0263719889335,76513.0312440584
2015-02-25,1099924.432937045,28701.19868182973,-5359.0263719889335,76582.26062720432
2015-02-26,1100040.0563109177,29172.366066975752,-5359.0263719889335,76226.7166159309
2015-02-27,1100965.0908714137,29971.652289922233,-5359.0263719889335,76352.46495348029
2015-03-02,1100494.830882249,29282.13230174803,-5359.0263719889335,76571.72495248984
2015-03-03,1100739.509389528,29385.42093163391,-5359.0263719889335,76713.11482988298
2015-03-04,1101462.4242365249,29958.64863407414,-5359.0263719889335,76862.80197443953
2015-03-05,1101096.3601996105,29581.01228913106,-5359.0263719889335,76874.37428246834
2015-03-06,1101924.0099808208,30415.38211183506,-5359.0263719889335,76867.65424097469
2015-03-09,1102028.764911327,30429.781656098785,-5359.0263719889335,76958.0096272172
2015-03-10,1103856.8935433784,32195.140663428465,-5359.0263719889335,77020.77925193892
2015-03-11,1103988.8327303282,32271.91363961296,-5359.0263719889335,77075.94546270417
2015-03-12,1104463.9549980313,32753.233629375114,-5359.0263719889335,77069.74774064496
2015-03-13,1105923.069985304,34095.06185954774,-5359.0263719889335,77187.03449774534
2015-03-16,1101862.0919400044,30038.749154506368,-5359.0263719889335,77182.36915748706
2015-03-17,1102159.5464975226,30463.88717115973,-5359.0263719889335,77054.68569835182
2015-03-18,1099301.0317077828,27625.98954534484,-5359.0263719889335,77034.06853442686
2015-03-19,1100438.1238674163,28731.845655272715,-5359.0263719889335,77065.30458413251
2015-03-20,1098075.3223330623,26240.353970015887,-5359.0263719889335,77193.99473503535
2015-03-23,1098091.6956570179,26240.353970015887,-5359.0263719889335,77210.36805899092
2015-03-24,1098076.3799381999,26240.353970015887,-5359.0263719889335,77195.05234017293
2015-03-25,1098043.1553179657,26240.353970015887,-5359.0263719889335,77161.82771993871
2015-03-26,1098060.4355489195,26240.353970015887,-5359.0263719889335,77179.10795089253
2015-03-27,1098077.4040926513,26240.353970015887,-5359.0263719889335,77196.07649462437
2015-03-30,1098126.1048500189,26240.353970015887,-5359.0263719889335,77244.77725199191
2015-03-31,1098134.7738789294,26240.353970015887,-5359.0263719889335,77253.44628090248
2015-04-01,1098136.7152576472,26240.353970015887,-5359.0263719889335,77255.38765962026
2015-04-02,1098132.8258180146,26240.353970015887,-5359.0263719889335,77251.49821998761
2015-04-06,1098098.007566497,26240.353970015887,-5359.0263719889335,77216.67996847001
2015-04-07,1098030.986023059,26240.353970015887,-5359.0263719889335,77149.65842503216
2015-04-08,1098080.6360733784,26240.353970015887,-5359.0263719889335,77199.30847535143
2015-04-09,1098086.625086939,26240.353970015887,-5359.0263719889335,77205.29748891201
2015-04-10,1098197.3365814064,26240.353970015887,-5359.0263719889335,77316.00898337946
2015-04-13,1098286.0466928065,26240.353970015887,-5359.0263719889335,77404.71909477958
2015-04-14,1098279.6999528084,26240.353970015887,-5359.0263719889335,77398.37235478149
2015-04-15,1098284.5160566955,26240.353970015887,-5359.0263719889335,77403.18845866853
2015-04-16,1098292.5595101498,26240.353970015887,-5359.0263719889335,77411.2319121228
2015-04-17,1098368.3667051403,26240.353970015887,-5359.0263719889335,77487.03910711338
2015-04-20,1097428.6563512348,26240.353970015887,-6309.087685479666,77497.39006669866
2015-04-21,1097350.7657639848,26240.353970015887,-6580.189720340306,77690.60151430918
2015-04-22,1097403.3177166036,26240.353970015887,-6510.624482621439,77673.58822920918
2015-04-23,1097209.74394132,26240.353970015887,-6485.885603157571,77455.27557446179
2015-04-24,1097442.8927790897,26240.353970015887,-5370.010431528324,76572.54924060218
2015-04-27,1097426.7765123057,26240.353970015887,-5916.798650126439,77103.22119241627
2015-04-28,1098046.7782975906,26240.353970015887,-4979.747425417532,76786.17175299232
2015-04-29,1097861.6261307825,26240.353970015887,-4917.290386009845,76538.56254677661
2015-04-30,1096677.4376055398,26240.353970015887,-6302.392277692328,76739.47591321613
2015-05-01,1098684.209877306,26240.353970015887,-4764.315811473643,77208.17171876365
2015-05-04,1098842.8914579987,26240.353970015887,-5458.476266906946,78061.01375488983
2015-05-05,1098522.1211863174,26240.353970015887,-5967.170135750319,78248.93735205196
2015-05-06,1098857.4493508972,26240.353970015887,-6310.669170758803,78927.76455164026
2015-05-07,1099975.1279916214,26240.353970015887,-5574.385020416463,79309.15904202196
2015-05-08,1100624.328180138,26240.353970015887,-4850.570963971317,79234.54517409345
2015-05-11,1100624.3508573973,26240.353970015887,-5502.544325251598,79886.54121263302
2015-05-12,1100194.8413151423,26240.353970015887,-6024.711005341378,79979.19835046772
2015-05-13,1100247.5326615113,26240.353970015887,-5548.143689182354,79555.3223806778
2015-05-14,1100191.5913183023,26240.353970015887,-5484.887516811956,79436.12486509839
2015-05-15,1099372.6250864565,26240.353970015887,-6704.697780250572,79836.96889669122
2015-05-18,1099429.1355124225,26240.353970015887,-6704.697780250572,79893.47932265722
2015-05-19,1099465.6503224166,26240.353970015887,-6704.697780250572,79929.99413265125
2015-05-20,1099498.7805714873,26240.353970015887,-6704.697780250572,79963.12438172195
2015-05-21,1099523.3602786236,26240.353970015887,-6704.697780250572,79987.70408885833
2015-05-22,1099517.913375088,26240.353970015887,-6704.697780250572,79982.2571853227
2015-05-26,1099685.108076749,26240.353970015887,-6704.697780250572,80149.45188698359
2015-05-27,1099714.6547376479,26240.353970015887,-6704.697780250572,80178.99854788254
2015-05-28,1099742.5599033125,26240.353970015887,-6704.697780250572,80206.90371354716
2015-05-29,1099768.4522457712,26240.353970015887,-6704.697780250572,80232.79605600587
2015-06-01,1099925.1739922932,26240.353970015887,-6704.697780250572,80389.51780252787
2015-06-02,1099982.3805069865,26240.353970015887,-6704.697780250572,80446.7243172212
2015-06-03,1099855.5526447461,26240.353970015887,-6704.697780250572,80319.89645498083
2015-06-04,1099720.3263967782,26240.353970015887,-6704.697780250572,80184.67020701291
2015-06-05,1099769.2229756447,26240.353970015887,-6704.697780250572,80233.56678587943
2015-06-08,1099869.406697341,26240.353970015887,-6704.697780250572,80333.75050757569
2015-06-09,1099872.484953795,26240.353970015887,-6704.697780250572,80336.82876402978
2015-06-10,1099808.5211191343,26240.353970015887,-6704.697780250572,80272.86492936895
2015-06-11,1099807.9472948883,26240.353970015887,-6704.697780250572,80272.291105123
2015-06-12,1099784.5567522498,26240.353970015887,-6704.697780250572,80248.90056248452
2015-06-15,1100055.4427405747,26240.353970015887,-6704.697780250572,80519.7865508094
2015-06-16,1100159.324334616,26240.353970015887,-6704.697780250572,80623.66814485076
2015-06-17,1100304.7172765248,26240.353970015887,-6704.697780250572,80769.06108675944
2015-06-18,1100297.0053674376,26240.353970015887,-6704.697780250572,80761.3491776723
2015-06-19,1100301.1661293008,26240.353970015887,-6704.697780250572,80765.50993953552
2015-06-22,1100552.3830479346,26558.13122355647,-6704.697780250572,80698.94960462884
2015-06-23,1100696.1155206966,26795.43203593383,-6704.697780250572,80605.38126501325
2015-06-24,1100392.0669619078,26441.14827516314,-6704.697780250572,80655.6164669951
2015-06-25,1099781.7786896154,26031.98142166133,-6704.697780250572,80454.49504820467
2015-06-26,1099881.7447015308,26014.778291094,-6704.697780250572,80571.66419068724
2015-06-29,1095188.8490597475,21365.619951472734,-6704.697780250572,80527.92688852525
2015-06-30,1096629.2434747363,22634.48273517948,-6704.697780250572,80699.45851980732
2015-07-01,1098792.9525887296,24634.837057321914,-6704.697780250572,80862.81331165833
2015-07-02,1098167.5864121804,23974.554975660983,-6704.697780250572,80897.72921677004
2015-07-06,1098626.4008038417,24261.404177978402,-6704.697780250572,81069.69440611382
2015-07-07,1099945.927344172,25495.660200339975,-6704.697780250572,81154.96492408263
2015-07-08,1097811.8050545738,23485.653474719962,-6704.697780250572,81030.84936010442
2015-07-09,1098347.19634762,23833.176315628225,-6704.697780250572,81218.71781224245
2015-07-10,1100901.3020291142,26240.80285164842,-6704.697780250572,81365.19695771649
2015-07-13,1101999.6166964888,27203.171590660233,-6704.697780250572,81501.14288607915
2015-07-14,1102652.043163354,27808.51367136452,-6704.697780250572,81548.22727224021
2015-07-15,1102769.8024846744,27766.38616502157,-6704.697780250572,81708.11409990327
2015-07-16,1103612.0020728204,28733.110783373588,-6704.697780250572,81583.58906969731
2015-07-17,1103777.182720454,28679.963349865517,-6704.697780250572,81801.917150839
2015-07-20,1103883.9297931786,28679.963349865517,-6704.697780250572,81908.66422356362
2015-07-21,1103869.940226176,28679.963349865517,-6704.697780250572,81894.67465656111
2015-07-22,1103778.681294606,28679.963349865517,-6704.697780250572,81803.41572499112
2015-07-23,1103656.1377978765,28679.963349865517,-6704.697780250572,81680.87222826155
2015-07-24,1101618.5075761564,28679.963349865517,-6704.697780250572,79643.24200654146
2015-07-27,1102205.131175662,28679.963349865517,-6704.697780250572,80229.86560604698
2015-07-28,1102472.1298388324,28679.963349865517,-6704.697780250572,80496.86426921748
2015-07-29,1102085.195641341,28679.963349865517,-6704.697780250572,80109.93007172598
2015-07-30,1102201.798959782,28679.963349865517,-6704.697780250572,80226.53339016717
2015-07-31,1102158.0563247304,28679.963349865517,-6704.697780250572,80182.79075511545
2015-08-03,1101837.5979433584,28679.963349865517,-6704.697780250572,79862.33237374341
2015-08-04,1101713.6092235174,28679.963349865517,-6704.697780250572,79738.34365390241
2015-08-05,1101968.241128296,28679.963349865517,-6704.697780250572,79992.97555868095
2015-08-06,1102354.587723762,28679.963349865517,-6704.697780250572,80379.32215414708
2015-08-07,1101718.7887976293,28679.963349865517,-6704.697780250572,79743.52322801435
2015-08-10,1103026.519155666,28679.963349865517,-6704.697780250572,81051.25358605105
2015-08-11,1102858.44100505,28679.963349865517,-6704.697780250572,80883.17543543503
2015-08-12,1103237.23427778,28679.963349865517,-6704.697780250572,81261.96870816499
2015-08-13,1103077.3227024977,28679.963349865517,-6704.697780250572,81102.05713288276
2015-08-14,1102875.6309070606,28679.963349865517,-6704.697780250572,80900.36533744563
2015-08-17,1103229.4278295594,28679.963349865517,-6704.697780250572,81254.16225994448
2015-08-18,1103122.5879302113,28679.963349865517,-6704.697780250572,81147.32236059639
2015-08-19,1102941.9733202162,28679.963349865517,-6704.697780250572,80966.70775060123
2015-08-20,1102360.9745709673,28679.963349865517,-6704.697780250572,80385.70900135231
2015-08-21,1098847.26335591,28679.963349865517,-6704.697780250572,76871.99778629513
2015-08-24,1085966.978945774,16742.718137089512,-6704.697780250572,75928.95858893497
2015-08-25,1092188.1134817083,24080.762138767866,-6704.697780250572,74812.04912319104
2015-08-26,1078741.839732042,8090.251367817982,-6704.697780250572,77356.28614447475
2015-08-27,1100775.0764422163,29851.256705339998,-6704.697780250572,77628.51751712686
2015-08-28,1099769.6183691202,28738.811194226262,-6704.697780250572,77735.5049551446
2015-08-31,1100711.6295977277,29031.48591750185,-6704.697780250572,78384.8414604764
2015-09-01,1094132.6461107666,23576.395839960314,-6704.697780250572,77260.94805105682
2015-09-02,1103290.1182506317,31238.206388987717,-6704.697780250572,78756.60964189447
2015-09-03,1102698.388086225,30220.56130748696,-6704.697780250572,79182.52455898863
2015-09-04,1098448.6966105658,26865.795906101237,-6704.697780250572,78287.59848471498
2015-09-08,1103245.3589113518,30923.736188984592,-6704.697780250572,79026.32050261763
2015-09-09,1101960.4081540648,28788.93687782681,-6704.697780250572,79876.16905648843
2015-09-10,1103828.7013842098,30725.1162175145,-6704.697780250572,79808.28294694587
2015-09-11,1105076.5129174814,32373.044946665294,-6704.697780250572,79408.16575106652
2015-09-14,1105339.0106055455,31426.810954897897,-6704.697780250572,80616.89743089816
2015-09-15,1108471.8261462548,34155.53716261301,-6704.697780250572,81020.98676389246
2015-09-16,1110033.0649833397,35783.1348512175,-6704.697780250572,80954.62791237282
2015-09-17,1110837.8615691047,35830.648951218114,-6704.697780250572,81711.91039813706
2015-09-18,1108165.173687777,32017.237219478353,-6704.697780250572,82852.63424854912
2015-09-21,1110738.2636174888,34544.16555625782,-6704.697780250572,82898.79584148154
2015-09-22,1108751.8443701696,32501.188255360583,-6704.697780250572,82955.35389505955
2015-09-23,1109753.9277178696,33477.802496559336,-6704.697780250572,82980.82300156099
2015-09-24,1109446.783879106,33113.50819056714,-6704.697780250572,83037.97346878937
2015-09-25,1110448.6083069798,34168.39788240858,-6704.697780250572,82984.90820482164
2015-09-28,1105807.9258958087,29566.958152910694,-6704.697780250572,82945.66552314861
2015-09-29,1106570.1540353876,30116.08564607124,-6704.697780250572,83158.7661695669
2015-09-30,1110360.3440178751,33877.000869262265,-6704.697780250572,83188.04092886345
2015-10-01,1111388.9987524915,34834.63780620892,-6704.697780250572,83259.05872653332
2015-10-02,1113778.7577814348,37102.306992721045,-6704.697780250572,83381.14856896433
2015-10-05,1113795.5831959276,37148.4142187495,-6704.697780250572,83351.86675742874
2015-10-06,1115248.2635412347,38619.55715610401,-6704.697780250572,83333.40416538133
2015-10-07,1114600.8098345129,38058.77026426059,-6704.697780250572,83246.73735050275
2015-10-08,1113287.077246546,37014.52024277183,-6704.697780250572,82977.25478402479
2015-10-09,1113547.6774999278,36983.396367697744,-6704.697780250572,83268.97891248064
2015-10-12,1113435.8111461352,36655.0784206551,-6704.697780250572,83485.43050573068
2015-10-13,1114642.4505324725,37735.31247279979,-6704.697780250572,83611.83583992324
2015-10-14,1115596.1145969876,38654.68180653686,-6704.697780250572,83646.13057070132
2015-10-15,1114407.5392551697,37085.36736952851,-6704.697780250572,84026.86966589186
2015-10-16,1111694.6115979515,34380.48443401151,-6704.697780250572,84018.82494419068
2015-10-19,1111874.130720736,34380.48443401151,-6704.697780250572,84198.34406697517
2015-10-20,1111723.9401858426,34380.48443401151,-6704.697780250572,84048.15353208152
2015-10-21,1111768.9490221166,34380.48443401151,-6704.697780250572,84093.16236835578
2015-10-22,1111104.485564434,34380.48443401151,-6704.697780250572,83428.69891067292
2015-10-23,1109910.4007075536,34380.48443401151,-6704.697780250572,82234.61405379279
2015-10-26,1110224.2562378407,34380.48443401151,-6704.697780250572,82548.46958407992
2015-10-27,1110138.1828813558,34380.48443401151,-6704.697780250572,82462.3962275947
2015-10-28,1110182.1019211896,34380.48443401151,-6704.697780250572,82506.31526742852
2015-10-29,1110999.758504258,34380.48443401151,-6704.697780250572,83323.97185049718
2015-10-30,1111218.8856243081,34380.48443401151,-6704.697780250572,83543.09897054732
2015-11-02,1111501.4842916653,34380.48443401151,-6704.697780250572,83825.69763790444
2015-11-03,1111414.9448531205,34380.48443401151,-6704.697780250572,83739.15819935966
2015-11-04,1111650.634002069,34380.48443401151,-6704.697780250572,83974.84734830796
2015-11-05,1111779.8397741662,34380.48443401151,-6704.697780250572,84104.05312040541
2015-11-06,1111389.4643090651,34380.48443401151,-6704.697780250572,83713.67765530408
2015-11-09,1111873.7050392744,34380.48443401151,-6704.697780250572,84197.91838551336
2015-11-10,1112479.6195945907,34380.48443401151,-6704.697780250572,84803.83294082968
2015-11-11,1112474.0144146457,34380.48443401151,-6704.697780250572,84798.22776088491
2015-11-12,1112220.1060101888,34380.48443401151,-6704.697780250572,84544.319356428
2015-11-13,1111653.3424856998,34380.48443401151,-6704.697780250572,83977.55583193898
2015-11-16,1112497.7310041585,34380.48443401151,-6704.697780250572,84821.94435039768
2015-11-17,1113003.7722107423,34380.48443401151,-6704.697780250572,85327.98555698153
2015-11-18,1111981.262971389,34380.48443401151,-6704.697780250572,84305.47631762805
2015-11-19,1112099.5646183807,34380.48443401151,-6704.697780250572,84423.77796461969
2015-11-20,1112084.9588015885,34380.48443401151,-6704.697780250572,84409.17214782769
2015-11-23,1112014.1898504323,34252.49048228364,-6704.697780250572,84466.39714839938
2015-11-24,1111879.9693991814,34106.905074125156,-6704.697780250572,84477.76210530684
2015-11-25,1112502.7968213363,34685.89837692294,-6704.697780250572,84521.59622466378
2015-11-27,1113807.358318459,35930.31673915847,-6704.697780250572,84581.73935955111
2015-11-30,1112576.8253661417,34637.54310662311,-6704.697780250572,84643.98003976932
2015-12-01,1113013.382669671,35056.59886519483,-6704.697780250572,84661.4815847266
2015-12-02,1112975.260189364,34940.98356659687,-6704.697780250572,84738.97440301767
2015-12-03,1111366.2000840222,33331.142780606286,-6704.697780250572,84739.75508366665
2015-12-04,1114460.026085711,36357.18142281193,-6704.697780250572,84807.54244314972
2015-12-07,1114375.2471743,36144.83342961664,-6704.697780250572,84935.11152493395
2015-12-08,1114045.906061866,35732.23892229772,-6704.697780250572,85018.36491981894
2015-12-09,1112050.3248283418,33651.71236559888,-6704.697780250572,85103.31024299352
2015-12-10,1113090.2601667866,34653.38397362956,-6704.697780250572,85141.5739734075
2015-12-11,1108013.1371758543,29350.275330197997,-6704.697780250572,85367.55962590687
2015-12-14,1110965.5272201747,32170.276404071134,-6704.697780250572,85499.94859635411
2015-12-15,1112820.5085623302,34015.54276353691,-6704.697780250572,85509.6635790437
2015-12-16,1112449.9638400036,33766.222621851484,-6704.697780250572,85388.4389984028
2015-12-17,1117547.7482838512,38630.54126467253,-6704.697780250572,85621.90479942923
2015-12-18,1124482.185739248,45212.75301141606,-6704.697780250572,85974.13050808245
2015-12-21,1123502.5887651783,44216.57084796869,-6704.697780250572,85990.71569746034
2015-12-22,1123670.873388424,44415.93629426835,-6704.697780250572,85959.63487440627
2015-12-23,1123592.7990493472,44363.718990051304,-6704.697780250572,85933.77783954656
2015-12-24,1123069.169220373,43796.89549785934,-6704.697780250572,85976.97150276438
2015-12-28,1123139.633041179,43734.31623733882,-6704.697780250572,86110.0145840908
2015-12-29,1123201.0056424625,43772.25817946147,-6704.697780250572,86133.44524325151
2015-12-30,1123152.7290109694,43676.23381572438,-6704.697780250572,86181.19297549548
2015-12-31,1122739.1978607418,43258.15418474958,-6704.697780250572,86185.74145624274
2016-01-04,1120950.734422611,41482.41189878725,-6704.697780250572,86173.02030407451
2016-01-05,1122548.9578525792,43008.80759293423,-6704.697780250572,86244.84803989553
2016-01-06,1121121.9683325023,41693.53221555264,-6704.697780250572,86133.13389720023
2016-01-07,1115739.2816056386,36495.39766919473,-6704.697780250572,85948.5817166944
2016-01-08,1112741.3991306727,33727.99644305557,-6704.697780250572,85718.10046786768
2016-01-11,1113653.9803292784,34556.34118565859,-6704.697780250572,85802.33692387049
2016-01-12,1117529.6995569097,38187.331909407396,-6704.697780250572,86047.06542775291
2016-01-13,1110280.6586913622,31215.621845841408,-6704.697780250572,85769.73462577141
2016-01-14,1116492.7604983733,37537.21503156086,-6704.697780250572,85660.24324706313
2016-01-15,1103613.3915036889,24744.70783093851,-6704.697780250572,85573.38145300094
2016-01-19,1104939.9895237319,25010.26573244459,-6704.697780250572,86634.42157153785
2016-01-20,1106135.8419280415,26194.95619985368,-6704.697780250572,86645.58350843843
2016-01-21,1106429.4797484344,25977.397257328033,-6704.697780250572,87156.78027135693
2016-01-22,1107230.6563761937,26667.448367975303,-6704.697780250572,87267.90578846913
2016-01-25,1109596.7768096332,27552.409911656636,-6704.697780250572,88749.0646782273
2016-01-26,1110745.3939703882,28398.988695901353,-6704.697780250572,89051.10305473744
2016-01-27,1112451.7805171981,29416.054079312366,-6704.697780250572,89740.42421813635
2016-01-28,1113049.637225537,30345.09245598782,-6704.697780250572,89409.24254979985
2016-01-29,1111079.1432667335,30041.733826409793,-6704.697780250572,87742.10722057428
2016-02-01,1112381.0071403207,28790.283275268856,-6704.697780250572,90295.42164530233
2016-02-02,1111534.4859716876,28592.3894587697,-6704.697780250572,89646.79429316847
2016-02-03,1112134.9840531526,28795.68970624276,-6704.697780250572,90043.99212716054
2016-02-04,1112714.320379791,29158.865187128074,-6704.697780250572,90260.15297291358
2016-02-05,1109208.22757559,27945.928568928968,-6704.697780250572,87966.9967869115
2016-02-08,1105284.8645213866,26475.15441306145,-6704.697780250572,85514.40788857569
2016-02-09,1106394.2855588933,26471.193505506846,-6704.697780250572,86627.78983363695
2016-02-10,1109184.8579943827,28266.915109364665,-6704.697780250572,87622.64066526853
2016-02-11,1106795.1238545536,28542.495559706353,-6704.697780250572,84957.32607509778
2016-02-12,1111044.2498950309,29910.42491160729,-6704.697780250572,87838.52276367415
2016-02-16,1112517.1930462564,28516.299494834733,-6704.697780250572,90705.59133167239
2016-02-17,1113355.7801977543,28762.488766687457,-6704.697780250572,91297.98921131738
2016-02-18,1113967.9976035338,29261.723765587085,-6704.697780250572,91410.97161819716
2016-02-19,1114744.3492240892,29758.150755195762,-6704.697780250572,91690.8962491441
2016-02-22,1113171.2338725212,28144.20981938683,-6704.697780250572,91731.72183338483
2016-02-23,1113984.0437099054,28835.89098563802,-6704.697780250572,91852.85050451802
2016-02-24,1113437.4388273747,28428.817369844066,-6704.697780250572,91713.31923778122
2016-02-25,1112491.2216818137,28221.769392064656,-6704.697780250572,90974.15006999951
2016-02-26,1112764.885355357,28277.272346753627,-6704.697780250572,91192.31078885403
2016-02-29,1112709.7261672907,27943.33527958719,-6704.697780250572,91471.08866795409
2016-03-01,1113236.8809019914,28614.8150953796,-6704.697780250572,91326.76358686248
2016-03-02,1114070.6551923808,29338.35987887485,-6704.697780250572,91436.9930937565
2016-03-03,1114637.6006006948,29183.747393399128,-6704.697780250572,92158.5509875461
2016-03-04,1114757.3021041665,29256.1261080408,-6704.697780250572,92205.87377637625
2016-03-07,1114630.540722574,28680.178486537305,-6704.697780250572,92655.06001628726
2016-03-08,1113502.104068005,27646.07125986938,-6704.697780250572,92560.7305883863
2016-03-09,1114005.9806583119,28283.898383478983,-6704.697780250572,92426.78005508357
2016-03-10,1114028.2369710403,28043.968721875106,-6704.697780250572,92688.96602941584
2016-03-11,1115230.8633303016,29311.806655907072,-6704.697780250572,92623.7544546451
2016-03-14,1114760.468760719,28842.4117484506,-6704.697780250572,92622.75479251915
2016-03-15,1114391.958283303,28494.225343390135,-6704.697780250572,92602.43072016351
2016-03-16,1114422.1593038896,29021.561465130886,-6704.697780250572,92105.2956190093
2016-03-17,1115399.8944404526,30026.357635262073,-6704.697780250572,92078.23458544095
2016-03-18,1114665.9930974613,29861.10651897674,-6704.697780250572,91509.58435873524
2016-03-21,1114677.859616944,29861.10651897674,-6704.697780250572,91521.45087821782
2016-03-22,1114721.926037718,29861.10651897674,-6704.697780250572,91565.51729899202
2016-03-23,1114806.9130249405,29861.10651897674,-6704.697780250572,91650.50428621448
2016-03-24,1114802.1991722505,29861.10651897674,-6704.697780250572,91645.79043352441
2016-03-28,1114954.5036483407,29861.10651897674,-6704.697780250572,91798.09490961465
2016-03-29,1114886.8782014968,29861.10651897674,-6704.697780250572,91730.4694627705
2016-03-30,1114996.5684502418,29861.10651897674,-6704.697780250572,91840.15971151576
2016-03-31,1115015.6684252839,29861.10651897674,-6704.697780250572,91859.25968655781
2016-04-01,1115110.1250421884,29861.10651897674,-6704.697780250572,91953.7163034624
2016-04-04,1115077.3720842693,29861.10651897674,-6704.697780250572,91920.96334554302
2016-04-05,1114970.0176412482,29861.10651897674,-6704.697780250572,91813.6089025219
2016-04-06,1115180.2122556847,29861.10651897674,-6704.697780250572,92023.80351695861
2016-04-07,1114910.775645285,29861.10651897674,-6704.697780250572,91754.36690655886
2016-04-08,1114969.1718143164,29861.10651897674,-6704.697780250572,91812.76307559013
2016-04-11,1114901.2873760718,29861.10651897674,-6704.697780250572,91744.87863734551
2016-04-12,1114989.8446610668,29861.10651897674,-6704.697780250572,91833.43592234049
2016-04-13,1115000.9911492146,29861.10651897674,-6704.697780250572,91844.58241048828
2016-04-14,1114868.0008310713,29861.10651897674,-6704.697780250572,91711.592092345
2016-04-15,1114962.3867929736,29861.10651897674,-6704.697780250572,91805.97805424756
2016-04-18,1114509.4887890697,29861.10651897674,-7237.28828751191,91885.67055760487
2016-04-19,1114629.7250926318,29861.10651897674,-6917.437382250093,91686.055955905
2016-04-20,1115560.9118865076,29861.10651897674,-6065.376904063742,91765.18227159465
2016-04-21,1116302.4995429113,29861.10651897674,-5506.962857690291,91948.35588162486
2016-04-22,1117133.13103682,29861.10651897674,-4404.795665744459,91676.82018358773
2016-04-25,1117187.113672229,29861.10651897674,-5131.187651339918,92457.19480459229
2016-04-26,1116814.3004741052,29861.10651897674,-5457.913811250939,92411.10776637937
2016-04-27,1116684.8335552954,29861.10651897674,-5182.612875553663,92006.33991187229
2016-04-28,1116109.8860274665,29861.10651897674,-5470.530163302319,91719.30967179197
2016-04-29,1117604.3121514968,29861.10651897674,-4293.034501946764,92036.24013446667
2016-05-02,1118450.6617118977,29861.10651897674,-4299.86683130404,92889.42202422488
2016-05-03,1118725.3970664027,29861.10651897674,-4338.694318497437,93202.98486592341
2016-05-04,1119015.0611744998,29861.10651897674,-4129.9808690290665,93283.93552455213
2016-05-05,1119264.3581535574,29861.10651897674,-3919.298695271602,93322.55032985238
2016-05-06,1119688.6491361028,29861.10651897674,-3623.3167554147076,93450.85937254061
2016-05-09,1119889.1547221774,29861.10651897674,-4058.265869724215,94086.3140729249
2016-05-10,1120103.9187357877,29861.10651897674,-4096.732624748955,94339.54484156007
2016-05-11,1120675.9240437024,29861.10651897674,-4283.548706272268,95098.36623099796
2016-05-12,1120593.1862974789,29861.10651897674,-4220.441654069233,94952.52143257135
2016-05-13,1120717.7486759806,29861.10651897674,-4505.18930744112,95361.83146444499
2016-05-16,1121512.8667215053,29861.10651897674,-4968.5592521486105,96620.31945467717
2016-05-17,1122421.8424770897,29861.10651897674,-5132.761221552733,97693.49717966584
2016-05-18,1122720.4820832305,29861.10651897674,-4723.390881433035,97582.76644568681
2016-05-19,1122003.5071298038,29861.10651897674,-5120.045535473386,97262.4461463003
2016-05-20,1123401.341655498,29861.10651897674,-4281.625441977521,97821.86057849857
2016-05-23,1123417.6692338511,29861.10651897674,-4281.625441977521,97838.18815685203
2016-05-24,1123426.8105731215,29861.10651897674,-4281.625441977521,97847.3294961222
2016-05-25,1123421.7446730654,29861.10651897674,-4281.625441977521,97842.26359606604
2016-05-26,1123285.463782738,29861.10651897674,-4281.625441977521,97705.98270573863
2016-05-27,1123316.3880339745,29861.10651897674,-4281.625441977521,97736.90695697535
2016-05-31,1123345.110175279,29861.10651897674,-4281.625441977521,97765.62909827963
2016-06-01,1123180.6849927912,29861.10651897674,-4281.625441977521,97601.20391579182
2016-06-02,1123256.9265425103,29861.10651897674,-4281.625441977521,97677.44546551094
2016-06-03,1123233.1401605685,29861.10651897674,-4281.625441977521,97653.65908356919
2016-06-06,1123243.0167323514,29861.10651897674,-4281.625441977521,97663.53565535229
2016-06-07,1123237.0294068037,29861.10651897674,-4281.625441977521,97657.54832980433
2016-06-08,1123222.185783069,29861.10651897674,-4281.625441977521,97642.70470607001
2016-06-09,1123168.4664315889,29861.10651897674,-4281.625441977521,97588.98535458976
2016-06-10,1123031.9431963726,29861.10651897674,-4281.625441977521,97452.46211937326
2016-06-13,1122958.0622540493,29861.10651897674,-4281.625441977521,97378.58117705025
2016-06-14,1122878.9672124046,29861.10651897674,-4281.625441977521,97299.48613540549
2016-06-15,1122929.8043686892,29861.10651897674,-4281.625441977521,97350.32329168986
2016-06-16,1122858.746001218,29861.10651897674,-4281.625441977521,97279.26492421888
2016-06-17,1122855.4544424866,29861.10651897674,-4281.625441977521,97275.97336548753
2016-06-20,1122339.7152614514,29234.171266196878,-4281.625441977521,97387.16943723196
2016-06-21,1121755.5412519383,28603.926771317725,-4281.625441977521,97433.239922598
2016-06-22,1120240.6295172041,27011.00706469582,-4281.625441977521,97511.24789448595
2016-06-23,1120867.5040361905,27695.537275008508,-4281.625441977521,97453.59220315935
2016-06-24,1121226.5478244517,28084.533421773114,-4281.625441977521,97423.63984465622
2016-06-27,1123573.2059654412,30518.568950489396,-4281.625441977521,97336.26245692931
2016-06-28,1125907.4687919975,32645.113859690726,-4281.625441977521,97543.98037428432
2016-06-29,1125403.0969224959,32038.01271687646,-4281.625441977521,97646.70964759681
2016-06-30,1124128.087458192,30720.435611275374,-4281.625441977521,97689.27728889394
2016-07-01,1124182.6722487889,30754.520029599313,-4281.625441977521,97709.77766116709
2016-07-05,1119109.6471852658,30353.248435704038,-4281.625441977521,93038.02419153927
2016-07-06,1118903.5870555262,30083.23299690499,-4281.625441977521,93101.97950059874
2016-07-07,1118905.8639459019,30071.987316651153,-4281.625441977521,93115.50207122811
2016-07-08,1118688.2244698734,29721.036010270705,-4281.625441977521,93248.81390158017
2016-07-11,1118719.2407822823,29442.808117468492,-4281.625441977521,93558.05810679146
2016-07-12,1119826.5742425825,30439.216559277498,-4281.625441977521,93668.98312528245
2016-07-13,1119559.342785081,30238.78610134672,-4281.625441977521,93602.18212571181
2016-07-14,1120998.7615526803,31600.06052617426,-4281.625441977521,93680.32646848354
2016-07-15,1120714.2262730012,31413.26006275683,-4281.625441977521,93582.59165222198
2016-07-18,1120313.3990853508,31413.26006275683,-4867.355651092716,93767.49467368657
2016-07-19,1121003.124101659,31413.26006275683,-4282.871568218921,93872.73560712114
2016-07-20,1121241.3694548649,31413.26006275683,-4010.5497370113153,93838.65912911925
2016-07-21,1121949.2507716531,31413.26006275683,-3202.642138247029,93738.63284714334
2016-07-22,1122869.6173074122,31413.26006275683,-2156.7773806649493,93613.13462532032
2016-07-25,1122556.7277875454,31413.26006275683,-2782.0123276375234,93925.48005242622
2016-07-26,1123202.3878000039,31413.26006275683,-1992.6783343029674,93781.80607154989
2016-07-27,1123652.1277974704,31413.26006275683,-1357.9375187343685,93596.80525344796
2016-07-28,1123847.3070258512,31413.26006275683,-1250.4483573802281,93684.49532047473
2016-07-29,1124646.4913821844,31413.26006275683,-294.3226714213379,93527.55399084906
2016-08-01,1124174.3924673484,31413.26006275683,-394.3253745760303,93155.45777916769
2016-08-02,1122329.9083072678,31413.26006275683,-1237.425962063484,92154.07420657435
2016-08-03,1123203.3412642363,31413.26006275683,-717.5242685407866,92507.60547002009
2016-08-04,1123526.124064073,31413.26006275683,-511.53067921451293,92624.39468053076
2016-08-05,1126399.2548526234,31413.26006275683,2092.268887013546,92893.72590285307
2016-08-08,1126495.255372053,31413.26006275683,1899.7194503471255,93182.27585894917
2016-08-09,1126662.2552617495,31413.26006275683,1854.7207096397178,93394.27448935295
2016-08-10,1126619.999808278,31413.26006275683,1492.6497030610917,93714.09004246001
2016-08-11,1127077.3855503565,31413.26006275683,2043.6036079726182,93620.5218796269
2016-08-12,1127643.2164203492,31413.26006275683,2319.154469398549,93910.8018881937
2016-08-15,1127880.5625929013,31413.26006275683,2312.0842398020905,94155.21829034248
2016-08-16,1127193.5641619656,31413.26006275683,1590.2353583077202,94190.06874090107
2016-08-17,1128167.542269194,31413.26006275683,2024.560883829021,94729.72132260818
2016-08-18,1129330.3074218559,31413.26006275683,2916.2034776586806,95000.84388144035
2016-08-19,1128090.5073259124,31413.26006275683,2254.5202417636756,94422.72702139197
2016-08-22,1128118.7848238708,31413.26006275683,2254.5202417636756,94451.00451935013
2016-08-23,1128128.2204319467,31413.26006275683,2254.5202417636756,94460.44012742606
2016-08-24,1128144.9104861422,31413.26006275683,2254.5202417636756,94477.13018162176
2016-08-25,1128105.8065872872,31413.26006275683,2254.5202417636756,94438.0262827666
2016-08-26,1128124.9231693465,31413.26006275683,2254.5202417636756,94457.1428648259
2016-08-29,1128189.3182893996,31413.26006275683,2254.5202417636756,94521.53798487922
2016-08-30,1128204.0018515442,31413.26006275683,2254.5202417636756,94536.22154702386
2016-08-31,1128226.5794136152,31413.26006275683,2254.5202417636756,94558.79910909454
2016-09-01,1128266.0574154686,31413.26006275683,2254.5202417636756,94598.27711094823
2016-09-02,1128273.5304138698,31413.26006275683,2254.5202417636756,94605.75010934938
2016-09-06,1128351.3506565802,31413.26006275683,2254.5202417636756,94683.57035205956
2016-09-07,1128355.1522852965,31413.26006275683,2254.5202417636756,94687.37198077608
2016-09-08,1128375.2310422906,31413.26006275683,2254.5202417636756,94707.45073777018
2016-09-09,1128417.3097531265,31413.26006275683,2254.5202417636756,94749.52944860584
2016-09-12,1128451.3222107375,31413.26006275683,2254.5202417636756,94783.54190621688
2016-09-13,1128429.7744267695,31413.26006275683,2254.5202417636756,94761.99412224884
2016-09-14,1128522.5197550463,31413.26006275683,2254.5202417636756,94854.73945052596
2016-09-15,1128490.943916394,31413.26006275683,2254.5202417636756,94823.16361187329
2016-09-16,1128433.7582194838,31413.26006275683,2254.5202417636756,94765.97791496338
2016-09-19,1128459.05256195,31413.26006275683,2254.5202417636756,94791.27225742955
2016-09-20,1128475.0675806212,31413.26006275683,2254.5202417636756,94807.28727610083
2016-09-21,1128478.8389479811,31413.26006275683,2254.5202417636756,94811.0586434605
2016-09-22,1128441.0971145392,31413.26006275683,2254.5202417636756,94773.31681001862
2016-09-23,1128477.4044425106,31413.26006275683,2254.5202417636756,94809.62413798994
2016-09-26,1128482.7056675372,31413.26006275683,2254.5202417636756,94814.92536301655
2016-09-27,1128409.4640765847,31413.26006275683,2254.5202417636756,94741.68377206428
2016-09-28,1128420.8100780067,31413.26006275683,2254.5202417636756,94753.02977348608
2016-09-29,1128065.19482981,31413.26006275683,2254.5202417636756,94397.41452528932
2016-09-30,1128063.5970250997,31413.26006275683,2254.5202417636756,94395.81672057929
2016-10-03,1128169.8364132256,31413.26006275683,2254.5202417636756,94502.05610870523
2016-10-04,1128339.9765522578,31413.26006275683,2254.5202417636756,94672.19624773739
2016-10-05,1128378.7853355003,31413.26006275683,2254.5202417636756,94711.00503097964
2016-10-06,1128364.2085235617,31413.26006275683,2254.5202417636756,94696.42821904109
2016-10-07,1128517.6843531057,31413.26006275683,2254.5202417636756,94849.9040485851
2016-10-10,1128473.394359746,31413.26006275683,2254.5202417636756,94805.6140552254
2016-10-11,1128492.2307181722,31413.26006275683,2254.5202417636756,94824.45041365153
2016-10-12,1128481.6989267068,31413.26006275683,2254.5202417636756,94813.91862218641
2016-10-13,1128428.9676144011,31413.26006275683,2254.5202417636756,94761.18730988074
2016-10-14,1128432.5589886177,31413.26006275683,2254.5202417636756,94764.77868409734
2016-10-17,1128568.9999957434,31413.26006275683,2254.5202417636756,94901.219691223
2016-10-18,1128629.8201138056,31413.26006275683,2254.5202417636756,94962.0398092852
2016-10-19,1128476.9465937912,31413.26006275683,2254.5202417636756,94809.16628927062
2016-10-20,1128677.9826469002,31413.26006275683,2254.5202417636756,95010.20234237984
2016-10-21,1128683.5833293567,31413.26006275683,2254.5202417636756,95015.80302483612
2016-10-24,1128864.767208714,31413.26006275683,2254.5202417636756,95196.98690419365
2016-10-25,1129019.2863727687,31413.26006275683,2254.5202417636756,95351.5060682483
2016-10-26,1128864.4418505118,31413.26006275683,2254.5202417636756,95196.66154599143
2016-10-27,1129058.8176212055,31413.26006275683,2254.5202417636756,95391.03731668484
2016-10-28,1128970.0189344417,31413.26006275683,2254.5202417636756,95302.2386299211
2016-10-31,1129139.2921833028,31413.26006275683,2254.5202417636756,95471.51187878242
2016-11-01,1129007.1589303548,31413.26006275683,2254.5202417636756,95339.37862583413
2016-11-02,1129053.8363403636,31413.26006275683,2254.5202417636756,95386.05603584298
2016-11-03,1128798.031711428,31413.26006275683,2254.5202417636756,95130.25140690757
2016-11-04,1129089.0901771905,31413.26006275683,2254.5202417636756,95421.30987266987
2016-11-07,1129052.5903988476,31413.26006275683,2254.5202417636756,95384.81009432697
2016-11-08,1128525.4538838817,31413.26006275683,2254.5202417636756,94857.67357936129
2016-11-09,1128263.551013413,31413.26006275683,2254.5202417636756,94595.7707088925
2016-11-10,1127075.3732757391,31413.26006275683,2254.5202417636756,93407.59297121852
2016-11-11,1127536.3996895747,31413.26006275683,2254.5202417636756,93868.6193850541
2016-11-14,1127234.9867266458,31413.26006275683,2254.5202417636756,93567.20642212545
2016-11-15,1127990.7689507105,31413.26006275683,2254.5202417636756,94322.98864619015
2016-11-16,1127910.8017766513,31413.26006275683,2254.5202417636756,94243.02147213067
2016-11-17,1128504.664307055,31413.26006275683,2254.5202417636756,94836.88400253444
2016-11-18,1128137.5720222131,31413.26006275683,2254.5202417636756,94469.79171769274
2016-11-21,1128218.8791321688,31413.26006275683,2254.5202417636756,94551.09882764844
2016-11-22,1127886.5380965942,31413.26006275683,2254.5202417636756,94218.75779207353
2016-11-23,1127866.3084154911,31413.26006275683,2254.5202417636756,94198.52811097051
2016-11-25,1128099.7298349645,31413.26006275683,2254.5202417636756,94431.94953044388
2016-11-28,1128102.9744840418,31413.26006275683,2254.5202417636756,94435.19417952118
2016-11-29,1128101.292504862,31413.26006275683,2254.5202417636756,94433.51220034156
2016-11-30,1127561.5193538782,31413.26006275683,2254.5202417636756,93893.73904935783
2016-12-01,1127389.8928141538,31413.26006275683,2254.5202417636756,93722.11250963318
2016-12-02,1127690.8847681875,31413.26006275683,2254.5202417636756,94023.10446366714
2016-12-05,1127589.1493368628,31413.26006275683,2254.5202417636756,93921.36903234222
2016-12-06,1127596.9539108914,31413.26006275683,2254.5202417636756,93929.17360637081
2016-12-07,1127464.7803810234,31413.26006275683,2254.5202417636756,93797.00007650303
2016-12-08,1127395.7746188338,31413.26006275683,2254.5202417636756,93727.9943143134
2016-12-09,1127154.3769274,31413.26006275683,2254.5202417636756,93486.59662287962
2016-12-12,1127022.1878585587,31413.26006275683,2254.5202417636756,93354.40755403833
2016-12-13,1126838.7869254672,31413.26006275683,2254.5202417636756,93171.0066209468
2016-12-14,1127146.2036667843,31413.26006275683,2254.5202417636756,93478.42336226394
2016-12-15,1127529.2861529114,31413.26006275683,2254.5202417636756,93861.50584839098
2016-12-16,1127368.6738302861,31413.26006275683,2254.5202417636756,93700.89352576574
2016-12-19,1127096.3309423306,31413.26006275683,1967.7367807218106,93715.334098852
2016-12-20,1127264.099937641,31413.26006275683,2131.447069006739,93719.39280587761
2016-12-21,1127598.7145827631,31413.26006275683,2460.69802689692,93724.75649310928
2016-12-22,1127917.0332030007,31413.26006275683,2780.8348521699663,93722.93828807399
2016-12-23,1127577.957091123,31413.26006275683,2422.5043202304514,93742.19270813582
2016-12-27,1127107.4756464,31413.26006275683,1929.543890817673,93764.67169282539
2016-12-28,1126412.9442616897,31413.26006275683,1243.2988250487251,93756.38537388411
2016-12-29,1126227.527797332,31413.26006275683,1077.9256741625722,93736.34206041275
2016-12-30,1125750.5342103303,31413.26006275683,602.7582877050154,93734.51585986838
2017-01-03,1126284.6206750416,31413.26006275683,1076.0499329949962,93795.31067928975
2017-01-04,1127025.8181745948,31413.26006275683,1809.821589998086,93802.73652183986
2017-01-05,1126974.404538256,31413.26006275683,1750.2521417564712,93810.8923337427
2017-01-06,1127237.7213964385,31413.26006275683,1979.7205754512688,93844.74075823044
2017-01-09,1127040.5742714596,31413.26006275683,1740.3694738459308,93886.94473485672
2017-01-10,1127011.816032455,31413.26006275683,1729.8585351830116,93868.69743451523
2017-01-11,1127699.9333405364,31413.26006275683,2397.9267080299323,93888.74656974967
2017-01-12,1127100.841299627,31413.26006275683,1827.5514510013163,93860.02978586894
2017-01-13,1127478.0199350151,31413.26006275683,2217.9112985697575,93846.84857368842
2017-01-17,1126493.5178603497,31413.26006275683,1220.9113015746698,93859.34649601835
2017-01-18,1126652.204164274,31413.26006275683,1334.8963308773236,93904.04777063988
2017-01-19,1125966.6909387135,31413.26006275683,664.8651394306216,93888.56573652616
2017-01-20,1127264.8779477812,31413.26006275683,2013.3688341012457,93838.24905092316
2017-01-23,1125277.0111901683,31413.26006275683,308.8810360262869,93554.87009138521
2017-01-24,1125206.1753487065,31413.26006275683,170.6957736745244,93622.21951227519
2017-01-25,1124886.4080182766,31413.26006275683,-358.0264031381812,93831.17435865803
2017-01-26,1125447.6272350587,31413.26006275683,514.3812542357482,93519.98591806623
2017-01-27,1126204.540669511,31413.26006275683,1242.8462482397445,93548.43435851461
2017-01-30,1125756.9296334162,31413.26006275683,281.8180859913118,94061.85148466798
2017-01-31,1126360.3267762363,31413.26006275683,967.8211132446304,93979.24560023495
2017-02-01,1126313.3075552164,31413.26006275683,1765.633847707766,93134.41364475177
2017-02-02,1126610.0192819682,31413.26006275683,1951.2971662104828,93245.46205300093
2017-02-03,1127532.031159123,31413.26006275683,2527.941777633154,93590.82931873295
2017-02-06,1127599.0107126683,31413.26006275683,2100.127243816969,94085.6234060945
2017-02-07,1127542.8161541643,31413.26006275683,2133.1447581332177,93996.4113332741
2017-02-08,1128864.163329559,31413.26006275683,3263.308288336033,94187.59497846616
2017-02-09,1128853.0710786232,31413.26006275683,3087.6227462122915,94352.18826965406
2017-02-10,1128396.2718730965,31413.26006275683,2201.1944037841167,94781.81740655564
2017-02-13,1128111.870052094,31413.26006275683,1342.7535655976972,95355.85642373958
2017-02-14,1127906.7507358964,31413.26006275683,1448.346301466343,95045.14437167323
2017-02-15,1127737.4362754538,31413.26006275683,2627.2325750694145,93696.94363762741
2017-02-16,1127320.1264592374,31413.26006275683,2563.5293908506865,93343.3370056299
2017-02-17,1130329.0586841935,31413.26006275683,5488.296439775848,93427.50218166085
2017-02-21,1130346.9079399058,31413.26006275683,5488.296439775848,93445.35143737309
2017-02-22,1130338.6648960349,31413.26006275683,5488.296439775848,93437.10839350219
2017-02-23,1130402.408569823,31413.26006275683,5488.296439775848,93500.85206729034
2017-02-24,1130408.6683479692,31413.26006275683,5488.296439775848,93507.1118454365
2017-02-27,1130493.2599343827,31413.26006275683,5488.296439775848,93591.70343185007
2017-02-28,1130603.2046507036,31413.26006275683,5488.296439775848,93701.6481481709
2017-03-01,1130460.6937089588,31413.26006275683,5488.296439775848,93559.13720642612
2017-03-02,1130594.5555390562,31413.26006275683,5488.296439775848,93692.99903652351
2017-03-03,1130610.6575268602,31413.26006275683,5488.296439775848,93709.10102432757
2017-03-06,1130839.1967180665,31413.26006275683,5488.296439775848,93937.64021553379
2017-03-07,1130855.509920473,31413.26006275683,5488.296439775848,93953.9534179403
2017-03-08,1130829.18652972,31413.26006275683,5488.296439775848,93927.63002718729
2017-03-09,1130965.4729094638,31413.26006275683,5488.296439775848,94063.91640693112
2017-03-10,1130928.6533486308,31413.26006275683,5488.296439775848,94027.09684609808
2017-03-13,1131086.689083962,31413.26006275683,5488.296439775848,94185.13258142932
2017-03-14,1130960.5706122306,31413.26006275683,5488.296439775848,94059.01410969789
2017-03-15,1131032.1762388179,31413.26006275683,5488.296439775848,94130.61973628518
2017-03-16,1131149.7050883386,31413.26006275683,5488.296439775848,94248.1485858059
2017-03-17,1130872.5427892504,31413.26006275683,5488.296439775848,93970.9862867177
2017-03-20,1130119.8601580518,31413.26006275683,4711.235651872819,93995.36444342206
2017-03-21,1129771.4429562944,31413.26006275683,4316.856943639228,94041.32594989846
2017-03-22,1129506.686818712,31413.26006275683,4235.879563485039,93857.54719246994
2017-03-23,1129129.1395393808,31413.26006275683,3772.350897208671,93943.52857941529
2017-03-24,1129056.5210986617,31413.26006275683,3691.825412028469,93951.43562387652
2017-03-27,1129071.25322866,31413.26006275683,3623.619495897903,94034.37367000524
2017-03-28,1129356.7579215984,31413.26006275683,3818.3937593195587,94125.10409952211
2017-03-29,1129473.1162027996,31413.26006275683,3922.2368349399185,94137.61930510285
2017-03-30,1129648.2547401162,31413.26006275683,4183.855046676472,94051.139630683
2017-03-31,1129442.7820155746,31413.26006275683,4012.5005206733476,94017.02143214457
2017-04-03,1129150.607726663,31413.26006275683,3717.2254403445404,94020.12222356163
2017-04-04,1129302.4999272185,31413.26006275683,3878.4026786771137,94010.83718578448
2017-04-05,1128826.6174769488,31413.26006275683,3348.756666191737,94064.6007480002
2017-04-06,1129179.7722473629,31413.26006275683,3716.570594747318,94049.94158985885
2017-04-07,1128888.6831478134,31413.26006275683,3511.7672816639533,93963.65580339264
2017-04-10,1128698.0444754623,31413.26006275683,3237.8030695765046,94046.98134312895
2017-04-11,1128633.0026640496,31413.26006275683,3196.1167818865506,94023.62581940624
2017-04-12,1128347.1429493343,31413.26006275683,2918.4034028610913,94015.47948371642
2017-04-13,1128134.4440891645,31413.26006275683,2767.6643623518758,93953.51966405567
2017-04-17,1128286.6783659344,31413.26006275683,2680.754490970983,94192.66381220659
2017-04-18,1128293.7043504152,31413.26006275683,2724.6725012359675,94155.77178642224
2017-04-19,1128309.6827685293,31413.26006275683,2706.20012936322,94190.22257640911
2017-04-20,1128542.1474929848,31413.26006275683,2770.770707848482,94358.11672237935
2017-04-21,1128292.714701908,31413.26006275683,2691.840934687876,94187.61370446323
2017-04-24,1128286.7447374864,31413.26006275683,2691.840934687876,94181.64374004165
2017-04-25,1128111.907834961,31413.26006275683,2691.840934687876,94006.80683751637
2017-04-26,1128160.017977753,31413.26006275683,2691.840934687876,94054.91698030825
2017-04-27,1127845.604859666,31413.26006275683,2691.840934687876,93740.50386222126
2017-04-28,1128146.7760321465,31413.26006275683,2691.840934687876,94041.67503470182
2017-05-01,1128837.1006685554,31413.26006275683,2691.840934687876,94731.99967111065
2017-05-02,1128538.0023811,31413.26006275683,2691.840934687876,94432.90138365538
2017-05-03,1128477.9901074257,31413.26006275683,2691.840934687876,94372.88910998101
2017-05-04,1128485.8823005902,31413.26006275683,2691.840934687876,94380.78130314546
2017-05-05,1128574.5103337565,31413.26006275683,2691.840934687876,94469.40933631174
2017-05-08,1129251.7108723798,31413.26006275683,2691.840934687876,95146.60987493512
2017-05-09,1129451.863472229,31413.26006275683,2691.840934687876,95346.7624747844
2017-05-10,1129838.0696933616,31413.26006275683,2691.840934687876,95732.96869591693
2017-05-11,1129699.968753116,31413.26006275683,2691.840934687876,95594.86775567126
2017-05-12,1129956.880366682,31413.26006275683,2691.840934687876,95851.77936923737
2017-05-15,1130549.9330338566,31413.26006275683,2691.840934687876,96444.83203641186
2017-05-16,1130219.5949789253,31413.26006275683,2691.840934687876,96114.4939814806
2017-05-17,1130244.6772818775,31413.26006275683,2691.840934687876,96139.57628443278
2017-05-18,1130519.462196396,31413.26006275683,2691.840934687876,96414.36119895126
2017-05-19,1130366.7797828326,31413.26006275683,2691.840934687876,96261.67878538789
2017-05-22,1130415.722711082,31413.26006275683,2691.840934687876,96310.62171363737
2017-05-23,1130397.9020531743,31413.26006275683,2691.840934687876,96292.80105572962
2017-05-24,1130230.3988098004,31413.26006275683,2691.840934687876,96125.29781235568
2017-05-25,1130236.503186695,31413.26006275683,2691.840934687876,96131.40218925034
2017-05-26,1130166.689021583,31413.26006275683,2691.840934687876,96061.58802413824
2017-05-30,1130134.3782055443,31413.26006275683,2691.840934687876,96029.27720809961
2017-05-31,1129999.5738864571,31413.26006275683,2691.840934687876,95894.47288901242
2017-06-01,1130183.3839366846,31413.26006275683,2691.840934687876,96078.28293923987
2017-06-02,1130166.646009761,31413.26006275683,2691.840934687876,96061.5450123162
2017-06-05,1130105.1234555074,31413.26006275683,2691.840934687876,96000.02245806274
2017-06-06,1130037.5061228238,31413.26006275683,2691.840934687876,95932.4051253791
2017-06-07,1130077.0180178077,31413.26006275683,2691.840934687876,95971.91702036303
2017-06-08,1130300.858851361,31413.26006275683,2691.840934687876,96195.75785391638
2017-06-09,1130371.045294502,31413.26006275683,2691.840934687876,96265.94429705734
2017-06-12,1130506.4894110037,31413.26006275683,2691.840934687876,96401.38841355895
2017-06-13,1130633.2548501657,31413.26006275683,2691.840934687876,96528.15385272098
2017-06-14,1130537.2391004197,31413.26006275683,2691.840934687876,96432.13810297498
2017-06-15,1130569.2366760268,31413.26006275683,2691.840934687876,96464.13567858213
2017-06-16,1130853.2276520105,31413.26006275683,2691.840934687876,96748.1266545658
2017-06-19,1128846.5014289892,31413.26006275683,674.7385987393791,96758.50276749302
2017-06-20,1129557.4302512575,31413.26006275683,1324.297771322541,96819.87241717824
2017-06-21,1130109.24314945,31413.26006275683,1990.0658505070023,96705.91723618633
2017-06-22,1131133.8192299898,31413.26006275683,3635.7121805752395,96084.8469866577
2017-06-23,1131065.3723028793,31413.26006275683,3745.3998418952106,95906.7123982273
2017-06-26,1131269.4538204595,31413.26006275683,3806.0307548285928,96050.16300287424
2017-06-27,1131000.2871165625,31413.26006275683,3512.2808076941874,96074.74624611135
2017-06-28,1132115.3512047152,31413.26006275683,4496.419916018844,96205.67122593964
2017-06-29,1132937.6570301752,31413.26006275683,5200.101769793895,96324.29519762448
2017-06-30,1132310.9468251509,31413.26006275683,5342.7156227438245,95554.97113965033
2017-07-03,1133069.4409115408,31413.26006275683,5666.725751308841,95989.45509747509
2017-07-05,1132826.7724752966,31413.26006275683,5179.940381915541,96233.57203062437
2017-07-06,1132646.791545665,31413.26006275683,4941.0813721206505,96292.45011078753
2017-07-07,1133118.1130256357,31413.26006275683,5530.811977938865,96174.04098494002
2017-07-10,1132906.599113759,31413.26006275683,5409.1651203556685,96084.17393064639
2017-07-11,1133171.1449422599,31413.26006275683,5552.6592118144035,96205.22566768876
2017-07-12,1132946.3060865314,31413.26006275683,5386.134611836285,96146.91141193826
2017-07-13,1133132.7654276625,31413.26006275683,5290.237926074769,96429.26743883104
2017-07-14,1132272.6867571617,31413.26006275683,4398.022045563324,96461.40464884159
2017-07-17,1132352.4137506168,31413.26006275683,4165.575555667747,96773.57813219214
2017-07-18,1132694.963324702,31413.26006275683,4398.296043416136,96883.40721852914
2017-07-19,1131982.6534226763,31413.26006275683,3657.4064222195884,96911.98693769984
2017-07-20,1131486.4149416238,31413.26006275683,3502.6072376777884,96570.54764118907
2017-07-21,1134452.7540067504,31413.26006275683,6469.48208746803,96570.01185652567
2017-07-24,1133420.690303355,31413.26006275683,5215.032862382126,96792.39737821603
2017-07-25,1134804.2268578038,31413.26006275683,6631.176633298164,96759.79016174865
2017-07-26,1134534.1125974227,31413.26006275683,7047.709601133363,96073.14293353236
2017-07-27,1136778.2744392795,31413.26006275683,10162.224055329105,95202.79032119364
2017-07-28,1137282.4119409076,31413.26006275683,10741.71791133238,95127.43396681827
2017-07-31,1137195.7513634458,31413.26006275683,10533.61587765452,95248.87542303442
2017-08-01,1137682.2570857862,31413.26006275683,11006.467728070216,95262.52929495904
2017-08-02,1138533.9107295657,31413.26006275683,11299.541029591812,95821.1096372169
2017-08-03,1138460.6810981142,31413.26006275683,10898.315418803133,96149.10561655439
2017-08-04,1139783.024535289,31413.26006275683,11858.361534573138,96511.40293795918
2017-08-07,1139758.7172505204,31413.26006275683,11423.096693022642,96922.36049474077
2017-08-08,1139458.1431661323,31413.26006275683,11068.269720417447,96976.61338295811
2017-08-09,1139942.8985058852,31413.26006275683,11556.285316355526,96973.35312677291
2017-08-10,1137211.14406541,31413.26006275683,9534.521761172684,96263.3622414805
2017-08-11,1138413.7783989166,31413.26006275683,10120.143536932068,96880.37479922757
2017-08-14,1138224.8014916154,31413.26006275683,9443.58431074,97367.95711811841
2017-08-15,1138159.9294005078,31413.26006275683,9672.318771692691,97074.35056605842
2017-08-16,1137680.140222564,31413.26006275683,9216.823787370347,97050.05637243693
2017-08-17,1138075.5614261483,31413.26006275683,8912.88956624607,97749.41179714538
2017-08-18,1139117.157323008,31413.26006275683,9911.672616646392,97792.2246436046
2017-08-21,1139178.017827298,31413.26006275683,9911.672616646392,97853.08514789469
2017-08-22,1139141.780936447,31413.26006275683,9911.672616646392,97816.84825704386
2017-08-23,1139229.830712609,31413.26006275683,9911.672616646392,97904.89803320565
2017-08-24,1139209.2082327027,31413.26006275683,9911.672616646392,97884.27555329958
2017-08-25,1139259.016074821,31413.26006275683,9911.672616646392,97934.08339541755
2017-08-28,1139428.8058130704,31413.26006275683,9911.672616646392,98103.87313366728
2017-08-29,1139490.938211578,31413.26006275683,9911.672616646392,98166.0055321746
2017-08-30,1139513.4262236063,31413.26006275683,9911.672616646392,98188.49354420323
2017-08-31,1139532.2578124544,31413.26006275683,9911.672616646392,98207.32513305126
2017-09-01,1139574.8219426149,31413.26006275683,9911.672616646392,98249.88926321152
2017-09-05,1139639.1113962745,31413.26006275683,9911.672616646392,98314.17871687119
2017-09-06,1139694.1757030669,31413.26006275683,9911.672616646392,98369.24302366376
2017-09-07,1139544.875195684,31413.26006275683,9911.672616646392,98219.9425162808
2017-09-08,1139457.2129788008,31413.26006275683,9911.672616646392,98132.28029939742
2017-09-11,1139717.3287471356,31413.26006275683,9911.672616646392,98392.39606773248
2017-09-12,1139847.4613038856,31413.26006275683,9911.672616646392,98522.52862448222
2017-09-13,1140223.0896336548,31413.26006275683,9911.672616646392,98898.1569542517
2017-09-14,1140326.412460348,31413.26006275683,9911.672616646392,99001.47978094476
2017-09-15,1140431.6543821841,31413.26006275683,9911.672616646392,99106.72170278104
2017-09-18,1140338.9760715854,31413.26006275683,9808.00586396386,99117.71014486486
2017-09-19,1141161.823374052,31413.26006275683,10619.46885780769,99129.09445348755
2017-09-20,1142070.4287460255,31413.26006275683,11551.242994677974,99105.92568859062
2017-09-21,1142854.1575403088,31413.26006275683,12311.081798336003,99129.81567921583
2017-09-22,1143699.2758888244,31413.26006275683,13175.822223409545,99110.19360265788
2017-09-25,1143320.0636797943,31413.26006275683,12874.842852181522,99031.96076485584
2017-09-26,1143378.7126783615,31413.26006275683,12867.125912250369,99098.32670335425
2017-09-27,1143220.6499395224,31413.26006275683,12659.698607715662,99147.69126904989
2017-09-28,1143671.751092141,31413.26006275683,13079.91832224885,99178.57270713523
2017-09-29,1143415.340810887,31413.26006275683,12739.480370490812,99262.60037763952
2017-10-02,1143267.723185827,31413.26006275683,12586.154028922552,99268.30909414776
2017-10-03,1142941.312432289,31413.26006275683,12232.121443428448,99295.93092610361
2017-10-04,1142243.0181180057,31413.26006275683,11535.269215835026,99294.48883941374
2017-10-05,1141264.4286693938,31413.26006275683,10501.701221896219,99349.46738474071
2017-10-06,1141750.939533472,31413.26006275683,10946.134099780349,99391.545370935
2017-10-09,1141514.087887282,31413.26006275683,10642.411060842453,99458.41676368262
2017-10-10,1142134.403524335,31413.26006275683,11242.727917916374,99478.41554366169
2017-10-11,1143332.710411226,31413.26006275683,12386.187407819089,99533.26294064987
2017-10-12,1144906.918858518,31413.26006275683,14009.651587903034,99484.00720785791
2017-10-13,1145221.3074738323,31413.26006275683,14298.242400236428,99509.8050108389
2017-10-16,1144914.9986848948,31413.26006275683,13967.969449633267,99533.76917250478
2017-10-17,1145253.0729029966,31413.26006275683,14257.011425212724,99582.80141502689
2017-10-18,1147234.0782730742,31413.26006275683,16121.371954196133,99699.44625612139
2017-10-19,1146189.1329469914,31413.26006275683,15997.043008681852,98778.8298755528
2017-10-20,1148364.6349526476,31413.26006275683,18427.980791273178,98523.3940986176
2017-10-23,1147168.9981483133,31413.26006275683,17161.302188346395,98594.43589721015
2017-10-24,1147173.9616366164,31413.26006275683,17182.013906982727,98578.68766687694
2017-10-25,1147061.5097758467,31413.26006275683,17118.121759911068,98530.12795317895
2017-10-26,1147201.605268349,31413.26006275683,17311.377911651507,98476.96729394048
2017-10-27,1146682.6093251947,31413.26006275683,18422.860015232465,96846.48924720543
2017-10-30,1146813.1399647095,31413.26006275683,18245.01392239367,97154.86597955902
2017-10-31,1147525.50718567,31413.26006275683,18862.54440754745,97249.70271536591
2017-11-01,1147019.3604007894,31413.26006275683,18430.82376603014,97175.27657200233
2017-11-02,1147100.2310130638,31413.26006275683,18783.960475696716,96903.01047461038
2017-11-03,1147376.0533557187,31413.26006275683,18856.703820198192,97106.0894727637
2017-11-06,1146847.255416389,31413.26006275683,18679.443339018966,96754.55201461329
2017-11-07,1147342.1091719833,31413.26006275683,18747.800662084483,97181.04844714212
2017-11-08,1147767.482448371,31413.26006275683,19350.64103981678,97003.58134579728
2017-11-09,1148371.5519255693,31413.26006275683,19564.43083851505,97393.86102429731
2017-11-10,1149826.7827996113,31413.26006275683,20300.537482524873,98112.98525432963
2017-11-13,1149726.7942506769,31413.26006275683,20168.02148354845,98145.51270437171
2017-11-14,1149522.5795304962,31413.26006275683,20688.052066828706,97421.26740091061
2017-11-15,1148888.983329875,31413.26006275683,19629.37715348322,97846.346113635
2017-11-16,1151629.8982883624,31413.26006275683,22580.267242224538,97636.37098338106
2017-11-17,1152373.6319834678,31413.26006275683,22870.705263121752,98089.66665758938
2017-11-20,1152259.0560504268,31413.26006275683,22705.921419192106,98139.87456847774
2017-11-21,1152226.6037351477,31413.26006275683,22752.028320531244,98061.31535185967
2017-11-22,1152294.9917811009,31413.26006275683,22737.096657646238,98144.6350606978
2017-11-24,1151287.3210603204,31413.26006275683,21708.05873278319,98166.00226478046
2017-11-27,1150822.6498276624,31413.26006275683,20992.415483633522,98416.97428127215
2017-11-28,1149419.9712346885,31413.26006275683,19613.5453753795,98393.16579655232
2017-11-29,1151863.2299692351,31413.26006275683,22281.70962014934,98168.26028632908
2017-11-30,1150190.0181331276,31413.26006275683,20848.819599114126,97927.93847125652
2017-12-01,1151646.4857365564,31413.26006275683,22321.38808026153,97911.83759353799
2017-12-04,1156600.6017727528,31413.26006275683,27965.325974679436,97222.01573531656
2017-12-05,1157995.9189712633,31413.26006275683,29100.74361160805,97481.91529689846
2017-12-06,1159867.3303130777,31413.26006275683,30413.44306236552,98040.6271879552
2017-12-07,1160461.5890318921,31413.26006275683,30833.347344958805,98214.9816241765
2017-12-08,1159736.3243224232,31413.26006275683,30334.119591364986,97988.94466830138
2017-12-11,1158284.5248270477,31413.26006275683,28781.168479657732,98090.09628463327
2017-12-12,1158407.1615014928,31413.26006275683,28936.18945009343,98057.71198864258
2017-12-13,1158265.0292917457,31413.26006275683,28817.783039201517,98033.98618978728
2017-12-14,1158507.6352880867,31413.26006275683,29121.383015765925,97972.99220956396
2017-12-15,1160558.6967415926,31413.26006275683,31484.782282765955,97660.6543960697
2017-12-18,1158627.4743252276,31413.26006275683,29538.700208648574,97675.51405382203
2017-12-19,1159208.8186367708,31413.26006275683,30100.23774124193,97695.32083277195
2017-12-20,1160454.063101702,31413.26006275683,31454.858826488256,97585.94421245693
2017-12-21,1160816.0785754675,31413.26006275683,31673.540798638132,97729.2777140725
2017-12-22,1160524.8848727855,31413.26006275683,31346.337184575736,97765.28762545297
2017-12-26,1160140.8500552718,31413.26006275683,30741.710857551545,97985.87913496327
2017-12-27,1160592.0228846357,31413.26006275683,31180.980686737224,97997.78213514155
2017-12-28,1161127.3836724083,31413.26006275683,31673.898697083,98040.22491256846
2017-12-29,1161419.5988406858,31413.26006275683,31965.086737390957,98041.252040538
2018-01-02,1160519.0617795824,31413.26006275683,30873.812563217012,98231.98915360845
2018-01-03,1159860.512335379,31413.26006275683,30268.93251830677,98178.31975431531
2018-01-04,1159090.1268301718,31413.26006275683,29723.418926659273,97953.4478407558
2018-01-05,1157051.3177260594,31413.26006275683,27508.861590197776,98129.19607310463
2018-01-08,1156238.8504460272,31413.26006275683,26575.19579737913,98250.3945858914
2018-01-09,1156069.8053597882,31413.26006275683,26164.959745143773,98491.58555188775
2018-01-10,1156661.1113246956,31413.26006275683,26700.658699234133,98547.19256270467
2018-01-11,1157047.1417764071,31413.26006275683,26966.280311162584,98667.60140248784
2018-01-12,1157143.4267016319,31413.26006275683,27002.743498389027,98727.423140486
2018-01-16,1157569.1477501309,31413.26006275683,27116.2870143475,99039.60067302664
2018-01-17,1159839.9742802628,31413.26006275683,29483.857176622492,98942.85704088351
2018-01-18,1159454.270035822,31413.26006275683,29025.093050475465,99015.91692258976
2018-01-19,1160117.9060052033,31413.26006275683,29627.586888134247,99077.05905431206
2018-01-22,1158336.3691836805,31413.26006275683,27527.351727475994,99395.75739344768
2018-01-23,1157137.1536745513,31413.26006275683,26212.59005829203,99511.30355350254
2018-01-24,1157376.4298058008,31413.26006275683,26337.115116620436,99626.0546264234
2018-01-25,1157366.4037070854,31413.26006275683,26368.850337478914,99584.29330684966
2018-01-26,1155437.4096630355,31413.26006275683,25600.44010375219,98423.70949652651
2018-01-29,1154262.3433569842,31413.26006275683,23970.369882820058,98878.71341140731
2018-01-30,1154283.13962236,31413.26006275683,23981.148692164803,98888.73086743825
2018-01-31,1154758.7510944991,31413.26006275683,25039.339987738174,98306.15104400413
2018-02-01,1154244.1154153869,31413.26006275683,25038.446807235945,97792.40854539396
2018-02-02,1147303.9491468603,31413.26006275683,20700.789295017836,95189.89978908561
2018-02-05,1148676.2651079204,31413.26006275683,23583.070513549028,93679.93453161442
2018-02-06,1146630.4204905755,31413.26006275683,20249.21876222035,94967.94166559819
2018-02-07,1147023.4422756103,31413.26006275683,21793.541415181127,93816.64079767233
2018-02-08,1148506.838377466,31413.26006275683,26330.425231603207,90763.15308310604
2018-02-09,1148028.7800243627,31413.26006275683,24133.753589432454,92481.76637217333
2018-02-12,1148067.0774227413,31413.26006275683,24129.130728404387,92524.68663158012
2018-02-13,1148221.46819388,31413.26006275683,24103.526631980552,92704.68149914267
2018-02-14,1147034.9225416014,31413.26006275683,24350.376254405943,91271.28622443858
2018-02-15,1147201.478426719,31413.26006275683,26011.277915151324,89776.94044881081
2018-02-16,1148456.9157008291,31413.26006275683,26996.294132793904,90047.36150527839
2018-02-20,1148474.8398469132,31656.383041116642,26996.294132793904,89822.16267300281
2018-02-21,1150456.5194602446,33870.40308806859,26996.294132793904,89589.82223938219
2018-02-22,1150828.2538465227,34060.81711284921,26996.294132793904,89771.14260087954
2018-02-23,1151014.9828318073,34135.53667654132,26996.294132793904,89883.15202247212
2018-02-26,1148839.425745221,31735.194318401278,26996.294132793904,90107.9372940259
2018-02-27,1147738.5112272222,30694.64294195315,26996.294132793904,90047.57415247522
2018-02-28,1147455.3753000288,30767.386392780114,26996.294132793904,89691.69477445469
2018-03-01,1144808.1468088687,28529.520306234364,26996.294132793904,89282.33236984047
2018-03-02,1146233.1459713883,30271.9998917497,26996.294132793904,88964.85194684472
2018-03-05,1147535.519535421,31072.20888893935,26996.294132793904,89467.01651368756
2018-03-06,1147833.7557493208,31487.808019755757,26996.294132793904,89349.65359677118
2018-03-07,1147871.81473302,31651.403462011833,26996.294132793904,89224.11713821441
2018-03-08,1147761.1936537917,31494.864618816064,26996.294132793904,89270.03490218171
2018-03-09,1146826.4496403593,30578.50994861708,26996.294132793904,89251.64555894816
2018-03-12,1146732.6823442867,30158.801492437255,26996.294132793904,89577.58671905566
2018-03-13,1146113.9015042032,29860.17123529222,26996.294132793904,89257.43613611697
2018-03-14,1145863.4945494225,29707.449816139182,26996.294132793904,89159.75060048932
2018-03-15,1145805.4223339024,29616.559996028547,26996.294132793904,89192.56820508
2018-03-16,1145697.1624925884,29021.71263893356,26996.294132793904,89679.15572086093
2018-03-19,1143541.8742500714,29021.71263893356,24785.12590646569,89735.0357046721
2018-03-20,1142838.6047493592,29021.71263893356,24457.75612475502,89359.13598567061
2018-03-21,1142960.9257952862,29021.71263893356,24539.642799105146,89399.57035724749
2018-03-22,1139838.9082013536,29021.71263893356,21866.73478204885,88950.46078037121
2018-03-23,1138172.210952414,29021.71263893356,20612.941579207894,88537.55673427251
2018-03-26,1138429.5812748899,29021.71263893356,20734.0131208722,88673.85551508423
2018-03-27,1138067.8542597876,29021.71263893356,20399.082535622758,88647.05908523127
2018-03-28,1138041.863718802,29021.71263893356,20425.738677327055,88594.41240254138
2018-03-29,1138341.0716654714,29021.71263893356,20517.558089034166,88801.80093750381
2018-04-02,1138041.8142897328,29021.71263893356,20132.32962467952,88887.77202611975
2018-04-03,1138151.538734722,29021.71263893356,20401.383419452235,88728.44267633604
2018-04-04,1138164.7794139204,29021.71263893356,20491.614210316096,88651.4525646707
2018-04-05,1138526.0320163716,29021.71263893356,20917.26291133801,88587.05646610004
2018-04-06,1137908.4654428398,29021.71263893356,20084.397145772935,88802.35565813328
2018-04-09,1137995.7475021845,29021.71263893356,20073.218454743735,88900.81640850706
2018-04-10,1138585.027002247,29021.71263893356,20479.51268868067,89083.80167463282
2018-04-11,1138021.0726133904,29021.71263893356,20008.184185058926,88991.17578939791
2018-04-12,1138710.7957212343,29021.71263893356,20631.428265802097,89057.65481649851
2018-04-13,1138598.2884788117,29021.71263893356,20487.86619363376,89088.7096462443
2018-04-16,1139071.581782371,29021.71263893356,20915.385577230365,89134.48356620711
2018-04-17,1139582.3388339789,29021.71263893356,21386.5789030561,89174.0472919892
2018-04-18,1139586.5915707333,29021.71263893356,21212.687945722253,89352.19098607753
2018-04-19,1139583.7244012612,29021.71263893356,20946.09437038179,89615.91739194584
2018-04-20,1139848.7732193568,29021.71263893356,21215.995827276027,89611.06475314731
2018-04-23,1139635.4559531622,29021.71263893356,20352.024949564948,90261.71836466365
2018-04-24,1139323.427602461,29021.71263893356,20565.672509630327,89736.04245389719
2018-04-25,1139827.5434890038,29021.71263893356,20895.697771208244,89910.13307886198
2018-04-26,1139529.5439832127,29021.71263893356,21048.689624330727,89459.14171994827
2018-04-27,1138874.2842667988,29021.71263893356,21292.20722851844,88560.36439934676
2018-04-30,1139920.1227893273,29021.71263893356,20729.172278762446,90169.23787163128
2018-05-01,1140703.2045197422,29021.71263893356,21091.283260067226,90590.20862074126
2018-05-02,1139958.8101320385,29021.71263893356,21934.81784624688,89002.27964685811
2018-05-03,1140250.6006952543,29021.71263893356,21683.95554025995,89544.93251606077
2018-05-04,1143147.5164319752,29021.71263893356,23325.46775911562,90800.33603392611
2018-05-07,1143810.9925078158,29021.71263893356,23003.75698960235,91785.52287927992
2018-05-08,1143919.9766942416,29021.71263893356,23162.495343266288,91735.76871204167
2018-05-09,1144795.7667206624,29021.71263893356,24461.712671110407,91312.34141061828
2018-05-10,1143719.899731515,29021.71263893356,23626.82320864743,91071.36388393398
2018-05-11,1143628.0322290491,29021.71263893356,23153.38344930124,91452.93614081433
2018-05-14,1143178.4125211588,29021.71263893356,21835.918544401182,92320.78133782395
2018-05-15,1142869.5810729456,29021.71263893356,20769.432756173424,93078.43567783851
2018-05-16,1144492.2111513996,29021.71263893356,22479.611473646015,92990.88703881996
2018-05-17,1145112.1802124726,29021.71263893356,22970.845121145016,93119.6224523941
2018-05-18,1145238.2979563135,29021.71263893356,22815.770021186676,93400.81529619312
2018-05-21,1145153.7972509873,29021.71263893356,22641.12074997404,93490.96386207966
2018-05-22,1146566.293591116,29021.71263893356,23973.405550837284,93571.17540134513
2018-05-23,1145919.7930002958,29021.71263893356,23735.754088019952,93162.32627334236
2018-05-24,1145610.590602548,29021.71263893356,23613.40687698603,92975.4710866285
2018-05-25,1145912.4433795214,29021.71263893356,23831.52286511869,93059.207875469
2018-05-29,1144661.1588722053,29021.71263893356,22445.86812982557,93193.57810344617
2018-05-30,1145215.1181225507,29021.71263893356,23043.446955782943,93149.95852783415
2018-05-31,1145987.827639593,29021.71263893356,23640.98482154368,93325.1301791158
2018-06-01,1145632.8743579956,29021.71263893356,23389.207634935854,93221.95408412605
2018-06-04,1144713.8818981927,29021.71263893356,22765.025232992368,92927.14402626688
2018-06-05,1144857.1386228472,29021.71263893356,22764.65434371971,93070.77164019388
2018-06-06,1143883.2231404057,29021.71263893356,21762.27612199413,93099.23437947803
2018-06-07,1144475.6792978263,29021.71263893356,22106.128584362916,93347.83807452978
2018-06-08,1144209.5086547502,29021.71263893356,22039.028663860518,93148.7673519561
2018-06-11,1142855.7089172457,29021.71263893356,20572.114595708903,93261.88168260339
2018-06-12,1142919.0728844306,29021.71263893356,20842.750044343877,93054.6102011532
2018-06-13,1145173.4066535085,29021.71263893356,23072.756509255385,93078.93750531971
2018-06-14,1145365.0053879514,29021.71263893356,23242.491881688708,93100.80086732912
2018-06-15,1144173.1986584098,29021.71263893356,22437.836462315987,92713.64955716021
2018-06-18,1143062.9583365717,29021.71263893356,21261.72501175711,92779.52068588114
2018-06-19,1143361.994893218,29021.71263893356,21526.17912502354,92814.10312926094
2018-06-20,1142629.3126518065,29021.71263893356,20971.16378073243,92636.43623214052
2018-06-21,1142814.372078481,29021.71263893356,21124.737085995148,92667.92235355219
2018-06-22,1143508.1246273152,29021.71263893356,21651.033324861317,92835.37866352033
2018-06-25,1142882.4418429728,29021.71263893356,21024.463695419952,92836.26550861914
2018-06-26,1143114.6488985722,29021.71263893356,21098.16104650777,92994.77521313098
2018-06-27,1142514.1480990252,29021.71263893356,20760.463689330965,92731.97177076084
2018-06-28,1142745.7601370418,29021.71263893356,20706.129872692632,93017.9176254156
2018-06-29,1142633.7104015355,29021.71263893356,20585.969054028625,93026.02870857343
2018-07-02,1143136.2632362857,29021.71263893356,20610.71935594955,93503.83124140254
2018-07-03,1142880.082561886,29021.71263893356,20490.15704084444,93368.21288210782
2018-07-05,1142946.03111967,29021.71263893356,20314.015451956424,93610.30302878004
2018-07-06,1143357.684653624,29021.71263893356,20618.805439829244,93717.16657486116
2018-07-09,1142626.079415626,29021.71263893356,19645.755166255054,93958.61161043728
2018-07-10,1143077.9114288106,29021.71263893356,19955.69149055821,94100.50729931868
2018-07-11,1142710.0126604177,29021.71263893356,19689.712902020314,93998.58711946383
2018-07-12,1143121.210040837,29021.71263893356,19988.70829978725,94110.78910211613
2018-07-13,1143710.5250812308,29021.71263893356,20536.096222310094,94152.71621998702
2018-07-16,1142967.0062316344,29021.71263893356,19556.717525571934,94388.57606712892
2018-07-17,1143370.3272399036,29021.71263893356,19830.90240741009,94517.71219356009
2018-07-18,1143789.2055304376,29021.71263893356,19824.492369148065,94943.00052235601
2018-07-19,1143921.1150487904,29021.71263893356,20109.614119924372,94789.7882899323
2018-07-20,1144779.9134756364,29021.71263893356,21159.667083342792,94598.53375336016
2018-07-23,1144572.0631977827,29021.71263893356,20506.358702624333,95043.99185622483
2018-07-24,1144398.46001965,29021.71263893356,20538.502876963466,94838.24450375303
2018-07-25,1140486.3607907484,29021.71263893356,17387.65592627984,94076.99222553498
2018-07-26,1142850.746531018,29021.71263893356,19482.675946818083,94346.35794526641
2018-07-27,1144938.2719067154,29021.71263893356,21595.990390279796,94320.56887750188
2018-07-30,1144791.0152195436,29021.71263893356,21312.192931553116,94457.10964905703
2018-07-31,1145054.557328307,29021.71263893356,22254.33480441477,93778.50988495885
2018-08-01,1145725.4736419132,29021.71263893356,22269.73764303082,94434.02335994877
2018-08-02,1146689.951349921,29021.71263893356,22860.816235106206,94807.42247588141
2018-08-03,1146105.1683205455,29021.71263893356,22920.67234512861,94162.78333648317
2018-08-06,1146408.9597536065,29021.71263893356,22131.602935994044,95255.64417867875
2018-08-07,1146481.4369626557,29021.71263893356,21839.841927487403,95619.8823962349
2018-08-08,1147213.5187032544,29021.71263893356,22135.165727970423,96056.6403363503
2018-08-09,1147370.1732027794,29021.71263893356,22223.399462401285,96125.06110144453
2018-08-10,1146933.4934543446,29021.71263893356,22109.8590443423,95801.92177106859
2018-08-13,1147149.5927937995,29021.71263893356,21560.22062387492,96567.65953099099
2018-08-14,1147617.0015200917,29021.71263893356,22148.576308894902,96446.71257226309
2018-08-15,1147175.5541128796,29021.71263893356,22743.816072137794,95410.02540180809
2018-08-16,1149498.4906100314,29021.71263893356,25545.982672273065,94930.79529882479
2018-08-17,1151420.6496954146,29021.71263893356,28247.804612406995,94151.13244407414
2018-08-20,1150687.995979175,29021.71263893356,27515.793707040022,94150.48963320139
2018-08-21,1151090.8851484624,29021.71263893356,27857.044686211506,94212.12782331719
2018-08-22,1150737.275876433,29021.71263893356,27736.705977875157,93978.85725962417
2018-08-23,1150667.8047033723,29021.71263893356,27730.852390886634,93915.2396735521
2018-08-24,1150232.3764054328,29021.71263893356,27284.27138263744,93926.39238386182
2018-08-27,1148927.4733901522,29021.71263893356,25904.030499539454,94001.7302516792
2018-08-28,1148628.9493753256,29021.71263893356,25767.883468575426,93839.3532678166
2018-08-29,1146957.057408726,29021.71263893356,24133.62128016178,93801.72348963073
2018-08-30,1147547.2111871792,29021.71263893356,24688.755459692096,93836.74308855343
2018-08-31,1148211.7801235775,29021.71263893356,25433.78470567451,93756.28277896927
2018-09-04,1147875.0301260126,29021.71263893356,24874.50531455071,93978.81217252836
2018-09-05,1148955.9364572656,29021.71263893356,25656.50021301047,94277.72360532172
2018-09-06,1150524.4542843746,29021.71263893356,27213.62699645385,94289.11464898707
2018-09-07,1151396.0269740056,29021.71263893356,28077.109215323813,94297.20511974813
2018-09-10,1151872.1619565906,29021.71263893356,28620.991802476812,94229.45751518034
2018-09-11,1151888.6511386007,29021.71263893356,28761.46209966147,94105.47640000563
2018-09-12,1152449.694648817,29021.71263893356,29464.330968071823,93963.65104181156
2018-09-13,1152250.5786104905,29021.71263893356,28948.342124772724,94280.52384678414
2018-09-14,1151790.0232552527,29021.71263893356,28588.27310707548,94180.0375092437
2018-09-17,1152087.3216299687,29021.71263893356,28754.30424953543,94311.30474149971
2018-09-18,1151848.4509699633,29021.71263893356,28483.6130135064,94343.12531752349
2018-09-19,1152094.633758757,29021.71263893356,28650.418631798937,94422.50248802453
2018-09-20,1150783.8224839182,29021.71263893356,27511.60209682875,94250.50774815585
2018-09-21,1148871.9927186756,29021.71263893356,25821.155803050613,94029.12427669135
2018-09-24,1147588.2028157185,29021.71263893356,24529.45215888042,94037.03801790462
2018-09-25,1147058.2955655719,29021.71263893356,24032.696195484255,94003.88673115405
2018-09-26,1146518.4060739372,29021.71263893356,23517.923661540728,93978.76977346279
2018-09-27,1146986.7072651614,29021.71263893356,24014.339905826142,93950.65472040162
2018-09-28,1147339.0579072495,29021.71263893356,24361.996587525704,93955.34868079028
2018-10-01,1147375.8802295262,29021.71263893356,24281.51706420479,94072.65052638785
2018-10-02,1147680.1083509582,29021.71263893356,24534.252373962547,94124.1433380621
2018-10-03,1148174.7957384395,29021.71263893356,24990.429426495917,94162.65367300995
2018-10-04,1147453.8787438204,29021.71263893356,24311.05555661954,94121.11054826714
2018-10-05,1147714.465619619,29021.71263893356,24455.518133904785,94237.23484678054
2018-10-08,1147463.0499796486,29021.71263893356,24035.664705103613,94405.67263561138
2018-10-09,1147650.4970150425,29021.71263893356,24268.39335523534,94360.39102087356
2018-10-10,1147583.9071224104,29021.71263893356,24563.14593159256,93999.04855188425
2018-10-11,1149626.1903409865,29021.71263893356,27045.47484975285,93559.00285229995
2018-10-12,1148327.1420215936,29021.71263893356,26096.098364563426,93209.33101809677
2018-10-15,1148501.3567549693,29021.71263893356,26012.350171964266,93467.29394407151
2018-10-16,1148486.1747306641,29021.71263893356,26130.370095926803,93334.09199580387
2018-10-17,1148533.8114547478,29021.71263893356,26067.847281862283,93444.25153395184
2018-10-18,1148309.847556166,29021.71263893356,25950.734485257417,93337.40043197502
2018-10-19,1149496.4678842702,29021.71263893356,26906.853743660147,93567.90150167653
2018-10-22,1150478.2881425242,29404.182333993725,26906.853743660147,94167.2520648702
2018-10-23,1150630.9617706768,29905.04015894921,26906.853743660147,93819.06786806742
2018-10-24,1143717.001747257,26452.07229752536,26906.853743660147,90358.07570607145
2018-10-25,1148103.6677468375,28827.85174866335,26906.853743660147,92368.96225451399
2018-10-26,1142307.1771122972,24735.82929364266,26906.853743660147,90664.49407499423
2018-10-29,1143816.2724349515,25388.71429789986,26906.853743660147,91520.7043933915
2018-10-30,1145371.948056787,27890.577164332266,26906.853743660147,90574.5171487946
2018-10-31,1146481.7858550693,28977.193454669323,26906.853743660147,90597.73865673994
2018-11-01,1146895.955186211,29950.446932810824,26906.853743660147,90038.65450973995
2018-11-02,1148492.634881746,31693.340266894316,26906.853743660147,89892.44087119168
2018-11-05,1151734.4170407448,33011.91609290242,26906.853743660147,91815.64720418234
2018-11-06,1151675.2709632087,32758.465483553708,26906.853743660147,92009.95173599478
2018-11-07,1149539.7733170465,33183.68249577959,26906.853743660147,89449.23707760684
2018-11-08,1149259.1390500986,33487.96602948615,26906.853743660147,88864.31927695242
2018-11-09,1152306.7864380148,35224.3035697001,26906.853743660147,90175.62912465446
2018-11-12,1148724.1706671165,32384.45445123245,26906.853743660147,89432.86247222405
2018-11-13,1149678.6494540016,33117.45012000378,26906.853743660147,89654.34559033765
2018-11-14,1148133.75123493,32270.57018586551,26906.853743660147,88956.32730540447
2018-11-15,1154679.2864384549,36172.76598267141,26906.853743660147,91599.66671212343
2018-11-16,1156633.760826758,37774.435372863314,26906.853743660147,91952.47171023465
2018-11-19,1155361.218315614,36706.60350600432,26906.853743660147,91747.76106594945
2018-11-20,1156341.9096287258,38295.71422544203,26906.853743660147,91139.34165962366
2018-11-21,1157762.2875245302,39267.80769994226,26906.853743660147,91587.62608092767
2018-11-23,1158663.3478261777,40164.050061365124,26906.853743660147,91592.44402115233
2018-11-26,1160318.6927441475,40936.42221478105,26906.853743660147,92475.4167857063
2018-11-27,1159770.4415753433,40314.608973733964,26906.853743660147,92548.97885794914
2018-11-28,1157609.2071671693,38360.527325511095,26906.853743660147,92341.82609799807
2018-11-29,1157507.4947073236,38011.717919503804,26906.853743660147,92588.92304415978
2018-11-30,1156629.0180268958,37563.97855525836,26906.853743660147,92158.18572797743
2018-12-03,1143655.0192826025,24804.891230002395,26906.853743660147,91943.27430893993
2018-12-04,1152061.4576255353,33761.14781304519,26906.853743660147,91393.4560688301
2018-12-06,1153180.9587328075,35233.78218082443,26906.853743660147,91040.32280832296
2018-12-07,1149107.8016595019,31791.21402974229,26906.853743660147,90409.73388609942
2018-12-10,1153058.7769070973,35568.25093349593,26906.853743660147,90583.67222994124
2018-12-11,1155491.4363964526,37909.42632407998,26906.853743660147,90675.15632871236
2018-12-12,1156156.1104345766,38263.96178839763,26906.853743660147,90985.29490251886
2018-12-13,1158192.8475078763,39939.64156861999,26906.853743660147,91346.35219559609
2018-12-14,1158893.4336852902,41335.6431036304,26906.853743660147,90650.93683799962
2018-12-17,1155051.303068705,37252.971217059065,26906.853743660147,90891.47810798581
2018-12-18,1155513.6725369948,37667.850237199105,26906.853743660147,90938.96855613543
2018-12-19,1157357.9842162589,38640.61511583289,26906.853743660147,91810.51535676583
2018-12-20,1157471.2080041168,39232.03722275293,26906.853743660147,91332.3170377037
2018-12-21,1166310.879545509,49423.00462812674,26906.853743660147,89981.02117372188
2018-12-24,1158551.4659241561,41573.77940488758,26906.853743660147,90070.8327756084
2018-12-26,1164890.1827065956,47789.77490283281,26906.853743660147,90193.55406010267
2018-12-27,1163858.3529306478,46898.99485944654,26906.853743660147,90052.50432754098
2018-12-28,1165133.314231629,48066.84176802193,26906.853743660147,90159.61871994706
2018-12-31,1167016.442155805,49949.35314323194,26906.853743660147,90160.23526891274
2019-01-02,1169598.420410817,52133.41639052448,26906.853743660147,90558.15027663251
2019-01-03,1165674.85071565,48373.520404923824,26906.853743660147,90394.47656706604
2019-01-04,1171610.8722336683,54244.3370320797,26906.853743660147,90459.68145792861
2019-01-07,1172570.7652056338,54538.253968027886,26906.853743660147,91125.65749394591
2019-01-08,1172976.19214438,54692.67156950082,26906.853743660147,91376.66683121887
2019-01-09,1173288.9322187542,54910.00642109662,26906.853743660147,91472.07205399754
2019-01-10,1173608.5310629127,54930.95511558093,26906.853743660147,91770.7222036717
2019-01-11,1173428.113596756,54867.27376434812,26906.853743660147,91653.98608874762
2019-01-14,1172397.1046295273,54488.25058669597,26906.853743660147,91002.00029917131
2019-01-15,1172756.7788142553,54599.364095418714,26906.853743660147,91250.56097517628
2019-01-16,1171028.9787269463,54344.2336327245,26906.853743660147,89777.89135056175
2019-01-17,1170890.5368833765,54711.88167892094,26906.853743660147,89271.80146079557
2019-01-18,1171212.6083718305,55536.92439116072,26906.853743660147,88768.83023700956
2019-01-22,1171699.062614908,55536.92439116072,26906.853743660147,89255.284480087
2019-01-23,1171525.8533878624,55536.92439116072,26906.853743660147,89082.07525304146
2019-01-24,1171859.8470897577,55536.92439116072,26906.853743660147,89416.0689549367
2019-01-25,1171910.4840629054,55536.92439116072,26906.853743660147,89466.70592808444
2019-01-28,1171900.4003533116,55536.92439116072,26906.853743660147,89456.62221849058
2019-01-29,1172650.7533528726,55536.92439116072,26906.853743660147,90206.97521805158
2019-01-30,1172131.5849612323,55536.92439116072,26906.853743660147,89687.80682641128
2019-01-31,1170783.8249874995,55536.92439116072,26906.853743660147,88340.04685267853
2019-02-01,1170480.2177551347,55536.92439116072,26906.853743660147,88036.43962031393
2019-02-04,1170903.6140443059,55536.92439116072,26906.853743660147,88459.83590948489
2019-02-05,1170034.5789197735,55536.92439116072,26906.853743660147,87590.80078495247
2019-02-06,1169732.3076978228,55536.92439116072,26906.853743660147,87288.52956300182
2019-02-07,1169003.5809473302,55536.92439116072,26906.853743660147,86559.80281250947
2019-02-08,1168773.4065445806,55536.92439116072,26906.853743660147,86329.6284097596
2019-02-11,1169490.8539347104,55536.92439116072,26906.853743660147,87047.07579988963
2019-02-12,1170031.4270622372,55536.92439116072,26906.853743660147,87587.64892741619
2019-02-13,1170141.2473535617,55536.92439116072,26906.853743660147,87697.4692187407
2019-02-14,1169928.5886385995,55536.92439116072,26906.853743660147,87484.81050377875
2019-02-15,1169002.7962868013,55536.92439116072,26906.853743660147,86559.01815198059
2019-02-19,1167934.1959707881,54165.1730253757,26906.853743660147,86862.1692017524
2019-02-20,1167459.493851405,53791.27791806776,26906.853743660147,86761.36218967731
2019-02-21,1168096.5184939401,54570.28640153888,26906.853743660147,86619.37834874098
2019-02-22,1165126.953494741,53639.307362027466,26906.853743660147,84580.79238905339
2019-02-25,1164023.1684354418,52400.3418646676,26906.853743660147,84715.97282711393
2019-02-26,1163450.442469378,52033.26612445968,26906.853743660147,84510.32260125829
2019-02-27,1163411.4609955912,52540.71851051436,26906.853743660147,83963.88874141686
2019-02-28,1164309.2129779113,52974.5108970725,26906.853743660147,84427.84833717882
2019-03-01,1164021.666332581,52844.947286920156,26906.853743660147,84269.86530200066
2019-03-04,1165051.1756839268,53533.24994045589,26906.853743660147,84611.07199981087
2019-03-05,1164656.101945736,53251.020166530274,26906.853743660147,84498.22803554544
2019-03-06,1164754.0410253722,53436.87681723735,26906.853743660147,84410.3104644746
2019-03-07,1163816.196829123,52682.4050102944,26906.853743660147,84226.93807516829
2019-03-08,1164548.4257529103,53401.34596284572,26906.853743660147,84240.22604640434
2019-03-11,1165142.979577324,53907.21567999781,26906.853743660147,84328.91015366605
2019-03-12,1168726.7516077147,57343.652980729006,26906.853743660147,84476.24488332542
2019-03-13,1165159.8131766394,53768.26585281291,26906.853743660147,84484.69358016644
2019-03-14,1165539.3704226897,54308.121548805386,26906.853743660147,84324.3951302243
2019-03-15,1166295.415077561,54961.83488310198,26906.853743660147,84426.7264507988
2019-03-18,1165096.7414869398,54961.83488310198,25786.137787511107,84348.76881632674
2019-03-19,1164467.1751565533,54961.83488310198,25107.698257082026,84397.64201636915
2019-03-20,1163563.2243907275,54961.83488310198,24202.542297571315,84398.84721005429
2019-03-21,1161981.6118210163,54961.83488310198,22585.98823410424,84433.78870381019
2019-03-22,1162494.5600290457,54961.83488310198,23278.314728286816,84254.41041765688
2019-03-25,1163234.0885101673,54961.83488310198,23882.566130438936,84389.68749662652
2019-03-26,1163706.9213211648,54961.83488310198,24327.18414936529,84417.90228869743
2019-03-27,1164217.2139127008,54961.83488310198,24817.178833496175,84438.2001961025
2019-03-28,1164337.846170744,54961.83488310198,25019.467392683728,84356.54389495822
2019-03-29,1163928.3889740864,54961.83488310198,24621.68276857247,84344.87132241204
2019-04-01,1162667.3040793897,54961.83488310198,23235.426690797438,84470.04250549013
2019-04-02,1163069.528204815,54961.83488310198,23611.504366899957,84496.18895481294
2019-04-03,1162449.01721304,54961.83488310198,23059.01233318087,84428.1699967573
2019-04-04,1162467.2021600828,54961.83488310198,23047.356118234806,84458.01115874597
2019-04-05,1161221.5657146685,54961.83488310198,21819.872708362178,84439.85812320444
2019-04-08,1161054.5751291362,54961.83488310198,21630.82366595487,84461.91658007936
2019-04-09,1161300.6530568195,54961.83488310198,21805.655471217702,84533.16270249989
2019-04-10,1162002.5347932652,54961.83488310198,22461.844683542964,84578.85522662033
2019-04-11,1162170.2616771464,54961.83488310198,22749.372307631536,84459.05448641302
2019-04-12,1164855.7737858992,54961.83488310198,25421.294893692713,84472.64400910446
2019-04-15,1164665.4003649217,54961.83488310198,25162.35025836923,84541.21522345045
2019-04-16,1169352.823459908,54961.83488310198,30203.744315511198,84187.2442612946
2019-04-17,1173917.2562977022,54961.83488310198,35096.178616497666,83859.24279810255
2019-04-18,1173583.712851278,54961.83488310198,34740.57948534819,83881.29848282784
2019-04-22,1173787.6272771747,54961.83488310198,34051.01448899531,84774.77790507744
2019-04-23,1171952.119254216,54961.83488310198,32445.805987904198,84544.47838320979
2019-04-24,1171657.6705185957,54961.83488310198,31921.34704973991,84774.48858575383
2019-04-25,1171897.8126370925,54961.83488310198,32847.177598076756,84088.80015591369
2019-04-26,1171621.742949999,54961.83488310198,33211.251556459465,83448.65651043737
2019-04-29,1172223.0228035501,54961.83488310198,32595.505348787527,84665.6825716605
2019-04-30,1172116.1728451685,54961.83488310198,32606.82901419152,84547.50894787512
2019-05-01,1171660.4627300191,54961.83488310198,32291.317878713366,84407.30996820377
2019-05-02,1171894.552289467,54961.83488310198,32844.08288602973,84088.63452033536
2019-05-03,1172817.721743791,54961.83488310198,33473.88711685315,84381.99974383577
2019-05-06,1172245.5713280737,54961.83488310198,32022.664878525888,85261.07156644599
2019-05-07,1169898.2544970731,54961.83488310198,29998.81422484375,84937.60538912751
2019-05-08,1169803.3218461564,54961.83488310198,30109.698033546796,84731.7889295076
2019-05-09,1169599.4524219157,54961.83488310198,30211.086188435904,84426.53135037795
2019-05-10,1171479.3168131718,54961.83488310198,31363.672995762434,85153.80893430742
2019-05-13,1171596.4392611748,54961.83488310198,32349.889488181914,84284.71488989075
2019-05-14,1171497.03076811,54961.83488310198,31265.65721995069,85269.5386650574
2019-05-15,1172029.4154634443,54961.83488310198,31050.106842390727,86017.4737379516
2019-05-16,1172468.8585823702,54961.83488310198,31054.31861504377,86452.70508422446
2019-05-17,1173240.8807841218,54961.83488310198,31551.89698977396,86727.14891124587
2019-05-20,1172610.0973297348,54227.09370636544,31551.89698977396,86831.10663359542
2019-05-21,1173840.4254441096,55419.83054071595,31551.89698977396,86868.69791361969
2019-05-22,1175811.3040488916,57726.79505500221,31551.89698977396,86532.61200411548
2019-05-23,1174797.3222823355,56832.518718097126,31551.89698977396,86412.9065744644
2019-05-24,1175702.7373908944,57745.860654173186,31551.89698977396,86404.9797469473
2019-05-28,1174128.5119856917,56304.74478057213,31551.89698977396,86271.87021534564
2019-05-29,1173519.4126115476,55581.43060424784,31551.89698977396,86386.08501752582
2019-05-30,1174991.8490922186,56824.569375300314,31551.89698977396,86615.38272714429
2019-05-31,1174354.4738742206,56299.86561588175,31551.89698977396,86502.71126856492
2019-06-03,1172349.337608853,54163.86027410906,31551.89698977396,86633.58034496987
2019-06-04,1173469.1664575927,55231.81500231358,31551.89698977396,86685.4544655052
2019-06-05,1173293.6972647766,55398.38089817343,31551.89698977396,86343.41937682917
2019-06-06,1172597.053783237,55022.90355659742,31551.89698977396,86022.25323686562
2019-06-07,1171382.7208455072,54032.97291484894,31551.89698977396,85797.85094088432
2019-06-10,1170175.4649394737,52777.210670895875,31551.89698977396,85846.35727880383
2019-06-11,1170501.1848670926,52933.871499280445,31551.89698977396,86015.41637803824
2019-06-12,1170640.4864051375,53108.80844629649,31551.89698977396,85979.78096906701
2019-06-13,1171232.7837683796,53568.95340214786,31551.89698977396,86111.93337645778
2019-06-14,1171721.2603883343,54041.451938970946,31551.89698977396,86127.91145958938
2019-06-17,1171457.7784535217,53582.507669384824,31551.89698977396,86323.37379436288
2019-06-18,1172178.9869504264,54236.47371765203,31551.89698977396,86390.61624300038
2019-06-19,1172214.239455157,54457.49774333695,31551.89698977396,86204.84472204605
2019-06-20,1172639.7992377188,54869.72576283943,31551.89698977396,86218.17648510542
2019-06-21,1171493.322478147,53381.2814452576,31551.89698977396,86560.14404311543
2019-06-24,1171707.0439455984,53381.2814452576,31551.89698977396,86773.86551056686
2019-06-25,1171733.2164576058,53381.2814452576,31551.89698977396,86800.03802257427
2019-06-26,1171823.9362162803,53381.2814452576,31551.89698977396,86890.75778124877
2019-06-27,1172013.580971225,53381.2814452576,31551.89698977396,87080.40253619337
2019-06-28,1172149.771889154,53381.2814452576,31551.89698977396,87216.59345412254
2019-07-01,1172625.1135708317,53381.2814452576,31551.89698977396,87691.93513580016
2019-07-02,1172742.1328434874,53381.2814452576,31551.89698977396,87808.95440845587
2019-07-03,1172762.037248816,53381.2814452576,31551.89698977396,87828.85881378455
2019-07-05,1173140.205823123,53381.2814452576,31551.89698977396,88207.02738809143
2019-07-08,1173680.6006767764,53381.2814452576,31551.89698977396,88747.42224174482
2019-07-09,1173921.6394666557,53381.2814452576,31551.89698977396,88988.46103162412
2019-07-10,1174130.7238263937,53381.2814452576,31551.89698977396,89197.54539136216
2019-07-11,1174093.7770831545,53381.2814452576,31551.89698977396,89160.59864812298
2019-07-12,1174162.754241617,53381.2814452576,31551.89698977396,89229.57580658537
2019-07-15,1174949.907159847,53381.2814452576,31551.89698977396,90016.72872481542
2019-07-16,1175308.5124411397,53381.2814452576,31551.89698977396,90375.33400610811
2019-07-17,1175498.409949743,53381.2814452576,31551.89698977396,90565.2315147114
2019-07-18,1175353.586347579,53381.2814452576,31551.89698977396,90420.40791254747
2019-07-19,1176091.4685277687,53381.2814452576,31551.89698977396,91158.29009273718
2019-07-22,1175912.044354288,53381.2814452576,31065.84727046208,91464.91563856811
2019-07-23,1175592.2173384111,53381.2814452576,30905.6549479753,91305.28094517812
2019-07-24,1175374.3849310875,53381.2814452576,31718.462281021522,90274.64120480837
2019-07-25,1175263.5212469017,53381.2814452576,31323.019263406866,90559.22053823713
2019-07-26,1174380.6934041712,53381.2814452576,31236.1392275322,89763.27273138124
2019-07-29,1174422.1162367933,53381.2814452576,30800.315788291977,90240.51900324365
2019-07-30,1173749.0996327493,53381.2814452576,30495.575756552513,89872.24243093934
2019-07-31,1172062.5416979864,53381.2814452576,29061.86152351403,89619.39872921491
2019-08-01,1170699.9398628213,53381.2814452576,27775.06725097925,89543.59116658452
2019-08-02,1168075.9530698583,53381.2814452576,26217.204665535828,88477.46695906483
2019-08-05,1166968.305462306,53381.2814452576,26008.585120471776,87578.43889657641
2019-08-06,1167208.7059269953,53381.2814452576,25550.10732910526,88277.3171526324
2019-08-07,1167373.5863187425,53381.2814452576,26105.07730095298,87887.2275725319
2019-08-08,1167481.99089686,53381.2814452576,25864.222212112276,88236.48723949003
2019-08-09,1165828.5882980765,53381.2814452576,25740.68548823567,86706.62136458326
2019-08-12,1164270.8650971628,53381.2814452576,25488.218751816894,85401.36490008817
2019-08-13,1164836.353288,53381.2814452576,25270.96139530395,86184.11044743843
2019-08-14,1164208.2582249553,53381.2814452576,25906.595285874093,84920.3814938236
2019-08-15,1162666.0324673266,53381.2814452576,25746.580694645294,83538.1703274236
2019-08-16,1162744.1768112462,53381.2814452576,25020.818147001904,84342.07721898681
2019-08-19,1161813.2835231856,52914.773456671275,25020.818147001904,83877.69191951258
2019-08-20,1162033.5243994505,53369.216076869285,25020.818147001904,83643.49017557921
2019-08-21,1161544.11739955,53694.12244979432,25020.818147001904,82829.1768027537
2019-08-22,1160162.0923693618,52389.74317181576,25020.818147001904,82751.531050544
2019-08-23,1160989.8801914975,52512.96256831451,25020.818147001904,83456.0994761812
2019-08-26,1161118.846985198,52423.34887223062,25020.818147001904,83674.67996596568
2019-08-27,1160855.6247376995,52136.57808462717,25020.818147001904,83698.22850607056
2019-08-28,1160597.9851924512,52047.610935376026,25020.818147001904,83529.55611007311
2019-08-29,1159912.3292270033,52001.429436640814,25020.818147001904,82890.08164336043
2019-08-30,1159866.9229649715,51742.1710084388,25020.818147001904,83103.93380953069
2019-09-03,1160087.6495787702,51425.42826190661,25020.818147001904,83641.40316986176
2019-09-04,1161880.884758599,53057.4326849042,25020.818147001904,83802.63392669312
2019-09-05,1162013.5090715429,53456.22736629471,25020.818147001904,83536.46355824638
2019-09-06,1162232.198419916,53817.52808659547,25020.818147001904,83393.85218631849
2019-09-09,1162502.9474723828,53868.615555223776,25020.818147001904,83613.51377015724
2019-09-10,1162709.593867797,53841.126135274535,25020.818147001904,83847.64958552038
2019-09-11,1163748.1002734243,54495.565656663384,25020.818147001904,84231.71646975889
2019-09-12,1163671.454564636,54293.45175686036,25020.818147001904,84357.18466077372
2019-09-13,1163565.5113489986,54063.73628902482,25020.818147001904,84480.9569129718
2019-09-16,1163429.0948511735,53524.35899005155,25020.818147001904,84883.91771411989
2019-09-17,1163606.3544995566,53634.592750931624,25020.818147001904,84950.94360162318
2019-09-18,1163218.675330604,53421.54572331812,25020.818147001904,84776.31146028382
2019-09-19,1162703.5517511135,52917.17647716822,25020.818147001904,84765.55712694325
2019-09-20,1159412.398483545,48919.497521445155,25020.818147001904,85472.08281509811
2019-09-23,1159234.1728145336,48919.497521445155,24802.644951889873,85512.03034119844
2019-09-24,1157504.924356932,48919.497521445155,23067.3039833426,85518.1228521443
2019-09-25,1158771.8995861216,48919.497521445155,24303.45562934049,85548.94643533602
2019-09-26,1158487.5935719083,48919.497521445155,24005.985599286738,85562.11045117653
2019-09-27,1157969.4481153951,48919.497521445155,23516.876468300587,85533.07412564941
2019-09-30,1158059.4603893762,48919.497521445155,23512.84498363093,85627.11788430018
2019-10-01,1157515.5035418507,48919.497521445155,22930.004473926965,85666.0015464786
2019-10-02,1156688.6305440255,48919.497521445155,22190.630893810303,85578.50212876988
2019-10-03,1156666.351225881,48919.497521445155,22119.255475752405,85627.59822868346
2019-10-04,1157481.5994600938,48919.497521445155,22849.20699426916,85712.89494437934
2019-10-07,1156622.8490431127,48919.497521445155,21915.38917215902,85787.96234950842
2019-10-08,1156386.0337092327,48919.497521445155,21753.4791389826,85713.05704880506
2019-10-09,1156198.621395783,48919.497521445155,21512.744279240025,85766.37959509785
2019-10-10,1156290.128763159,48919.497521445155,21607.7444986559,85762.88674305798
2019-10-11,1156841.8490021317,48919.497521445155,22101.86459708691,85820.48688359954
2019-10-14,1156171.876454058,48919.497521445155,21354.779198348406,85897.59973426443
2019-10-15,1156510.72073885,48919.497521445155,21629.811406371067,85961.41181103373
2019-10-16,1156284.340810267,48919.497521445155,21322.132773638237,86042.71051518363
2019-10-17,1156653.5180112552,48919.497521445155,21685.685498332256,86048.33499147766
2019-10-18,1157354.7287993957,48919.497521445155,22296.218853247934,86139.01242470276
2019-10-21,1156552.703127103,48919.497521445155,21170.097046118928,86463.10855953884
2019-10-22,1157135.1481427304,48919.497521445155,21814.320501947426,86401.33011933765
2019-10-23,1156911.631452802,48919.497521445155,21807.57512782584,86184.55880353111
2019-10-24,1158038.3814438973,48919.497521445155,22583.882255221484,86535.00166723062
2019-10-25,1159743.3632722273,48919.497521445155,24820.164697187953,86003.70105359424
2019-10-28,1158925.447542307,48919.497521445155,23457.073743348825,86548.87627751287
2019-10-29,1159680.3704247037,48919.497521445155,23660.77626729838,87100.09663596004
2019-10-30,1160367.4642727545,48919.497521445155,25105.229980573524,86342.73677073582
2019-10-31,1160731.8181680054,48919.497521445155,24810.405751094455,87001.91489546583
2019-11-01,1158669.8024391178,48919.497521445155,23827.107340781484,85923.19757689117
2019-11-04,1158114.9308458013,48919.497521445155,23382.445002331282,85812.98832202493
2019-11-05,1159387.3537436486,48919.497521445155,24636.038243878982,85831.81797832437
2019-11-06,1159164.3326020502,48919.497521445155,24044.723324026563,86200.11175657855
2019-11-07,1158912.9517995613,48919.497521445155,25250.220182877616,84743.23409523861
2019-11-08,1158289.269993545,48919.497521445155,25338.219730474404,84031.55274162558
2019-11-11,1158045.9737089302,48919.497521445155,24399.45540291001,84727.02078457503
2019-11-12,1158614.1718295617,48919.497521445155,24048.744172039907,85645.93013607664
2019-11-13,1158978.1355171548,48919.497521445155,24002.597706575994,86056.04028913379
2019-11-14,1159523.5513878558,48919.497521445155,24562.126348443097,86041.92751796753
2019-11-15,1160053.081889601,48919.497521445155,25813.701017466723,85319.88335068896
2019-11-18,1159323.0724387097,48919.497521445155,24977.000790471677,85426.57412679284
2019-11-19,1159365.3583182818,48919.497521445155,25067.29556589143,85378.56523094513
2019-11-20,1159192.905889749,48919.497521445155,25378.24341166427,84895.16495663952
2019-11-21,1159225.6908364014,48919.497521445155,25455.446052480722,84850.74726247555
2019-11-22,1160070.579605232,48919.497521445155,26238.062484961352,84913.01959882537
2019-11-25,1159882.3686249915,48919.497521445155,25669.831747314427,85293.03935623192
2019-11-26,1159783.554059987,48919.497521445155,25609.806964712217,85254.24957382958
2019-11-27,1158734.2643918828,48919.497521445155,24444.29376043263,85370.47311000503
2019-11-29,1159133.8627311029,48919.497521445155,24683.70425731712,85530.66095234058
2019-12-02,1159154.8527218942,48919.497521445155,24448.72252756369,85786.6326728852
2019-12-03,1159175.1264102547,48919.497521445155,24559.89147906436,85695.73740974511
2019-12-04,1159477.3628379852,48919.497521445155,24673.34028668853,85884.52502985159
2019-12-05,1159595.336672586,48919.497521445155,24834.76065288263,85841.07849825802
2019-12-06,1158912.9846574492,48919.497521445155,24101.990502538974,85891.49663346494
2019-12-09,1158995.0042333822,48919.497521445155,23731.564492915524,86343.9422190215
2019-12-10,1159388.5771351997,48919.497521445155,23975.490763294394,86493.58885046002
2019-12-11,1159302.872309546,48919.497521445155,24035.08100830228,86348.29377979855
2019-12-12,1158522.9370696954,48919.497521445155,23454.222443279927,86149.21710497048
2019-12-13,1160110.9214518308,48919.497521445155,24744.87546111981,86446.54846926569
2019-12-16,1158588.2179018813,48919.497521445155,23137.70451100811,86531.01586942794
2019-12-17,1159640.619757866,48919.497521445155,23976.994783343747,86744.12745307712
2019-12-18,1159978.9326539831,48919.497521445155,24117.062133171246,86942.3729993666
2019-12-19,1160292.997582322,48919.497521445155,24194.45060071326,87179.04946016357
2019-12-20,1156661.0451916507,48919.497521445155,20429.448342882446,87312.09932732303
2019-12-23,1156300.5628759833,48919.497521445155,20046.733309860225,87334.33204467804
2019-12-24,1156103.9983076164,48919.497521445155,19817.323042478063,87367.17774369312
2019-12-26,1155406.3559503648,48919.497521445155,19079.357502193423,87407.50092672626
2019-12-27,1154419.863170592,48919.497521445155,18084.431267805747,87415.93438134133
2019-12-30,1153965.1284991703,48919.497521445155,17537.96985286032,87507.66112486483
2019-12-31,1154333.281306333,48919.497521445155,17876.20778693189,87537.57599795586
2020-01-02,1154400.088772881,48919.497521445155,17872.97105771047,87607.62019372545
2020-01-03,1154139.7358688693,48919.497521445155,17618.60621883301,87601.63212859118
2020-01-06,1154389.9947338384,48919.497521445155,17787.941274667042,87682.55593772605
2020-01-07,1155763.0332032368,48919.497521445155,19171.700115017476,87671.83556677401
2020-01-08,1155443.4164416748,48919.497521445155,18830.778098531533,87693.14082169812
2020-01-09,1155073.9458532222,48919.497521445155,18453.739267396857,87700.70906438003
2020-01-10,1156087.982195518,48919.497521445155,19421.78185511718,87746.70281895553
2020-01-13,1154797.1638623336,48919.497521445155,18007.210960215307,87870.45538067305
2020-01-14,1155252.7754583824,48919.497521445155,18367.399803215405,87965.87813372188
2020-01-15,1155801.198642423,48919.497521445155,18887.09857383545,87994.60254714242
2020-01-16,1155420.318414045,48919.497521445155,18560.46104123944,87940.35985136055
2020-01-17,1155665.9218967052,48919.497521445155,18886.762079227483,87859.66229603253
2020-01-21,1154756.7175334494,48919.497521445155,17471.68743613246,88365.5325758718
2020-01-22,1154696.3904498457,48919.497521445155,17612.607842429075,88164.28508597147
2020-01-23,1154456.0327997084,48919.497521445155,17300.44145144429,88236.09382681898
2020-01-24,1155096.3720237818,48919.497521445155,18863.57512817334,87313.29937416338
2020-01-27,1152635.5145443482,48919.497521445155,16635.581455818727,87080.43556708423
2020-01-28,1151601.9545703414,48919.497521445155,16358.619305746746,86323.83774314937
2020-01-29,1150961.7913467577,48919.497521445155,16687.839722939418,85354.45410237298
2020-01-30,1150937.2479073335,48919.497521445155,16968.283990923082,85049.4663949653
2020-01-31,1150813.221625341,48919.497521445155,17091.019213306718,84802.70489058923
2020-02-03,1150586.971505344,48919.497521445155,17091.23012441874,84576.2438594799
2020-02-04,1150172.2656655652,48919.497521445155,16605.90282463294,84646.86531948717
2020-02-05,1149426.16984716,48919.497521445155,15484.751358151902,85021.92096756306
2020-02-06,1149313.9627415154,48919.497521445155,15717.079005135456,84677.38621493476
2020-02-07,1149831.2057109913,48919.497521445155,15937.208829372074,84974.49936017417
2020-02-10,1148397.9752448439,48919.497521445155,14905.85482150875,84572.62290188996
2020-02-11,1148286.4253993754,48919.497521445155,15014.70285904035,84352.22501888988
2020-02-12,1148160.7578010503,48919.497521445155,14967.612097584992,84273.64818202029
2020-02-13,1148129.9569320688,48919.497521445155,14859.911236954737,84350.54817366903
2020-02-14,1148496.579291169,48919.497521445155,15429.022099505528,84148.05967021827
2020-02-18,1149191.2576751248,48919.497521445155,16397.108124014572,83874.65202966519
2020-02-19,1149339.8397370018,48919.497521445155,16627.313882259536,83793.028333297
2020-02-20,1150149.5803133587,48919.497521445155,17101.56091462518,84128.52187728835
2020-02-21,1150356.9684569824,48919.497521445155,16194.918912171852,85242.5520233654
2020-02-24,1145654.4117377896,48919.497521445155,11903.016620160546,84831.89759618393
2020-02-25,1142934.358209501,48919.497521445155,10240.032767718309,83774.82792033744
2020-02-26,1142467.050389551,48919.497521445155,10068.299124119338,83479.2537439866
2020-02-27,1137798.958971755,48919.497521445155,8948.042837188928,79931.41861312091
2020-02-28,1136180.8288860733,48919.497521445155,8905.49855070957,78355.83281391859
2020-03-02,1137221.512943896,48919.497521445155,9444.590414340724,78857.42500811024
2020-03-03,1137674.844562563,48919.497521445155,8949.753818261554,79805.59322285629
2020-03-04,1137645.44293726,48919.497521445155,10082.835246158531,78643.11016965634
2020-03-05,1138209.3716425118,48919.497521445155,9118.906388231786,80170.96773283486
2020-03-06,1137827.9631648152,48919.497521445155,9116.603824979858,79791.8618183902
2020-03-09,1138753.0645391783,48919.497521445155,9315.284939748584,80518.28207798465
2020-03-10,1140239.3151680636,48919.497521445155,9024.292846566415,82295.52480005217
2020-03-11,1139231.8185631158,48919.497521445155,9400.720232233522,80911.60080943699
2020-03-12,1136961.1718052796,48919.497521445155,10355.907669681124,77685.76661415328
2020-03-13,1139946.2448239073,48919.497521445155,9474.744800647255,81552.00250181486
2020-03-16,1136935.536858786,48919.497521445155,9247.803361745435,78768.23597559519
2020-03-17,1138176.7642578445,48919.497521445155,9482.529824739904,79774.73691165936
2020-03-18,1137211.6218578892,48919.497521445155,9271.810070541687,79020.31426590239
2020-03-19,1138201.7960847802,48919.497521445155,9293.406755594304,79988.89180774079
2020-03-20,1144488.878965863,48919.497521445155,14363.842404915951,81205.53903950192
2020-03-23,1144598.135791475,47809.14386936289,14363.842404915951,82425.14951719623
2020-03-24,1145967.4544474715,53993.091017406434,14363.842404915951,77610.52102514915
2020-03-25,1136266.0479030907,48970.01447612513,14363.842404915951,72932.19102204964
2020-03-26,1121398.9626847059,50700.50872813305,14363.842404915951,56334.61155165685
2020-03-27,1130774.0577554177,49528.1501541913,14363.842404915951,66882.0651963104
2020-03-30,1144767.3787845334,59325.67031075363,14363.842404915951,71077.86606886378
2020-03-31,1147863.7295711744,58486.85753656621,14363.842404915951,75013.0296296922
2020-04-01,1143715.758085937,53415.74061791808,14363.842404915951,75936.17506310297
2020-04-02,1151341.5314948196,59904.09716719575,14363.842404915951,77073.59192270786
2020-04-03,1154686.831696063,62096.59462582972,14363.842404915951,78226.39466531738
2020-04-06,1161504.6302141487,68303.97893074015,14363.842404915951,78836.80887849256
2020-04-07,1165697.6560973695,67826.95838241,14363.842404915951,83506.85531004355
2020-04-08,1164874.7437173617,72205.01377120311,14363.842404915951,78305.88754124264
2020-04-09,1162368.8498765442,75769.06926332996,14363.842404915951,72235.93820829829
2020-04-13,1169228.3033908906,72585.05426301016,14363.842404915951,82279.40672296449
2020-04-14,1173598.4554231423,75297.35243575531,14363.842404915951,83937.26058247103
2020-04-15,1171334.8190610937,71669.76056696451,14363.842404915951,85301.21608921327
2020-04-16,1173129.0566660566,71792.83516208432,14363.842404915951,86972.37909905636
2020-04-17,1173882.0899304475,78354.43066142546,14363.842404915951,81163.8168641061
2020-04-20,1171131.3909621742,74779.33814154007,14363.842404915951,81988.21041571815
2020-04-21,1172859.1513045891,77219.91480416339,14363.842404915951,81275.39409550978
2020-04-22,1175936.3947589584,79403.69263415318,14363.842404915951,82168.85971988924
2020-04-23,1176312.1715670596,79494.84969562548,14363.842404915951,82453.47946651815
2020-04-24,1180311.5220009242,82855.86647038627,14363.842404915951,83091.813125622
2020-04-27,1181347.1329877812,82282.24973249063,14363.842404915951,84701.04085037461
2020-04-28,1181887.5907669258,81888.76988951652,14363.842404915951,85634.97847249336
2020-04-29,1180225.8268989662,81564.10519269877,14363.842404915951,84297.8793013515
2020-04-30,1180189.6638498625,80374.67239837605,14363.842404915951,85451.14904657053
2020-05-01,1181629.8288990587,81053.1294884393,14363.842404915951,86212.8570057035
2020-05-04,1183427.5775223188,81787.81817058171,14363.842404915951,87275.91694682115
2020-05-05,1183590.4564695018,81578.9584501991,14363.842404915951,87647.65561438678
2020-05-06,1184856.1443468092,83359.8807222473,14363.842404915951,87132.421219646
2020-05-07,1182980.3326005307,82203.58303501084,14363.842404915951,86412.9071606039
2020-05-08,1181550.8423839426,79960.90628135437,14363.842404915951,87226.09369767224
2020-05-11,1182812.0008675416,78796.1840643282,14363.842404915951,89651.97439829749
2020-05-12,1182612.2787727667,78520.86504655029,14363.842404915951,89727.57132130046
2020-05-13,1181612.0739492688,79238.98508723918,14363.842404915951,88009.24645711365
2020-05-14,1182279.8009961382,77600.03818699741,14363.842404915951,90315.92040422489
2020-05-15,1185850.871760266,81590.73620721279,14363.842404915951,89896.29314813716
2020-05-18,1181815.5475928192,77989.65267542843,14363.842404915951,89462.05251247482
2020-05-19,1182709.8097613854,78521.9889173978,14363.842404915951,89823.97843907168
2020-05-20,1182677.948828721,78695.5885671326,14363.842404915951,89618.5178566724
2020-05-21,1183152.0155027416,79337.05209553335,14363.842404915951,89451.12100229226
2020-05-22,1183685.2998018763,79752.36217446905,14363.842404915951,89569.0952224913
2020-05-26,1183991.0592781052,79932.02414965862,14363.842404915951,89695.19272353058
2020-05-27,1185594.5947951693,81612.83081566729,14363.842404915951,89617.92157458607
2020-05-28,1184198.696493123,80152.17074422794,14363.842404915951,89682.68334397906
2020-05-29,1184973.4256222744,80767.51024890272,14363.842404915951,89842.07296845573
2020-06-01,1185187.3636759594,80461.6088175131,14363.842404915951,90361.91245353036
2020-06-02,1186314.4924816906,81773.44586343598,14363.842404915951,90177.20421333867
2020-06-03,1187375.961530898,83027.87459820812,14363.842404915951,89984.24452777393
2020-06-04,1188183.3528580263,82959.46149064065,14363.842404915951,90860.04896246968
2020-06-05,1191692.2369946598,87061.97812198731,14363.842404915951,90266.4164677565
2020-06-08,1194379.811569005,89078.15284652193,14363.842404915951,90937.81631756714
2020-06-09,1194304.8600950977,88429.13000488328,14363.842404915951,91511.88768529845
2020-06-10,1194771.4598256499,87917.59889027243,14363.842404915951,92490.01853046147
2020-06-11,1190412.7263625043,84452.63722332101,14363.842404915951,91596.24673426733
2020-06-12,1191413.933527258,85436.85922302445,14363.842404915951,91613.23189931759
2020-06-15,1193074.1697002298,86543.09802960721,14363.842404915951,92167.22926570661
2020-06-16,1196580.0006001715,90137.67485252372,14363.842404915951,92078.48334273184
2020-06-17,1195116.8511246871,88676.79341310961,14363.842404915951,92076.21530666156
2020-06-18,1195027.6621526205,88398.83645780385,14363.842404915951,92264.9832899007
2020-06-19,1194259.0101820137,86684.20489166095,14363.842404915951,93210.96288543683
2020-06-22,1194724.8050988053,87072.1029070539,14363.842404915951,93288.8597868355
2020-06-23,1194716.0094039622,87080.60563974362,14363.842404915951,93271.5613593026
2020-06-24,1194062.1465011649,86345.39019413549,14363.842404915951,93352.91390211345
2020-06-25,1195503.7347472564,87950.21214015689,14363.842404915951,93189.68020218355
2020-06-26,1193947.6003218973,86317.54549518833,14363.842404915951,93266.21242179302
2020-06-29,1196874.65702243,89012.49741302757,14363.842404915951,93498.31720448658
2020-06-30,1197822.313410834,89977.213258893,14363.842404915951,93481.257747025
2020-07-01,1197466.7686296802,89659.48193960916,14363.842404915951,93443.44428515504
2020-07-02,1199276.2628753474,91405.66243463778,14363.842404915951,93506.75803579367
2020-07-06,1194619.758113061,86632.95394173637,14363.842404915951,93622.96176640876
2020-07-07,1193468.4436196731,85717.4174375101,14363.842404915951,93387.18377724709
2020-07-08,1194452.680238293,86562.15181726776,14363.842404915951,93526.6860161093
2020-07-09,1195071.2038538454,87199.61705613951,14363.842404915951,93507.7443927899
2020-07-10,1195116.2260031425,86731.57710508816,14363.842404915951,94020.80649313843
2020-07-13,1193227.6168538902,84599.55129000475,14363.842404915951,94264.22315896954
2020-07-14,1194292.289056569,86008.7647324393,14363.842404915951,93919.68191921385
2020-07-15,1194845.3155150735,86369.204955203,14363.842404915951,94112.26815495454
2020-07-16,1195221.133534269,86699.75289673265,14363.842404915951,94157.53823262034
2020-07-17,1195629.8916662154,87548.11390513857,14363.842404915951,93717.93535616086
2020-07-20,1195660.5928642054,87548.11390513857,14363.842404915951,93748.63655415084
2020-07-21,1196178.0849991047,87548.11390513857,14363.842404915951,94266.12868905021
2020-07-22,1195928.2571842147,87548.11390513857,14363.842404915951,94016.30087416014
2020-07-23,1196566.8766981082,87548.11390513857,14363.842404915951,94654.92038805364
2020-07-24,1195013.1514385056,87548.11390513857,14363.842404915951,93101.1951284511
2020-07-27,1195795.672552501,87548.11390513857,14363.842404915951,93883.71624244656
2020-07-28,1196215.1508134888,87548.11390513857,14363.842404915951,94303.19450343424
2020-07-29,1194785.2598261277,87548.11390513857,14363.842404915951,92873.30351607315
2020-07-30,1193995.708175776,87548.11390513857,14363.842404915951,92083.75186572154
2020-07-31,1193260.663686514,87548.11390513857,14363.842404915951,91348.70737645938
2020-08-03,1193951.4249459743,87548.11390513857,14363.842404915951,92039.46863591974
2020-08-04,1193105.165562501,87548.11390513857,14363.842404915951,91193.20925244642
2020-08-05,1193211.6867195764,87548.11390513857,14363.842404915951,91299.73040952184
2020-08-06,1192390.1495910669,87548.11390513857,14363.842404915951,90478.19328101235
2020-08-07,1193882.5039819055,87548.11390513857,14363.842404915951,91970.547671851
2020-08-10,1195708.279716386,87548.11390513857,14363.842404915951,93796.32340633147
2020-08-11,1197027.9592150876,87548.11390513857,14363.842404915951,95116.00290503306
2020-08-12,1196396.7371093666,87548.11390513857,14363.842404915951,94484.78079931205
2020-08-13,1196090.7783916153,87548.11390513857,14363.842404915951,94178.82208156073
2020-08-14,1196648.3526335882,87548.11390513857,14363.842404915951,94736.39632353373
2020-08-17,1197215.6950473764,87548.11390513857,14363.842404915951,95303.73873732192
2020-08-18,1197274.4316306084,87548.11390513857,14363.842404915951,95362.47532055387
2020-08-19,1197973.6846134416,87548.11390513857,14363.842404915951,96061.72830338706
2020-08-20,1197232.8057820082,87548.11390513857,14363.842404915951,95320.8494719537
2020-08-21,1196872.6383803114,87548.11390513857,14363.842404915951,94960.68207025691
2020-08-24,1196890.704084945,87548.11390513857,14363.842404915951,94978.74777489039
2020-08-25,1196919.1337305773,87548.11390513857,14363.842404915951,95007.17742052278
2020-08-26,1196941.8824392888,87548.11390513857,14363.842404915951,95029.92612923426
2020-08-27,1196952.6784468715,87548.11390513857,14363.842404915951,95040.72213681694
2020-08-28,1196970.3149816112,87548.11390513857,14363.842404915951,95058.35867155669
2020-08-31,1197035.2278283716,87548.11390513857,14363.842404915951,95123.27151831705
2020-09-01,1197091.267384891,87548.11390513857,14363.842404915951,95179.31107483641
2020-09-02,1197105.1266018266,87548.11390513857,14363.842404915951,95193.17029177211
2020-09-03,1197078.9860297516,87548.11390513857,14363.842404915951,95167.02971969708
2020-09-04,1197082.88698656,87548.11390513857,14363.842404915951,95170.93067650544
2020-09-08,1197129.556132343,87548.11390513857,14363.842404915951,95217.59982228838
2020-09-09,1197205.8643719004,87548.11390513857,14363.842404915951,95293.90806184593
2020-09-10,1197203.9978106935,87548.11390513857,14363.842404915951,95292.04150063894
2020-09-11,1197254.6677660726,87548.11390513857,14363.842404915951,95342.71145601803
2020-09-14,1197380.9085997045,87548.11390513857,14363.842404915951,95468.95228964998
2020-09-15,1197462.88696862,87548.11390513857,14363.842404915951,95550.93065856537
2020-09-16,1197440.1220055497,87548.11390513857,14363.842404915951,95528.1656954952
2020-09-17,1197291.0878946357,87548.11390513857,14363.842404915951,95379.13158458122
2020-09-18,1197028.3909829715,87548.11390513857,14363.842404915951,95116.434672917
2020-09-21,1197030.5847368024,87548.11390513857,14363.842404915951,95118.62842674786
2020-09-22,1197045.326268531,87548.11390513857,14363.842404915951,95133.3699584764
2020-09-23,1196910.0158552593,87548.11390513857,14363.842404915951,94998.05954520474
2020-09-24,1196917.8793710812,87548.11390513857,14363.842404915951,95005.92306102673
2020-09-25,1197024.4952029213,87548.11390513857,14363.842404915951,95112.53889286681
2020-09-28,1197024.4869147553,87548.11390513857,14363.842404915951,95112.53060470079
2020-09-29,1197036.8611703122,87548.11390513857,14363.842404915951,95124.90486025764
2020-09-30,1197071.4083126844,87548.11390513857,14363.842404915951,95159.45200262987
2020-10-01,1197053.746540042,87548.11390513857,14363.842404915951,95141.79022998759
2020-10-02,1197100.9938897493,87548.11390513857,14363.842404915951,95189.03757969476
2020-10-05,1197121.6264941897,87548.11390513857,14363.842404915951,95209.6701841352
2020-10-06,1197150.0362113095,87548.11390513857,14363.842404915951,95238.07990125497
2020-10-07,1197151.5357868893,87548.11390513857,14363.842404915951,95239.57947683474
2020-10-08,1197137.5383950185,87548.11390513857,14363.842404915951,95225.58208496403
2020-10-09,1197114.7352382822,87548.11390513857,14363.842404915951,95202.77892822772
2020-10-12,1197222.167970681,87548.11390513857,14363.842404915951,95310.21166062658
2020-10-13,1197230.0834353843,87548.11390513857,14363.842404915951,95318.1271253298
2020-10-14,1197238.0999539562,87548.11390513857,14363.842404915951,95326.14364390168
2020-10-15,1197214.9141193815,87548.11390513857,14363.842404915951,95302.95780932694
2020-10-16,1197194.5155860262,87548.11390513857,14363.842404915951,95282.55927597173
2020-10-19,1197597.6272450897,87548.11390513857,14363.842404915951,95685.67093503522
2020-10-20,1197728.9996534258,87548.11390513857,14363.842404915951,95817.04334337125
2020-10-21,1197720.2200535722,87548.11390513857,14363.842404915951,95808.26374351769
2020-10-22,1197954.4650450808,87548.11390513857,14363.842404915951,96042.50873502623
2020-10-23,1197982.7890363748,87548.11390513857,14363.842404915951,96070.83272632025
2020-10-26,1198297.9050987381,87548.11390513857,14363.842404915951,96385.94878868363
2020-10-27,1197774.2356800553,87548.11390513857,14363.842404915951,95862.27937000082
2020-10-28,1196007.5812698952,87548.11390513857,14363.842404915951,94095.62495984067
2020-10-29,1197281.7390345216,87548.11390513857,14363.842404915951,95369.7827244671
2020-10-30,1197760.4430015218,87548.11390513857,14363.842404915951,95848.48669146723
2020-11-02,1198144.6838351486,87548.11390513857,14363.842404915951,96232.72752509406
2020-11-03,1197420.7158689166,87548.11390513857,14363.842404915951,95508.75955886208
2020-11-04,1196180.7110404356,87548.11390513857,14363.842404915951,94268.75473038107
2020-11-05,1194958.8795990983,87548.11390513857,14363.842404915951,93046.92328904383
2020-11-06,1195034.6293345455,87548.11390513857,14363.842404915951,93122.67302449094
2020-11-09,1195020.607986905,87548.11390513857,14363.842404915951,93108.6516768504
2020-11-10,1194816.6229436048,87548.11390513857,14363.842404915951,92904.66663355031
2020-11-11,1195214.204161407,87548.11390513857,14363.842404915951,93302.24785135244
2020-11-12,1195072.4975772488,87548.11390513857,14363.842404915951,93160.54126719432
2020-11-13,1194545.6084794437,87548.11390513857,14363.842404915951,92633.65216938918
2020-11-16,1195250.0119889176,87548.11390513857,14363.842404915951,93338.05567886308
2020-11-17,1195390.9432642574,87548.11390513857,14363.842404915951,93478.98695420288
2020-11-18,1195989.021994921,87548.11390513857,14363.842404915951,94077.0656848664
2020-11-19,1196411.3831437011,87548.11390513857,14363.842404915951,94499.4268336466
2020-11-20,1196437.5086756297,87548.11390513857,14363.842404915951,94525.55236557522
2020-11-23,1196499.6111441131,87548.11390513857,14363.842404915951,94587.6548340586
2020-11-24,1196516.4816247653,87548.11390513857,14363.842404915951,94604.5253147108
2020-11-25,1196499.0972370326,87548.11390513857,14363.842404915951,94587.14092697809
2020-11-27,1196563.665320585,87548.11390513857,14363.842404915951,94651.7090105305
2020-11-30,1196617.9314730382,87548.11390513857,14363.842404915951,94705.97516298364
2020-12-01,1196530.0479383997,87548.11390513857,14363.842404915951,94618.0916283452
2020-12-02,1196076.5263686618,87548.11390513857,14363.842404915951,94164.57005860726
2020-12-03,1196158.7724558653,87548.11390513857,14363.842404915951,94246.81614581076
2020-12-04,1196333.3217890097,87548.11390513857,14363.842404915951,94421.36547895521
2020-12-07,1196464.9540780196,87548.11390513857,14363.842404915951,94552.99776796508
2020-12-08,1196460.3322501716,87548.11390513857,14363.842404915951,94548.37594011705
2020-12-09,1196316.6691652862,87548.11390513857,14363.842404915951,94404.71285523172
2020-12-10,1196427.3521946543,87548.11390513857,14363.842404915951,94515.39588459977
2020-12-11,1196435.9393334147,87548.11390513857,14363.842404915951,94523.98302336014
2020-12-14,1196513.2015199445,87548.11390513857,14363.842404915951,94601.24520988995
2020-12-15,1196437.4497835378,87548.11390513857,14363.842404915951,94525.49347348325
2020-12-16,1196589.4269992798,87548.11390513857,14363.842404915951,94677.47068922524
2020-12-17,1196692.7509141224,87548.11390513857,14363.842404915951,94780.79460406792
2020-12-18,1196802.8672436713,87548.11390513857,14363.842404915951,94890.9109336168
2020-12-21,1196752.2962933274,87548.11390513857,14363.842404915951,94840.33998327283
2020-12-22,1196801.9917548948,87548.11390513857,14363.842404915951,94890.03544484032
2020-12-23,1196832.4965050328,87548.11390513857,14363.842404915951,94920.54019497824
2020-12-24,1196854.041851538,87548.11390513857,14363.842404915951,94942.08554148348
2020-12-28,1196918.115576548,87548.11390513857,14363.842404915951,95006.15926649352
2020-12-29,1196950.0839423137,87548.11390513857,14363.842404915951,95038.12763225916
2020-12-30,1196975.8410275723,87548.11390513857,14363.842404915951,95063.88471751777
2020-12-31,1197014.937626697,87548.11390513857,14363.842404915951,95102.98131664237
2021-01-04,1197097.5508248429,87548.11390513857,14363.842404915951,95185.59451478836
2021-01-05,1197124.7063922875,87548.11390513857,14363.842404915951,95212.75008223299
2021-01-06,1197143.60788827,87548.11390513857,14363.842404915951,95231.65157821542
2021-01-07,1197130.0254164618,87548.11390513857,14363.842404915951,95218.06910640723
2021-01-08,1197113.060094088,87548.11390513857,14363.842404915951,95201.10378403356
2021-01-11,1197122.5085245343,87548.11390513857,14363.842404915951,95210.55221447977
2021-01-12,1197251.1447167464,87548.11390513857,14363.842404915951,95339.18840669189
2021-01-13,1197403.0907659717,87548.11390513857,14363.842404915951,95491.13445591717
2021-01-14,1197502.4123140927,87548.11390513857,14363.842404915951,95590.45600403822
2021-01-15,1197513.4517872054,87548.11390513857,14363.842404915951,95601.4954771509
2021-01-19,1197696.1869844636,87548.11390513857,14363.842404915951,95784.23067440907
2021-01-20,1197786.3890730771,87548.11390513857,14363.842404915951,95874.4327630226
2021-01-21,1197563.1645271783,87548.11390513857,14363.842404915951,95651.20821712376
2021-01-22,1197807.7022370263,87548.11390513857,14363.842404915951,95895.74592697178
2021-01-25,1198111.0765414785,87548.11390513857,14363.842404915951,96199.12023142399
2021-01-26,1198295.5081651919,87548.11390513857,14363.842404915951,96383.55185513734
2021-01-27,1197756.8337961384,87548.11390513857,14363.842404915951,95844.87748608389
2021-01-28,1198132.5702286498,87548.11390513857,14363.842404915951,96220.61391859525
2021-01-29,1198366.1070403003,87548.11390513857,14363.842404915951,96454.15073024575
2021-02-01,1198899.4923925393,87548.11390513857,14363.842404915951,96987.53608248476
2021-02-02,1198967.22146236,87548.11390513857,14363.842404915951,97055.26515230536
2021-02-03,1199108.993008516,87548.11390513857,14363.842404915951,97197.03669846151
2021-02-04,1198610.7461142037,87548.11390513857,14363.842404915951,96698.78980414919
2021-02-05,1198625.8885803216,87548.11390513857,14363.842404915951,96713.93227026705
2021-02-08,1198248.449051739,87548.11390513857,14363.842404915951,96336.49274168443
2021-02-09,1198341.753185415,87548.11390513857,14363.842404915951,96429.79687536042
2021-02-10,1198683.321138653,87548.11390513857,14363.842404915951,96771.36482859845
2021-02-11,1198618.613824039,87548.11390513857,14363.842404915951,96706.65751398448
2021-02-12,1198127.510704588,87548.11390513857,14363.842404915951,96215.55439453339
2021-02-16,1198358.149328736,87548.11390513857,14363.842404915951,96446.19301868137
2021-02-17,1199149.6602212833,87548.11390513857,14363.842404915951,97237.7039112288
2021-02-18,1199431.0268401683,87548.11390513857,14363.842404915951,97519.07053011376
2021-02-19,1199023.8728390618,87548.11390513857,14363.842404915951,97111.91652900726
2021-02-22,1199066.1053051609,87548.11390513857,14363.842404915951,97154.14899510634
2021-02-23,1199037.4490840584,87548.11390513857,14363.842404915951,97125.49277400388
2021-02-24,1198887.0147523407,87548.11390513857,14363.842404915951,96975.05844228622
2021-02-25,1198783.5687440538,87548.11390513857,14363.842404915951,96871.61243399931
2021-02-26,1198844.3414480824,87548.11390513857,14363.842404915951,96932.38513802784
2021-03-01,1198903.677212011,87548.11390513857,14363.842404915951,96991.72090195655
2021-03-02,1198837.5125464215,87548.11390513857,14363.842404915951,96925.55623636697
2021-03-03,1198766.750127618,87548.11390513857,14363.842404915951,96854.79381756345
2021-03-04,1198500.0824633252,87548.11390513857,14363.842404915951,96588.12615327071
2021-03-05,1198692.838524109,87548.11390513857,14363.842404915951,96780.88221405447
2021-03-08,1199296.177048825,87548.11390513857,14363.842404915951,97384.22073877044
2021-03-09,1199389.2877261837,87548.11390513857,14363.842404915951,97477.33141612913
2021-03-10,1199483.2384690945,87548.11390513857,14363.842404915951,97571.28215903998
2021-03-11,1199540.9583190342,87548.11390513857,14363.842404915951,97629.00200897967
2021-03-12,1199583.4838412963,87548.11390513857,14363.842404915951,97671.52753124177
2021-03-15,1199736.0810283911,87548.11390513857,14363.842404915951,97824.12471833662
2021-03-16,1199895.836791189,87548.11390513857,14363.842404915951,97983.8804811344
2021-03-17,1199685.7803302289,87548.11390513857,14363.842404915951,97773.82402017433
2021-03-18,1199863.2017685086,87548.11390513857,14363.842404915951,97951.24545845413
2021-03-19,1200215.7652752723,87548.11390513857,14363.842404915951,98303.80896521779
2021-03-22,1200231.576233617,87548.11390513857,14363.842404915951,98319.61992356251
2021-03-23,1200219.2934358525,87548.11390513857,14363.842404915951,98307.33712579799
2021-03-24,1200290.9281083918,87548.11390513857,14363.842404915951,98378.9717983373
2021-03-25,1200344.3085189946,87548.11390513857,14363.842404915951,98432.35220894008
2021-03-26,1200306.6937806925,87548.11390513857,14363.842404915951,98394.737470638
2021-03-29,1200429.5398692996,87548.11390513857,14363.842404915951,98517.5835592451
2021-03-30,1200473.2882759306,87548.11390513857,14363.842404915951,98561.33196587604
2021-03-31,1200557.8956700189,87548.11390513857,14363.842404915951,98645.93935996434
2021-04-01,1200683.9129903868,87548.11390513857,14363.842404915951,98771.95668033231
2021-04-05,1200849.0077757898,87548.11390513857,14363.842404915951,98937.0514657353
2021-04-06,1200849.734120962,87548.11390513857,14363.842404915951,98937.77781090746
2021-04-07,1201075.5295115348,87548.11390513857,14363.842404915951,99163.57320148032
2021-04-08,1201194.5863695382,87548.11390513857,14363.842404915951,99282.6300594837
2021-04-09,1201191.1043079118,87548.11390513857,14363.842404915951,99279.1479978573
2021-04-12,1201358.867833572,87548.11390513857,14363.842404915951,99446.91152351745
2021-04-13,1201540.7203073401,87548.11390513857,14363.842404915951,99628.76399728563
2021-04-14,1201500.3872271492,87548.11390513857,14363.842404915951,99588.4309170947
2021-04-15,1201748.4326645662,87548.11390513857,14363.842404915951,99836.47635451169
2021-04-16,1201742.1856571834,87548.11390513857,14363.842404915951,99830.22934712889
2021-04-19,1200120.288713867,87548.11390513857,12459.781896380708,100112.3929123478
2021-04-20,1199167.2732266546,87548.11390513857,11531.090343264746,100088.06897825142
2021-04-21,1199833.869486242,87548.11390513857,12076.340870760498,100209.41471034312
2021-04-22,1199186.8669696632,87548.11390513857,11251.318451777683,100387.43461274705
2021-04-23,1199645.8387191286,87548.11390513857,11735.186213642475,100362.5386003477
2021-04-26,1199439.6953067891,87548.11390513857,11056.067240598844,100835.51416105172
2021-04-27,1199511.1396215023,87548.11390513857,11409.15235909645,100553.87335726712
2021-04-28,1199313.3369548167,87548.11390513857,11927.274003994535,99837.94904568372
2021-04-29,1199124.3611171995,87548.11390513857,11913.110441166093,99663.13677089498
2021-04-30,1198491.2230164865,87548.11390513857,10868.553619256709,100074.55549209123
2021-05-03,1198967.2478226628,87548.11390513857,11510.477369079483,99908.65654844488
2021-05-04,1199476.3139407835,87548.11390513857,12142.615735874395,99785.58429977065
2021-05-05,1200169.400649055,87548.11390513857,12948.566051084315,99672.72069283202
2021-05-06,1201313.387200126,87548.11390513857,13848.540654250653,99916.73264073674
2021-05-07,1201051.5976139656,87548.11390513857,13946.554696308332,99556.92901251884
2021-05-10,1199128.9283370986,87548.11390513857,12977.1134284375,98603.70100352261
2021-05-11,1198299.7740050228,87548.11390513857,11312.567537017516,99439.09256286686
2021-05-12,1192980.0878277768,87548.11390513857,7504.6985942709725,97927.27532836725
2021-05-13,1195309.3192713675,87548.11390513857,9803.270997396903,97957.93436883204
2021-05-14,1199793.7500987188,87548.11390513857,13484.843148376676,98760.79304520367
2021-05-17,1200135.598433156,87548.11390513857,13157.536594948266,99429.9479330692
2021-05-18,1200304.4935992295,87548.11390513857,13139.816966150072,99616.56272794097
2021-05-19,1201351.746787874,87548.11390513857,13293.448653509258,100510.18422922608
2021-05-20,1202142.282613496,87548.11390513857,13103.631577406777,101490.53713095072
2021-05-21,1202090.8950307323,87548.11390513857,13253.975499135908,101288.80562645779
2021-05-24,1202108.7653757348,87548.11390513857,13253.975499135908,101306.6759714603
2021-05-25,1202096.5715411806,87548.11390513857,13253.975499135908,101294.48213690612
2021-05-26,1202084.5346945743,87548.11390513857,13253.975499135908,101282.44529029983
2021-05-27,1202073.0017242779,87548.11390513857,13253.975499135908,101270.91232000338
2021-05-28,1201888.5643859473,87548.11390513857,13253.975499135908,101086.47498167283
2021-06-01,1201946.705701568,87548.11390513857,13253.975499135908,101144.61629729345
2021-06-02,1202057.997803818,87548.11390513857,13253.975499135908,101255.90839954349
2021-06-03,1202246.936285911,87548.11390513857,13253.975499135908,101444.84688163642
2021-06-04,1202133.7724510154,87548.11390513857,13253.975499135908,101331.68304674095
2021-06-07,1202092.061798974,87548.11390513857,13253.975499135908,101289.97239469946
2021-06-08,1202127.3350403195,87548.11390513857,13253.975499135908,101325.245636045
2021-06-09,1202276.08579725,87548.11390513857,13253.975499135908,101473.99639297556
2021-06-10,1202194.414398199,87548.11390513857,13253.975499135908,101392.32499392447
2021-06-11,1202208.0454508003,87548.11390513857,13253.975499135908,101405.95604652585
2021-06-14,1202039.821172804,87548.11390513857,13253.975499135908,101237.73176852963
2021-06-15,1202169.0944129485,87548.11390513857,13253.975499135908,101367.005008674
2021-06-16,1202037.2605628679,87548.11390513857,13253.975499135908,101235.17115859338
2021-06-17,1201880.9402739857,87548.11390513857,13253.975499135908,101078.85086971126
2021-06-18,1201846.856930431,87548.11390513857,13253.975499135908,101044.7675261565
2021-06-21,1200777.069746403,87548.11390513857,12214.440849761711,101014.51499150274
2021-06-22,1200709.4310069985,87548.11390513857,12132.697441149503,101028.61966071045
2021-06-23,1201462.2438130754,87548.11390513857,12875.002466490027,101039.12744144676
2021-06-24,1202547.7702241335,87548.11390513857,14154.954795412603,100844.70152358245
2021-06-25,1200707.6100131734,87548.11390513857,13739.323482341948,99420.1726256928
2021-06-28,1200236.3488435415,87548.11390513857,12858.787209718488,99829.4477286844
2021-06-29,1200312.8011306892,87548.11390513857,13103.748581044958,99660.9386445058
2021-06-30,1200405.9619191806,87548.11390513857,13037.085481962073,99820.76253207983
2021-07-01,1198166.1047747512,87548.11390513857,11086.536797376699,99531.45407223585
2021-07-02,1197014.3294805204,87548.11390513857,9996.119738981011,99470.09583640075
2021-07-06,1196310.3601450296,87548.11390513857,8940.747715926263,99821.49852396478
2021-07-07,1196535.6788164384,87548.11390513857,9122.870026952587,99864.69488434726
2021-07-08,1196491.3472648421,87548.11390513857,9179.933773287223,99763.29958641622
2021-07-09,1194442.5744218826,87548.11390513857,7256.03886745323,99638.42164929071
2021-07-12,1192003.4127789442,87548.11390513857,4911.466585779446,99543.83228802634
2021-07-13,1191755.1372571965,87548.11390513857,4622.510929282173,99584.51242277562
2021-07-14,1192728.636556494,87548.11390513857,5624.101696560509,99556.42095479486
2021-07-15,1192572.3542497945,87548.11390513857,6073.265539395739,98950.97480526031
2021-07-16,1185247.6755658826,87548.11390513857,-1653.230130332755,99352.79179107677
2021-07-19,1182581.2509458042,87548.11390513857,-4419.994489114732,99453.13152978034
2021-07-20,1183615.0601210743,87548.11390513857,-3600.889383135014,99667.83559907088
2021-07-21,1184823.653541495,87548.11390513857,-2409.80885091261,99685.34848726913
2021-07-22,1184406.6292776377,87548.11390513857,-2821.0647577979835,99679.58013029722
2021-07-23,1182380.3731232453,87548.11390513857,-4683.232220434002,99515.49143854063
2021-07-26,1181938.0793088898,87548.11390513857,-5627.611282936879,100017.576686688
2021-07-27,1181353.2026667101,87548.11390513857,-6038.700842125225,99843.7896036969
2021-07-28,1181954.526652541,87548.11390513857,-4988.175811012508,99394.58855841495
2021-07-29,1182653.3066021905,87548.11390513857,-3856.5356670743786,98961.72836412629
2021-07-30,1183143.8453739632,87548.11390513857,-3021.3231981603894,98617.05466698506
2021-08-02,1182438.0770973456,87548.11390513857,-3635.4485697903438,98525.4117619975
2021-08-03,1183078.4106145995,87548.11390513857,-2424.0011233836412,97954.29783284455
2021-08-04,1182375.0189268119,87548.11390513857,-2288.7646979321726,97115.66971960547
2021-08-05,1183278.8472862225,87548.11390513857,-2566.2162982673617,98296.94967935118
2021-08-06,1184717.9552518632,87548.11390513857,-1508.9009046044666,98678.74225132912
2021-08-09,1184609.5994560928,87548.11390513857,-2132.8626395383617,99194.34819049248
2021-08-10,1185134.3472646482,87548.11390513857,-1100.0238102911972,98686.25716980081
2021-08-11,1186376.7215070392,87548.11390513857,-53.566560147330165,98882.17416204792
2021-08-12,1187364.1885170315,87548.11390513857,765.2886796188541,99050.78593227407
2021-08-13,1186204.3415534715,87548.11390513857,-139.72898708144203,98795.95663541439
2021-08-16,1185466.1976697748,87548.11390513857,-1545.1498220951762,99463.23358673137
2021-08-17,1186486.3496842035,87548.11390513857,-163.35943581257015,99101.59521487751
2021-08-18,1183542.095354197,87548.11390513857,-3029.000102050137,99022.98155110865
2021-08-19,1186869.8357623105,87548.11390513857,307.5673322114162,99014.15452496056
2021-08-20,1192367.1664857063,87548.11390513857,5865.97755935404,98953.07502121385
2021-08-23,1193929.2136671469,87548.11390513857,7353.68709688948,99027.41266511893
2021-08-24,1193499.3423312656,87548.11390513857,6898.427031213301,99052.80139491358
2021-08-25,1193807.0621629735,87548.11390513857,7232.303048349102,99026.64520948566
2021-08-26,1192894.580209117,87548.11390513857,6326.938182389713,99019.52812158852
2021-08-27,1193694.483272578,87548.11390513857,7119.835034653195,99026.53433278622
2021-08-30,1192951.2391630113,87548.11390513857,6170.845027047442,99232.2802308253
2021-08-31,1193050.0423271623,87548.11390513857,6275.068378328113,99226.86004369566
2021-09-01,1193886.4845728183,87548.11390513857,7121.513338661054,99216.85732901865
2021-09-02,1192465.128094484,87548.11390513857,5653.098878984689,99263.91531036072
2021-09-03,1193394.6059991433,87548.11390513857,6556.736304389429,99289.75578961521
2021-09-07,1192486.1730931061,87548.11390513857,5476.19872707699,99461.86046089046
2021-09-08,1192873.6239758614,87548.11390513857,5886.071915494744,99439.43815522804
2021-09-09,1192760.3683738336,87548.11390513857,5790.011831887648,99422.24263680726
2021-09-10,1191532.5155176432,87548.11390513857,4573.3764717740705,99411.02514073066
2021-09-13,1191470.5774356076,87548.11390513857,4162.146808541031,99760.31672192807
2021-09-14,1192183.5353404048,87548.11390513857,4796.30764600588,99839.11378926039
2021-09-15,1192516.6317114872,87548.11390513857,5039.998619671795,99928.51918667671
2021-09-16,1192438.6321845404,87548.11390513857,4904.024323407793,99986.49395599402
2021-09-17,1190945.3130728318,87548.11390513857,3327.9149307202315,100069.28423697292
2021-09-20,1187751.3120844103,87548.11390513857,91.35679103899747,100111.84138823277
2021-09-21,1188011.9981573853,87548.11390513857,335.2100140819093,100128.67423816491
2021-09-22,1189600.7042263914,87548.11390513857,1849.4453923568362,100203.1449288961
2021-09-23,1192183.4536884339,87548.11390513857,4474.2610110318055,100161.0787722636
2021-09-24,1193248.6248256303,87548.11390513857,5540.469799634768,100160.041120857
2021-09-27,1192792.1689409663,87548.11390513857,5127.1896962847095,100116.86533954297
2021-09-28,1190633.1452603932,87548.11390513857,3026.1682139250915,100058.8631413295
2021-09-29,1191308.3268254108,87548.11390513857,3633.6753335958347,100126.53758667642
2021-09-30,1187858.3452623202,87548.11390513857,206.76729334960692,100103.46406383207
2021-10-01,1191340.1766461744,87548.11390513857,3562.5052506099455,100229.55749042588
2021-10-04,1190568.8737609563,87548.11390513857,2679.554940071539,100341.20491574612
2021-10-05,1191014.125603149,87548.11390513857,3033.8287470084615,100432.18295100192
2021-10-06,1190606.3961817985,87548.11390513857,2640.7153157459106,100417.56696091406
2021-10-07,1190699.1082868222,87548.11390513857,2679.6513111084932,100471.34307057504
2021-10-08,1190722.8658387973,87548.11390513857,2667.1963845954742,100507.55554906325
2021-10-11,1189765.4088143508,87548.11390513857,1617.1026123270858,100600.19229688519
2021-10-12,1190077.0167031905,87548.11390513857,2034.7645694380626,100494.13822861388
2021-10-13,1191179.7129489998,87548.11390513857,2947.536462035845,100684.0625818253
2021-10-14,1191974.182848013,87548.11390513857,3671.274454499362,100754.79448837508
2021-10-15,1191024.8140376515,87548.11390513857,2561.6209548511542,100915.0791776618
2021-10-18,1190596.1651592148,87548.11390513857,1980.4230330032296,101067.62822107296
2021-10-19,1190169.1635213904,87548.11390513857,1494.0457111850847,101127.00390506675
2021-10-20,1188236.8277006072,87548.11390513857,-374.7058947419282,101063.4196902106
2021-10-21,1188127.011188408,87548.11390513857,-71.81323471060023,100650.71051797993
2021-10-22,1187898.5961769873,87548.11390513857,-141.0237923185341,100491.50606416725
2021-10-25,1188340.887336718,87548.11390513857,-102.85335765278433,100895.62678923225
2021-10-26,1186523.9116350706,87548.11390513857,-1230.4972545298515,100206.29498446197
2021-10-27,1188339.3717324007,87548.11390513857,248.22547979850788,100543.03234746377
2021-10-28,1188122.2974981312,87548.11390513857,-147.02485962735955,100721.20845262008
2021-10-29,1188282.0953952638,87548.11390513857,96.78806554095354,100637.19342458434
2021-11-01,1188780.5732776981,87548.11390513857,-33.5179072918836,101265.97727985145
2021-11-02,1188448.3593167053,87548.11390513857,-220.0330094540259,101120.2784210206
2021-11-03,1187583.0406020947,87548.11390513857,-836.4189444095828,100871.34564136574
2021-11-04,1191830.6887006979,87548.11390513857,2897.1036243680865,101385.4711711912
2021-11-05,1193369.1813164982,87548.11390513857,5113.253014677437,100707.8143966822
2021-11-08,1193827.3764249682,87548.11390513857,4867.559946926776,101411.7025729029
2021-11-09,1193626.9557118537,87548.11390513857,4684.171221091296,101394.67058562394
2021-11-10,1192536.8422432197,87548.11390513857,4087.259399352479,100901.46893872856
2021-11-11,1193395.752099748,87548.11390513857,4977.016439458821,100870.62175515061
2021-11-12,1193703.4304589033,87548.11390513857,4876.525897798827,101278.79065596592
2021-11-15,1194415.889006834,87548.11390513857,5010.488707267097,101857.28639442823
2021-11-16,1194596.9741167373,87548.11390513857,5119.403289454291,101929.4569221444
2021-11-17,1194224.929421159,87548.11390513857,4849.101763400598,101827.71375261992
2021-11-18,1194641.9232210945,87548.11390513857,5745.308265691157,101348.50105026481
2021-11-19,1194584.686451688,87548.11390513857,4944.993832037668,102091.57871451182
2021-11-22,1193448.8582318146,87548.11390513857,3737.491212077439,102163.25311459857
2021-11-23,1194181.1640284257,87548.11390513857,4524.816169408266,102108.23395387898
2021-11-24,1194620.9128591148,87548.11390513857,4900.124843912781,102172.67411006335
2021-11-26,1194959.5564281433,87548.11390513857,5310.339975244249,102101.10254776059
2021-11-29,1199524.28553019,87548.11390513857,9887.250949710025,102088.9206753415
2021-11-30,1198909.0262591825,87548.11390513857,9339.724005287979,102021.18834875594
2021-12-01,1198803.0056431536,87548.11390513857,10069.88982133707,101185.00191667792
2021-12-02,1199152.4138382282,87548.11390513857,10234.968258139561,101369.3316749502
2021-12-03,1199919.0620843922,87548.11390513857,11127.67297908815,101243.27520016534
2021-12-06,1203125.1994098271,87548.11390513857,14152.848421997041,101424.2370826914
2021-12-07,1202982.9329002714,87548.11390513857,14262.293721999507,101172.5252731333
2021-12-08,1203105.5707280831,87548.11390513857,14412.211758055608,101145.24506488908
2021-12-09,1203227.3351652948,87548.11390513857,14408.959960065898,101270.26130009047
2021-12-10,1203481.7984020137,87548.11390513857,15214.553242502152,100719.13125437289
2021-12-13,1203795.7380017797,87548.11390513857,14963.71480538405,101283.90929125715
2021-12-14,1203551.8635168006,87548.11390513857,14790.052189742797,101213.69742191932
2021-12-15,1203076.168361341,87548.11390513857,15078.471217925078,100449.58323827735
2021-12-16,1203183.2046750784,87548.11390513857,15371.751203073305,100263.3395668664
2021-12-17,1203950.2141038845,87548.11390513857,15516.274103079806,100885.82609566627
2021-12-20,1203951.21590744,87548.11390513857,15516.274103079806,100886.8278992218
2021-12-21,1203914.6051034029,87548.11390513857,15516.274103079806,100850.2170951846
2021-12-22,1203913.5689166007,87548.11390513857,15516.274103079806,100849.18090838217
2021-12-23,1203918.6997772795,87548.11390513857,15516.274103079806,100854.31176906102
2021-12-27,1203992.2023246344,87548.11390513857,15516.274103079806,100927.81431641593
2021-12-28,1204023.242720638,87548.11390513857,15516.274103079806,100958.85471241944
2021-12-29,1204039.7751231445,87548.11390513857,15516.274103079806,100975.38711492601
2021-12-30,1204048.5123947463,87548.11390513857,15516.274103079806,100984.12438652804
2021-12-31,1204099.6894873441,87548.11390513857,15516.274103079806,101035.30147912586
2022-01-03,1204070.5184367513,87548.11390513857,15516.274103079806,101006.13042853307
2022-01-04,1204005.917026335,87548.11390513857,15516.274103079806,100941.52901811665
2022-01-05,1203728.894841711,87548.11390513857,15516.274103079806,100664.50683349255
2022-01-06,1203778.73303346,87548.11390513857,15516.274103079806,100714.34502524161
2022-01-07,1203423.0520114833,87548.11390513857,15516.274103079806,100358.66400326509
2022-01-10,1203215.843200265,87548.11390513857,15516.274103079806,100151.45519204647
2022-01-11,1203306.4054415268,87548.11390513857,15516.274103079806,100242.0174333083
2022-01-12,1203360.7490522536,87548.11390513857,15516.274103079806,100296.3610440353
2022-01-13,1203067.9510958726,87548.11390513857,15516.274103079806,100003.5630876543
2022-01-14,1202862.0547604468,87548.11390513857,15516.274103079806,99797.66675222828
2022-01-18,1202677.6140771657,87548.11390513857,15516.274103079806,99613.22606894746
2022-01-19,1202559.4297178872,87548.11390513857,15516.274103079806,99495.0417096687
2022-01-20,1202498.484083083,87548.11390513857,15516.274103079806,99434.0960748645
2022-01-21,1202620.4540742445,87548.11390513857,15516.274103079806,99556.06606602622
2022-01-24,1203405.8002555622,87548.11390513857,15516.274103079806,100341.41224734369
2022-01-25,1203458.0157770724,87548.11390513857,15516.274103079806,100393.62776885414
2022-01-26,1203757.4792492748,87548.11390513857,15516.274103079806,100693.09124105657
2022-01-27,1203287.0294544916,87548.11390513857,15516.274103079806,100222.64144627308
2022-01-28,1203145.0079115084,87548.11390513857,15516.274103079806,100080.61990328995
2022-01-31,1205680.1162096914,87548.11390513857,15516.274103079806,102615.7282014729
2022-02-01,1204569.4017103096,87548.11390513857,15516.274103079806,101505.0137020913
2022-02-02,1202378.4514231049,87548.11390513857,15516.274103079806,99314.0634148866
2022-02-03,1203501.5749661676,87548.11390513857,15516.274103079806,100437.18695794907
2022-02-04,1203531.0883758068,87548.11390513857,15516.274103079806,100466.70036758855
2022-02-07,1204611.777573496,87548.11390513857,15516.274103079806,101547.38956527784
2022-02-08,1205053.2177391876,87548.11390513857,15516.274103079806,101988.82973096916
2022-02-09,1206102.532039191,87548.11390513857,15516.274103079806,103038.14403097285
2022-02-10,1206881.0670971544,87548.11390513857,15516.274103079806,103816.67908893595
2022-02-11,1205470.2485971292,87548.11390513857,15516.274103079806,102405.86058891099
2022-02-14,1207190.69069849,87548.11390513857,15516.274103079806,104126.30269027175
2022-02-15,1208630.6549032247,87548.11390513857,15516.274103079806,105566.26689500618
2022-02-16,1208564.154331482,87548.11390513857,15516.274103079806,105499.76632326376
2022-02-17,1208842.6220069788,87548.11390513857,15516.274103079806,105778.23399876035
2022-02-18,1209678.8735708077,87548.11390513857,15516.274103079806,106614.48556258925
2022-02-22,1209797.9768520128,87626.71094621322,15516.274103079806,106654.99180271989
2022-02-23,1210138.5217454596,88233.05586587172,15516.274103079806,106389.19177650823
2022-02-24,1211702.0231975704,89449.61946583446,15516.274103079806,106736.1296286562
2022-02-25,1210575.0834815814,88130.83650324005,15516.274103079806,106927.97287526168
2022-02-28,1210101.5268848385,87209.47916703601,15516.274103079806,107375.77361472254
2022-03-01,1207882.4537511906,85017.39939768054,15516.274103079806,107348.78025043034
2022-03-02,1210499.2933123964,87717.15261274902,15516.274103079806,107265.86659656744
2022-03-03,1211505.7571269013,88580.480852823,15516.274103079806,107409.0021709986
2022-03-04,1214868.1558966925,91832.32539181458,15516.274103079806,107519.55640179827
2022-03-07,1219795.0624305918,96354.69247301156,15516.274103079806,107924.09585450031
2022-03-08,1221167.4645897662,97331.54393715272,15516.274103079806,108319.64654953382
2022-03-09,1223169.466878077,99208.80465267762,15516.274103079806,108444.38812231948
2022-03-10,1224955.737051887,100788.03137126984,15516.274103079806,108651.43157753721
2022-03-11,1226850.974846208,102293.95084678428,15516.274103079806,109040.74989634403
2022-03-14,1227807.182411694,102478.84898136673,15516.274103079806,109812.05932724732
2022-03-15,1227504.1397966775,102641.98466720921,15516.274103079806,109345.88102638838
2022-03-16,1226359.4247112786,101601.22150343959,15516.274103079806,109241.92910475913
2022-03-17,1220684.8421228481,96610.96423033113,15516.274103079806,108557.60378943733
2022-03-18,1222894.2394894753,99584.2922163168,15516.274103079806,107793.67317007878
2022-03-21,1223115.7241610102,99584.2922163168,15516.274103079806,108015.15784161352
2022-03-22,1223141.3802159498,99584.2922163168,15516.274103079806,108040.81389655336
2022-03-23,1223149.846786541,99584.2922163168,15516.274103079806,108049.28046714445
2022-03-24,1223376.5892752456,99584.2922163168,15516.274103079806,108276.02295584884
2022-03-25,1223420.9232203397,99584.2922163168,15516.274103079806,108320.35690094321
2022-03-28,1223868.044422755,99584.2922163168,15516.274103079806,108767.4781033583
2022-03-29,1223814.3711565426,99584.2922163168,15516.274103079806,108713.80483714584
2022-03-30,1224019.6863888693,99584.2922163168,15516.274103079806,108919.12006947258
2022-03-31,1224186.9126527044,99584.2922163168,15516.274103079806,109086.34633330768
2022-04-01,1224189.5291041136,99584.2922163168,15516.274103079806,109088.96278471686
2022-04-04,1224607.560879833,99584.2922163168,15516.274103079806,109506.99456043658
2022-04-05,1224788.7735443125,99584.2922163168,15516.274103079806,109688.20722491574
2022-04-06,1224841.3851500219,99584.2922163168,15516.274103079806,109740.81883062539
2022-04-07,1225029.3175319666,99584.2922163168,15516.274103079806,109928.75121256988
2022-04-08,1225162.0954451552,99584.2922163168,15516.274103079806,110061.52912575845
2022-04-11,1225279.3036304205,99584.2922163168,15516.274103079806,110178.73731102375
2022-04-12,1225220.0902842185,99584.2922163168,15516.274103079806,110119.52396482183
2022-04-13,1225294.1501034545,99584.2922163168,15516.274103079806,110193.58378405799
2022-04-14,1224897.005251294,99584.2922163168,15516.274103079806,109796.43893189728
2022-04-18,1225306.5646015252,99584.2922163168,15516.274103079806,110205.99828212871
2022-04-19,1225239.4196605468,99584.2922163168,15516.274103079806,110138.85334115033
2022-04-20,1224964.9019305063,99584.2922163168,15516.274103079806,109864.33561110985
2022-04-21,1224833.3155867038,99584.2922163168,15516.274103079806,109732.74926730734
2022-04-22,1224630.0697345124,99584.2922163168,15516.274103079806,109529.50341511588
2022-04-25,1225146.3469019183,99584.2922163168,15516.274103079806,110045.78058252158
2022-04-26,1225139.2333595385,99584.2922163168,15516.274103079806,110038.667040142
2022-04-27,1225278.3157306532,99584.2922163168,15516.274103079806,110177.74941125675
2022-04-28,1225537.820142915,99584.2922163168,15516.274103079806,110437.25382351852
2022-04-29,1225195.9281675485,99584.2922163168,15516.274103079806,110095.36184815178
2022-05-02,1225995.4887516927,99584.2922163168,15516.274103079806,110894.92243229621
2022-05-03,1225908.301503201,99584.2922163168,15516.274103079806,110807.7351838043
2022-05-04,1224682.0352389426,99584.2922163168,15516.274103079806,109581.46891954611
2022-05-05,1226297.7816753373,99584.2922163168,15516.274103079806,111197.21535594063
2022-05-06,1226088.9063141719,99584.2922163168,15516.274103079806,110988.33999477513
2022-05-09,1226516.7828789642,99584.2922163168,15516.274103079806,111416.21655956772
2022-05-10,1227277.4748948747,99584.2922163168,15516.274103079806,112176.90857547801
2022-05-11,1226836.5728431582,99584.2922163168,15516.274103079806,111736.00652376143
2022-05-12,1227226.2089270148,99584.2922163168,15516.274103079806,112125.64260761836
2022-05-13,1228184.6071380856,99584.2922163168,15516.274103079806,113084.04081868916
2022-05-16,1228040.1723677795,99584.2922163168,15516.274103079806,112939.60604838305
2022-05-17,1227969.2144466466,99584.2922163168,15516.274103079806,112868.64812724991
2022-05-18,1229094.2173760934,99584.2922163168,15516.274103079806,113993.6510566969
2022-05-19,1229367.0223687948,99584.2922163168,15516.274103079806,114266.45604939829
2022-05-20,1230129.28963434,99584.2922163168,15516.274103079806,115028.72331494326
2022-05-23,1227275.8387251426,96603.4205006489,15516.274103079806,115156.14412141382
2022-05-24,1229530.8359295977,98833.70421481389,15516.274103079806,115180.85761170415
2022-05-25,1228421.150951772,97855.9321467015,15516.274103079806,115048.94470199081
2022-05-26,1225987.452867377,95984.60258790641,15516.274103079806,114486.57617639075
2022-05-27,1223465.4750192408,94082.00712662027,15516.274103079806,113867.19378954079
2022-05-31,1223060.1547696614,92792.57263620221,15516.274103079806,114751.30803037924
2022-06-01,1222598.391882916,92540.18027338688,15516.274103079806,114541.93750644918
2022-06-02,1223727.3241347987,94489.68772288854,15516.274103079806,113721.36230883049
2022-06-03,1222268.6534281285,92502.18402240635,15516.274103079806,114250.19530264242
2022-06-06,1222462.0653036288,91955.22595918621,15516.274103079806,114990.5652413629
2022-06-07,1223121.8882304276,92514.28605784895,15516.274103079806,115091.328069499
2022-06-08,1222262.5879650614,91444.56070247851,15516.274103079806,115301.75315950322
2022-06-09,1220449.037864178,90360.97159073176,15516.274103079806,114571.7921703665
2022-06-10,1220280.2362031117,90403.64113801741,15516.274103079806,114360.32096201438
2022-06-13,1212642.4907488879,85087.01090529794,15516.274103079806,112039.20574051025
2022-06-14,1215324.520904412,87533.48906297213,15516.274103079806,112274.7577383602
2022-06-15,1217177.7824616786,89337.67427904787,15516.274103079806,112323.83407955081
2022-06-16,1222829.131607255,94382.75761648384,15516.274103079806,112930.09988769144
2022-06-17,1225769.6974931746,96949.89932377613,15516.274103079806,113303.52406631876
2022-06-21,1223062.233784927,94222.05641325633,15516.274103079806,113323.90326859104
2022-06-22,1224186.0508963699,95316.22959314799,15516.274103079806,113353.54720014217
2022-06-23,1223877.7407463798,95147.136642311,15516.274103079806,113214.3300009889
2022-06-24,1219633.4663083008,91127.10177622037,15516.274103079806,112990.09042900056
2022-06-27,1219973.5976613457,91087.6346036112,15516.274103079806,113369.68895465485
2022-06-28,1218999.3883646973,90239.01424110029,15516.274103079806,113244.10002051736
2022-06-29,1218904.3514088192,90033.66216772213,15516.274103079806,113354.41513801715
2022-06-30,1218570.4950407795,89746.28664285247,15516.274103079806,113307.93429484707
2022-07-01,1219330.7185888411,90451.30701224227,15516.274103079806,113363.13747351896
2022-07-05,1217649.6746286936,88276.55273664743,15516.274103079806,113856.8477889665
2022-07-06,1217684.8752587433,88217.1953947735,15516.274103079806,113951.40576088987
2022-07-07,1218034.6921959901,88333.88439744897,15516.274103079806,114184.53369546123
2022-07-08,1218318.520292595,88536.33670699317,15516.274103079806,114265.90948252194
2022-07-11,1216231.8261586372,86293.42178927781,15516.274103079806,114422.13026627968
2022-07-12,1215980.4036653293,86071.38199829846,15516.274103079806,114392.74756395118
2022-07-13,1215245.4631651845,85377.84419586672,15516.274103079806,114351.34486623784
2022-07-14,1216424.3536982872,86694.75616785721,15516.274103079806,114213.32342735026
2022-07-15,1213329.2669537752,83423.2754893112,15516.274103079806,114389.7173613843
2022-07-18,1213711.8248836682,83423.2754893112,15516.274103079806,114772.27529127733
2022-07-19,1213223.0834089187,83423.2754893112,15516.274103079806,114283.53381652781
2022-07-20,1212593.607094354,83423.2754893112,15516.274103079806,113654.05750196287
2022-07-21,1212356.7500377465,83423.2754893112,15516.274103079806,113417.20044535538
2022-07-22,1213458.4055939494,83423.2754893112,15516.274103079806,114518.85600155848
2022-07-25,1214249.4863652466,83423.2754893112,15516.274103079806,115309.93677285546
2022-07-26,1214784.8292092965,83423.2754893112,15516.274103079806,115845.27961690538
2022-07-27,1214243.2121276031,83423.2754893112,15516.274103079806,115303.662535212
2022-07-28,1213963.9931446812,83423.2754893112,15516.274103079806,115024.44355229032
2022-07-29,1212616.0407083426,83423.2754893112,15516.274103079806,113676.49111595144
2022-08-01,1213335.6098178197,83423.2754893112,15516.274103079806,114396.06022542855
2022-08-02,1213261.159442414,83423.2754893112,15516.274103079806,114321.60985002317
2022-08-03,1212377.77088858,83423.2754893112,15516.274103079806,113438.22129618912
2022-08-04,1212322.6600417807,83423.2754893112,15516.274103079806,113383.11044938979
2022-08-05,1212906.8995325742,83423.2754893112,15516.274103079806,113967.3499401831
2022-08-08,1213442.4305553548,83423.2754893112,15516.274103079806,114502.88096296368
2022-08-09,1213750.8226681817,83423.2754893112,15516.274103079806,114811.27307579061
2022-08-10,1213118.9501993996,83423.2754893112,15516.274103079806,114179.40060700849
2022-08-11,1212730.8000955456,83423.2754893112,15516.274103079806,113791.2505031547
2022-08-12,1212303.0937620802,83423.2754893112,15516.274103079806,113363.5441696893
2022-08-15,1213026.8490004777,83423.2754893112,15516.274103079806,114087.29940808658
2022-08-16,1213418.498064071,83423.2754893112,15516.274103079806,114478.94847168005
2022-08-17,1214545.6122715757,83423.2754893112,15516.274103079806,115606.06267918483
2022-08-18,1214414.640654805,83423.2754893112,15516.274103079806,115475.09106241423
2022-08-19,1214788.7997699599,83423.2754893112,15516.274103079806,115849.25017756899
2022-08-22,1214831.06870243,83423.2754893112,15516.274103079806,115891.51911003911
2022-08-23,1214842.7692215606,83423.2754893112,15516.274103079806,115903.21962916944
2022-08-24,1214860.1147881323,83423.2754893112,15516.274103079806,115920.56519574113
2022-08-25,1214843.414439506,83423.2754893112,15516.274103079806,115903.86484711501
2022-08-26,1214814.6451178375,83423.2754893112,15516.274103079806,115875.09552544635
2022-08-29,1214963.2285558167,83423.2754893112,15516.274103079806,116023.6789634258
2022-08-30,1215081.82322559,83423.2754893112,15516.274103079806,116142.27363319881
2022-08-31,1215209.9269935414,83423.2754893112,15516.274103079806,116270.37740115053
2022-09-01,1215349.305519078,83423.2754893112,15516.274103079806,116409.7559266868
2022-09-02,1215411.8857945781,83423.2754893112,15516.274103079806,116472.336202187
2022-09-06,1215480.3092816402,83423.2754893112,15516.274103079806,116540.7596892491
2022-09-07,1215575.9172392432,83423.2754893112,15516.274103079806,116636.36764685228
2022-09-08,1215588.7468547444,83423.2754893112,15516.274103079806,116649.19726235326
2022-09-09,1215555.101051188,83423.2754893112,15516.274103079806,116615.55145879695
2022-09-12,1215512.4114918793,83423.2754893112,15516.274103079806,116572.86189948837
2022-09-13,1215145.6338019213,83423.2754893112,15516.274103079806,116206.08420953015
2022-09-14,1214584.0923696524,83423.2754893112,15516.274103079806,115644.54277726123
2022-09-15,1214442.4391800715,83423.2754893112,15516.274103079806,115502.88958768034
2022-09-16,1214149.9476887374,83423.2754893112,15516.274103079806,115210.3980963463
2022-09-19,1212987.0421476276,82270.29753491958,15516.274103079806,115200.4705096283
2022-09-20,1213064.319659722,82294.09135994525,15516.274103079806,115253.95419669687
2022-09-21,1213828.4219904505,83070.82586478628,15516.274103079806,115241.3220225845
2022-09-22,1215660.7805411052,84914.33199358103,15516.274103079806,115230.17444444448
2022-09-23,1216458.838804218,85741.89195416053,15516.274103079806,115200.67274697754
2022-09-26,1214757.4578673206,84003.26207660674,15516.274103079806,115237.92168763396
2022-09-27,1214627.963387046,83843.26132506039,15516.274103079806,115268.4279589057
2022-09-28,1215363.5865282658,84545.29268673994,15516.274103079806,115302.01973844599
2022-09-29,1215787.0648408737,85011.01398153254,15516.274103079806,115259.77675626124
2022-09-30,1215494.785715722,85495.91251216736,15516.274103079806,114482.59910047497
2022-10-03,1214653.614591213,84640.9092466901,15516.274103079806,114496.43124144292
2022-10-04,1210931.9422541028,80876.76876892173,15516.274103079806,114538.89938210137
2022-10-05,1212949.5171228996,82689.88148390083,15516.274103079806,114743.36153591913
2022-10-06,1214948.9972718563,84675.15372103243,15516.274103079806,114757.56944774417
2022-10-07,1218831.8027436174,88590.10262952838,15516.274103079806,114725.42601100937
2022-10-10,1218395.6971973474,88130.87150812196,15516.274103079806,114748.55158614577
2022-10-11,1218943.0849943184,88522.13164953608,15516.274103079806,114904.67924170243
2022-10-12,1218056.4664332638,87566.33465649071,15516.274103079806,114973.85767369345
2022-10-13,1218429.5834971126,88033.40723989462,15516.274103079806,114879.90215413831
2022-10-14,1221846.8738853228,91456.14855621941,15516.274103079806,114874.45122602349
2022-10-17,1219582.1015869104,89173.79640979436,15516.274103079806,114892.03107403615
2022-10-18,1217975.9215868958,87682.71715322486,15516.274103079806,114776.93033059128
2022-10-19,1220458.6458063377,90205.92589313257,15516.274103079806,114736.44581012521
2022-10-20,1226027.5223568147,95860.12358622183,15516.274103079806,114651.12466751318
2022-10-21,1217836.0707359798,87710.58305352717,15516.274103079806,114609.21357937297
2022-10-24,1216185.0903388131,85733.36789807817,15516.274103079806,114935.44833765528
2022-10-25,1213844.6776065943,83613.88499632757,15516.274103079806,114714.51850718702
2022-10-26,1217012.1347442237,86632.69033993129,15516.274103079806,114863.17030121246
2022-10-27,1221042.7900670734,91787.62459629076,15516.274103079806,113738.89136770298
2022-10-28,1217070.0822842242,88693.03468406852,15516.274103079806,112860.77349707577
2022-10-31,1216581.2789050867,87802.60283500934,15516.274103079806,113262.40196699742
2022-11-01,1216039.7290120656,88023.54352485738,15516.274103079806,112499.9113841285
2022-11-02,1216233.9656793526,89695.60760662588,15516.274103079806,111022.08396964706
2022-11-03,1218064.0030382988,93085.66605197894,15516.274103079806,109462.06288324017
2022-11-04,1219096.7549557704,92465.00116506172,15516.274103079806,111115.4796876288
2022-11-07,1219486.5072183935,91243.13573755557,15516.274103079806,112727.09737775801
2022-11-08,1218927.2436840557,90848.70351178944,15516.274103079806,112562.26606918639
2022-11-09,1221019.539097906,93461.94170612982,15516.274103079806,112041.32328869635
2022-11-10,1221426.3464625697,92630.16400024109,15516.274103079806,113279.90835924866
2022-11-11,1223039.098739307,92828.31583591667,15516.274103079806,114694.50880031032
2022-11-14,1221341.6077631288,90802.72485756595,15516.274103079806,115022.60880248318
2022-11-15,1221929.9921296341,91634.76165772509,15516.274103079806,114778.95636882936
2022-11-16,1220628.587998332,89326.01997562381,15516.274103079806,115786.29391962849
2022-11-17,1218572.918992274,88436.06466343533,15516.274103079806,114620.58022575895
2022-11-18,1219610.6492827837,89935.87420025165,15516.274103079806,114158.5009794524
2022-11-21,1221778.4056297634,91997.4889077337,15516.274103079806,114264.64261894976
2022-11-22,1219983.0403027306,90233.67483368306,15516.274103079806,114233.09136596788
2022-11-23,1218829.8932353118,89088.60985003272,15516.274103079806,114225.0092821992
2022-11-25,1218804.1824637228,88977.74678981188,15516.274103079806,114310.16157083097
2022-11-28,1219282.1802669112,89134.42413519067,15516.274103079806,114631.48202864057
2022-11-29,1219286.46094443,89119.00783938589,15516.274103079806,114651.1790019644
2022-11-30,1218783.567803278,88685.93852209277,15516.274103079806,114581.35517810564
2022-12-01,1219127.7035184577,88778.56533003366,15516.274103079806,114832.86408534436
2022-12-02,1219308.1373935654,89023.94434190495,15516.274103079806,114767.91894858074
2022-12-05,1220397.9119357103,90065.64378849091,15516.274103079806,114815.99404413952
2022-12-06,1219482.3807725487,89204.27066356363,15516.274103079806,114761.83600590518
2022-12-07,1219222.3136143475,89092.111177549,15516.274103079806,114613.9283337188
2022-12-08,1219418.4277852848,89495.31939843972,15516.274103079806,114406.83428376517
2022-12-09,1219463.7139228536,89188.44385056733,15516.274103079806,114758.99596920633
2022-12-12,1217573.1199282235,86913.83480555261,15516.274103079806,115143.01101959124
2022-12-13,1221051.71955423,90236.98806084692,15516.274103079806,115298.45739030349
2022-12-14,1222383.957934596,91841.4247243714,15516.274103079806,115026.25910714478
2022-12-15,1222124.8698402597,91689.63141175988,15516.274103079806,114918.9643254201
2022-12-16,1223274.4435678162,93019.8010165249,15516.274103079806,114738.36844821135
2022-12-19,1223292.6394669446,93019.8010165249,15516.274103079806,114756.56434734003
2022-12-20,1223308.3949554283,93019.8010165249,15516.274103079806,114772.31983582373
2022-12-21,1223062.9968655324,93019.8010165249,15516.274103079806,114526.92174592777
2022-12-22,1223029.1644222946,93019.8010165249,15516.274103079806,114493.08930268977
2022-12-23,1223063.6801705156,93019.8010165249,15516.274103079806,114527.60505091073
2022-12-27,1223017.4305435792,93019.8010165249,15516.274103079806,114481.35542397434
2022-12-28,1223094.9433192494,93019.8010165249,15516.274103079806,114558.86819964484
2022-12-29,1223083.5094186394,93019.8010165249,15516.274103079806,114547.43429903453
2022-12-30,1223099.6120932545,93019.8010165249,15516.274103079806,114563.53697364964
2023-01-03,1223010.2813694356,93019.8010165249,15516.274103079806,114474.20624983078
2023-01-04,1222906.6277618692,93019.8010165249,15516.274103079806,114370.5526422644
2023-01-05,1222865.912192834,93019.8010165249,15516.274103079806,114329.83707322925
2023-01-06,1222751.0131838028,93019.8010165249,15516.274103079806,114214.93806419801
2023-01-09,1222729.53383533,93019.8010165249,15516.274103079806,114193.45871572522
2023-01-10,1222705.8061054167,93019.8010165249,15516.274103079806,114169.73098581214
2023-01-11,1222663.0998128038,93019.8010165249,15516.274103079806,114127.02469319897
2023-01-12,1222706.368605523,93019.8010165249,15516.274103079806,114170.29348591832
2023-01-13,1222666.4715043884,93019.8010165249,15516.274103079806,114130.39638478379
2023-01-17,1222706.046697007,93019.8010165249,15516.274103079806,114169.9715774022
2023-01-18,1222681.8791105691,93019.8010165249,15516.274103079806,114145.80399096431
2023-01-19,1222764.777770367,93019.8010165249,15516.274103079806,114228.70265076216
2023-01-20,1222785.5327580604,93019.8010165249,15516.274103079806,114249.45763845579
2023-01-23,1221839.2332725227,93019.8010165249,14378.88009772508,114440.55215827283
2023-01-24,1222111.170263833,93019.8010165249,14385.170422389288,114706.19882491883
2023-01-25,1221728.5215467596,93019.8010165249,14146.680695785559,114562.03983444907
2023-01-26,1222142.1094631697,93019.8010165249,14761.642574864556,114360.66587178037
2023-01-27,1224635.299405932,93019.8010165249,17284.484767173533,114331.01362223341
2023-01-30,1225241.7514074943,93019.8010165249,16979.557559739216,115242.3928312303
2023-01-31,1223859.6631897693,93019.8010165249,15258.086329350132,115581.77584389411
2023-02-01,1223764.7939306397,93019.8010165249,15233.289379055612,115511.70353505923
2023-02-02,1222218.0574513283,93019.8010165249,16655.161821215064,112543.09461358842
2023-02-03,1224315.8821049393,93019.8010165249,17334.381116421544,113961.69997199299
2023-02-06,1225266.953131459,93019.8010165249,16595.338167847833,115651.81394708622
2023-02-07,1224168.5863684244,93019.8010165249,15763.750952708186,115385.03439919138
2023-02-08,1227202.8671207489,93019.8010165249,17597.97549685801,116585.09060736606
2023-02-09,1228771.7755057085,93019.8010165249,19234.54831274075,116517.42617644276
2023-02-10,1231132.1763532623,93019.8010165249,19992.023363234242,118120.35197350313
2023-02-13,1229067.0418724483,93019.8010165249,17140.058312502457,118907.18254342093
2023-02-14,1231105.5178751193,93019.8010165249,18871.204710595543,119214.5121479989
2023-02-15,1230606.3632189608,93019.8010165249,18132.771318104118,119453.7908843318
2023-02-16,1235819.6531572125,93019.8010165249,22626.731950129382,120173.12019055826
2023-02-17,1240536.4979155515,93019.8010165249,26055.007754202816,121461.68914482393
2023-02-21,1240571.7500517555,93019.8010165249,26055.007754202816,121496.94128102763
2023-02-22,1240665.7481206101,93019.8010165249,26055.007754202816,121590.9393498823
2023-02-23,1240752.227246826,93019.8010165249,26055.007754202816,121677.41847609822
2023-02-24,1240112.9755202984,93019.8010165249,26055.007754202816,121038.16674957052
2023-02-27,1240629.9211087916,93019.8010165249,26055.007754202816,121555.11233806377
2023-02-28,1240805.7065086444,93019.8010165249,26055.007754202816,121730.89773791656
2023-03-01,1240276.7019489752,93019.8010165249,26055.007754202816,121201.89317824761
2023-03-02,1239977.5830028579,93019.8010165249,26055.007754202816,120902.77423213003
2023-03-03,1239986.0062395576,93019.8010165249,26055.007754202816,120911.19746883004
2023-03-06,1240627.4468401056,93019.8010165249,26055.007754202816,121552.63806937775
2023-03-07,1240411.0915351515,93019.8010165249,26055.007754202816,121336.28276442364
2023-03-08,1240563.9973447528,93019.8010165249,26055.007754202816,121489.18857402494
2023-03-09,1240616.9701003968,93019.8010165249,26055.007754202816,121542.16132966895
2023-03-10,1240546.4107736498,93019.8010165249,26055.007754202816,121471.60200292198
2023-03-13,1240939.6692265328,93019.8010165249,26055.007754202816,121864.86045580497
2023-03-14,1239960.1219734885,93019.8010165249,26055.007754202816,120885.31320276065
2023-03-15,1240780.3636892387,93019.8010165249,26055.007754202816,121705.55491851084
2023-03-16,1240299.6403470594,93019.8010165249,26055.007754202816,121224.83157633152
2023-03-17,1240979.1985721309,93019.8010165249,26055.007754202816,121904.38980140327
2023-03-20,1241018.712912981,92934.503691538,26055.007754202816,122029.20146724
2023-03-21,1240699.76703993,92788.89469499676,26055.007754202816,121855.86459073052
2023-03-22,1241957.6662354758,93655.5520895042,26055.007754202816,122247.1063917689
2023-03-23,1240391.3083144757,92282.99126407574,26055.007754202816,122053.30929619726
2023-03-24,1240803.8679893636,92631.15083468822,26055.007754202816,122117.70940047246
2023-03-27,1241711.2943605902,93297.55390626122,26055.007754202816,122358.73270012601
2023-03-28,1242391.6918241028,93909.80338059668,26055.007754202816,122426.88068930339
2023-03-29,1242143.2786473506,93613.75499816565,26055.007754202816,122474.51589498227
2023-03-30,1241694.042044621,93145.51518377732,26055.007754202816,122493.51910664095
2023-03-31,1241615.411843908,93097.61048588878,26055.007754202816,122462.7936038163
2023-04-03,1241511.8517721165,92689.60552280117,26055.007754202816,122767.23849511263
2023-04-04,1240903.3833887414,92244.33499135636,26055.007754202816,122604.04064318212
2023-04-05,1241130.986757889,92508.14296231093,26055.007754202816,122567.8360413753
2023-04-06,1241164.3545920933,92476.0061232869,26055.007754202816,122633.34071460343
2023-04-10,1240702.9676239155,91310.83855355438,26055.007754202816,123337.12131615821
2023-04-11,1240379.3620411698,91147.42855761293,26055.007754202816,123176.92572935391
2023-04-12,1239686.646245466,90437.12710089423,26055.007754202816,123194.51139036892
2023-04-13,1240298.24974905,90931.73242518632,26055.007754202816,123311.509569661
2023-04-14,1240028.4994333861,90940.44281521952,26055.007754202816,123033.04886396369
2023-04-17,1239756.5853954325,90446.65040721884,26055.007754202816,123254.92723401077
2023-04-18,1239730.5128098233,90403.9385532781,26055.007754202816,123271.56650234247
2023-04-19,1239816.8791839392,90241.77548705228,26055.007754202816,123520.09594268422
2023-04-20,1239368.9983621538,88763.70088298665,26055.007754202816,124550.28972496418
2023-04-21,1239074.364718981,88616.72853695042,26055.007754202816,124402.62842782773
2023-04-24,1238028.0631282667,88616.72853695042,24452.401811946416,124958.93277936988
2023-04-25,1236702.8365888633,88616.72853695042,23553.875418814714,124532.23263309803
2023-04-26,1236381.4213954504,88616.72853695042,23628.64266457071,124136.05019392911
2023-04-27,1238655.8921486153,88616.72853695042,26036.099337469204,124003.06427419558
2023-04-28,1238992.2355307117,88616.72853695042,26173.518325307057,124201.98866845411
2023-05-01,1239407.5487463437,88616.72853695042,25687.90213531314,125102.91807408025
2023-05-02,1239395.4733751633,88616.72853695042,25753.79747902602,125024.94735918683
2023-05-03,1238846.208077557,88616.72853695042,25996.0148471375,124233.464693469
2023-05-04,1238088.4346517487,88616.72853695042,25659.450346881174,123812.25576791703
2023-05-05,1241280.0683419383,88616.72853695042,27148.41233965743,125514.92746533034
2023-05-08,1241681.7452698697,88616.72853695042,26800.78156111436,126264.2351718049
2023-05-09,1242047.0615935167,88616.72853695042,26769.72204723407,126660.61100933235
2023-05-10,1243146.4652103973,88616.72853695042,28388.875932407682,126140.86074103927
2023-05-11,1243240.7866637805,88616.72853695042,30078.457212157315,124545.60091467272
2023-05-12,1243741.0122798323,88616.72853695042,30065.132909603068,125059.15083327866
2023-05-15,1244401.189607473,88616.72853695042,29197.337246343493,126587.12382417917
2023-05-16,1242323.4009886559,88616.72853695042,29191.57767655002,124515.09477515542
2023-05-17,1243710.2341818223,88616.72853695042,30573.047608733294,124520.45803613844
2023-05-18,1244970.1004520436,88616.72853695042,33027.022506106645,123326.34940898651
2023-05-19,1244056.640604789,88616.72853695042,32176.2914635177,123263.6206043209
2023-05-22,1243950.2955646175,88616.72853695042,31983.53560899885,123350.03141866834
2023-05-23,1244211.8999115927,88616.72853695042,32234.61561143666,123360.55576320575
2023-05-24,1242952.683116579,88616.72853695042,31009.418770314544,123326.53580931388
2023-05-25,1249014.3702891716,88616.72853695042,37045.89472324622,123351.74702897482
2023-05-26,1255050.1598610494,88616.72853695042,43052.31924257148,123381.11208152748
2023-05-30,1254848.8156604557,88616.72853695042,42720.096339398646,123511.99078410654
2023-05-31,1255782.7095306285,88616.72853695042,43634.92187783099,123531.0591158471
2023-06-01,1257130.6871763677,88616.72853695042,44720.04707606055,123793.91156335664
2023-06-02,1256911.3503446993,88616.72853695042,44323.734280169476,123970.88752757944
2023-06-05,1256874.4094585725,88616.72853695042,44008.31192581728,124249.3689958048
2023-06-06,1257576.38965905,88616.72853695042,44744.04021909984,124215.62090299954
2023-06-07,1258872.4525654637,88616.72853695042,45881.10005718761,124374.62397132558
2023-06-08,1258863.0518395733,88616.72853695042,45769.21206365677,124477.111238966
2023-06-09,1258819.8829881565,88616.72853695042,45823.23397478787,124379.92047641822
2023-06-12,1256781.7509639747,88616.72853695042,44139.43340500374,124025.58902202058
2023-06-13,1257596.0980678394,88616.72853695042,44877.311058085645,124102.05847280333
2023-06-14,1258749.4671263453,88616.72853695042,46168.54998532904,123964.18860406592
2023-06-15,1257139.2208872635,88616.72853695042,44919.215246484615,123603.2771038285
2023-06-16,1250307.051595118,88616.72853695042,37667.35436804255,124022.96869012504
2023-06-20,1249615.090366688,88616.72853695042,36940.51122229092,124057.85060744663
2023-06-21,1248017.4347313256,88616.72853695042,35327.16031054885,124073.54588382645
2023-06-22,1249062.789407574,88616.72853695042,36390.396907013026,124055.66396361054
2023-06-23,1248066.8938267585,88616.72853695042,35512.89648163144,123937.26880817651
2023-06-26,1246104.5410131766,88616.72853695042,33483.463248133194,124004.34922809293
2023-06-27,1246637.564793096,88616.72853695042,34001.54601799615,124019.29023814923
2023-06-28,1246503.318724473,88616.72853695042,33832.27796224307,124054.31222527963
2023-06-29,1246742.5528580924,88616.72853695042,33982.92559770541,124142.89872343652
2023-06-30,1246523.3042499204,88616.72853695042,33834.314298396115,124072.26141457376
2023-07-03,1246487.2920684349,88616.72853695042,33732.96707394312,124137.59645754145
2023-07-05,1246046.3795013544,88616.72853695042,33309.54989666096,124120.10106774303
2023-07-06,1244998.6182955645,88616.72853695042,32309.84537609038,124072.04438252375
2023-07-07,1244525.9846612394,88616.72853695042,31869.666778568877,124039.58934572013
2023-07-10,1244112.792363279,88616.72853695042,31290.22925662354,124205.83456970495
2023-07-11,1245414.3850925537,88616.72853695042,32501.498443042045,124296.15811256133
2023-07-12,1247171.0575462282,88616.72853695042,34231.02417739364,124323.3048318841
2023-07-13,1248189.3494294982,88616.72853695042,35279.49168294878,124293.12920959899
2023-07-14,1248866.1308168715,88616.72853695042,35907.4443837679,124341.95789615321
2023-07-17,1249069.8186154729,88616.72853695042,35983.58752844285,124469.50255007949
2023-07-18,1249238.6588545274,88616.72853695042,36144.7043481624,124477.22596941469
2023-07-19,1250138.486933739,88616.72853695042,36952.48634662398,124569.27205016464
2023-07-20,1251644.0892044823,88616.72853695042,38623.9991755028,124403.36149202916
2023-07-21,1251774.860630541,88616.72853695042,38553.630522137275,124604.50157145341
2023-07-24,1251879.3777015018,88616.72853695042,37920.357130831224,125342.29203372006
2023-07-25,1250819.48586855,88616.72853695042,37295.65436053544,124907.10297106393
2023-07-26,1253128.2078737803,88616.72853695042,39782.4880473275,124728.99128950224
2023-07-27,1253857.4786888137,88616.72853695042,40804.37030142336,124436.37985043996
2023-07-28,1256497.1266062232,88616.72853695042,43782.491331343655,124097.90673792921
2023-07-31,1257222.2872317894,88616.72853695042,42975.3675007174,125630.19119412173
2023-08-01,1257346.289792461,88616.72853695042,42828.895272830036,125900.66598268063
2023-08-02,1255613.2309789439,88616.72853695042,40870.85645829444,126125.64598369901
2023-08-03,1254513.0680257084,88616.72853695042,40848.06744899042,125048.27203976759
2023-08-04,1253116.6754634273,88616.72853695042,40131.471686922014,124368.47523955489
2023-08-07,1253123.6441410193,88616.72853695042,39790.25556067075,124716.66004339815
2023-08-08,1254174.312108939,88616.72853695042,41306.9534319822,124250.63014000631
2023-08-09,1255333.796346473,88616.72853695042,41178.00643905881,125539.06137046381
2023-08-10,1254775.129777303,88616.72853695042,40639.08930445544,125519.31193589699
2023-08-11,1255083.4774049162,88616.72853695042,41244.62372757599,125222.1251403899
2023-08-14,1255208.175054097,88616.72853695042,39989.8602319475,126601.58628519927
2023-08-15,1254356.3840652043,88616.72853695042,39694.9319640646,126044.7235641894
2023-08-16,1254646.5937136598,88616.72853695042,40067.108641440864,125962.75653526862
2023-08-17,1253318.230142619,88616.72853695042,40376.80840386136,124324.69320180733
2023-08-18,1253487.8224512169,88616.72853695042,40027.48909564945,124843.604818617
2023-08-21,1253436.2619995486,88616.72853695042,40033.27423109743,124786.2592315008
2023-08-22,1253500.047593281,88616.72853695042,39987.676246341085,124895.6428099894
2023-08-23,1253194.6373042683,88616.72853695042,39828.99896769563,124748.90979962237
2023-08-24,1252804.3421332939,88616.72853695042,39110.37112181203,125077.24247453152
2023-08-25,1253820.0547216292,88616.72853695042,39906.11776512524,125297.20841955347
2023-08-28,1252887.7917497326,88616.72853695042,38935.49003271165,125335.57318007061
2023-08-29,1250406.1317807664,88616.72853695042,36781.06747336674,125008.33577044914
2023-08-30,1249585.5525740706,88616.72853695042,36024.21563944558,124944.60839767451
2023-08-31,1251070.2103160114,88616.72853695042,37718.81313497154,124734.66864408948
2023-09-01,1251563.5549879498,88616.72853695042,38128.17531768989,124818.65113330935
2023-09-05,1250606.5081973453,88616.72853695042,36851.72737132339,125138.0522890715
2023-09-06,1251123.7893895428,88616.72853695042,37508.752146088285,124998.30870650406
2023-09-07,1252011.0995669726,88616.72853695042,38490.06786498474,124904.30316503742
2023-09-08,1253459.133175359,88616.72853695042,39742.69301613176,125099.71162227704
2023-09-11,1253641.1643491264,88616.72853695042,39461.549675026676,125562.8861371493
2023-09-12,1255205.2614281648,88616.72853695042,40179.37525355548,126409.15763765876
2023-09-13,1256398.4499375313,88616.72853695042,41045.105179868755,126736.6162207122
2023-09-14,1255489.3521744362,88616.72853695042,39610.42343902064,127262.20019846503
2023-09-15,1253810.2309230939,88616.72853695042,36888.322109910776,128305.18027623277
2023-09-18,1252844.1703508236,88616.72853695042,35896.08396013547,128331.35785373766
2023-09-19,1252499.3112369836,88616.72853695042,35544.62059366971,128337.96210636338
2023-09-20,1251546.551231934,88616.72853695042,34577.07917019795,128352.74352478562
2023-09-21,1249860.6523476508,88616.72853695042,32921.03396530042,128322.88984540012
2023-09-22,1249851.0280597392,88616.72853695042,32932.06022315414,128302.2392996347
2023-09-25,1249451.4181691157,88616.72853695042,32502.90553852578,128331.78409363958
2023-09-26,1249228.4536989392,88616.72853695042,32232.299111480475,128379.42605050816
2023-09-27,1249469.5750600924,88616.72853695042,32499.54838146537,128353.29814167647
2023-09-28,1249685.9918645723,88616.72853695042,32764.610512310406,128304.65281531145
2023-09-29,1249569.8299648056,88616.72853695042,32376.96027398156,128576.14115387364
2023-10-02,1249360.6295262743,88616.72853695042,32098.41905119538,128645.48193812859
2023-10-03,1249032.0104629681,88616.72853695042,31723.453950463096,128691.82797555462
2023-10-04,1249307.3485341165,88616.72853695042,31965.55753751041,128725.06245965557
2023-10-05,1249291.134073757,88616.72853695042,31920.4950175666,128753.91051924019
2023-10-06,1250094.0418904386,88616.72853695042,32722.804331349325,128754.50902213878
2023-10-09,1249541.9311284348,88616.72853695042,32066.362035581027,128858.8405559035
2023-10-10,1249337.7265192778,88616.72853695042,31833.967422438902,128887.03055988834
2023-10-11,1249877.9207465122,88616.72853695042,32368.17251336982,128893.01969619212
2023-10-12,1249754.439363333,88616.72853695042,32279.67148336128,128858.03934302111
2023-10-13,1249342.514669499,88616.72853695042,31915.629821916693,128810.1563106319
2023-10-16,1248565.9939880567,88616.72853695042,31150.659965836792,128798.60548526933
2023-10-17,1248566.0204969705,88616.72853695042,31178.55272330134,128770.73923671874
2023-10-18,1248578.3933675447,88616.72853695042,31315.278575024335,128646.38625556999
2023-10-19,1248655.5310338119,88616.72853695042,31338.771889878437,128700.030606983
2023-10-20,1250751.7944659153,88616.72853695042,33576.747976694605,128558.31795227015
2023-10-23,1250146.4094233625,88616.72853695042,32274.84357113007,129254.83731528209
2023-10-24,1250070.8884041784,88616.72853695042,32636.292131682043,128817.86773554608
2023-10-25,1247970.4122302348,88616.72853695042,30689.86701846379,128663.81667482061
2023-10-26,1246054.6463726144,88616.72853695042,29246.096755321836,128191.82108034217
2023-10-27,1246093.8710710537,88616.72853695042,29560.291538139107,127916.85099596414
2023-10-30,1247071.3236092986,88616.72853695042,29340.0365341563,129114.55853819172
2023-10-31,1246300.1752168126,88616.72853695042,29714.43610466004,127969.01057520206
2023-11-01,1246131.6364882211,88616.72853695042,30649.360474670888,126865.54747659969
2023-11-02,1244726.5445210342,88616.72853695042,30176.91981541156,125932.89616867225
2023-11-03,1243323.6412677527,88616.72853695042,29671.540543156443,125035.37218764587
2023-11-06,1243929.9252475388,88616.72853695042,28753.228502150974,126559.96820843732
2023-11-07,1244085.399040868,88616.72853695042,28693.353096996667,126775.31740692095
2023-11-08,1244715.6131467242,88616.72853695042,28838.36910589307,127260.51550388057
2023-11-09,1244131.0943347765,88616.72853695042,28849.97904027265,126664.38675755332
2023-11-10,1244845.8323601696,88616.72853695042,29055.735487696948,127173.36833552225
2023-11-13,1243957.9914665224,88616.72853695042,27357.451365637127,127983.8115639349
2023-11-14,1242646.6945820649,88616.72853695042,26411.325177907245,127618.6408672072
2023-11-15,1243727.3369051674,88616.72853695042,27258.43463694863,127852.17373126838
2023-11-16,1242101.0834819209,88616.72853695042,27065.61611842632,126418.73882654402
2023-11-17,1241003.0616520988,88616.72853695042,25447.41465616913,126938.91845897934
2023-11-20,1240206.9342525178,88616.72853695042,24502.509743234725,127087.6959723325
2023-11-21,1240306.6468230397,88616.72853695042,24457.942780363373,127231.97550572595
2023-11-22,1240789.9666551305,88616.72853695042,24867.76340720523,127305.47471097484
2023-11-24,1241092.351230613,88616.72853695042,24926.733830096317,127548.8888635661
2023-11-27,1240445.9182264642,88616.72853695042,23944.145843820996,127885.04384569265
2023-11-28,1240665.135873192,88616.72853695042,24107.136210227036,127941.27112601441
2023-11-29,1240328.8957487983,88616.72853695042,23676.060378179536,128036.10683366843
2023-11-30,1241306.435872303,88616.72853695042,25186.579675056273,127503.12766029639
2023-12-01,1241761.5360928546,88616.72853695042,25857.733737934846,127287.0738179693
2023-12-04,1242997.1624380015,88616.72853695042,26479.780994812027,127900.65290623903
2023-12-05,1243378.458853695,88616.72853695042,26866.28131198499,127895.44900475978
2023-12-06,1243567.8056152675,88616.72853695042,27030.51167555037,127920.56540276669
2023-12-07,1244559.792102262,88616.72853695042,27415.036810054793,128528.02675525658
2023-12-08,1244999.4441700748,88616.72853695042,27641.85288775782,128740.86274536652
2023-12-11,1244282.1806452102,88616.72853695042,27195.98609050177,128469.46601775801
2023-12-12,1243406.5578007153,88616.72853695042,27552.479168137535,127237.35009562736
2023-12-13,1241488.8304305773,88616.72853695042,25366.79927384015,127505.3026197867
2023-12-14,1242562.2010482948,88616.72853695042,26590.26082374039,127355.21168760397
2023-12-15,1246864.1954150894,88616.72853695042,30651.27415547357,127596.19272266538
2023-12-18,1246305.7925461552,88616.72853695042,30093.232233828865,127595.83177537587
2023-12-19,1246369.9815872381,88616.72853695042,30113.315510238404,127639.93754004943
2023-12-20,1246076.5991057935,88616.72853695042,29749.337334269774,127710.53323457344
2023-12-21,1247420.077620997,88616.72853695042,31066.323501423816,127737.02558262297
2023-12-22,1247038.8221516642,88616.72853695042,31125.634608298424,127296.45900641545
2023-12-26,1246730.6910602427,88616.72853695042,30705.07523195434,127408.88729133806
2023-12-27,1247033.4171571676,88616.72853695042,31073.768455959857,127342.92016425729
2023-12-28,1247528.2429353895,88616.72853695042,31390.312874274096,127521.201524165
2023-12-29,1247643.200663969,88616.72853695042,31458.478966747643,127567.99316027085
2024-01-02,1248010.2829111954,88616.72853695042,31763.79642426793,127629.75794997718
2024-01-03,1247459.5907196887,88616.72853695042,31325.35026253597,127517.51192020229
2024-01-04,1246699.5583640202,88616.72853695042,30662.44820656895,127420.3816205007
2024-01-05,1247007.9793473082,88616.72853695042,31027.688163178973,127363.56264717877
2024-01-08,1248982.7023724567,88616.72853695042,32795.76856601355,127570.2052694927
2024-01-09,1249627.8924171396,88616.72853695042,33464.98983814102,127546.17404204817
2024-01-10,1250208.8012052719,88616.72853695042,33992.04762760061,127600.02504072082
2024-01-11,1251147.7677838688,88616.72853695042,34763.36943386728,127767.66981305112
2024-01-12,1251755.6396605494,88616.72853695042,35659.145765015855,127479.76535858307
2024-01-16,1250515.0730556464,88616.72853695042,34625.0160864857,127273.32843221026
2024-01-17,1249112.5903347754,88616.72853695042,33397.316919973004,127098.54487785208
2024-01-18,1249413.1113653718,88616.72853695042,33880.676879139966,126915.70594928158
2024-01-19,1249642.6452077613,88616.72853695042,34107.61670041981,126918.29997039097
2024-01-22,1248512.8918736847,88616.72853695042,32328.271466049366,127567.89187068492
2024-01-23,1248295.1251700865,88616.72853695042,32013.8648703926,127664.53176274337
2024-01-24,1249382.7664923538,88616.72853695042,32870.71943426912,127895.31852113409
2024-01-25,1247224.2810581315,88616.72853695042,31983.01764837932,126624.53487280174
2024-01-26,1247396.2274325772,88616.72853695042,32163.18415670423,126616.31473892252
2024-01-29,1246524.5363664043,88616.72853695042,29817.03866186738,128090.76916758646
2024-01-30,1246558.2138596037,88616.72853695042,30657.218673325726,127284.2666493277
2024-01-31,1248576.568017642,88616.72853695042,32980.99906055594,126978.84042013553
2024-02-01,1248226.4699188038,88616.72853695042,32689.992944604717,126919.74843724864
2024-02-02,1247649.2035914003,88616.72853695042,33419.165568591445,125613.30948585854
2024-02-05,1248590.0454467796,88616.72853695042,33614.894749858766,126358.4221599705
2024-02-06,1249645.6481246152,88616.72853695042,33856.61517165229,127172.30441601248
2024-02-07,1248756.3686026866,88616.72853695042,32467.40598262765,127672.23408310837
2024-02-08,1249171.2691137919,88616.72853695042,34049.63332614675,126504.9072506947
2024-02-09,1249273.631122556,88616.72853695042,32781.31378085376,127875.58880475187
2024-02-12,1249468.2730913344,88616.72853695042,31519.65925637295,129331.8852980109
2024-02-13,1249615.4462140682,88616.72853695042,32512.582031157915,128486.13564595999
2024-02-14,1247474.1074774973,88616.72853695042,31849.310806009336,127008.06813453743
2024-02-15,1248857.9444292914,88616.72853695042,33788.60624119139,126452.60965114948
2024-02-16,1246807.403117265,88616.72853695042,31977.028825205634,126213.64575510914
2024-02-20,1244866.8116708412,88616.72853695042,29628.726708562463,126621.35642532818
2024-02-21,1244930.8075173164,88616.72853695042,29636.847480784636,126677.23149958136
2024-02-22,1244054.331799371,88616.72853695042,28811.289699723013,126626.3135626975
2024-02-23,1244212.9081348197,88616.72853695042,28824.53952805535,126771.64006981393
2024-02-26,1244833.2561587463,88616.72853695042,28932.192278913804,127284.3353428822
2024-02-27,1245346.1382358014,88616.72853695042,29210.290504910634,127519.11919394042
2024-02-28,1245577.9074284912,88616.72853695042,29335.99789009802,127625.18100144272
2024-02-29,1246714.7437409363,88616.72853695042,30210.347305793897,127887.66789819184
2024-03-01,1246937.1817794645,88616.72853695042,30785.524225174217,127534.92901733983
2024-03-04,1248044.3092428902,88616.72853695042,31728.106560917222,127699.47414502269
2024-03-05,1246382.657265239,88616.72853695042,29864.065734810545,127901.86299347808
2024-03-06,1247450.5584869406,88616.72853695042,31037.58714889805,127796.2428010921
2024-03-07,1248886.9008407411,88616.72853695042,32703.950106128585,127566.22219766211
2024-03-08,1249853.1886082676,88616.72853695042,32360.38425681903,128876.07581449812
2024-03-11,1250226.3708451325,88616.72853695042,32111.212542052264,129498.42976612994
2024-03-12,1251522.4445883418,88616.72853695042,34894.31779530097,128011.39825609047
2024-03-13,1252141.1105019045,88616.72853695042,35060.79142615176,128463.59053880232
2024-03-14,1254456.5427999904,88616.72853695042,36381.96973724174,129457.84452579822
2024-03-15,1256146.64870979,88616.72853695042,38470.78974265419,129059.13043018547
2024-03-18,1256671.7818071623,88616.72853695042,38862.371587056434,129192.68168315548
2024-03-19,1255806.219070584,88616.72853695042,37980.97339904099,129208.51713459264
2024-03-20,1256228.7560744383,88616.72853695042,38390.04035406187,129221.98718342604
2024-03-21,1256852.1010981498,88616.72853695042,39938.89595316909,128296.47660803027
2024-03-22,1256872.3432919655,88616.72853695042,40033.05181521783,128222.5629397973
2024-03-25,1256203.567225819,88616.72853695042,39725.144650818314,127861.69403805025
2024-03-26,1256328.810592657,88616.72853695042,39947.538124572835,127764.54393113358
2024-03-27,1256841.090152687,88616.72853695042,40442.334403289366,127782.02721244725
2024-03-28,1257330.739830066,88616.72853695042,40671.981657724944,128042.02963539073
2024-04-01,1256441.9620108327,88616.72853695042,40289.48116098647,127535.75231289584
2024-04-02,1255703.5577565166,88616.72853695042,39592.13041032001,127494.6988092463
2024-04-03,1255916.534723329,88616.72853695042,40607.8450380736,126691.96114830486
2024-04-04,1253829.1334848017,88616.72853695042,38294.900497897645,126917.50444995379
2024-04-05,1256672.0515690623,88616.72853695042,41124.75583262078,126930.5671994912
2024-04-08,1256979.394778261,88616.72853695042,41099.33463263267,127263.33160867775
2024-04-09,1257388.9458252052,88616.72853695042,41049.04054346052,127723.17674479424
2024-04-10,1255749.1710783439,88616.72853695042,39895.502169279265,127236.9403721143
2024-04-11,1257957.8660337036,88616.72853695042,42159.61275956652,127181.52473718673
2024-04-12,1256122.0024271086,88616.72853695042,39972.10888632538,127533.1650038329
2024-04-15,1252336.4229482156,88616.72853695042,36099.05929883744,127620.63511242787
2024-04-16,1252285.226148843,88616.72853695042,36165.14610813558,127503.35150375706
2024-04-17,1253063.9784237652,88616.72853695042,36123.00416094903,128324.24572586571
2024-04-18,1253855.2392944181,88616.72853695042,36103.35708123667,129135.15367623116
2024-04-19,1256689.831060459,88616.72853695042,37920.41324045998,130152.6892830485
2024-04-22,1256810.2064900058,88616.72853695042,37309.619572452386,130883.8583806029
2024-04-23,1256497.8090122868,88616.72853695042,37669.55506919895,130211.52540613734
2024-04-24,1256519.5978346707,88616.72853695042,38051.26329127606,129851.6060064442
2024-04-25,1256946.1832952425,88616.72853695042,38621.372505652136,129708.08225264004
2024-04-26,1257980.1590891718,88616.72853695042,40489.364667881746,128874.06588433962
2024-04-29,1258769.298496037,88616.72853695042,40803.34994959389,129349.22000949271
2024-04-30,1257104.7367853196,88616.72853695042,38387.15072337119,130100.85752499802
2024-05-01,1256022.3653457225,88616.72853695042,38585.507169448654,128820.12963932334
2024-05-02,1257580.2090522712,88616.72853695042,40263.64483586431,128699.83567945659
2024-05-03,1259804.9613920557,88616.72853695042,42413.367773817154,128774.86508128815
2024-05-06,1260580.1460588684,88616.72853695042,41641.38367594918,130322.03384596878
2024-05-07,1260741.7439887892,88616.72853695042,41728.0361547682,130396.97929707053
2024-05-08,1261222.4415985546,88616.72853695042,41633.41868126998,130972.2943803342
2024-05-09,1260890.9992715407,88616.72853695042,41158.2896372322,131115.98109735805
2024-05-10,1261355.3573777345,88616.72853695042,40930.99523591669,131807.63360486738
2024-05-13,1261543.4254000597,88616.72853695042,38940.59733417316,133986.0995289362
2024-05-14,1261391.3254247862,88616.72853695042,39030.96959709353,133743.62729074224
2024-05-15,1260256.3055868833,88616.72853695042,38319.440711213625,133320.1363387194
2024-05-16,1260647.2818694105,88616.72853695042,38567.82317698363,133462.73015547637
2024-05-17,1258619.1536184042,88616.72853695042,36428.13291226409,133574.29216918955
2024-05-20,1257196.3613443049,88616.72853695042,34895.980297994334,133683.6525093601
2024-05-21,1257926.61946684,88616.72853695042,35544.54358931095,133765.34734057868
2024-05-22,1258611.5908422973,88616.72853695042,36124.214538509026,133870.64776683785
2024-05-23,1257847.3027770217,88616.72853695042,35831.02535175544,133399.5488883159
2024-05-24,1259243.9925737656,88616.72853695042,37638.81042291527,132988.45361389988
2024-05-28,1258112.76517396,88616.72853695042,36906.62293899304,132589.41369801643
2024-05-29,1257617.6970598188,88616.72853695042,36402.79270087532,132598.17582199303
2024-05-30,1255875.4368360606,88616.72853695042,36297.53259559546,130961.17570351483
2024-05-31,1257542.7802996058,88616.72853695042,36975.90576670552,131950.14599594986
2024-06-03,1256489.3967975453,88616.72853695042,36490.8904709738,131381.77778962115
2024-06-04,1256451.789949922,88616.72853695042,36417.526345888735,131417.53506708262
2024-06-05,1255155.19258562,88616.72853695042,35897.65881131496,130640.80523735471
2024-06-06,1255965.1458190246,88616.72853695042,36337.19880981697,131011.21847225726
2024-06-07,1256802.902161831,88616.72853695042,36954.45460852585,131231.71901635476
2024-06-10,1256188.8514693314,88616.72853695042,36350.06131797552,131222.0616144056
2024-06-11,1257380.822650272,88616.72853695042,37553.37135270599,131210.72276061564
2024-06-12,1258770.4251191379,88616.72853695042,39870.76500998298,130282.93157220446
2024-06-13,1258451.5999522302,88616.72853695042,40312.50144553406,129522.36996974587
2024-06-14,1258733.6391475364,88616.72853695042,40776.61190676887,129340.29870381719
2024-06-17,1256461.145535657,88616.72853695042,38686.33655006834,129158.08044863818
2024-06-18,1256169.2522309937,88616.72853695042,39068.30965218088,128484.2140418624
2024-06-20,1257238.8680264084,88616.72853695042,38726.02035019151,129896.11913926643
2024-06-21,1258253.5958183287,88616.72853695042,39211.35163633118,130425.51564504695
2024-06-24,1257828.92052519,88616.72853695042,38645.71877057862,130566.4732176608
2024-06-25,1258228.2884665453,88616.72853695042,38925.024266771856,130686.53566282289
2024-06-26,1258787.8969651568,88616.72853695042,39369.05480608961,130802.11362211662
2024-06-27,1259859.4922013537,88616.72853695042,40325.97264991957,130916.79101448366
2024-06-28,1259458.9526320924,88616.72853695042,41380.1626234611,129462.06147168088
2024-07-01,1260102.0768137197,88616.72853695042,41589.63187313522,129895.71640363405
2024-07-02,1261350.7821060703,88616.72853695042,43000.255843808176,129733.79772531171
2024-07-03,1262035.0988635835,88616.72853695042,43594.44048255752,129823.92984407558
2024-07-05,1263207.0545455646,88616.72853695042,44294.24285713781,130296.08315147622
2024-07-08,1262412.0882496887,88616.72853695042,43557.019215235254,130238.34049750306
2024-07-09,1262181.7215286044,88616.72853695042,43718.98312859284,129846.00986306113
2024-07-10,1261048.2223081482,88616.72853695042,42508.99441490322,129922.49935629452
2024-07-11,1263038.5692482856,88616.72853695042,44656.94239321852,129764.89831811655
2024-07-12,1263761.3210476656,88616.72853695042,45153.11448914488,129991.47802157025
2024-07-15,1261686.4606843675,88616.72853695042,43879.25304353528,129190.47910388187
2024-07-16,1261344.9360548565,88616.72853695042,45164.82751596684,127563.38000193913
2024-07-17,1263760.5157277356,88616.72853695042,48978.673325129086,126165.11386565608
2024-07-18,1264263.522152393,88616.72853695042,49354.37465243088,126292.41896301159
2024-07-19,1259465.8352334276,88616.72853695042,44839.371148592676,126009.73554788437
2024-07-22,1258601.8611871784,88616.72853695042,43833.948205197,126151.18444503099
2024-07-23,1257593.6609980538,88616.72853695042,43557.65809267468,125419.27436842886
2024-07-24,1253309.52634584,88616.72853695042,39198.526540991385,125494.27126789815
2024-07-25,1250607.383022024,88616.72853695042,38883.836464656284,123106.81802041736
2024-07-26,1252027.8894854172,88616.72853695042,40135.41994568193,123275.74100278481
2024-07-29,1253141.7945779883,88616.72853695042,39036.92937753664,125488.13666350115
2024-07-30,1251575.7276230855,88616.72853695042,39111.165041981614,123847.83404415357
2024-07-31,1253374.6847924665,88616.72853695042,39195.855650419486,125562.10060509644
2024-08-01,1251224.7021263035,88616.72853695042,39587.24169642269,123020.73189293034
2024-08-02,1248392.9491886785,88616.72853695042,41332.29990735988,118443.92074436834
2024-08-05,1248382.1888658372,88616.72853695042,41666.341207035584,118099.11912185117
2024-08-06,1250168.1354600699,88616.72853695042,41539.58330847882,120011.82361464063
2024-08-07,1247403.984782143,88616.72853695042,41506.47665539,117280.77958980249
2024-08-08,1250449.8045024904,88616.72853695042,41247.2125987903,120585.86336674984
2024-08-09,1250804.77095252,88616.72853695042,41570.96602703002,120617.07638853951
2024-08-12,1250550.66763913,88616.72853695042,40630.077655692585,121303.86144648702
2024-08-13,1250068.338362731,88616.72853695042,40354.8401719837,121096.76965379692
2024-08-14,1249358.038439034,88616.72853695042,40095.14796984347,120646.16193224024
2024-08-15,1251904.4671667882,88616.72853695042,40441.49966218276,122846.238967655
2024-08-16,1250482.200400407,88616.72853695042,38544.531333306455,123320.94053014996
2024-08-19,1249477.33539086,88616.72853695042,37448.58581473422,123412.02103917534
2024-08-20,1248243.6047766116,88616.72853695042,36082.94314802892,123543.93309163209
2024-08-21,1247081.4228997044,88616.72853695042,35228.99826323625,123235.69609951763
2024-08-22,1246407.0154677746,88616.72853695042,34332.800105681294,123457.48682514275
2024-08-23,1246047.695057795,88616.72853695042,34161.15033588628,123269.81618495821
2024-08-26,1246085.9274336868,88616.72853695042,34068.94773771742,123400.25115901907
2024-08-27,1246498.1838590093,88616.72853695042,34366.73857877182,123514.71674328693
2024-08-28,1246441.4044587354,88616.72853695042,34407.60923762503,123417.06668415992
2024-08-29,1247867.5909636957,88616.72853695042,35744.6454894786,123506.21693726652
2024-08-30,1248211.3351310878,88616.72853695042,35844.966843124246,123749.63975101314
2024-09-03,1245874.9532750868,88616.72853695042,34331.00360754633,122927.22113058995
2024-09-04,1245942.3606640454,88616.72853695042,34541.81988838536,122783.81223870977
2024-09-05,1246458.7484355276,88616.72853695042,34717.32841425738,123124.69148431974
2024-09-06,1243674.9090626128,88616.72853695042,32665.99062863004,122392.18989703245
2024-09-09,1246338.4972642134,88616.72853695042,34473.25466967712,123248.51405758597
2024-09-10,1245805.9829319955,88616.72853695042,34754.964502874296,122434.28989217081
2024-09-11,1246745.3358950794,88616.72853695042,34556.09281526576,123572.51454286324
2024-09-12,1246136.5399623371,88616.72853695042,34135.437431353144,123384.37399403355
2024-09-13,1246003.3730452866,88616.72853695042,33925.850352597656,123460.79415573855
2024-09-16,1243726.5082969652,88616.72853695042,32368.56887303409,122741.21088698064
2024-09-17,1243983.095993524,88616.72853695042,32203.437573804054,123162.92988276947
2024-09-18,1245453.506890818,88616.72853695042,33875.38566667633,122961.39268719126
2024-09-19,1246345.9389487049,88616.72853695042,33175.99229237356,124553.21811938076
2024-09-20,1246823.1111044576,88616.72853695042,33938.922056775424,124267.46051073191
2024-09-23,1246753.3094074512,88616.72853695042,33788.326369351475,124348.25450114929
2024-09-24,1247128.5208045652,88616.72853695042,34102.140188581776,124409.65207903297
2024-09-25,1248171.13196991,88616.72853695042,35098.56537665939,124455.8380563003
2024-09-26,1249913.6781605748,88616.72853695042,36989.3742069375,124307.57541668694
2024-09-27,1248951.8407747606,88616.72853695042,35912.891924256575,124422.22031355347
2024-09-30,1247982.4889962408,88616.72853695042,34779.345915345824,124586.41454394464
2024-10-01,1248469.6400138708,88616.72853695042,35258.904707220965,124594.00676969928
2024-10-02,1248787.9659424534,88616.72853695042,35592.608132021036,124578.6292734819
2024-10-03,1248592.8970159625,88616.72853695042,35515.869652767666,124460.29882624443
2024-10-04,1249303.9588245777,88616.72853695042,36134.17317502096,124553.05711260648
2024-10-07,1248119.734318919,88616.72853695042,34768.18491180439,124734.82087016432
2024-10-08,1248501.502890651,88616.72853695042,35096.70681887551,124788.0675348253
2024-10-09,1248262.503906913,88616.72853695042,34848.54926150723,124797.22610845533
2024-10-10,1249674.1200042912,88616.72853695042,36153.32514955511,124904.06631778553
2024-10-11,1251794.8505088547,88616.72853695042,38290.502164654084,124887.6198072501
2024-10-14,1249547.8255178342,88616.72853695042,36023.16823354771,124907.92874733591
2024-10-15,1252286.2588721334,88616.72853695042,38784.32850118657,124885.20183399646
2024-10-16,1252676.7306463877,88616.72853695042,39118.603160581784,124941.39894885547
2024-10-17,1252877.5783774792,88616.72853695042,39413.59911038994,124847.25073013874
2024-10-18,1250858.046761442,88616.72853695042,37530.005738652195,124711.31248583924
2024-10-21,1250496.2789669326,88616.72853695042,36119.791954203974,125759.75847577816
2024-10-22,1249948.4546587523,88616.72853695042,35994.07074704289,125337.65537475911
2024-10-23,1249224.651691333,88616.72853695042,34681.19215829845,125926.73099608417
2024-10-24,1250559.3029701256,88616.72853695042,36954.490923777455,124988.0835093977
2024-10-25,1251260.784263603,88616.72853695042,38055.88214597304,124588.17358067958
2024-10-28,1251224.5626271013,88616.72853695042,36752.61662805849,125855.2174620924
2024-10-29,1250175.1837446322,88616.72853695042,36368.758454444236,125189.6967532374
2024-10-30,1250645.1708020293,88616.72853695042,36671.65574089845,125356.78652418056
2024-10-31,1251466.7481846898,88616.72853695042,37155.81945947895,125694.20018826029
2024-11-01,1251455.5850555385,88616.72853695042,36998.629275527084,125840.22724306094
2024-11-04,1252964.5292646948,88616.72853695042,36060.65088169277,128287.14984605159
2024-11-05,1251653.2476420254,88616.72853695042,35392.03716708743,127644.4819379875
2024-11-06,1247590.1683540635,88616.72853695042,39125.40193051961,119848.03788659349
2024-11-07,1245289.8239014326,88616.72853695042,37924.15850966703,118748.93685481511
2024-11-08,1246454.975789959,88616.72853695042,38617.141111391014,119221.10614161775
2024-11-11,1246135.2441998292,88616.72853695042,37989.31725934695,119529.19840353169
2024-11-12,1246624.3035384608,88616.72853695042,39407.194326029625,118600.3806754807
2024-11-13,1247677.3978933562,88616.72853695042,40599.06781453767,118461.60154186795
2024-11-14,1246826.6079845824,88616.72853695042,40250.932475249865,117958.94697238202
2024-11-15,1239674.1714852331,88616.72853695042,36132.342922193464,114925.10002608923
2024-11-18,1238881.30487576,88616.72853695042,35088.40172105958,115176.1746177501
2024-11-19,1238220.1381906082,88616.72853695042,34403.835588695714,115199.5740649621
2024-11-20,1236728.8369948748,88616.72853695042,32703.320928106783,115408.78752981755
2024-11-21,1235325.6780064953,88616.72853695042,31819.227831076016,114889.72163846879
2024-11-22,1237090.5619078996,88616.72853695042,33883.65995512321,114590.17341582594
2024-11-25,1237271.9799512783,88616.72853695042,33726.229755426175,114929.02165890182
2024-11-26,1237486.6302771415,88616.72853695042,33683.64801827364,115186.25372191751
2024-11-27,1238529.8369744094,88616.72853695042,34573.70019095263,115339.40824650647
2024-11-29,1237951.7274390594,88616.72853695042,33245.003247535904,116089.9956545732
2024-12-02,1237880.8050563578,88616.72853695042,32272.70879740722,116991.36772200023
2024-12-03,1238830.965751695,88616.72853695042,32883.44698831707,117330.7902264276
2024-12-04,1239417.4610369392,88616.72853695042,33732.994821698056,117067.73767829081
2024-12-05,1240427.532437386,88616.72853695042,34583.62215649395,117227.1817439415
2024-12-06,1243214.601965107,88616.72853695042,37270.46487999649,117327.40854816022
2024-12-09,1242143.5325390385,88616.72853695042,35721.535161353066,117805.26884073508
2024-12-10,1243500.51602602,88616.72853695042,36970.49090033455,117913.29658873496
2024-12-11,1246474.519549937,88616.72853695042,39255.162590062595,118602.62842292408
2024-12-12,1248418.1834895986,88616.72853695042,40820.49946701131,118980.95548563683
2024-12-13,1252254.2605543092,88616.72853695042,44750.37232656125,118887.15969079756
2024-12-16,1256979.180416257,88616.72853695042,49039.32435814035,119323.12752116611
2024-12-17,1256698.0101301009,88616.72853695042,48829.70672268141,119251.57487046905
2024-12-18,1241165.1537514897,88616.72853695042,33661.278331253445,118887.14688328584
2024-12-19,1243426.127956354,88616.72853695042,37155.93273646536,117653.4666829384
2024-12-20,1254619.7120211758,88616.72853695042,47115.607943937066,118887.3755402884
2024-12-23,1255396.008436493,88616.72853695042,47838.27693909139,118941.00296045141
2024-12-24,1256047.014419522,88616.72853695042,48524.14470476424,118906.14117780724
2024-12-26,1255016.1977944141,88616.72853695042,47431.574330030126,118967.89492743369
2024-12-27,1255278.390190449,88616.72853695042,47618.80770310259,119042.85395039618
2024-12-30,1253268.9603330302,88616.72853695042,45482.851222240715,119169.38057383918
2024-12-31,1253284.4341765032,88616.72853695042,45469.134912370006,119198.57072718279
2025-01-02,1252831.8018693589,88616.72853695042,44959.46782158385,119255.6055108246
2025-01-03,1253783.4319011006,88616.72853695042,45903.51577223174,119263.18759191851
2025-01-06,1254728.6485353694,88616.72853695042,46706.19388818892,119405.72611022997
2025-01-07,1255111.9686054583,88616.72853695042,47121.77800372336,119373.46206478449
2025-01-08,1255596.365189257,88616.72853695042,47550.97352403193,119428.66312827473
2025-01-10,1254785.8145757238,88616.72853695042,46669.89940545068,119499.18663332285
2025-01-13,1254015.3989321422,88616.72853695042,45769.592333306675,119629.0780618852
2025-01-14,1254019.2555735526,88616.72853695042,45812.37117890478,119590.15585769736
2025-01-15,1254043.3567033664,88616.72853695042,46357.62449922622,119069.00366718974
2025-01-16,1254676.106923297,88616.72853695042,47153.20683398773,118906.1715523589
2025-01-17,1255231.8312186962,88616.72853695042,47860.07553520438,118755.02714654151
2025-01-21,1254363.3490624498,88616.72853695042,46474.2464550751,119272.37407042412
2025-01-22,1253970.979438266,88616.72853695042,45983.29594421014,119370.95495710545
2025-01-23,1251843.2401855001,88616.72853695042,44813.28727051488,118413.2243780347
2025-01-24,1253260.031145316,88616.72853695042,45862.146089380025,118781.15651898575
2025-01-27,1255249.0502781319,88616.72853695042,47808.64124661125,118823.68049457017
2025-01-28,1256893.0485095603,88616.72853695042,48249.06405884656,120027.2559137633
2025-01-29,1255995.0288233547,88616.72853695042,48297.053233862156,119081.24705254217
2025-01-30,1254454.0576148017,88616.72853695042,48616.03910193988,117221.28997591138
2025-01-31,1254542.9217491616,88616.72853695042,48891.63392491592,117034.55928729521
2025-02-03,1251495.252375544,88616.72853695042,47752.25322869455,115126.27060989896
2025-02-04,1252104.097301026,88616.72853695042,50362.7661497097,113124.60261436598
2025-02-05,1252541.8897572935,88616.72853695042,50914.31104799663,113010.85017234646
2025-02-06,1254467.31653056,88616.72853695042,53128.56298147794,112722.02501213155
2025-02-07,1254619.9004554937,88616.72853695042,54771.121098448755,111232.05082009453
2025-02-10,1256324.748030164,88616.72853695042,56010.71028149966,111697.30921171396
2025-02-11,1255819.6831272114,88616.72853695042,56129.78780115931,111073.16678910167
2025-02-12,1254609.9755821773,88616.72853695042,56560.19160431065,109433.05544091621
2025-02-13,1256307.4011851535,88616.72853695042,57724.67703637201,109965.99561183108
2025-02-14,1258214.3780767503,88616.72853695042,58630.832911716774,110966.81662808312
2025-02-18,1259897.0651501273,88616.72853695042,62046.42741851974,109233.90919465711
2025-02-19,1262584.7701878382,88616.72853695042,62513.91450713202,111454.12714375579
2025-02-20,1262617.7320534056,88616.72853695042,62962.66860867082,111038.33490778436
2025-02-21,1255962.3828238084,88616.72853695042,57512.45762138395,109833.19666547398
2025-02-24,1252439.4428756745,88616.72853695042,53712.00575365918,110110.70858506486
2025-02-25,1251151.2472267093,88616.72853695042,52521.92869682587,110012.58999293298
2025-02-26,1250805.121229111,88616.72853695042,52099.15216405317,110089.24052810739
2025-02-27,1249077.3621112,88616.72853695042,50458.402675933205,110002.23089831648
2025-02-28,1252027.432892178,88616.72853695042,53317.92698836909,110092.77736685844
2025-03-03,1249276.9157510067,88616.72853695042,51205.18454726669,109455.00266678957
2025-03-04,1250109.408798502,88616.72853695042,51411.805690585636,110080.874570966
2025-03-05,1251579.2284561764,88616.72853695042,52228.32189435535,110734.17802487058
2025-03-06,1249320.4768370218,88616.72853695042,51365.530260074884,109338.21803999646
2025-03-07,1251564.8868367602,88616.72853695042,52571.27590543195,110376.88239437784
2025-03-10,1251090.2600360222,88616.72853695042,52726.41872120043,109747.11277787131
2025-03-11,1251795.6237166082,88616.72853695042,52875.373045129934,110303.5221345278
2025-03-12,1252881.3481874678,88616.72853695042,52596.09984651813,111668.51980399922
2025-03-13,1252419.1862703823,88616.72853695042,54149.78569930117,109652.67203413066
2025-03-14,1252694.8586908393,88616.72853695042,53332.2742838643,110745.85587002453
2025-03-17,1253044.2189709758,88616.72853695042,52980.29651533603,111447.19391868939
2025-03-18,1252532.3306125049,88616.72853695042,52916.248946696986,110999.35312885744
2025-03-19,1253031.2444668359,88616.72853695042,53207.957203979604,111206.55872590584
2025-03-20,1253004.2111275808,88616.72853695042,53486.885851003695,110900.59673962672
2025-03-21,1251583.1333288164,88616.72853695042,52311.27292189002,110655.13186997594
2025-03-24,1248569.7526097682,85489.07987673068,52311.27292189002,110769.39981114748
2025-03-25,1248488.2698999816,85380.56599185546,52311.27292189002,110796.43098623608
2025-03-26,1250734.9656312224,87350.92451971513,52311.27292189002,111072.7681896172
2025-03-27,1251864.8444996183,88393.41958009265,52311.27292189002,111160.1519976356
2025-03-28,1253819.7236645417,90215.49747555121,52311.27292189002,111292.9532671005
2025-03-31,1252576.3024718894,88687.84268009919,52311.27292189002,111577.18686990021
2025-04-01,1252450.8750325595,88681.67191538913,52311.27292189002,111457.93019528035
2025-04-02,1251639.4096248257,87537.16664467333,52311.27292189002,111790.97005826235
2025-04-03,1254150.2264111307,91160.83242829307,52311.27292189002,110678.12106094765
2025-04-04,1244862.2858100322,83981.1642660289,52311.27292189002,108569.84862211323
2025-04-07,1243722.0997710591,82510.96621867176,52311.27292189002,108899.86063049734
2025-04-08,1245835.824989768,84180.73937136866,52311.27292189002,109343.8126965093
2025-04-09,1234787.6455043613,75265.60901597119,52311.27292189002,107210.76356650004
2025-04-10,1244214.8795533318,83831.36778732063,52311.27292189002,108072.23884412111
2025-04-11,1245550.3982901694,85485.08738170634,52311.27292189002,107754.03798657306
2025-04-14,1248996.8498176127,88078.99039781163,52311.27292189002,108606.58649791102
2025-04-15,1253774.7927563926,92269.68372899247,52311.27292189002,109193.83610551013
2025-04-16,1252971.234952994,91561.44468906219,52311.27292189002,109098.51734204171
2025-04-17,1261507.3069332931,100082.97797766328,52311.27292189002,109113.05603373982
2025-04-21,1261799.7030806725,98641.92390521639,52311.27292189002,110846.50625356613
2025-04-22,1261961.1410263905,98437.27454014053,52311.27292189002,111212.59356435994
2025-04-23,1260578.4584840038,97038.98867667769,52311.27292189002,111228.19688543607
2025-04-24,1256410.0315549157,94771.70492362813,52311.27292189002,109327.05370939756
2025-04-25,1255270.00144467,94291.97640741919,52311.27292189002,108666.7521153607
2025-04-28,1256844.78772043,93813.82261379762,52311.27292189002,110719.69218474231
2025-04-29,1257154.6223519593,93986.26931027323,52311.27292189002,110857.0801197961
2025-04-30,1256072.681023184,93247.08513851417,52311.27292189002,110514.32296277978
2025-05-01,1257652.1394319274,94605.65149062662,52311.27292189002,110735.21501941071
2025-05-02,1256659.1357747503,95438.13639561669,52311.27292189002,108909.72645724355
2025-05-05,1256633.708080711,94623.06971898838,52311.27292189002,109699.36543983268
2025-05-06,1257536.2272777671,94151.07262855442,52311.27292189002,111073.8817273227
2025-05-07,1257540.6659726796,93819.85559953633,52311.27292189002,111409.53745125327
2025-05-08,1258253.696907257,94586.21928179543,52311.27292189002,111356.20470357151
2025-05-09,1257879.285663573,94817.74148987257,52311.27292189002,110750.27125181048
2025-05-12,1261291.492810915,99068.5535933876,52311.27292189002,109911.66629563738
2025-05-13,1258574.9708972848,100679.34797716117,52311.27292189002,105584.3499982336
2025-05-14,1257628.8177592643,101057.34554405278,52311.27292189002,104260.19929332146
2025-05-15,1260236.5921006005,101706.87085749721,52311.27292189002,106218.44832121325
2025-05-16,1262457.5536477086,102523.56011165516,52311.27292189002,107622.72061416344
2025-05-19,1260963.0641237062,102523.56011165516,50596.57244946482,107842.93156258622
2025-05-20,1261557.8731656473,102523.56011165516,51138.401198968524,107895.91185502359
2025-05-21,1261030.9448301778,102523.56011165516,50502.26098489412,108005.12373362854
2025-05-22,1260967.5003199165,102523.56011165516,50347.76148979156,108096.1787184698
2025-05-23,1259392.13676657,102523.56011165516,49150.05841792212,107718.51823699265
2025-05-27,1258191.802422959,102523.56011165516,47559.87597515364,108108.3663361501
2025-05-28,1258637.05046082,102523.56011165516,47939.85074456851,108173.63960459642
2025-05-29,1258093.5072972353,102523.56011165516,47599.4106396588,107970.53654592135
2025-05-30,1258786.0114073632,102523.56011165516,48067.378204528126,108195.07309117983
2025-06-02,1257963.4155200804,102523.56011165516,47108.066381358774,108331.78902706644
2025-06-03,1257806.83622726,102523.56011165516,46850.450249655405,108432.8258659495
2025-06-04,1258077.8299409747,102523.56011165516,47000.73875808332,108553.53107123612
2025-06-05,1259354.5685631158,102523.56011165516,48185.663658425794,108645.34479303495
2025-06-06,1259660.4775535292,102523.56011165516,47919.02479696495,109217.89264490898
2025-06-09,1259672.5041434742,102523.56011165516,47408.02564407152,109740.91838774737
2025-06-10,1259720.2276414973,102523.56011165516,47054.765711195185,110141.90181864705
2025-06-11,1259885.7675512666,102523.56011165516,47502.17268647335,109860.0347531382
2025-06-12,1259721.4268996099,102523.56011165516,48650.49146202137,108547.37532593333
2025-06-13,1261056.2543415695,102523.56011165516,50889.947171758395,107642.74705815595
2025-06-16,1260639.925058905,102523.56011165516,49777.216288765194,108339.14865848469
2025-06-17,1259611.9385921576,102523.56011165516,48993.39957881905,108094.97890168335
2025-06-18,1259746.5508732582,102523.56011165516,49529.792174662696,107693.1985869403
2025-06-20,1261336.730859615,102523.56011165516,50597.49160473165,108215.6791432281
2025-06-23,1259435.350264391,101043.08032286353,50110.75040639867,108281.51953512873
2025-06-24,1260816.8864321767,100227.01397915091,52325.656734115444,108264.21571891033
2025-06-25,1261117.755708061,100441.98640835402,52370.87244645413,108304.89685325278
2025-06-26,1259044.8247281082,99600.52637401456,51084.99357340601,108359.30478068767
2025-06-27,1258235.6335691728,99773.8591446199,50060.46417329181,108401.31025126111
2025-06-30,1256671.0688613458,99567.09432029212,48601.98865378066,108501.98588727298
2025-07-01,1257110.6174265773,99416.91455729539,49158.58728642203,108535.11558285984
2025-07-02,1256541.3914367978,99304.65567696001,48653.857484258944,108582.87827557884
2025-07-03,1255867.6069392418,99529.3603249006,47701.72756985156,108636.5190444896
2025-07-07,1254835.148814953,98747.21524147433,47368.284656363656,108719.64891711506
2025-07-08,1255907.3653306798,98515.25404041912,48578.50889560906,108813.60239465162
2025-07-09,1255739.1600321098,98510.0483241491,48362.20620462706,108866.90550333378
2025-07-10,1256005.84911145,98916.74906041054,48205.78807142202,108883.31197961723
2025-07-11,1257092.0008797154,98643.51944053709,49464.62079896708,108983.86064021126
2025-07-14,1254399.8815168745,98188.43614690541,47168.39548758883,109043.04988238029
2025-07-15,1254048.8738880337,97091.17324620695,47735.83597294567,109221.86466888105
2025-07-16,1254167.003059366,97220.71904308512,47797.084700904554,109149.19931537635
2025-07-17,1253815.8780957782,97420.97225355636,47587.981740913354,108806.92410130845
2025-07-18,1249212.0391351625,97541.56407671841,43055.589228161145,108614.88583028293
2025-07-21,1248869.1182302956,97541.56407671841,42001.36840481218,109326.18574876501
2025-07-22,1247941.0460358453,97541.56407671841,41660.99017473927,108738.49178438773
2025-07-23,1246690.8522034748,97541.56407671841,41612.79340719117,107536.49471956515
2025-07-24,1245523.9345678934,97541.56407671841,41118.3355360321,106864.034955143
2025-07-25,1246080.8707839232,97541.56407671841,41517.343073553755,107021.96363365115
2025-07-28,1246834.8987205173,97541.56407671841,40627.67493276938,108665.65971102938
2025-07-29,1247261.8062596926,97541.56407671841,41187.26864702918,108532.97353594494
2025-07-30,1247396.148988213,97541.56407671841,40997.67094711051,108856.913964384
2025-07-31,1247759.403732879,97541.56407671841,41941.56628864154,108276.27336751926
2025-08-01,1245184.5071210219,97541.56407671841,39789.887649485725,107853.05539481784
2025-08-04,1245307.7305796505,97541.56407671841,39621.6946330755,108144.47186985658
2025-08-05,1245381.785807598,97541.56407671841,39797.96326682798,108042.25846405164
2025-08-06,1245842.0501383692,97541.56407671841,40679.33257069776,107621.15349095315
2025-08-07,1244517.6801062627,97541.56407671841,41588.552082083304,105387.56394746108
2025-08-08,1244907.6090461817,97541.56407671841,42936.523572692065,104429.5213967713
2025-08-11,1244827.3277527536,97541.56407671841,41320.21111798019,105965.55255805515
2025-08-12,1245813.2459181258,97541.56407671841,42289.264411664684,105982.41742974287
2025-08-13,1246516.1957649197,97541.56407671841,41143.57357008301,107831.0581181182
2025-08-14,1246492.9099524855,97541.56407671841,40782.35179815779,108168.99407760915
2025-08-15,1242365.0987549154,97541.56407671841,36290.12296349334,108533.41171470378
2025-08-18,1241822.8355891034,97541.56407671841,35455.93378140766,108825.33773097745
2025-08-19,1241555.4595233644,97541.56407671841,35174.77537920466,108839.12006744137
2025-08-20,1240223.938756426,97541.56407671841,33970.69468068867,108711.67999901902
2025-08-21,1239456.14682632,97541.56407671841,33025.89073892264,108888.69201067905
2025-08-22,1241350.1037486887,97541.56407671841,35161.34451589966,108647.19515607064
2025-08-25,1240944.3788018986,97541.56407671841,34321.73303682718,109081.08168835286
2025-08-26,1241262.1934651048,97541.56407671841,34362.452238446334,109358.17714994005
2025-08-27,1240861.0305481623,97541.56407671841,33792.4329345671,109527.03353687678
2025-08-28,1241300.762155646,97541.56407671841,34050.159381809994,109709.03869711747
2025-08-29,1241410.1020592737,97541.56407671841,34171.97206038772,109696.56592216762
2025-09-02,1240137.9374238146,97541.56407671841,32262.696273534675,110333.67707356159
2025-09-03,1241496.817651081,97541.56407671841,33995.02731648367,109960.22625787882
2025-09-04,1242097.373045927,97541.56407671841,34513.731069102534,110042.07790010609
2025-09-05,1243601.3631012873,97541.56407671841,36507.27880582772,109552.52021874115
2025-09-08,1242540.5839932472,97541.56407671841,35399.46563808597,109599.55427844287
2025-09-09,1243964.39574555,97541.56407671841,36148.41450063349,110274.41716819815
2025-09-10,1245097.6546826595,97541.56407671841,42758.45179464272,104797.63881129841
2025-09-11,1244795.3620965406,97541.56407671841,40773.54217041668,106480.25584940542
2025-09-12,1246182.2602979941,97541.56407671841,41635.11536034092,107005.58086093492
2025-09-15,1244649.336757889,97541.56407671841,40793.741959275096,106314.0307218954
2025-09-16,1244920.2014410621,97541.56407671841,40726.15857145691,106652.47879288695
2025-09-17,1247341.0911776593,97541.56407671841,42467.00401786971,107332.52308307122
2025-09-18,1252666.4915123128,97541.56407671841,46425.608723360114,108699.31871223426
2025-09-19,1250572.8215720914,97541.56407671841,43837.54776265833,109193.70973271481
2025-09-22,1248201.465298876,97541.56407671841,41423.600899508456,109236.30032264907
2025-09-23,1248422.332585642,97541.56407671841,41445.348307489534,109435.42020143406
2025-09-24,1249716.4225947037,97541.56407671841,42601.655477199936,109573.20304078539
2025-09-25,1250754.8956292435,97541.56407671841,43643.14551933599,109570.18603318906
2025-09-26,1252113.2825114322,97541.56407671841,44970.96650961309,109600.7519251008
2025-09-29,1251498.8765853813,97541.56407671841,44114.98980010231,109842.32270856062
2025-09-30,1251672.7233301555,97541.56407671841,44265.267302502296,109865.89195093489
2025-10-01,1252940.4790974832,97541.56407671841,45785.460964886355,109613.45405587857
2025-10-02,1252951.98533621,97541.56407671841,45772.481207636185,109637.94005185552
2025-10-03,1253689.4964023903,97541.56407671841,46522.692526662606,109625.2397990094
2025-10-06,1256133.729150975,97541.56407671841,48865.71141918842,109726.45365506806
2025-10-07,1256900.438532619,97541.56407671841,49496.60108520114,109862.27337069949
2025-10-08,1259704.1259615412,97541.56407671841,52676.75721269357,109485.80467212922
2025-10-09,1259938.7135669945,97541.56407671841,52633.70981287584,109763.43967740028
2025-10-10,1253822.982736245,97541.56407671841,46577.60744407191,109703.81121545471
2025-10-13,1253748.119957075,97541.56407671841,46423.114272990846,109783.44160736585
2025-10-14,1253829.7321208068,97541.56407671841,46102.56805822218,110185.59998586611
2025-10-15,1254393.378771576,97541.56407671841,46651.26872760127,110200.54596725642
2025-10-16,1253649.928446745,97541.56407671841,46677.10147780704,109431.2628922197
2025-10-17,1253692.8597641878,97541.56407671841,46719.90890751593,109431.3867799535
2025-10-20,1254294.8164471264,97541.56407671841,46719.90890751593,110033.34346289211
2025-10-21,1254295.3339004111,97541.56407671841,46719.90890751593,110033.86091617681
2025-10-22,1254187.3498431703,97541.56407671841,46719.90890751593,109925.87685893592
2025-10-23,1253778.913849855,97541.56407671841,46719.90890751593,109517.44086562074
2025-10-24,1253670.618132076,97541.56407671841,46719.90890751593,109409.14514784166
2025-10-27,1254702.9503799537,97541.56407671841,46719.90890751593,110441.47739571938
2025-10-28,1256164.4552010696,97541.56407671841,46719.90890751593,111902.98221683525
2025-10-29,1255641.9961709355,97541.56407671841,46719.90890751593,111380.52318670112
2025-10-30,1255482.0062090727,97541.56407671841,46719.90890751593,111220.53322483832
2025-10-31,1255065.9771875192,97541.56407671841,46719.90890751593,110804.50420328486
2025-11-03,1255095.6128093859,97541.56407671841,46719.90890751593,110834.13982515153
2025-11-04,1257739.9131664168,97541.56407671841,46719.90890751593,113478.44018218247
2025-11-05,1256658.6138285596,97541.56407671841,46719.90890751593,112397.1408443253
2025-11-06,1255625.0223293523,97541.56407671841,46719.90890751593,111363.549345118
2025-11-07,1257251.8430155779,97541.56407671841,46719.90890751593,112990.37003134354
2025-11-10,1256777.966879207,97541.56407671841,46719.90890751593,112516.4938949726
2025-11-11,1257372.8722917892,97541.56407671841,46719.90890751593,113111.39930755482
2025-11-12,1257682.7705228361,97541.56407671841,46719.90890751593,113421.2975386018
2025-11-13,1259269.1537364612,97541.56407671841,46719.90890751593,115007.68075222685
2025-11-14,1260726.742916284,97541.56407671841,46719.90890751593,116465.26993204956
2025-11-17,1261611.554955204,97541.56407671841,46719.90890751593,117350.08197096968
2025-11-18,1260462.382760394,97541.56407671841,46719.90890751593,116200.90977615956
2025-11-19,1260154.6682017588,97541.56407671841,46719.90890751593,115893.19521752442
2025-11-20,1257433.4660629097,97541.56407671841,46719.90890751593,113171.99307867535
2025-11-21,1257574.836602853,97541.56407671841,46719.90890751593,113313.36361861858
2025-11-24,1257395.4178969446,97541.56407671841,46719.90890751593,113133.94491271023
2025-11-25,1257203.8616832301,97541.56407671841,46719.90890751593,112942.38869899581
2025-11-26,1256867.222845976,97541.56407671841,46719.90890751593,112605.74986174167
2025-11-28,1256701.6309254898,97541.56407671841,46719.90890751593,112440.15794125549
2025-12-01,1257375.5779071245,97541.56407671841,46719.90890751593,113114.1049228902
2025-12-02,1257402.859197913,97541.56407671841,46719.90890751593,113141.38621367863
2025-12-03,1257360.9270650374,97541.56407671841,46719.90890751593,113099.45408080309
2025-12-04,1257578.7855011872,97541.56407671841,46719.90890751593,113317.31251695286
2025-12-05,1256613.445846041,97541.56407671841,46719.90890751593,112351.97286180663
2025-12-08,1256485.9313007586,97541.56407671841,46719.90890751593,112224.45831652428
2025-12-09,1256126.992474641,97541.56407671841,46719.90890751593,111865.51949040662
2025-12-10,1255553.3308259726,97541.56407671841,46719.90890751593,111291.85784173827
2025-12-11,1256669.10706922,97541.56407671841,46719.90890751593,112407.63408498559
2025-12-12,1257956.0943224337,97541.56407671841,46719.90890751593,113694.62133819936
2025-12-15,1258793.347130881,97541.56407671841,46719.90890751593,114531.87414664659
2025-12-16,1259430.7505588431,97541.56407671841,46719.90890751593,115169.2775746088
2025-12-17,1258960.6023826967,97541.56407671841,46719.90890751593,114699.12939846236
2025-12-18,1258352.1677597447,97541.56407671841,46719.90890751593,114090.69477551035
2025-12-19,1258540.287015532,97541.56407671841,46719.90890751593,114278.81403129757
2025-12-22,1258111.94493576,97541.56407671841,46290.21312944533,114280.16772959614
2025-12-23,1257114.8756249598,97541.56407671841,45290.24505656434,114283.0664916772
2025-12-24,1256871.3595876503,97541.56407671841,45036.492919311975,114293.30259162001
2025-12-26,1256043.5693819309,97541.56407671841,44187.23929938197,114314.76600583037
2025-12-29,1255861.6168060168,97541.56407671841,43994.74990253302,114325.30282676523
2025-12-30,1255742.5597647238,97541.56407671841,43893.15549669508,114307.84019131027
2025-12-31,1255274.7082072394,97541.56407671841,43405.818601608975,114327.32552891201
2026-01-02,1257287.1097805614,97541.56407671841,45373.96671008039,114371.57899376261
2026-01-05,1256500.1779447896,97541.56407671841,44539.94851573184,114418.66535233939
2026-01-06,1257555.3233261884,97541.56407671841,45560.0546754899,114453.70457398007
2026-01-07,1258432.4266583612,97541.56407671841,46427.134256767924,114463.72832487477
2026-01-08,1258438.4819387814,97541.56407671841,46431.38303824118,114465.53482382186
2026-01-09,1260370.414981715,97541.56407671841,48375.05168427189,114453.79922072473
2026-01-12,1260278.703907606,97541.56407671841,48285.09083172935,114452.0489991582
2026-01-13,1265575.7568207337,97541.56407671841,53562.8347308205,114471.35801319475
2026-01-14,1266435.0005808088,97541.56407671841,54361.32255581184,114532.1139482786
2026-01-15,1267776.905369189,97541.56407671841,55798.99900337681,114436.34228909388
2026-01-16,1267755.384446085,97541.56407671841,55819.98522373475,114393.8351456318
2026-01-20,1265989.281227324,97541.56407671841,53331.52209109953,115116.19505950599
2026-01-21,1269089.0925830044,97541.56407671841,56084.23628419312,115463.29222209286
2026-01-22,1269573.2644262018,97541.56407671841,57285.62305394048,114746.07729554293
2026-01-23,1268096.420108084,97541.56407671841,55919.61356728757,114635.24246407812
2026-01-26,1265785.2928861233,97541.56407671841,52720.27155529475,115523.45725411014
2026-01-27,1267515.0901814273,97541.56407671841,54456.04922268959,115517.47688201931
2026-01-28,1267074.1108013222,97541.56407671841,54787.061800144846,114745.4849244589
2026-01-29,1267593.2720033152,97541.56407671841,56728.6871356559,113323.02079094085
2026-01-30,1266969.3875271855,97541.56407671841,56489.553137316136,112938.27031315095
2026-02-02,1268712.6018701612,97541.56407671841,57238.317125700414,113932.72066774243
2026-02-03,1265440.445372816,97541.56407671841,57194.210273727775,110704.67102236976
2026-02-04,1265240.7006497928,97541.56407671841,59646.57674406911,108052.55982900527
2026-02-05,1259945.9449991286,97541.56407671841,57395.861187797505,105008.51973461267
2026-02-06,1265192.1358279707,97541.56407671841,61561.97852751333,106088.59322373895
2026-02-09,1266963.9643797243,97541.56407671841,60993.00338419713,108429.39691880881
2026-02-10,1267895.9043262035,97541.56407671841,61213.31321822014,109141.02703126497
2026-02-11,1264299.03534123,97541.56407671841,61743.81548545137,105013.65577906021
2026-02-12,1260489.2394491723,97541.56407671841,60590.73030198971,102356.94507046416
2026-02-13,1261805.309872635,97541.56407671841,61189.7899721514,103073.95582376514
2026-02-17,1261028.6266900713,97541.56407671841,59082.93926323205,104404.12335012085
2026-02-18,1263244.149591201,97541.56407671841,59327.88556435751,106374.69995012507
2026-02-19,1262217.3102714608,97541.56407671841,59261.477403864264,105414.26879087812
2026-02-20,1262828.6312322996,97541.56407671841,59496.231811040314,105790.83534454089
2026-02-23,1262979.581646272,97541.56407671841,59496.231811040314,105941.78575851326
2026-02-24,1263079.150006038,97541.56407671841,59496.231811040314,106041.35411827918
2026-02-25,1262847.083732037,97541.56407671841,59496.231811040314,105809.28784427838
2026-02-26,1263172.935832524,97541.56407671841,59496.231811040314,106135.13994476525
2026-02-27,1263359.9741618782,97541.56407671841,59496.231811040314,106322.1782741195
2026-03-02,1263730.931522633,97541.56407671841,59496.231811040314,106693.13563487423
2026-03-03,1263760.9178448666,97541.56407671841,59496.231811040314,106723.12195710791
2026-03-04,1264040.1463332654,97541.56407671841,59496.231811040314,107002.35044550663
2026-03-05,1263515.2765277526,97541.56407671841,59496.231811040314,106477.48063999391
2026-03-06,1263493.0602939562,97541.56407671841,59496.231811040314,106455.26440619747
2026-03-09,1263938.6355677135,97541.56407671841,59496.231811040314,106900.8396799548
2026-03-10,1264175.0460224005,97541.56407671841,59496.231811040314,107137.25013464177
2026-03-11,1263608.5153350523,97541.56407671841,59496.231811040314,106570.71944729355
2026-03-12,1263706.9108661774,97541.56407671841,59496.231811040314,106669.11497841869
2026-03-13,1264287.6897502434,97541.56407671841,59496.231811040314,107249.89386248472
2026-03-16,1264768.4918621385,97541.56407671841,59496.231811040314,107730.69597437978
2026-03-17,1264765.0017521584,97541.56407671841,59496.231811040314,107727.20586439967
2026-03-18,1264114.1169808395,97541.56407671841,59496.231811040314,107076.3210930808
2026-03-19,1264695.6674707553,97541.56407671841,59496.231811040314,107657.87158299657
2026-03-20,1264708.3482834424,97541.56407671841,59496.231811040314,107670.55239568371
2026-03-23,1262994.191856821,95775.9690932997,59496.231811040314,107721.99095248105
2026-03-24,1264630.2020812968,97462.32197447214,59496.231811040314,107671.64829578437
2026-03-25,1264894.245908294,97719.43600621633,59496.231811040314,107678.57809103746
2026-03-26,1267751.5598487281,100492.55738811381,59496.231811040314,107762.770649574
2026-03-27,1268269.7417230154,101107.8191133854,59496.231811040314,107665.69079858973
2026-03-30,1269662.2772701206,102260.60835934151,59496.231811040314,107905.43709973875
2026-03-31,1271808.4445960792,104514.66812894703,59496.231811040314,107797.54465609184
2026-04-01,1271846.7253807813,104523.14688373101,59496.231811040314,107827.34668601002
2026-04-02,1272352.6430045208,105130.49028569227,59496.231811040314,107725.92090778821
2026-04-06,1271160.015438684,103869.58266663318,59496.231811040314,107794.20096101053
2026-04-07,1270020.4366099641,102739.26281908737,59496.231811040314,107784.94197983644
2026-04-08,1273003.769269655,105894.22091724607,59496.231811040314,107613.31654136861
2026-04-09,1274418.6678262365,107707.493461465,59496.231811040314,107214.94255373115
2026-04-10,1274409.3224290044,108043.39194482518,59496.231811040314,106869.69867313886
2026-04-13,1273151.6793066557,106400.59386863,59496.231811040314,107254.85362698534
2026-04-14,1274211.224842078,107807.12883699057,59496.231811040314,106907.86419404717
2026-04-15,1276845.822322102,110274.6962786552,59496.231811040314,107074.89423240651
2026-04-16,1276990.2913187766,110254.08889283752,59496.231811040314,107239.97061489872
2026-04-17,1280396.3103226176,112564.04600174166,59496.231811040314,108336.03250983567
2026-04-20,1278616.8967692764,112564.04600174166,56795.19750210154,109257.65326543315
2026-04-21,1279663.8538730915,112564.04600174166,57769.71499445941,109330.09287689044
2026-04-22,1283921.767588112,112564.04600174166,62391.02432140685,108966.69726496353
2026-04-23,1279955.6962801847,112564.04600174166,60358.52739057038,107033.12288787263
2026-04-24,1284162.7169667496,112564.04600174166,64898.789595780894,106699.88136922708
2026-04-27,1285032.0090849118,112564.04600174166,64204.19644418056,108263.76663898956
2026-04-28,1286553.1893738066,112564.04600174166,64570.467863642145,109418.67550842278
2026-04-29,1286775.9782269346,112564.04600174166,65545.1268751712,108666.80535002169
2026-04-30,1287549.7548525035,112564.04600174166,67916.89360939316,107068.81524136872
2026-05-01,1286959.2358476636,112564.04600174166,68307.3960247382,106087.79382118373
2026-05-04,1287230.6891325882,112564.04600174166,67173.30904335575,107493.3340874908
2026-05-05,1287583.6584787357,112564.04600174166,68871.8308294143,106147.78164757974
2026-05-06,1285249.5287275994,112564.04600174166,67767.86277571786,104917.6199501399
2026-05-07,1286456.0276198764,112564.04600174166,68088.55460708239,105803.42701105238
2026-05-08,1285140.1820187536,112564.04600174166,69588.5448876305,102987.59112938144
2026-05-11,1279997.767281165,112564.04600174166,68379.98740557674,99053.73387384671
2026-05-12,1284606.3668568134,112564.04600174166,68679.53441956779,103362.78643550398
2026-05-13,1281324.409096383,112564.04600174166,68683.30972963874,100077.05336500262
2026-05-14,1282058.3292288845,112564.04600174166,67800.07589733531,101694.20732980757
2026-05-15,1281491.6088378679,112564.04600174166,66036.73428280232,102890.82855332387
2026-05-18,1280234.7909302162,112564.04600174166,64555.21293351683,103115.53199495771
2026-05-19,1280227.0524185637,112564.04600174166,64462.50921304221,103200.49720377987
2026-05-20,1280694.9817398826,112564.04600174166,65013.59392874269,103117.34180939826
2026-05-21,1281011.1392921638,112564.04600174166,65221.53115752828,103225.56213289383
2026-05-22,1280199.139770749,112564.04600174166,65250.40271414793,102384.69105485943
2026-05-26,1280287.120843772,112564.04600174166,64741.1403220722,102981.93451995822
2026-05-27,1281837.289997301,112564.04600174166,66019.99727737159,103253.24671818782
2026-05-28,1282703.9272483843,112564.04600174166,67156.03423555708,102983.8470110856
2026-05-29,1281237.3650331509,112564.04600174166,70723.54508405318,97949.77394735604
2026-06-01,1281034.6143852724,112564.04600174166,73944.3530251137,94526.21535841702
2026-06-02,1283767.014840499,112564.04600174166,75009.85275486344,96193.11608389392
2026-06-03,1287036.7697650064,112564.04600174166,76568.89242966613,97903.83133359859
2026-06-04,1288947.1766593438,112564.04600174166,77943.63920846442,98439.49144913768
2026-06-05,1286446.5694042714,112564.04600174166,74428.61895811721,99453.90444441256
2026-06-08,1285740.9994538138,112564.04600174166,72803.98220114503,100372.97125092708
2026-06-09,1286358.5634934066,112564.04600174166,72818.39157315483,100976.12591851014
2026-06-10,1285521.7090673088,112564.04600174166,72330.34139038948,100627.32167517766
2026-06-11,1287981.205613913,112564.04600174166,75233.2678393072,100183.89177286415
2026-06-12,1289529.1400145937,112564.04600174166,76747.74386347854,100217.35014937352
2026-06-15,1290898.1498309127,112564.04600174166,77339.49893110478,100994.60489806626
2026-06-16,1290068.9183638012,112564.04600174166,76742.47522281227,100762.39713924727
2026-06-17,1284423.9265374267,112564.04600174166,71807.55478538317,100052.32575030182
2026-06-18,1288292.7667653672,112564.04600174166,75398.40669600363,100330.31406762195
2026-06-22,1286659.6773893307,112564.04600174166,73651.17504223762,100444.45634535141
2026-06-23,1284630.584931758,112564.04600174166,71793.5965430357,100272.94238698063
2026-06-24,1283770.9583262452,112564.04600174166,71106.66265481315,100100.24966969038
2026-06-25,1285329.653027231,112564.04600174166,72701.21686183475,100064.3901636547
2026-06-26,1287424.8601110568,112564.04600174166,75259.61623985996,99601.19786945521
2026-06-29,1287485.84107691,112564.04600174166,74623.63706488372,100298.15801028465
2026-06-30,1288964.8403750896,112564.04600174166,75710.27280809218,100690.52156525571
2026-07-01,1289712.1660324053,112564.04600174166,76738.05927904951,100410.06075161416
2026-07-02,1288807.730132331,112564.04600174166,76360.24134752434,99883.44278306491
2026-07-06,1288278.5455401544,112564.04600174166,75176.51364534209,100537.9858930707
2026-07-07,1288008.8417398555,112564.04600174166,75416.8828037763,100027.91293433751
2026-07-08,1287729.2327514435,112564.04600174166,74733.43064812385,100431.75610157801
2026-07-09,1289047.832873076,112564.04600174166,75576.4591345673,100907.32773676701
2026-07-10,1290685.2780399653,112564.04600174166,76938.00048108259,101183.23155714106
2026-07-13,1290355.590742689,112564.04600174166,76863.82643540413,100927.7183055433
2026-07-14,1291901.8391278961,112564.04600174166,77503.32374512451,101834.46938102995
2026-07-15,1293811.4204534793,112564.04600174166,78077.45614032284,103169.91831141477
2026-07-16,1292134.8800910986,112564.04600174166,76732.15689315926,102838.67719619768
2026-07-17,1290988.828592823,112564.04600174166,76455.7310791274,101969.05151195382
2026-07-20,1290339.4274776885,112564.04600174166,74683.81316272309,103091.56831322378
2026-07-21,1294064.0753867915,112564.04600174166,79393.88721454679,102106.14217050304
2026-07-22,1292157.6850016923,112564.04600174166,76898.48097754922,102695.15802240139
2026-07-23,1291282.888077001,112564.04600174166,76340.42205433757,102378.42002092185
2026-07-24,1288102.1102486309,112564.04600174166,71607.75947525701,103930.30477163219
2026-07-27,1289888.5481871273,112564.04600174166,70575.90719392989,106748.59499145579
2026-07-28,1291425.0130512137,112564.04600174166,72784.51007863414,106076.4569708379
2026-07-29,1292493.1270522794,112564.04600174166,74003.39910870232,105925.68194183544
2026-07-30,1290645.94217886,112564.04600174166,71257.3954959861,106824.50068113231
2026-07-31,1294612.425973459,112564.04600174166,74731.83729721233,107316.54267450492
2026-08-03,1294368.6261624969,112564.04600174166,73050.52080579544,108754.05935495975
2026-08-04,1290211.5570076779,112564.04600174166,69977.73797182529,107669.7730341109
2026-08-05,1290932.26567558,112564.04600174166,69670.64980688924,108697.569866949
2026-08-06,1291013.3453861068,112564.04600174166,70276.47257211711,108172.82681224798
2026-08-07,1291455.6004753022,112564.04600174166,71123.95284239273,107767.60163116781
2026-08-10,1290351.8340501674,112564.04600174166,69550.8674291044,108236.92061932129
2026-08-11,1289728.722519404,112564.04600174166,69404.85226075747,107759.82425690489
2026-08-12,1289601.0961897108,112564.04600174166,69096.46534522041,107940.5848427487
2026-08-13,1290844.1280767326,112564.04600174166,68325.12808271637,109954.95399227459
2026-08-14,1292220.7523886461,112564.04600174166,69034.26815744792,110622.43822945654
2026-08-17,1289997.5487492029,112564.04600174166,66220.97424335196,111212.52850410924
2026-08-18,1292249.2738657012,112564.04600174166,66449.00363719254,113236.22422676696
2026-08-19,1292010.7393777883,112564.04600174166,68676.13850304554,110770.55487300106
2026-08-20,1294667.6139344252,112564.04600174166,67951.8397172396,114151.7282154439
2026-08-21,1294556.0213381639,112564.04600174166,69366.88197060954,112625.09336581267
2026-08-24,1292702.3550200847,112564.04600174166,67429.78268066538,112708.52633767761
2026-08-25,1292362.9671607926,112564.04600174166,67088.47145364992,112710.44970540097
2026-08-26,1292089.9592188308,112564.04600174166,66782.77874694322,112743.13447014592
2026-08-27,1295036.229026636,112564.04600174166,69784.87521901238,112687.30780588207
2026-08-28,1296146.4691383326,112564.04600174166,70751.86226286273,112830.56087372825
2026-08-31,1295098.7717458918,112564.04600174166,69666.75151437009,112867.97422978003
2026-09-01,1294968.5269695364,112564.04600174166,69366.1637628479,113038.31720494688
2026-09-02,1295430.7696399207,112564.04600174166,69905.51847651717,112961.20516166184
2026-09-03,1295409.0418122618,112564.04600174166,69790.83081201673,113054.1649985034
2026-09-04,1296364.0383475837,112564.04600174166,70693.13574298075,113106.85660286131
2026-09-08,1294608.2134564093,112564.04600174166,68634.71945051267,113409.44800415495
2026-09-09,1294240.195640037,112564.04600174166,68206.1665194463,113469.98311884911
2026-09-10,1292447.87652747,112564.04600174166,66293.67348952265,113590.15703620575
2026-09-11,1294424.800668068,112564.04600174166,68350.45936815324,113510.29529817309
2026-09-14,1294893.9138344068,112564.04600174166,68660.0962622494,113669.7715704157
2026-09-15,1294655.1334585813,112564.04600174166,68481.94827258121,113609.13918425841
2026-09-16,1294779.203992475,112564.04600174166,68547.33759548375,113667.82039524964
2026-09-17,1297093.8851578827,112564.04600174166,70631.85180472769,113897.98735141335
2026-09-18,1297602.7643686312,112564.04600174166,70581.63623362617,114457.08213326335
2026-09-21,1296998.8833860331,112564.04600174166,69924.06701535173,114510.77036893973
2026-09-22,1299381.5079221742,112564.04600174166,72286.3100407701,114531.15187966242
2026-09-23,1300421.9762524613,112564.04600174166,73308.25628793356,114549.6739627861
2026-09-24,1301875.5092831561,112564.04600174166,74727.62321742997,114583.8400639845
2026-09-25,1299146.1517081656,112564.04600174166,71970.69907643343,114611.40662999055
2026-09-28,1297048.713992102,112564.04600174166,69779.64047003514,114705.02752032527
2026-09-29,1296590.6544463013,112564.04600174166,69281.97124967189,114744.63719488773
2026-09-30,1295792.4450970667,112564.04600174166,68506.71182745625,114721.68726786878
2026-10-01,1296634.1443061938,112564.04600174166,69348.47600949649,114721.62229495565
2026-10-02,1298612.9725540592,112564.04600174166,71154.09597630892,114894.83057600865
