Date,book_volpath,PW_volpath,CO_volpath,EV_volpath
2007-02-16,0.0,0.0,0.0,0.0
2007-02-20,-1174.4777825608617,0.0,-1192.9946937205968,18.516911159735173
2007-02-21,-952.2136546120746,0.0,-1003.1972620754968,50.98360746342223
2007-02-22,924.8457184184808,0.0,824.6012412614655,100.24447715701535
2007-02-23,590.8537022820674,0.0,622.0825183877023,-31.228816105634905
2007-02-26,655.62420836417,0.0,715.6425023145275,-60.018293950357474
2007-02-27,171.48346622823738,0.0,732.5184294931823,-561.034963264945
2007-02-28,326.94918313622475,0.0,740.8594764930895,-413.9102933568647
2007-03-01,-22.554991897079162,0.0,670.4433497744612,-692.9983416715404
2007-03-02,-376.8088878702838,0.0,540.956759302062,-917.7656471723458
2007-03-05,-282.41124306665733,0.0,507.51436488481704,-789.9256079514744
2007-03-06,-623.1159321945161,0.0,155.5494790240191,-778.6654112185352
2007-03-07,-209.88193413603585,0.0,484.4431393070845,-694.3250734431203
2007-03-08,-212.920371830347,0.0,540.317090978031,-753.237462808378
2007-03-09,-59.92564217373729,0.0,681.2267657116754,-741.1524078854127
2007-03-12,-677.8566958684241,0.0,122.71881839714479,-800.5755142655689
2007-03-13,-751.9155931785936,0.0,232.5825588409789,-984.4981520195724
2007-03-14,-1111.3062370818807,0.0,-183.10598609771114,-928.2002509841695
2007-03-15,-1276.4647635670844,0.0,-353.9375373352086,-922.5272262318758
2007-03-16,-1355.5784102035686,0.0,-403.95811772719026,-951.6202924763784
2007-03-19,-1385.700794299948,-1563.9472634277772,-1593.029942250345,1771.276411378174
2007-03-20,-687.9356886147289,-921.7255732385674,-1853.5840948126279,2087.3739794364665
2007-03-21,-5653.354226752883,-2481.7934923681896,-3711.911849729484,540.3511153447907
2007-03-22,-4355.532464053016,-2837.798781710677,-2190.8975421832874,673.1638598409481
2007-03-23,-5031.697114672046,-2476.5339736531023,-3366.730558869429,811.5674178504851
2007-03-26,-6149.221166411648,-2466.9950553615345,-4127.279937730287,445.0538266801741
2007-03-27,-4446.313795418129,-2862.89335381845,-2157.53321599809,574.1127743984107
2007-03-28,-6330.632476853789,-3582.4928797811735,-2661.942055396852,-86.1975416757632
2007-03-29,-7419.256563562085,-3404.354367819964,-3987.3814570712857,-27.52073867083527
2007-03-30,-6534.258517305134,-3829.6398778564762,-3385.181853989954,680.5632145412965
2007-04-02,-6641.556497474667,-3048.6562422808493,-3443.3561880519846,-149.54406714183278
2007-04-03,-3875.2060191389173,-2502.96322157525,-2120.9191319241654,748.676334360498
2007-04-04,-4141.477834206773,-1939.1567941745743,-3471.6393720258493,1269.3183319936506
2007-04-05,-4969.176458094385,-1972.882153563667,-4104.060041872668,1107.7657373419497
2007-04-09,-4798.906680312357,-1939.5179276777199,-4031.772735052975,1172.3839824183378
2007-04-10,-5218.159420499811,-2128.1423996471567,-3948.009893412702,857.9928725600475
2007-04-11,-3656.892773456173,-2401.2873433949426,-2822.1481740621384,1566.542744000908
2007-04-12,-3096.3110466036014,-2583.15436516935,-3085.266752308118,2572.110070873867
2007-04-13,-1510.6910991467303,-2126.1928251794307,-2172.9391170884483,2788.4408431211486
2007-04-16,-2685.0321561475284,-1592.3388432555366,-4235.656850326341,3142.963537434349
2007-04-17,-1371.2278574411757,-1501.1631559453672,-3472.16321855376,3602.0985170579515
2007-04-18,106.18600074877031,-1429.1407348458888,-2674.946126812487,4210.272862407146
2007-04-19,778.2561532283435,-1325.1510919382563,-1898.5609733395977,4001.9682185061974
2007-04-20,1301.3217338593677,-338.6232777017867,-2824.036018970539,4463.981030531693
2007-04-23,-289.11965377558954,-338.6232777017867,-4459.752191863954,4509.255815790151
2007-04-24,978.1444392326521,-338.6232777017867,-3225.293094382272,4542.060811316711
2007-04-25,1716.0599403120577,-338.6232777017867,-2666.551602966385,4721.234820980229
2007-04-26,1371.1647619790165,-338.6232777017867,-2770.6615579635836,4480.449597644387
2007-04-27,2126.281541778939,-338.6232777017867,-1900.5553065614076,4365.460126042133
2007-04-30,1591.051680741366,-338.6232777017867,-2469.5189690738916,4399.193927517044
2007-05-01,2188.1074533045758,-338.6232777017867,-1817.7841379905585,4344.514868996921
2007-05-02,1712.2895985870855,-338.6232777017867,-2338.14526176441,4389.058138053282
2007-05-03,1485.8345058378763,-338.6232777017867,-2610.9246022832813,4435.382385822944
2007-05-04,2256.450405401527,-338.6232777017867,-2130.4389344042866,4725.5126175076
2007-05-07,1307.5524137328612,-338.6232777017867,-3168.300865464378,4814.476556899026
2007-05-08,1118.082744107698,-338.6232777017867,-3212.116487264284,4668.822509073769
2007-05-09,1357.22279038548,-338.6232777017867,-2871.8780500474386,4567.724118134705
2007-05-10,2795.719995768741,-338.6232777017867,-1333.734591631568,4468.0778651020955
2007-05-11,3852.401690523722,-338.6232777017867,-409.0265083363047,4600.051476561814
2007-05-14,3520.8662192926276,-338.6232777017867,-769.0021133659175,4628.491610360332
2007-05-15,4342.556169111049,-338.6232777017867,-32.67360202479176,4713.853048837627
2007-05-16,5450.772910537897,-338.6232777017867,1152.7184673425509,4636.6777208971325
2007-05-17,6187.754668549984,-338.6232777017867,1877.3975416854955,4648.980404566275
2007-05-18,9712.293518821942,-338.6232777017867,5451.423655353137,4599.493141170591
2007-05-21,8852.490891068708,-1889.6233764289645,5451.423655353137,5290.690612144535
2007-05-22,9061.580661457032,-1681.5343736528885,5451.423655353137,5291.691379756783
2007-05-23,8813.831760748988,-1880.5861497779842,5451.423655353137,5242.994255173835
2007-05-24,8941.842381865717,-1615.2598488123622,5451.423655353137,5105.678575324942
2007-05-25,8790.621691210312,-2026.7363264393061,5451.423655353137,5365.934362296481
2007-05-29,8591.70447088161,-2363.2956788579468,5451.423655353137,5503.57649438642
2007-05-30,8617.607219479512,-2372.795020297286,5451.423655353137,5538.978584423661
2007-05-31,8565.988983710646,-2463.4153785856906,5451.423655353137,5577.980706943199
2007-06-01,8413.866772515234,-2600.425097703701,5451.423655353137,5562.868214865797
2007-06-04,9047.90268047736,-2067.3156623364193,5451.423655353137,5663.794687460642
2007-06-05,8462.960808378179,-2664.8617888857843,5451.423655353137,5676.398941910826
2007-06-06,6811.966917979415,-4197.305502573843,5451.423655353137,5557.84876520012
2007-06-07,2742.7237565169344,-7837.2242342546815,5451.423655353137,5128.524335418479
2007-06-08,5620.09236709855,-5318.496752550127,5451.423655353137,5487.16546429554
2007-06-11,5824.051346917986,-5324.695931493654,5451.423655353137,5697.323623058503
2007-06-12,3516.846334587666,-7508.32961245277,5451.423655353137,5573.752291687299
2007-06-13,6142.346042205929,-4998.937837545411,5451.423655353137,5689.860224398202
2007-06-14,6449.100584976375,-4666.046636948129,5451.423655353137,5663.723566571367
2007-06-15,4538.645766782574,-6385.603734488017,5451.423655353137,5472.825845917454
2007-06-18,5776.029015774489,-8245.332914614235,5451.423655353137,8569.938275035587
2007-06-19,5903.099668146693,-8464.637590497616,5451.423655353137,8916.313603291172
2007-06-20,3682.884510684409,-9803.191318256315,5451.423655353137,8034.652173587587
2007-06-21,3997.3321203425294,-9918.62117612001,5451.423655353137,8464.529641109402
2007-06-22,1134.1776483240537,-11347.034270774573,5451.423655353137,7029.7882637454895
2007-06-25,2352.8631754557136,-10940.677581131342,5451.423655353137,7842.117101233918
2007-06-26,4542.7054639769485,-9859.137695881655,5451.423655353137,8950.419504505466
2007-06-27,5321.173924228409,-9040.986718116095,5451.423655353137,8910.736986991367
2007-06-28,3647.854488284327,-9490.955995260156,5451.423655353137,7687.386828191346
2007-06-29,3718.0425511494977,-10300.629579271423,5451.423655353137,8567.248475067783
2007-07-02,7195.991456011077,-7686.014983029221,5451.423655353137,9430.582783687161
2007-07-03,8331.880594045273,-6787.341200009221,5451.423655353137,9667.798138701357
2007-07-05,8954.353482983308,-6405.469489242998,5451.423655353137,9908.399316873169
2007-07-06,8341.095488201128,-6292.510660187923,5451.423655353137,9182.182493035914
2007-07-09,9898.99023313052,-5766.481708668754,5451.423655353137,10214.048286446137
2007-07-10,5113.559613997466,-9569.07654190145,5451.423655353137,9231.212500545778
2007-07-11,7289.806466480717,-7775.323132243007,5451.423655353137,9613.705943370587
2007-07-12,10889.83992878371,-4808.480491564493,5451.423655353137,10246.896764995065
2007-07-13,11495.229042582563,-4192.185484443791,5451.423655353137,10235.990871673217
2007-07-16,12101.142132990994,-4383.116324705887,5451.423655353137,11032.834802343743
2007-07-17,12354.91015991068,-4329.94950809842,5451.423655353137,11233.436012655962
2007-07-18,12127.858189832768,-4394.328629474505,5451.423655353137,11070.763163954136
2007-07-19,11424.008725055843,-3594.917198125506,5451.423655353137,9567.502267828211
2007-07-20,10807.922049500514,-4686.652495010174,5451.423655353137,10043.15088915755
2007-07-23,9630.164242414641,-5722.995563419536,5131.975043367362,10221.184762466815
2007-07-24,8233.582975683617,-6280.974074129714,4628.173719331389,9886.383330481942
2007-07-25,8658.138286658796,-6084.010099250241,4858.650653043529,9883.497732865508
2007-07-26,5034.118953648023,-7175.240409615915,3406.746267620125,8802.613095643814
2007-07-27,-2897.6554594812915,-13945.425914558233,2671.943208621,8375.827246455941
2007-07-30,-6693.440005943412,-15439.312192096608,419.7900885522831,8326.082097600913
2007-07-31,-7204.05060623365,-17766.113870738074,2038.8191720515024,8523.244092452922
2007-08-01,-1369.161963124643,-12209.301219143439,1941.193632478593,8898.945623540203
2007-08-02,-5211.1158869169885,-15175.91858149448,899.564947653329,9065.237746924162
2007-08-03,-4127.697826869553,-15521.233230523532,2829.2690486701904,8564.266354983789
2007-08-06,1660.4600169517798,-10060.332491419045,2188.369785862509,9532.422722508316
2007-08-07,-4481.294620573986,-15595.671964116162,1657.9710322562605,9456.406311285915
2007-08-08,-6526.043113952503,-17041.145715253428,1475.732528399676,9039.370072901249
2007-08-09,-3844.1668828793336,-14779.310932610766,1732.2676268665818,9202.87642286485
2007-08-10,-711.1072652490111,-12132.059621572029,1777.7341728341999,9643.218183488818
2007-08-13,-3645.073723307578,-15046.234597344068,1293.6841686548432,10107.476705381647
2007-08-14,-6751.467672932078,-18542.774604438455,1790.2075902211946,10001.099341285182
2007-08-15,-5777.0086916127475,-17900.324911852018,2131.9842119908426,9991.332008248428
2007-08-16,-7043.086059172172,-19349.540687219123,2303.5541555392556,10002.900472507696
2007-08-17,-1865.353148599388,-14616.72270489973,1545.38577477308,11205.983781527262
2007-08-20,7652.553738443763,-15589.754022657406,1545.38577477308,21696.92198632809
2007-08-21,12190.731109157554,-13704.946236645104,1545.38577477308,24350.29157102958
2007-08-22,13314.712193444837,-14869.530028847279,1545.38577477308,26638.856447519036
2007-08-23,12712.767380999052,-17090.927195663447,1545.38577477308,28258.30880188942
2007-08-24,12748.18044365046,-17813.135084153735,1545.38577477308,29015.929753031116
2007-08-27,12629.627788954065,-17048.80107332731,1545.38577477308,28133.043087508297
2007-08-28,7731.777951582568,-16493.540952577838,1545.38577477308,22679.933129387326
2007-08-29,12138.300152472453,-16895.562644690857,1545.38577477308,27488.47702239023
2007-08-30,11643.74097538041,-16601.811595134903,1545.38577477308,26700.166795742232
2007-08-31,13619.30970067659,-16833.53489881393,1545.38577477308,28907.45882471744
2007-09-04,15581.909188613412,-16472.168176998268,1545.38577477308,30508.6915908386
2007-09-05,16055.835454682936,-15991.299258405576,1545.38577477308,30501.74893831543
2007-09-06,16713.31138926628,-15933.153129881597,1545.38577477308,31101.078744374798
2007-09-07,17064.84922148101,-15025.919717029552,1545.38577477308,30545.383163737482
2007-09-10,19234.756206306163,-14583.955628992058,1545.38577477308,32273.32606052514
2007-09-11,20302.50544992287,-14548.399111015722,1545.38577477308,33305.518786165514
2007-09-12,20894.013150945073,-14624.34845905553,1545.38577477308,33972.975835227524
2007-09-13,20376.621839431347,-14895.27329014428,1545.38577477308,33726.50935480255
2007-09-14,21295.222784726997,-14441.728441365995,1545.38577477308,34191.56545131991
2007-09-17,25060.530535747646,-14440.89654372132,1545.38577477308,37956.041304695886
2007-09-18,24035.290099245845,-14253.235793427215,1545.38577477308,36743.14011789998
2007-09-19,21606.870919499546,-14435.511127832695,1545.38577477308,34496.99627255916
2007-09-20,20683.729248795193,-16040.939517215942,1545.38577477308,35179.282991238055
2007-09-21,18094.605283701094,-16815.895095698652,1545.38577477308,33365.114604626666
2007-09-24,18383.535533785238,-16702.140318478923,1545.38577477308,33540.29007749108
2007-09-25,19322.63370349421,-15788.772105267388,1545.38577477308,33566.02003398852
2007-09-26,19594.71863806504,-15578.582157392986,1545.38577477308,33627.915020684944
2007-09-27,19167.420610203175,-15992.597260442446,1545.38577477308,33614.63209587254
2007-09-28,18958.076953178388,-16267.705210122745,1545.38577477308,33680.396388528054
2007-10-01,18499.754777869093,-16814.126827075495,1545.38577477308,33768.49583017151
2007-10-02,19029.37162825209,-16177.260019958834,1545.38577477308,33661.245873437845
2007-10-03,19323.55536845175,-15869.593437717529,1545.38577477308,33647.7630313962
2007-10-04,19515.364114925964,-15596.9830025197,1545.38577477308,33566.961342672585
2007-10-05,17958.97636439011,-16995.417787196464,1545.38577477308,33409.008376813494
2007-10-08,18193.3662181471,-16899.771234305692,1545.38577477308,33547.75167767971
2007-10-09,18566.89849959372,-16488.50748280424,1545.38577477308,33510.02020762488
2007-10-10,19387.0797306929,-15839.571440409403,1545.38577477308,33681.265396329225
2007-10-11,19208.76866020495,-16004.654220937984,1545.38577477308,33668.037106369855
2007-10-12,19078.514253943227,-16154.431868868414,1545.38577477308,33687.56034803856
2007-10-15,18733.343241641764,-16647.64504647709,1545.38577477308,33835.60251334577
2007-10-16,18746.20557390002,-16241.74409946287,1545.38577477308,33442.56389858981
2007-10-17,19151.997404805967,-15606.253626731923,1545.38577477308,33212.86525676481
2007-10-18,19344.490073166555,-15149.619868461625,1545.38577477308,32948.7241668551
2007-10-19,13596.601906438242,-20638.415000681067,1545.38577477308,32689.63113234623
2007-10-22,14039.125277273823,-20670.814584620646,1545.38577477308,33164.55408712139
2007-10-23,14523.028857626603,-20402.639047337114,1545.38577477308,33380.28213019064
2007-10-24,14196.760399149382,-20642.508747783722,1545.38577477308,33293.883372160024
2007-10-25,14197.65094102372,-20406.83475045429,1545.38577477308,33059.09991670493
2007-10-26,13564.05349102011,-20412.601083966787,1545.38577477308,32431.268800213817
2007-10-29,13664.6183102082,-20802.820454496425,1545.38577477308,32922.052989931544
2007-10-30,12987.666625408689,-21248.911229015328,1545.38577477308,32691.192079650937
2007-10-31,14817.54026945238,-19431.274966954952,1545.38577477308,32703.429461634252
2007-11-01,10828.828947252943,-22485.334275983972,1545.38577477308,31768.777448463836
2007-11-02,12916.901787294075,-20156.665053286124,1545.38577477308,31528.18106580712
2007-11-05,12339.236260730657,-20768.557305906666,1545.38577477308,31562.407791864243
2007-11-06,15000.924948207452,-18294.063331639045,1545.38577477308,31749.602505073417
2007-11-07,7318.293971013627,-25144.93269332708,1545.38577477308,30917.840889567626
2007-11-08,10311.980110995006,-22141.34808990569,1545.38577477308,30907.942426127614
2007-11-09,7568.6423054119805,-25178.677051095874,1545.38577477308,31201.933581734775
2007-11-12,6386.473058835021,-26707.266927165678,1545.38577477308,31548.35421122762
2007-11-13,13500.810582217644,-20191.188850093284,1545.38577477308,32146.613657537848
2007-11-14,11257.053577289218,-22612.016856128932,1545.38577477308,32323.68465864507
2007-11-15,10779.774680710165,-22388.23653096077,1545.38577477308,31622.625436897855
2007-11-16,18726.83495039062,-13978.378533928772,1545.38577477308,31159.827709546313
2007-11-19,21758.19253068848,-12475.557972822338,1545.38577477308,32688.36472873774
2007-11-20,21025.97040863661,-14052.042095200508,1545.38577477308,33532.62672906404
2007-11-21,23542.784265171387,-9816.677656512707,1545.38577477308,31814.076146911015
2007-11-23,22603.75694149232,-12136.377585148206,1545.38577477308,33194.748751867446
2007-11-26,24644.059883466573,-8717.837937186472,1545.38577477308,31816.512045879965
2007-11-27,25357.326846526354,-9196.17274013965,1545.38577477308,33008.11381189292
2007-11-28,20381.237865835312,-14049.786650083843,1545.38577477308,32885.638741146075
2007-11-29,21105.005852480186,-13886.395252430462,1545.38577477308,33446.01533013757
2007-11-30,19295.822936059674,-15353.57109071,1545.38577477308,33104.008251996594
2007-12-03,21102.533385981224,-14477.33246098645,1545.38577477308,34034.480072194594
2007-12-04,21393.837650934933,-14038.715467418311,1545.38577477308,33887.167343580164
2007-12-05,21422.340732488316,-14443.783091911231,1545.38577477308,34320.73804962647
2007-12-06,21812.483649785165,-14854.08804639941,1545.38577477308,35121.185921411496
2007-12-07,22489.748827938805,-14290.269034478231,1545.38577477308,35234.63208764396
2007-12-10,21744.151075600297,-14903.12350370828,1545.38577477308,35101.8888045355
2007-12-11,19874.221252385178,-15787.322457244969,1545.38577477308,34116.15793485707
2007-12-12,22807.584267020924,-13969.972986751585,1545.38577477308,35232.17147899943
2007-12-13,23056.9566823903,-13433.445522525697,1545.38577477308,34945.01643014292
2007-12-14,22330.474749178393,-13305.492367321276,1545.38577477308,34090.58134172659
2007-12-17,20400.52646592108,-14576.497515523923,1545.38577477308,33431.63820667192
2007-12-18,20853.201525494573,-14365.204869469278,1545.38577477308,33673.02062019077
2007-12-19,20670.311340342974,-14944.709033552208,1545.38577477308,34069.6345991221
2007-12-20,19763.775801142212,-15339.070310841664,1545.38577477308,33557.460337210796
2007-12-21,20467.883901299327,-13573.950496172416,1545.38577477308,32496.448622698663
2007-12-24,18815.391226114705,-15559.639565919293,1545.38577477308,32829.64501726092
2007-12-26,18628.51319925848,-15741.808987612138,1545.38577477308,32824.93641209754
2007-12-27,19142.168861984042,-15204.916066771257,1545.38577477308,32801.69915398222
2007-12-28,18323.671663696296,-16075.353544154204,1545.38577477308,32853.63943307742
2007-12-31,18526.884347162442,-15888.123587356182,1545.38577477308,32869.622159745544
2008-01-02,18836.723163010087,-15508.303768096259,1545.38577477308,32799.641156333266
2008-01-03,20045.80498843966,-14244.921544863959,1545.38577477308,32745.34075853054
2008-01-04,19003.42789540463,-15124.588998297928,1545.38577477308,32582.63111892948
2008-01-07,22030.153617442935,-12189.394374136464,1545.38577477308,32674.16221680632
2008-01-08,19333.74930637458,-14584.759750354337,1545.38577477308,32373.123281955835
2008-01-09,21464.326296010287,-12534.72463722399,1545.38577477308,32453.665158461197
2008-01-10,21161.977403305937,-13029.918759692577,1545.38577477308,32646.510388225433
2008-01-11,20439.461281921016,-13884.635072336532,1545.38577477308,32778.71057948447
2008-01-14,20190.824010715703,-14124.808647845755,1545.38577477308,32770.24688378838
2008-01-15,16158.375497396337,-17830.527744584717,1545.38577477308,32443.517467207974
2008-01-16,19370.46098082955,-14947.32598444703,1545.38577477308,32772.4011905035
2008-01-17,18857.720118535915,-15294.485320432228,1545.38577477308,32606.819664195064
2008-01-18,28544.606823554146,-5493.170658523217,1545.38577477308,32492.391707304283
2008-01-22,25491.04923920601,-8018.544473578455,1545.38577477308,31964.207938011386
2008-01-23,27996.226575896493,-4574.13943905558,1545.38577477308,31024.980240178993
2008-01-24,24027.03083856718,-8621.082663111854,1545.38577477308,31102.727726905956
2008-01-25,24139.374450318166,-9512.414260474732,1545.38577477308,32106.40293601982
2008-01-28,24416.86768308282,-8664.790580074303,1545.38577477308,31536.272488384042
2008-01-29,24367.670800002175,-8827.48104037263,1545.38577477308,31649.766065601725
2008-01-30,24223.801219107583,-8738.170057118754,1545.38577477308,31416.585501453257
2008-01-31,29840.046802666853,-2873.890253730584,1545.38577477308,31168.551281624357
2008-02-01,24221.46401074319,-7189.510958789149,1545.38577477308,29865.58919475926
2008-02-04,26707.837346566608,-6891.01683043316,1545.38577477308,32053.46840222669
2008-02-05,25167.58467600087,-8924.020196797093,1545.38577477308,32546.219098024885
2008-02-06,25064.122108072042,-8853.311577904155,1545.38577477308,32372.047911203117
2008-02-07,27255.880787512404,-6891.799846397946,1545.38577477308,32602.29485913727
2008-02-08,28089.063279698836,-7053.633301915252,1545.38577477308,33597.31080684101
2008-02-11,31225.00039844052,-4234.436730411486,1545.38577477308,33914.051354078925
2008-02-12,31575.14807409863,-3706.8952183027286,1545.38577477308,33736.65751762828
2008-02-13,31944.95132941543,-2726.11595403892,1545.38577477308,33125.68150868127
2008-02-14,32621.895129051525,-3248.3029930121265,1545.38577477308,34324.81234729057
2008-02-15,34877.731698340736,-1702.8844768889248,1545.38577477308,35035.23040045658
2008-02-19,34738.07508966839,-3614.4270296520554,1545.38577477308,36807.116344547365
2008-02-20,33837.39973961364,-4789.234693125822,1545.38577477308,37081.24865796638
2008-02-21,33562.8183186407,-5180.193334421958,1545.38577477308,37197.625878289575
2008-02-22,34142.525104402564,-5011.370279035182,1545.38577477308,37608.509608664666
2008-02-25,34506.490399444476,-5209.803161087446,1545.38577477308,38170.90778575884
2008-02-26,34358.39950213453,-5562.372688385542,1545.38577477308,38375.386415746994
2008-02-27,35153.42374457407,-4928.693757583969,1545.38577477308,38536.73172738496
2008-02-28,35477.20701409527,-4413.051839852938,1545.38577477308,38344.87307917513
2008-02-29,34101.741395925055,-4694.539214493125,1545.38577477308,37250.8948356451
2008-03-03,35891.79859044228,-3044.6205765199848,1545.38577477308,37391.03339218919
2008-03-04,37667.89821887342,-1631.087154865265,1545.38577477308,37753.59959896561
2008-03-05,37758.223887734,-1602.576370042283,1545.38577477308,37815.4144830032
2008-03-06,36877.56561418483,-1978.4494425018784,1545.38577477308,37310.62928191363
2008-03-07,37763.644080749946,-1165.390549866599,1545.38577477308,37383.648855843465
2008-03-10,36964.640203863615,-1636.1660714901518,1545.38577477308,37055.42050058069
2008-03-11,33670.98312691541,-3478.9674594780663,1545.38577477308,35604.564811620396
2008-03-12,35339.72258738254,-1671.9612548246514,1545.38577477308,35466.29806743411
2008-03-13,36087.4640571028,-794.881994347088,1545.38577477308,35336.96027667681
2008-03-14,31466.95634643419,-5187.409364386927,1545.38577477308,35108.97993604804
2008-03-17,37037.65590659459,214.92106932518072,1545.38577477308,35277.34906249633
2008-03-18,35666.63250367204,-840.8257684096461,1545.38577477308,34962.0724973086
2008-03-19,45559.586448513786,7641.551047810237,1545.38577477308,36372.64962593047
2008-03-20,48492.89280215558,10802.213615821442,1545.38577477308,36145.293411561055
2008-03-24,45925.49179724266,8208.515075440635,1545.38577477308,36171.59094702895
2008-03-25,46449.796380077256,8650.737745471997,1545.38577477308,36253.67285983218
2008-03-26,48448.349688689574,10635.258122551488,1545.38577477308,36267.705791365006
2008-03-27,52627.320092632086,14602.600812497665,1545.38577477308,36479.33350536134
2008-03-28,54513.732398308115,16430.204549000133,1545.38577477308,36538.1420745349
2008-03-31,55446.71217943367,17311.0044092295,1545.38577477308,36590.32199543109
2008-04-01,53724.86035006249,15565.894002529327,1545.38577477308,36613.58057276008
2008-04-02,54104.97421717062,15833.906131245778,1545.38577477308,36725.68231115176
2008-04-03,52528.46190479642,14156.55881136912,1545.38577477308,36826.51731865422
2008-04-04,51320.53402639262,12932.192612778977,1545.38577477308,36842.95563884056
2008-04-07,50352.00309170887,11840.34039371938,1545.38577477308,36966.276923216414
2008-04-08,50616.62654432224,12104.57336349436,1545.38577477308,36966.667406054796
2008-04-09,51240.96020856791,12650.199553137296,1545.38577477308,37045.37488065753
2008-04-10,51013.76259324653,12353.745748576475,1545.38577477308,37114.631069896976
2008-04-11,54479.74479067023,15899.363282541046,1545.38577477308,37034.9957333561
2008-04-14,54292.670397785725,15609.152531106956,1545.38577477308,37138.13209190569
2008-04-15,53519.410192778916,14777.145570382127,1545.38577477308,37196.87884762371
2008-04-16,51703.316205689334,13362.77413365664,1545.38577477308,36795.156297259615
2008-04-17,51908.86382389988,13740.114613586687,1545.38577477308,36623.363435540115
2008-04-18,48315.51601928414,11230.202558235731,1545.38577477308,35539.92768627533
2008-04-21,48184.832308693905,11230.202558235731,1545.38577477308,35409.243975685094
2008-04-22,48575.4901445579,11230.202558235731,1545.38577477308,35799.90181154909
2008-04-23,48630.31080401188,11230.202558235731,1545.38577477308,35854.72247100307
2008-04-24,48881.74790976045,11230.202558235731,1545.38577477308,36106.15957675164
2008-04-25,49360.246810110286,11230.202558235731,1545.38577477308,36584.658477101475
2008-04-28,49654.96479572798,11230.202558235731,1545.38577477308,36879.37646271917
2008-04-29,49822.584598357906,11230.202558235731,1545.38577477308,37046.996265349095
2008-04-30,49769.949161524884,11230.202558235731,1545.38577477308,36994.36082851607
2008-05-01,50129.95434497681,11230.202558235731,1545.38577477308,37354.366011968
2008-05-02,50369.75461051159,11230.202558235731,1545.38577477308,37594.16627750278
2008-05-05,50657.19527214416,11230.202558235731,1545.38577477308,37881.60693913535
2008-05-06,50800.783347959165,11230.202558235731,1545.38577477308,38025.195014950354
2008-05-07,50718.929760134895,11230.202558235731,1545.38577477308,37943.341427126084
2008-05-08,50685.30157671601,11230.202558235731,1545.38577477308,37909.7132437072
2008-05-09,50507.03475811938,11230.202558235731,1545.38577477308,37731.44642511057
2008-05-12,50904.804852286936,11230.202558235731,1545.38577477308,38129.216519278125
2008-05-13,50869.75769929064,11230.202558235731,1545.38577477308,38094.16936628183
2008-05-14,50624.04928182904,11230.202558235731,1545.38577477308,37848.460948820226
2008-05-15,50422.39903214655,11230.202558235731,1545.38577477308,37646.81069913774
2008-05-16,50039.51183474925,11230.202558235731,1545.38577477308,37263.92350174044
2008-05-19,52121.957059645094,11230.202558235731,1545.38577477308,39346.36872663628
2008-05-20,51859.26214177371,11230.202558235731,1545.38577477308,39083.6738087649
2008-05-21,50872.243406383786,11230.202558235731,1545.38577477308,38096.655073374975
2008-05-22,51248.28875594307,11230.202558235731,1545.38577477308,38472.70042293426
2008-05-23,50824.99921878218,11230.202558235731,1545.38577477308,38049.410885773366
2008-05-27,51405.52096102724,11230.202558235731,1545.38577477308,38629.93262801843
2008-05-28,51715.59558482084,11230.202558235731,1545.38577477308,38940.00725181203
2008-05-29,52303.05018858402,11230.202558235731,1545.38577477308,39527.46185557521
2008-05-30,52297.50286284997,11230.202558235731,1545.38577477308,39521.91452984116
2008-06-02,52489.594767377945,11230.202558235731,1545.38577477308,39714.006434369134
2008-06-03,52807.09031438315,11230.202558235731,1545.38577477308,40031.50198137434
2008-06-04,52760.86031031993,11230.202558235731,1545.38577477308,39985.27197731112
2008-06-05,52894.513673239155,11230.202558235731,1545.38577477308,40118.925340230344
2008-06-06,52353.342118915636,11230.202558235731,1545.38577477308,39577.753785906825
2008-06-09,52160.572021551896,11230.202558235731,1545.38577477308,39384.983688543085
2008-06-10,52900.90318300214,11230.202558235731,1545.38577477308,40125.31484999333
2008-06-11,52241.147452356294,11230.202558235731,1545.38577477308,39465.55911934748
2008-06-12,52667.048001308576,11230.202558235731,1545.38577477308,39891.459668299765
2008-06-13,53368.8893823449,11230.202558235731,1545.38577477308,40593.30104933609
2008-06-16,53958.770712008234,11230.202558235731,1545.38577477308,41183.18237899942
2008-06-17,53445.94758651056,11230.202558235731,1545.38577477308,40670.35925350175
2008-06-18,52831.8874955934,11230.202558235731,1545.38577477308,40056.29916258459
2008-06-19,52211.45225060906,11230.202558235731,1545.38577477308,39435.86391760025
2008-06-20,50643.14433455467,11230.202558235731,1545.38577477308,37867.55600154586
2008-06-23,50615.49704944948,11230.202558235731,1545.38577477308,37839.90871644067
2008-06-24,50984.3561553458,11230.202558235731,1545.38577477308,38208.76782233699
2008-06-25,51179.48432161845,11230.202558235731,1545.38577477308,38403.89598860964
2008-06-26,51269.87792999251,11230.202558235731,1545.38577477308,38494.2895969837
2008-06-27,51075.615184562164,11230.202558235731,1545.38577477308,38300.02685155335
2008-06-30,50819.27080564271,11230.202558235731,1545.38577477308,38043.6824726339
2008-07-01,51035.46037118393,11230.202558235731,1545.38577477308,38259.87203817512
2008-07-02,50697.827429487836,11230.202558235731,1545.38577477308,37922.239096479025
2008-07-03,50651.07381619606,11230.202558235731,1545.38577477308,37875.48548318725
2008-07-07,50440.20764417481,11230.202558235731,1545.38577477308,37664.619311165996
2008-07-08,51377.67253383086,11230.202558235731,1545.38577477308,38602.08420082205
2008-07-09,50628.57281403523,11230.202558235731,1545.38577477308,37852.98448102642
2008-07-10,51051.18360840611,11230.202558235731,1545.38577477308,38275.595275397296
2008-07-11,51303.91110470402,11230.202558235731,1545.38577477308,38528.32277169521
2008-07-14,50678.617132133804,11230.202558235731,1545.38577477308,37903.02879912499
2008-07-15,50630.78437733429,11230.202558235731,1545.38577477308,37855.19604432548
2008-07-16,52236.383582146955,11230.202558235731,1545.38577477308,39460.795249138144
2008-07-17,52247.96863752394,11230.202558235731,1545.38577477308,39472.38030451513
2008-07-18,53074.3236025644,11230.202558235731,1545.38577477308,40298.73526955559
2008-07-21,53443.16949602112,11230.202558235731,1545.38577477308,40667.581163012306
2008-07-22,53389.070227946155,11230.202558235731,1545.38577477308,40613.481894937344
2008-07-23,53072.9571827288,11230.202558235731,1545.38577477308,40297.36884971999
2008-07-24,53331.16931001074,11230.202558235731,1545.38577477308,40555.580977001926
2008-07-25,53707.530057318974,11230.202558235731,1545.38577477308,40931.94172431016
2008-07-28,53551.89042142057,11230.202558235731,1545.38577477308,40776.30208841176
2008-07-29,54495.24876773544,11230.202558235731,1545.38577477308,41719.660434726626
2008-07-30,54721.42448910477,11230.202558235731,1545.38577477308,41945.83615609596
2008-07-31,54793.223435308784,11230.202558235731,1545.38577477308,42017.63510229997
2008-08-01,54967.109996314044,11230.202558235731,1545.38577477308,42191.52166330523
2008-08-04,54881.2528143283,11230.202558235731,1545.38577477308,42105.66448131949
2008-08-05,54013.150617594365,11230.202558235731,1545.38577477308,41237.562284585554
2008-08-06,54723.747592061874,11230.202558235731,1545.38577477308,41948.15925905306
2008-08-07,54596.940254344605,11230.202558235731,1545.38577477308,41821.351921335794
2008-08-08,53584.11094305955,11230.202558235731,1545.38577477308,40808.52261005074
2008-08-11,53628.472061605076,11230.202558235731,1545.38577477308,40852.883728596265
2008-08-12,54537.49155575875,11230.202558235731,1545.38577477308,41761.90322274994
2008-08-13,55490.90629960562,11230.202558235731,1545.38577477308,42715.317966596805
2008-08-14,55521.09223251697,11230.202558235731,1545.38577477308,42745.503899508156
2008-08-15,55633.39339468221,11230.202558235731,1545.38577477308,42857.805061673396
2008-08-18,57316.232831561356,11230.202558235731,1545.38577477308,44540.644498552545
2008-08-19,56652.95053965994,11230.202558235731,1545.38577477308,43877.36220665113
2008-08-20,56764.31231583457,11230.202558235731,1545.38577477308,43988.72398282576
2008-08-21,56911.6147409823,11230.202558235731,1545.38577477308,44136.02640797349
2008-08-22,57883.94888280064,11230.202558235731,1545.38577477308,45108.36054979183
2008-08-25,57245.01415616891,11230.202558235731,1545.38577477308,44469.4258231601
2008-08-26,57493.276370584616,11230.202558235731,1545.38577477308,44717.688037575805
2008-08-27,57943.584829988074,11230.202558235731,1545.38577477308,45167.99649697926
2008-08-28,58089.126579365926,11230.202558235731,1545.38577477308,45313.538246357115
2008-08-29,58359.74255181104,11230.202558235731,1545.38577477308,45584.15421880223
2008-09-02,58008.78452333587,11230.202558235731,1545.38577477308,45233.19619032706
2008-09-03,57478.9689579258,11230.202558235731,1545.38577477308,44703.38062491699
2008-09-04,56672.08598753507,11230.202558235731,1545.38577477308,43896.49765452626
2008-09-05,56034.42516893882,11230.202558235731,1545.38577477308,43258.83683593001
2008-09-08,55595.9427274185,11230.202558235731,1545.38577477308,42820.35439440969
2008-09-09,55020.06071508175,11230.202558235731,1545.38577477308,42244.47238207294
2008-09-10,55822.994476519525,11230.202558235731,1545.38577477308,43047.406143510714
2008-09-11,56312.74937945802,11230.202558235731,1545.38577477308,43537.16104644921
2008-09-12,57311.04070631298,11230.202558235731,1545.38577477308,44535.45237330417
2008-09-15,54097.101081461995,11230.202558235731,1545.38577477308,41321.512748453184
2008-09-16,53321.68622827565,11230.202558235731,1545.38577477308,40546.09789526684
2008-09-17,50347.43742352829,11230.202558235731,1545.38577477308,37571.84909051948
2008-09-18,52156.62502329843,11230.202558235731,1545.38577477308,39381.03669028962
2008-09-19,53802.08848387725,11230.202558235731,1545.38577477308,41026.500150868436
2008-09-22,54380.62724046351,11230.202558235731,1545.38577477308,41605.0389074547
2008-09-23,54138.76715254807,11230.202558235731,1545.38577477308,41363.17881953926
2008-09-24,54514.0478223681,11230.202558235731,1545.38577477308,41738.45948935929
2008-09-25,57268.80133680371,11230.202558235731,1545.38577477308,44493.213003794895
2008-09-26,56482.31531107391,11230.202558235731,1545.38577477308,43706.7269780651
2008-09-29,47034.0927425992,11230.202558235731,1545.38577477308,34258.50440959039
2008-09-30,55946.41755130072,11230.202558235731,1545.38577477308,43170.82921829191
2008-10-01,54862.279838287504,11230.202558235731,1545.38577477308,42086.69150527869
2008-10-02,52826.255987707176,11230.202558235731,1545.38577477308,40050.667654698365
2008-10-03,53287.229392905254,11230.202558235731,1545.38577477308,40511.64105989644
2008-10-06,53368.503834875766,11230.202558235731,1545.38577477308,40592.915501866955
2008-10-07,49369.207536857226,11230.202558235731,1545.38577477308,36593.619203848415
2008-10-08,50410.06133198505,11230.202558235731,1545.38577477308,37634.47299897624
2008-10-09,44205.05430220382,11230.202558235731,1545.38577477308,31429.465969195007
2008-10-10,46159.30348257837,11230.202558235731,1545.38577477308,33383.71514956956
2008-10-13,46786.36572712206,11230.202558235731,1545.38577477308,34010.77739411325
2008-10-14,50010.545690512634,11230.202558235731,1545.38577477308,37234.95735750382
2008-10-15,51092.93842846749,11230.202558235731,1545.38577477308,38317.35009545868
2008-10-16,49244.16302945558,11230.202558235731,1545.38577477308,36468.57469644677
2008-10-17,48390.88929210766,11230.202558235731,1545.38577477308,35615.30095909885
2008-10-20,56596.63006901543,8358.20018224197,1545.38577477308,46693.04411200038
2008-10-21,62373.00629478786,11007.677495900309,1545.38577477308,49819.94302411447
2008-10-22,55184.7824593205,12854.157392600202,1545.38577477308,40785.23929194722
2008-10-23,57823.88209750177,16716.741755395313,1545.38577477308,39561.75456733338
2008-10-24,51307.77169368509,14862.831027284032,1545.38577477308,34899.55489162798
2008-10-27,55146.83375552797,19639.08796043787,1545.38577477308,33962.36002031702
2008-10-28,59554.23138657049,16104.742323337588,1545.38577477308,41904.103288459824
2008-10-29,54889.92670884414,10472.80301290052,1545.38577477308,42871.73792117054
2008-10-30,56398.332500768476,13353.026466515847,1545.38577477308,41499.92025947955
2008-10-31,65224.21903231263,17400.679667112767,1545.38577477308,46278.15359042678
2008-11-03,72591.44394836063,19255.62787025445,1545.38577477308,51790.430303333094
2008-11-04,78936.74966638256,20806.6851441022,1545.38577477308,56584.67874750728
2008-11-05,76790.62974334357,19121.822923671803,1545.38577477308,56123.421044898685
2008-11-06,63810.3044731078,15546.502723575337,1545.38577477308,46718.41597475938
2008-11-07,75188.13750196248,19875.01423646626,1545.38577477308,53767.73749072314
2008-11-10,72790.12460837548,18283.5969143993,1545.38577477308,52961.1419192031
2008-11-11,70255.87307946198,17157.833709042752,1545.38577477308,51552.653595646145
2008-11-12,56203.50788923097,11841.913600458996,1545.38577477308,42816.20851399889
2008-11-13,75063.85272306518,23440.842672228464,1545.38577477308,50077.62427606364
2008-11-14,66837.32044946402,18834.16594384215,1545.38577477308,46457.768730848795
2008-11-17,61810.84470423625,13302.063727957313,1545.38577477308,46963.39520150586
2008-11-18,64038.92309795658,16613.233855708968,1545.38577477308,45880.30346747453
2008-11-19,55980.30327374942,14028.107865053345,1545.38577477308,40406.809633922996
2008-11-20,26877.52037996042,-4586.916616836563,1545.38577477308,29919.051222023903
2008-11-21,44946.74103001505,1560.980295264395,1545.38577477308,41840.37495997758
2008-11-24,22148.183267286513,-22018.086706820293,1545.38577477308,42620.88419933373
2008-11-25,20291.330273268395,-23241.342849767418,1545.38577477308,41987.28734826273
2008-11-26,17305.508020969923,-24118.886152141495,1545.38577477308,39879.00839833834
2008-11-28,13939.697371594957,-24054.143778177677,1545.38577477308,36448.455374999554
2008-12-01,26386.479349909467,-19101.356166925514,1545.38577477308,43942.4497420619
2008-12-02,24780.51853910496,-19188.504028198076,1545.38577477308,42423.63679252996
2008-12-03,24265.856442866847,-17272.799686137936,1545.38577477308,39993.2703542317
2008-12-04,23037.367790293647,-18448.18375996314,1545.38577477308,39940.16577548371
2008-12-05,23355.332618449815,-16798.668852923787,1545.38577477308,38608.61569660052
2008-12-08,24153.484090598533,-12237.03226087417,1545.38577477308,34845.13057669962
2008-12-09,21945.539750444586,-16246.437422811869,1545.38577477308,36646.591398483375
2008-12-10,24086.311762770638,-15531.95255389635,1545.38577477308,38072.87854189391
2008-12-11,23049.69106146542,-19520.706227482064,1545.38577477308,41025.0115141744
2008-12-12,22559.01524612063,-20434.054038060945,1545.38577477308,41447.683509408496
2008-12-15,21291.079441922717,-22846.8893950989,1545.38577477308,42592.58306224854
2008-12-16,26128.351801930112,-14761.011538634542,1545.38577477308,39343.977565791574
2008-12-17,22900.863702430506,-18711.810341010336,1545.38577477308,40067.28826866776
2008-12-18,17801.43978103937,-25214.2707760724,1545.38577477308,41470.32478233869
2008-12-19,13899.82052724401,-30595.209479907877,1545.38577477308,42949.64423237881
2008-12-22,11682.802660695626,-32844.90822830936,1545.38577477308,42982.325114231906
2008-12-23,11265.211491910508,-33309.68514066865,1545.38577477308,43029.510857806075
2008-12-24,11009.399132848717,-33612.241969904164,1545.38577477308,43076.2553279798
2008-12-26,11290.708039495395,-33372.148192930385,1545.38577477308,43117.4704576527
2008-12-29,11509.582620540517,-33185.095322314766,1545.38577477308,43149.292168082204
2008-12-30,12355.381451086607,-32306.192473339615,1545.38577477308,43116.18814965314
2008-12-31,12846.729816784617,-31815.95211706974,1545.38577477308,43117.29615908128
2009-01-02,13122.754378437647,-31588.550048283883,1545.38577477308,43165.91865194845
2009-01-05,13243.636596330442,-31512.807498090784,1545.38577477308,43211.058319648146
2009-01-06,16002.110734358546,-28720.887844021898,1545.38577477308,43177.612803607364
2009-01-07,13783.175368249184,-30876.324020167696,1545.38577477308,43114.1136136438
2009-01-08,15618.510428428533,-29121.84644823894,1545.38577477308,43194.97110189439
2009-01-09,14606.107667459873,-30064.24381110014,1545.38577477308,43124.96570378693
2009-01-12,13241.089962658356,-31253.24810739234,1545.38577477308,42948.95229527762
2009-01-13,14161.177538094926,-30241.75169501477,1545.38577477308,42857.543458336615
2009-01-14,11041.988576057018,-33386.640700344695,1545.38577477308,42883.24350162863
2009-01-15,19295.81019086833,-25470.508820945397,1545.38577477308,43220.93323704065
2009-01-16,25644.155957951094,-19221.73203878873,1545.38577477308,43320.502221966744
2009-01-20,22267.286465881974,-19221.73203878873,1545.38577477308,39943.632729897625
2009-01-21,29096.691487624892,-19221.73203878873,1545.38577477308,46773.03775164054
2009-01-22,28129.05670651165,-19221.73203878873,1545.38577477308,45805.4029705273
2009-01-23,29401.622802240774,-19221.73203878873,1545.38577477308,47077.969066256424
2009-01-26,32266.67308334238,-19221.73203878873,1545.38577477308,49943.01934735803
2009-01-27,35989.090128797805,-19221.73203878873,1545.38577477308,53665.436392813455
2009-01-28,37201.712127927225,-19221.73203878873,1545.38577477308,54878.058391942875
2009-01-29,37424.24485115521,-19221.73203878873,1545.38577477308,55100.59111517086
2009-01-30,36606.376239690464,-19221.73203878873,1545.38577477308,54282.722503706114
2009-02-02,37860.937434826745,-19221.73203878873,1545.38577477308,55537.283698842395
2009-02-03,38760.599786714185,-19221.73203878873,1545.38577477308,56436.946050729835
2009-02-04,38916.409533467144,-19221.73203878873,1545.38577477308,56592.755797482794
2009-02-05,37949.23659404414,-19221.73203878873,1545.38577477308,55625.58285805979
2009-02-06,38051.66471001622,-19221.73203878873,1545.38577477308,55728.01097403187
2009-02-09,41635.90278597316,-19221.73203878873,1545.38577477308,59312.24904998881
2009-02-10,38575.10935183265,-19221.73203878873,1545.38577477308,56251.4556158483
2009-02-11,41467.391908483114,-19221.73203878873,1545.38577477308,59143.738172498764
2009-02-12,41624.194493029965,-19221.73203878873,1545.38577477308,59300.540757045615
2009-02-13,40774.99487333768,-19221.73203878873,1545.38577477308,58451.34113735333
2009-02-17,34332.228048581164,-19221.73203878873,1545.38577477308,52008.574312596815
2009-02-18,34262.35320335254,-19221.73203878873,1545.38577477308,51938.69946736819
2009-02-19,32281.782552134246,-19221.73203878873,1545.38577477308,49958.128816149896
2009-02-20,30896.07823137392,-19221.73203878873,1545.38577477308,48572.42449538957
2009-02-23,32715.08809641865,-19221.73203878873,1545.38577477308,50391.4343604343
2009-02-24,32810.89336799248,-19221.73203878873,1545.38577477308,50487.23963200813
2009-02-25,32587.97808214836,-19221.73203878873,1545.38577477308,50264.32434616401
2009-02-26,30827.819024527213,-19221.73203878873,1545.38577477308,48504.16528854286
2009-02-27,32951.57752488251,-19221.73203878873,1545.38577477308,50627.92378889816
2009-03-02,33629.57593989163,-19221.73203878873,1545.38577477308,51305.92220390728
2009-03-03,34571.64559318032,-19221.73203878873,1545.38577477308,52247.99185719597
2009-03-04,35915.21863770229,-19221.73203878873,1545.38577477308,53591.56490171794
2009-03-05,33386.02564784163,-19221.73203878873,1545.38577477308,51062.37191185728
2009-03-06,33503.112155420706,-19221.73203878873,1545.38577477308,51179.458419436356
2009-03-09,35813.95710089384,-19221.73203878873,1545.38577477308,53490.30336490949
2009-03-10,35401.00981281884,-19221.73203878873,1545.38577477308,53077.35607683449
2009-03-11,35084.91874162061,-19221.73203878873,1545.38577477308,52761.26500563626
2009-03-12,30652.60673151852,-19221.73203878873,1545.38577477308,48328.95299553417
2009-03-13,31242.81276170374,-19221.73203878873,1545.38577477308,48919.15902571939
2009-03-16,30790.40242632921,-19221.73203878873,1545.38577477308,48466.74869034486
2009-03-17,30262.054545042454,-19221.73203878873,1545.38577477308,47938.400809058105
2009-03-18,23311.65431317035,-19221.73203878873,1545.38577477308,40988.000577186
2009-03-19,28520.74455639196,-19221.73203878873,1545.38577477308,46197.09082040761
2009-03-20,32267.919754458126,-19221.73203878873,1545.38577477308,49944.266018473776
2009-03-23,32590.000554528786,-19221.73203878873,1545.38577477308,50266.346818544436
2009-03-24,32569.809204989113,-19221.73203878873,1545.38577477308,50246.15546900476
2009-03-25,32671.762319651432,-19221.73203878873,1545.38577477308,50348.10858366708
2009-03-26,32718.999223158462,-19221.73203878873,1545.38577477308,50395.34548717411
2009-03-27,32802.58599053207,-19221.73203878873,1545.38577477308,50478.93225454772
2009-03-30,32691.52022601315,-19221.73203878873,1545.38577477308,50367.8664900288
2009-03-31,32946.73281032592,-19221.73203878873,1545.38577477308,50623.07907434157
2009-04-01,33034.42114267312,-19221.73203878873,1545.38577477308,50710.76740668877
2009-04-02,32951.59137183637,-19221.73203878873,1545.38577477308,50627.937635852024
2009-04-03,32997.723512804136,-19221.73203878873,1545.38577477308,50674.069776819786
2009-04-06,33032.65422260179,-19221.73203878873,1545.38577477308,50709.00048661744
2009-04-07,33091.88712693122,-19221.73203878873,1545.38577477308,50768.23339094687
2009-04-08,33225.86171426019,-19221.73203878873,1545.38577477308,50902.20797827584
2009-04-09,33090.42377272318,-19221.73203878873,1545.38577477308,50766.77003673883
2009-04-13,33466.633662609616,-19221.73203878873,1545.38577477308,51142.97992662527
2009-04-14,33875.61998710479,-19221.73203878873,1545.38577477308,51551.96625112044
2009-04-15,33366.37337591057,-19221.73203878873,1545.38577477308,51042.71963992622
2009-04-16,33037.18139734026,-19221.73203878873,1545.38577477308,50713.52766135591
2009-04-17,33450.65305282711,-19221.73203878873,1545.38577477308,51126.99931684276
2009-04-20,33120.32531591016,-19221.73203878873,1545.38577477308,50796.67157992581
2009-04-21,34132.90048533841,-19221.73203878873,1545.38577477308,51809.24674935406
2009-04-22,33911.804500887636,-19221.73203878873,1545.38577477308,51588.15076490329
2009-04-23,34476.063461849,-19221.73203878873,1545.38577477308,52152.40972586465
2009-04-24,34757.84671097249,-19221.73203878873,1545.38577477308,52434.19297498814
2009-04-27,34919.27663337183,-19221.73203878873,1545.38577477308,52595.62289738748
2009-04-28,35098.29683328583,-19221.73203878873,1545.38577477308,52774.64309730148
2009-04-29,36030.89731842652,-19221.73203878873,1545.38577477308,53707.24358244217
2009-04-30,35822.72687667818,-19221.73203878873,1545.38577477308,53499.07314069383
2009-05-01,35486.44130997383,-19221.73203878873,1545.38577477308,53162.78757398948
2009-05-04,36072.86161874328,-19221.73203878873,1545.38577477308,53749.20788275893
2009-05-05,36222.65950722457,-19221.73203878873,1545.38577477308,53899.00577124022
2009-05-06,36235.442020781105,-19221.73203878873,1545.38577477308,53911.788284796756
2009-05-07,36609.687526839785,-19221.73203878873,1545.38577477308,54286.033790855436
2009-05-08,37108.26376500726,-19221.73203878873,1545.38577477308,54784.61002902291
2009-05-11,37038.08578909328,-19221.73203878873,1545.38577477308,54714.43205310893
2009-05-12,37167.13526327396,-19221.73203878873,1545.38577477308,54843.48152728961
2009-05-13,37383.223466276424,-19221.73203878873,1545.38577477308,55059.569730292074
2009-05-14,38350.45207923837,-19221.73203878873,1545.38577477308,56026.79834325402
2009-05-15,38456.13479132694,-19221.73203878873,1545.38577477308,56132.48105534259
2009-05-18,39843.3739601071,-19221.73203878873,1545.38577477308,57519.72022412275
2009-05-19,40161.01101517724,-19221.73203878873,1545.38577477308,57837.35727919289
2009-05-20,40246.30356591754,-19221.73203878873,1545.38577477308,57922.64982993319
2009-05-21,40076.41008588392,-19221.73203878873,1545.38577477308,57752.75634989957
2009-05-22,40353.74002509052,-19221.73203878873,1545.38577477308,58030.08628910617
2009-05-26,40465.92023535655,-19221.73203878873,1545.38577477308,58142.2664993722
2009-05-27,40680.00715839956,-19221.73203878873,1545.38577477308,58356.35342241521
2009-05-28,40534.10740910191,-19221.73203878873,1545.38577477308,58210.45367311756
2009-05-29,40798.131655821344,-19221.73203878873,1545.38577477308,58474.477919836994
2009-06-01,39821.22449989361,-19221.73203878873,1545.38577477308,57497.57076390926
2009-06-02,40466.52775003901,-19221.73203878873,1545.38577477308,58142.87401405466
2009-06-03,40086.82833516062,-19221.73203878873,1545.38577477308,57763.17459917627
2009-06-04,40377.07968383841,-19221.73203878873,1545.38577477308,58053.42594785406
2009-06-05,40387.01537869638,-19221.73203878873,1545.38577477308,58063.36164271203
2009-06-08,40826.08300939039,-19221.73203878873,1545.38577477308,58502.429273406044
2009-06-09,41435.48445712519,-19221.73203878873,1545.38577477308,59111.83072114084
2009-06-10,41011.68357574078,-19221.73203878873,1545.38577477308,58688.02983975643
2009-06-11,40557.552674415754,-19221.73203878873,1545.38577477308,58233.898938431405
2009-06-12,40004.86519135698,-19221.73203878873,1545.38577477308,57681.21145537263
2009-06-15,40537.2228318206,-19221.73203878873,1545.38577477308,58213.569095836254
2009-06-16,40316.00079961028,-19221.73203878873,1545.38577477308,57992.34706362593
2009-06-17,40433.179222792154,-19221.73203878873,1545.38577477308,58109.525486807805
2009-06-18,39387.91626493004,-19221.73203878873,1545.38577477308,57064.26252894569
2009-06-19,40235.430801485665,-19221.73203878873,1545.38577477308,57911.777065501316
2009-06-22,40163.77896283753,-19221.73203878873,1545.38577477308,57840.12522685318
2009-06-23,40294.71352707315,-19221.73203878873,1545.38577477308,57971.0597910888
2009-06-24,40478.49839855335,-19221.73203878873,1545.38577477308,58154.844662569
2009-06-25,40650.559931380674,-19221.73203878873,1545.38577477308,58326.906195396325
2009-06-26,40720.1469264247,-19221.73203878873,1545.38577477308,58396.49319044035
2009-06-29,40378.952633569716,-19221.73203878873,1545.38577477308,58055.298897585366
2009-06-30,39847.42685402441,-19221.73203878873,1545.38577477308,57523.77311804006
2009-07-01,38564.218199587194,-19221.73203878873,1545.38577477308,56240.564463602845
2009-07-02,38641.54207129241,-19221.73203878873,1545.38577477308,56317.88833530806
2009-07-06,38043.65392569802,-19221.73203878873,1545.38577477308,55720.00018971367
2009-07-07,37418.313566081226,-19221.73203878873,1545.38577477308,55094.659830096876
2009-07-08,37230.73711718852,-19221.73203878873,1545.38577477308,54907.08338120417
2009-07-09,36157.44789759908,-19221.73203878873,1545.38577477308,53833.79416161473
2009-07-10,36833.226642019814,-19221.73203878873,1545.38577477308,54509.572906035464
2009-07-13,37552.371939963894,-19221.73203878873,1545.38577477308,55228.718203979544
2009-07-14,37454.71284521115,-19221.73203878873,1545.38577477308,55131.0591092268
2009-07-15,37299.39725819277,-19221.73203878873,1545.38577477308,54975.74352220842
2009-07-16,36874.30301504047,-19221.73203878873,1545.38577477308,54550.64927905612
2009-07-17,37052.37114257505,-19221.73203878873,1545.38577477308,54728.7174065907
2009-07-20,39185.28664150019,-19221.73203878873,1545.38577477308,56861.63290551584
2009-07-21,39510.5610759214,-19221.73203878873,1545.38577477308,57186.90733993705
2009-07-22,40177.37837522826,-19221.73203878873,1545.38577477308,57853.72463924391
2009-07-23,39869.98806560389,-19221.73203878873,1545.38577477308,57546.33432961954
2009-07-24,39377.99587897025,-19221.73203878873,1545.38577477308,57054.3421429859
2009-07-27,39633.67817992531,-19221.73203878873,1545.38577477308,57310.02444394096
2009-07-28,40280.542180361925,-19221.73203878873,1545.38577477308,57956.888444377575
2009-07-29,40414.35752725648,-19221.73203878873,1545.38577477308,58090.70379127213
2009-07-30,40483.306636414025,-19221.73203878873,1545.38577477308,58159.652900429675
2009-07-31,40681.35221639788,-19221.73203878873,1545.38577477308,58357.69848041353
2009-08-03,40938.81280334643,-19221.73203878873,1545.38577477308,58615.15906736208
2009-08-04,40574.977291338146,-19221.73203878873,1545.38577477308,58251.323555353796
2009-08-05,34777.3028554928,-19221.73203878873,1545.38577477308,52453.64911950845
2009-08-06,33675.75033896789,-19221.73203878873,1545.38577477308,51352.09660298354
2009-08-07,31590.07127531781,-19221.73203878873,1545.38577477308,49266.41753933346
2009-08-10,30477.65153488319,-19221.73203878873,1545.38577477308,48153.99779889884
2009-08-11,33535.527101245476,-19221.73203878873,1545.38577477308,51211.873365261126
2009-08-12,33071.45002439013,-19221.73203878873,1545.38577477308,50747.79628840578
2009-08-13,33058.38904395816,-19221.73203878873,1545.38577477308,50734.73530797381
2009-08-14,33298.55677409377,-19221.73203878873,1545.38577477308,50974.90303810942
2009-08-17,33403.381536446745,-19221.73203878873,1545.38577477308,51079.727800462395
2009-08-18,32513.867649602238,-19221.73203878873,1545.38577477308,50190.21391361789
2009-08-19,31811.593245545868,-19221.73203878873,1545.38577477308,49487.93950956152
2009-08-20,27247.137571379426,-19221.73203878873,1545.38577477308,44923.483835395076
2009-08-21,26544.6018643406,-19221.73203878873,1545.38577477308,44220.94812835625
2009-08-24,25308.318252846133,-20458.015650283196,1545.38577477308,44220.94812835625
2009-08-25,25319.96048941766,-20446.37341371167,1545.38577477308,44220.94812835625
2009-08-26,24526.39817608369,-21239.93572704564,1545.38577477308,44220.94812835625
2009-08-27,24300.312742350507,-21466.021160778822,1545.38577477308,44220.94812835625
2009-08-28,24306.17768833728,-21460.15621479205,1545.38577477308,44220.94812835625
2009-08-31,24941.752829237725,-20824.581073891604,1545.38577477308,44220.94812835625
2009-09-01,24169.554018595023,-21596.779884534306,1545.38577477308,44220.94812835625
2009-09-02,24941.302634921158,-20825.03126820817,1545.38577477308,44220.94812835625
2009-09-03,25848.206825676025,-19918.127077453304,1545.38577477308,44220.94812835625
2009-09-04,25652.59713428095,-20113.73676884838,1545.38577477308,44220.94812835625
2009-09-08,25796.63719953876,-19969.69670359057,1545.38577477308,44220.94812835625
2009-09-09,24777.78224572062,-20988.55165740871,1545.38577477308,44220.94812835625
2009-09-10,24342.15284637967,-21424.181056749658,1545.38577477308,44220.94812835625
2009-09-11,23739.61545772932,-22026.71844540001,1545.38577477308,44220.94812835625
2009-09-14,22532.227673699963,-23234.106229429366,1545.38577477308,44220.94812835625
2009-09-15,23080.175238502678,-22686.15866462665,1545.38577477308,44220.94812835625
2009-09-16,24063.791588836117,-21702.542314293212,1545.38577477308,44220.94812835625
2009-09-17,23871.96245441679,-21894.37144871254,1545.38577477308,44220.94812835625
2009-09-18,23191.808257087716,-22574.525646041613,1545.38577477308,44220.94812835625
2009-09-21,23191.808257087716,-22574.525646041613,1545.38577477308,44220.94812835625
2009-09-22,23191.808257087716,-22574.525646041613,1545.38577477308,44220.94812835625
2009-09-23,23191.808257087716,-22574.525646041613,1545.38577477308,44220.94812835625
2009-09-24,23191.808257087716,-22574.525646041613,1545.38577477308,44220.94812835625
2009-09-25,23191.808257087716,-22574.525646041613,1545.38577477308,44220.94812835625
2009-09-28,23191.808257087716,-22574.525646041613,1545.38577477308,44220.94812835625
2009-09-29,23191.808257087716,-22574.525646041613,1545.38577477308,44220.94812835625
2009-09-30,23191.808257087716,-22574.525646041613,1545.38577477308,44220.94812835625
2009-10-01,23191.808257087716,-22574.525646041613,1545.38577477308,44220.94812835625
2009-10-02,23191.808257087716,-22574.525646041613,1545.38577477308,44220.94812835625
2009-10-05,23191.808257087716,-22574.525646041613,1545.38577477308,44220.94812835625
2009-10-06,23191.808257087716,-22574.525646041613,1545.38577477308,44220.94812835625
2009-10-07,23191.808257087716,-22574.525646041613,1545.38577477308,44220.94812835625
2009-10-08,23191.808257087716,-22574.525646041613,1545.38577477308,44220.94812835625
2009-10-09,23191.808257087716,-22574.525646041613,1545.38577477308,44220.94812835625
2009-10-12,23191.808257087716,-22574.525646041613,1545.38577477308,44220.94812835625
2009-10-13,23191.808257087716,-22574.525646041613,1545.38577477308,44220.94812835625
2009-10-14,23191.808257087716,-22574.525646041613,1545.38577477308,44220.94812835625
2009-10-15,23191.808257087716,-22574.525646041613,1545.38577477308,44220.94812835625
2009-10-16,23191.808257087716,-22574.525646041613,1545.38577477308,44220.94812835625
2009-10-19,25521.847665323527,-22574.525646041613,1545.38577477308,46550.98753659206
2009-10-20,25550.64054107736,-22574.525646041613,1545.38577477308,46579.78041234589
2009-10-21,25692.358518850757,-22574.525646041613,1545.38577477308,46721.49839011929
2009-10-22,25702.547013285803,-22574.525646041613,1545.38577477308,46731.686884554336
2009-10-23,25782.19393760676,-22574.525646041613,1545.38577477308,46811.33380887529
2009-10-26,25516.168665366597,-22574.525646041613,1545.38577477308,46545.30853663513
2009-10-27,25344.5869084883,-22574.525646041613,1545.38577477308,46373.726779756835
2009-10-28,24518.823882009136,-22574.525646041613,1545.38577477308,45547.96375327767
2009-10-29,25632.67846260988,-22574.525646041613,1545.38577477308,46661.818333878415
2009-10-30,24282.524896207848,-22574.525646041613,1545.38577477308,45311.66476747638
2009-11-02,24058.003621115582,-22574.525646041613,1545.38577477308,45087.143492384115
2009-11-03,23958.04209260014,-22574.525646041613,1545.38577477308,44987.18196386867
2009-11-04,24078.822605343652,-22574.525646041613,1545.38577477308,45107.962476612185
2009-11-05,24212.40833740146,-22574.525646041613,1545.38577477308,45241.54820866999
2009-11-06,24720.443675786257,-22574.525646041613,1545.38577477308,45749.58354705479
2009-11-09,25098.042430800386,-22574.525646041613,1545.38577477308,46127.18230206892
2009-11-10,25237.494500064757,-22574.525646041613,1545.38577477308,46266.63437133329
2009-11-11,25154.909896323574,-22574.525646041613,1545.38577477308,46184.04976759211
2009-11-12,25339.33070758765,-22574.525646041613,1545.38577477308,46368.470578856184
2009-11-13,25408.20995852549,-22574.525646041613,1545.38577477308,46437.349829794024
2009-11-16,25719.6320494744,-22574.525646041613,1545.38577477308,46748.77192074293
2009-11-17,26216.66745837708,-22574.525646041613,1545.38577477308,47245.80732964561
2009-11-18,26643.579744525836,-22574.525646041613,1545.38577477308,47672.71961579437
2009-11-19,26939.939375724993,-22574.525646041613,1545.38577477308,47969.079246993526
2009-11-20,26964.39745768078,-22574.525646041613,1545.38577477308,47993.537328949315
2009-11-23,24383.576742865378,-25144.895871294546,1545.38577477308,47983.086839386844
2009-11-24,24579.374299237505,-24942.45891505154,1545.38577477308,47976.44743951596
2009-11-25,24255.769244920346,-25293.242911339737,1545.38577477308,48003.626381487
2009-11-27,25595.48558611516,-23983.361969914637,1545.38577477308,48033.461781256716
2009-11-30,24378.1085095678,-25207.462047155015,1545.38577477308,48040.184781949734
2009-12-01,25044.49695885612,-24519.560231433483,1545.38577477308,48018.671415516525
2009-12-02,25278.545064540696,-24155.124700090615,1545.38577477308,47888.28398985823
2009-12-03,26375.032776687876,-23054.54476935824,1545.38577477308,47884.191771273036
2009-12-04,26119.849138557445,-23344.216041288688,1545.38577477308,47918.67940507305
2009-12-07,25844.894414965413,-23522.81131491135,1545.38577477308,47822.31995510368
2009-12-08,25513.643162472523,-23772.466450514854,1545.38577477308,47740.7238382143
2009-12-09,25917.84073624038,-23368.017433575587,1545.38577477308,47740.47239504289
2009-12-10,25620.864053848083,-23640.09370582667,1545.38577477308,47715.571984901675
2009-12-11,24892.50482004427,-24285.83747868298,1545.38577477308,47632.95652395417
2009-12-14,23879.01401450741,-25243.633346485673,1545.38577477308,47577.261586220004
2009-12-15,24793.292144535808,-24352.063463863335,1545.38577477308,47599.96983362606
2009-12-16,24785.67979412165,-24388.34248523251,1545.38577477308,47628.63650458108
2009-12-17,25756.245684912312,-23355.476338164764,1545.38577477308,47566.336248304
2009-12-18,27957.472480784403,-21165.42680003459,1545.38577477308,47577.513506045914
2009-12-21,28368.88727136713,-21165.42680003459,1545.38577477308,47988.92829662864
2009-12-22,28382.717805564753,-21165.42680003459,1545.38577477308,48002.758830826264
2009-12-23,28414.013792866142,-21165.42680003459,1545.38577477308,48034.05481812765
2009-12-24,28441.39173720905,-21165.42680003459,1545.38577477308,48061.43276247056
2009-12-28,28650.08467603731,-21165.42680003459,1545.38577477308,48270.12570129882
2009-12-29,28557.498734375462,-21165.42680003459,1545.38577477308,48177.53975963697
2009-12-30,28587.261168044643,-21165.42680003459,1545.38577477308,48207.302193306154
2009-12-31,28628.20511783636,-21165.42680003459,1545.38577477308,48248.24614309787
2010-01-04,28764.309208077495,-21165.42680003459,1545.38577477308,48384.350233339006
2010-01-05,28736.85335073364,-21165.42680003459,1545.38577477308,48356.89437599515
2010-01-06,28637.269270649296,-21165.42680003459,1545.38577477308,48257.31029591081
2010-01-07,28660.542320774868,-21165.42680003459,1545.38577477308,48280.58334603638
2010-01-08,28780.98989963089,-21165.42680003459,1545.38577477308,48401.0309248924
2010-01-11,28835.68166488665,-21165.42680003459,1545.38577477308,48455.72269014816
2010-01-12,29016.69536842627,-21165.42680003459,1545.38577477308,48636.73639368778
2010-01-13,29143.41481402435,-21165.42680003459,1545.38577477308,48763.45583928586
2010-01-14,29215.639071504935,-21165.42680003459,1545.38577477308,48835.680096766446
2010-01-15,29459.513865179964,-21165.42680003459,1545.38577477308,49079.554890441475
2010-01-19,30910.911392375245,-21165.42680003459,1545.38577477308,50530.952417636756
2010-01-20,30996.549703470082,-21165.42680003459,1545.38577477308,50616.59072873159
2010-01-21,30457.08828931756,-21165.42680003459,1545.38577477308,50077.12931457907
2010-01-22,29091.418494289625,-21165.42680003459,1545.38577477308,48711.459519551136
2010-01-25,30092.42818392988,-21165.42680003459,1545.38577477308,49712.46920919139
2010-01-26,30289.962435231195,-21165.42680003459,1545.38577477308,49910.003460492706
2010-01-27,29873.70843397884,-21165.42680003459,1545.38577477308,49493.74945924035
2010-01-28,29829.794329172815,-21165.42680003459,1545.38577477308,49449.835354434326
2010-01-29,29594.11483983125,-21165.42680003459,1545.38577477308,49214.15586509276
2010-02-01,30095.151003708947,-21165.42680003459,1545.38577477308,49715.19202897046
2010-02-02,30008.619519019616,-21165.42680003459,1545.38577477308,49628.66054428113
2010-02-03,30195.30982638069,-21165.42680003459,1545.38577477308,49815.3508516422
2010-02-04,30019.018436047598,-21165.42680003459,1545.38577477308,49639.05946130911
2010-02-05,29240.911621801904,-21165.42680003459,1545.38577477308,48860.952647063415
2010-02-08,29640.092124477844,-21165.42680003459,1545.38577477308,49260.133149739355
2010-02-09,29615.422621372738,-21165.42680003459,1545.38577477308,49235.46364663425
2010-02-10,29703.200123651302,-21165.42680003459,1545.38577477308,49323.24114891281
2010-02-11,29730.055771211046,-21165.42680003459,1545.38577477308,49350.09679647256
2010-02-12,29503.49696986901,-21165.42680003459,1545.38577477308,49123.53799513052
2010-02-16,30209.735398958786,-21165.42680003459,1545.38577477308,49829.7764242203
2010-02-17,30205.408522216487,-21165.42680003459,1545.38577477308,49825.449547478
2010-02-18,30230.093397950404,-21165.42680003459,1545.38577477308,49850.134423211915
2010-02-19,30510.833899483667,-21165.42680003459,1545.38577477308,50130.87492474518
2010-02-22,29559.387813160894,-22254.575188241433,1545.38577477308,50268.57722662925
2010-02-23,30232.72669326584,-21569.40309056267,1545.38577477308,50256.74400905543
2010-02-24,29694.7825069885,-22132.29754873237,1545.38577477308,50281.69428094779
2010-02-25,31136.557127762935,-20673.509637052543,1545.38577477308,50264.6809900424
2010-02-26,30869.761073186877,-20958.483487141435,1545.38577477308,50282.85878555523
2010-03-01,30664.605374363367,-21171.680141423712,1545.38577477308,50290.899741014
2010-03-02,30723.292176919873,-21183.75140285457,1545.38577477308,50361.65780500136
2010-03-03,30661.583143862896,-21272.124844222562,1545.38577477308,50388.32221331238
2010-03-04,30524.375615430414,-21408.207686394337,1545.38577477308,50387.19752705167
2010-03-05,28941.626780719846,-22996.36732123664,1545.38577477308,50392.60832718341
2010-03-08,29400.014826304745,-22577.901193731,1545.38577477308,50432.530245262664
2010-03-09,29498.92815941444,-22482.85864950891,1545.38577477308,50436.40103415027
2010-03-10,29614.497887526057,-22313.319375826162,1545.38577477308,50382.43148857914
2010-03-11,29500.58495895553,-22349.7577976404,1545.38577477308,50304.95698182285
2010-03-12,29278.861154880957,-22434.83454421803,1545.38577477308,50168.309924325906
2010-03-15,28956.461242515477,-22723.859732576995,1545.38577477308,50134.93520031939
2010-03-16,29713.45737549651,-22039.40114900691,1545.38577477308,50207.47274973034
2010-03-17,30035.947122773156,-21731.2989588622,1545.38577477308,50221.860306862276
2010-03-18,30481.47827128216,-21381.469746220973,1545.38577477308,50317.562242730055
2010-03-19,31348.532798987697,-20511.158660279005,1545.38577477308,50314.30568449362
2010-03-22,31348.532798987697,-20511.158660279005,1545.38577477308,50314.30568449362
2010-03-23,31348.532798987697,-20511.158660279005,1545.38577477308,50314.30568449362
2010-03-24,31348.532798987697,-20511.158660279005,1545.38577477308,50314.30568449362
2010-03-25,31348.532798987697,-20511.158660279005,1545.38577477308,50314.30568449362
2010-03-26,31348.532798987697,-20511.158660279005,1545.38577477308,50314.30568449362
2010-03-29,31348.532798987697,-20511.158660279005,1545.38577477308,50314.30568449362
2010-03-30,31348.532798987697,-20511.158660279005,1545.38577477308,50314.30568449362
2010-03-31,31348.532798987697,-20511.158660279005,1545.38577477308,50314.30568449362
2010-04-01,31348.532798987697,-20511.158660279005,1545.38577477308,50314.30568449362
2010-04-05,31348.532798987697,-20511.158660279005,1545.38577477308,50314.30568449362
2010-04-06,31348.532798987697,-20511.158660279005,1545.38577477308,50314.30568449362
2010-04-07,31348.532798987697,-20511.158660279005,1545.38577477308,50314.30568449362
2010-04-08,31348.532798987697,-20511.158660279005,1545.38577477308,50314.30568449362
2010-04-09,31348.532798987697,-20511.158660279005,1545.38577477308,50314.30568449362
2010-04-12,31348.532798987697,-20511.158660279005,1545.38577477308,50314.30568449362
2010-04-13,31348.532798987697,-20511.158660279005,1545.38577477308,50314.30568449362
2010-04-14,31348.532798987697,-20511.158660279005,1545.38577477308,50314.30568449362
2010-04-15,31348.532798987697,-20511.158660279005,1545.38577477308,50314.30568449362
2010-04-16,31348.532798987697,-20511.158660279005,1545.38577477308,50314.30568449362
2010-04-19,32693.252053884207,-20511.158660279005,1545.38577477308,51659.02493939013
2010-04-20,33029.29657487327,-20511.158660279005,1545.38577477308,51995.06946037919
2010-04-21,33209.6245486195,-20511.158660279005,1545.38577477308,52175.39743412542
2010-04-22,33121.44762131653,-20511.158660279005,1545.38577477308,52087.22050682246
2010-04-23,33249.8334938708,-20511.158660279005,1545.38577477308,52215.606379376724
2010-04-26,33227.45525412203,-20511.158660279005,1545.38577477308,52193.22813962796
2010-04-27,32137.6801555875,-20511.158660279005,1545.38577477308,51103.453041093424
2010-04-28,32575.699556360836,-20511.158660279005,1545.38577477308,51541.47244186676
2010-04-29,33332.99669933494,-20511.158660279005,1545.38577477308,52298.76958484086
2010-04-30,32739.331924912636,-20511.158660279005,1545.38577477308,51705.10481041856
2010-05-03,33231.32725053991,-20511.158660279005,1545.38577477308,52197.10013604583
2010-05-04,32723.755541624618,-20511.158660279005,1545.38577477308,51689.52842713054
2010-05-05,32486.13892405678,-20511.158660279005,1545.38577477308,51451.911809562705
2010-05-06,30818.86358269339,-20511.158660279005,1545.38577477308,49784.636468199315
2010-05-07,30046.768620318384,-20511.158660279005,1545.38577477308,49012.54150582431
2010-05-10,30741.468100399827,-20511.158660279005,1545.38577477308,49707.24098590575
2010-05-11,31066.74280163471,-20511.158660279005,1545.38577477308,50032.515687140636
2010-05-12,30661.46663225291,-20511.158660279005,1545.38577477308,49627.23951775883
2010-05-13,31267.74462529656,-20511.158660279005,1545.38577477308,50233.517510802485
2010-05-14,31400.267502395553,-20511.158660279005,1545.38577477308,50366.04038790148
2010-05-17,31481.67435369466,-20511.158660279005,1545.38577477308,50447.447239200585
2010-05-18,31482.09631619614,-20511.158660279005,1545.38577477308,50447.869201702066
2010-05-19,32010.739348186995,-20511.158660279005,1545.38577477308,50976.51223369292
2010-05-20,30129.665034496807,-20511.158660279005,1545.38577477308,49095.43792000273
2010-05-21,30360.112240515533,-20511.158660279005,1545.38577477308,49325.88512602146
2010-05-24,33185.43175393867,-17685.83914685587,1545.38577477308,49325.88512602146
2010-05-25,33877.80002928444,-16993.4708715101,1545.38577477308,49325.88512602146
2010-05-26,33980.200439254404,-16891.070461540134,1545.38577477308,49325.88512602146
2010-05-27,30533.937198720756,-20337.33370207378,1545.38577477308,49325.88512602146
2010-05-28,31290.200152366888,-19581.07074842765,1545.38577477308,49325.88512602146
2010-06-01,32812.248942486825,-18059.021958307712,1545.38577477308,49325.88512602146
2010-06-02,31537.371996287024,-19333.898904507514,1545.38577477308,49325.88512602146
2010-06-03,31563.431441049906,-19307.83945974463,1545.38577477308,49325.88512602146
2010-06-04,33716.143511452596,-17155.127389341942,1545.38577477308,49325.88512602146
2010-06-07,35963.325237783836,-14907.945663010702,1545.38577477308,49325.88512602146
2010-06-08,35743.385451820446,-15127.885448974092,1545.38577477308,49325.88512602146
2010-06-09,36448.35629161971,-14422.914609174826,1545.38577477308,49325.88512602146
2010-06-10,32938.664179256186,-17932.606721538352,1545.38577477308,49325.88512602146
2010-06-11,32907.72217169951,-17963.548729095026,1545.38577477308,49325.88512602146
2010-06-14,31283.20610930852,-19588.064791486016,1545.38577477308,49325.88512602146
2010-06-15,30801.74578196986,-20069.525118824677,1545.38577477308,49325.88512602146
2010-06-16,31160.269102493883,-19711.001798300655,1545.38577477308,49325.88512602146
2010-06-17,31616.50252163352,-19254.768379161018,1545.38577477308,49325.88512602146
2010-06-18,31478.552886818885,-19392.718013975653,1545.38577477308,49325.88512602146
2010-06-21,30339.56500895496,-20531.705891839578,1545.38577477308,49325.88512602146
2010-06-22,30539.965372227714,-20331.305528566823,1545.38577477308,49325.88512602146
2010-06-23,31943.700196040678,-18927.57070475386,1545.38577477308,49325.88512602146
2010-06-24,31411.981151218642,-19459.289749575895,1545.38577477308,49325.88512602146
2010-06-25,34174.93709397514,-16696.3338068194,1545.38577477308,49325.88512602146
2010-06-28,35249.51588724705,-15621.755013547488,1545.38577477308,49325.88512602146
2010-06-29,34726.38213189028,-16144.88876890426,1545.38577477308,49325.88512602146
2010-06-30,34030.96004224243,-16840.31085855211,1545.38577477308,49325.88512602146
2010-07-01,35573.87187414593,-15297.399026648607,1545.38577477308,49325.88512602146
2010-07-02,34703.56518411427,-16167.70571668027,1545.38577477308,49325.88512602146
2010-07-06,31702.882208047085,-19168.388692747452,1545.38577477308,49325.88512602146
2010-07-07,30157.498768942663,-20713.772131851874,1545.38577477308,49325.88512602146
2010-07-08,30009.59908859944,-20861.671812195098,1545.38577477308,49325.88512602146
2010-07-09,29434.066757160588,-21437.20414363395,1545.38577477308,49325.88512602146
2010-07-12,28681.183501247317,-22190.08739954722,1545.38577477308,49325.88512602146
2010-07-13,28058.16506003961,-22813.105840754928,1545.38577477308,49325.88512602146
2010-07-14,28827.7820391407,-22043.488861653837,1545.38577477308,49325.88512602146
2010-07-15,29265.678497487097,-21605.59240330744,1545.38577477308,49325.88512602146
2010-07-16,36597.63962986402,-14273.63127093052,1545.38577477308,49325.88512602146
2010-07-19,36982.46351909358,-14936.660214346834,1545.38577477308,50373.737958667334
2010-07-20,37896.46123211761,-14232.576801688643,1545.38577477308,50583.65225903317
2010-07-21,37979.57128789066,-14206.641070240177,1545.38577477308,50640.82658335776
2010-07-22,36838.70293354511,-15217.068341893726,1545.38577477308,50510.385500665754
2010-07-23,37263.4398364597,-14798.135126152541,1545.38577477308,50516.18918783916
2010-07-26,37385.25741448079,-14589.775926779374,1545.38577477308,50429.64756648708
2010-07-27,38084.80500158714,-13681.862025366863,1545.38577477308,50221.281252180925
2010-07-28,37345.32442891202,-14525.968830102822,1545.38577477308,50325.90748424176
2010-07-29,38152.22056784609,-13481.399483092478,1545.38577477308,50088.23427616549
2010-07-30,38322.77596452937,-13420.692788740736,1545.38577477308,50198.08297849703
2010-08-02,39658.45334758179,-12095.96793497575,1545.38577477308,50209.03550778446
2010-08-03,39687.271642370964,-11801.117469452904,1545.38577477308,49943.00333705079
2010-08-04,39534.13516123209,-11956.676019004197,1545.38577477308,49945.425405463204
2010-08-05,39974.65095815319,-11922.477629992412,1545.38577477308,50351.74281337252
2010-08-06,39784.68744441017,-12150.44104084617,1545.38577477308,50389.74271048326
2010-08-09,40246.89856269595,-11641.312970514293,1545.38577477308,50342.82575843716
2010-08-10,40641.33615787176,-11084.42132290604,1545.38577477308,50180.37170600472
2010-08-11,40694.20957182883,-10945.507045870414,1545.38577477308,50094.33084292617
2010-08-12,41373.31362369796,-10015.990445010597,1545.38577477308,49843.91829393548
2010-08-13,41738.55365706235,-9763.30236341129,1545.38577477308,49956.47024570056
2010-08-16,42131.733928595204,-9588.77745366143,1545.38577477308,50175.125607483555
2010-08-17,43380.68717056827,-8358.22064386087,1545.38577477308,50193.52203965606
2010-08-18,43984.20908990584,-8094.315176593489,1545.38577477308,50533.13849172625
2010-08-19,42438.85263065004,-9661.606454439345,1545.38577477308,50555.07331031631
2010-08-20,42589.11646773957,-9313.187637758092,1545.38577477308,50356.918330724584
2010-08-23,42567.35523536056,-9334.948870137101,1545.38577477308,50356.918330724584
2010-08-24,44891.373384821345,-7010.930720676319,1545.38577477308,50356.918330724584
2010-08-25,45480.017196667264,-6422.2869088304,1545.38577477308,50356.918330724584
2010-08-26,47125.67452071863,-4776.629584779032,1545.38577477308,50356.918330724584
2010-08-27,46230.651133263134,-5671.652972234529,1545.38577477308,50356.918330724584
2010-08-30,46378.14174803998,-5524.162357457681,1545.38577477308,50356.918330724584
2010-08-31,47389.12880773074,-4513.175297766924,1545.38577477308,50356.918330724584
2010-09-01,45407.42253885965,-6494.881566638011,1545.38577477308,50356.918330724584
2010-09-02,43809.53988903551,-8092.76421646215,1545.38577477308,50356.918330724584
2010-09-03,43341.06128422904,-8561.24282126862,1545.38577477308,50356.918330724584
2010-09-07,44078.6970113538,-7823.607094143867,1545.38577477308,50356.918330724584
2010-09-08,43817.82562968123,-8084.4784758164315,1545.38577477308,50356.918330724584
2010-09-09,43548.88535454485,-8353.418750952813,1545.38577477308,50356.918330724584
2010-09-10,43292.17101894901,-8610.133086548652,1545.38577477308,50356.918330724584
2010-09-13,43110.120943646994,-8792.18316185067,1545.38577477308,50356.918330724584
2010-09-14,42705.683947835,-9196.620157662663,1545.38577477308,50356.918330724584
2010-09-15,42370.99182124867,-9531.312284248997,1545.38577477308,50356.918330724584
2010-09-16,42871.26261282165,-9031.041492676013,1545.38577477308,50356.918330724584
2010-09-17,43328.54813236219,-8573.75597313547,1545.38577477308,50356.918330724584
2010-09-20,42347.93676283606,-9554.3673426616,1545.38577477308,50356.918330724584
2010-09-21,41686.0952812921,-10216.208824205562,1545.38577477308,50356.918330724584
2010-09-22,43282.65410785214,-8619.649997645523,1545.38577477308,50356.918330724584
2010-09-23,43750.83435487293,-8151.469750624732,1545.38577477308,50356.918330724584
2010-09-24,43606.40052469075,-8295.903580806917,1545.38577477308,50356.918330724584
2010-09-27,40258.79183520761,-11643.512270290055,1545.38577477308,50356.918330724584
2010-09-28,43862.802802841645,-8039.501302656019,1545.38577477308,50356.918330724584
2010-09-29,43613.99598673475,-8288.308118762914,1545.38577477308,50356.918330724584
2010-09-30,43430.40651431354,-8471.897591184126,1545.38577477308,50356.918330724584
2010-10-01,43877.37288023799,-8024.931225259672,1545.38577477308,50356.918330724584
2010-10-04,43076.87602520164,-8825.428080296027,1545.38577477308,50356.918330724584
2010-10-05,45114.30436727288,-6787.999738224782,1545.38577477308,50356.918330724584
2010-10-06,45318.676277327,-6583.627828170662,1545.38577477308,50356.918330724584
2010-10-07,44698.146198419854,-7204.15790707781,1545.38577477308,50356.918330724584
2010-10-08,45434.16290504404,-6468.141200453625,1545.38577477308,50356.918330724584
2010-10-11,44666.681080973125,-7235.623024524539,1545.38577477308,50356.918330724584
2010-10-12,45000.668080915115,-6901.636024582549,1545.38577477308,50356.918330724584
2010-10-13,45638.777703867876,-6263.526401629788,1545.38577477308,50356.918330724584
2010-10-14,45179.51630928973,-6722.7877962079365,1545.38577477308,50356.918330724584
2010-10-15,47998.43806791003,-3903.866037587635,1545.38577477308,50356.918330724584
2010-10-18,48317.819167077774,-3903.866037587635,1545.38577477308,50676.29942989233
2010-10-19,48399.99558766442,-3903.866037587635,1545.38577477308,50758.47585047898
2010-10-20,48310.871789027704,-3903.866037587635,1545.38577477308,50669.35205184226
2010-10-21,48470.539685769705,-3903.866037587635,1545.38577477308,50829.01994858426
2010-10-22,48508.86394325411,-3903.866037587635,1545.38577477308,50867.344206068665
2010-10-25,48558.02357645356,-3903.866037587635,1545.38577477308,50916.503839268116
2010-10-26,48518.70647656405,-3903.866037587635,1545.38577477308,50877.18673937861
2010-10-27,48283.07181601925,-3903.866037587635,1545.38577477308,50641.5520788338
2010-10-28,48432.600883896,-3903.866037587635,1545.38577477308,50791.08114671055
2010-10-29,48500.36559711839,-3903.866037587635,1545.38577477308,50858.845859932946
2010-11-01,48484.847476981115,-3903.866037587635,1545.38577477308,50843.32773979567
2010-11-02,48693.90863415855,-3903.866037587635,1545.38577477308,51052.388896973105
2010-11-03,48739.2612419934,-3903.866037587635,1545.38577477308,51097.74150480796
2010-11-04,48490.976773214294,-3903.866037587635,1545.38577477308,50849.45703602885
2010-11-05,48128.46910500759,-3903.866037587635,1545.38577477308,50486.94936782215
2010-11-08,48373.628654217115,-3903.866037587635,1545.38577477308,50732.10891703167
2010-11-09,48676.272585392464,-3903.866037587635,1545.38577477308,51034.75284820702
2010-11-10,48717.14588092943,-3903.866037587635,1545.38577477308,51075.62614374398
2010-11-11,48884.517296625534,-3903.866037587635,1545.38577477308,51242.99755944009
2010-11-12,48710.91255292157,-3903.866037587635,1545.38577477308,51069.39281573612
2010-11-15,48723.140981839504,-3903.866037587635,1545.38577477308,51081.62124465406
2010-11-16,48706.47429174953,-3903.866037587635,1545.38577477308,51064.95455456409
2010-11-17,48825.72862428636,-3903.866037587635,1545.38577477308,51184.20888710092
2010-11-18,48794.444586828584,-3903.866037587635,1545.38577477308,51152.92484964314
2010-11-19,49027.43758486374,-3903.866037587635,1545.38577477308,51385.9178476783
2010-11-22,49021.27565348055,-3903.866037587635,1545.38577477308,51379.75591629511
2010-11-23,49090.72178195021,-3903.866037587635,1545.38577477308,51449.20204476477
2010-11-24,49225.44292362966,-3903.866037587635,1545.38577477308,51583.92318644421
2010-11-26,49270.527241760865,-3903.866037587635,1545.38577477308,51629.00750457542
2010-11-29,49267.52975244401,-3903.866037587635,1545.38577477308,51626.010015258566
2010-11-30,49282.95330797159,-3903.866037587635,1545.38577477308,51641.43357078615
2010-12-01,49328.68545928248,-3903.866037587635,1545.38577477308,51687.16572209704
2010-12-02,49351.368504031794,-3903.866037587635,1545.38577477308,51709.84876684635
2010-12-03,49371.791710410034,-3903.866037587635,1545.38577477308,51730.27197322459
2010-12-06,49465.97171963076,-3903.866037587635,1545.38577477308,51824.45198244532
2010-12-07,49500.43242244539,-3903.866037587635,1545.38577477308,51858.912685259944
2010-12-08,49554.23484583362,-3903.866037587635,1545.38577477308,51912.715108648175
2010-12-09,49627.43336894852,-3903.866037587635,1545.38577477308,51985.91363176308
2010-12-10,49670.14515399444,-3903.866037587635,1545.38577477308,52028.625416808994
2010-12-13,49762.58316208003,-3903.866037587635,1545.38577477308,52121.063424894586
2010-12-14,49791.83335570805,-3903.866037587635,1545.38577477308,52150.3136185226
2010-12-15,49806.812585834414,-3903.866037587635,1545.38577477308,52165.29284864897
2010-12-16,49964.035862850724,-3903.866037587635,1545.38577477308,52322.51612566528
2010-12-17,49982.47623512405,-3903.866037587635,1545.38577477308,52340.956497938605
2010-12-20,50974.66083944985,-3903.866037587635,1545.38577477308,53333.1411022644
2010-12-21,51080.18254354736,-3903.866037587635,1545.38577477308,53438.662806361914
2010-12-22,51085.14389830106,-3903.866037587635,1545.38577477308,53443.624161115615
2010-12-23,51058.63350643846,-3903.866037587635,1545.38577477308,53417.11376925302
2010-12-27,51037.39360746159,-3903.866037587635,1545.38577477308,53395.87387027615
2010-12-28,50962.2082013723,-3903.866037587635,1545.38577477308,53320.68846418685
2010-12-29,51105.159018122125,-3903.866037587635,1545.38577477308,53463.63928093668
2010-12-30,51089.6628247553,-3903.866037587635,1545.38577477308,53448.14308756986
2010-12-31,51145.14303044579,-3903.866037587635,1545.38577477308,53503.623293260345
2011-01-03,51146.59933589492,-3903.866037587635,1545.38577477308,53505.079598709475
2011-01-04,51244.45634965482,-3903.866037587635,1545.38577477308,53602.93661246938
2011-01-05,51508.6756333767,-3903.866037587635,1545.38577477308,53867.15589619125
2011-01-06,51500.06055088714,-3903.866037587635,1545.38577477308,53858.54081370169
2011-01-07,51612.91929979692,-3903.866037587635,1545.38577477308,53971.39956261148
2011-01-10,51758.6864726271,-3903.866037587635,1545.38577477308,54117.16673544166
2011-01-11,51646.39911185508,-3903.866037587635,1545.38577477308,54004.87937466963
2011-01-12,51674.41861602175,-3903.866037587635,1545.38577477308,54032.898878836306
2011-01-13,51746.744480038295,-3903.866037587635,1545.38577477308,54105.22474285285
2011-01-14,51727.61499051959,-3903.866037587635,1545.38577477308,54086.09525333415
2011-01-18,51819.00602111267,-3903.866037587635,1545.38577477308,54177.486283927225
2011-01-19,51834.39961471711,-3903.866037587635,1545.38577477308,54192.87987753167
2011-01-20,51685.34090601723,-3903.866037587635,1545.38577477308,54043.82116883178
2011-01-21,51610.99071371928,-3903.866037587635,1545.38577477308,53969.470976533834
2011-01-24,51693.546928603435,-3903.866037587635,1545.38577477308,54052.02719141799
2011-01-25,51774.68250563694,-3903.866037587635,1545.38577477308,54133.1627684515
2011-01-26,51735.1214401701,-3903.866037587635,1545.38577477308,54093.601702984655
2011-01-27,51671.141319054645,-3903.866037587635,1545.38577477308,54029.6215818692
2011-01-28,51902.21405902575,-3903.866037587635,1545.38577477308,54260.6943218403
2011-01-31,52008.03683303716,-3903.866037587635,1545.38577477308,54366.51709585171
2011-02-01,51968.39077959512,-3903.866037587635,1545.38577477308,54326.87104240968
2011-02-02,52131.53794948384,-3903.866037587635,1545.38577477308,54490.0182122984
2011-02-03,51903.073393490165,-3903.866037587635,1545.38577477308,54261.55365630472
2011-02-04,51916.293715746375,-3903.866037587635,1545.38577477308,54274.77397856093
2011-02-07,52077.41333933221,-3903.866037587635,1545.38577477308,54435.89360214677
2011-02-08,51961.18172264495,-3903.866037587635,1545.38577477308,54319.661985459505
2011-02-09,52037.28783368715,-3903.866037587635,1545.38577477308,54395.768096501706
2011-02-10,51897.01825581142,-3903.866037587635,1545.38577477308,54255.49851862597
2011-02-11,51968.99915851536,-3903.866037587635,1545.38577477308,54327.47942132992
2011-02-14,51841.60250841011,-3903.866037587635,1545.38577477308,54200.08277122467
2011-02-15,51826.48234266671,-3903.866037587635,1545.38577477308,54184.96260548127
2011-02-16,51962.65115569066,-3903.866037587635,1545.38577477308,54321.13141850522
2011-02-17,51868.780584467575,-3903.866037587635,1545.38577477308,54227.26084728213
2011-02-18,51825.77820662246,-3903.866037587635,1545.38577477308,54184.258469437016
2011-02-22,51825.77820662246,-3903.866037587635,1545.38577477308,54184.258469437016
2011-02-23,51825.77820662246,-3903.866037587635,1545.38577477308,54184.258469437016
2011-02-24,51825.77820662246,-3903.866037587635,1545.38577477308,54184.258469437016
2011-02-25,51825.77820662246,-3903.866037587635,1545.38577477308,54184.258469437016
2011-02-28,51825.77820662246,-3903.866037587635,1545.38577477308,54184.258469437016
2011-03-01,51825.77820662246,-3903.866037587635,1545.38577477308,54184.258469437016
2011-03-02,51825.77820662246,-3903.866037587635,1545.38577477308,54184.258469437016
2011-03-03,51825.77820662246,-3903.866037587635,1545.38577477308,54184.258469437016
2011-03-04,51825.77820662246,-3903.866037587635,1545.38577477308,54184.258469437016
2011-03-07,51825.77820662246,-3903.866037587635,1545.38577477308,54184.258469437016
2011-03-08,51825.77820662246,-3903.866037587635,1545.38577477308,54184.258469437016
2011-03-09,51825.77820662246,-3903.866037587635,1545.38577477308,54184.258469437016
2011-03-10,51825.77820662246,-3903.866037587635,1545.38577477308,54184.258469437016
2011-03-11,51825.77820662246,-3903.866037587635,1545.38577477308,54184.258469437016
2011-03-14,51825.77820662246,-3903.866037587635,1545.38577477308,54184.258469437016
2011-03-15,51825.77820662246,-3903.866037587635,1545.38577477308,54184.258469437016
2011-03-16,51825.77820662246,-3903.866037587635,1545.38577477308,54184.258469437016
2011-03-17,51825.77820662246,-3903.866037587635,1545.38577477308,54184.258469437016
2011-03-18,51825.77820662246,-3903.866037587635,1545.38577477308,54184.258469437016
2011-03-21,51912.48666631547,-3903.866037587635,1545.38577477308,54270.96692913002
2011-03-22,51991.901952256216,-3903.866037587635,1545.38577477308,54350.38221507077
2011-03-23,52041.72406580229,-3903.866037587635,1545.38577477308,54400.20432861685
2011-03-24,52032.36385537591,-3903.866037587635,1545.38577477308,54390.84411819046
2011-03-25,51838.65748088178,-3903.866037587635,1545.38577477308,54197.13774369634
2011-03-28,51967.83732231567,-3903.866037587635,1545.38577477308,54326.31758513022
2011-03-29,52082.72808264522,-3903.866037587635,1545.38577477308,54441.208345459774
2011-03-30,52145.270087433746,-3903.866037587635,1545.38577477308,54503.7503502483
2011-03-31,52120.299869902665,-3903.866037587635,1545.38577477308,54478.78013271722
2011-04-01,52133.937013652176,-3903.866037587635,1545.38577477308,54492.41727646673
2011-04-04,52079.16871488723,-3903.866037587635,1545.38577477308,54437.648977701785
2011-04-05,52053.267629526556,-3903.866037587635,1545.38577477308,54411.74789234111
2011-04-06,51879.813323863316,-3903.866037587635,1545.38577477308,54238.29358667787
2011-04-07,51931.76898784051,-3903.866037587635,1545.38577477308,54290.24925065506
2011-04-08,51747.81266497169,-3903.866037587635,1545.38577477308,54106.29292778624
2011-04-11,51858.33024901454,-3903.866037587635,1545.38577477308,54216.8105118291
2011-04-12,51767.97367144958,-3903.866037587635,1545.38577477308,54126.45393426414
2011-04-13,51793.764608942205,-3903.866037587635,1545.38577477308,54152.24487175676
2011-04-14,51668.97541981377,-3903.866037587635,1545.38577477308,54027.45568262832
2011-04-15,51469.98989271,-3903.866037587635,1545.38577477308,53828.470155524556
2011-04-18,52000.6798912643,-3903.866037587635,1545.38577477308,54359.160154078854
2011-04-19,52282.699472867884,-3903.866037587635,1545.38577477308,54641.17973568244
2011-04-20,52443.08394106454,-3903.866037587635,1545.38577477308,54801.5642038791
2011-04-21,52634.868652859004,-3903.866037587635,1545.38577477308,54993.34891567356
2011-04-25,52572.43657621811,-3903.866037587635,1545.38577477308,54930.91683903267
2011-04-26,52510.73319540918,-3903.866037587635,1545.38577477308,54869.213458223734
2011-04-27,52481.6908137328,-3903.866037587635,1545.38577477308,54840.171076547354
2011-04-28,52145.149115900975,-3903.866037587635,1545.38577477308,54503.62937871553
2011-04-29,51979.48167315731,-3903.866037587635,1545.38577477308,54337.96193597186
2011-05-02,52187.88349295105,-3903.866037587635,1545.38577477308,54546.363755765604
2011-05-03,51773.698849870125,-3903.866037587635,1545.38577477308,54132.17911268468
2011-05-04,51605.785536749754,-3903.866037587635,1545.38577477308,53964.26579956431
2011-05-05,51140.69321704004,-3903.866037587635,1545.38577477308,53499.173479854595
2011-05-06,51404.227892177645,-3903.866037587635,1545.38577477308,53762.7081549922
2011-05-09,52017.65829834947,-3903.866037587635,1545.38577477308,54376.13856116403
2011-05-10,52143.87631019717,-3903.866037587635,1545.38577477308,54502.356573011726
2011-05-11,51398.24733146187,-3903.866037587635,1545.38577477308,53756.727594276424
2011-05-12,50723.36264164699,-3903.866037587635,1545.38577477308,53081.84290446155
2011-05-13,50709.8594018952,-3903.866037587635,1545.38577477308,53068.339664709754
2011-05-16,50371.050078969216,-3903.866037587635,1545.38577477308,52729.53034178377
2011-05-17,50595.138762683375,-3903.866037587635,1545.38577477308,52953.61902549793
2011-05-18,51185.897307847394,-3903.866037587635,1545.38577477308,53544.37757066195
2011-05-19,51344.2205086702,-3903.866037587635,1545.38577477308,53702.70077148476
2011-05-20,50979.802467329195,-3903.866037587635,1545.38577477308,53338.28273014375
2011-05-23,50972.66675346508,-3903.866037587635,1545.38577477308,53331.14701627963
2011-05-24,50986.047744405456,-3903.866037587635,1545.38577477308,53344.52800722001
2011-05-25,51031.628287217114,-3903.866037587635,1545.38577477308,53390.10855003167
2011-05-26,51067.64181258646,-3903.866037587635,1545.38577477308,53426.122075401014
2011-05-27,51086.33279216732,-3903.866037587635,1545.38577477308,53444.813054981874
2011-05-31,51113.04646611097,-3903.866037587635,1545.38577477308,53471.52672892553
2011-06-01,51165.028908334905,-3903.866037587635,1545.38577477308,53523.50917114946
2011-06-02,51105.137428088114,-3903.866037587635,1545.38577477308,53463.61769090267
2011-06-03,51079.13241736498,-3903.866037587635,1545.38577477308,53437.61268017953
2011-06-06,51159.63092142553,-3903.866037587635,1545.38577477308,53518.111184240086
2011-06-07,51176.85252721724,-3903.866037587635,1545.38577477308,53535.332790031796
2011-06-08,51273.30977745564,-3903.866037587635,1545.38577477308,53631.79004027019
2011-06-09,51230.08324585203,-3903.866037587635,1545.38577477308,53588.563508666586
2011-06-10,51273.184439023025,-3903.866037587635,1545.38577477308,53631.66470183758
2011-06-13,51348.880087771686,-3903.866037587635,1545.38577477308,53707.36035058624
2011-06-14,51383.704044849146,-3903.866037587635,1545.38577477308,53742.1843076637
2011-06-15,51442.882019751705,-3903.866037587635,1545.38577477308,53801.36228256626
2011-06-16,51546.92606050335,-3903.866037587635,1545.38577477308,53905.406323317904
2011-06-17,51683.16985841049,-3903.866037587635,1545.38577477308,54041.650121225044
2011-06-20,51765.7882685354,-3903.866037587635,1545.38577477308,54124.26853134995
2011-06-21,51820.91174679622,-3903.866037587635,1545.38577477308,54179.392009610776
2011-06-22,51844.24901505001,-3903.866037587635,1545.38577477308,54202.729277864564
2011-06-23,51621.87126409775,-3903.866037587635,1545.38577477308,53980.3515269123
2011-06-24,51703.239794519264,-3903.866037587635,1545.38577477308,54061.72005733382
2011-06-27,51936.31024255301,-3903.866037587635,1545.38577477308,54294.790505367564
2011-06-28,52036.402745340485,-3903.866037587635,1545.38577477308,54394.88300815504
2011-06-29,52040.83043183666,-3903.866037587635,1545.38577477308,54399.31069465121
2011-06-30,51971.93757541641,-3903.866037587635,1545.38577477308,54330.41783823096
2011-07-01,51958.58886217745,-3903.866037587635,1545.38577477308,54317.069124992006
2011-07-05,51985.71966118016,-3903.866037587635,1545.38577477308,54344.19992399472
2011-07-06,51949.60466188262,-3903.866037587635,1545.38577477308,54308.08492469718
2011-07-07,52065.87397393747,-3903.866037587635,1545.38577477308,54424.35423675203
2011-07-08,52062.54718487454,-3903.866037587635,1545.38577477308,54421.02744768909
2011-07-11,51983.84389391658,-3903.866037587635,1545.38577477308,54342.324156731134
2011-07-12,51858.49394077086,-3903.866037587635,1545.38577477308,54216.974203585414
2011-07-13,51928.726319383364,-3903.866037587635,1545.38577477308,54287.20658219792
2011-07-14,51889.72329843626,-3903.866037587635,1545.38577477308,54248.20356125082
2011-07-15,52016.456787311705,-3903.866037587635,1545.38577477308,54374.93705012626
2011-07-18,52513.971066305414,-3903.866037587635,1545.38577477308,54872.45132911997
2011-07-19,52918.723138141446,-3903.866037587635,1545.38577477308,55277.203400956
2011-07-20,53058.27351291152,-3903.866037587635,1545.38577477308,55416.75377572607
2011-07-21,52997.56818104745,-3903.866037587635,1545.38577477308,55356.048443862004
2011-07-22,53216.91929501528,-3903.866037587635,1545.38577477308,55575.399557829835
2011-07-25,52971.48012965312,-3903.866037587635,1545.38577477308,55329.96039246768
2011-07-26,52859.790139816236,-3903.866037587635,1545.38577477308,55218.27040263079
2011-07-27,51833.639447594294,-3903.866037587635,1545.38577477308,54192.11971040885
2011-07-28,51914.8296856347,-3903.866037587635,1545.38577477308,54273.309948449256
2011-07-29,51544.66849175771,-3903.866037587635,1545.38577477308,53903.14875457226
2011-08-01,51612.55663298187,-3903.866037587635,1545.38577477308,53971.036895796424
2011-08-02,51130.46743134945,-3903.866037587635,1545.38577477308,53488.947694164
2011-08-03,51436.16540461825,-3903.866037587635,1545.38577477308,53794.64566743281
2011-08-04,49141.853628817014,-3903.866037587635,1545.38577477308,51500.33389163157
2011-08-05,49172.1919239352,-3903.866037587635,1545.38577477308,51530.672186749754
2011-08-08,48045.49693166418,-3903.866037587635,1545.38577477308,50403.977194478735
2011-08-09,49297.24206590257,-3903.866037587635,1545.38577477308,51655.72232871712
2011-08-10,48354.19647496962,-3903.866037587635,1545.38577477308,50712.676737784175
2011-08-11,50086.331444300944,-3903.866037587635,1545.38577477308,52444.8117071155
2011-08-12,50155.31503177574,-3903.866037587635,1545.38577477308,52513.795294590294
2011-08-15,50509.88737319922,-3903.866037587635,1545.38577477308,52868.367636013776
2011-08-16,50738.49489470292,-3903.866037587635,1545.38577477308,53096.975157517474
2011-08-17,50999.013115687296,-3903.866037587635,1545.38577477308,53357.49337850185
2011-08-18,51578.11012519803,-3903.866037587635,1545.38577477308,53936.590388012584
2011-08-19,51676.00248790509,-3903.866037587635,1545.38577477308,54034.482750719646
2011-08-22,53393.382023504004,-2534.520755656529,1545.38577477308,54382.51700438745
2011-08-23,53821.53857493703,-2407.643406242132,1545.38577477308,54683.796206406085
2011-08-24,52072.04946595512,-4097.390020288178,1545.38577477308,54624.05371147022
2011-08-25,49881.4497107662,-6363.281361776986,1545.38577477308,54699.34529777011
2011-08-26,50555.78406145377,-5839.697168365819,1545.38577477308,54850.09545504651
2011-08-29,53907.08000009495,-2852.774946512305,1545.38577477308,55214.46917183418
2011-08-30,53980.95742521121,-2777.3242253571516,1545.38577477308,55212.89587579528
2011-08-31,55050.81082940532,-1457.8296987867216,1545.38577477308,54963.254753418965
2011-09-01,55268.46945452178,-1541.3814050043002,1545.38577477308,55264.465084753
2011-09-02,54446.59502771427,-2561.428334199358,1545.38577477308,55462.63758714055
2011-09-06,53744.849366704584,-3362.5187515403377,1545.38577477308,55561.98234347184
2011-09-07,55291.761094422545,-2107.4804481135216,1545.38577477308,55853.85576776299
2011-09-08,55121.001111197984,-2259.3137572777923,1545.38577477308,55834.929093702696
2011-09-09,53740.569774790434,-3499.196247316897,1545.38577477308,55694.38024733425
2011-09-12,55491.02428815048,-2307.1279481325764,1545.38577477308,56252.76646150998
2011-09-13,57360.11826168257,-864.2452727411874,1545.38577477308,56678.977759650676
2011-09-14,58735.55959711864,296.3076140146004,1545.38577477308,56893.86620833096
2011-09-15,57958.56905155047,-442.25179853942245,1545.38577477308,56855.43507531681
2011-09-16,57655.23798572912,-840.7056708867894,1545.38577477308,56950.55788184283
2011-09-19,61370.21588824934,2669.133436070173,1545.38577477308,57155.696677406086
2011-09-20,61987.82384245284,3292.2985220521223,1545.38577477308,57150.13954562764
2011-09-21,68516.33705662563,9800.747620061273,1545.38577477308,57170.20366179128
2011-09-22,74164.20396782516,16439.109426724608,1545.38577477308,56179.70876632747
2011-09-23,73087.71944942442,15098.123084672727,1545.38577477308,56444.21058997861
2011-09-26,69697.1211513211,11404.661300574895,1545.38577477308,56747.07407597313
2011-09-27,67792.64297972433,9245.299501565518,1545.38577477308,57001.957703385735
2011-09-28,70297.73462128651,11825.259369843057,1545.38577477308,56927.08947667037
2011-09-29,71621.03639641614,12998.746176687768,1545.38577477308,57076.90444495529
2011-09-30,88763.14379434846,30284.788357597543,1545.38577477308,56932.96966197784
2011-10-03,78203.9086563423,20065.70898322959,1545.38577477308,56592.813898339635
2011-10-04,78141.06775760604,19584.91253366694,1545.38577477308,57010.76944916602
2011-10-05,76240.2083214348,17382.940066554467,1545.38577477308,57311.88248010725
2011-10-06,74062.5954406393,15051.113292217371,1545.38577477308,57466.09637364885
2011-10-07,75453.37755613588,16674.614585193573,1545.38577477308,57233.377196169225
2011-10-10,72115.3821181833,12739.742283295258,1545.38577477308,57830.25406011497
2011-10-11,72562.82454592024,13237.19621139334,1545.38577477308,57780.242559753824
2011-10-12,71856.83499240526,12231.013379054843,1545.38577477308,58080.43583857734
2011-10-13,71322.75175540056,11711.371061508777,1545.38577477308,58065.994919118704
2011-10-14,69083.34185860981,9226.812371984823,1545.38577477308,58311.14371185191
2011-10-17,67781.2056030737,8302.522290164256,1545.38577477308,57933.297538136365
2011-10-18,68739.73211377498,8808.39495407429,1545.38577477308,58385.95138492761
2011-10-19,68681.01775240747,8741.501117939013,1545.38577477308,58394.130859695375
2011-10-20,68944.56852624915,8755.42629443924,1545.38577477308,58643.75645703683
2011-10-21,70430.83424510993,9753.293245855486,1545.38577477308,59132.155224481365
2011-10-24,70575.82623492507,9753.293245855486,1545.38577477308,59277.14721429651
2011-10-25,70453.70349622308,9753.293245855486,1545.38577477308,59155.02447559452
2011-10-26,70574.02798888134,9753.293245855486,1545.38577477308,59275.34896825277
2011-10-27,70421.38489293726,9753.293245855486,1545.38577477308,59122.705872308696
2011-10-28,70428.3385613719,9753.293245855486,1545.38577477308,59129.659540743334
2011-10-31,70221.43132779282,9753.293245855486,1545.38577477308,58922.75230716425
2011-11-01,69803.60446050065,9753.293245855486,1545.38577477308,58504.92543987208
2011-11-02,70228.20189775666,9753.293245855486,1545.38577477308,58929.522877128096
2011-11-03,70729.87864283333,9753.293245855486,1545.38577477308,59431.19962220476
2011-11-04,70660.56036067964,9753.293245855486,1545.38577477308,59361.88134005107
2011-11-07,70923.11643080693,9753.293245855486,1545.38577477308,59624.43741017836
2011-11-08,71014.71581360837,9753.293245855486,1545.38577477308,59716.03679297981
2011-11-09,70815.47428627149,9753.293245855486,1545.38577477308,59516.795265642926
2011-11-10,70893.29522659583,9753.293245855486,1545.38577477308,59594.616205967264
2011-11-11,70877.65816599084,9753.293245855486,1545.38577477308,59578.979145362275
2011-11-14,70886.73787472746,9753.293245855486,1545.38577477308,59588.0588540989
2011-11-15,71024.03341980395,9753.293245855486,1545.38577477308,59725.35439917538
2011-11-16,71085.23075082526,9753.293245855486,1545.38577477308,59786.55173019669
2011-11-17,70904.6550389796,9753.293245855486,1545.38577477308,59605.97601835104
2011-11-18,70887.05684312992,9753.293245855486,1545.38577477308,59588.37782250135
2011-11-21,72711.25173133472,11576.610845763236,1545.38577477308,59589.2551107984
2011-11-22,73959.99199800007,12748.111362745054,1545.38577477308,59666.49486048194
2011-11-23,77020.1729139348,16060.639929115307,1545.38577477308,59414.147210046416
2011-11-25,76273.52718535019,15208.60041329125,1545.38577477308,59519.54099728586
2011-11-28,75397.57406385418,13945.623104566592,1545.38577477308,59906.565184514504
2011-11-29,76151.94294821261,14641.722844538512,1545.38577477308,59964.83432890102
2011-11-30,77585.75000135263,16218.068265288253,1545.38577477308,59822.2959612913
2011-12-01,76264.8016633282,14861.327447407413,1545.38577477308,59858.0884411477
2011-12-02,76982.5318313489,15588.7333683545,1545.38577477308,59848.41268822132
2011-12-05,77940.72524705343,16523.225228968542,1545.38577477308,59872.11424331181
2011-12-06,78605.88965718308,17130.018540507182,1545.38577477308,59930.48534190282
2011-12-07,79357.21402999666,17788.668577482225,1545.38577477308,60023.15967774135
2011-12-08,78094.71472002391,16452.35849486536,1545.38577477308,60096.970450385474
2011-12-09,79602.47664168756,18011.33007089165,1545.38577477308,60045.760796022834
2011-12-12,79940.784849894,18200.67652916489,1545.38577477308,60194.72254595603
2011-12-13,79408.14914054365,17694.84971620806,1545.38577477308,60167.91364956251
2011-12-14,79228.23221531813,17473.645087384386,1545.38577477308,60209.201353160664
2011-12-15,78995.15563974879,17412.710250515025,1545.38577477308,60037.05961446068
2011-12-16,77781.72237636556,16078.90413680009,1545.38577477308,60157.43246479239
2011-12-19,78133.60036315408,16078.90413680009,1545.38577477308,60509.31045158091
2011-12-20,78236.41553871415,16078.90413680009,1545.38577477308,60612.12562714098
2011-12-21,78316.81007427594,16078.90413680009,1545.38577477308,60692.52016270277
2011-12-22,78452.77275381063,16078.90413680009,1545.38577477308,60828.482842237456
2011-12-23,78314.176486679,16078.90413680009,1545.38577477308,60689.88657510583
2011-12-27,78194.25842950388,16078.90413680009,1545.38577477308,60569.96851793071
2011-12-28,78255.81896922423,16078.90413680009,1545.38577477308,60631.52905765106
2011-12-29,78298.3180897435,16078.90413680009,1545.38577477308,60674.02817817032
2011-12-30,78352.94763064652,16078.90413680009,1545.38577477308,60728.65771907335
2012-01-03,78509.61056357843,16078.90413680009,1545.38577477308,60885.32065200526
2012-01-04,78545.7569061917,16078.90413680009,1545.38577477308,60921.46699461853
2012-01-05,78548.11670468014,16078.90413680009,1545.38577477308,60923.82679310697
2012-01-06,78665.27122333052,16078.90413680009,1545.38577477308,61040.98131175735
2012-01-09,78706.18012122822,16078.90413680009,1545.38577477308,61081.890209655045
2012-01-10,78435.54291863635,16078.90413680009,1545.38577477308,60811.25300706318
2012-01-11,78259.49397856102,16078.90413680009,1545.38577477308,60635.20406698785
2012-01-12,78033.44753263693,16078.90413680009,1545.38577477308,60409.15762106376
2012-01-13,78186.03853882279,16078.90413680009,1545.38577477308,60561.74862724962
2012-01-17,78139.46338414575,16078.90413680009,1545.38577477308,60515.173472572584
2012-01-18,78266.46147296357,16078.90413680009,1545.38577477308,60642.171561390394
2012-01-19,78338.60454981856,16078.90413680009,1545.38577477308,60714.314638245385
2012-01-20,78993.60061187262,16078.90413680009,1545.38577477308,61369.31070029945
2012-01-23,78993.64842012257,16078.90413680009,1545.38577477308,61369.3585085494
2012-01-24,78984.01857036317,16078.90413680009,1545.38577477308,61359.72865879
2012-01-25,78994.35144342633,16078.90413680009,1545.38577477308,61370.06153185316
2012-01-26,78995.31699172489,16078.90413680009,1545.38577477308,61371.02708015172
2012-01-27,78973.80917542975,16078.90413680009,1545.38577477308,61349.51926385658
2012-01-30,78999.86456582148,16078.90413680009,1545.38577477308,61375.57465424831
2012-01-31,79156.09936945059,16078.90413680009,1545.38577477308,61531.80945787742
2012-02-01,79201.83138828201,16078.90413680009,1545.38577477308,61577.54147670884
2012-02-02,79223.28697196848,16078.90413680009,1545.38577477308,61598.99706039531
2012-02-03,79214.01830797025,16078.90413680009,1545.38577477308,61589.728396397084
2012-02-06,79273.98994146043,16078.90413680009,1545.38577477308,61649.70002988726
2012-02-07,79303.65707132814,16078.90413680009,1545.38577477308,61679.36715975497
2012-02-08,79313.0649516288,16078.90413680009,1545.38577477308,61688.775040055625
2012-02-09,79540.05241455289,16078.90413680009,1545.38577477308,61915.76250297972
2012-02-10,79528.69943056873,16078.90413680009,1545.38577477308,61904.409518995555
2012-02-13,79629.09716291085,16078.90413680009,1545.38577477308,62004.80725133768
2012-02-14,79618.07089005562,16078.90413680009,1545.38577477308,61993.78097848245
2012-02-15,79690.73835578247,16078.90413680009,1545.38577477308,62066.448444209294
2012-02-16,79684.47369739052,16078.90413680009,1545.38577477308,62060.18378581735
2012-02-17,79725.21906891384,16078.90413680009,1545.38577477308,62100.929157340666
2012-02-21,79725.21906891384,16078.90413680009,1545.38577477308,62100.929157340666
2012-02-22,79725.21906891384,16078.90413680009,1545.38577477308,62100.929157340666
2012-02-23,79725.21906891384,16078.90413680009,1545.38577477308,62100.929157340666
2012-02-24,79725.21906891384,16078.90413680009,1545.38577477308,62100.929157340666
2012-02-27,79725.21906891384,16078.90413680009,1545.38577477308,62100.929157340666
2012-02-28,79725.21906891384,16078.90413680009,1545.38577477308,62100.929157340666
2012-02-29,79725.21906891384,16078.90413680009,1545.38577477308,62100.929157340666
2012-03-01,79725.21906891384,16078.90413680009,1545.38577477308,62100.929157340666
2012-03-02,79725.21906891384,16078.90413680009,1545.38577477308,62100.929157340666
2012-03-05,79725.21906891384,16078.90413680009,1545.38577477308,62100.929157340666
2012-03-06,79725.21906891384,16078.90413680009,1545.38577477308,62100.929157340666
2012-03-07,79725.21906891384,16078.90413680009,1545.38577477308,62100.929157340666
2012-03-08,79725.21906891384,16078.90413680009,1545.38577477308,62100.929157340666
2012-03-09,79725.21906891384,16078.90413680009,1545.38577477308,62100.929157340666
2012-03-12,79725.21906891384,16078.90413680009,1545.38577477308,62100.929157340666
2012-03-13,79725.21906891384,16078.90413680009,1545.38577477308,62100.929157340666
2012-03-14,79725.21906891384,16078.90413680009,1545.38577477308,62100.929157340666
2012-03-15,79725.21906891384,16078.90413680009,1545.38577477308,62100.929157340666
2012-03-16,79725.21906891384,16078.90413680009,1545.38577477308,62100.929157340666
2012-03-19,80137.6272576194,16078.90413680009,1545.38577477308,62513.33734604623
2012-03-20,80302.84626086603,16078.90413680009,1545.38577477308,62678.55634929286
2012-03-21,80717.11401963362,16078.90413680009,1545.38577477308,63092.82410806045
2012-03-22,80665.41671632126,16078.90413680009,1545.38577477308,63041.126804748084
2012-03-23,80848.74699282402,16078.90413680009,1545.38577477308,63224.45708125085
2012-03-26,80935.80243127921,16078.90413680009,1545.38577477308,63311.51251970604
2012-03-27,80943.87216757156,16078.90413680009,1545.38577477308,63319.58225599839
2012-03-28,81038.22939856688,16078.90413680009,1545.38577477308,63413.93948699371
2012-03-29,81091.40288009716,16078.90413680009,1545.38577477308,63467.11296852399
2012-03-30,81041.59710871789,16078.90413680009,1545.38577477308,63417.30719714472
2012-04-02,81197.34160249343,16078.90413680009,1545.38577477308,63573.051690920256
2012-04-03,81245.99096724938,16078.90413680009,1545.38577477308,63621.70105567621
2012-04-04,81107.54429722775,16078.90413680009,1545.38577477308,63483.25438565458
2012-04-05,81209.16506675433,16078.90413680009,1545.38577477308,63584.87515518116
2012-04-09,81237.44179021113,16078.90413680009,1545.38577477308,63613.15187863796
2012-04-10,80910.05745678104,16078.90413680009,1545.38577477308,63285.76754520787
2012-04-11,81157.46879946359,16078.90413680009,1545.38577477308,63533.17888789042
2012-04-12,81326.23470448132,16078.90413680009,1545.38577477308,63701.94479290815
2012-04-13,81399.58852911124,16078.90413680009,1545.38577477308,63775.298617538065
2012-04-16,81618.33747842873,16078.90413680009,1545.38577477308,63994.04756685556
2012-04-17,81783.52168611658,16078.90413680009,1545.38577477308,64159.23177454341
2012-04-18,81910.18581221334,16078.90413680009,1545.38577477308,64285.89590064017
2012-04-19,81948.19295410102,16078.90413680009,1545.38577477308,64323.90304252785
2012-04-20,81952.61079475249,16078.90413680009,1545.38577477308,64328.320883179316
2012-04-23,81743.70107960247,16078.90413680009,1545.38577477308,64119.4111680293
2012-04-24,81612.3282728641,16078.90413680009,1545.38577477308,63988.038361290935
2012-04-25,81727.1895070296,16078.90413680009,1545.38577477308,64102.89959545643
2012-04-26,81999.12454035191,16078.90413680009,1545.38577477308,64374.83462877874
2012-04-27,82040.05422036524,16078.90413680009,1545.38577477308,64415.76430879207
2012-04-30,82130.6167941225,16078.90413680009,1545.38577477308,64506.32688254933
2012-05-01,82976.365169166,16078.90413680009,1545.38577477308,65352.075257592835
2012-05-02,83154.22215892223,16078.90413680009,1545.38577477308,65529.93224734906
2012-05-03,83058.72941019142,16078.90413680009,1545.38577477308,65434.439498618245
2012-05-04,82711.89754997625,16078.90413680009,1545.38577477308,65087.607638403075
2012-05-07,83073.24212093919,16078.90413680009,1545.38577477308,65448.95220936602
2012-05-08,82935.44484826748,16078.90413680009,1545.38577477308,65311.15493669431
2012-05-09,82989.05839194625,16078.90413680009,1545.38577477308,65364.76848037308
2012-05-10,82230.83188921318,16078.90413680009,1545.38577477308,64606.54197764001
2012-05-11,82053.1372330928,16078.90413680009,1545.38577477308,64428.84732151963
2012-05-14,82297.77217663813,16078.90413680009,1545.38577477308,64673.48226506496
2012-05-15,82255.18619871221,16078.90413680009,1545.38577477308,64630.89628713904
2012-05-16,82432.22551015054,16078.90413680009,1545.38577477308,64807.93559857737
2012-05-17,82502.53920040757,16078.90413680009,1545.38577477308,64878.2492888344
2012-05-18,82479.71590258193,16078.90413680009,1545.38577477308,64855.42599100876
2012-05-21,82659.91158589825,16078.90413680009,1545.38577477308,65035.621674325084
2012-05-22,82681.35846333217,16078.90413680009,1545.38577477308,65057.068551759
2012-05-23,82626.2968541045,16078.90413680009,1545.38577477308,65002.00694253133
2012-05-24,82624.6417975343,16078.90413680009,1545.38577477308,65000.351885961136
2012-05-25,82658.45504685969,16078.90413680009,1545.38577477308,65034.165135286516
2012-05-29,82708.02021938108,16078.90413680009,1545.38577477308,65083.73030780791
2012-05-30,82726.0377568918,16078.90413680009,1545.38577477308,65101.747845318634
2012-05-31,82633.16869872774,16078.90413680009,1545.38577477308,65008.878787154565
2012-06-01,82575.33848176838,16078.90413680009,1545.38577477308,64951.04857019521
2012-06-04,82660.2263788794,16078.90413680009,1545.38577477308,65035.93646730622
2012-06-05,82670.16425568087,16078.90413680009,1545.38577477308,65045.874344107695
2012-06-06,82622.5206290806,16078.90413680009,1545.38577477308,64998.230717507424
2012-06-07,82677.62985829136,16078.90413680009,1545.38577477308,65053.33994671819
2012-06-08,82548.90119854745,16078.90413680009,1545.38577477308,64924.61128697428
2012-06-11,82706.45887881599,16078.90413680009,1545.38577477308,65082.16896724282
2012-06-12,82756.27359228104,16078.90413680009,1545.38577477308,65131.98368070787
2012-06-13,82703.3239530382,16078.90413680009,1545.38577477308,65079.03404146503
2012-06-14,82509.39727343118,16078.90413680009,1545.38577477308,64885.10736185801
2012-06-15,82453.09392210713,16078.90413680009,1545.38577477308,64828.80401053396
2012-06-18,82898.91121837741,16078.90413680009,1545.38577477308,65274.62130680424
2012-06-19,83207.34193205147,16078.90413680009,1545.38577477308,65583.0520204783
2012-06-20,83232.53969483462,16078.90413680009,1545.38577477308,65608.24978326145
2012-06-21,83069.1690169106,16078.90413680009,1545.38577477308,65444.87910533743
2012-06-22,83237.35375347559,16078.90413680009,1545.38577477308,65613.06384190242
2012-06-25,83053.14013970701,16078.90413680009,1545.38577477308,65428.850228133844
2012-06-26,83135.9568510229,16078.90413680009,1545.38577477308,65511.66693944973
2012-06-27,83293.66396651522,16078.90413680009,1545.38577477308,65669.37405494205
2012-06-28,83666.328548147,16078.90413680009,1545.38577477308,66042.03863657382
2012-06-29,83527.9336050466,16078.90413680009,1545.38577477308,65903.64369347342
2012-07-02,83359.45045964338,16078.90413680009,1545.38577477308,65735.16054807021
2012-07-03,83223.96518557041,16078.90413680009,1545.38577477308,65599.67527399724
2012-07-05,83453.13214870065,16078.90413680009,1545.38577477308,65828.84223712748
2012-07-06,83455.89189127937,16078.90413680009,1545.38577477308,65831.6019797062
2012-07-09,83445.81834471563,16078.90413680009,1545.38577477308,65821.52843314246
2012-07-10,83204.28837157215,16078.90413680009,1545.38577477308,65579.99845999898
2012-07-11,83053.25214754872,16078.90413680009,1545.38577477308,65428.962235975545
2012-07-12,83038.50071808242,16078.90413680009,1545.38577477308,65414.21080650925
2012-07-13,82886.66776760074,16078.90413680009,1545.38577477308,65262.37785602757
2012-07-16,82770.51331266935,16078.90413680009,1545.38577477308,65146.223401096184
2012-07-17,82873.19642618333,16078.90413680009,1545.38577477308,65248.906514610164
2012-07-18,82927.83039073076,16078.90413680009,1545.38577477308,65303.540479157586
2012-07-19,83012.87859103607,16078.90413680009,1545.38577477308,65388.588679462904
2012-07-20,83104.09898196312,16078.90413680009,1545.38577477308,65479.80907038995
2012-07-23,82981.87821172934,16078.90413680009,1545.38577477308,65357.588300156174
2012-07-24,82537.07812124852,16078.90413680009,1545.38577477308,64912.788209675346
2012-07-25,82736.65991370857,16078.90413680009,1545.38577477308,65112.3700021354
2012-07-26,82886.30890527426,16078.90413680009,1545.38577477308,65262.01899370109
2012-07-27,82991.99829884048,16078.90413680009,1545.38577477308,65367.70838726731
2012-07-30,83007.5546692455,16078.90413680009,1545.38577477308,65383.264757672325
2012-07-31,82982.44545245089,16078.90413680009,1545.38577477308,65358.15554087772
2012-08-01,83128.71918843745,16078.90413680009,1545.38577477308,65504.42927686428
2012-08-02,83114.051128514,16078.90413680009,1545.38577477308,65489.761216940824
2012-08-03,83259.56249148783,16078.90413680009,1545.38577477308,65635.27257991466
2012-08-06,83391.42410416494,16078.90413680009,1545.38577477308,65767.13419259177
2012-08-07,83647.71261787356,16078.90413680009,1545.38577477308,66023.4227063004
2012-08-08,83561.65041055775,16078.90413680009,1545.38577477308,65937.36049898458
2012-08-09,83422.05609516276,16078.90413680009,1545.38577477308,65797.76618358959
2012-08-10,83416.85027290403,16078.90413680009,1545.38577477308,65792.56036133086
2012-08-13,83629.52225605946,16078.90413680009,1545.38577477308,66005.23234448629
2012-08-14,83498.36945314996,16078.90413680009,1545.38577477308,65874.0795415768
2012-08-15,83511.67618779384,16078.90413680009,1545.38577477308,65887.38627622067
2012-08-16,83062.88144436933,16078.90413680009,1545.38577477308,65438.591532796156
2012-08-17,83180.3191625789,16078.90413680009,1545.38577477308,65556.02925100573
2012-08-20,83451.3330213594,16078.90413680009,1545.38577477308,65827.04310978623
2012-08-21,83559.17236173677,16078.90413680009,1545.38577477308,65934.8824501636
2012-08-22,83706.91467518278,16078.90413680009,1545.38577477308,66082.62476360961
2012-08-23,83606.3388947047,16078.90413680009,1545.38577477308,65982.04898313154
2012-08-24,83742.58922378963,16078.90413680009,1545.38577477308,66118.29931221646
2012-08-27,83763.27393756493,16078.90413680009,1545.38577477308,66138.98402599175
2012-08-28,83793.28374362842,16078.90413680009,1545.38577477308,66168.99383205525
2012-08-29,83801.46477787534,16078.90413680009,1545.38577477308,66177.17486630217
2012-08-30,83771.68611254462,16078.90413680009,1545.38577477308,66147.39620097145
2012-08-31,83753.55664714111,16078.90413680009,1545.38577477308,66129.26673556794
2012-09-04,83732.24963226856,16078.90413680009,1545.38577477308,66107.95972069539
2012-09-05,83740.82129948039,16078.90413680009,1545.38577477308,66116.53138790722
2012-09-06,83847.92842076102,16078.90413680009,1545.38577477308,66223.63850918785
2012-09-07,84000.33123153297,16078.90413680009,1545.38577477308,66376.0413199598
2012-09-10,84041.24597724935,16078.90413680009,1545.38577477308,66416.95606567618
2012-09-11,84061.51661729382,16078.90413680009,1545.38577477308,66437.22670572065
2012-09-12,84107.71299592091,16078.90413680009,1545.38577477308,66483.42308434774
2012-09-13,84068.58824369835,16078.90413680009,1545.38577477308,66444.29833212518
2012-09-14,83958.7748403413,16078.90413680009,1545.38577477308,66334.48492876813
2012-09-17,83954.9080241191,16078.90413680009,1545.38577477308,66330.61811254593
2012-09-18,84147.50898831326,16078.90413680009,1545.38577477308,66523.21907674009
2012-09-19,84104.89915900805,16078.90413680009,1545.38577477308,66480.60924743488
2012-09-20,84085.91379621986,16078.90413680009,1545.38577477308,66461.62388464669
2012-09-21,84012.60634936008,16078.90413680009,1545.38577477308,66388.31643778691
2012-09-24,83421.41963036289,16078.90413680009,924.0443217075663,66418.47117185523
2012-09-25,82664.2621034619,16078.90413680009,182.2165193009423,66403.14144736086
2012-09-26,82299.08785794629,16078.90413680009,-180.1684948717011,66400.3522160179
2012-09-27,83098.68385394628,16078.90413680009,575.4061237748247,66444.37359337136
2012-09-28,82076.45545110619,16078.90413680009,-230.08016367966775,66227.63147798576
2012-10-01,81724.42013590678,16078.90413680009,-677.1530047473498,66322.66900385404
2012-10-02,81698.13879297324,16078.90413680009,-714.8853547255276,66334.12001089868
2012-10-03,81902.23747687438,16078.90413680009,-509.19252160948236,66332.52586168377
2012-10-04,81770.1426381059,16078.90413680009,-491.54704865801614,66182.78554996382
2012-10-05,82225.24739654595,16078.90413680009,-81.20921364717651,66227.55247339304
2012-10-08,81690.53891017113,16078.90413680009,-601.0729278377257,66212.70770120877
2012-10-09,80861.60413740296,16078.90413680009,-1383.7357384857023,66166.43573908857
2012-10-10,80441.62578786619,16078.90413680009,-1754.8580521075055,66117.5797031736
2012-10-11,81060.16381236596,16078.90413680009,-1211.138104322832,66192.3977798887
2012-10-12,80240.97627430351,16078.90413680009,-1975.2890312883537,66137.36116879177
2012-10-15,80427.54119940975,16078.90413680009,-1761.4907154436223,66110.12777805328
2012-10-16,80718.9669911688,16078.90413680009,-1583.5161059019156,66223.57896027062
2012-10-17,82764.69717740582,16078.90413680009,175.2107859677635,66510.58225463796
2012-10-18,83888.72594544874,16078.90413680009,1226.3427865436533,66583.47902210499
2012-10-19,83383.94804454164,16078.90413680009,676.0576301494148,66628.98627759214
2012-10-22,83563.61276058515,16078.90413680009,676.0576301494148,66808.65099363565
2012-10-23,83282.57703745307,16078.90413680009,676.0576301494148,66527.61527050356
2012-10-24,83249.2068875205,16078.90413680009,676.0576301494148,66494.245120571
2012-10-25,83570.24818519049,16078.90413680009,676.0576301494148,66815.28641824098
2012-10-26,83878.71200778068,16078.90413680009,676.0576301494148,67123.75024083117
2012-10-31,84040.12253395852,16078.90413680009,676.0576301494148,67285.16076700902
2012-11-01,83676.52892054652,16078.90413680009,676.0576301494148,66921.56715359702
2012-11-02,83504.28808684705,16078.90413680009,676.0576301494148,66749.32631989755
2012-11-05,83520.30013754673,16078.90413680009,676.0576301494148,66765.33837059722
2012-11-06,83474.49648715684,16078.90413680009,676.0576301494148,66719.53472020733
2012-11-07,83250.95238368202,16078.90413680009,676.0576301494148,66495.99061673251
2012-11-08,82770.80875777558,16078.90413680009,676.0576301494148,66015.84699082607
2012-11-09,82624.54190733086,16078.90413680009,676.0576301494148,65869.58014038135
2012-11-12,82840.71695769753,16078.90413680009,676.0576301494148,66085.75519074802
2012-11-13,82548.33700623305,16078.90413680009,676.0576301494148,65793.37523928354
2012-11-14,82996.1915915123,16078.90413680009,676.0576301494148,66241.22982456279
2012-11-15,83202.74980683823,16078.90413680009,676.0576301494148,66447.78803988872
2012-11-16,83667.25951213122,16078.90413680009,676.0576301494148,66912.29774518171
2012-11-19,83718.85762055882,16078.90413680009,676.0576301494148,66963.89585360931
2012-11-20,83995.8285297103,16078.90413680009,676.0576301494148,67240.8667627608
2012-11-21,83996.39402117522,16078.90413680009,676.0576301494148,67241.43225422571
2012-11-23,83905.41773899819,16078.90413680009,676.0576301494148,67150.45597204869
2012-11-26,84088.53377880098,16078.90413680009,676.0576301494148,67333.57201185147
2012-11-27,84320.76212103607,16078.90413680009,676.0576301494148,67565.80035408656
2012-11-28,84545.67011792504,16078.90413680009,676.0576301494148,67790.70835097553
2012-11-29,84692.08275544585,16078.90413680009,676.0576301494148,67937.12098849635
2012-11-30,84601.6457308851,16078.90413680009,676.0576301494148,67846.68396393559
2012-12-03,84666.8820238713,16078.90413680009,676.0576301494148,67911.92025692179
2012-12-04,84607.82179880852,16078.90413680009,676.0576301494148,67852.86003185902
2012-12-05,84340.8459751954,16078.90413680009,676.0576301494148,67585.8842082459
2012-12-06,84330.10728692275,16078.90413680009,676.0576301494148,67575.14551997324
2012-12-07,83962.67092153465,16078.90413680009,676.0576301494148,67207.70915458514
2012-12-10,83939.0923506146,16078.90413680009,676.0576301494148,67184.1305836651
2012-12-11,84313.64510674088,16078.90413680009,676.0576301494148,67558.68333979137
2012-12-12,84286.70916325564,16078.90413680009,676.0576301494148,67531.74739630613
2012-12-13,84445.64943892357,16078.90413680009,676.0576301494148,67690.68767197407
2012-12-14,84264.6251563899,16078.90413680009,676.0576301494148,67509.6633894404
2012-12-17,84369.48885975208,16078.90413680009,676.0576301494148,67614.52709280257
2012-12-18,84633.96572863904,16078.90413680009,676.0576301494148,67879.00396168954
2012-12-19,84567.30365731369,16078.90413680009,676.0576301494148,67812.34189036419
2012-12-20,84377.60842588788,16078.90413680009,676.0576301494148,67622.64665893838
2012-12-21,84593.36696348002,16078.90413680009,676.0576301494148,67838.40519653051
2012-12-24,84745.29950480734,16078.90413680009,676.0576301494148,67990.33773785783
2012-12-26,84893.99853964837,16078.90413680009,676.0576301494148,68139.03677269886
2012-12-27,84966.06134952151,16078.90413680009,676.0576301494148,68211.099582572
2012-12-28,85052.03418489976,16078.90413680009,676.0576301494148,68297.07241795026
2012-12-31,85263.2263119953,16078.90413680009,676.0576301494148,68508.2645450458
2013-01-02,85436.47114978416,16078.90413680009,676.0576301494148,68681.50938283466
2013-01-03,86611.64609026664,16078.90413680009,676.0576301494148,69856.68432331714
2013-01-04,86696.27890604537,16078.90413680009,676.0576301494148,69941.31713909586
2013-01-07,86803.48113188159,16078.90413680009,676.0576301494148,70048.51936493209
2013-01-08,86852.07834137266,16078.90413680009,676.0576301494148,70097.11657442315
2013-01-09,86885.23393020092,16078.90413680009,676.0576301494148,70130.27216325141
2013-01-10,86940.2193488864,16078.90413680009,676.0576301494148,70185.2575819369
2013-01-11,87066.18760149332,16078.90413680009,676.0576301494148,70311.22583454382
2013-01-14,87288.73089693754,16078.90413680009,676.0576301494148,70533.76912998804
2013-01-15,87448.39144313883,16078.90413680009,676.0576301494148,70693.42967618932
2013-01-16,87615.93889960961,16078.90413680009,676.0576301494148,70860.9771326601
2013-01-17,87780.57875373599,16078.90413680009,676.0576301494148,71025.61698678648
2013-01-18,88009.2030539884,16078.90413680009,676.0576301494148,71254.2412870389
2013-01-22,88126.05659919011,16078.90413680009,676.0576301494148,71371.0948322406
2013-01-23,87558.83200907998,16078.90413680009,676.0576301494148,70803.87024213048
2013-01-24,88139.10360264068,16078.90413680009,676.0576301494148,71384.14183569117
2013-01-25,88093.96521763445,16078.90413680009,676.0576301494148,71339.00345068495
2013-01-28,88172.33326008625,16078.90413680009,676.0576301494148,71417.37149313674
2013-01-29,88184.09013292531,16078.90413680009,676.0576301494148,71429.1283659758
2013-01-30,88154.26632865833,16078.90413680009,676.0576301494148,71399.30456170882
2013-01-31,88188.27111132268,16078.90413680009,676.0576301494148,71433.30934437318
2013-02-01,88298.59532871086,16078.90413680009,676.0576301494148,71543.63356176135
2013-02-04,88378.65933715028,16078.90413680009,676.0576301494148,71623.69757020078
2013-02-05,88710.90398947184,16078.90413680009,676.0576301494148,71955.94222252234
2013-02-06,88620.20708658255,16078.90413680009,676.0576301494148,71865.24531963305
2013-02-07,88829.17957281845,16078.90413680009,676.0576301494148,72074.21780586895
2013-02-08,88918.74540442589,16078.90413680009,676.0576301494148,72163.78363747639
2013-02-11,89073.14223764476,16078.90413680009,676.0576301494148,72318.18047069525
2013-02-12,89026.4917294354,16078.90413680009,676.0576301494148,72271.52996248589
2013-02-13,88962.58205798443,16078.90413680009,676.0576301494148,72207.62029103492
2013-02-14,89244.86318412574,16078.90413680009,676.0576301494148,72489.90141717624
2013-02-15,89334.42816237232,16078.90413680009,676.0576301494148,72579.46639542282
2013-02-19,89460.19796829077,16078.90413680009,676.0576301494148,72705.23620134126
2013-02-20,89223.32016073156,16078.90413680009,676.0576301494148,72468.35839378205
2013-02-21,88974.86998262315,16078.90413680009,676.0576301494148,72219.90821567364
2013-02-22,88975.10036359879,16078.90413680009,676.0576301494148,72220.13859664928
2013-02-25,88694.67021336954,16078.90413680009,676.0576301494148,71939.70844642003
2013-02-26,88969.32686161727,16078.90413680009,676.0576301494148,72214.36509466777
2013-02-27,89292.34162782656,16078.90413680009,676.0576301494148,72537.37986087706
2013-02-28,89605.68317662284,16078.90413680009,676.0576301494148,72850.72140967334
2013-03-01,89305.76420556556,16078.90413680009,676.0576301494148,72550.80243861605
2013-03-04,88469.3979518885,16078.90413680009,676.0576301494148,71714.436184939
2013-03-05,88876.23535872449,16078.90413680009,676.0576301494148,72121.27359177498
2013-03-06,89089.88206632214,16078.90413680009,676.0576301494148,72334.92029937264
2013-03-07,89514.38543910801,16078.90413680009,676.0576301494148,72759.4236721585
2013-03-08,89551.0904353169,16078.90413680009,676.0576301494148,72796.1286683674
2013-03-11,89527.80798095732,16078.90413680009,676.0576301494148,72772.84621400782
2013-03-12,89217.33889192517,16078.90413680009,676.0576301494148,72462.37712497567
2013-03-13,89276.86729420687,16078.90413680009,676.0576301494148,72521.90552725736
2013-03-14,89903.69919785054,16078.90413680009,676.0576301494148,73148.73743090103
2013-03-15,90248.85942198464,16078.90413680009,676.0576301494148,73493.89765503514
2013-03-18,90239.6682540396,16078.90413680009,676.0576301494148,73484.7064870901
2013-03-19,90209.16830979998,16078.90413680009,676.0576301494148,73454.20654285047
2013-03-20,89993.36082054896,16078.90413680009,676.0576301494148,73238.39905359945
2013-03-21,89136.7366211504,16078.90413680009,676.0576301494148,72381.77485420089
2013-03-22,88984.61058832088,16078.90413680009,676.0576301494148,72229.64882137137
2013-03-25,88727.49792428,16078.90413680009,676.0576301494148,71972.5361573305
2013-03-26,88810.88961277192,16078.90413680009,676.0576301494148,72055.92784582241
2013-03-27,89132.13526467432,16078.90413680009,676.0576301494148,72377.17349772481
2013-03-28,89211.33742234658,16078.90413680009,676.0576301494148,72456.37565539707
2013-04-01,89386.32619726413,16078.90413680009,676.0576301494148,72631.36443031463
2013-04-02,89199.37971600599,16078.90413680009,676.0576301494148,72444.41794905649
2013-04-03,89104.29672024993,16078.90413680009,676.0576301494148,72349.33495330042
2013-04-04,88910.37001012207,16078.90413680009,676.0576301494148,72155.40824317257
2013-04-05,88855.13280008512,16078.90413680009,676.0576301494148,72100.17103313562
2013-04-08,88670.42828952812,16078.90413680009,676.0576301494148,71915.46652257862
2013-04-09,89013.03416507284,16078.90413680009,676.0576301494148,72258.07239812333
2013-04-10,89340.36168879212,16078.90413680009,676.0576301494148,72585.39992184262
2013-04-11,89019.12163871585,16078.90413680009,676.0576301494148,72264.15987176634
2013-04-12,89050.11316457379,16078.90413680009,676.0576301494148,72295.15139762429
2013-04-15,89006.82014182082,16078.90413680009,676.0576301494148,72251.85837487131
2013-04-16,88735.57528863812,16078.90413680009,676.0576301494148,71980.61352168862
2013-04-17,88553.84444561333,16078.90413680009,676.0576301494148,71798.88267866382
2013-04-18,88366.22164794791,16078.90413680009,676.0576301494148,71611.2598809984
2013-04-19,87966.88987098553,16078.90413680009,676.0576301494148,71211.92810403602
2013-04-22,87784.84499642218,16078.90413680009,676.0576301494148,71029.88322947267
2013-04-23,87962.80961966107,16078.90413680009,676.0576301494148,71207.84785271157
2013-04-24,87422.05681980483,16078.90413680009,676.0576301494148,70667.09505285532
2013-04-25,86985.1424822075,16078.90413680009,676.0576301494148,70230.180715258
2013-04-26,87408.7632173464,16078.90413680009,676.0576301494148,70653.80145039689
2013-04-29,87129.97765894386,16078.90413680009,676.0576301494148,70375.01589199435
2013-04-30,86839.085576638,16078.90413680009,676.0576301494148,70084.12380968849
2013-05-01,87315.30304245709,16078.90413680009,676.0576301494148,70560.34127550758
2013-05-02,87535.19476640236,16078.90413680009,676.0576301494148,70780.23299945286
2013-05-03,87123.7181836305,16078.90413680009,676.0576301494148,70368.75641668099
2013-05-06,87048.14560343313,16078.90413680009,676.0576301494148,70293.18383648363
2013-05-07,87239.14533846162,16078.90413680009,676.0576301494148,70484.18357151211
2013-05-08,87544.21892282518,16078.90413680009,676.0576301494148,70789.25715587568
2013-05-09,87106.54567747039,16078.90413680009,676.0576301494148,70351.58391052089
2013-05-10,87457.79499555228,16078.90413680009,676.0576301494148,70702.83322860277
2013-05-13,87894.0508031979,16078.90413680009,676.0576301494148,71139.08903624839
2013-05-14,87759.47818527848,16078.90413680009,676.0576301494148,71004.51641832897
2013-05-15,88184.5221700106,16078.90413680009,676.0576301494148,71429.5604030611
2013-05-16,87193.03479589138,16078.90413680009,676.0576301494148,70438.07302894187
2013-05-17,86743.19596979965,16078.90413680009,676.0576301494148,69988.23420285014
2013-05-20,86911.2529590599,16078.90413680009,676.0576301494148,70156.2911921104
2013-05-21,87062.01052502461,16078.90413680009,676.0576301494148,70307.0487580751
2013-05-22,86890.38964834332,16078.90413680009,676.0576301494148,70135.42788139381
2013-05-23,86696.23426598834,16078.90413680009,676.0576301494148,69941.27249903884
2013-05-24,86648.78441333736,16078.90413680009,676.0576301494148,69893.82264638785
2013-05-28,86038.67083270021,16078.90413680009,676.0576301494148,69283.7090657507
2013-05-29,85543.00843996264,16078.90413680009,676.0576301494148,68788.04667301313
2013-05-30,85567.69183160819,16078.90413680009,676.0576301494148,68812.73006465868
2013-05-31,85482.44901220442,16078.90413680009,676.0576301494148,68727.48724525492
2013-06-03,85164.2276251145,16078.90413680009,676.0576301494148,68409.26585816499
2013-06-04,84533.44017464726,16078.90413680009,676.0576301494148,67778.47840769775
2013-06-05,84602.78385994502,16078.90413680009,676.0576301494148,67847.82209299551
2013-06-06,85211.05316228687,16078.90413680009,676.0576301494148,68456.09139533737
2013-06-07,85227.14745218342,16078.90413680009,676.0576301494148,68472.18568523391
2013-06-10,84795.67492483032,16078.90413680009,676.0576301494148,68040.71315788082
2013-06-11,84716.37833993242,16078.90413680009,676.0576301494148,67961.41657298291
2013-06-12,84630.0319874176,16078.90413680009,676.0576301494148,67875.0702204681
2013-06-13,84929.54911391425,16078.90413680009,676.0576301494148,68174.58734696475
2013-06-14,85437.84162696416,16078.90413680009,676.0576301494148,68682.87986001465
2013-06-17,85736.15288416098,16078.90413680009,676.0576301494148,68981.19111721148
2013-06-18,85456.86686490697,16078.90413680009,676.0576301494148,68701.90509795747
2013-06-19,84681.03063063312,16078.90413680009,676.0576301494148,67926.06886368361
2013-06-20,83685.70707212866,16078.90413680009,676.0576301494148,66930.74530517915
2013-06-21,84451.83240856405,16078.90413680009,676.0576301494148,67696.87064161454
2013-06-24,84435.61790767277,16078.90413680009,676.0576301494148,67680.65614072327
2013-06-25,84554.51686210476,16078.90413680009,676.0576301494148,67799.55509515526
2013-06-26,84613.97452531673,16078.90413680009,676.0576301494148,67859.01275836723
2013-06-27,84615.32963873434,16078.90413680009,676.0576301494148,67860.36787178484
2013-06-28,84216.17831730505,16078.90413680009,676.0576301494148,67461.21655035554
2013-07-01,84288.78033760341,16078.90413680009,676.0576301494148,67533.81857065391
2013-07-02,84286.20040562295,16078.90413680009,676.0576301494148,67531.23863867344
2013-07-03,84344.99638177373,16078.90413680009,676.0576301494148,67590.03461482422
2013-07-05,84396.50651069416,16078.90413680009,676.0576301494148,67641.54474374466
2013-07-08,84384.9464163204,16078.90413680009,676.0576301494148,67629.98464937089
2013-07-09,84360.53488847602,16078.90413680009,676.0576301494148,67605.57312152651
2013-07-10,84491.39258788025,16078.90413680009,676.0576301494148,67736.43082093075
2013-07-11,84507.0136758365,16078.90413680009,676.0576301494148,67752.05190888699
2013-07-12,84599.90262971155,16078.90413680009,676.0576301494148,67844.94086276204
2013-07-15,84812.74408126355,16078.90413680009,676.0576301494148,68057.78231431404
2013-07-16,84708.57520730456,16078.90413680009,676.0576301494148,67953.61344035505
2013-07-17,84571.60620836902,16078.90413680009,676.0576301494148,67816.64444141951
2013-07-18,84713.55545263935,16078.90413680009,676.0576301494148,67958.59368568985
2013-07-19,84650.34622018167,16078.90413680009,676.0576301494148,67895.38445323217
2013-07-22,84914.4762023954,16078.90413680009,676.0576301494148,68159.51443544589
2013-07-23,85162.17667800805,16078.90413680009,676.0576301494148,68407.21491105855
2013-07-24,85092.6214838404,16078.90413680009,676.0576301494148,68337.65971689089
2013-07-25,85458.8013913763,16078.90413680009,676.0576301494148,68703.8396244268
2013-07-26,85472.78733764042,16078.90413680009,676.0576301494148,68717.82557069091
2013-07-29,85634.57476787188,16078.90413680009,676.0576301494148,68879.61300092237
2013-07-30,85646.45424696419,16078.90413680009,676.0576301494148,68891.49248001468
2013-07-31,85233.90384284582,16078.90413680009,676.0576301494148,68478.94207589631
2013-08-01,85439.93454368494,16078.90413680009,676.0576301494148,68684.97277673543
2013-08-02,85494.51892580942,16078.90413680009,676.0576301494148,68739.55715885991
2013-08-05,85805.09802119702,16078.90413680009,676.0576301494148,69050.13625424751
2013-08-06,85822.65916667471,16078.90413680009,676.0576301494148,69067.6973997252
2013-08-07,85814.65807724849,16078.90413680009,676.0576301494148,69059.69631029898
2013-08-08,85703.87600428297,16078.90413680009,676.0576301494148,68948.91423733346
2013-08-09,85660.8926577057,16078.90413680009,676.0576301494148,68905.9308907562
2013-08-12,85657.16711301904,16078.90413680009,676.0576301494148,68902.20534606953
2013-08-13,85531.99083541066,16078.90413680009,676.0576301494148,68777.02906846115
2013-08-14,85401.80441523471,16078.90413680009,676.0576301494148,68646.84264828521
2013-08-15,84582.79494963575,16078.90413680009,676.0576301494148,67827.83318268624
2013-08-16,84285.75936749193,16078.90413680009,676.0576301494148,67530.79760054243
2013-08-19,78234.184789891,16078.90413680009,676.0576301494148,61479.2230229415
2013-08-20,77737.16465654422,16078.90413680009,676.0576301494148,60982.202889594715
2013-08-21,76214.29870759451,16078.90413680009,676.0576301494148,59459.33694064501
2013-08-22,85489.4720640633,16078.90413680009,676.0576301494148,68734.5102971138
2013-08-23,85643.82215605292,16078.90413680009,676.0576301494148,68888.86038910341
2013-08-26,85707.49388011557,16078.90413680009,676.0576301494148,68952.53211316606
2013-08-27,85476.63845239545,16078.90413680009,676.0576301494148,68721.67668544594
2013-08-28,85636.93982123106,16078.90413680009,676.0576301494148,68881.97805428156
2013-08-29,85781.93385659542,16078.90413680009,676.0576301494148,69026.97208964592
2013-08-30,85882.50831150252,16078.90413680009,676.0576301494148,69127.54654455301
2013-09-03,86117.56982492225,16078.90413680009,676.0576301494148,69362.60805797274
2013-09-04,86199.06888361054,16078.90413680009,676.0576301494148,69444.10711666103
2013-09-05,86276.91102319665,16078.90413680009,676.0576301494148,69521.94925624714
2013-09-06,86336.19749908207,16078.90413680009,676.0576301494148,69581.23573213257
2013-09-09,86442.34368967579,16078.90413680009,676.0576301494148,69687.38192272629
2013-09-10,86595.38450610347,16078.90413680009,676.0576301494148,69840.42273915396
2013-09-11,86699.14612773771,16078.90413680009,676.0576301494148,69944.1843607882
2013-09-12,86744.36054557178,16078.90413680009,676.0576301494148,69989.39877862227
2013-09-13,86823.14473546844,16078.90413680009,676.0576301494148,70068.18296851893
2013-09-16,87088.33303369454,16078.90413680009,676.0576301494148,70333.37126674503
2013-09-17,87326.54522014281,16078.90413680009,676.0576301494148,70571.5834531933
2013-09-18,87423.52545477834,16078.90413680009,676.0576301494148,70668.56368782884
2013-09-19,87209.2274713841,16078.90413680009,676.0576301494148,70454.2657044346
2013-09-20,87626.04504333425,16078.90413680009,676.0576301494148,70871.08327638474
2013-09-23,87628.68076394137,16078.90413680009,676.0576301494148,70873.71899699187
2013-09-24,87570.75973604794,16078.90413680009,676.0576301494148,70815.79796909844
2013-09-25,87584.86265928496,16078.90413680009,676.0576301494148,70829.90089233546
2013-09-26,87596.60824103479,16078.90413680009,676.0576301494148,70841.64647408528
2013-09-27,87677.73150538828,16078.90413680009,676.0576301494148,70922.76973843877
2013-09-30,87688.66233850096,16078.90413680009,676.0576301494148,70933.70057155145
2013-10-01,87697.21791764314,16078.90413680009,676.0576301494148,70942.25615069363
2013-10-02,87670.02036995476,16078.90413680009,676.0576301494148,70915.05860300525
2013-10-03,87720.91883031453,16078.90413680009,676.0576301494148,70965.95706336503
2013-10-04,87697.27454642777,16078.90413680009,676.0576301494148,70942.31277947826
2013-10-07,87724.47538203036,16078.90413680009,676.0576301494148,70969.51361508085
2013-10-08,87638.14082253596,16078.90413680009,676.0576301494148,70883.17905558646
2013-10-09,87674.97638400726,16078.90413680009,676.0576301494148,70920.01461705775
2013-10-10,87673.4858480558,16078.90413680009,676.0576301494148,70918.5240811063
2013-10-11,87817.16411049117,16078.90413680009,676.0576301494148,71062.20234354166
2013-10-14,87828.53180757572,16078.90413680009,676.0576301494148,71073.57004062622
2013-10-15,87736.93686045206,16078.90413680009,676.0576301494148,70981.97509350255
2013-10-16,87808.81669330422,16078.90413680009,676.0576301494148,71053.85492635472
2013-10-17,87560.26692191849,16078.90413680009,676.0576301494148,70805.30515496898
2013-10-18,87294.99387053342,16078.90413680009,676.0576301494148,70540.03210358392
2013-10-21,87347.31177225814,16078.90413680009,676.0576301494148,70592.35000530863
2013-10-22,87375.86354230426,16078.90413680009,676.0576301494148,70620.90177535475
2013-10-23,87423.68625952129,16078.90413680009,676.0576301494148,70668.72449257178
2013-10-24,87563.01964876556,16078.90413680009,676.0576301494148,70808.05788181606
2013-10-25,87726.57707940636,16078.90413680009,676.0576301494148,70971.61531245685
2013-10-28,87756.47257827583,16078.90413680009,676.0576301494148,71001.51081132633
2013-10-29,87859.36233372975,16078.90413680009,676.0576301494148,71104.40056678024
2013-10-30,87853.03208704584,16078.90413680009,676.0576301494148,71098.07032009633
2013-10-31,88063.63665971567,16078.90413680009,676.0576301494148,71308.67489276617
2013-11-01,88115.72734850517,16078.90413680009,676.0576301494148,71360.76558155566
2013-11-04,87981.27317124547,16078.90413680009,676.0576301494148,71226.31140429596
2013-11-05,88006.22734983813,16078.90413680009,676.0576301494148,71251.26558288862
2013-11-06,88066.19323489687,16078.90413680009,676.0576301494148,71311.23146794736
2013-11-07,88132.28819544974,16078.90413680009,676.0576301494148,71377.32642850024
2013-11-08,88080.9782860385,16078.90413680009,676.0576301494148,71326.016519089
2013-11-11,88337.61149397504,16078.90413680009,676.0576301494148,71582.64972702553
2013-11-12,88585.4555236526,16078.90413680009,676.0576301494148,71830.4937567031
2013-11-13,88368.31727369793,16078.90413680009,676.0576301494148,71613.35550674843
2013-11-14,87986.54396187316,16078.90413680009,676.0576301494148,71231.58219492366
2013-11-15,87864.2738790341,16078.90413680009,676.0576301494148,71109.31211208459
2013-11-18,87987.58637692442,16078.90413680009,676.0576301494148,71232.62460997491
2013-11-19,88167.00225236116,16078.90413680009,676.0576301494148,71412.04048541165
2013-11-20,88194.2506969102,16078.90413680009,676.0576301494148,71439.28892996069
2013-11-21,88450.59577143902,16078.90413680009,676.0576301494148,71695.63400448952
2013-11-22,87817.1225178222,16078.90413680009,676.0576301494148,71062.16075087269
2013-11-25,87301.23582742282,16078.90413680009,676.0576301494148,70546.27406047331
2013-11-26,87602.05867663037,16078.90413680009,676.0576301494148,70847.09690968087
2013-11-27,87509.20595594135,16078.90413680009,676.0576301494148,70754.24418899184
2013-11-29,87451.24121888087,16078.90413680009,676.0576301494148,70696.27945193136
2013-12-02,87043.80019356252,16078.90413680009,676.0576301494148,70288.83842661302
2013-12-03,87228.5187019544,16078.90413680009,676.0576301494148,70473.55693500489
2013-12-04,87512.22657267598,16078.90413680009,676.0576301494148,70757.26480572647
2013-12-05,87581.14932132151,16078.90413680009,676.0576301494148,70826.18755437201
2013-12-06,87841.00190412032,16078.90413680009,676.0576301494148,71086.04013717081
2013-12-09,87973.59417008993,16078.90413680009,676.0576301494148,71218.63240314042
2013-12-10,87971.8580832152,16078.90413680009,676.0576301494148,71216.89631626569
2013-12-11,87961.86332688469,16078.90413680009,676.0576301494148,71206.90155993518
2013-12-12,87834.341749868,16078.90413680009,676.0576301494148,71079.3799829185
2013-12-13,87955.3047442626,16078.90413680009,676.0576301494148,71200.34297731309
2013-12-16,87917.20750767819,16078.90413680009,676.0576301494148,71162.24574072869
2013-12-17,88082.25525567436,16078.90413680009,676.0576301494148,71327.29348872486
2013-12-18,88258.66258777899,16078.90413680009,676.0576301494148,71503.70082082949
2013-12-19,88123.83556627261,16078.90413680009,676.0576301494148,71368.8737993231
2013-12-20,87946.18974239065,16078.90413680009,676.0576301494148,71191.22797544114
2013-12-23,87946.18974239065,16078.90413680009,676.0576301494148,71191.22797544114
2013-12-24,87946.18974239065,16078.90413680009,676.0576301494148,71191.22797544114
2013-12-26,87946.18974239065,16078.90413680009,676.0576301494148,71191.22797544114
2013-12-27,87946.18974239065,16078.90413680009,676.0576301494148,71191.22797544114
2013-12-30,87946.18974239065,16078.90413680009,676.0576301494148,71191.22797544114
2013-12-31,87946.18974239065,16078.90413680009,676.0576301494148,71191.22797544114
2014-01-02,87946.18974239065,16078.90413680009,676.0576301494148,71191.22797544114
2014-01-03,87946.18974239065,16078.90413680009,676.0576301494148,71191.22797544114
2014-01-06,87946.18974239065,16078.90413680009,676.0576301494148,71191.22797544114
2014-01-07,87946.18974239065,16078.90413680009,676.0576301494148,71191.22797544114
2014-01-08,87946.18974239065,16078.90413680009,676.0576301494148,71191.22797544114
2014-01-09,87946.18974239065,16078.90413680009,676.0576301494148,71191.22797544114
2014-01-10,87946.18974239065,16078.90413680009,676.0576301494148,71191.22797544114
2014-01-13,87946.18974239065,16078.90413680009,676.0576301494148,71191.22797544114
2014-01-14,87946.18974239065,16078.90413680009,676.0576301494148,71191.22797544114
2014-01-15,87946.18974239065,16078.90413680009,676.0576301494148,71191.22797544114
2014-01-16,87946.18974239065,16078.90413680009,676.0576301494148,71191.22797544114
2014-01-17,87946.18974239065,16078.90413680009,676.0576301494148,71191.22797544114
2014-01-21,86452.15302777535,16078.90413680009,-1355.596149924444,71728.8450408997
2014-01-22,85882.04495626909,16078.90413680009,-2254.225966529455,72057.36678599846
2014-01-23,86106.46410117915,16078.90413680009,-1795.323266917374,71822.88323129644
2014-01-24,84672.71927699808,16078.90413680009,-1845.2513083443046,70439.06644854229
2014-01-27,83475.15006259817,16078.90413680009,-3029.02051997534,70425.26644577342
2014-01-28,83687.35086630471,16078.90413680009,-3213.4796541043324,70821.92638360895
2014-01-29,83832.63043784886,16078.90413680009,-2936.9541988762794,70690.68049992505
2014-01-30,83599.74905406812,16078.90413680009,-3111.7177403690293,70632.56265763706
2014-01-31,83463.47273601103,16078.90413680009,-2661.0940060132416,70045.66260522418
2014-02-03,83600.34924947459,16078.90413680009,-2286.2237032977864,69807.66881597228
2014-02-04,83359.80596632755,16078.90413680009,-2561.4431286575273,69842.34495818499
2014-02-05,83167.73238875484,16078.90413680009,-2798.63386121823,69887.46211317298
2014-02-06,82996.51579475659,16078.90413680009,-3005.644184330362,69923.25584228686
2014-02-07,83015.71111278096,16078.90413680009,-3247.4398214967223,70184.2467974776
2014-02-10,82622.56790639577,16078.90413680009,-3914.886216306477,70458.54998590215
2014-02-11,82830.64667383558,16078.90413680009,-3900.784956224612,70652.5274932601
2014-02-12,82721.91207155818,16078.90413680009,-4053.17827708635,70696.18621184444
2014-02-13,82937.9604158774,16078.90413680009,-4113.080489077023,70972.13676815433
2014-02-14,82699.09020944836,16078.90413680009,-4520.37882075971,71140.56489340798
2014-02-18,82998.10918842873,16078.90413680009,-4708.3158092407975,71627.52086086944
2014-02-19,82706.54806311592,16078.90413680009,-5007.889281188953,71635.53320750478
2014-02-20,83088.98363513371,16078.90413680009,-4846.277107843431,71856.35660617705
2014-02-21,84001.16836277442,16078.90413680009,-3632.4829613374313,71554.74718731176
2014-02-24,83994.9160687062,16078.90413680009,-3632.4829613374313,71548.49489324354
2014-02-25,83996.15858460544,16078.90413680009,-3632.4829613374313,71549.73740914278
2014-02-26,83540.53979272884,16078.90413680009,-3632.4829613374313,71094.11861726618
2014-02-27,83418.71782278153,16078.90413680009,-3632.4829613374313,70972.29664731887
2014-02-28,83526.9196615722,16078.90413680009,-3632.4829613374313,71080.49848610954
2014-03-03,83500.47303261864,16078.90413680009,-3632.4829613374313,71054.05185715598
2014-03-04,83998.23325220146,16078.90413680009,-3632.4829613374313,71551.8120767388
2014-03-05,84287.4573669422,16078.90413680009,-3632.4829613374313,71841.03619147954
2014-03-06,84442.60504901526,16078.90413680009,-3632.4829613374313,71996.1838735526
2014-03-07,84234.82658143644,16078.90413680009,-3632.4829613374313,71788.40540597378
2014-03-10,84369.28979375912,16078.90413680009,-3632.4829613374313,71922.86861829646
2014-03-11,84563.15764824837,16078.90413680009,-3632.4829613374313,72116.7364727857
2014-03-12,84753.5185128327,16078.90413680009,-3632.4829613374313,72307.09733737004
2014-03-13,84678.96358410106,16078.90413680009,-3632.4829613374313,72232.5424086384
2014-03-14,84515.98119866825,16078.90413680009,-3632.4829613374313,72069.56002320559
2014-03-17,84769.56719625439,16078.90413680009,-3632.4829613374313,72323.14602079173
2014-03-18,85024.0610602384,16078.90413680009,-3632.4829613374313,72577.63988477574
2014-03-19,85019.54460304393,16078.90413680009,-3632.4829613374313,72573.12342758127
2014-03-20,85155.8000261758,16078.90413680009,-3632.4829613374313,72709.37885071314
2014-03-21,85073.27605848503,16078.90413680009,-3632.4829613374313,72626.85488302237
2014-03-24,85074.14636079594,16078.90413680009,-3632.4829613374313,72627.72518533329
2014-03-25,85092.39892098843,16078.90413680009,-3632.4829613374313,72645.97774552577
2014-03-26,85083.92176797008,16078.90413680009,-3632.4829613374313,72637.50059250742
2014-03-27,85040.9484736484,16078.90413680009,-3632.4829613374313,72594.52729818574
2014-03-28,85083.21266634297,16078.90413680009,-3632.4829613374313,72636.7914908803
2014-03-31,85150.87782701291,16078.90413680009,-3632.4829613374313,72704.45665155025
2014-04-01,85100.43978040083,16078.90413680009,-3632.4829613374313,72654.01860493817
2014-04-02,85123.19633205445,16078.90413680009,-3632.4829613374313,72676.77515659179
2014-04-03,85093.96747267898,16078.90413680009,-3632.4829613374313,72647.54629721632
2014-04-04,85089.13949929643,16078.90413680009,-3632.4829613374313,72642.71832383377
2014-04-07,85234.96587265283,16078.90413680009,-3632.4829613374313,72788.54469719017
2014-04-08,85141.77273438987,16078.90413680009,-3632.4829613374313,72695.35155892721
2014-04-09,85170.99648702913,16078.90413680009,-3632.4829613374313,72724.57531156647
2014-04-10,84991.21299877437,16078.90413680009,-3632.4829613374313,72544.79182331171
2014-04-11,85041.80673664832,16078.90413680009,-3632.4829613374313,72595.38556118566
2014-04-14,85045.98540613498,16078.90413680009,-3632.4829613374313,72599.56423067232
2014-04-15,85111.96673622681,16078.90413680009,-3632.4829613374313,72665.54556076415
2014-04-16,85190.59410502831,16078.90413680009,-3632.4829613374313,72744.17292956566
2014-04-17,85082.45061731827,16078.90413680009,-3632.4829613374313,72636.02944185562
2014-04-21,85385.14721826254,16078.90413680009,-3632.4829613374313,72938.72604279988
2014-04-22,85496.22146879276,16078.90413680009,-3632.4829613374313,73049.8002933301
2014-04-23,85741.7559616596,16078.90413680009,-3632.4829613374313,73295.33478619694
2014-04-24,85685.46631029085,16078.90413680009,-3632.4829613374313,73239.0451348282
2014-04-25,85727.39810947701,16078.90413680009,-3632.4829613374313,73280.97693401435
2014-04-28,85599.14802379068,16078.90413680009,-3632.4829613374313,73152.72684832802
2014-04-29,85858.47413931647,16078.90413680009,-3632.4829613374313,73412.05296385381
2014-04-30,85744.05489801546,16078.90413680009,-3632.4829613374313,73297.6337225528
2014-05-01,86093.15268656588,16078.90413680009,-3632.4829613374313,73646.73151110322
2014-05-02,86555.8948896823,16078.90413680009,-3632.4829613374313,74109.47371421964
2014-05-05,86925.99970024102,16078.90413680009,-3632.4829613374313,74479.57852477836
2014-05-06,87080.78971725819,16078.90413680009,-3632.4829613374313,74634.36854179553
2014-05-07,87339.1601030319,16078.90413680009,-3632.4829613374313,74892.73892756924
2014-05-08,87643.18537621084,16078.90413680009,-3632.4829613374313,75196.76420074818
2014-05-09,87633.0494626693,16078.90413680009,-3632.4829613374313,75186.62828720664
2014-05-12,88183.04077144805,16078.90413680009,-3632.4829613374313,75736.6195959854
2014-05-13,88091.2870129121,16078.90413680009,-3632.4829613374313,75644.86583744944
2014-05-14,88423.77533874172,16078.90413680009,-3632.4829613374313,75977.35416327906
2014-05-15,88534.54151564487,16078.90413680009,-3632.4829613374313,76088.12034018221
2014-05-16,88689.5792742346,16078.90413680009,-3632.4829613374313,76243.15809877194
2014-05-19,88920.89373550983,16078.90413680009,-3632.4829613374313,76474.47256004717
2014-05-20,88960.94347988209,16078.90413680009,-3632.4829613374313,76514.52230441943
2014-05-21,89614.3234001461,16078.90413680009,-3632.4829613374313,77167.90222468344
2014-05-22,89549.53762763459,16078.90413680009,-3632.4829613374313,77103.11645217193
2014-05-23,89595.56979284063,16078.90413680009,-3632.4829613374313,77149.14861737797
2014-05-27,89579.4856705335,16078.90413680009,-3632.4829613374313,77133.06449507084
2014-05-28,89812.94791728398,16078.90413680009,-3632.4829613374313,77366.52674182132
2014-05-29,89716.58681874978,16078.90413680009,-3632.4829613374313,77270.16564328712
2014-05-30,89872.70812939433,16078.90413680009,-3632.4829613374313,77426.28695393167
2014-06-02,90027.08418664383,16078.90413680009,-3632.4829613374313,77580.66301118117
2014-06-03,90040.04550950881,16078.90413680009,-3632.4829613374313,77593.62433404615
2014-06-04,90172.12602192606,16078.90413680009,-3632.4829613374313,77725.7048464634
2014-06-05,90266.43424121896,16078.90413680009,-3632.4829613374313,77820.0130657563
2014-06-06,90270.92885387805,16078.90413680009,-3632.4829613374313,77824.5076784154
2014-06-09,90414.85453741602,16078.90413680009,-3632.4829613374313,77968.43336195336
2014-06-10,90137.64669245807,16078.90413680009,-3632.4829613374313,77691.22551699542
2014-06-11,90143.2442629172,16078.90413680009,-3632.4829613374313,77696.82308745454
2014-06-12,90459.7073417867,16078.90413680009,-3632.4829613374313,78013.28616632405
2014-06-13,90465.8029312205,16078.90413680009,-3632.4829613374313,78019.38175575784
2014-06-16,90476.59868902597,16078.90413680009,-3632.4829613374313,78030.1775135633
2014-06-17,90088.95047753816,16078.90413680009,-3632.4829613374313,77642.5293020755
2014-06-18,90039.18867566343,16078.90413680009,-3632.4829613374313,77592.76750020077
2014-06-19,89790.23664943269,16078.90413680009,-3632.4829613374313,77343.81547397003
2014-06-20,89892.2681044126,16078.90413680009,-3632.4829613374313,77445.84692894993
2014-06-23,89891.06909825956,16078.90413680009,-3632.4829613374313,77444.6479227969
2014-06-24,89911.96222181479,16078.90413680009,-3632.4829613374313,77465.54104635213
2014-06-25,89874.79046630207,16078.90413680009,-3632.4829613374313,77428.36929083942
2014-06-26,89955.57998906355,16078.90413680009,-3632.4829613374313,77509.1588136009
2014-06-27,90066.02570903441,16078.90413680009,-3632.4829613374313,77619.60453357175
2014-06-30,90076.71383332391,16078.90413680009,-3632.4829613374313,77630.29265786125
2014-07-01,90088.38570816629,16078.90413680009,-3632.4829613374313,77641.96453270363
2014-07-02,90114.23207802605,16078.90413680009,-3632.4829613374313,77667.81090256339
2014-07-03,90096.8217167505,16078.90413680009,-3632.4829613374313,77650.40054128785
2014-07-07,90061.00600609649,16078.90413680009,-3632.4829613374313,77614.58483063383
2014-07-08,90155.41089165746,16078.90413680009,-3632.4829613374313,77708.9897161948
2014-07-09,90032.05294448487,16078.90413680009,-3632.4829613374313,77585.6317690222
2014-07-10,90066.68259722576,16078.90413680009,-3632.4829613374313,77620.2614217631
2014-07-11,90097.32348093647,16078.90413680009,-3632.4829613374313,77650.9023054738
2014-07-14,90019.40261056926,16078.90413680009,-3632.4829613374313,77572.9814351066
2014-07-15,89999.22725715046,16078.90413680009,-3632.4829613374313,77552.8060816878
2014-07-16,90174.93294820609,16078.90413680009,-3632.4829613374313,77728.51177274343
2014-07-17,90161.93875726196,16078.90413680009,-3632.4829613374313,77715.5175817993
2014-07-18,90104.10097914492,16078.90413680009,-3632.4829613374313,77657.67980368226
2014-07-21,89997.8899164059,16078.90413680009,-3848.400078695733,77767.38585830154
2014-07-22,89993.93503987347,16078.90413680009,-3879.5817660848843,77794.61266915826
2014-07-23,89166.48754778132,16078.90413680009,-4922.145012514782,78009.72842349601
2014-07-24,87759.64605004527,16078.90413680009,-6324.247698526015,78004.98961177119
2014-07-25,88895.31309335516,16078.90413680009,-5335.3828323424095,78151.79178889748
2014-07-28,89150.79796811147,16078.90413680009,-5128.740396436653,78200.63422774803
2014-07-29,89352.57558970037,16078.90413680009,-4848.347886438132,78122.01933933841
2014-07-30,88458.22690778575,16078.90413680009,-5142.094770932221,77521.41754191788
2014-07-31,87300.89994350728,16078.90413680009,-5148.899835239979,76370.89564194717
2014-08-01,87648.86095181992,16078.90413680009,-4760.199100544793,76330.15591556462
2014-08-04,87226.77760387934,16078.90413680009,-5366.979777192348,76514.8532442716
2014-08-05,87256.03588217334,16078.90413680009,-5118.299051674898,76295.43079704815
2014-08-06,87265.38225829846,16078.90413680009,-5168.152734660078,76354.63085615844
2014-08-07,87490.78709702485,16078.90413680009,-5033.230041642673,76445.11300186743
2014-08-08,87546.5158498889,16078.90413680009,-5415.245048141573,76882.85676123039
2014-08-11,87264.49588196061,16078.90413680009,-5901.704559882637,77087.29630504316
2014-08-12,87280.04646141245,16078.90413680009,-6051.631282058428,77252.77360667079
2014-08-13,87013.89924422116,16078.90413680009,-6183.793074304122,77118.78818172519
2014-08-14,86645.98565278854,16078.90413680009,-5927.5422728759,76494.62378886435
2014-08-15,86134.7260354457,16078.90413680009,-6352.6063935417915,76408.4282921874
2014-08-18,86476.4664689689,16078.90413680009,-6352.6063935417915,76750.1687257106
2014-08-19,86395.15711934469,16078.90413680009,-6352.6063935417915,76668.85937608639
2014-08-20,86229.95136896195,16078.90413680009,-6352.6063935417915,76503.65362570365
2014-08-21,86220.8653807242,16078.90413680009,-6352.6063935417915,76494.5676374659
2014-08-22,85942.14961727872,16078.90413680009,-6352.6063935417915,76215.85187402042
2014-08-25,86179.8917618026,16078.90413680009,-6352.6063935417915,76453.5940185443
2014-08-26,86066.98496411764,16078.90413680009,-6352.6063935417915,76340.68722085934
2014-08-27,86029.65169325052,16078.90413680009,-6352.6063935417915,76303.35394999222
2014-08-28,86123.92721438804,16078.90413680009,-6352.6063935417915,76397.62947112974
2014-08-29,85942.67211171635,16078.90413680009,-6352.6063935417915,76216.37436845805
2014-09-02,86092.72810536856,16078.90413680009,-6352.6063935417915,76366.43036211026
2014-09-03,86393.11512852507,16078.90413680009,-6352.6063935417915,76666.81738526677
2014-09-04,86164.6220334922,16078.90413680009,-6352.6063935417915,76438.3242902339
2014-09-05,85880.49692463153,16078.90413680009,-6352.6063935417915,76154.19918137323
2014-09-08,85778.73169161449,16078.90413680009,-6352.6063935417915,76052.43394835619
2014-09-09,85932.15199247119,16078.90413680009,-6352.6063935417915,76205.85424921289
2014-09-10,85894.97371942014,16078.90413680009,-6352.6063935417915,76168.67597616185
2014-09-11,85857.82233455405,16078.90413680009,-6352.6063935417915,76131.52459129575
2014-09-12,85896.35898718145,16078.90413680009,-6352.6063935417915,76170.06124392315
2014-09-15,85959.18318005744,16078.90413680009,-6352.6063935417915,76232.88543679914
2014-09-16,86091.29855072708,16078.90413680009,-6352.6063935417915,76365.00080746878
2014-09-17,85999.22946100612,16078.90413680009,-6352.6063935417915,76272.93171774782
2014-09-18,85977.84574200143,16078.90413680009,-6352.6063935417915,76251.54799874313
2014-09-19,85691.0693932455,16078.90413680009,-6352.6063935417915,75964.7716499872
2014-09-22,85686.81642214814,16078.90413680009,-6352.6063935417915,75960.51867888984
2014-09-23,85640.73902476975,16078.90413680009,-6352.6063935417915,75914.44128151145
2014-09-24,85828.10182090173,16078.90413680009,-6352.6063935417915,76101.80407764344
2014-09-25,85775.62444146932,16078.90413680009,-6352.6063935417915,76049.32669821102
2014-09-26,85815.69102932769,16078.90413680009,-6352.6063935417915,76089.39328606939
2014-09-29,85854.43795912387,16078.90413680009,-6352.6063935417915,76128.14021586557
2014-09-30,85831.98242941545,16078.90413680009,-6352.6063935417915,76105.68468615715
2014-10-01,85850.49647241272,16078.90413680009,-6352.6063935417915,76124.19872915442
2014-10-02,85844.04862600169,16078.90413680009,-6352.6063935417915,76117.75088274339
2014-10-03,85887.05963981804,16078.90413680009,-6352.6063935417915,76160.76189655974
2014-10-06,85926.98236638377,16078.90413680009,-6352.6063935417915,76200.68462312547
2014-10-07,85839.58995568706,16078.90413680009,-6352.6063935417915,76113.29221242876
2014-10-08,85945.55106603052,16078.90413680009,-6352.6063935417915,76219.25332277222
2014-10-09,85815.9068830295,16078.90413680009,-6352.6063935417915,76089.6091397712
2014-10-10,85680.86058536009,16078.90413680009,-6352.6063935417915,75954.56284210179
2014-10-13,85821.17321710545,16078.90413680009,-6352.6063935417915,76094.87547384715
2014-10-14,85846.01771806995,16078.90413680009,-6352.6063935417915,76119.71997481165
2014-10-15,85654.4379614715,16078.90413680009,-6352.6063935417915,75928.1402182132
2014-10-16,85794.59992648778,16078.90413680009,-6352.6063935417915,76068.30218322948
2014-10-17,85771.96821412607,16078.90413680009,-6352.6063935417915,76045.67047086777
2014-10-20,87560.72084720666,15582.166148336255,-6352.6063935417915,78331.16109241219
2014-10-21,86967.92510385183,15706.189001731691,-6352.6063935417915,77614.34249566193
2014-10-22,88159.67830224033,16141.383804541198,-6352.6063935417915,78370.90089124092
2014-10-23,87562.93707410397,15714.361085203243,-6352.6063935417915,78201.18238244252
2014-10-24,86335.88324762566,15344.23425276042,-6352.6063935417915,77344.25538840704
2014-10-27,86255.5196117569,15326.028224914102,-6352.6063935417915,77282.09778038459
2014-10-28,86818.71280977863,15814.612553222338,-6352.6063935417915,77356.70665009809
2014-10-29,86309.85452042648,15599.761936104158,-6352.6063935417915,77062.69897786411
2014-10-30,86505.97646274895,15924.588619451737,-6352.6063935417915,76933.994236839
2014-10-31,86180.25320381531,16781.128506714827,-6352.6063935417915,75751.73109064228
2014-11-03,86365.62876076484,16870.333859211183,-6352.6063935417915,75847.90129509545
2014-11-04,85573.07559911371,16697.45919820771,-6352.6063935417915,75228.22279444779
2014-11-05,85606.96530668624,16935.147757687257,-6352.6063935417915,75024.42394254077
2014-11-06,86725.56715557631,17387.591409988352,-6352.6063935417915,75690.58213912975
2014-11-07,86942.59775520826,17387.67666909611,-6352.6063935417915,75907.52747965395
2014-11-10,87310.32343399047,17541.533820014214,-6352.6063935417915,76121.39600751805
2014-11-11,87631.95520946232,17189.430431439076,-6352.6063935417915,76795.13117156504
2014-11-12,88455.79797765939,17557.705786359147,-6352.6063935417915,77250.69858484203
2014-11-13,89181.8638150749,17430.45561210788,-6352.6063935417915,78104.01459650882
2014-11-14,89335.407298496,17594.896827919292,-6352.6063935417915,78093.11686411849
2014-11-17,89449.04901857115,17718.87564679177,-6352.6063935417915,78082.77976532117
2014-11-18,89792.1416956404,18155.26198767172,-6352.6063935417915,77989.48610151047
2014-11-19,88395.43743768916,18020.72832361504,-6352.6063935417915,76727.31550761592
2014-11-20,87782.38489349512,18134.231935309595,-6352.6063935417915,76000.75935172732
2014-11-21,88621.08320656442,19283.127638741746,-6352.6063935417915,75690.56196136447
2014-11-24,88743.72292887652,19283.127638741746,-6352.6063935417915,75813.20168367657
2014-11-25,88808.1049956996,19283.127638741746,-6352.6063935417915,75877.58375049965
2014-11-26,88690.29507951159,19283.127638741746,-6352.6063935417915,75759.77383431164
2014-11-28,88523.59349121852,19283.127638741746,-6352.6063935417915,75593.07224601856
2014-12-01,88865.21791655826,19283.127638741746,-6352.6063935417915,75934.69667135831
2014-12-02,89012.79423899297,19283.127638741746,-6352.6063935417915,76082.27299379301
2014-12-03,89227.65376302833,19283.127638741746,-6352.6063935417915,76297.13251782837
2014-12-04,89241.40665712487,19283.127638741746,-6352.6063935417915,76310.88541192492
2014-12-05,89360.84036494535,19283.127638741746,-6352.6063935417915,76430.3191197454
2014-12-08,89279.02635409613,19283.127638741746,-6352.6063935417915,76348.50510889618
2014-12-09,89401.01692927233,19283.127638741746,-6352.6063935417915,76470.49568407238
2014-12-10,89233.96104223584,19283.127638741746,-6352.6063935417915,76303.43979703588
2014-12-11,89337.29106549034,19283.127638741746,-6352.6063935417915,76406.76982029038
2014-12-12,88880.25485280296,19283.127638741746,-6352.6063935417915,75949.733607603
2014-12-15,88935.07373026991,19283.127638741746,-6352.6063935417915,76004.55248506996
2014-12-16,89161.55787281552,19283.127638741746,-6352.6063935417915,76231.03662761557
2014-12-17,89260.72185018356,19283.127638741746,-6352.6063935417915,76330.2006049836
2014-12-18,88495.0653109646,19283.127638741746,-6352.6063935417915,75564.54406576464
2014-12-19,88160.56923171785,19283.127638741746,-6352.6063935417915,75230.0479865179
2014-12-22,88160.56923171785,19283.127638741746,-6352.6063935417915,75230.0479865179
2014-12-23,88160.56923171785,19283.127638741746,-6352.6063935417915,75230.0479865179
2014-12-24,88160.56923171785,19283.127638741746,-6352.6063935417915,75230.0479865179
2014-12-26,88160.56923171785,19283.127638741746,-6352.6063935417915,75230.0479865179
2014-12-29,88160.56923171785,19283.127638741746,-6352.6063935417915,75230.0479865179
2014-12-30,88160.56923171785,19283.127638741746,-6352.6063935417915,75230.0479865179
2014-12-31,88160.56923171785,19283.127638741746,-6352.6063935417915,75230.0479865179
2015-01-02,88160.56923171785,19283.127638741746,-6352.6063935417915,75230.0479865179
2015-01-05,88160.56923171785,19283.127638741746,-6352.6063935417915,75230.0479865179
2015-01-06,88160.56923171785,19283.127638741746,-6352.6063935417915,75230.0479865179
2015-01-07,88160.56923171785,19283.127638741746,-6352.6063935417915,75230.0479865179
2015-01-08,88160.56923171785,19283.127638741746,-6352.6063935417915,75230.0479865179
2015-01-09,88160.56923171785,19283.127638741746,-6352.6063935417915,75230.0479865179
2015-01-12,88160.56923171785,19283.127638741746,-6352.6063935417915,75230.0479865179
2015-01-13,88160.56923171785,19283.127638741746,-6352.6063935417915,75230.0479865179
2015-01-14,88160.56923171785,19283.127638741746,-6352.6063935417915,75230.0479865179
2015-01-15,88160.56923171785,19283.127638741746,-6352.6063935417915,75230.0479865179
2015-01-16,88160.56923171785,19283.127638741746,-6352.6063935417915,75230.0479865179
2015-01-20,86966.41912579432,16989.75850437698,-6352.6063935417915,76329.26701495913
2015-01-21,87695.18118682306,17069.726131674368,-6352.6063935417915,76978.06144869048
2015-01-22,86777.9004028081,15980.925428316346,-6352.6063935417915,77149.58136803354
2015-01-23,87678.57905195619,16500.417045636103,-6352.6063935417915,77530.76839986187
2015-01-26,88299.97734051244,17008.284700565157,-6352.6063935417915,77644.29903348908
2015-01-27,88779.57925749058,18064.814807516872,-6352.6063935417915,77067.3708435155
2015-01-28,88986.65335364628,19710.867411883315,-6352.6063935417915,75628.39233530476
2015-01-29,90179.31853667716,21283.677642769762,-6352.6063935417915,75248.2472874492
2015-01-30,89653.20649250329,21800.34677689732,-6352.6063935417915,74205.46610914776
2015-02-02,90629.4105773227,21050.463282897603,-6352.6063935417915,75931.5536879669
2015-02-03,89960.87856002315,20567.23950193671,-6352.6063935417915,75746.24545162823
2015-02-04,91708.9238264222,22240.514449460432,-6352.6063935417915,75821.01577050355
2015-02-05,91052.78489826329,21693.690182960825,-6352.6063935417915,75711.70110884425
2015-02-06,91125.42128352995,22359.756702322513,-6352.6063935417915,75118.27097474923
2015-02-09,91987.11687898333,22847.613483064924,-6352.6063935417915,75492.1097894602
2015-02-10,92369.24319027434,22909.78056761052,-6352.6063935417915,75812.06901620561
2015-02-11,92326.07778857031,22943.38607736514,-6352.6063935417915,75735.29810474697
2015-02-12,91159.95073635713,23014.045880423044,-6352.6063935417915,74498.51124947588
2015-02-13,90805.07253614487,22872.714733016095,-6352.6063935417915,74284.96419667057
2015-02-17,90451.36809591658,22472.934909131844,-6352.6063935417915,74331.03958032653
2015-02-18,90761.76286364347,22111.816612526425,-6352.6063935417915,75002.55264465883
2015-02-19,90232.19019956351,21669.829441708396,-6352.6063935417915,74914.96715139691
2015-02-20,92112.21752821945,24068.829523886554,-6352.6063935417915,74395.99439787469
2015-02-23,91955.19248293783,23922.669953192235,-6352.6063935417915,74385.12892328738
2015-02-24,90844.2955734604,22843.455136892735,-6352.6063935417915,74353.44683010946
2015-02-25,90947.78843054525,22680.522975886357,-6352.6063935417915,74619.87184820068
2015-02-26,91515.29925417772,23479.575661139563,-6352.6063935417915,74388.32998657995
2015-02-27,92201.1244664723,24029.033938350272,-6352.6063935417915,74524.69692166382
2015-03-02,91933.88775795663,23546.387287683552,-6352.6063935417915,74740.10686381487
2015-03-03,92185.94572890631,23662.28201614204,-6352.6063935417915,74876.27010630607
2015-03-04,93044.89710051566,24382.71810806298,-6352.6063935417915,75014.78538599447
2015-03-05,92595.60921842721,23928.133347639232,-6352.6063935417915,75020.08226432977
2015-03-06,94103.18805991206,25509.906617161934,-6352.6063935417915,74945.88783629192
2015-03-09,93786.44132308709,25116.680622531683,-6352.6063935417915,75022.3670940972
2015-03-10,95936.93208455306,27251.533048093086,-6352.6063935417915,75038.00543000177
2015-03-11,96249.92092034838,27519.75151923392,-6352.6063935417915,75082.77579465625
2015-03-12,96372.6997398861,27653.068829527358,-6352.6063935417915,75072.23730390053
2015-03-13,97893.66255692753,29075.919961954,-6352.6063935417915,75170.34898851532
2015-03-16,93484.19916077389,24700.81922066002,-6352.6063935417915,75135.98633365566
2015-03-17,93708.0673293731,25062.499676047824,-6352.6063935417915,74998.17404686706
2015-03-18,90657.71589664998,21965.296321303234,-6352.6063935417915,75045.02596888854
2015-03-19,91739.31679394282,23040.038020719192,-6352.6063935417915,75051.88516676542
2015-03-20,89263.33034982346,20432.99828986649,-6352.6063935417915,75182.93845349876
2015-03-23,89281.66557342815,20432.99828986649,-6352.6063935417915,75201.27367710345
2015-03-24,89228.37227974832,20432.99828986649,-6352.6063935417915,75147.98038342362
2015-03-25,89208.53592284606,20432.99828986649,-6352.6063935417915,75128.14402652136
2015-03-26,89344.1234648209,20432.99828986649,-6352.6063935417915,75263.73156849621
2015-03-27,89363.19640314835,20432.99828986649,-6352.6063935417915,75282.80450682365
2015-03-30,89409.73932600138,20432.99828986649,-6352.6063935417915,75329.34742967668
2015-03-31,89416.23911442445,20432.99828986649,-6352.6063935417915,75335.84721809975
2015-04-01,89409.42123819282,20432.99828986649,-6352.6063935417915,75329.02934186812
2015-04-02,89402.18928354117,20432.99828986649,-6352.6063935417915,75321.79738721647
2015-04-06,89334.0751692038,20432.99828986649,-6352.6063935417915,75253.6832728791
2015-04-07,89250.30814871169,20432.99828986649,-6352.6063935417915,75169.91625238699
2015-04-08,89302.22455815435,20432.99828986649,-6352.6063935417915,75221.83266182966
2015-04-09,89307.20328412508,20432.99828986649,-6352.6063935417915,75226.81138780038
2015-04-10,89428.69696027134,20432.99828986649,-6352.6063935417915,75348.30506394664
2015-04-13,89507.51290228148,20432.99828986649,-6352.6063935417915,75427.12100595678
2015-04-14,89494.74633756327,20432.99828986649,-6352.6063935417915,75414.35444123857
2015-04-15,89499.36562823202,20432.99828986649,-6352.6063935417915,75418.97373190732
2015-04-16,89506.14541172958,20432.99828986649,-6352.6063935417915,75425.75351540488
2015-04-17,89569.82059841207,20432.99828986649,-6352.6063935417915,75489.42870208737
2015-04-20,88235.20663484558,20432.99828986649,-8370.157451412524,76172.36579639162
2015-04-21,88242.17759200418,20432.99828986649,-8723.016828157823,76532.19613029552
2015-04-22,88499.62133785582,20432.99828986649,-8678.834487712244,76745.45753570157
2015-04-23,88051.73822656169,20432.99828986649,-9384.504152959678,77003.24408965488
2015-04-24,88261.01491770009,20432.99828986649,-8185.710530082579,76013.72715791618
2015-04-27,88449.63028226653,20432.99828986649,-8114.402039877721,76131.03403227776
2015-04-28,88744.97717818909,20432.99828986649,-7595.972845357377,75907.95173367998
2015-04-29,88888.73750230833,20432.99828986649,-7124.032373886905,75579.77158632874
2015-04-30,87832.88169218495,20432.99828986649,-8036.967572029447,75436.85097434791
2015-05-01,89580.00721517531,20432.99828986649,-7167.008092076168,76314.01701738499
2015-05-04,89855.85504108621,20432.99828986649,-7775.276856324985,77198.1336075447
2015-05-05,89752.51456767693,20432.99828986649,-7937.51968495443,77257.03596276487
2015-05-06,90124.75593625777,20432.99828986649,-8058.30102406966,77750.05867046094
2015-05-07,91279.84746050613,20432.99828986649,-7255.210506542819,78102.05967718246
2015-05-08,91729.37442146137,20432.99828986649,-6898.53564366349,78194.91177525837
2015-05-11,91862.0135268002,20432.99828986649,-6962.667984738946,78391.68322167266
2015-05-12,91343.72188504704,20432.99828986649,-7322.654528284445,78233.378123465
2015-05-13,91333.45876364375,20432.99828986649,-6767.330135657918,77667.79060943518
2015-05-14,91447.84914377972,20432.99828986649,-6544.463191205636,77559.31404511887
2015-05-15,90989.21977995429,20432.99828986649,-7324.307931807241,77880.52942189504
2015-05-18,91167.41451981175,20432.99828986649,-7324.307931807241,78058.7241617525
2015-05-19,91168.50085988012,20432.99828986649,-7324.307931807241,78059.81050182087
2015-05-20,91304.22567963321,20432.99828986649,-7324.307931807241,78195.53532157396
2015-05-21,91534.42104492034,20432.99828986649,-7324.307931807241,78425.73068686109
2015-05-22,91551.37110271514,20432.99828986649,-7324.307931807241,78442.6807446559
2015-05-26,91502.13169335225,20432.99828986649,-7324.307931807241,78393.441335293
2015-05-27,91508.3577671831,20432.99828986649,-7324.307931807241,78399.66740912385
2015-05-28,91563.83549580607,20432.99828986649,-7324.307931807241,78455.14513774682
2015-05-29,91619.8421232868,20432.99828986649,-7324.307931807241,78511.15176522755
2015-06-01,91781.74032023246,20432.99828986649,-7324.307931807241,78673.04996217322
2015-06-02,91805.08882062137,20432.99828986649,-7324.307931807241,78696.39846256212
2015-06-03,91675.47921994561,20432.99828986649,-7324.307931807241,78566.78886188637
2015-06-04,91482.30358202313,20432.99828986649,-7324.307931807241,78373.61322396388
2015-06-05,91560.92452176567,20432.99828986649,-7324.307931807241,78452.23416370642
2015-06-08,91625.02727263351,20432.99828986649,-7324.307931807241,78516.33691457426
2015-06-09,91610.54862822173,20432.99828986649,-7324.307931807241,78501.85827016248
2015-06-10,91581.0487038996,20432.99828986649,-7324.307931807241,78472.35834584036
2015-06-11,91595.71960300533,20432.99828986649,-7324.307931807241,78487.02924494608
2015-06-12,91548.35004549171,20432.99828986649,-7324.307931807241,78439.65968743246
2015-06-15,91775.19824754586,20432.99828986649,-7324.307931807241,78666.50788948662
2015-06-16,91874.35534623731,20432.99828986649,-7324.307931807241,78765.66498817806
2015-06-17,92013.79438619292,20432.99828986649,-7324.307931807241,78905.10402813368
2015-06-18,91958.06098307017,20432.99828986649,-7324.307931807241,78849.37062501092
2015-06-19,91926.51877882308,20432.99828986649,-7324.307931807241,78817.82842076384
2015-06-22,92223.10449259065,20713.958887360757,-7324.307931807241,78833.45353703713
2015-06-23,92662.04798946017,21319.764878313406,-7324.307931807241,78666.59104295401
2015-06-24,92575.30014410138,21174.231520779198,-7324.307931807241,78725.37655512942
2015-06-25,92536.33765451121,21220.030098050484,-7324.307931807241,78640.61548826797
2015-06-26,93080.04603295552,21671.98796519637,-7324.307931807241,78732.36599956639
2015-06-29,90227.88388584286,19018.652544937562,-7324.307931807241,78533.53927271254
2015-06-30,91205.16000217537,19822.166649293853,-7324.307931807241,78707.30128468876
2015-07-01,93304.87236635317,21703.43883293972,-7324.307931807241,78925.7414652207
2015-07-02,92410.36626256129,20769.40199459833,-7324.307931807241,78965.2721997702
2015-07-06,92720.6700072349,20945.436550745857,-7324.307931807241,79099.54138829629
2015-07-07,93702.80552616087,21854.72501704807,-7324.307931807241,79172.38844092004
2015-07-08,91799.40652276133,20106.26968937542,-7324.307931807241,79017.44476519316
2015-07-09,92098.58699461853,20201.170989338774,-7324.307931807241,79221.723937087
2015-07-10,93996.77559636335,21915.549855156103,-7324.307931807241,79405.53367301449
2015-07-13,94267.33774196415,22043.390179490438,-7324.307931807241,79548.25549428095
2015-07-14,94713.7353496413,22428.802829982713,-7324.307931807241,79609.24045146583
2015-07-15,94833.90107065812,22366.54733706836,-7324.307931807241,79791.661665397
2015-07-16,95582.15028834506,23267.1396820558,-7324.307931807241,79639.3185380965
2015-07-17,95722.96514956979,23201.101862478652,-7324.307931807241,79846.17121889838
2015-07-20,95421.91718317033,23201.101862478652,-7324.307931807241,79545.12325249892
2015-07-21,95516.44867314934,23201.101862478652,-7324.307931807241,79639.65474247793
2015-07-22,96211.03042337205,23201.101862478652,-7324.307931807241,80334.23649270064
2015-07-23,95965.73705237731,23201.101862478652,-7324.307931807241,80088.9431217059
2015-07-24,93622.68142066826,23201.101862478652,-7324.307931807241,77745.88748999685
2015-07-27,93943.43352064234,23201.101862478652,-7324.307931807241,78066.63958997093
2015-07-28,94677.12670646631,23201.101862478652,-7324.307931807241,78800.3327757949
2015-07-29,94446.31397415115,23201.101862478652,-7324.307931807241,78569.52004347974
2015-07-30,94622.70217442326,23201.101862478652,-7324.307931807241,78745.90824375185
2015-07-31,94597.20151392044,23201.101862478652,-7324.307931807241,78720.40758324903
2015-08-03,94063.11870703357,23201.101862478652,-7324.307931807241,78186.32477636216
2015-08-04,93910.23183877766,23201.101862478652,-7324.307931807241,78033.43790810625
2015-08-05,94236.70679304237,23201.101862478652,-7324.307931807241,78359.91286237095
2015-08-06,94486.18300977442,23201.101862478652,-7324.307931807241,78609.38907910301
2015-08-07,93816.80009667506,23201.101862478652,-7324.307931807241,77940.00616600364
2015-08-10,95216.43695636909,23201.101862478652,-7324.307931807241,79339.64302569767
2015-08-11,94917.7290671554,23201.101862478652,-7324.307931807241,79040.93513648398
2015-08-12,95275.1675255706,23201.101862478652,-7324.307931807241,79398.3735948992
2015-08-13,95210.89366682456,23201.101862478652,-7324.307931807241,79334.09973615315
2015-08-14,95032.52258145949,23201.101862478652,-7324.307931807241,79155.72865078808
2015-08-17,95299.29591727816,23201.101862478652,-7324.307931807241,79422.50198660675
2015-08-18,95159.7968429334,23201.101862478652,-7324.307931807241,79283.00291226199
2015-08-19,94947.86704860558,23201.101862478652,-7324.307931807241,79071.07311793417
2015-08-20,94314.47761946358,23201.101862478652,-7324.307931807241,78437.68368879217
2015-08-21,90811.24647447607,23201.101862478652,-7324.307931807241,74934.45254380465
2015-08-24,82746.35454816476,19727.570138065843,-7324.307931807241,70343.09234190616
2015-08-25,88493.74026070861,25667.430146941333,-7324.307931807241,70150.61804557452
2015-08-26,73071.35224889917,6131.076106252032,-7324.307931807241,74264.58407445438
2015-08-27,94284.20314509084,25996.138284567278,-7324.307931807241,75612.3727923308
2015-08-28,92942.45488727977,24311.810678624664,-7324.307931807241,75954.95214046235
2015-08-31,93478.653827145,24455.601596320863,-7324.307931807241,76347.36016263138
2015-09-01,88550.1158980364,22247.23937112151,-7324.307931807241,73627.18445872213
2015-09-02,96603.27815610927,27540.222047842573,-7324.307931807241,76387.36404007394
2015-09-03,95028.7939215654,24953.78022204328,-7324.307931807241,77399.32163132937
2015-09-04,91170.02106467623,22562.89275608468,-7324.307931807241,75931.43624039879
2015-09-08,95574.79658838839,25443.765794693725,-7324.307931807241,77455.3387255019
2015-09-09,94235.70951008762,23411.962852272205,-7324.307931807241,78148.05458962265
2015-09-10,96121.51334325096,25302.990828288253,-7324.307931807241,78142.83044676995
2015-09-11,97199.48561714066,26785.160351737635,-7324.307931807241,77738.63319721026
2015-09-14,97254.32786456519,25828.944584122044,-7324.307931807241,78749.69121225039
2015-09-15,100304.46651896706,28307.990959692746,-7324.307931807241,79320.78349108156
2015-09-16,101860.7893081106,29906.752134053968,-7324.307931807241,79278.34510586387
2015-09-17,102545.967888035,29919.622885597637,-7324.307931807241,79950.6529342446
2015-09-18,99694.4721359621,26099.005174430553,-7324.307931807241,80919.77489333879
2015-09-21,102245.539423162,28492.467204866465,-7324.307931807241,81077.38015010278
2015-09-22,101316.00681224698,27673.152416805387,-7324.307931807241,80967.16232724884
2015-09-23,102222.4369386445,28470.533324682387,-7324.307931807241,81076.21154576936
2015-09-24,102837.47575762658,28991.48468090978,-7324.307931807241,81170.29900852405
2015-09-25,103933.59140610043,30062.028813487967,-7324.307931807241,81195.8705244197
2015-09-28,101621.08739164029,28004.66277137946,-7324.307931807241,80940.73255206808
2015-09-29,102133.98505842802,28270.120086785755,-7324.307931807241,81188.17290344951
2015-09-30,104567.53010534425,30558.754736804054,-7324.307931807241,81333.08330034744
2015-10-01,105463.60874597006,31377.734074942884,-7324.307931807241,81410.18260283442
2015-10-02,107418.97427569516,33177.23817056103,-7324.307931807241,81566.04403694137
2015-10-05,106595.18491179217,32312.77778891346,-7324.307931807241,81606.71505468595
2015-10-06,108007.22381599084,33782.098249053466,-7324.307931807241,81549.43349874462
2015-10-07,107363.26859968225,33239.79733272514,-7324.307931807241,81447.77919876436
2015-10-08,106035.30989209178,32201.60144281597,-7324.307931807241,81158.01638108306
2015-10-09,106075.42882547656,31930.27674092166,-7324.307931807241,81469.46001636214
2015-10-12,105842.85959127522,31499.931141103734,-7324.307931807241,81667.23638197873
2015-10-13,107069.36243174586,32635.714567638002,-7324.307931807241,81757.9557959151
2015-10-14,108006.58542599564,33554.71052796277,-7324.307931807241,81776.18282984011
2015-10-15,106625.60350637045,31780.044518248294,-7324.307931807241,82169.8669199294
2015-10-16,103788.69126875396,29005.670781146386,-7324.307931807241,82107.32841941481
2015-10-19,103898.43511946988,29005.670781146386,-7324.307931807241,82217.07227013074
2015-10-20,103790.25676443544,29005.670781146386,-7324.307931807241,82108.8939150963
2015-10-21,103850.28801107034,29005.670781146386,-7324.307931807241,82168.9251617312
2015-10-22,103680.53768318589,29005.670781146386,-7324.307931807241,81999.17483384674
2015-10-23,102737.86472245632,29005.670781146386,-7324.307931807241,81056.50187311717
2015-10-26,102810.87492463784,29005.670781146386,-7324.307931807241,81129.5120752987
2015-10-27,102542.64366985136,29005.670781146386,-7324.307931807241,80861.28082051221
2015-10-28,102907.16006300482,29005.670781146386,-7324.307931807241,81225.79721366568
2015-10-29,103648.76355343359,29005.670781146386,-7324.307931807241,81967.40070409444
2015-10-30,104163.99769602856,29005.670781146386,-7324.307931807241,82482.63484668941
2015-11-02,104373.36221368983,29005.670781146386,-7324.307931807241,82691.99936435069
2015-11-03,104298.84288370493,29005.670781146386,-7324.307931807241,82617.48003436578
2015-11-04,104599.61973020039,29005.670781146386,-7324.307931807241,82918.25688086124
2015-11-05,104693.36738216993,29005.670781146386,-7324.307931807241,83012.00453283079
2015-11-06,104185.5718761282,29005.670781146386,-7324.307931807241,82504.20902678906
2015-11-09,104434.11888891365,29005.670781146386,-7324.307931807241,82752.75603957451
2015-11-10,105033.32060432783,29005.670781146386,-7324.307931807241,83351.95775498869
2015-11-11,104986.42334612017,29005.670781146386,-7324.307931807241,83305.06049678102
2015-11-12,104484.87387016439,29005.670781146386,-7324.307931807241,82803.51102082524
2015-11-13,103788.68712133518,29005.670781146386,-7324.307931807241,82107.32427199604
2015-11-16,104591.91431732383,29005.670781146386,-7324.307931807241,82910.55146798468
2015-11-17,105094.04077810165,29005.670781146386,-7324.307931807241,83412.67792876251
2015-11-18,104034.72806569608,29005.670781146386,-7324.307931807241,82353.36521635693
2015-11-19,104113.68526740628,29005.670781146386,-7324.307931807241,82432.32241806714
2015-11-20,104052.48677025712,29005.670781146386,-7324.307931807241,82371.12392091798
2015-11-23,103652.16931097466,28527.721382785006,-7324.307931807241,82448.75585999689
2015-11-24,103439.47715390031,28342.07948450453,-7324.307931807241,82421.70560120302
2015-11-25,103843.08578913927,28691.362039763015,-7324.307931807241,82476.0316811835
2015-11-27,105392.28147368482,30206.845135276322,-7324.307931807241,82509.74427021574
2015-11-30,103990.33355110954,28762.77529249678,-7324.307931807241,82551.86619042
2015-12-01,104524.15741527418,29272.493447249755,-7324.307931807241,82575.97189983167
2015-12-02,104843.5473203779,29542.582449688343,-7324.307931807241,82625.2728024968
2015-12-03,104183.41021447815,28914.628653511754,-7324.307931807241,82593.08949277364
2015-12-04,106102.34734145808,30737.732344317366,-7324.307931807241,82688.92292894796
2015-12-07,106498.1687615324,31030.03811227181,-7324.307931807241,82792.43858106784
2015-12-08,106555.09371201904,31036.351149902563,-7324.307931807241,82843.05049392371
2015-12-09,105003.658680778,29417.576908003422,-7324.307931807241,82910.38970458182
2015-12-10,105716.36915677425,30090.420489974087,-7324.307931807241,82950.2565986074
2015-12-11,101907.54633737367,26055.893349258928,-7324.307931807241,83175.96091992198
2015-12-14,104189.1603052722,28166.991494453512,-7324.307931807241,83346.47674262594
2015-12-15,105240.23717020114,29140.828571745427,-7324.307931807241,83423.71653026296
2015-12-16,104458.01342364913,28428.44502585975,-7324.307931807241,83353.87632959662
2015-12-17,109602.75933773757,33354.52270465391,-7324.307931807241,83572.54456489091
2015-12-18,116649.33388834598,40069.80019665533,-7324.307931807241,83903.8416234979
2015-12-21,115216.40828461153,38505.95243697229,-7324.307931807241,84034.76377944648
2015-12-22,114669.63328089996,37916.93116452778,-7324.307931807241,84077.01004817942
2015-12-23,114669.23476547748,37799.34768407734,-7324.307931807241,84194.19501320738
2015-12-24,114126.9018000071,37206.23687830253,-7324.307931807241,84244.9728535118
2015-12-28,115048.51821657049,38049.24031028291,-7324.307931807241,84323.58583809482
2015-12-29,115017.70326237788,37979.82891924051,-7324.307931807241,84362.18227494461
2015-12-30,115061.37591237423,38013.37442143331,-7324.307931807241,84372.30942274816
2015-12-31,114856.46972375282,37846.81299203285,-7324.307931807241,84333.96466352721
2016-01-04,114481.31890821969,37647.64271729288,-7324.307931807241,84157.98412273405
2016-01-05,115734.0348933693,38784.44537423004,-7324.307931807241,84273.8974509465
2016-01-06,114650.84482968936,37872.71634123125,-7324.307931807241,84102.43642026535
2016-01-07,110305.78567241307,33766.93994949502,-7324.307931807241,83863.15365472529
2016-01-08,107167.87339783844,30850.76117257378,-7324.307931807241,83641.4201570719
2016-01-11,107112.27211021271,30688.901536970865,-7324.307931807241,83747.67850504909
2016-01-12,110587.87612762919,33926.25474047242,-7324.307931807241,83985.92931896402
2016-01-13,102928.56049248204,26549.94593591534,-7324.307931807241,83702.92248837394
2016-01-14,108850.72954997339,32576.600710855797,-7324.307931807241,83598.43677092483
2016-01-15,95301.58534890006,19119.112129671033,-7324.307931807241,83506.78115103627
2016-01-19,97275.87594059517,17481.66419081739,-7324.307931807241,87118.51968158502
2016-01-20,98152.2657593172,20680.373373479233,-7324.307931807241,84796.20031764521
2016-01-21,98337.95854575292,18891.76216091914,-7324.307931807241,86770.50431664102
2016-01-22,100228.86009073758,17911.991932500154,-7324.307931807241,89641.17609004467
2016-01-25,101589.15191658656,19765.494365413557,-7324.307931807241,89147.96548298025
2016-01-26,103053.08398554195,20162.674647355336,-7324.307931807241,90214.71726999385
2016-01-27,105029.53839817841,21199.573987155687,-7324.307931807241,91154.27234282997
2016-01-28,105873.52578842326,22066.279011535225,-7324.307931807241,91131.55470869527
2016-01-29,105403.5194739874,21736.516878930735,-7324.307931807241,90991.3105268639
2016-02-01,105960.99760882102,20150.775116340024,-7324.307931807241,93134.53042428824
2016-02-02,104669.70405987022,21369.14292531868,-7324.307931807241,90624.86906635878
2016-02-03,105138.41081652942,21691.410452022683,-7324.307931807241,90771.30829631398
2016-02-04,105356.92955032596,21668.412562108482,-7324.307931807241,91012.82492002472
2016-02-05,101422.52732204262,21400.53168658819,-7324.307931807241,87346.30356726167
2016-02-08,97163.0709548411,21492.909835566417,-7324.307931807241,82994.46905108192
2016-02-09,98365.31020852434,21662.156495515606,-7324.307931807241,84027.46164481598
2016-02-10,101199.41012564022,23166.504217298352,-7324.307931807241,85357.21384014911
2016-02-11,98845.4564120759,23997.201805158053,-7324.307931807241,82172.56253872509
2016-02-12,103272.29969678342,24743.40095252893,-7324.307931807241,85853.20667606173
2016-02-16,104794.66104898241,23436.25813481328,-7324.307931807241,88682.71084597637
2016-02-17,105526.98272164364,23623.336652282393,-7324.307931807241,89227.95400116849
2016-02-18,105891.99238401465,24173.061804775498,-7324.307931807241,89043.2385110464
2016-02-19,106436.04135478125,24729.369077337557,-7324.307931807241,89030.98020925093
2016-02-22,104274.44162385352,22382.44306741131,-7324.307931807241,89216.30648824945
2016-02-23,105568.0110916734,23651.90171580203,-7324.307931807241,89240.41730767861
2016-02-24,105555.42935510678,23642.431023299578,-7324.307931807241,89237.30626361445
2016-02-25,104500.70404322143,22993.544652280747,-7324.307931807241,88831.46732274792
2016-02-26,104190.44162164559,22496.999949164572,-7324.307931807241,89017.74960428826
2016-02-29,104319.96091098129,22487.127222871524,-7324.307931807241,89157.141619917
2016-03-01,104470.35954792262,22691.184716933058,-7324.307931807241,89103.4827627968
2016-03-02,105215.22330719291,23325.42418598407,-7324.307931807241,89214.10705301608
2016-03-03,105959.68539478944,23195.615800481755,-7324.307931807241,90088.37752611493
2016-03-04,106002.53758351551,23230.142601711792,-7324.307931807241,90096.70291361096
2016-03-07,106087.4471122626,22957.086480728816,-7324.307931807241,90454.66856334102
2016-03-08,104998.84728759318,22072.766200826154,-7324.307931807241,90250.38901857426
2016-03-09,105613.02801531611,22814.887976743048,-7324.307931807241,90122.44797038031
2016-03-10,105598.24483488477,22550.9451336778,-7324.307931807241,90371.60763301421
2016-03-11,106582.28058605862,23577.96468213084,-7324.307931807241,90328.62383573502
2016-03-14,106110.31733482506,23222.817474419484,-7324.307931807241,90211.80779221281
2016-03-15,105746.68135336519,22923.491090675816,-7324.307931807241,90147.49819449661
2016-03-16,105758.47229617788,23425.983105713152,-7324.307931807241,89656.79712227196
2016-03-17,106708.15979224199,24368.958371391054,-7324.307931807241,89663.50935265818
2016-03-18,105930.99938416958,24171.183903122554,-7324.307931807241,89084.12341285427
2016-03-21,105911.41466693522,24171.183903122554,-7324.307931807241,89064.5386956199
2016-03-22,105912.16093963885,24171.183903122554,-7324.307931807241,89065.28496832354
2016-03-23,106206.15492796351,24171.183903122554,-7324.307931807241,89359.2789566482
2016-03-24,106132.2269210018,24171.183903122554,-7324.307931807241,89285.35094968649
2016-03-28,106259.39698003896,24171.183903122554,-7324.307931807241,89412.52100872365
2016-03-29,106187.18298514432,24171.183903122554,-7324.307931807241,89340.307013829
2016-03-30,106375.65984736464,24171.183903122554,-7324.307931807241,89528.78387604933
2016-03-31,106359.5133168475,24171.183903122554,-7324.307931807241,89512.63734553219
2016-04-01,106489.00953916868,24171.183903122554,-7324.307931807241,89642.13356785337
2016-04-04,106353.8158331482,24171.183903122554,-7324.307931807241,89506.93986183289
2016-04-05,106207.35480810737,24171.183903122554,-7324.307931807241,89360.47883679206
2016-04-06,106426.08187306032,24171.183903122554,-7324.307931807241,89579.20590174501
2016-04-07,106132.35871465143,24171.183903122554,-7324.307931807241,89285.48274333612
2016-04-08,106188.08443066466,24171.183903122554,-7324.307931807241,89341.20845934935
2016-04-11,106129.30497415259,24171.183903122554,-7324.307931807241,89282.42900283728
2016-04-12,106233.40660223819,24171.183903122554,-7324.307931807241,89386.53063092288
2016-04-13,106268.56677491346,24171.183903122554,-7324.307931807241,89421.69080359815
2016-04-14,106155.50794025057,24171.183903122554,-7324.307931807241,89308.63196893525
2016-04-15,106246.12536812213,24171.183903122554,-7324.307931807241,89399.24939680682
2016-04-18,106058.0673934375,24171.183903122554,-8166.094105407363,90052.9775957223
2016-04-19,106311.63628136367,24171.183903122554,-7945.773034033366,90086.22541227448
2016-04-20,107273.90147135837,24171.183903122554,-7129.452658473863,90232.17022670968
2016-04-21,108371.8589684359,24171.183903122554,-6541.86223542376,90742.53730073711
2016-04-22,108972.57600325439,24171.183903122554,-6077.15176935005,90878.54386948189
2016-04-25,108963.07610558835,24171.183903122554,-6499.228805280756,91291.12100774655
2016-04-26,108677.14042831142,24171.183903122554,-6975.887611705577,91481.84413689445
2016-04-27,108553.01303942315,24171.183903122554,-6934.843598217238,91316.67273451784
2016-04-28,108287.92014669068,24171.183903122554,-6732.286479097325,90849.02272266545
2016-04-29,109598.8418348066,24171.183903122554,-5366.611995997373,90794.26992768142
2016-05-02,110157.55821858556,24171.183903122554,-5722.893874360016,91709.26818982302
2016-05-03,110587.48909945693,24171.183903122554,-5381.910638390575,91798.21583472495
2016-05-04,111005.59770686773,24171.183903122554,-4874.555690802983,91708.96949454816
2016-05-05,111116.67400067393,24171.183903122554,-4905.036817582557,91850.52691513393
2016-05-06,111420.11497419793,24171.183903122554,-4835.7126993204,92084.64377039578
2016-05-09,111671.47903465503,24171.183903122554,-5067.200704990188,92567.49583652266
2016-05-10,111701.12564910518,24171.183903122554,-5421.925490135443,92951.86723611807
2016-05-11,112375.8435720118,24171.183903122554,-5410.3101217244985,93614.96979061374
2016-05-12,112151.52413659927,24171.183903122554,-5344.294021838228,93324.63425531494
2016-05-13,112355.99201205978,24171.183903122554,-5452.866086101159,93637.67419503839
2016-05-16,113053.68657263869,24171.183903122554,-5810.577111176099,94693.07978069223
2016-05-17,113877.99437544716,24171.183903122554,-5935.686775810202,95642.49724813481
2016-05-18,114009.19796217442,24171.183903122554,-5550.146865274059,95388.16092432593
2016-05-19,113135.40728699532,24171.183903122554,-5970.699275791179,94934.92265966395
2016-05-20,114578.89431678399,24171.183903122554,-5007.640635406016,95415.35104906745
2016-05-23,114592.64323720697,24171.183903122554,-5007.640635406016,95429.09996949043
2016-05-24,114609.96728142991,24171.183903122554,-5007.640635406016,95446.42401371337
2016-05-25,114623.56784648204,24171.183903122554,-5007.640635406016,95460.0245787655
2016-05-26,114524.55896244489,24171.183903122554,-5007.640635406016,95361.01569472835
2016-05-27,114557.46250305267,24171.183903122554,-5007.640635406016,95393.91923533613
2016-05-31,114571.0176085144,24171.183903122554,-5007.640635406016,95407.47434079787
2016-06-01,114381.35482421692,24171.183903122554,-5007.640635406016,95217.81155650038
2016-06-02,114465.8881939539,24171.183903122554,-5007.640635406016,95302.34492623736
2016-06-03,114435.18782973557,24171.183903122554,-5007.640635406016,95271.64456201904
2016-06-06,114439.3263800951,24171.183903122554,-5007.640635406016,95275.78311237856
2016-06-07,114430.7240435452,24171.183903122554,-5007.640635406016,95267.18077582866
2016-06-08,114414.04779621388,24171.183903122554,-5007.640635406016,95250.50452849735
2016-06-09,114356.92430581746,24171.183903122554,-5007.640635406016,95193.38103810092
2016-06-10,114212.57895744138,24171.183903122554,-5007.640635406016,95049.03568972484
2016-06-13,114132.892789662,24171.183903122554,-5007.640635406016,94969.34952194546
2016-06-14,114053.77016083722,24171.183903122554,-5007.640635406016,94890.22689312068
2016-06-15,114104.60191876709,24171.183903122554,-5007.640635406016,94941.05865105055
2016-06-16,114033.5541500951,24171.183903122554,-5007.640635406016,94870.01088237856
2016-06-17,114030.24930366862,24171.183903122554,-5007.640635406016,94866.70603595208
2016-06-20,113072.85118107218,23025.328999658,-5007.640635406016,95055.1628168202
2016-06-21,112902.84688680014,22786.415298369597,-5007.640635406016,95124.07222383656
2016-06-22,112398.33817513159,22287.542084311834,-5007.640635406016,95118.43672622577
2016-06-23,112625.24217169185,22305.993162890198,-5007.640635406016,95326.88964420767
2016-06-24,115807.15386935417,26061.44347757625,-5007.640635406016,94753.35102718393
2016-06-27,118736.84856047295,29074.1184821598,-5007.640635406016,94670.37071371917
2016-06-28,119223.54905595153,29162.08121397975,-5007.640635406016,95069.1084773778
2016-06-29,117806.75563954178,27500.575202027336,-5007.640635406016,95313.82107292046
2016-06-30,116434.67766019166,25978.778967128485,-5007.640635406016,95463.5393284692
2016-07-01,116241.25808380812,25767.09410395357,-5007.640635406016,95481.80461526057
2016-07-05,111611.1627138569,25900.660137584317,-5007.640635406016,90718.1432116786
2016-07-06,111165.48839250195,25388.58242095355,-5007.640635406016,90784.54660695442
2016-07-07,111121.29035947402,25342.85006959329,-5007.640635406016,90786.08092528675
2016-07-08,110585.84730947448,24615.592629847582,-5007.640635406016,90977.89531503292
2016-07-11,110530.08464447793,24290.64836220001,-5007.640635406016,91247.07691768394
2016-07-12,111606.6118314357,25268.05224739702,-5007.640635406016,91346.2002194447
2016-07-13,111333.39080383652,25083.73141916294,-5007.640635406016,91257.3000200796
2016-07-14,112697.37198841397,26412.081023336155,-5007.640635406016,91292.93160048383
2016-07-15,112373.22104067274,26225.375113771763,-5007.640635406016,91155.48656230699
2016-07-18,112129.818791206,26225.375113771763,-5396.203788674902,91300.64746610913
2016-07-19,113037.30933487637,26225.375113771763,-4815.8076961037,91627.7419172083
2016-07-20,113104.59911286237,26225.375113771763,-4965.444597993861,91844.66859708447
2016-07-21,113705.4696124245,26225.375113771763,-4122.832263980061,91602.9267626328
2016-07-22,114338.33129329351,26225.375113771763,-3970.346146085998,92083.30232560774
2016-07-25,114432.75701806089,26225.375113771763,-4008.8335721879266,92216.21547647705
2016-07-26,115065.13670263649,26225.375113771763,-3358.8503819454927,92198.61197081022
2016-07-27,115483.67684302479,26225.375113771763,-2980.868881422328,92239.17061067536
2016-07-28,115617.96505650773,26225.375113771763,-2909.561138538993,92302.15108127496
2016-07-29,116303.8485851268,26225.375113771763,-2160.035420580418,92238.50889193546
2016-08-01,115925.17368048104,26225.375113771763,-1847.6160782277584,91547.41464493703
2016-08-02,114158.11802601838,26225.375113771763,-2473.5429202357773,90406.28583248239
2016-08-03,114833.09383853222,26225.375113771763,-2169.1234927857295,90776.84221754619
2016-08-04,115229.02644242498,26225.375113771763,-1895.6878639544593,90899.33919260767
2016-08-05,117998.61573642632,26225.375113771763,465.2872653102968,91307.95335734426
2016-08-08,118165.36651008413,26225.375113771763,537.4431569469161,91402.54823936545
2016-08-09,118229.42151639191,26225.375113771763,411.93636091053486,91592.11004170962
2016-08-10,118339.88602712832,26225.375113771763,205.2133462036727,91909.29756715288
2016-08-11,118764.60371899512,26225.375113771763,796.2312416557688,91742.99736356759
2016-08-12,119382.9815902604,26225.375113771763,1146.4447698775912,92011.16170661105
2016-08-15,119603.68033789797,26225.375113771763,1370.2567109975498,92008.04851312866
2016-08-16,118850.1445197427,26225.375113771763,644.5504635082325,91980.2189424627
2016-08-17,119785.08374189062,26225.375113771763,1096.340556160896,92463.36807195796
2016-08-18,120814.73270206351,26225.375113771763,1952.5679945821175,92636.78959370963
2016-08-19,119579.07265096589,26225.375113771763,1352.4709263100522,92001.22661088407
2016-08-22,119651.99774179433,26225.375113771763,1352.4709263100522,92074.15170171252
2016-08-23,119689.44824411476,26225.375113771763,1352.4709263100522,92111.60220403294
2016-08-24,119695.27256033698,26225.375113771763,1352.4709263100522,92117.42652025516
2016-08-25,119644.75578806538,26225.375113771763,1352.4709263100522,92066.90974798356
2016-08-26,119670.53855557216,26225.375113771763,1352.4709263100522,92092.69251549034
2016-08-29,119759.89045793272,26225.375113771763,1352.4709263100522,92182.0444178509
2016-08-30,119757.80017798452,26225.375113771763,1352.4709263100522,92179.9541379027
2016-08-31,119779.85788195732,26225.375113771763,1352.4709263100522,92202.0118418755
2016-09-01,119953.34819521022,26225.375113771763,1352.4709263100522,92375.5021551284
2016-09-02,119949.04402119631,26225.375113771763,1352.4709263100522,92371.1979811145
2016-09-06,119988.18645324965,26225.375113771763,1352.4709263100522,92410.34041316784
2016-09-07,119976.77211858507,26225.375113771763,1352.4709263100522,92398.92607850325
2016-09-08,119987.61663821491,26225.375113771763,1352.4709263100522,92409.7705981331
2016-09-09,120027.3568718076,26225.375113771763,1352.4709263100522,92449.51083172578
2016-09-12,120003.08923722326,26225.375113771763,1352.4709263100522,92425.24319714145
2016-09-13,119971.91991749161,26225.375113771763,1352.4709263100522,92394.0738774098
2016-09-14,120063.44009316957,26225.375113771763,1352.4709263100522,92485.59405308776
2016-09-15,120007.48278934427,26225.375113771763,1352.4709263100522,92429.63674926246
2016-09-16,119955.92316976178,26225.375113771763,1352.4709263100522,92378.07712967996
2016-09-19,120085.10616927093,26225.375113771763,1352.4709263100522,92507.26012918912
2016-09-20,120075.9426523716,26225.375113771763,1352.4709263100522,92498.09661228978
2016-09-21,120115.90338337526,26225.375113771763,1352.4709263100522,92538.05734329345
2016-09-22,120104.36184101447,26225.375113771763,1352.4709263100522,92526.51580093266
2016-09-23,120130.40583914181,26225.375113771763,1352.4709263100522,92552.55979905999
2016-09-26,120095.13717183296,26225.375113771763,1352.4709263100522,92517.29113175115
2016-09-27,120058.12569195649,26225.375113771763,1352.4709263100522,92480.27965187468
2016-09-28,120077.55046247796,26225.375113771763,1352.4709263100522,92499.70442239614
2016-09-29,119666.7934106685,26225.375113771763,1352.4709263100522,92088.94737058668
2016-09-30,119688.14368612238,26225.375113771763,1352.4709263100522,92110.29764604056
2016-10-03,119779.17086453002,26225.375113771763,1352.4709263100522,92201.32482444821
2016-10-04,119938.464535348,26225.375113771763,1352.4709263100522,92360.61849526619
2016-10-05,119972.44162031834,26225.375113771763,1352.4709263100522,92394.59558023652
2016-10-06,119939.90910495503,26225.375113771763,1352.4709263100522,92362.06306487322
2016-10-07,120106.98305378237,26225.375113771763,1352.4709263100522,92529.13701370056
2016-10-10,120047.78934877005,26225.375113771763,1352.4709263100522,92469.94330868823
2016-10-11,120015.31149790774,26225.375113771763,1352.4709263100522,92437.46545782592
2016-10-12,119990.19688546855,26225.375113771763,1352.4709263100522,92412.35084538674
2016-10-13,119938.1284237447,26225.375113771763,1352.4709263100522,92360.28238366288
2016-10-14,119945.89380651608,26225.375113771763,1352.4709263100522,92368.04776643426
2016-10-17,120078.62577318295,26225.375113771763,1352.4709263100522,92500.77973310114
2016-10-18,120142.67395777057,26225.375113771763,1352.4709263100522,92564.82791768876
2016-10-19,119987.84995918174,26225.375113771763,1352.4709263100522,92410.00391909992
2016-10-20,120193.41350064415,26225.375113771763,1352.4709263100522,92615.56746056234
2016-10-21,120189.11987416435,26225.375113771763,1352.4709263100522,92611.27383408253
2016-10-24,120705.7065759789,26225.375113771763,1352.4709263100522,93127.86053589708
2016-10-25,121080.03524193831,26225.375113771763,1352.4709263100522,93502.1892018565
2016-10-26,121070.6866632743,26225.375113771763,1352.4709263100522,93492.84062319249
2016-10-27,121372.78719476506,26225.375113771763,1352.4709263100522,93794.94115468324
2016-10-28,120959.92159911862,26225.375113771763,1352.4709263100522,93382.0755590368
2016-10-31,121069.32781854144,26225.375113771763,1352.4709263100522,93491.48177845962
2016-11-01,120882.36288249877,26225.375113771763,1352.4709263100522,93304.51684241695
2016-11-02,120878.44054019672,26225.375113771763,1352.4709263100522,93300.59450011491
2016-11-03,120555.9487713204,26225.375113771763,1352.4709263100522,92978.10273123858
2016-11-04,120858.59114624432,26225.375113771763,1352.4709263100522,93280.7451061625
2016-11-07,121139.70776987995,26225.375113771763,1352.4709263100522,93561.86172979814
2016-11-08,120550.9420500187,26225.375113771763,1352.4709263100522,92973.09600993688
2016-11-09,120245.49152427993,26225.375113771763,1352.4709263100522,92667.64548419812
2016-11-10,118802.98050728452,26225.375113771763,1352.4709263100522,91225.1344672027
2016-11-11,119298.78088592447,26225.375113771763,1352.4709263100522,91720.93484584265
2016-11-14,118842.97009169788,26225.375113771763,1352.4709263100522,91265.12405161606
2016-11-15,119604.23444381973,26225.375113771763,1352.4709263100522,92026.38840373792
2016-11-16,119501.03576501028,26225.375113771763,1352.4709263100522,91923.18972492847
2016-11-17,120091.63524398196,26225.375113771763,1352.4709263100522,92513.78920390015
2016-11-18,119659.43509351823,26225.375113771763,1352.4709263100522,92081.58905343642
2016-11-21,119744.71357403987,26225.375113771763,1352.4709263100522,92166.86753395805
2016-11-22,119290.16031465482,26225.375113771763,1352.4709263100522,91712.314274573
2016-11-23,119873.9177917178,26225.375113771763,1352.4709263100522,92296.07175163599
2016-11-25,120043.9105540408,26225.375113771763,1352.4709263100522,92466.06451395899
2016-11-28,119885.44401493983,26225.375113771763,1352.4709263100522,92307.59797485801
2016-11-29,119798.13724412385,26225.375113771763,1352.4709263100522,92220.29120404203
2016-11-30,119309.04374024377,26225.375113771763,1352.4709263100522,91731.19770016195
2016-12-01,119068.30709806702,26225.375113771763,1352.4709263100522,91490.4610579852
2016-12-02,119465.57579695026,26225.375113771763,1352.4709263100522,91887.72975686844
2016-12-05,119245.52094448952,26225.375113771763,1352.4709263100522,91667.6749044077
2016-12-06,119226.49242010887,26225.375113771763,1352.4709263100522,91648.64638002706
2016-12-07,119056.00969646347,26225.375113771763,1352.4709263100522,91478.16365638166
2016-12-08,118955.91830360435,26225.375113771763,1352.4709263100522,91378.07226352254
2016-12-09,118693.74873838911,26225.375113771763,1352.4709263100522,91115.9026983073
2016-12-12,118473.3603380482,26225.375113771763,1352.4709263100522,90895.51429796638
2016-12-13,118280.91228139808,26225.375113771763,1352.4709263100522,90703.06624131626
2016-12-14,118588.31883317058,26225.375113771763,1352.4709263100522,91010.47279308876
2016-12-15,118966.32602566585,26225.375113771763,1352.4709263100522,91388.47998558404
2016-12-16,118871.26881465118,26225.375113771763,1352.4709263100522,91293.42277456936
2016-12-19,118224.52631126775,26225.375113771763,659.3161181603791,91339.83507933561
2016-12-20,118387.27566136152,26225.375113771763,807.9861564988969,91353.91439109086
2016-12-21,118664.39915168716,26225.375113771763,922.7167441662168,91516.30729374918
2016-12-22,119464.57616290962,26225.375113771763,1735.8810148497578,91503.3200342881
2016-12-23,119082.11133768945,26225.375113771763,1308.9249518846627,91547.81127203302
2016-12-27,119872.48042956763,26225.375113771763,2121.9043106886093,91525.20100510726
2016-12-28,119633.01033966709,26225.375113771763,1911.84908774239,91495.78613815294
2016-12-29,119494.98127947678,26225.375113771763,1811.831494702259,91457.77467100276
2016-12-30,119432.12669820397,26225.375113771763,1766.8947254203958,91439.85685901181
2017-01-03,119787.25407928706,26225.375113771763,2077.8731180896284,91484.00584742567
2017-01-04,120234.37361016322,26225.375113771763,2521.982469461276,91487.01602693019
2017-01-05,120048.19014380372,26225.375113771763,2328.265568885603,91494.54946114635
2017-01-06,120020.75246364414,26225.375113771763,2269.497333391104,91525.88001648127
2017-01-09,119936.55883120163,26225.375113771763,2154.114864415489,91557.06885301438
2017-01-10,119691.3180024185,26225.375113771763,1943.9246297200443,91522.01825892669
2017-01-11,120123.8329193499,26225.375113771763,2354.4599204061087,91543.99788517202
2017-01-12,119519.10324078985,26225.375113771763,1799.8655747503508,91493.86255226773
2017-01-13,119467.57296701544,26225.375113771763,1775.2513976006303,91466.94645564305
2017-01-17,118283.91287414148,26225.375113771763,606.6512318502646,91451.88652851945
2017-01-18,118287.92566437915,26225.375113771763,571.324443453108,91491.22610715427
2017-01-19,117512.0705964648,26225.375113771763,-187.9474780248711,91474.6429607179
2017-01-20,118652.02382280561,26225.375113771763,1003.3282443010248,91423.32046473282
2017-01-23,116829.60512865603,26225.375113771763,-637.1818761973409,91241.4118910816
2017-01-24,116778.44877326838,26225.375113771763,-945.2492310912348,91498.32289058785
2017-01-25,116258.9882836485,26225.375113771763,-1767.9059290945297,91801.51909897127
2017-01-26,116725.86503498896,26225.375113771763,-852.0438902653987,91352.5338114826
2017-01-27,117134.10618594522,26225.375113771763,-1089.644352975767,91998.37542514922
2017-01-30,117086.06889476848,26225.375113771763,-1253.802288970328,92114.49606996705
2017-01-31,118051.9241812661,26225.375113771763,-393.9749246275751,92220.52399212192
2017-02-01,117877.29746146256,26225.375113771763,245.08138240978587,91406.84096528101
2017-02-02,118219.50084993162,26225.375113771763,533.3510321498616,91460.77470401
2017-02-03,119044.32169260818,26225.375113771763,663.662376504275,92155.28420233214
2017-02-06,119136.137440169,26225.375113771763,450.75250473152846,92460.0098216657
2017-02-07,118928.88416979217,26225.375113771763,423.4809045434231,92280.02815147699
2017-02-08,120289.40069632523,26225.375113771763,1527.2509246392874,92536.77465791418
2017-02-09,120145.18245616322,26225.375113771763,1218.413380700862,92701.3939616906
2017-02-10,119693.64236610371,26225.375113771763,372.8368852910353,93095.43036704091
2017-02-13,119490.30911192764,26225.375113771763,-114.39850931381807,93379.33250746969
2017-02-14,119299.33699423412,26225.375113771763,126.97597548679914,92946.98590497556
2017-02-15,119079.82101682574,26225.375113771763,1380.0985856272746,91474.3473174267
2017-02-16,118610.22506738477,26225.375113771763,1366.0409808587283,91018.80897275428
2017-02-17,121582.93494580104,26225.375113771763,4351.526426996337,91006.03340503294
2017-02-21,121771.53885413473,26225.375113771763,4351.526426996337,91194.63731336663
2017-02-22,121752.51865188009,26225.375113771763,4351.526426996337,91175.61711111199
2017-02-23,121775.11521201069,26225.375113771763,4351.526426996337,91198.21367124259
2017-02-24,121748.06199370325,26225.375113771763,4351.526426996337,91171.16045293515
2017-02-27,121757.8408668316,26225.375113771763,4351.526426996337,91180.9393260635
2017-02-28,121844.69607086177,26225.375113771763,4351.526426996337,91267.79453009367
2017-03-01,121878.91683072178,26225.375113771763,4351.526426996337,91302.01528995368
2017-03-02,122042.96021658718,26225.375113771763,4351.526426996337,91466.05867581908
2017-03-03,122047.64541426254,26225.375113771763,4351.526426996337,91470.74387349444
2017-03-06,122244.4412434143,26225.375113771763,4351.526426996337,91667.5397026462
2017-03-07,122198.2013816319,26225.375113771763,4351.526426996337,91621.2998408638
2017-03-08,122167.64259937755,26225.375113771763,4351.526426996337,91590.74105860945
2017-03-09,122312.45807962352,26225.375113771763,4351.526426996337,91735.55653885542
2017-03-10,122269.8295153298,26225.375113771763,4351.526426996337,91692.9279745617
2017-03-13,122364.52247118996,26225.375113771763,4351.526426996337,91787.62093042186
2017-03-14,122215.80119060422,26225.375113771763,4351.526426996337,91638.89964983612
2017-03-15,122297.51673019654,26225.375113771763,4351.526426996337,91720.61518942844
2017-03-16,122401.77273426834,26225.375113771763,4351.526426996337,91824.87119350024
2017-03-17,122127.35797305754,26225.375113771763,4351.526426996337,91550.45643228944
2017-03-20,121097.73777880275,26225.375113771763,3397.942941295798,91474.41972373519
2017-03-21,121726.4800215339,26225.375113771763,4120.4515749329,91380.65333282924
2017-03-22,121793.8714700198,26225.375113771763,3942.8689882218605,91625.62736802618
2017-03-23,121719.88380219322,26225.375113771763,3736.7992915327195,91757.70939688873
2017-03-24,121803.9836932125,26225.375113771763,3815.5399723583832,91763.06860708236
2017-03-27,122247.45251776534,26225.375113771763,4235.603834319394,91786.47356967418
2017-03-28,122255.8015600898,26225.375113771763,4110.0544362269575,91920.37201009109
2017-03-29,122170.27024381876,26225.375113771763,3999.9950666964287,91944.90006335056
2017-03-30,122281.80255996552,26225.375113771763,4185.1384455633815,91871.28900063038
2017-03-31,122289.24596749479,26225.375113771763,4235.439146544784,91828.43170717824
2017-04-03,121872.76361230179,26225.375113771763,3887.6751128365286,91759.7133856935
2017-04-04,121938.37397749827,26225.375113771763,3987.8670610339614,91725.13180269254
2017-04-05,121768.84130681178,26225.375113771763,3770.73289705941,91772.73329598061
2017-04-06,121857.67146101699,26225.375113771763,3891.190003028256,91741.10634421697
2017-04-07,121733.2884503568,26225.375113771763,3847.785907155834,91660.12742942921
2017-04-10,121462.37645407568,26225.375113771763,3526.282936211792,91710.71840409213
2017-04-11,121433.12712802854,26225.375113771763,3546.7061967910267,91661.04581746575
2017-04-12,121117.08657950652,26225.375113771763,3280.370613270905,91611.34085246385
2017-04-13,120796.42715167592,26225.375113771763,3033.954681050149,91537.097356854
2017-04-17,120177.22092304635,26225.375113771763,2189.6259251749143,91762.21988409967
2017-04-18,120083.31089811597,26225.375113771763,2141.0136049845023,91716.92217935971
2017-04-19,119953.23735433922,26225.375113771763,1980.9836326242657,91746.87860794319
2017-04-20,119919.90575304348,26225.375113771763,1782.707345982315,91911.8232932894
2017-04-21,119386.75055272318,26225.375113771763,1410.8453912059776,91750.53004774544
2017-04-24,120056.92227941635,26225.375113771763,1410.8453912059776,92420.70177443861
2017-04-25,119940.20412167464,26225.375113771763,1410.8453912059776,92303.9836166969
2017-04-26,120067.21196116554,26225.375113771763,1410.8453912059776,92430.9914561878
2017-04-27,119904.96863699076,26225.375113771763,1410.8453912059776,92268.74813201302
2017-04-28,120746.26271616621,26225.375113771763,1410.8453912059776,93110.04221118847
2017-05-01,121321.54553395417,26225.375113771763,1410.8453912059776,93685.32502897643
2017-05-02,121127.65220719203,26225.375113771763,1410.8453912059776,93491.4317022143
2017-05-03,121082.1261118222,26225.375113771763,1410.8453912059776,93445.90560684446
2017-05-04,121091.26767421863,26225.375113771763,1410.8453912059776,93455.04716924089
2017-05-05,121122.26470001857,26225.375113771763,1410.8453912059776,93486.04419504083
2017-05-08,121546.67628306849,26225.375113771763,1410.8453912059776,93910.45577809075
2017-05-09,121705.54636094696,26225.375113771763,1410.8453912059776,94069.32585596922
2017-05-10,122069.86245644907,26225.375113771763,1410.8453912059776,94433.64195147133
2017-05-11,121719.83601356414,26225.375113771763,1410.8453912059776,94083.6155085864
2017-05-12,121898.82783999387,26225.375113771763,1410.8453912059776,94262.60733501613
2017-05-15,122192.24886828358,26225.375113771763,1410.8453912059776,94556.02836330584
2017-05-16,121692.48033439554,26225.375113771763,1410.8453912059776,94056.2598294178
2017-05-17,121420.48118399666,26225.375113771763,1410.8453912059776,93784.26067901892
2017-05-18,121658.88414905872,26225.375113771763,1410.8453912059776,94022.66364408098
2017-05-19,121462.72588703991,26225.375113771763,1410.8453912059776,93826.50538206217
2017-05-22,121570.75232603285,26225.375113771763,1410.8453912059776,93934.5318210551
2017-05-23,121542.3688743005,26225.375113771763,1410.8453912059776,93906.14836932276
2017-05-24,121491.24053364666,26225.375113771763,1410.8453912059776,93855.02002866892
2017-05-25,121499.52201157645,26225.375113771763,1410.8453912059776,93863.30150659871
2017-05-26,121488.31811469235,26225.375113771763,1410.8453912059776,93852.0976097146
2017-05-30,121358.9567040645,26225.375113771763,1410.8453912059776,93722.73619908676
2017-05-31,121176.17785795312,26225.375113771763,1410.8453912059776,93539.95735297538
2017-06-01,121411.78035040502,26225.375113771763,1410.8453912059776,93775.55984542728
2017-06-02,121383.95930376858,26225.375113771763,1410.8453912059776,93747.73879879084
2017-06-05,121280.25100959628,26225.375113771763,1410.8453912059776,93644.03050461854
2017-06-06,121197.75366125442,26225.375113771763,1410.8453912059776,93561.53315627668
2017-06-07,121234.32039859961,26225.375113771763,1410.8453912059776,93598.09989362187
2017-06-08,121417.03972178348,26225.375113771763,1410.8453912059776,93780.81921680574
2017-06-09,121501.2962720932,26225.375113771763,1410.8453912059776,93865.07576711546
2017-06-12,121615.12937906059,26225.375113771763,1410.8453912059776,93978.90887408284
2017-06-13,121750.96236973023,26225.375113771763,1410.8453912059776,94114.74186475249
2017-06-14,121648.5507856193,26225.375113771763,1410.8453912059776,94012.33028064156
2017-06-15,121675.94140333496,26225.375113771763,1410.8453912059776,94039.72089835722
2017-06-16,121950.75079820282,26225.375113771763,1410.8453912059776,94314.53029322508
2017-06-19,120087.07505238173,26225.375113771763,-685.908876957139,94547.6088155671
2017-06-20,121602.94347187353,26225.375113771763,884.5837631408358,94492.98459496093
2017-06-21,122652.50254259713,26225.375113771763,1860.8505490686512,94566.27687975671
2017-06-22,124123.11324034876,26225.375113771763,3729.5183601182653,94168.21976645873
2017-06-23,123624.7150963177,26225.375113771763,3430.1794276628643,93969.16055488307
2017-06-26,124072.88625008438,26225.375113771763,3762.85226532456,94084.65887098806
2017-06-27,124394.9382025355,26225.375113771763,4074.3502718203235,94095.21281694341
2017-06-28,125140.04778223054,26225.375113771763,4678.083362080972,94236.5893063778
2017-06-29,126218.25059462641,26225.375113771763,5737.230256956071,94255.64522389858
2017-06-30,125371.14127052354,26225.375113771763,5595.861169383046,93549.90498736873
2017-07-03,126081.03625514905,26225.375113771763,5924.144178747549,93931.51696262974
2017-07-05,125718.93390598614,26225.375113771763,5344.878300342709,94148.68049187167
2017-07-06,125770.27691605152,26225.375113771763,5367.0222840553615,94177.87951822439
2017-07-07,125880.32291217777,26225.375113771763,5596.957172703464,94057.99062570254
2017-07-10,125306.99455509125,26225.375113771763,5206.668914945563,93874.95052637393
2017-07-11,125467.07972124778,26225.375113771763,5256.014309508726,93985.69029796729
2017-07-12,125003.58854957332,26225.375113771763,4880.12311728124,93898.09031852032
2017-07-13,125029.78827623103,26225.375113771763,4615.685419181944,94188.72774327733
2017-07-14,123768.77495306102,26225.375113771763,3336.573789932765,94206.82604935649
2017-07-17,123454.16690811398,26225.375113771763,2779.0739930307027,94449.71780131152
2017-07-18,123746.34233800776,26225.375113771763,2956.316263982677,94564.65096025332
2017-07-19,122899.58231831249,26225.375113771763,2106.1865400914103,94568.02066444932
2017-07-20,122404.72709215526,26225.375113771763,1982.3350713250693,94197.01690705842
2017-07-21,125250.45104713761,26225.375113771763,4863.072953789495,94162.00297957635
2017-07-24,124441.74185663112,26225.375113771763,3793.3355365656316,94423.03120629373
2017-07-25,125944.53016447765,26225.375113771763,5192.010748786852,94527.14430191903
2017-07-26,125450.48148965242,26225.375113771763,5329.885119763552,93895.2212561171
2017-07-27,127388.21580052201,26225.375113771763,8099.816815104918,93063.02387164533
2017-07-28,127804.19293141947,26225.375113771763,8168.382382541196,93410.43543510651
2017-07-31,127884.11052068823,26225.375113771763,8175.906616140972,93482.8287907755
2017-08-01,128134.97085502953,26225.375113771763,8443.70677757333,93465.88896368444
2017-08-02,129031.87139123667,26225.375113771763,8823.94241293741,93982.5538645275
2017-08-03,129089.6901152411,26225.375113771763,8431.920911138644,94432.3940903307
2017-08-04,130598.52261553833,26225.375113771763,9381.19933023688,94991.94817152969
2017-08-07,130535.8395276625,26225.375113771763,9085.005972245825,95225.4584416449
2017-08-08,130360.75156701903,26225.375113771763,8785.159410688211,95350.21704255906
2017-08-09,130832.32895318116,26225.375113771763,9362.378251743503,95244.5755876659
2017-08-10,128518.40815531998,26225.375113771763,8006.644666237058,94286.38837531116
2017-08-11,129665.99399963673,26225.375113771763,8533.459619058529,94907.15926680644
2017-08-14,129054.54326514725,26225.375113771763,7523.70417496271,95305.46397641278
2017-08-15,128912.35444269958,26225.375113771763,7763.349825224141,94923.62950370368
2017-08-16,128387.11679394392,26225.375113771763,7346.076595790102,94815.66508438205
2017-08-17,129082.8547639515,26225.375113771763,7378.610043828026,95478.86960635171
2017-08-18,130091.32017103047,26225.375113771763,8428.673084683018,95437.27197257569
2017-08-21,130212.73699778644,26225.375113771763,8428.673084683018,95558.68879933166
2017-08-22,130166.19154935726,26225.375113771763,8428.673084683018,95512.14335090248
2017-08-23,130527.1088455976,26225.375113771763,8428.673084683018,95873.06064714282
2017-08-24,130488.49686824856,26225.375113771763,8428.673084683018,95834.44866979378
2017-08-25,130639.58176477416,26225.375113771763,8428.673084683018,95985.53356631938
2017-08-28,130752.72875990788,26225.375113771763,8428.673084683018,96098.6805614531
2017-08-29,130803.79489676142,26225.375113771763,8428.673084683018,96149.74669830664
2017-08-30,130828.55859842454,26225.375113771763,8428.673084683018,96174.51039996976
2017-08-31,130840.47482409817,26225.375113771763,8428.673084683018,96186.42662564339
2017-09-01,130888.59148261673,26225.375113771763,8428.673084683018,96234.54328416195
2017-09-05,130730.66292310436,26225.375113771763,8428.673084683018,96076.61472464958
2017-09-06,130781.96088045882,26225.375113771763,8428.673084683018,96127.91268200404
2017-09-07,130573.09326032805,26225.375113771763,8428.673084683018,95919.04506187327
2017-09-08,130472.30286776205,26225.375113771763,8428.673084683018,95818.25466930727
2017-09-11,130749.1671547424,26225.375113771763,8428.673084683018,96095.11895628762
2017-09-12,130867.40151182539,26225.375113771763,8428.673084683018,96213.35331337061
2017-09-13,131244.55454224977,26225.375113771763,8428.673084683018,96590.50634379499
2017-09-14,131348.6620259115,26225.375113771763,8428.673084683018,96694.61382745672
2017-09-15,131449.39495130721,26225.375113771763,8428.673084683018,96795.34675285243
2017-09-18,131870.88228069677,26225.375113771763,8825.204655311187,96820.30251161382
2017-09-19,132852.09384130267,26225.375113771763,9809.975119871553,96816.74360765936
2017-09-20,133999.48704945075,26225.375113771763,10892.394654901116,96881.71728077787
2017-09-21,134660.40323784493,26225.375113771763,11514.941725822515,96920.08639825066
2017-09-22,135365.54932454356,26225.375113771763,12235.326071571675,96904.84813920013
2017-09-25,136120.50874941552,26225.375113771763,13145.327534685726,96749.80610095803
2017-09-26,136241.6238920224,26225.375113771763,13180.0165925849,96836.23218566575
2017-09-27,136089.85939365719,26225.375113771763,12941.62732101488,96922.85695887054
2017-09-28,136304.8572730322,26225.375113771763,13022.172082447214,97057.31007681321
2017-09-29,135741.42639696295,26225.375113771763,12338.11467247107,97177.93661072012
2017-10-02,135936.85948928504,26225.375113771763,12583.060369667714,97128.42400584556
2017-10-03,135618.33621855942,26225.375113771763,12249.46179684624,97143.49930794141
2017-10-04,134829.5590289276,26225.375113771763,11470.018993324018,97134.1649218318
2017-10-05,133771.18291421188,26225.375113771763,10350.600510138785,97195.20729030133
2017-10-06,134310.6552160181,26225.375113771763,10842.093715306488,97243.18638693984
2017-10-09,134037.27451399434,26225.375113771763,10530.292750798399,97281.60664942418
2017-10-10,134344.08321699,26225.375113771763,10822.338532491704,97296.36957072653
2017-10-11,135362.23430297035,26225.375113771763,11791.522936287336,97345.33625291125
2017-10-12,136748.68855157786,26225.375113771763,13255.51839442912,97267.79504337697
2017-10-13,136765.38625461143,26225.375113771763,13257.569928862853,97282.44121197681
2017-10-16,136028.30456491897,26225.375113771763,12566.537529280526,97236.39192186669
2017-10-17,136139.95270089852,26225.375113771763,12640.74985944666,97273.8277276801
2017-10-18,137794.48934905487,26225.375113771763,14170.475063424557,97398.63917185855
2017-10-19,136469.53161012684,26225.375113771763,13801.782072550617,96442.37442380446
2017-10-20,138603.78608962556,26225.375113771763,16183.322380276048,96195.08859557775
2017-10-23,137880.8860037541,26225.375113771763,15466.912906173617,96188.59798380872
2017-10-24,137650.7331012542,26225.375113771763,15379.614628321608,96045.74335916084
2017-10-25,137792.11051293835,26225.375113771763,15401.6689319578,96165.06646720879
2017-10-26,138034.57581241254,26225.375113771763,15690.333682782133,96118.86701585865
2017-10-27,137043.195270141,26225.375113771763,16089.781317175482,94728.03883919376
2017-10-30,137792.68981633906,26225.375113771763,16678.938784570317,94888.37591799698
2017-10-31,138582.228864601,26225.375113771763,17225.302487310837,95131.5512635184
2017-11-01,138124.47058002313,26225.375113771763,16877.944856936694,95021.15060931467
2017-11-02,138289.79985384853,26225.375113771763,17080.506069089286,94983.91867098748
2017-11-03,138435.43437464535,26225.375113771763,16866.784250236815,95343.27501063677
2017-11-06,138144.33970242238,26225.375113771763,17098.495945876813,94820.4686427738
2017-11-07,138478.5851118937,26225.375113771763,17020.777366305003,95232.43263181695
2017-11-08,138819.45722726872,26225.375113771763,17553.48328335071,95040.59883014625
2017-11-09,139460.72184510028,26225.375113771763,17893.645877370727,95341.7008539578
2017-11-10,140579.68092579336,26225.375113771763,18356.002333249548,95998.30347877205
2017-11-13,140307.0343991582,26225.375113771763,18133.39115324139,95948.26813214505
2017-11-14,139980.4357476444,26225.375113771763,18563.709724735934,95191.3509091367
2017-11-15,139325.503531266,26225.375113771763,17527.017884589266,95573.11053290498
2017-11-16,141965.57510385092,26225.375113771763,20380.83249851351,95359.36749156564
2017-11-17,142683.8979201786,26225.375113771763,20691.71607671457,95766.80672969227
2017-11-20,142427.08582903794,26225.375113771763,20431.329643046716,95770.38107221946
2017-11-21,142366.156763706,26225.375113771763,20149.678637741483,95991.10301219276
2017-11-22,142720.1602892623,26225.375113771763,20268.53291821631,96226.25225727423
2017-11-24,141507.6256954082,26225.375113771763,19048.665956843994,96233.58462479245
2017-11-27,141266.14486049593,26225.375113771763,18572.52581824956,96468.2439284746
2017-11-28,139964.20451467833,26225.375113771763,17329.354633013485,96409.47476789309
2017-11-29,143096.73171924485,26225.375113771763,20818.7201101986,96052.63649527449
2017-11-30,141176.24918161903,26225.375113771763,19155.665506174904,95795.20856167236
2017-12-01,142783.2788536474,26225.375113771763,20795.042297550477,95762.86144232517
2017-12-04,148110.14718569373,26225.375113771763,26957.628977944376,94927.14309397759
2017-12-05,148933.2130305639,26225.375113771763,27488.245881820796,95219.59203497134
2017-12-06,150768.09351373836,26225.375113771763,28706.781103431946,95835.93729653466
2017-12-07,151128.96613150463,26225.375113771763,28878.891369637102,96024.69964809576
2017-12-08,150163.15675156296,26225.375113771763,28189.856046325876,95747.92559146532
2017-12-11,148557.1444955127,26225.375113771763,26523.838836384588,95807.93054535636
2017-12-12,148738.8825940597,26225.375113771763,26772.803035346093,95740.70444494183
2017-12-13,148581.42906336416,26225.375113771763,26646.572966262,95709.4809833304
2017-12-14,148854.89064360515,26225.375113771763,26987.385035551968,95642.13049428142
2017-12-15,150949.6209685451,26225.375113771763,29393.287519224454,95330.95833554887
2017-12-18,149812.91015403694,26225.375113771763,28274.688444428844,95312.84659583634
2017-12-19,150381.15661693865,26225.375113771763,28824.651930944645,95331.12957222224
2017-12-20,151163.41042476718,26225.375113771763,29529.40695650445,95408.62835449097
2017-12-21,151788.11497074517,26225.375113771763,29843.539068698534,95719.20078827487
2017-12-22,151643.4339766521,26225.375113771763,29433.59790817299,95984.46095470735
2017-12-26,151910.98130827688,26225.375113771763,29595.429633683176,96090.17656082194
2017-12-27,152074.82488669048,26225.375113771763,29710.551735233865,96138.89803768485
2017-12-28,152229.3472353462,26225.375113771763,29842.50215379079,96161.46996778366
2017-12-29,153248.11884323624,26225.375113771763,30880.70331788878,96142.0404115757
2018-01-02,152489.68961656129,26225.375113771763,29989.079763900605,96275.23473888892
2018-01-03,152028.44131125137,26225.375113771763,29609.66481979587,96193.40137768374
2018-01-04,151105.98178554093,26225.375113771763,28984.667499316158,95895.93917245301
2018-01-05,148676.68895571376,26225.375113771763,26345.242614067392,96106.0712278746
2018-01-08,147907.5072672714,26225.375113771763,25524.4680644006,96157.66408909904
2018-01-09,147795.79172538652,26225.375113771763,25215.178122812766,96355.23848880199
2018-01-10,148083.36941863957,26225.375113771763,25446.376710337936,96411.61759452987
2018-01-11,148424.23744033778,26225.375113771763,25656.902737354278,96541.95958921174
2018-01-12,148149.1196243423,26225.375113771763,25327.498697428033,96596.24581314251
2018-01-16,147988.02647586586,26225.375113771763,24964.604228872806,96798.04713322129
2018-01-17,150078.5332069354,26225.375113771763,27179.15309741872,96674.00499574491
2018-01-18,149575.75529066566,26225.375113771763,26618.14077157015,96732.23940532375
2018-01-19,150066.18349412666,26225.375113771763,27083.083150436403,96757.72522991849
2018-01-22,148466.33457007178,26225.375113771763,25188.759241027175,97052.20021527284
2018-01-23,147265.60901950952,26225.375113771763,24008.69679920422,97031.53710653353
2018-01-24,148462.2443715511,26225.375113771763,25191.486854213057,97045.38240356627
2018-01-25,147770.5556603208,26225.375113771763,24594.71343900601,96950.46710754302
2018-01-26,145867.58487146161,26225.375113771763,23819.72104318184,95822.48871450801
2018-01-29,145483.2315026325,26225.375113771763,23977.667653036886,95280.18873582385
2018-01-30,145151.1487070436,26225.375113771763,23484.06867632689,95441.70491694496
2018-01-31,145841.15650349145,26225.375113771763,24078.961695433944,95536.81969428575
2018-02-01,144792.9271222487,26225.375113771763,22842.300520280027,95725.2514881969
2018-02-02,138470.3152989362,26225.375113771763,19128.993393993354,93115.9467911711
2018-02-05,140414.81146005832,26225.375113771763,23239.923806051374,90949.51254023518
2018-02-06,137809.10725852952,26225.375113771763,19284.51601940079,92299.21612535696
2018-02-07,138354.23432237247,26225.375113771763,20542.29541379807,91586.56379480264
2018-02-08,139950.54406787746,26225.375113771763,25574.114829840488,88151.05412426521
2018-02-09,139107.12592434126,26225.375113771763,23175.410272867302,89706.3405377022
2018-02-12,138984.78988202475,26225.375113771763,22398.46104109427,90360.95372715872
2018-02-13,139031.73143619113,26225.375113771763,22199.65246439306,90606.7038580263
2018-02-14,137632.68403211923,26225.375113771763,22076.916874067276,89330.39204428019
2018-02-15,137501.3209288373,26225.375113771763,23307.871908073197,87968.07390699233
2018-02-16,138799.86694465706,26225.375113771763,24316.25848340441,88258.23334748088
2018-02-20,140127.44552888093,27473.826186563238,24316.25848340441,88337.36085891328
2018-02-21,141706.3801616989,29398.026028237888,24316.25848340441,87992.09565005661
2018-02-22,142075.89463778655,29402.847796807648,24316.25848340441,88356.78835757449
2018-02-23,140947.53424948838,28091.884328149725,24316.25848340441,88539.39143793425
2018-02-26,139052.6946231008,26043.608792745392,24316.25848340441,88692.827346951
2018-02-27,138365.6310863113,25580.823262447142,24316.25848340441,88468.54934045975
2018-02-28,138764.6566797709,26294.969857200398,24316.25848340441,88153.4283391661
2018-03-01,137495.85364937573,25497.707754724543,24316.25848340441,87681.88741124677
2018-03-02,138175.17738917633,26564.937084870995,24316.25848340441,87293.98182090092
2018-03-05,138555.8873479598,26357.98138576676,24316.25848340441,87881.64747878863
2018-03-06,138883.3686791521,26775.6551534076,24316.25848340441,87791.4550423401
2018-03-07,139046.42229934444,26929.50015194225,24316.25848340441,87800.66366399778
2018-03-08,138643.9643395628,26594.843358527636,24316.25848340441,87732.86249763076
2018-03-09,137494.28273072897,25419.315695439233,24316.25848340441,87758.70855188533
2018-03-12,137460.65747413528,25164.08500743669,24316.25848340441,87980.31398329418
2018-03-13,136921.8427243391,25065.417201959644,24316.25848340441,87540.16703897505
2018-03-14,136640.5287750099,24920.626531301765,24316.25848340441,87403.64376030373
2018-03-15,136495.18369277322,24774.7427065738,24316.25848340441,87404.18250279501
2018-03-16,136391.8199305482,24201.10748645384,24316.25848340441,87874.45396068995
2018-03-19,136684.82841576042,24201.10748645384,24723.07656607346,87760.64436323312
2018-03-20,135510.70313895296,24201.10748645384,23760.416568599292,87549.17908389983
2018-03-21,135681.3876296304,24201.10748645384,23875.885628034477,87604.39451514208
2018-03-22,133544.84961149248,24201.10748645384,22331.77862432238,87011.96350071626
2018-03-23,131700.19936494157,24201.10748645384,20829.913520356407,86669.17835813132
2018-03-26,130780.70415874245,24201.10748645384,19583.20468401257,86996.39198827604
2018-03-27,131170.4859043766,24201.10748645384,20111.002787674428,86858.37563024834
2018-03-28,131286.58685965824,24201.10748645384,20304.391291865497,86781.08808133891
2018-03-29,130524.74275242898,24201.10748645384,19230.38871353038,87093.24655244476
2018-04-02,130587.99535280128,24201.10748645384,19356.002242677263,87030.88562367018
2018-04-03,130114.74024572165,24201.10748645384,18960.857948491466,86952.77481077635
2018-04-04,129614.37916092796,24201.10748645384,18522.861281672143,86890.41039280198
2018-04-05,129376.63213821792,24201.10748645384,18329.750508607016,86845.77414315706
2018-04-06,129424.74201485422,24201.10748645384,18228.576741519617,86995.05778688076
2018-04-09,128996.14227448008,24201.10748645384,17688.457583762007,87106.57720426423
2018-04-10,129093.48549899226,24201.10748645384,17561.07659155992,87331.3014209785
2018-04-11,128308.14179822034,24201.10748645384,16872.29635799746,87234.73795376904
2018-04-12,128587.5341719964,24201.10748645384,17061.846016399097,87324.58066914347
2018-04-13,128160.93424333225,24201.10748645384,16590.950645283214,87368.8761115952
2018-04-16,127652.23254025658,24201.10748645384,16028.09119404247,87423.03385976027
2018-04-17,127861.63622900972,24201.10748645384,16198.877863678033,87461.65087887784
2018-04-18,127924.44435317465,24201.10748645384,16074.61340924399,87648.72345747682
2018-04-19,127929.62177094072,24201.10748645384,15839.784134807996,87888.73014967889
2018-04-20,128212.32132948551,24201.10748645384,16161.068332485505,87850.14551054616
2018-04-23,127766.24259730848,24201.10748645384,14725.657745318022,88839.47736553662
2018-04-24,127390.60541959899,24201.10748645384,15676.881507480051,87512.6164256651
2018-04-25,128236.94715272391,24201.10748645384,15758.822661011596,88277.01700525847
2018-04-26,128125.62859172525,24201.10748645384,14879.750491968007,89044.77061330341
2018-04-27,127531.78705036582,24201.10748645384,14194.219502555556,89136.46006135643
2018-04-30,128889.13095630694,24201.10748645384,14224.593946728273,90463.42952312483
2018-05-01,129204.80794257706,24201.10748645384,14369.718911230913,90633.9815448923
2018-05-02,128266.58206772688,24201.10748645384,15252.802815926494,88812.67176534655
2018-05-03,128760.3906154522,24201.10748645384,15092.879787407233,89466.40334159113
2018-05-04,131906.9219894536,24201.10748645384,16598.725395829533,91107.08910717024
2018-05-07,132584.28411803197,24201.10748645384,16823.505976750865,91559.67065482726
2018-05-08,132575.3284293157,24201.10748645384,17049.96775735356,91324.2531855083
2018-05-09,133447.67850287713,24201.10748645384,18326.42578293325,90920.14523349004
2018-05-10,132334.41775268794,24201.10748645384,17463.56151154719,90669.74875468691
2018-05-11,132253.74370494136,24201.10748645384,17142.41988110589,90910.21633738163
2018-05-14,131925.62357730104,24201.10748645384,16427.368612146354,91297.14747870085
2018-05-15,131670.95114864304,24201.10748645384,15672.725403270335,91797.11825891887
2018-05-16,133423.84526925127,24201.10748645384,17623.638139793067,91599.09964300436
2018-05-17,134126.80255380145,24201.10748645384,18342.78046781721,91582.9145995304
2018-05-18,134316.85969471443,24201.10748645384,18543.161847451003,91572.59036080958
2018-05-21,133917.32578529092,24201.10748645384,17900.240419297945,91815.97787953913
2018-05-22,135578.05680038792,24201.10748645384,19480.389467454166,91896.55984647991
2018-05-23,135054.45455856225,24201.10748645384,19246.032582851127,91607.31448925729
2018-05-24,134929.12749280233,24201.10748645384,19252.695130711538,91475.32487563696
2018-05-25,135056.02031786274,24201.10748645384,19301.95213344763,91552.96069796127
2018-05-29,134846.9171102628,24201.10748645384,19136.56264109409,91509.24698271486
2018-05-30,135047.31862863526,24201.10748645384,19219.784271601588,91626.42687057983
2018-05-31,135870.11298833764,24201.10748645384,19898.374920382164,91770.63058150164
2018-06-01,135036.40374693158,24201.10748645384,19069.37597028911,91765.92029018863
2018-06-04,134135.13091172127,24201.10748645384,18584.33041396609,91349.69301130134
2018-06-05,134298.37517135625,24201.10748645384,18602.19826231606,91495.06942258636
2018-06-06,133230.84211750363,24201.10748645384,17519.59314131539,91510.14148973441
2018-06-07,133879.25888404925,24201.10748645384,17915.18830570928,91762.96309188614
2018-06-08,133442.05324274802,24201.10748645384,17719.293877194053,91521.65187910013
2018-06-11,132244.77607419586,24201.10748645384,16468.831646059058,91574.83694168297
2018-06-12,132272.35067460174,24201.10748645384,16725.12871383014,91346.11447431776
2018-06-13,134389.10088004393,24201.10748645384,18828.45492431207,91359.53846927802
2018-06-14,134413.5624049825,24201.10748645384,18842.987006360898,91369.46791216778
2018-06-15,133253.04856492218,24201.10748645384,18075.329674423323,90976.61140404502
2018-06-18,133205.22597732663,24201.10748645384,17891.357449388248,91112.76104148454
2018-06-19,134162.14973058493,24201.10748645384,18931.1507776425,91029.8914664886
2018-06-20,133408.33644920005,24201.10748645384,18089.692624695133,91117.53633805108
2018-06-21,133921.50168152654,24201.10748645384,18462.665027720504,91257.7291673522
2018-06-22,134230.181745196,24201.10748645384,18573.46462788945,91455.6096308527
2018-06-25,134824.64314226096,24201.10748645384,19446.92842438107,91176.60723142605
2018-06-26,134649.84852454043,24201.10748645384,19022.737079925602,91426.00395816099
2018-06-27,134239.8278867862,24201.10748645384,18977.461709703435,91061.25869062892
2018-06-28,134767.43519691064,24201.10748645384,19082.129555215943,91484.19815524085
2018-06-29,134241.56390323024,24201.10748645384,18426.573401904665,91613.88301487174
2018-07-02,134464.0623030651,24201.10748645384,18124.857932153856,92138.0968844574
2018-07-03,134391.90095981956,24201.10748645384,18279.777440233855,91911.01603313186
2018-07-05,133966.09978988604,24201.10748645384,17541.303763307165,92223.68854012503
2018-07-06,133737.7217713534,24201.10748645384,17146.677837871714,92389.93644702784
2018-07-09,132504.6089616142,24201.10748645384,15715.429297398892,92588.07217776147
2018-07-10,132697.38342320733,24201.10748645384,15761.479849100579,92734.79608765291
2018-07-11,132510.60498770897,24201.10748645384,15785.621601678547,92523.87589957658
2018-07-12,132473.53197612183,24201.10748645384,15648.978145773406,92623.44634389458
2018-07-13,132787.2086293666,24201.10748645384,15949.814813939971,92636.28632897278
2018-07-16,131704.94290891546,24201.10748645384,14733.469115811633,92770.36630664999
2018-07-17,131920.61619409267,24201.10748645384,14825.056582815247,92894.45212482358
2018-07-18,132164.02744588035,24201.10748645384,14639.159656638396,93323.76030278811
2018-07-19,132052.82890685834,24201.10748645384,14776.888100384036,93074.83332002047
2018-07-20,132927.08217003918,24201.10748645384,15873.081499561667,92852.89318402368
2018-07-23,132791.47816696437,24201.10748645384,15343.981132865185,93246.38954764535
2018-07-24,132268.81830521766,24201.10748645384,14932.46582906181,93135.24498970201
2018-07-25,128225.52021541481,24201.10748645384,11307.945904079243,92716.46682488173
2018-07-26,130880.56895455718,24201.10748645384,13324.644106162246,93354.8173619411
2018-07-27,133018.74045941292,24201.10748645384,15234.416802489548,93583.21617046953
2018-07-30,133216.6898660144,24201.10748645384,15663.588255925919,93351.99412363465
2018-07-31,133440.9784044365,24201.10748645384,16393.292433776194,92846.57848420646
2018-08-01,134091.83129204775,24201.10748645384,16136.14207812224,93754.58172747167
2018-08-02,135117.74135598727,24201.10748645384,16564.601143336156,94352.03272619727
2018-08-03,134284.82234201592,24201.10748645384,16260.231109413435,93823.48374614865
2018-08-06,134620.2674268342,24201.10748645384,15679.860933627468,94739.2990067529
2018-08-07,134818.98011650145,24201.10748645384,15396.891650179634,95220.98097986798
2018-08-08,135553.78741918225,24201.10748645384,15596.710559056373,95755.96937367204
2018-08-09,135649.8384473304,24201.10748645384,15815.739545114222,95632.99141576234
2018-08-10,135260.54609765788,24201.10748645384,16010.439706278034,95048.998904926
2018-08-13,135557.97762465512,24201.10748645384,16008.609281790326,95348.26085641095
2018-08-14,135739.34965963697,24201.10748645384,16410.760854243417,95127.48131893971
2018-08-15,135029.01726155973,24201.10748645384,16972.127569642267,93855.78220546362
2018-08-16,137228.2918167509,24201.10748645384,19711.86121145275,93315.3231188443
2018-08-17,138981.89545093162,24201.10748645384,22358.860055269557,92421.92790920823
2018-08-20,138735.88451261178,24201.10748645384,21763.978270526393,92770.79875563155
2018-08-21,139181.10784536414,24201.10748645384,22140.842158849584,92839.15820006072
2018-08-22,139026.5462774128,24201.10748645384,22084.481862593326,92740.95692836563
2018-08-23,138933.97862079577,24201.10748645384,22110.484863974154,92622.38627036777
2018-08-24,138166.96530445863,24201.10748645384,21296.79098518158,92669.06683282321
2018-08-27,137038.57967152027,24201.10748645384,20108.507460277062,92728.96472478937
2018-08-28,136846.410398426,24201.10748645384,20161.779520154465,92483.5233918177
2018-08-29,134997.7890121875,24201.10748645384,18348.569099658285,92448.11242607539
2018-08-30,136093.43019884534,24201.10748645384,19422.19159874355,92470.13111364795
2018-08-31,136560.67222080322,24201.10748645384,19982.07406618481,92377.49066816457
2018-09-04,136910.44749305432,24201.10748645384,20204.64178211533,92504.69822448515
2018-09-05,138481.2783679634,24201.10748645384,21464.823630960425,92815.34725054912
2018-09-06,139911.90552844398,24201.10748645384,22926.83039451891,92783.96764747123
2018-09-07,140473.2674856881,24201.10748645384,23562.392800311674,92709.76719892258
2018-09-10,140987.6233896562,24201.10748645384,24113.11411546846,92673.40178773389
2018-09-11,140564.56384704763,24201.10748645384,23836.431498292717,92527.02486230107
2018-09-12,140944.0259546101,24201.10748645384,24404.92174797121,92337.99672018504
2018-09-13,140290.60779324546,24201.10748645384,23405.251302131917,92684.24900465971
2018-09-14,139603.0406346086,24201.10748645384,22835.853765020845,92566.07938313391
2018-09-17,140213.96884594928,24201.10748645384,23374.503297230927,92638.35806226451
2018-09-18,139616.7265961659,24201.10748645384,22756.473679624265,92659.14543008781
2018-09-19,139687.64014326606,24201.10748645384,22756.363538147067,92730.16911866516
2018-09-20,138058.46103721007,24201.10748645384,21308.656523330486,92548.69702742575
2018-09-21,136038.46902016317,24201.10748645384,19512.927684339462,92324.43384936987
2018-09-24,135508.11696753127,24201.10748645384,18994.708067714586,92312.30141336285
2018-09-25,135002.8619670287,24201.10748645384,18536.491327440483,92265.26315313438
2018-09-26,134890.74679583288,24201.10748645384,18272.582687992603,92417.05662138644
2018-09-27,135258.584574337,24201.10748645384,18555.046293459018,92502.43079442414
2018-09-28,135477.9558393053,24201.10748645384,18748.59896947362,92528.24938337784
2018-10-01,135764.86086252728,24201.10748645384,18930.80142534431,92632.95195072913
2018-10-02,136130.4290473113,24201.10748645384,19271.805258020642,92657.51630283683
2018-10-03,136608.00617423456,24201.10748645384,19728.48854221066,92678.41014557006
2018-10-04,136348.40893448866,24201.10748645384,19622.99497189652,92524.3064761383
2018-10-05,136588.6864976223,24201.10748645384,19758.039096591878,92629.53991457657
2018-10-08,136356.5471727188,24201.10748645384,19400.74011745595,92754.69956880901
2018-10-09,136458.6467860582,24201.10748645384,19556.117709464743,92701.42159013962
2018-10-10,137596.38069535897,24201.10748645384,21126.068487505778,92269.20472139935
2018-10-11,139354.48925228394,24201.10748645384,23307.257012303453,91846.12475352664
2018-10-12,137300.96563199244,24201.10748645384,21616.123590862728,91483.73455467587
2018-10-15,137043.20586999948,24201.10748645384,21060.536492063664,91781.56189148198
2018-10-16,136435.02219940315,24201.10748645384,20564.419375161757,91669.49533778755
2018-10-17,136329.77390354057,24201.10748645384,20348.813083138084,91779.85333394865
2018-10-18,136110.84225319757,24201.10748645384,20235.88310399151,91673.85166275222
2018-10-19,137024.93347043707,24201.10748645384,20918.03215239779,91905.79383158544
2018-10-22,137927.4460878017,24721.894372991635,20918.03215239779,92287.51956241229
2018-10-23,138119.30995819473,26213.811010280973,20918.03215239779,90987.46679551597
2018-10-24,133492.74646390066,27226.980181759223,20918.03215239779,85347.73412974365
2018-10-25,136173.91299161455,26139.299772744067,20918.03215239779,89116.58106647269
2018-10-26,131203.19030798937,23698.22189958382,20918.03215239779,86586.93625600776
2018-10-29,133127.80004320177,24958.251981796464,20918.03215239779,87251.51590900752
2018-10-30,134243.7186391023,25381.669733647723,20918.03215239779,87944.01675305679
2018-10-31,135212.7741695369,25131.467216025456,20918.03215239779,89163.27480111364
2018-11-01,135816.9600111898,25393.896761237644,20918.03215239779,89505.03109755437
2018-11-02,137301.85178562952,27039.751089851605,20918.03215239779,89344.06854338013
2018-11-05,140300.30352834787,28251.09195360646,20918.03215239779,91131.17942234362
2018-11-06,140652.2245104896,27818.948750031763,20918.03215239779,91915.24360806006
2018-11-07,138781.9552372595,27776.63429698965,20918.03215239779,90087.28878787206
2018-11-08,138363.8776404193,28168.760717427474,20918.03215239779,89277.08477059403
2018-11-09,141070.69843287987,29998.737720150384,20918.03215239779,90153.9285603317
2018-11-12,136895.8352450442,27651.03348359815,20918.03215239779,88326.76960904826
2018-11-13,137723.175409831,28318.87444129598,20918.03215239779,88486.26881613722
2018-11-14,136029.430530729,27537.80069075455,20918.03215239779,87573.59768757666
2018-11-15,142489.8780752836,31210.891083666473,20918.03215239779,90360.95483921934
2018-11-16,144249.37787615892,32742.91610497737,20918.03215239779,90588.42961878376
2018-11-19,144309.46139849257,33789.46594714024,20918.03215239779,89601.96329895454
2018-11-20,147833.3021747293,38087.83455342683,20918.03215239779,88827.43546890467
2018-11-21,147573.76019354584,36395.01206275984,20918.03215239779,90260.71597838821
2018-11-23,148930.4411214142,37989.45185563073,20918.03215239779,90022.95711338567
2018-11-26,148890.4863782411,36411.20613134722,20918.03215239779,91561.24809449608
2018-11-27,148024.4247024525,35279.62888697558,20918.03215239779,91826.76366307912
2018-11-28,145671.2545560191,32639.67256175494,20918.03215239779,92113.54984186636
2018-11-29,146059.41474385036,32901.037960690795,20918.03215239779,92240.34463076177
2018-11-30,145035.66688582767,32538.832845306955,20918.03215239779,91578.80188812292
2018-12-03,131147.9410252095,18495.584062026697,20918.03215239779,91734.32481078501
2018-12-04,141233.10307225795,29953.44739346928,20918.03215239779,90361.62352639087
2018-12-06,143037.12848210474,32437.230705162976,20918.03215239779,89681.86562454398
2018-12-07,139963.86941712874,30353.05023029761,20918.03215239779,88692.78703443334
2018-12-10,143482.44680844375,33781.58698813908,20918.03215239779,88782.82766790688
2018-12-11,145378.12982941198,35462.385940653854,20918.03215239779,88997.71173636033
2018-12-12,145655.9694341838,35280.26252008206,20918.03215239779,89457.67476170394
2018-12-13,147718.29706087417,36888.922579642734,20918.03215239779,89911.34232883365
2018-12-14,148389.30172538199,38339.758735626936,20918.03215239779,89131.51083735726
2018-12-17,144522.98071615712,34460.64947745681,20918.03215239779,89144.29908630252
2018-12-18,144622.9470994569,34498.03434947168,20918.03215239779,89206.88059758744
2018-12-19,146320.090132655,35287.42787635757,20918.03215239779,90114.63010389963
2018-12-20,146513.49769377778,35997.729737592395,20918.03215239779,89597.7358037876
2018-12-21,155065.47791473055,45875.22338662553,20918.03215239779,88272.22237570724
2018-12-24,151133.30148457957,42670.427353409,20918.03215239779,87544.84197877278
2018-12-26,155260.37288146187,45832.36665965174,20918.03215239779,88509.97406941233
2018-12-27,153944.22202471388,44654.30888257921,20918.03215239779,88371.88098973688
2018-12-28,154158.10404933477,44502.70081906137,20918.03215239779,88737.3710778756
2018-12-31,155957.89197290933,45919.2785493423,20918.03215239779,89120.58127116924
2019-01-02,158189.33497297694,47642.738256012555,20918.03215239779,89628.5645645666
2019-01-03,154580.74321821972,44488.642181925126,20918.03215239779,89174.0688838968
2019-01-04,160187.86457626242,49862.25230297167,20918.03215239779,89407.58012089296
2019-01-07,161121.22093958035,50217.45531982812,20918.03215239779,89985.73346735444
2019-01-08,161665.86577019282,50499.04015881661,20918.03215239779,90248.79345897841
2019-01-09,161994.45811686176,50755.41406281153,20918.03215239779,90321.01190165244
2019-01-10,162344.54990227846,50812.56891347142,20918.03215239779,90613.94883640925
2019-01-11,162156.55708211265,50805.42970558209,20918.03215239779,90433.09522413276
2019-01-14,161031.78293758887,50553.505349816056,20918.03215239779,89560.24543537502
2019-01-15,161373.34511267976,50604.1666723073,20918.03215239779,89851.14628797467
2019-01-16,159629.2005247767,50357.668848714326,20918.03215239779,88353.49952366459
2019-01-17,159463.77420131722,50723.77930203942,20918.03215239779,87821.96274688002
2019-01-18,159815.81549653737,51538.259273312986,20918.03215239779,87359.52407082659
2019-01-22,159023.6966055648,51538.259273312986,20918.03215239779,86567.40517985402
2019-01-23,159241.97779374663,51538.259273312986,20918.03215239779,86785.68636803585
2019-01-24,159863.68944810075,51538.259273312986,20918.03215239779,87407.39802238997
2019-01-25,160639.31850524317,51538.259273312986,20918.03215239779,88183.02707953239
2019-01-28,160229.33127869177,51538.259273312986,20918.03215239779,87773.03985298099
2019-01-29,161161.0336746846,51538.259273312986,20918.03215239779,88704.74224897381
2019-01-30,161284.73521537753,51538.259273312986,20918.03215239779,88828.44378966675
2019-01-31,160209.29153278144,51538.259273312986,20918.03215239779,87753.00010707066
2019-02-01,160297.02887222567,51538.259273312986,20918.03215239779,87840.73744651489
2019-02-04,160488.9664764793,51538.259273312986,20918.03215239779,88032.67505076854
2019-02-05,159684.5742613275,51538.259273312986,20918.03215239779,87228.28283561673
2019-02-06,159287.12199289422,51538.259273312986,20918.03215239779,86830.83056718344
2019-02-07,158441.37172191008,51538.259273312986,20918.03215239779,85985.0802961993
2019-02-08,158097.2336041471,51538.259273312986,20918.03215239779,85640.94217843632
2019-02-11,158555.64229698014,51538.259273312986,20918.03215239779,86099.35087126936
2019-02-12,159063.57603554404,51538.259273312986,20918.03215239779,86607.28460983327
2019-02-13,159104.22401557676,51538.259273312986,20918.03215239779,86647.93258986599
2019-02-14,158807.95597538026,51538.259273312986,20918.03215239779,86351.66454966948
2019-02-15,157881.7637227492,51538.259273312986,20918.03215239779,85425.47229703842
2019-02-19,156516.6528604792,49939.29226112319,20918.03215239779,85659.32844695821
2019-02-20,156061.96531938505,49448.308483380126,20918.03215239779,85695.62468360714
2019-02-21,157088.87161739497,50460.11686797161,20918.03215239779,85710.72259702557
2019-02-22,154135.52784738387,49405.49955452536,20918.03215239779,83811.99614046072
2019-02-25,152830.73816018482,48042.59090478509,20918.03215239779,83870.11510300194
2019-02-26,152126.56741537317,47515.29619699414,20918.03215239779,83693.23906598124
2019-02-27,154420.85092811566,50125.433378551155,20918.03215239779,83377.38539716671
2019-02-28,155713.9305045479,50946.80713858921,20918.03215239779,83849.0912135609
2019-03-01,155372.2513238506,50804.73304575123,20918.03215239779,83649.48612570157
2019-03-04,156175.15276718466,51456.5933666334,20918.03215239779,83800.52724815346
2019-03-05,155808.6315005005,51160.53358545294,20918.03215239779,83730.06576264976
2019-03-06,155989.05367380637,51458.74723995058,20918.03215239779,83612.274281458
2019-03-07,155142.8271605412,50930.86175054754,20918.03215239779,83293.93325759587
2019-03-08,155626.7315182567,51391.095857566455,20918.03215239779,83317.60350829246
2019-03-11,155230.3270925535,50983.78847059002,20918.03215239779,83328.50646956568
2019-03-12,158211.00226546475,53835.229104271624,20918.03215239779,83457.74100879533
2019-03-13,154344.22742240108,49999.71486018901,20918.03215239779,83426.48040981428
2019-03-14,154421.31144229462,50294.87604968925,20918.03215239779,83208.40324020758
2019-03-15,154797.72446515784,50597.76809930173,20918.03215239779,83281.92421345832
2019-03-18,154004.65587048663,50597.76809930173,20157.6855468523,83249.2022243326
2019-03-19,154101.46072636626,50597.76809930173,20206.706719984417,83296.98590708012
2019-03-20,153441.66686247196,50597.76809930173,19585.925836450187,83257.97292672005
2019-03-21,151913.57130079693,50597.76809930173,18044.736300359014,83271.06690113619
2019-03-22,153731.15820122673,50597.76809930173,19981.706484073075,83151.68361785193
2019-03-25,154385.90560017235,50597.76809930173,20527.715841798927,83260.4216590717
2019-03-26,154001.07867416763,50597.76809930173,20046.608972454676,83356.70160241122
2019-03-27,154636.19336713455,50597.76809930173,20723.50001497683,83314.92525285599
2019-03-28,154669.12333076145,50597.76809930173,20691.106921559665,83380.24830990005
2019-03-29,153505.05578434665,50597.76809930173,19510.136044980376,83397.15164006455
2019-04-01,152228.12985063472,50597.76809930173,18163.55238969915,83466.80936163384
2019-04-02,152752.5192232238,50597.76809930173,18630.587060080492,83524.16406384157
2019-04-03,152135.63806325104,50597.76809930173,18153.452543811407,83384.4174201379
2019-04-04,152194.49818412948,50597.76809930173,18159.716300446424,83437.01378438133
2019-04-05,150778.5676109813,50597.76809930173,16765.921397308935,83414.87811437063
2019-04-08,150584.88602935278,50597.76809930173,16609.60073851433,83377.51719153672
2019-04-09,150939.74950515397,50597.76809930173,16892.664752777317,83449.31665307493
2019-04-10,151426.27603579662,50597.76809930173,17328.335073363967,83500.17286313092
2019-04-11,151613.22987184604,50597.76809930173,17637.457458628807,83378.0043139155
2019-04-12,153970.7240603898,50597.76809930173,19965.874625578173,83407.0813355099
2019-04-15,153210.93807211076,50597.76809930173,19162.38092695037,83450.78904585866
2019-04-16,157093.9850590462,50597.76809930173,23419.85669166292,83076.36026808154
2019-04-17,161343.8411464123,50597.76809930173,28029.30501798517,82716.76802912541
2019-04-18,160989.2619992171,50597.76809930173,27659.07988115307,82732.4140187623
2019-04-22,161337.29541496874,50597.76809930173,27343.719870090834,83395.80744557618
2019-04-23,159447.64086271683,50597.76809930173,25366.772871877067,83483.09989153803
2019-04-24,160277.86398413114,50597.76809930173,25168.868295104825,84511.22758972459
2019-04-25,160497.62238503213,50597.76809930173,25879.047732574283,84020.80655315612
2019-04-26,159870.76454772777,50597.76809930173,25507.614450868918,83765.38199755712
2019-04-29,160717.01923341886,50597.76809930173,25317.40383349452,84801.84730062261
2019-04-30,160383.87025160703,50597.76809930173,24536.44326820702,85249.65888409829
2019-05-01,160493.48867092386,50597.76809930173,24430.010710692615,85465.70986092952
2019-05-02,160399.00537811872,50597.76809930173,24792.732642958406,85008.50463585858
2019-05-03,160979.3562112248,50597.76809930173,24990.28745913878,85391.3006527843
2019-05-06,160508.13716550602,50597.76809930173,24574.9565143293,85335.412551875
2019-05-07,158016.47175035405,50597.76809930173,23722.38809974899,83696.31555130333
2019-05-08,157746.03200967074,50597.76809930173,23605.788121187827,83542.47578918119
2019-05-09,157281.75183735928,50597.76809930173,23519.12365619489,83164.86008186266
2019-05-10,159067.84681332682,50597.76809930173,24152.914558728342,84317.16415529675
2019-05-13,158839.22787402605,50597.76809930173,25620.90192082373,82620.5578539006
2019-05-14,158694.95918134332,50597.76809930173,24311.666916292277,83785.52416574932
2019-05-15,159311.80119792442,50597.76809930173,24147.496431425912,84566.53666719678
2019-05-16,159711.85246204853,50597.76809930173,24098.798028914607,85015.28633383219
2019-05-17,160465.23066013108,50597.76809930173,24836.60155735037,85030.86100347899
2019-05-20,161048.58622452978,51214.32505126414,24836.60155735037,84997.65961591527
2019-05-21,161145.6831270851,50833.66390665434,24836.60155735037,85475.41766308038
2019-05-22,163422.87994051154,53412.55069089495,24836.60155735037,85173.72769226623
2019-05-23,164356.5679633523,54793.47815955174,24836.60155735037,84726.4882464502
2019-05-24,164159.31382295943,54302.63792807958,24836.60155735037,85020.07433752948
2019-05-28,163218.18288104318,53727.384741239715,24836.60155735037,84654.19658245309
2019-05-29,163217.7966981096,53818.12116667954,24836.60155735037,84563.07397407969
2019-05-30,164439.87998642528,54654.33614549623,24836.60155735037,84948.94228357868
2019-05-31,164683.78110056475,55053.65814825939,24836.60155735037,84793.521394955
2019-06-03,162759.25481839513,53040.12251343345,24836.60155735037,84882.53074761131
2019-06-04,162185.09974597173,52205.50297212275,24836.60155735037,85142.99521649862
2019-06-05,161671.34993689286,51890.55057072523,24836.60155735037,84944.19780881726
2019-06-06,160327.9567075196,50843.36470527225,24836.60155735037,84647.99044489698
2019-06-07,158712.804488727,49453.845197776565,24836.60155735037,84422.35773360007
2019-06-10,157037.704433274,47872.87905444752,24836.60155735037,84328.2238214761
2019-06-11,157345.68998561718,47985.06571906153,24836.60155735037,84524.02270920528
2019-06-12,157427.02995220618,48116.42358873307,24836.60155735037,84474.00480612274
2019-06-13,157877.12019411766,48442.44368807133,24836.60155735037,84598.07494869595
2019-06-14,158234.21313897136,48809.590893500485,24836.60155735037,84588.02068812051
2019-06-17,157847.96855075122,48295.68650373502,24836.60155735037,84715.68048966583
2019-06-18,158509.21215050376,48917.63857576647,24836.60155735037,84754.97201738693
2019-06-19,158551.85165545566,49146.48847930855,24836.60155735037,84568.76161879674
2019-06-20,159070.96465988306,49677.79677679157,24836.60155735037,84556.56632574112
2019-06-21,157875.8867052556,48172.262062162044,24836.60155735037,84867.02308574319
2019-06-24,159162.47044364898,48172.262062162044,24836.60155735037,86153.60682413657
2019-06-25,158128.47537437477,48172.262062162044,24836.60155735037,85119.61175486236
2019-06-26,158939.14134391933,48172.262062162044,24836.60155735037,85930.27772440691
2019-06-27,159427.25199499633,48172.262062162044,24836.60155735037,86418.38837548392
2019-06-28,159499.66978760366,48172.262062162044,24836.60155735037,86490.80616809125
2019-07-01,160372.70999734197,48172.262062162044,24836.60155735037,87363.84637782956
2019-07-02,160509.94570984785,48172.262062162044,24836.60155735037,87501.08209033543
2019-07-03,160462.13166871644,48172.262062162044,24836.60155735037,87453.26804920402
2019-07-05,160791.70141171897,48172.262062162044,24836.60155735037,87782.83779220656
2019-07-08,161295.3433284068,48172.262062162044,24836.60155735037,88286.47970889439
2019-07-09,161382.02814502898,48172.262062162044,24836.60155735037,88373.16452551656
2019-07-10,161518.7696169715,48172.262062162044,24836.60155735037,88509.90599745908
2019-07-11,161211.76214268222,48172.262062162044,24836.60155735037,88202.8985231698
2019-07-12,161412.73349686037,48172.262062162044,24836.60155735037,88403.86987734796
2019-07-15,161945.9868407559,48172.262062162044,24836.60155735037,88937.1232212435
2019-07-16,162499.5385894673,48172.262062162044,24836.60155735037,89490.67496995488
2019-07-17,162377.45464856247,48172.262062162044,24836.60155735037,89368.59102905006
2019-07-18,162078.0743348638,48172.262062162044,24836.60155735037,89069.2107153514
2019-07-19,162479.24402544997,48172.262062162044,24836.60155735037,89470.38040593755
2019-07-22,162250.01959063858,48172.262062162044,24427.8519105186,89649.90561795793
2019-07-23,161949.114965964,48172.262062162044,24209.792476977687,89567.06042682426
2019-07-24,161637.04096626572,48172.262062162044,24566.576870095683,88898.20203400799
2019-07-25,161831.53169074282,48172.262062162044,24518.39792484173,89140.87170373905
2019-07-26,160735.60537629796,48172.262062162044,23642.91143609886,88920.43187803705
2019-07-29,160986.46246114024,48172.262062162044,23719.777277510962,89094.42312146723
2019-07-30,160229.10696028417,48172.262062162044,23414.64241846325,88642.20247965888
2019-07-31,158795.41863844485,48172.262062162044,22271.29120530095,88351.86537098186
2019-08-01,157601.09616073593,48172.262062162044,21666.727759409812,87762.10633916408
2019-08-02,154859.83190629666,48172.262062162044,20122.199477565242,86565.37036656938
2019-08-05,153753.0405123249,48172.262062162044,20746.578172460664,84834.20027770218
2019-08-06,153933.18195117044,48172.262062162044,19769.210237125633,85991.70965188276
2019-08-07,154200.7477788831,48172.262062162044,20282.30369722168,85746.18201949936
2019-08-08,154030.08515245724,48172.262062162044,19350.963942798902,86506.85914749629
2019-08-09,152442.61846178607,48172.262062162044,19385.329673583503,84885.02672604052
2019-08-12,150872.81862713175,48172.262062162044,19218.660272175446,83481.89629279426
2019-08-13,151562.61839115375,48172.262062162044,19046.636216115206,84343.7201128765
2019-08-14,151002.1139593193,48172.262062162044,19807.69307397958,83022.15882317768
2019-08-15,149431.72341001895,48172.262062162044,19577.53156974318,81681.92977811373
2019-08-16,149317.61243851203,48172.262062162044,18606.990609261324,82538.35976708867
2019-08-19,147744.29532261682,46798.475801025634,18606.990609261324,82338.82891232986
2019-08-20,148684.6307357573,47833.48674001207,18606.990609261324,82244.1533864839
2019-08-21,147891.73648452212,47726.96854787483,18606.990609261324,81557.77732738596
2019-08-22,146776.14500385325,46900.35298846965,18606.990609261324,81268.80140612228
2019-08-23,150294.4522371596,49821.44337865384,18606.990609261324,81866.01824924443
2019-08-26,149199.29425225582,48582.53932756372,18606.990609261324,82009.76431543077
2019-08-27,149011.99605935114,48305.20083274611,18606.990609261324,82099.8046173437
2019-08-28,148236.53077353816,47613.26135147631,18606.990609261324,82016.27881280053
2019-08-29,146782.19267130934,46749.79623464774,18606.990609261324,81425.40582740027
2019-08-30,146818.92484269082,46531.75653528876,18606.990609261324,81680.17769814073
2019-09-03,147570.70744894177,46900.62853308255,18606.990609261324,82063.0883065979
2019-09-04,148888.51161886204,47935.7693398979,18606.990609261324,82345.75166970282
2019-09-05,148868.0836993166,48097.18880505115,18606.990609261324,82163.90428500413
2019-09-06,149032.31904616195,48401.345957943005,18606.990609261324,82023.98247895762
2019-09-09,149474.2097137455,48679.56481803162,18606.990609261324,82187.65428645257
2019-09-10,149850.77683724172,48832.09395580529,18606.990609261324,82411.6922721751
2019-09-11,150668.7057375881,49313.01475945208,18606.990609261324,82748.7003688747
2019-09-12,150485.07945335784,49002.059732934926,18606.990609261324,82876.0291111616
2019-09-13,150407.85204213497,48786.0396599588,18606.990609261324,83014.82177291485
2019-09-16,150328.604705879,48374.940550473635,18606.990609261324,83346.67354614404
2019-09-17,150499.76286471146,48491.96568118676,18606.990609261324,83400.80657426338
2019-09-18,150069.27168699878,48243.75468758866,18606.990609261324,83218.52639014879
2019-09-19,149562.51616054762,47746.73715098901,18606.990609261324,83208.78840029729
2019-09-20,146246.3891136452,43730.82125738007,18606.990609261324,83908.57724700379
2019-09-23,146738.31960107933,43730.82125738007,18881.19492417539,84126.30341952387
2019-09-24,146343.1114492172,43730.82125738007,18624.34584787651,83987.94434396061
2019-09-25,146925.08771060128,43730.82125738007,19284.966047229245,83909.30040599196
2019-09-26,146996.54632947827,43730.82125738007,19240.53735045879,84025.1877216394
2019-09-27,146725.11483877967,43730.82125738007,18860.58753848495,84133.70604291465
2019-09-30,146710.59676908096,43730.82125738007,18712.57785565313,84267.19765604776
2019-10-01,146571.56700624025,43730.82125738007,18590.79656212672,84249.94918673346
2019-10-02,146255.13649868185,43730.82125738007,18430.987572800717,84093.32766850106
2019-10-03,145812.81512411032,43730.82125738007,18008.873867555056,84073.1199991752
2019-10-04,145893.2132013212,43730.82125738007,17958.818990144413,84203.57295379671
2019-10-07,145128.33855348325,43730.82125738007,17126.55480239296,84270.96249371022
2019-10-08,145236.70376622584,43730.82125738007,17371.34317536303,84134.53933348274
2019-10-09,144863.75874399347,43730.82125738007,16825.865207135677,84307.07227947772
2019-10-10,144600.243623439,43730.82125738007,16623.005819867365,84246.41654619155
2019-10-11,144485.81916371814,43730.82125738007,16446.69544852327,84308.3024578148
2019-10-14,143447.78603683773,43730.82125738007,15339.675148842507,84377.28963061515
2019-10-15,143287.4369042546,43730.82125738007,15116.07453750982,84440.54110936471
2019-10-16,143070.21453820588,43730.82125738007,14827.488272824557,84511.90500800125
2019-10-17,143308.06033636746,43730.82125738007,15087.094930848805,84490.14414813858
2019-10-18,144179.75268934062,43730.82125738007,15881.16972469259,84567.76170726796
2019-10-21,142980.63083504012,43730.82125738007,14261.057125924504,84988.75245173555
2019-10-22,143926.27923334972,43730.82125738007,15380.813473659102,84814.64450231055
2019-10-23,143719.60825717077,43730.82125738007,14791.532131292392,85197.2548684983
2019-10-24,144651.5645205786,43730.82125738007,14879.252483886434,86041.4907793121
2019-10-25,145652.2983256362,43730.82125738007,16029.369071519002,85892.10799673712
2019-10-28,144830.55152618466,43730.82125738007,14841.430298351217,86258.29997045337
2019-10-29,145649.18495527306,43730.82125738007,15048.19930343423,86870.16439445876
2019-10-30,146224.38108063606,43730.82125738007,16321.37208848726,86172.18773476873
2019-10-31,146909.1833127694,43730.82125738007,15957.732784635038,87220.62927075429
2019-11-01,144446.5036715034,43730.82125738007,14550.029241662705,86165.65317246062
2019-11-04,144464.24731567164,43730.82125738007,15239.06934789184,85494.35671039973
2019-11-05,145965.49779650394,43730.82125738007,16859.644336621393,85375.03220250248
2019-11-06,145484.69621216762,43730.82125738007,15957.569209478097,85796.30574530945
2019-11-07,145414.47730930406,43730.82125738007,17437.28387011611,84246.37218180788
2019-11-08,144615.1500772389,43730.82125738007,17350.174115282483,83534.15470457636
2019-11-11,144689.3077159935,43730.82125738007,17160.199756222195,83798.28670239123
2019-11-12,145434.19594957982,43730.82125738007,17017.38390846667,84685.99078373308
2019-11-13,145819.17730449722,43730.82125738007,17115.391994327772,84972.96405278938
2019-11-14,146552.7562868311,43730.82125738007,18004.759179935325,84817.17584951571
2019-11-15,147297.19679216552,43730.82125738007,19450.82889897586,84115.54663580959
2019-11-18,147519.26261827152,43730.82125738007,19452.612141419784,84335.82921947166
2019-11-19,148105.03631445498,43730.82125738007,19691.07367973181,84683.1413773431
2019-11-20,148632.27264105482,43730.82125738007,20346.12823864678,84555.32314502797
2019-11-21,148522.1840444978,43730.82125738007,20263.41280067386,84527.94998644385
2019-11-22,148881.26648659306,43730.82125738007,20408.303281446686,84742.1419477663
2019-11-25,148139.58172608283,43730.82125738007,19182.569490685593,85226.19097801717
2019-11-26,147576.58868078608,43730.82125738007,18760.236114296596,85085.53130910941
2019-11-27,146717.78267163353,43730.82125738007,17733.05913018121,85253.90228407225
2019-11-29,147469.77857656567,43730.82125738007,18449.430358086945,85289.52696109866
2019-12-02,148388.71328511974,43730.82125738007,19296.589997302275,85361.3020304374
2019-12-03,148517.12789393764,43730.82125738007,19592.81837003224,85193.48826652532
2019-12-04,148159.44445673772,43730.82125738007,19077.759291780647,85350.863907577
2019-12-05,148062.14026634686,43730.82125738007,19016.326978042373,85314.99203092442
2019-12-06,146804.65326968126,43730.82125738007,17691.53255336627,85382.29945893493
2019-12-09,147120.99699112435,43730.82125738007,17774.374372543185,85615.8013612011
2019-12-10,147510.0711291167,43730.82125738007,18046.11848993064,85733.13138180599
2019-12-11,147432.91395841644,43730.82125738007,18143.235038408893,85558.85766262747
2019-12-12,146413.8631435231,43730.82125738007,17336.831064087688,85346.21082205535
2019-12-13,147492.60812779795,43730.82125738007,18136.171922618756,85625.61494779913
2019-12-16,145924.46126682544,43730.82125738007,16618.153928711778,85575.4860807336
2019-12-17,147016.9866220086,43730.82125738007,17506.779384382186,85779.38598024636
2019-12-18,147368.19675293053,43730.82125738007,17716.406710621435,85920.96878492902
2019-12-19,147575.77341444034,43730.82125738007,17721.371617568773,86123.5805394915
2019-12-20,143901.49908804183,43730.82125738007,13954.827520288178,86215.85031037359
2019-12-23,143742.09995359904,43730.82125738007,13719.989022555528,86291.28967366344
2019-12-24,143699.95439325704,43730.82125738007,13745.20831210271,86223.92482377426
2019-12-26,143304.49628398556,43730.82125738007,13381.542919804924,86192.13210680056
2019-12-27,143241.48526130838,43730.82125738007,13080.829055738985,86429.83494818932
2019-12-30,143245.96866446908,43730.82125738007,13010.456947663217,86504.6904594258
2019-12-31,143568.41925081902,43730.82125738007,13230.173897778033,86607.42409566091
2020-01-02,143365.81885188073,43730.82125738007,13035.340291985078,86599.65730251558
2020-01-03,143449.5591240247,43730.82125738007,13351.214730783715,86367.52313586092
2020-01-06,143452.4399134824,43730.82125738007,13176.032166939927,86545.58648916241
2020-01-07,144584.98780150316,43730.82125738007,14437.068606057437,86417.09793806565
2020-01-08,144273.17117548734,43730.82125738007,13912.915353788296,86629.43456431897
2020-01-09,143456.33811185777,43730.82125738007,13128.27829396131,86597.23856051639
2020-01-10,144277.41883834708,43730.82125738007,13919.646628881339,86626.95095208567
2020-01-13,142510.9886714341,43730.82125738007,12012.14418148715,86768.02323256689
2020-01-14,142778.37284306064,43730.82125738007,12183.423974425066,86864.1276112555
2020-01-15,143104.6030820635,43730.82125738007,12484.200600348064,86889.58122433536
2020-01-16,142469.25659601763,43730.82125738007,11922.106532589765,86816.3288060478
2020-01-17,142669.62573207577,43730.82125738007,12152.763496890315,86786.04097780539
2020-01-21,142511.6949917978,43730.82125738007,12160.952861280995,86619.92087313673
2020-01-22,142374.9465390629,43730.82125738007,12035.56560990552,86608.5596717773
2020-01-23,142083.74061174202,43730.82125738007,11600.64191071922,86752.27744364273
2020-01-24,142935.87162673764,43730.82125738007,13861.650081206928,85343.40028815065
2020-01-27,140408.04993086064,43730.82125738007,12102.59665021638,84574.63202326419
2020-01-28,139172.30617510097,43730.82125738007,10808.12239836913,84633.36251935177
2020-01-29,138645.90886866208,43730.82125738007,10638.034879489802,84277.05273179221
2020-01-30,138455.62188446568,43730.82125738007,10287.294392786687,84437.50623429893
2020-01-31,139134.05203974713,43730.82125738007,11881.732486660127,83521.49829570693
2020-02-03,138605.71229196328,43730.82125738007,11421.898096605786,83452.99293797743
2020-02-04,138144.332830213,43730.82125738007,10588.746709454805,83824.76486337814
2020-02-05,137309.3213007619,43730.82125738007,9407.25649948779,84171.24354389403
2020-02-06,137126.64390020212,43730.82125738007,9298.448783135042,84097.37385968701
2020-02-07,137755.16841285268,43730.82125738007,9701.279834600049,84323.06732087256
2020-02-10,136200.0410770079,43730.82125738007,8525.792201761738,83943.42761786608
2020-02-11,136065.29781059804,43730.82125738007,8638.981742000207,83695.49481121777
2020-02-12,135811.52442779357,43730.82125738007,8266.263534911792,83814.43963550171
2020-02-13,135746.23151268158,43730.82125738007,8091.064243162051,83924.34601213946
2020-02-14,135782.85485167068,43730.82125738007,8315.6945037205,83736.33909057011
2020-02-18,136430.74898140295,43730.82125738007,9502.448824502528,83197.47889952036
2020-02-19,136521.21328854223,43730.82125738007,9711.025374887162,83079.366656275
2020-02-20,137318.58393676637,43730.82125738007,10228.466023152112,83359.29665623419
2020-02-21,137422.9308097897,43730.82125738007,9257.707175920368,84434.40237648925
2020-02-24,134205.3348450209,43730.82125738007,7389.735252774088,83084.77833486674
2020-02-25,131292.13969970855,43730.82125738007,5756.358681509853,81804.95976081863
2020-02-26,130553.65191194415,43730.82125738007,5088.626104925992,81734.20454963809
2020-02-27,125656.05224745185,43730.82125738007,4364.272009911481,77560.9589801603
2020-02-28,125010.05417571217,43730.82125738007,6138.185964226024,75141.04695410607
2020-03-02,122781.50615073426,43730.82125738007,1435.7662555241259,77614.91863783007
2020-03-03,124388.92170516413,43730.82125738007,2779.7650372012286,77878.33541058283
2020-03-04,122873.3208627234,43730.82125738007,727.9884520272026,78414.51115331613
2020-03-05,125351.64147828228,43730.82125738007,4002.4900363188935,77618.33018458332
2020-03-06,125206.08063705661,43730.82125738007,4525.022053055698,76950.23732662085
2020-03-09,127156.55982210313,43730.82125738007,7003.382841358776,76422.35572336428
2020-03-10,127130.03076150652,43730.82125738007,4217.972753326525,79181.23675079993
2020-03-11,127714.17952127219,43730.82125738007,6727.015305044828,77256.3429588473
2020-03-12,128399.72271731729,43730.82125738007,11975.228777707554,72693.67268222966
2020-03-13,127625.42874203855,43730.82125738007,6397.863876387477,77496.743608271
2020-03-16,124521.32276125858,43730.82125738007,7315.303985080682,73475.19751879782
2020-03-17,125635.62262601918,43730.82125738007,6493.672679765616,75411.12868887349
2020-03-18,124465.36909519497,43730.82125738007,6833.187332403264,73901.36050541163
2020-03-19,125886.22091454582,43730.82125738007,7110.765792669146,75044.6338644966
2020-03-20,132280.88814548415,43730.82125738007,12933.42548222898,75616.6414058751
2020-03-23,131393.98089309398,39594.469243226806,12933.42548222898,78866.08616763819
2020-03-24,139190.7548038389,42470.63528634037,12933.42548222898,83786.69403526955
2020-03-25,128010.0776760556,39510.83724174532,12933.42548222898,75565.8149520813
2020-03-26,115361.11384661193,40988.72772983869,12933.42548222898,61438.96063454426
2020-03-27,123729.9659767492,40431.770339183044,12933.42548222898,70364.77015533717
2020-03-30,138766.30542310153,49398.82893695426,12933.42548222898,76434.05100391828
2020-03-31,143219.6464037787,48199.79907023464,12933.42548222898,82086.42185131507
2020-04-01,137204.84870613553,44328.32035986066,12933.42548222898,79943.10286404588
2020-04-02,145760.51500861475,50390.61102644494,12933.42548222898,82436.47849994083
2020-04-03,148758.06397055637,52587.42749923072,12933.42548222898,83237.21098909667
2020-04-06,155194.67564274825,58991.84091183054,12933.42548222898,83269.40924868872
2020-04-07,159281.48757355462,58999.548141373554,12933.42548222898,87348.51394995209
2020-04-08,156991.93388323218,62935.93231210066,12933.42548222898,81122.57608890254
2020-04-09,153187.47631483187,66066.82750510727,12933.42548222898,74187.22332749562
2020-04-13,158680.35284321464,63619.23034545407,12933.42548222898,82127.6970155316
2020-04-14,163060.18813727668,66328.93668345595,12933.42548222898,83797.82597159175
2020-04-15,160522.67335886892,62726.5205630532,12933.42548222898,84862.72731358674
2020-04-16,162227.57810260507,62851.39486115449,12933.42548222898,86442.7577592216
2020-04-17,163086.31380066986,69383.40092724375,12933.42548222898,80769.48739119712
2020-04-20,161135.80369656964,68295.19861859432,12933.42548222898,79907.17959574633
2020-04-21,165603.56248513015,74482.23971349467,12933.42548222898,78187.89728940651
2020-04-22,165655.95687628945,71827.333377145,12933.42548222898,80895.19801691547
2020-04-23,165705.50986426033,70674.74709428404,12933.42548222898,82097.3372877473
2020-04-24,168848.04836616863,71654.49635986262,12933.42548222898,84260.12652407703
2020-04-27,169503.17191314872,69133.80627645436,12933.42548222898,87435.94015446538
2020-04-28,169880.7167620744,68417.82537065702,12933.42548222898,88529.46590918838
2020-04-29,168699.6026459079,67701.8103528698,12933.42548222898,88064.36681080912
2020-04-30,168476.35834274802,66927.73584488989,12933.42548222898,88615.19701562915
2020-05-01,170321.9223663438,68880.23005390354,12933.42548222898,88508.26683021127
2020-05-04,172254.6084926672,70181.93779783882,12933.42548222898,89139.2452125994
2020-05-05,171976.4752668679,69100.96645362116,12933.42548222898,89942.08333101775
2020-05-06,173375.9874829367,71379.48558860249,12933.42548222898,89063.07641210523
2020-05-07,171601.27811420488,70286.39472844312,12933.42548222898,88381.45790353278
2020-05-08,170045.0153779342,67675.6914711229,12933.42548222898,89435.89842458232
2020-05-11,171556.32313789974,67740.17250305484,12933.42548222898,90882.72515261592
2020-05-12,171491.1463032373,68153.64190911921,12933.42548222898,90404.07891188911
2020-05-13,171260.8044059825,70204.87092827051,12933.42548222898,88122.507995483
2020-05-14,171512.08355687105,68383.78077291744,12933.42548222898,90194.87730172463
2020-05-15,174800.51754296327,72560.26272343355,12933.42548222898,89306.82933730073
2020-05-18,169989.3414097213,67135.29136413103,12933.42548222898,89920.62456336129
2020-05-19,171108.82364608056,67830.86024878384,12933.42548222898,90344.53791506775
2020-05-20,171027.04822242924,67733.69640976773,12933.42548222898,90359.92633043253
2020-05-21,171658.90489448153,68511.04992207512,12933.42548222898,90214.42949017743
2020-05-22,171989.31831907725,68397.24551599077,12933.42548222898,90658.6473208575
2020-05-26,172802.66497181624,69133.64855515352,12933.42548222898,90735.59093443374
2020-05-27,174166.06202419603,70607.88328560698,12933.42548222898,90624.75325636007
2020-05-28,172856.1502852916,69253.22719811229,12933.42548222898,90669.49760495033
2020-05-29,173526.8363467391,69666.65878263861,12933.42548222898,90926.7520818715
2020-06-01,173887.66671897715,69725.50443570502,12933.42548222898,91228.73680104315
2020-06-02,175036.46835729585,70934.0527536103,12933.42548222898,91168.99012145656
2020-06-03,176089.54809524666,72220.84554720996,12933.42548222898,90935.27706580772
2020-06-04,176860.22931356903,72229.56177019468,12933.42548222898,91697.24206114537
2020-06-05,179999.74457780656,75889.65523572429,12933.42548222898,91176.66385985329
2020-06-08,182301.1079664115,78015.73156717117,12933.42548222898,91351.95091701136
2020-06-09,182020.12774279842,77346.21079754108,12933.42548222898,91740.49146302836
2020-06-10,182369.40770159836,76800.6745307378,12933.42548222898,92635.30768863158
2020-06-11,178207.6991636007,74706.51473198226,12933.42548222898,90567.75894938945
2020-06-12,179294.1211129598,75226.27010532399,12933.42548222898,91134.42552540684
2020-06-15,180909.67271018715,75988.71879084152,12933.42548222898,91987.52843711665
2020-06-16,184236.11192016874,79386.49612829299,12933.42548222898,91916.19030964677
2020-06-17,182727.0816402646,77929.27435464365,12933.42548222898,91864.38180339197
2020-06-18,182567.90222909662,77628.65234162076,12933.42548222898,92005.82440524688
2020-06-19,181611.26192373934,75810.66027894849,12933.42548222898,92867.17616256187
2020-06-22,181550.05284738925,75511.30037348415,12933.42548222898,93105.32699167612
2020-06-23,180882.73428021173,74740.71390247205,12933.42548222898,93208.5948955107
2020-06-24,182580.0932303305,76550.07243357692,12933.42548222898,93096.5953145246
2020-06-25,183420.88850718376,77405.14860437019,12933.42548222898,93082.31442058459
2020-06-26,183239.08574767236,77282.33917552372,12933.42548222898,93023.32108991966
2020-06-29,185820.84879616986,79498.36617986299,12933.42548222898,93389.05713407788
2020-06-30,184427.5629715483,78030.80947434972,12933.42548222898,93463.3280149696
2020-07-01,184090.5711961257,77709.00767342607,12933.42548222898,93448.13804047066
2020-07-02,185103.7267512366,78668.63740577293,12933.42548222898,93501.66386323469
2020-07-06,181719.2827661311,75287.4117426374,12933.42548222898,93498.44554126472
2020-07-07,181005.39976529765,74899.19285711693,12933.42548222898,93172.78142595175
2020-07-08,182040.97242411983,75801.65250745299,12933.42548222898,93305.89443443785
2020-07-09,183250.18019034376,77073.49802819802,12933.42548222898,93243.25667991675
2020-07-10,182834.27030868002,76133.26714860438,12933.42548222898,93767.57767784665
2020-07-13,181133.74552847783,74234.35219731764,12933.42548222898,93965.9678489312
2020-07-14,182107.51599837432,75556.75850839377,12933.42548222898,93617.33200775157
2020-07-15,182759.2585804573,76019.42975672497,12933.42548222898,93806.40334150335
2020-07-16,183147.1848526752,76376.6079447146,12933.42548222898,93837.1514257316
2020-07-17,183818.62406623515,77486.84758614236,12933.42548222898,93398.3509978638
2020-07-20,184253.0708741293,77486.84758614236,12933.42548222898,93832.79780575796
2020-07-21,184925.73408039717,77486.84758614236,12933.42548222898,94505.46101202583
2020-07-22,185117.18844658963,77486.84758614236,12933.42548222898,94696.91537821828
2020-07-23,185740.53997551987,77486.84758614236,12933.42548222898,95320.26690714853
2020-07-24,184152.97565183893,77486.84758614236,12933.42548222898,93732.70258346759
2020-07-27,185156.50752303714,77486.84758614236,12933.42548222898,94736.2344546658
2020-07-28,185731.2060241847,77486.84758614236,12933.42548222898,95310.93295581336
2020-07-29,184828.0285820641,77486.84758614236,12933.42548222898,94407.75551369274
2020-07-30,183717.39794190053,77486.84758614236,12933.42548222898,93297.12487352919
2020-07-31,183162.55696696986,77486.84758614236,12933.42548222898,92742.28389859851
2020-08-03,183487.27491091902,77486.84758614236,12933.42548222898,93067.00184254767
2020-08-04,182822.95628597483,77486.84758614236,12933.42548222898,92402.68321760348
2020-08-05,183047.53144341044,77486.84758614236,12933.42548222898,92627.25837503909
2020-08-06,182232.3278231729,77486.84758614236,12933.42548222898,91812.05475480156
2020-08-07,183663.79905355058,77486.84758614236,12933.42548222898,93243.52598517924
2020-08-10,185189.58513060922,77486.84758614236,12933.42548222898,94769.31206223788
2020-08-11,186415.93732531753,77486.84758614236,12933.42548222898,95995.66425694618
2020-08-12,185904.87617352034,77486.84758614236,12933.42548222898,95484.603105149
2020-08-13,185433.54891178838,77486.84758614236,12933.42548222898,95013.27584341704
2020-08-14,185911.71952400927,77486.84758614236,12933.42548222898,95491.44645563792
2020-08-17,186004.4964413602,77486.84758614236,12933.42548222898,95584.22337298887
2020-08-18,185939.17080970353,77486.84758614236,12933.42548222898,95518.89774133218
2020-08-19,186522.85832868645,77486.84758614236,12933.42548222898,96102.5852603151
2020-08-20,185602.6595558793,77486.84758614236,12933.42548222898,95182.38648750796
2020-08-21,185108.84614514478,77486.84758614236,12933.42548222898,94688.57307677343
2020-08-24,185121.514036107,77486.84758614236,12933.42548222898,94701.24096773565
2020-08-25,185198.95389984048,77486.84758614236,12933.42548222898,94778.68083146913
2020-08-26,185196.29447202862,77486.84758614236,12933.42548222898,94776.02140365727
2020-08-27,185153.4345270648,77486.84758614236,12933.42548222898,94733.16145869344
2020-08-28,185174.1693810838,77486.84758614236,12933.42548222898,94753.89631271246
2020-08-31,185210.71799566376,77486.84758614236,12933.42548222898,94790.44492729241
2020-09-01,185267.42751362047,77486.84758614236,12933.42548222898,94847.15444524912
2020-09-02,185237.31712222344,77486.84758614236,12933.42548222898,94817.04405385209
2020-09-03,185099.27229503787,77486.84758614236,12933.42548222898,94678.99922666652
2020-09-04,185188.05948400463,77486.84758614236,12933.42548222898,94767.78641563328
2020-09-08,185199.134617346,77486.84758614236,12933.42548222898,94778.86154897464
2020-09-09,185368.8863835776,77486.84758614236,12933.42548222898,94948.61331520625
2020-09-10,185375.4691481731,77486.84758614236,12933.42548222898,94955.19607980177
2020-09-11,185468.57944823767,77486.84758614236,12933.42548222898,95048.30637986632
2020-09-14,185584.0948451358,77486.84758614236,12933.42548222898,95163.82177676447
2020-09-15,185674.8220353563,77486.84758614236,12933.42548222898,95254.54896698496
2020-09-16,185668.76798761904,77486.84758614236,12933.42548222898,95248.49491924769
2020-09-17,185527.28266149282,77486.84758614236,12933.42548222898,95107.00959312147
2020-09-18,185271.80465588544,77486.84758614236,12933.42548222898,94851.5315875141
2020-09-21,185168.42501379352,77486.84758614236,12933.42548222898,94748.15194542217
2020-09-22,185212.1586845162,77486.84758614236,12933.42548222898,94791.88561614486
2020-09-23,185089.15542817477,77486.84758614236,12933.42548222898,94668.88235980342
2020-09-24,185098.01567792392,77486.84758614236,12933.42548222898,94677.74260955257
2020-09-25,185212.4744476959,77486.84758614236,12933.42548222898,94792.20137932454
2020-09-28,185162.02560503467,77486.84758614236,12933.42548222898,94741.75253666332
2020-09-29,185202.48196605232,77486.84758614236,12933.42548222898,94782.20889768098
2020-09-30,185320.40999150078,77486.84758614236,12933.42548222898,94900.13692312944
2020-10-01,185323.3769221747,77486.84758614236,12933.42548222898,94903.10385380336
2020-10-02,185274.49050777114,77486.84758614236,12933.42548222898,94854.2174393998
2020-10-05,185325.7458684399,77486.84758614236,12933.42548222898,94905.47280006856
2020-10-06,185337.92109916906,77486.84758614236,12933.42548222898,94917.64803079772
2020-10-07,185346.6663897714,77486.84758614236,12933.42548222898,94926.39332140004
2020-10-08,185338.65041541576,77486.84758614236,12933.42548222898,94918.37734704441
2020-10-09,185341.95022879343,77486.84758614236,12933.42548222898,94921.67716042208
2020-10-12,185449.83329647628,77486.84758614236,12933.42548222898,95029.56022810494
2020-10-13,185455.3043305123,77486.84758614236,12933.42548222898,95035.03126214095
2020-10-14,185475.14530565555,77486.84758614236,12933.42548222898,95054.8722372842
2020-10-15,185462.8382976266,77486.84758614236,12933.42548222898,95042.56522925524
2020-10-16,185462.48341746686,77486.84758614236,12933.42548222898,95042.21034909552
2020-10-19,185205.54020002286,77486.84758614236,12933.42548222898,94785.26713165152
2020-10-20,185872.11793713563,77486.84758614236,12933.42548222898,95451.84486876428
2020-10-21,186028.24680356204,77486.84758614236,12933.42548222898,95607.9737351907
2020-10-22,186594.93911724014,77486.84758614236,12933.42548222898,96174.66604886879
2020-10-23,187052.40013668302,77486.84758614236,12933.42548222898,96632.12706831167
2020-10-26,186345.0539952108,77486.84758614236,12933.42548222898,95924.78092683945
2020-10-27,186016.10871583188,77486.84758614236,12933.42548222898,95595.83564746054
2020-10-28,183440.50878835528,77486.84758614236,12933.42548222898,93020.23571998393
2020-10-29,185116.72938992514,77486.84758614236,12933.42548222898,94696.4563215538
2020-10-30,185483.61457527324,77486.84758614236,12933.42548222898,95063.3415069019
2020-11-02,186246.0189253128,77486.84758614236,12933.42548222898,95825.74585694144
2020-11-03,186114.54046219506,77486.84758614236,12933.42548222898,95694.26739382371
2020-11-04,186143.61213316035,77486.84758614236,12933.42548222898,95723.339064789
2020-11-05,185221.04263193498,77486.84758614236,12933.42548222898,94800.76956356363
2020-11-06,185562.9242784601,77486.84758614236,12933.42548222898,95142.65121008875
2020-11-09,185100.42342052737,77486.84758614236,12933.42548222898,94680.15035215602
2020-11-10,184730.24971353507,77486.84758614236,12933.42548222898,94309.97664516373
2020-11-11,185252.6355554195,77486.84758614236,12933.42548222898,94832.36248704814
2020-11-12,184745.1173232071,77486.84758614236,12933.42548222898,94324.84425483574
2020-11-13,184296.86530813004,77486.84758614236,12933.42548222898,93876.5922397587
2020-11-16,184668.55895564763,77486.84758614236,12933.42548222898,94248.28588727629
2020-11-17,184715.16215633077,77486.84758614236,12933.42548222898,94294.88908795943
2020-11-18,185137.20689709496,77486.84758614236,12933.42548222898,94716.93382872362
2020-11-19,185315.39539146342,77486.84758614236,12933.42548222898,94895.12232309207
2020-11-20,185165.8221712642,77486.84758614236,12933.42548222898,94745.54910289287
2020-11-23,185217.04773523088,77486.84758614236,12933.42548222898,94796.77466685954
2020-11-24,185253.91482790804,77486.84758614236,12933.42548222898,94833.6417595367
2020-11-25,185157.36050048622,77486.84758614236,12933.42548222898,94737.08743211487
2020-11-27,185234.3578447766,77486.84758614236,12933.42548222898,94814.08477640525
2020-11-30,185282.51707767963,77486.84758614236,12933.42548222898,94862.24400930828
2020-12-01,185234.07828621182,77486.84758614236,12933.42548222898,94813.80521784048
2020-12-02,184598.11668265902,77486.84758614236,12933.42548222898,94177.84361428767
2020-12-03,184672.7060942097,77486.84758614236,12933.42548222898,94252.43302583834
2020-12-04,184899.09269504424,77486.84758614236,12933.42548222898,94478.81962667289
2020-12-07,184997.3254928548,77486.84758614236,12933.42548222898,94577.05242448347
2020-12-08,184997.09001920966,77486.84758614236,12933.42548222898,94576.81695083831
2020-12-09,184885.90135341382,77486.84758614236,12933.42548222898,94465.62828504248
2020-12-10,184986.98878931452,77486.84758614236,12933.42548222898,94566.71572094318
2020-12-11,185038.08840837644,77486.84758614236,12933.42548222898,94617.8153400051
2020-12-14,185155.37215456448,77486.84758614236,12933.42548222898,94735.09908619314
2020-12-15,185101.5673020276,77486.84758614236,12933.42548222898,94681.29423365626
2020-12-16,185273.1001346145,77486.84758614236,12933.42548222898,94852.82706624316
2020-12-17,185391.24065057968,77486.84758614236,12933.42548222898,94970.96758220834
2020-12-18,185541.53694975132,77486.84758614236,12933.42548222898,95121.26388137997
2020-12-21,185756.22047692852,77486.84758614236,12933.42548222898,95335.94740855717
2020-12-22,185833.5346528656,77486.84758614236,12933.42548222898,95413.26158449426
2020-12-23,185884.3593202982,77486.84758614236,12933.42548222898,95464.08625192684
2020-12-24,185921.7542617967,77486.84758614236,12933.42548222898,95501.48119342537
2020-12-28,185935.13698294398,77486.84758614236,12933.42548222898,95514.86391457263
2020-12-29,185964.71370330162,77486.84758614236,12933.42548222898,95544.44063493027
2020-12-30,185986.95031737012,77486.84758614236,12933.42548222898,95566.67724899878
2020-12-31,186027.825583408,77486.84758614236,12933.42548222898,95607.55251503666
2021-01-04,186026.25047575717,77486.84758614236,12933.42548222898,95605.97740738583
2021-01-05,186051.94295086933,77486.84758614236,12933.42548222898,95631.66988249798
2021-01-06,186049.4513169228,77486.84758614236,12933.42548222898,95629.17824855144
2021-01-07,186025.740489622,77486.84758614236,12933.42548222898,95605.46742125065
2021-01-08,185977.96911497752,77486.84758614236,12933.42548222898,95557.69604660617
2021-01-11,185917.67585733032,77486.84758614236,12933.42548222898,95497.40278895898
2021-01-12,186048.44467301096,77486.84758614236,12933.42548222898,95628.17160463962
2021-01-13,186204.177023932,77486.84758614236,12933.42548222898,95783.90395556064
2021-01-14,186287.52076502691,77486.84758614236,12933.42548222898,95867.24769665557
2021-01-15,186263.06466596632,77486.84758614236,12933.42548222898,95842.79159759497
2021-01-19,186680.6444202516,77486.84758614236,12933.42548222898,96260.37135188025
2021-01-20,186702.9105437816,77486.84758614236,12933.42548222898,96282.63747541024
2021-01-21,186400.39088330243,77486.84758614236,12933.42548222898,95980.11781493109
2021-01-22,186846.8008739754,77486.84758614236,12933.42548222898,96426.52780560404
2021-01-25,186734.72816187225,77486.84758614236,12933.42548222898,96314.4550935009
2021-01-26,187122.70068911032,77486.84758614236,12933.42548222898,96702.42762073898
2021-01-27,185847.77921147796,77486.84758614236,12933.42548222898,95427.50614310661
2021-01-28,186702.45073885412,77486.84758614236,12933.42548222898,96282.17767048278
2021-01-29,186854.34747675003,77486.84758614236,12933.42548222898,96434.07440837868
2021-02-01,187619.41265954974,77486.84758614236,12933.42548222898,97199.13959117839
2021-02-02,188286.3423104718,77486.84758614236,12933.42548222898,97866.06924210046
2021-02-03,188451.76601843827,77486.84758614236,12933.42548222898,98031.49295006692
2021-02-04,188104.88116652414,77486.84758614236,12933.42548222898,97684.60809815279
2021-02-05,188141.0319331718,77486.84758614236,12933.42548222898,97720.75886480045
2021-02-08,187618.18067992118,77486.84758614236,12933.42548222898,97197.90761154983
2021-02-09,187621.76114637975,77486.84758614236,12933.42548222898,97201.4880780084
2021-02-10,187973.057624529,77486.84758614236,12933.42548222898,97552.78455615765
2021-02-11,187812.9884005756,77486.84758614236,12933.42548222898,97392.71533220424
2021-02-12,187248.57620318525,77486.84758614236,12933.42548222898,96828.3031348139
2021-02-16,187265.04867764178,77486.84758614236,12933.42548222898,96844.77560927044
2021-02-17,188031.71485539142,77486.84758614236,12933.42548222898,97611.44178702007
2021-02-18,188231.12995837478,77486.84758614236,12933.42548222898,97810.85689000343
2021-02-19,187761.25200358953,77486.84758614236,12933.42548222898,97340.97893521818
2021-02-22,187690.49101732566,77486.84758614236,12933.42548222898,97270.21794895432
2021-02-23,187694.03795391542,77486.84758614236,12933.42548222898,97273.76488554408
2021-02-24,187610.61736735527,77486.84758614236,12933.42548222898,97190.34429898392
2021-02-25,187315.96197676135,77486.84758614236,12933.42548222898,96895.68890839
2021-02-26,187484.84152940603,77486.84758614236,12933.42548222898,97064.56846103468
2021-03-01,187642.72987467155,77486.84758614236,12933.42548222898,97222.45680630021
2021-03-02,187660.04723831394,77486.84758614236,12933.42548222898,97239.7741699426
2021-03-03,187537.4503473217,77486.84758614236,12933.42548222898,97117.17727895034
2021-03-04,187166.2642811638,77486.84758614236,12933.42548222898,96745.99121279246
2021-03-05,187416.87018353853,77486.84758614236,12933.42548222898,96996.59711516718
2021-03-08,188066.48885839444,77486.84758614236,12933.42548222898,97646.2157900231
2021-03-09,188185.61402994615,77486.84758614236,12933.42548222898,97765.34096157481
2021-03-10,188275.31137873104,77486.84758614236,12933.42548222898,97855.0383103597
2021-03-11,188280.2371451679,77486.84758614236,12933.42548222898,97859.96407679655
2021-03-12,188323.23376221454,77486.84758614236,12933.42548222898,97902.9606938432
2021-03-15,188519.3909907305,77486.84758614236,12933.42548222898,98099.11792235915
2021-03-16,188678.74189391674,77486.84758614236,12933.42548222898,98258.4688255454
2021-03-17,188411.21425860224,77486.84758614236,12933.42548222898,97990.9411902309
2021-03-18,188605.23775953276,77486.84758614236,12933.42548222898,98184.96469116141
2021-03-19,188948.05700722837,77486.84758614236,12933.42548222898,98527.78393885703
2021-03-22,189218.92462879058,77486.84758614236,12933.42548222898,98798.65156041924
2021-03-23,189170.34622058307,77486.84758614236,12933.42548222898,98750.07315221173
2021-03-24,189221.96118390455,77486.84758614236,12933.42548222898,98801.68811553321
2021-03-25,189260.54293222667,77486.84758614236,12933.42548222898,98840.26986385533
2021-03-26,189231.70441384462,77486.84758614236,12933.42548222898,98811.43134547328
2021-03-29,189326.2815568949,77486.84758614236,12933.42548222898,98906.00848852354
2021-03-30,189382.89063825144,77486.84758614236,12933.42548222898,98962.6175698801
2021-03-31,189460.5936441113,77486.84758614236,12933.42548222898,99040.32057573996
2021-04-01,189678.6485740455,77486.84758614236,12933.42548222898,99258.37550567416
2021-04-05,189780.11082965264,77486.84758614236,12933.42548222898,99359.83776128129
2021-04-06,189775.2341308192,77486.84758614236,12933.42548222898,99354.96106244787
2021-04-07,190039.99960413424,77486.84758614236,12933.42548222898,99619.7265357629
2021-04-08,190166.29301966692,77486.84758614236,12933.42548222898,99746.01995129557
2021-04-09,190146.97561497183,77486.84758614236,12933.42548222898,99726.70254660049
2021-04-12,190246.70006802294,77486.84758614236,12933.42548222898,99826.4269996516
2021-04-13,190428.33694403258,77486.84758614236,12933.42548222898,100008.06387566123
2021-04-14,190348.214127364,77486.84758614236,12933.42548222898,99927.94105899264
2021-04-15,190625.01172735717,77486.84758614236,12933.42548222898,100204.73865898582
2021-04-16,190579.47059130005,77486.84758614236,12933.42548222898,100159.1975229287
2021-04-19,189797.4042388182,77486.84758614236,12518.430565046612,99792.12608762924
2021-04-20,189672.12021791702,77486.84758614236,12305.94996273634,99879.32266903832
2021-04-21,189600.82175704383,77486.84758614236,11981.735781061347,100132.23838984012
2021-04-22,189191.55211113452,77486.84758614236,11493.252900270629,100211.45162472152
2021-04-23,188949.40759975265,77486.84758614236,10813.82412384206,100648.73588976823
2021-04-26,189046.3855583471,77486.84758614236,10600.539657767047,100958.99831443769
2021-04-27,189149.37607404415,77486.84758614236,10693.551948458538,100968.97653944325
2021-04-28,188653.67214446014,77486.84758614236,10408.142403170583,100758.6821551472
2021-04-29,187910.17949108488,77486.84758614236,9740.034244811977,100683.29766013054
2021-04-30,187329.73834822676,77486.84758614236,8600.232353968313,101242.65840811608
2021-05-03,187858.137291415,77486.84758614236,9403.438435660326,100967.85126961232
2021-05-04,188714.20582784305,77486.84758614236,10555.167304877075,100672.19093682361
2021-05-05,189140.18291622982,77486.84758614236,11068.183523904067,100585.15180618339
2021-05-06,190243.934344018,77486.84758614236,11861.002534469473,100896.08422340616
2021-05-07,189674.32062635466,77486.84758614236,11459.697746945196,100727.7752932671
2021-05-10,187678.56378891156,77486.84758614236,10947.714393362869,99244.00180940633
2021-05-11,187033.22560979787,77486.84758614236,9666.635399205727,99879.74262444978
2021-05-12,181460.98658708145,77486.84758614236,6151.498375973548,97822.64062496554
2021-05-13,183762.31703254522,77486.84758614236,8065.059706071508,98210.40974033135
2021-05-14,188022.20520427683,77486.84758614236,11273.095788820414,99262.26182931405
2021-05-17,188301.8416573836,77486.84758614236,11020.18588413694,99794.8081871043
2021-05-18,188418.22105608613,77486.84758614236,10943.613039529766,99987.760430414
2021-05-19,189536.64781628828,77486.84758614236,11180.809394887881,100868.99083525804
2021-05-20,190233.00376309897,77486.84758614236,10891.957209701417,101854.19896725519
2021-05-21,190198.27380738326,77486.84758614236,11093.098219042295,101618.3280021986
2021-05-24,190217.88666663074,77486.84758614236,11093.098219042295,101637.94086144608
2021-05-25,190213.433881404,77486.84758614236,11093.098219042295,101633.48807621934
2021-05-26,190191.73656298185,77486.84758614236,11093.098219042295,101611.7907577972
2021-05-27,190208.61421730823,77486.84758614236,11093.098219042295,101628.66841212357
2021-05-28,190039.33732213418,77486.84758614236,11093.098219042295,101459.39151694952
2021-06-01,190140.1081912428,77486.84758614236,11093.098219042295,101560.16238605813
2021-06-02,190302.77646825963,77486.84758614236,11093.098219042295,101722.83066307497
2021-06-03,190502.24468825723,77486.84758614236,11093.098219042295,101922.29888307257
2021-06-04,190321.9079741853,77486.84758614236,11093.098219042295,101741.96216900065
2021-06-07,190266.69927907747,77486.84758614236,11093.098219042295,101686.75347389281
2021-06-08,190301.05286968255,77486.84758614236,11093.098219042295,101721.10706449789
2021-06-09,190476.16283192637,77486.84758614236,11093.098219042295,101896.21702674171
2021-06-10,190375.13515949214,77486.84758614236,11093.098219042295,101795.18935430748
2021-06-11,190375.470462656,77486.84758614236,11093.098219042295,101795.52465747134
2021-06-14,190185.04720464104,77486.84758614236,11093.098219042295,101605.10139945638
2021-06-15,190307.69450133585,77486.84758614236,11093.098219042295,101727.74869615119
2021-06-16,190162.7141819318,77486.84758614236,11093.098219042295,101582.76837674715
2021-06-17,190003.5702297854,77486.84758614236,11093.098219042295,101423.62442460074
2021-06-18,189963.05394356663,77486.84758614236,11093.098219042295,101383.10813838197
2021-06-21,187909.14939453255,77486.84758614236,8924.02580900502,101498.27599938517
2021-06-22,187721.77683866944,77486.84758614236,8713.685136745567,101521.2441157815
2021-06-23,188621.51682700112,77486.84758614236,9544.982683100388,101589.68655775837
2021-06-24,189862.82856768765,77486.84758614236,10922.785898160888,101453.1950833844
2021-06-25,187854.93877977808,77486.84758614236,10390.828944196692,99977.26224943902
2021-06-28,188997.98626301053,77486.84758614236,11156.975549809053,100354.16312705912
2021-06-29,189064.37390607724,77486.84758614236,11425.890515290084,100151.63580464479
2021-06-30,189618.91342275043,77486.84758614236,11834.314919466502,100297.75091714156
2021-07-01,186698.94581009506,77486.84758614236,9184.699379289872,100027.39884466282
2021-07-02,185056.9705282239,77486.84758614236,7605.525572176906,99964.59736990463
2021-07-06,185257.31791901193,77486.84758614236,7499.300775675802,100271.16955719376
2021-07-07,185362.78237368295,77486.84758614236,7572.563951137592,100303.37083640299
2021-07-08,185800.1510301109,77486.84758614236,8148.187949260231,100165.1154947083
2021-07-09,182979.28396548086,77486.84758614236,5430.439878836158,100061.99650050234
2021-07-12,180365.38065350684,77486.84758614236,2921.3844269949477,99957.14864036953
2021-07-13,180123.49910172005,77486.84758614236,2642.362304515904,99994.28921106178
2021-07-14,180901.51926258882,77486.84758614236,3450.2100896739867,99964.46158677246
2021-07-15,180574.96422192152,77486.84758614236,3731.8341842286754,99356.28245155048
2021-07-16,173068.18585896294,77486.84758614236,-4173.475133546279,99754.81340636685
2021-07-19,171939.0301841785,77486.84758614236,-4589.639884763514,99041.82248279965
2021-07-20,172003.58080619876,77486.84758614236,-5557.533858898794,100074.26707895519
2021-07-21,172682.865307461,77486.84758614236,-5107.163430349901,100303.18115166854
2021-07-22,172299.04031299334,77486.84758614236,-5466.988101157593,100279.18082800857
2021-07-23,170118.34134780732,77486.84758614236,-7792.663476407994,100424.15723807295
2021-07-26,170242.01179945515,77486.84758614236,-8025.5988206393085,100780.7630339521
2021-07-27,170105.07608859497,77486.84758614236,-8052.315162536921,100670.54366498953
2021-07-28,169537.29874426557,77486.84758614236,-8428.594979457674,100479.04613758088
2021-07-29,169760.27810262982,77486.84758614236,-8067.940295616863,100341.37081210432
2021-07-30,170604.3310311702,77486.84758614236,-6885.513972614892,100002.99741764273
2021-08-02,170235.72656828782,77486.84758614236,-6982.073035618174,99730.95201776363
2021-08-03,170864.7025232478,77486.84758614236,-5853.082882236689,99230.93781934213
2021-08-04,170488.3006967716,77486.84758614236,-5238.695829425938,98240.14894005517
2021-08-05,171156.75148766814,77486.84758614236,-5901.158663498936,99571.06256502471
2021-08-06,172273.53147357143,77486.84758614236,-5263.730926853605,100050.41481428267
2021-08-09,172305.63803367794,77486.84758614236,-5611.1372760845115,100429.92772362009
2021-08-10,172742.1715219397,77486.84758614236,-4605.842317781295,99861.16625357862
2021-08-11,173772.47443058912,77486.84758614236,-3722.0167624495225,100007.64360689628
2021-08-12,174724.97536035336,77486.84758614236,-2853.0665917057777,100091.19436591677
2021-08-13,173580.31404592388,77486.84758614236,-3707.663925571949,99801.13038535346
2021-08-16,173127.0939648964,77486.84758614236,-4537.009713905165,100177.2560926592
2021-08-17,174349.7150682701,77486.84758614236,-2825.9796695882687,99688.847151716
2021-08-18,171284.50067038066,77486.84758614236,-5721.384401340503,99519.0374855788
2021-08-19,174596.7148847801,77486.84758614236,-2346.2595908658113,99456.12688950356
2021-08-20,179994.74000826164,77486.84758614236,3133.580338040483,99374.31208407879
2021-08-23,181121.0698029165,77486.84758614236,4055.110721937497,99579.11149483663
2021-08-24,180705.16046760394,77486.84758614236,3506.5896568789613,99711.72322458262
2021-08-25,180695.67811974604,77486.84758614236,3544.139044878306,99664.69148872537
2021-08-26,180112.77359031152,77486.84758614236,2939.4032913866686,99686.52271278249
2021-08-27,179785.7962584179,77486.84758614236,2483.080506492639,99815.86816578289
2021-08-30,179837.2043192588,77486.84758614236,2319.293246051413,100031.06348706502
2021-08-31,180167.27312367677,77486.84758614236,2669.9599990980932,100010.46553843631
2021-09-01,180649.0352297452,77486.84758614236,3204.9568603393855,99957.23078326345
2021-09-02,179206.0654490207,77486.84758614236,1735.2336792069254,99983.98418367142
2021-09-03,180083.30836977623,77486.84758614236,2651.2059955236036,99945.25478811027
2021-09-07,179895.3180958993,77486.84758614236,2370.506919763633,100037.9635899933
2021-09-08,180527.09522912302,77486.84758614236,3024.6855616741814,100015.56208130647
2021-09-09,180463.92820971238,77486.84758614236,3002.5585606930545,99974.52206287696
2021-09-10,179321.767190316,77486.84758614236,1973.9933469977695,99860.92625717586
2021-09-13,179216.725911194,77486.84758614236,1471.9090438468847,100257.96928120474
2021-09-14,180007.72847980703,77486.84758614236,2177.417035559658,100343.46385810501
2021-09-15,180176.3034402656,77486.84758614236,2251.340497212019,100438.1153569112
2021-09-16,180059.61797246942,77486.84758614236,2141.29363024584,100431.47675608122
2021-09-17,178560.63602576358,77486.84758614236,612.3699462208897,100461.41849340033
2021-09-20,178123.50751707377,77486.84758614236,373.91120832343586,100262.74872260797
2021-09-21,177341.368203806,77486.84758614236,-480.3872928356286,100334.90791049926
2021-09-22,177524.8627957726,77486.84758614236,-456.81261701358017,100494.82782664383
2021-09-23,179337.18331773172,77486.84758614236,1286.3616924822563,100563.9740391071
2021-09-24,180502.5930235287,77486.84758614236,2241.3157003714005,100774.42973701493
2021-09-27,181139.84394801967,77486.84758614236,2931.9703874120023,100721.0259744653
2021-09-28,180051.16556240397,77486.84758614236,2064.8366410377203,100499.48133522389
2021-09-29,180406.819007062,77486.84758614236,2340.0295719980495,100579.94184892159
2021-09-30,177200.77645158244,77486.84758614236,-786.1250480950112,100500.05391353508
2021-10-01,180223.3144260156,77486.84758614236,2049.2962686240207,100687.17057124921
2021-10-04,179757.21803654614,77486.84758614236,1557.7098401843105,100712.66061021946
2021-10-05,179672.1141467488,77486.84758614236,1271.5209469853435,100913.74561362108
2021-10-06,179287.9826523834,77486.84758614236,951.1200396528002,100850.01502658823
2021-10-07,178754.36961107468,77486.84758614236,318.38454911415465,100949.13747581816
2021-10-08,178615.76021859527,77486.84758614236,141.0030482817674,100987.90958417114
2021-10-11,177430.3917111829,77486.84758614236,-1085.856262709247,101029.40038774977
2021-10-12,177693.88396001828,77486.84758614236,-748.6509940956021,100955.68736797152
2021-10-13,178526.8561565145,77486.84758614236,-115.26681051380001,101155.27538088593
2021-10-14,178870.72337925015,77486.84758614236,231.18844347889535,101152.68734962889
2021-10-15,177732.89727742493,77486.84758614236,-995.664646543446,101241.71433782601
2021-10-18,177539.54416091403,77486.84758614236,-1186.6405700690811,101239.33714484074
2021-10-19,177073.98601148336,77486.84758614236,-1921.1338616536232,101508.27228699462
2021-10-20,175468.79761279584,77486.84758614236,-3403.1237507597543,101385.07377741323
2021-10-21,175155.7707862223,77486.84758614236,-3392.4479947849177,101061.37119486486
2021-10-22,175048.12340754154,77486.84758614236,-3280.7865181795787,100842.06233957876
2021-10-25,175779.15742697823,77486.84758614236,-2989.4392302753404,101281.7490711112
2021-10-26,174267.6733815074,77486.84758614236,-3926.93604293745,100707.76183830248
2021-10-27,175635.3638494733,77486.84758614236,-2916.683982656221,101065.20024598716
2021-10-28,174976.2605556189,77486.84758614236,-3621.4989618111867,101110.91193128773
2021-10-29,175426.63388898817,77486.84758614236,-3463.8235403354047,101403.60984318121
2021-11-01,176417.78765331174,77486.84758614236,-3017.4753876012983,101948.41545477067
2021-11-02,175879.02362462343,77486.84758614236,-3420.4995712621603,101812.67560974322
2021-11-03,175280.82784486224,77486.84758614236,-3913.6304218097357,101707.61068052961
2021-11-04,179399.74796659104,77486.84758614236,-239.2670659974683,102152.16744644614
2021-11-05,181219.16484414018,77486.84758614236,2306.1127491123043,101426.20450888551
2021-11-08,181539.1662738124,77486.84758614236,2096.6066916926065,101955.71199597744
2021-11-09,181614.24229849456,77486.84758614236,2283.1429363260977,101844.2517760261
2021-11-10,180214.64977551613,77486.84758614236,1385.9660484282067,101341.83614094555
2021-11-11,180848.69448783738,77486.84758614236,2021.8740680075716,101339.97283368744
2021-11-12,181163.92257261393,77486.84758614236,1892.5001318505965,101784.57485462097
2021-11-15,181596.40998569818,77486.84758614236,1862.571368728648,102246.99103082716
2021-11-16,181771.7529771427,77486.84758614236,1961.0730841298355,102323.83230687049
2021-11-17,181403.45380971138,77486.84758614236,1722.2503551971167,102194.3558683719
2021-11-18,181924.46256777027,77486.84758614236,2770.9082823562203,101666.70669927169
2021-11-19,181871.72416125855,77486.84758614236,2019.084861094947,102365.79171402124
2021-11-22,181601.81448052276,77486.84758614236,1712.937745604082,102402.02914877632
2021-11-23,182935.39288597985,77486.84758614236,3100.822805177537,102347.72249465995
2021-11-24,182880.4890371348,77486.84758614236,2901.2449039664352,102492.396547026
2021-11-26,186219.01554965496,77486.84758614236,6601.887231000117,102130.28073251247
2021-11-29,188642.26266671147,77486.84758614236,8887.800300255534,102267.61478031357
2021-11-30,189108.15961893753,77486.84758614236,9566.39026363485,102054.92176916031
2021-12-01,189541.09520379547,77486.84758614236,10685.272160769673,101368.97545688343
2021-12-02,189375.79929113726,77486.84758614236,10325.145600457327,101563.80610453757
2021-12-03,190954.19959582237,77486.84758614236,12065.444529954693,101401.90747972531
2021-12-06,192646.6769266748,77486.84758614236,13503.1521946711,101656.67714586132
2021-12-07,191010.08646557352,77486.84758614236,12036.177120774868,101487.06175865629
2021-12-08,190601.96581458265,77486.84758614236,11672.809515226982,101442.30871321331
2021-12-09,190873.88077880745,77486.84758614236,11853.37393672578,101533.6592559393
2021-12-10,190590.87925148173,77486.84758614236,12074.339846706716,101029.69181863265
2021-12-13,191237.5944884104,77486.84758614236,12163.850068220054,101586.89683404798
2021-12-14,190991.7851014929,77486.84758614236,11995.932419788325,101509.0050955622
2021-12-15,190371.83062094415,77486.84758614236,12151.415540731628,100733.56749407016
2021-12-16,190547.95621183293,77486.84758614236,12509.755198218045,100551.35342747252
2021-12-17,191193.57413739618,77486.84758614236,12527.852272706572,101178.87427854724
2021-12-20,191088.55849323026,77486.84758614236,12527.852272706572,101073.85863438132
2021-12-21,191459.72597493907,77486.84758614236,12527.852272706572,101445.02611609013
2021-12-22,191521.83491721423,77486.84758614236,12527.852272706572,101507.1350583653
2021-12-23,191560.75806259178,77486.84758614236,12527.852272706572,101546.05820374284
2021-12-27,191552.48561753775,77486.84758614236,12527.852272706572,101537.78575868881
2021-12-28,191590.3142319494,77486.84758614236,12527.852272706572,101575.61437310046
2021-12-29,191580.51062433003,77486.84758614236,12527.852272706572,101565.81076548109
2021-12-30,191597.14331063442,77486.84758614236,12527.852272706572,101582.44345178548
2021-12-31,191636.28132623155,77486.84758614236,12527.852272706572,101621.58146738261
2022-01-03,191603.40383250592,77486.84758614236,12527.852272706572,101588.70397365699
2022-01-04,191511.6980792312,77486.84758614236,12527.852272706572,101496.99822038226
2022-01-05,191167.18318947847,77486.84758614236,12527.852272706572,101152.48333062953
2022-01-06,191201.08799154055,77486.84758614236,12527.852272706572,101186.38813269162
2022-01-07,190803.4767659353,77486.84758614236,12527.852272706572,100788.77690708637
2022-01-10,190481.7606432545,77486.84758614236,12527.852272706572,100467.06078440556
2022-01-11,190552.93403305532,77486.84758614236,12527.852272706572,100538.23417420639
2022-01-12,190617.4531344159,77486.84758614236,12527.852272706572,100602.75327556697
2022-01-13,190304.91096794698,77486.84758614236,12527.852272706572,100290.21110909805
2022-01-14,190082.40069186292,77486.84758614236,12527.852272706572,100067.70083301398
2022-01-18,189906.63208985864,77486.84758614236,12527.852272706572,99891.9322310097
2022-01-19,189788.44043383445,77486.84758614236,12527.852272706572,99773.74057498551
2022-01-20,189728.12884441577,77486.84758614236,12527.852272706572,99713.42898556683
2022-01-21,189851.2290788521,77486.84758614236,12527.852272706572,99836.52922000317
2022-01-24,188999.62654033513,77486.84758614236,12527.852272706572,98984.92668148619
2022-01-25,189578.8087084978,77486.84758614236,12527.852272706572,99564.10884964885
2022-01-26,190530.53765961295,77486.84758614236,12527.852272706572,100515.83780076401
2022-01-27,190210.6401662263,77486.84758614236,12527.852272706572,100195.94030737737
2022-01-28,191597.12753760302,77486.84758614236,12527.852272706572,101582.42767875409
2022-01-31,195020.15683262562,77486.84758614236,12527.852272706572,105005.45697377669
2022-02-01,194101.22461702116,77486.84758614236,12527.852272706572,104086.52475817222
2022-02-02,192006.7225511691,77486.84758614236,12527.852272706572,101992.02269232017
2022-02-03,192296.92068492481,77486.84758614236,12527.852272706572,102282.22082607588
2022-02-04,192862.27095789136,77486.84758614236,12527.852272706572,102847.57109904243
2022-02-07,193435.64590095961,77486.84758614236,12527.852272706572,103420.94604211068
2022-02-08,194410.5468135397,77486.84758614236,12527.852272706572,104395.84695469076
2022-02-09,195507.23542433395,77486.84758614236,12527.852272706572,105492.53556548501
2022-02-10,195915.59824945987,77486.84758614236,12527.852272706572,105900.89839061094
2022-02-11,193542.07893921738,77486.84758614236,12527.852272706572,103527.37908036844
2022-02-14,194849.47497811378,77486.84758614236,12527.852272706572,104834.77511926484
2022-02-15,196502.67645650753,77486.84758614236,12527.852272706572,106487.97659765859
2022-02-16,196208.04188711592,77486.84758614236,12527.852272706572,106193.34202826698
2022-02-17,196126.38622103143,77486.84758614236,12527.852272706572,106111.68636218249
2022-02-18,196742.71108024847,77486.84758614236,12527.852272706572,106728.01122139953
2022-02-22,197960.07762189815,78731.91473771422,12527.852272706572,106700.31061147735
2022-02-23,199557.01283146208,80519.64056063374,12527.852272706572,106509.51999812177
2022-02-24,200565.30917792395,81001.19732343429,12527.852272706572,107036.25958178309
2022-02-25,197597.18055051495,77441.42795013986,12527.852272706572,107627.90032766853
2022-02-28,198538.01317570964,78363.8905784022,12527.852272706572,107646.27032460086
2022-03-01,198299.84218196408,78519.13194751833,12527.852272706572,107252.85796173918
2022-03-02,198924.04680067557,78690.92674767924,12527.852272706572,107705.26778028975
2022-03-03,200388.27957321308,80068.50773176504,12527.852272706572,107791.91956874146
2022-03-04,204462.56985803787,84198.29756416427,12527.852272706572,107736.42002116702
2022-03-07,209715.63153550494,89214.58502538013,12527.852272706572,107973.19423741824
2022-03-08,210565.6928849544,89609.41237245989,12527.852272706572,108428.42823978793
2022-03-09,211190.74901427794,89859.71287821117,12527.852272706572,108803.1838633602
2022-03-10,212676.8197755511,91229.86796454317,12527.852272706572,108919.09953830135
2022-03-11,214948.7536849873,92981.43651300715,12527.852272706572,109439.46489927359
2022-03-14,215739.13532464416,93121.35194712225,12527.852272706572,110089.93110481533
2022-03-15,214760.42110966332,92621.32330487669,12527.852272706572,109611.24553208007
2022-03-16,213039.30419537541,91022.74959611753,12527.852272706572,109488.70232655131
2022-03-17,207150.0058263985,85816.63301800634,12527.852272706572,108805.52053568559
2022-03-18,209167.35732736462,88657.31835964695,12527.852272706572,107982.1866950111
2022-03-21,209387.23320496338,88657.31835964695,12527.852272706572,108202.06257260987
2022-03-22,209788.0945466801,88657.31835964695,12527.852272706572,108602.92391432659
2022-03-23,209735.26503184089,88657.31835964695,12527.852272706572,108550.09439948737
2022-03-24,210101.88937190967,88657.31835964695,12527.852272706572,108916.71873955615
2022-03-25,210190.86400020262,88657.31835964695,12527.852272706572,109005.6933678491
2022-03-28,210639.02147878357,88657.31835964695,12527.852272706572,109453.85084643005
2022-03-29,210610.01402360643,88657.31835964695,12527.852272706572,109424.84339125291
2022-03-30,210897.51162699447,88657.31835964695,12527.852272706572,109712.34099464095
2022-03-31,211011.07454479067,88657.31835964695,12527.852272706572,109825.90391243715
2022-04-01,211016.0853951529,88657.31835964695,12527.852272706572,109830.9147627994
2022-04-04,211422.09880865598,88657.31835964695,12527.852272706572,110236.92817630246
2022-04-05,211464.77796521783,88657.31835964695,12527.852272706572,110279.60733286431
2022-04-06,211391.95533241122,88657.31835964695,12527.852272706572,110206.7847000577
2022-04-07,211553.37543042027,88657.31835964695,12527.852272706572,110368.20479806676
2022-04-08,211657.43764902046,88657.31835964695,12527.852272706572,110472.26701666694
2022-04-11,211649.88682811265,88657.31835964695,12527.852272706572,110464.71619575913
2022-04-12,211597.997843378,88657.31835964695,12527.852272706572,110412.82721102447
2022-04-13,211614.52796113747,88657.31835964695,12527.852272706572,110429.35732878395
2022-04-14,211226.27581735863,88657.31835964695,12527.852272706572,110041.10518500512
2022-04-18,211524.25535962335,88657.31835964695,12527.852272706572,110339.08472726983
2022-04-19,211885.57228957373,88657.31835964695,12527.852272706572,110700.40165722021
2022-04-20,211282.8621913537,88657.31835964695,12527.852272706572,110097.69155900017
2022-04-21,210628.21130468277,88657.31835964695,12527.852272706572,109443.04067232925
2022-04-22,209685.0855160989,88657.31835964695,12527.852272706572,108499.91488374537
2022-04-25,210055.70100233937,88657.31835964695,12527.852272706572,108870.53036998585
2022-04-26,209712.45728254947,88657.31835964695,12527.852272706572,108527.28665019595
2022-04-27,210850.202564643,88657.31835964695,12527.852272706572,109665.03193228948
2022-04-28,211959.34265593882,88657.31835964695,12527.852272706572,110774.1720235853
2022-04-29,210873.33376454725,88657.31835964695,12527.852272706572,109688.16313219373
2022-05-02,211558.46336285118,88657.31835964695,12527.852272706572,110373.29273049766
2022-05-03,211984.42549531534,88657.31835964695,12527.852272706572,110799.25486296182
2022-05-04,211698.6251527688,88657.31835964695,12527.852272706572,110513.45452041528
2022-05-05,212383.46386466944,88657.31835964695,12527.852272706572,111198.29323231592
2022-05-06,212292.0307175822,88657.31835964695,12527.852272706572,111106.86008522869
2022-05-09,212265.96336930478,88657.31835964695,12527.852272706572,111080.79273695126
2022-05-10,213153.29913004837,88657.31835964695,12527.852272706572,111968.12849769485
2022-05-11,212693.84849895583,88657.31835964695,12527.852272706572,111508.67786660232
2022-05-12,213043.16387915355,88657.31835964695,12527.852272706572,111857.99324680003
2022-05-13,214313.50633917935,88657.31835964695,12527.852272706572,113128.33570682583
2022-05-16,214270.18908441928,88657.31835964695,12527.852272706572,113085.01845206576
2022-05-17,214274.47560697095,88657.31835964695,12527.852272706572,113089.30497461744
2022-05-18,215250.36856329208,88657.31835964695,12527.852272706572,114065.19793093856
2022-05-19,215531.67775462358,88657.31835964695,12527.852272706572,114346.50712227006
2022-05-20,216292.64657378686,88657.31835964695,12527.852272706572,115107.47594143334
2022-05-23,212947.07038643304,84831.13817698532,12527.852272706572,115588.07993674115
2022-05-24,215756.49237020174,87832.33332083886,12527.852272706572,115396.3067766563
2022-05-25,214272.80030037812,86107.50065483595,12527.852272706572,115637.4473728356
2022-05-26,211296.48261945182,83477.76973805367,12527.852272706572,115290.86060869158
2022-05-27,208942.76090617897,81495.82897374942,12527.852272706572,114919.07965972298
2022-05-31,208967.9544908253,80976.16100488487,12527.852272706572,115463.94121323386
2022-06-01,208779.03795183706,80903.53950411407,12527.852272706572,115347.64617501642
2022-06-02,209805.7729200942,82770.36330875778,12527.852272706572,114507.55733862985
2022-06-03,208358.83935322356,80907.0196558875,12527.852272706572,114923.96742462949
2022-06-06,208683.67743985262,80588.89136477676,12527.852272706572,115566.93380236928
2022-06-07,209327.0380960477,81137.71865310706,12527.852272706572,115661.46717023407
2022-06-08,208472.41606847546,80185.55689380411,12527.852272706572,115759.00690196478
2022-06-09,206732.42687388672,79460.33616429032,12527.852272706572,114744.23843688983
2022-06-10,206907.18329391885,80126.31067175814,12527.852272706572,114253.02034945413
2022-06-13,200817.286276686,76808.58777338592,12527.852272706572,111480.84623059351
2022-06-14,202878.58489509486,78571.08273808612,12527.852272706572,111779.64988430217
2022-06-15,204398.8007412972,79957.32198454277,12527.852272706572,111913.62648404785
2022-06-16,210063.4647454461,85179.31402055733,12527.852272706572,112356.2984521822
2022-06-17,212676.04839046556,87486.95164831751,12527.852272706572,112661.24446944147
2022-06-21,209355.81711634505,84040.62624779833,12527.852272706572,112787.33859584015
2022-06-22,210446.79779550782,85150.7463458702,12527.852272706572,112768.19917693106
2022-06-23,210640.4191300897,85389.78400193923,12527.852272706572,112722.78285544389
2022-06-24,205767.45255910698,80721.17145535257,12527.852272706572,112518.42883104784
2022-06-27,206776.18293856503,81445.43147265236,12527.852272706572,112802.8991932061
2022-06-28,206677.10467563267,81325.63696582778,12527.852272706572,112823.61543709831
2022-06-29,206935.17863029917,81484.306150191,12527.852272706572,112923.0202074016
2022-06-30,207172.9274076221,81829.34630313702,12527.852272706572,112815.72883177851
2022-07-01,207372.91048223618,81922.4347362828,12527.852272706572,112922.62347324681
2022-07-05,205623.0680388012,79716.28080826974,12527.852272706572,113378.93495782488
2022-07-06,205458.44412293728,79466.07083236426,12527.852272706572,113464.52101786644
2022-07-07,205613.84082392603,79338.9978894908,12527.852272706572,113746.99066172866
2022-07-08,205792.0575730377,79426.3644954837,12527.852272706572,113837.84080484742
2022-07-11,203568.05357358698,77137.41324853594,12527.852272706572,113902.78805234446
2022-07-12,203235.06231425493,76877.66214001458,12527.852272706572,113829.54790153378
2022-07-13,202407.26481204992,76093.77802013559,12527.852272706572,113785.63451920776
2022-07-14,203423.09621539642,77306.86445185752,12527.852272706572,113588.37949083233
2022-07-15,200403.9855325285,74163.66879057977,12527.852272706572,113712.46446924214
2022-07-18,200770.31586588337,74163.66879057977,12527.852272706572,114078.79480259703
2022-07-19,200850.3085087128,74163.66879057977,12527.852272706572,114158.78744542645
2022-07-20,200439.823609452,74163.66879057977,12527.852272706572,113748.30254616565
2022-07-21,200417.14253547974,74163.66879057977,12527.852272706572,113725.6214721934
2022-07-22,201445.86969435192,74163.66879057977,12527.852272706572,114754.34863106557
2022-07-25,202018.78351088543,74163.66879057977,12527.852272706572,115327.26244759909
2022-07-26,202383.91524011758,74163.66879057977,12527.852272706572,115692.39417683124
2022-07-27,203261.7092066137,74163.66879057977,12527.852272706572,116570.18814332737
2022-07-28,203482.08257677965,74163.66879057977,12527.852272706572,116790.5615134933
2022-07-29,202226.1694093917,74163.66879057977,12527.852272706572,115534.64834610536
2022-08-01,202431.92732591415,74163.66879057977,12527.852272706572,115740.4062626278
2022-08-02,202065.5729994187,74163.66879057977,12527.852272706572,115374.05193613237
2022-08-03,201350.67933831364,74163.66879057977,12527.852272706572,114659.1582750273
2022-08-04,201170.3765521315,74163.66879057977,12527.852272706572,114478.85548884515
2022-08-05,201792.23829195346,74163.66879057977,12527.852272706572,115100.71722866711
2022-08-08,201928.9214873889,74163.66879057977,12527.852272706572,115237.40042410255
2022-08-09,201964.72024733108,74163.66879057977,12527.852272706572,115273.19918404473
2022-08-10,201352.4177708577,74163.66879057977,12527.852272706572,114660.89670757134
2022-08-11,200847.34093888593,74163.66879057977,12527.852272706572,114155.81987559958
2022-08-12,200384.4742994618,74163.66879057977,12527.852272706572,113692.95323617547
2022-08-15,200789.52053079708,74163.66879057977,12527.852272706572,114097.99946751073
2022-08-16,201119.37296982133,74163.66879057977,12527.852272706572,114427.85190653498
2022-08-17,202178.64602771495,74163.66879057977,12527.852272706572,115487.1249644286
2022-08-18,201938.6474894411,74163.66879057977,12527.852272706572,115247.12642615475
2022-08-19,202166.69229856366,74163.66879057977,12527.852272706572,115475.17123527732
2022-08-22,202149.15227874066,74163.66879057977,12527.852272706572,115457.63121545431
2022-08-23,202158.56823186227,74163.66879057977,12527.852272706572,115467.04716857593
2022-08-24,202191.28036118485,74163.66879057977,12527.852272706572,115499.7592978985
2022-08-25,202278.58987982292,74163.66879057977,12527.852272706572,115587.06881653657
2022-08-26,201984.94547098572,74163.66879057977,12527.852272706572,115293.42440769938
2022-08-29,202129.9710641508,74163.66879057977,12527.852272706572,115438.45000086445
2022-08-30,202283.1261878151,74163.66879057977,12527.852272706572,115591.60512452875
2022-08-31,202422.00190203753,74163.66879057977,12527.852272706572,115730.48083875119
2022-09-01,202557.24305246794,74163.66879057977,12527.852272706572,115865.72198918159
2022-09-02,202611.5867402968,74163.66879057977,12527.852272706572,115920.06567701045
2022-09-06,202720.55306789954,74163.66879057977,12527.852272706572,116029.0320046132
2022-09-07,202896.52349489252,74163.66879057977,12527.852272706572,116205.00243160618
2022-09-08,202936.3739825359,74163.66879057977,12527.852272706572,116244.85291924956
2022-09-09,202995.93057192676,74163.66879057977,12527.852272706572,116304.40950864041
2022-09-12,202846.8102131954,74163.66879057977,12527.852272706572,116155.28914990905
2022-09-13,202534.76837417786,74163.66879057977,12527.852272706572,115843.24731089151
2022-09-14,202010.96500163805,74163.66879057977,12527.852272706572,115319.4439383517
2022-09-15,201855.0696210349,74163.66879057977,12527.852272706572,115163.54855774855
2022-09-16,201574.4586277716,74163.66879057977,12527.852272706572,114882.93756448524
2022-09-19,199868.61362243188,72445.68980239006,12527.852272706572,114895.07154733525
2022-09-20,201228.48757832334,73817.12716600904,12527.852272706572,114883.50813960773
2022-09-21,202579.0708458107,75165.60289302934,12527.852272706572,114885.61568007478
2022-09-22,204792.23221234023,77397.90831706277,12527.852272706572,114866.47162257088
2022-09-23,207523.1800774408,80177.44508765521,12527.852272706572,114817.88271707902
2022-09-26,207976.95086582308,80633.07266478054,12527.852272706572,114816.02592833596
2022-09-27,208125.36347898003,80743.07287580543,12527.852272706572,114854.43833046802
2022-09-28,207089.12750834762,79652.3428401372,12527.852272706572,114908.93239550386
2022-09-29,209089.8730069492,81717.98975790548,12527.852272706572,114844.03097633715
2022-09-30,208073.26234200597,81390.60022675549,12527.852272706572,114154.80984254391
2022-10-03,205777.557832042,79080.05386773893,12527.852272706572,114169.65169159649
2022-10-04,200158.64988051006,73409.19556612126,12527.852272706572,114221.60204168223
2022-10-05,202684.8602601185,75717.56616086094,12527.852272706572,114439.44182655099
2022-10-06,205540.93067135802,78572.2892062238,12527.852272706572,114440.78919242765
2022-10-07,210455.78769589984,83530.33682563016,12527.852272706572,114397.5985975631
2022-10-10,210136.8648149264,83192.52997462987,12527.852272706572,114416.48256758996
2022-10-11,210769.96964760544,83667.8219424698,12527.852272706572,114574.29543242906
2022-10-12,209743.8864483256,82572.07786946697,12527.852272706572,114643.95630615205
2022-10-13,209354.54311670456,82282.1679446802,12527.852272706572,114544.52289931779
2022-10-14,211958.8356739916,84889.38491484616,12527.852272706572,114541.59848643886
2022-10-17,208002.75938111823,80917.40214567678,12527.852272706572,114557.50496273488
2022-10-18,205781.01684378413,78811.49322867999,12527.852272706572,114441.67134239757
2022-10-19,207999.05120859388,81069.73771395348,12527.852272706572,114401.46122193383
2022-10-20,213131.68175313203,86287.33000380057,12527.852272706572,114316.49947662489
2022-10-21,204157.15216107317,77355.74472208344,12527.852272706572,114273.55516628316
2022-10-24,202304.26307146344,75317.64756782167,12527.852272706572,114458.7632309352
2022-10-25,199907.9907964957,72205.92824217095,12527.852272706572,115174.21028161817
2022-10-26,202415.4040082984,74363.2733797268,12527.852272706572,115524.27835586504
2022-10-27,206652.61748841288,79967.06021208945,12527.852272706572,114157.70500361687
2022-10-28,202312.64641519403,75612.32487538946,12527.852272706572,114172.469267098
2022-10-31,202070.60225385195,75382.8493307957,12527.852272706572,114159.90065034968
2022-11-01,201582.86029093852,75908.55589506356,12527.852272706572,113146.45212316839
2022-11-02,202042.03705634922,77929.74477519607,12527.852272706572,111584.44000844657
2022-11-03,204037.92459638393,81642.09053088306,12527.852272706572,109867.98179279431
2022-11-04,204839.281812686,80355.65349019878,12527.852272706572,111955.77604978066
2022-11-07,205680.0154667818,79756.4935814552,12527.852272706572,113395.66961262003
2022-11-08,205384.81105144625,79699.96375353402,12527.852272706572,113156.99502520566
2022-11-09,207648.1388851467,82650.37598901126,12527.852272706572,112469.91062342888
2022-11-10,207828.4384590087,81405.74057379528,12527.852272706572,113894.84561250685
2022-11-11,209320.00571577018,81571.9643719513,12527.852272706572,115220.18907111231
2022-11-14,207594.00943270233,79989.30477418914,12527.852272706572,115076.85238580662
2022-11-15,208247.572399623,80951.82232878078,12527.852272706572,114767.89779813564
2022-11-16,207058.04602848156,78783.3701927173,12527.852272706572,115746.8235630577
2022-11-17,204948.95775907324,78009.62416655128,12527.852272706572,114411.48131981539
2022-11-18,205891.7335465697,79561.23514769971,12527.852272706572,113802.64612616342
2022-11-21,208041.49504602444,81827.29269012786,12527.852272706572,113686.35008319002
2022-11-22,205050.9912401233,78735.98655520147,12527.852272706572,113787.15241221525
2022-11-23,203755.86294925888,77228.91372379824,12527.852272706572,113999.09695275407
2022-11-25,203762.5200575739,77177.4251288015,12527.852272706572,114057.24265606585
2022-11-28,204862.09196578292,78226.3321795878,12527.852272706572,114107.90751348855
2022-11-29,204908.01030211337,78150.8343565925,12527.852272706572,114229.3236728143
2022-11-30,203788.43752274057,77082.13607471786,12527.852272706572,114178.44917531614
2022-12-01,204279.61936080968,77096.76421542582,12527.852272706572,114655.00287267729
2022-12-02,204251.11291144486,77070.57004250167,12527.852272706572,114652.69059623661
2022-12-05,205844.4835421238,78875.37390715908,12527.852272706572,114441.25736225815
2022-12-06,205731.19274580688,78857.17065373855,12527.852272706572,114346.16981936176
2022-12-07,205664.15299727768,79032.11393908085,12527.852272706572,114104.18678549025
2022-12-08,205620.73404307454,79128.18428847333,12527.852272706572,113964.69748189463
2022-12-09,205723.77459448949,78919.67669671401,12527.852272706572,114276.2456250689
2022-12-12,204110.2081268686,76865.94172423054,12527.852272706572,114716.41412993148
2022-12-13,207349.50200889632,79838.83959352924,12527.852272706572,114982.81014266051
2022-12-14,208643.90612595156,81412.79956315481,12527.852272706572,114703.25429009018
2022-12-15,208476.106012044,81306.88169971365,12527.852272706572,114641.37203962379
2022-12-16,209580.53703359445,82605.24359712796,12527.852272706572,114447.44116375991
2022-12-19,209555.67380831647,82605.24359712796,12527.852272706572,114422.57793848193
2022-12-20,209587.50722559448,82605.24359712796,12527.852272706572,114454.41135575995
2022-12-21,209596.4697136439,82605.24359712796,12527.852272706572,114463.37384380936
2022-12-22,209515.40459961095,82605.24359712796,12527.852272706572,114382.30872977641
2022-12-23,209562.40668559284,82605.24359712796,12527.852272706572,114429.3108157583
2022-12-27,209453.38855266012,82605.24359712796,12527.852272706572,114320.29268282559
2022-12-28,209524.8936606003,82605.24359712796,12527.852272706572,114391.79779076576
2022-12-29,209520.72763365903,82605.24359712796,12527.852272706572,114387.6317638245
2022-12-30,209531.00826555956,82605.24359712796,12527.852272706572,114397.91239572503
2023-01-03,209378.46156601957,82605.24359712796,12527.852272706572,114245.36569618504
2023-01-04,209258.95327600045,82605.24359712796,12527.852272706572,114125.85740616592
2023-01-05,209202.47594422894,82605.24359712796,12527.852272706572,114069.3800743944
2023-01-06,209088.35298939818,82605.24359712796,12527.852272706572,113955.25711956364
2023-01-09,209055.78341535805,82605.24359712796,12527.852272706572,113922.68754552351
2023-01-10,209036.621754647,82605.24359712796,12527.852272706572,113903.52588481246
2023-01-11,208993.12219007523,82605.24359712796,12527.852272706572,113860.0263202407
2023-01-12,209036.4399316737,82605.24359712796,12527.852272706572,113903.34406183916
2023-01-13,208996.71246310323,82605.24359712796,12527.852272706572,113863.6165932687
2023-01-17,209035.77242811723,82605.24359712796,12527.852272706572,113902.67655828269
2023-01-18,209008.9380416593,82605.24359712796,12527.852272706572,113875.84217182477
2023-01-19,209091.83669532067,82605.24359712796,12527.852272706572,113958.74082548614
2023-01-20,209112.59169179993,82605.24359712796,12527.852272706572,113979.49582196539
2023-01-23,208305.7263595634,82605.24359712796,11376.576775719412,114323.90598671604
2023-01-24,208471.2362833931,82605.24359712796,11008.425367855933,114857.56731840922
2023-01-25,208081.36963469954,82605.24359712796,10421.582601174712,115054.54343639687
2023-01-26,207760.0410920236,82605.24359712796,9787.474548220052,115367.32294667559
2023-01-27,210847.4188819758,82605.24359712796,12577.329262908315,115664.84602193953
2023-01-30,212259.2231290281,82605.24359712796,13841.56922851957,115812.41030338057
2023-01-31,210559.81472598726,82605.24359712796,11363.486384719028,116591.08474414027
2023-02-01,209670.2529488809,82605.24359712796,10090.858526065247,116974.15082568768
2023-02-02,209206.91978555138,82605.24359712796,13143.421490261215,113458.2546981622
2023-02-03,210974.0167448027,82605.24359712796,12905.58653954952,115463.18660812522
2023-02-06,212129.06673570012,82605.24359712796,12775.497826007544,116748.32531256462
2023-02-07,210793.5894041144,82605.24359712796,11731.772926732316,116456.57288025413
2023-02-08,214379.72154592536,82605.24359712796,14268.927007408813,117505.55094138859
2023-02-09,215786.02456513094,82605.24359712796,16081.07841963484,117099.70254836814
2023-02-10,218313.68297703774,82605.24359712796,16743.026345582446,118965.41303432733
2023-02-13,216036.94039829075,82605.24359712796,14107.025311707519,119324.67148945527
2023-02-14,217844.2296294208,82605.24359712796,15701.096491658478,119537.88954063435
2023-02-15,217247.34923665365,82605.24359712796,15047.382684919517,119594.72295460617
2023-02-16,222340.88978625997,82605.24359712796,19614.146214429755,120121.49997470225
2023-02-17,226744.92241802637,82605.24359712796,23001.707424411667,121137.97139648674
2023-02-21,226767.44539364392,82605.24359712796,23001.707424411667,121160.4943721043
2023-02-22,227058.70103659772,82605.24359712796,23001.707424411667,121451.75001505809
2023-02-23,227209.406162931,82605.24359712796,23001.707424411667,121602.45514139137
2023-02-24,226504.8037403504,82605.24359712796,23001.707424411667,120897.85271881078
2023-02-27,226985.5391797485,82605.24359712796,23001.707424411667,121378.58815820888
2023-02-28,227448.37592121947,82605.24359712796,23001.707424411667,121841.42489967984
2023-03-01,226821.67136744515,82605.24359712796,23001.707424411667,121214.72034590552
2023-03-02,226679.36512782995,82605.24359712796,23001.707424411667,121072.41410629032
2023-03-03,226788.97208980226,82605.24359712796,23001.707424411667,121182.02106826263
2023-03-06,227346.47114386724,82605.24359712796,23001.707424411667,121739.52012232761
2023-03-07,227004.28293215146,82605.24359712796,23001.707424411667,121397.33191061183
2023-03-08,227128.42271945055,82605.24359712796,23001.707424411667,121521.47169791092
2023-03-09,227112.28446432587,82605.24359712796,23001.707424411667,121505.33344278624
2023-03-10,227110.65700830135,82605.24359712796,23001.707424411667,121503.70598676172
2023-03-13,227434.67511921038,82605.24359712796,23001.707424411667,121827.72409767075
2023-03-14,226457.14997047244,82605.24359712796,23001.707424411667,120850.19894893281
2023-03-15,227248.5057332142,82605.24359712796,23001.707424411667,121641.55471167457
2023-03-16,226805.95121889783,82605.24359712796,23001.707424411667,121199.0001973582
2023-03-17,227471.40531574388,82605.24359712796,23001.707424411667,121864.45429420425
2023-03-20,226792.1710940568,81185.03676548717,23001.707424411667,122605.42690415797
2023-03-21,225893.72322278807,79884.94299515011,23001.707424411667,123007.0728032263
2023-03-22,227752.09351051005,81433.42830294021,23001.707424411667,123316.95778315817
2023-03-23,227044.55388596084,81215.57391704223,23001.707424411667,122827.27254450694
2023-03-24,227312.9580723514,81275.37448430597,23001.707424411667,123035.87616363377
2023-03-27,228363.07735347666,81735.97535381466,23001.707424411667,123625.39457525034
2023-03-28,229020.63561186276,82337.35197795462,23001.707424411667,123681.57620949647
2023-03-29,228495.50648094958,81571.30761079607,23001.707424411667,123922.49144574185
2023-03-30,228238.88047294028,81504.34951711516,23001.707424411667,123732.82353141345
2023-03-31,228031.65738419176,81252.49764837162,23001.707424411667,123777.45231140847
2023-04-03,228324.18920454953,81306.3259104637,23001.707424411667,124016.15586967417
2023-04-04,227747.7936195837,81133.19432569691,23001.707424411667,123612.89186947513
2023-04-05,228211.46004491427,81753.92102493765,23001.707424411667,123455.83159556496
2023-04-06,228090.4446445132,81542.73340336955,23001.707424411667,123546.00381673197
2023-04-10,227741.11659380852,80595.51449548616,23001.707424411667,124143.89467391069
2023-04-11,227302.18091422727,80377.06768893404,23001.707424411667,123923.40580088156
2023-04-12,226556.7690166774,79654.33009428461,23001.707424411667,123900.73149798112
2023-04-13,227029.38798236323,80141.28432535427,23001.707424411667,123886.3962325973
2023-04-14,226411.97106390365,79942.69995563407,23001.707424411667,123467.56368385791
2023-04-17,225856.93148191727,79352.34514944768,23001.707424411667,123502.87890805793
2023-04-18,225799.72697218985,79298.69305141713,23001.707424411667,123499.32649636106
2023-04-19,225902.65375864028,79148.54092540778,23001.707424411667,123752.40540882084
2023-04-20,225290.88745674037,77646.7034351367,23001.707424411667,124642.476597192
2023-04-21,224996.18155678676,77586.723107473,23001.707424411667,124407.7510249021
2023-04-24,224164.45660759357,77586.723107473,21430.938342000474,125146.7951581201
2023-04-25,223427.09918680927,77586.723107473,21976.435759600718,123863.94031973556
2023-04-26,222729.43760711327,77586.723107473,21639.427555742906,123503.28694389737
2023-04-27,223965.8461710828,77586.723107473,22200.216200262425,124178.9068633474
2023-04-28,223774.88056411245,77586.723107473,20792.1017414371,125396.05571520235
2023-05-01,224744.62898289075,77586.723107473,20989.653450572747,126168.252424845
2023-05-02,225154.77733319637,77586.723107473,22072.198311534128,125495.85591418925
2023-05-03,224499.5468214989,77586.723107473,22239.164736359962,124673.65897766594
2023-05-04,223585.13091305573,77586.723107473,22083.810766272945,123914.5970393098
2023-05-05,226672.6769586492,77586.723107473,22565.62188049173,126520.33197068446
2023-05-08,227229.0508132854,77586.723107473,22736.518776436104,126905.8089293763
2023-05-09,227775.64378860325,77586.723107473,22908.835302358377,127280.08537877188
2023-05-10,228769.18098848627,77586.723107473,24492.97464904061,126689.48323197267
2023-05-11,228924.37054015056,77586.723107473,26469.504497180576,124868.14293549699
2023-05-12,229502.6204018495,77586.723107473,26521.464836874045,125394.43245750247
2023-05-15,230501.18781329528,77586.723107473,26138.41857019905,126776.04613562324
2023-05-16,228358.75732347614,77586.723107473,26233.148228880134,124538.88598712301
2023-05-17,229869.2582591935,77586.723107473,27623.094525313936,124659.44062640658
2023-05-18,231130.47070867242,77586.723107473,30117.66682465421,123426.08077654522
2023-05-19,230174.06330099457,77586.723107473,29333.095686637913,123254.24450688367
2023-05-22,230563.1894174848,77586.723107473,29675.434555585613,123301.03175442619
2023-05-23,231575.95434153907,77586.723107473,30547.04605914408,123442.185174922
2023-05-24,231122.36608492257,77586.723107473,30190.64438029169,123344.99859715789
2023-05-25,236931.45021323988,77586.723107473,36161.12739079504,123183.59971497185
2023-05-26,242624.775782865,77586.723107473,41751.28865617467,123286.76401921734
2023-05-30,243079.49753919884,77586.723107473,42210.62637309462,123282.14805863122
2023-05-31,243941.96791742335,77586.723107473,43095.29221995466,123259.9525899957
2023-06-01,243970.86440837197,77586.723107473,42475.88079758617,123908.2605033128
2023-06-02,242963.27452030277,77586.723107473,41091.77921069192,124284.77220213786
2023-06-05,242898.78905840183,77586.723107473,40803.2960870323,124508.76986389654
2023-06-06,243356.43352198496,77586.723107473,41237.12869992142,124532.58171459055
2023-06-07,244740.12287850154,77586.723107473,42548.15928139596,124605.24048963259
2023-06-08,244671.56078531337,77586.723107473,42322.06491441489,124762.77276342548
2023-06-09,244802.54166558967,77586.723107473,42570.714148633415,124645.10440948326
2023-06-12,242973.53659519833,77586.723107473,41246.35980292759,124140.45368479774
2023-06-13,243697.83974484447,77586.723107473,41918.97885212721,124192.13778524427
2023-06-14,244997.05531441,77586.723107473,43383.050084523624,124027.2821224134
2023-06-15,243536.23631113803,77586.723107473,42276.191688086954,123673.32151557808
2023-06-16,236754.7712409763,77586.723107473,35127.895742508,124040.1523909953
2023-06-20,236861.44439687452,77586.723107473,35213.624929560465,124061.09635984106
2023-06-21,234883.33458541706,77586.723107473,33189.29739974672,124107.31407819735
2023-06-22,235813.05904435855,77586.723107473,34017.43025393807,124208.90568294749
2023-06-23,234916.91773682693,77586.723107473,33301.23163810489,124028.96299124905
2023-06-26,234054.64757118304,77586.723107473,32393.43636273197,124074.48810097808
2023-06-27,234608.64133489167,77586.723107473,32882.230129329604,124139.68809808907
2023-06-28,234649.67328995,77586.723107473,32895.76581204869,124167.18437042832
2023-06-29,234607.75095033913,77586.723107473,32725.91336979752,124295.11447306862
2023-06-30,233673.8760025883,77586.723107473,31653.629780283896,124433.52311483142
2023-07-03,233942.74459044007,77586.723107473,31914.230387982912,124441.79109498416
2023-07-05,233908.63024896325,77586.723107473,31979.404354713275,124342.50278677698
2023-07-06,233099.50062860735,77586.723107473,31264.373546470888,124248.40397466347
2023-07-07,232434.92205212684,77586.723107473,30653.11104876292,124195.08789589093
2023-07-10,232098.83591154765,77586.723107473,30164.041228955262,124348.0715751194
2023-07-11,233197.87409250776,77586.723107473,31165.757812960655,124445.39317207411
2023-07-12,234405.4384826679,77586.723107473,32350.501161923283,124468.21421327163
2023-07-13,235325.41378280998,77586.723107473,33338.466643289314,124400.22403204767
2023-07-14,235820.70314721693,77586.723107473,33793.36488301703,124440.61515672691
2023-07-17,235658.71311129455,77586.723107473,33568.30863933812,124503.68136448343
2023-07-18,235454.4182982389,77586.723107473,33391.84055895358,124475.85463181231
2023-07-19,236083.30841547716,77586.723107473,33954.04689776432,124542.53841023985
2023-07-20,237275.04863230733,77586.723107473,35361.26313381444,124327.06239101989
2023-07-21,236890.82445375167,77586.723107473,34784.85140349495,124519.24994278373
2023-07-24,237274.65410615283,77586.723107473,34496.86296186468,125191.06803681515
2023-07-25,236646.97338203876,77586.723107473,34049.99260636512,125010.25766820065
2023-07-26,238930.73740893218,77586.723107473,35692.80214732129,125651.2121541379
2023-07-27,239687.10596129054,77586.723107473,36477.714246702264,125622.66860711528
2023-07-28,241896.43639613863,77586.723107473,37989.11700719886,126320.59628146677
2023-07-31,243171.22386455373,77586.723107473,38266.26295395056,127318.23780313018
2023-08-01,243446.57332414703,77586.723107473,38378.54973256972,127481.30048410431
2023-08-02,241839.754948864,77586.723107473,37133.36325880722,127119.66858258378
2023-08-03,240509.08791990113,77586.723107473,36726.5398883014,126195.82492412673
2023-08-04,238830.2322954205,77586.723107473,35590.335093576694,125653.1740943708
2023-08-07,238408.35145045747,77586.723107473,35064.48955210205,125757.13879088243
2023-08-08,239478.68727938994,77586.723107473,36652.36985060712,125239.59432130982
2023-08-09,240811.77087549958,77586.723107473,36876.54567202856,126348.50209599803
2023-08-10,239914.93703384197,77586.723107473,35888.40115389053,126439.81277247844
2023-08-11,240212.20311435568,77586.723107473,36480.90601554583,126144.57399133686
2023-08-14,240159.97073431662,77586.723107473,35630.951346657705,126942.29628018592
2023-08-15,239329.56658862624,77586.723107473,35502.03965785913,126240.80382329412
2023-08-16,239594.0891395579,77586.723107473,35919.80122195603,126087.56481012888
2023-08-17,238035.8807832416,77586.723107473,36180.49668064702,124268.66099512158
2023-08-18,238119.33850066876,77586.723107473,35868.04430716019,124664.57108603558
2023-08-21,237924.52471583814,77586.723107473,35715.86669289332,124621.93491547182
2023-08-22,238515.44929638004,77586.723107473,35964.46186214604,124964.26432676101
2023-08-23,237685.70722980227,77586.723107473,35188.96385193791,124910.02027039137
2023-08-24,237288.36658334685,77586.723107473,34327.070064630825,125374.57341124304
2023-08-25,237379.6048598612,77586.723107473,33949.81488059589,125843.06687179231
2023-08-28,236728.71306498558,77586.723107473,33265.07362241438,125876.91633509821
2023-08-29,233817.16227311594,77586.723107473,30679.837113774614,125550.60205186834
2023-08-30,232717.73033937032,77586.723107473,29735.427052032785,125395.58017986454
2023-08-31,233890.0488350332,77586.723107473,31012.163293784368,125291.16243377584
2023-09-01,234083.90529703884,77586.723107473,31097.443426428596,125399.73876313725
2023-09-05,234106.89562916453,77586.723107473,31089.69966108771,125430.47286060383
2023-09-06,234744.87347018148,77586.723107473,31946.4443471852,125211.70601552329
2023-09-07,235857.60415776505,77586.723107473,33259.577643718454,125011.3034065736
2023-09-08,237231.3324855694,77586.723107473,34408.32163047325,125236.28774762317
2023-09-11,237936.29741584836,77586.723107473,34746.1490258947,125603.42528248066
2023-09-12,239783.079126672,77586.723107473,35788.93969009572,126407.41632910329
2023-09-13,240975.3828253823,77586.723107473,36742.87448100303,126645.78523690626
2023-09-14,240273.33778209833,77586.723107473,35555.68934151146,127130.92533311388
2023-09-15,238754.7459447363,77586.723107473,33105.252098803176,128062.77073846012
2023-09-18,238548.31006903702,77586.723107473,32904.688407637994,128056.89855392603
2023-09-19,238373.6128289122,77586.723107473,32745.296967565082,128041.59275387414
2023-09-20,237876.4106204036,77586.723107473,32250.660550509696,128039.0269624209
2023-09-21,236881.44142887543,77586.723107473,31357.49084426684,127937.2274771356
2023-09-22,236847.6361224599,77586.723107473,31289.405382191646,127971.50763279526
2023-09-25,236838.19891337235,77586.723107473,31276.245076341555,127975.2307295578
2023-09-26,237296.5698165591,77586.723107473,31719.827061753487,127990.0196473326
2023-09-27,237363.11303505837,77586.723107473,31788.744863261934,127987.64506432344
2023-09-28,237091.2234730079,77586.723107473,31464.676494251355,128039.82387128356
2023-09-29,236966.70415083913,77586.723107473,30831.839837127947,128548.14120623819
2023-10-02,237084.1112862497,77586.723107473,30922.352883579442,128575.03529519727
2023-10-03,237407.5275419876,77586.723107473,31243.129384777974,128577.67504973663
2023-10-04,237106.49121131306,77586.723107473,30869.285691520432,128650.48241231963
2023-10-05,237056.96081662504,77586.723107473,30788.31560539943,128681.92210375261
2023-10-06,237292.9581989823,77586.723107473,31014.27644659439,128691.9586449149
2023-10-09,236543.9750694338,77586.723107473,30198.032505400362,128759.21945656044
2023-10-10,235794.30831111432,77586.723107473,29402.462853253353,128805.12235038797
2023-10-11,235898.85246373806,77586.723107473,29506.249860863667,128805.8794954014
2023-10-12,235515.182314069,77586.723107473,29201.481103462167,128726.97810313385
2023-10-13,235369.0379538195,77586.723107473,29147.987758189556,128634.32708815695
2023-10-16,233620.04862283426,77586.723107473,27440.183264721418,128593.14225063985
2023-10-17,233358.02628213866,77586.723107473,27213.48321784567,128557.81995681999
2023-10-18,233447.57106158778,77586.723107473,27460.932844663155,128399.91510945163
2023-10-19,233262.25781260524,77586.723107473,27233.794330097036,128441.74037503521
2023-10-20,235423.7754681122,77586.723107473,29552.276420521084,128284.77594011812
2023-10-23,235069.49110631924,77586.723107473,28150.536127564497,129332.23187128175
2023-10-24,235488.91536113143,77586.723107473,28008.094113982632,129894.0981396758
2023-10-25,233530.25360673864,77586.723107473,26538.690747975023,129404.83975129062
2023-10-26,231956.34271609504,77586.723107473,25323.389818813186,129046.22978980886
2023-10-27,231707.8029263902,77586.723107473,24903.236651057145,129217.84316786006
2023-10-30,232878.46080208372,77586.723107473,24515.506141727674,130776.23155288305
2023-10-31,231884.27308510186,77586.723107473,24192.150105845067,130105.3998717838
2023-11-01,231207.31901170628,77586.723107473,24331.13963963196,129289.45626460132
2023-11-02,229398.5903950478,77586.723107473,22545.937486097915,129265.92980147689
2023-11-03,227505.0219173805,77586.723107473,21621.533975455328,128296.76483445219
2023-11-06,228250.10037435102,77586.723107473,21619.28559764265,129044.09166923538
2023-11-07,228345.18305910646,77586.723107473,21756.671041090158,129001.78891054331
2023-11-08,229050.13672608952,77586.723107473,22204.203867528588,129259.20975108794
2023-11-09,228023.42536125262,77586.723107473,22354.335215921747,128082.36703785788
2023-11-10,229236.74238878884,77586.723107473,22916.532217238797,128733.48706407705
2023-11-13,228838.14151128812,77586.723107473,22439.903574501514,128811.51482931362
2023-11-14,227558.57621229463,77586.723107473,21667.952528245514,128303.90057657612
2023-11-15,228970.66163000232,77586.723107473,22890.23952397704,128493.69899855228
2023-11-16,227117.2425222781,77586.723107473,22657.578277735272,126872.94113706984
2023-11-17,225922.4301005603,77586.723107473,21202.184722527745,127133.52227055957
2023-11-20,225187.26729601226,77586.723107473,20179.278967960738,127421.26522057853
2023-11-21,225318.16166754358,77586.723107473,20020.91302236577,127710.52553770482
2023-11-22,225767.42914453743,77586.723107473,19645.88099847443,128534.82503859
2023-11-24,225569.72628285957,77586.723107473,19425.016079470864,128557.98709591571
2023-11-27,225243.32039654674,77586.723107473,18795.58615382784,128861.0111352459
2023-11-28,225392.20070260612,77586.723107473,19011.867231676006,128793.61036345712
2023-11-29,225420.05343253573,77586.723107473,18786.54819488118,129046.78213018156
2023-11-30,226165.90318691696,77586.723107473,20024.655540111125,128554.52453933284
2023-12-01,226761.1018852353,77586.723107473,20889.315303943702,128285.06347381859
2023-12-04,228167.07821029297,77586.723107473,21944.63893235626,128635.71617046371
2023-12-05,228587.51700966922,77586.723107473,22436.16790427128,128564.62599792494
2023-12-06,228741.67016548652,77586.723107473,22623.394193057786,128531.55286495574
2023-12-07,229725.67540064442,77586.723107473,23010.610392487957,129128.34190068347
2023-12-08,230010.601562283,77586.723107473,23034.892133157235,129388.98632165277
2023-12-11,229334.75834654516,77586.723107473,22970.977135540335,128777.05810353183
2023-12-12,228379.3260431533,77586.723107473,23256.541780908243,127536.06115477206
2023-12-13,226508.4891073017,77586.723107473,21104.403681473574,127817.36231835512
2023-12-14,227508.1783018997,77586.723107473,22272.52204503771,127648.93314938899
2023-12-15,231786.21197861235,77586.723107473,26379.862258877256,127819.6266122621
2023-12-18,231831.99234388513,77586.723107473,26401.050114710815,127844.21912170132
2023-12-19,231996.51573319314,77586.723107473,26403.382734416053,128006.4098913041
2023-12-20,232599.052085776,77586.723107473,27021.712149753817,127990.61682854919
2023-12-21,233438.35909978533,77586.723107473,27835.636233365163,128015.99975894717
2023-12-22,232771.56424298836,77586.723107473,27491.850106287748,127692.99102922762
2023-12-26,233700.689099752,77586.723107473,28336.501469259965,127777.46452301904
2023-12-27,233430.18291574053,77586.723107473,28057.68225753738,127785.77755073016
2023-12-28,234034.50277908065,77586.723107473,28457.309786713566,127990.46988489409
2023-12-29,234060.69648809172,77586.723107473,28431.3242934125,128042.64908720623
2024-01-02,235646.88368481142,77586.723107473,30031.017036434496,128029.14354090393
2024-01-03,235506.09628796694,77586.723107473,30034.046437815996,127885.32674267795
2024-01-04,234486.48482895712,77586.723107473,29127.01286415779,127772.74885732634
2024-01-05,234387.38760463998,77586.723107473,29062.442170622642,127738.22232654435
2024-01-08,236077.10587180837,77586.723107473,30555.606071727234,127934.77669260814
2024-01-09,236476.5139404079,77586.723107473,30984.595973820426,127905.19485911448
2024-01-10,236779.67759023188,77586.723107473,31244.63876312715,127948.31571963173
2024-01-11,237521.79260209587,77586.723107473,31831.74645389209,128103.32304073079
2024-01-12,237713.00533297262,77586.723107473,32342.488814092707,127783.79341140692
2024-01-16,235984.67061168456,77586.723107473,30884.632629643776,127513.31487456779
2024-01-17,234440.52967869735,77586.723107473,29530.39075059595,127323.4158206284
2024-01-18,234600.13958491443,77586.723107473,29872.69669380586,127140.71978363558
2024-01-19,234812.49046827888,77586.723107473,30077.5931802002,127148.17418060568
2024-01-22,233861.9654557705,77586.723107473,28691.646722989623,127583.59562530788
2024-01-23,233558.60948860017,77586.723107473,27794.915617021965,128176.97076410521
2024-01-24,235186.32479175692,77586.723107473,28919.673185326625,128679.9284989573
2024-01-25,233257.30001243332,77586.723107473,28525.312048198306,127145.26485676202
2024-01-26,233264.39754511416,77586.723107473,28412.30411579227,127265.3703218489
2024-01-29,232535.52148837782,77586.723107473,26399.98502281378,128548.81335809105
2024-01-30,232604.66179491405,77586.723107473,27598.84126492089,127419.09742252016
2024-01-31,234759.2716908924,77586.723107473,29166.169029963552,128006.37955345586
2024-02-01,234244.97826421878,77586.723107473,28459.92713403667,128198.32802270912
2024-02-02,233194.38684098423,77586.723107473,28616.817550825886,126990.84618268535
2024-02-05,234343.14153297443,77586.723107473,29378.497388132033,127377.92103736941
2024-02-06,235462.11609252542,77586.723107473,29516.55147559964,128358.84150945279
2024-02-07,234830.85844376602,77586.723107473,28157.833644530852,129086.30169176217
2024-02-08,235091.8242910595,77586.723107473,29763.79404720827,127741.30713637825
2024-02-09,235177.2616596038,77586.723107473,28580.00689186738,129010.53166026343
2024-02-12,235396.73914788675,77586.723107473,27752.479140304145,130057.53690010961
2024-02-13,235411.95478592906,77586.723107473,28723.780833724188,129101.45084473188
2024-02-14,233243.17566940736,77586.723107473,28085.38980015542,127571.06276177894
2024-02-15,234401.6921452171,77586.723107473,29885.985623452696,126928.9834142914
2024-02-16,232089.69210234028,77586.723107473,27940.379161892924,126562.58983297436
2024-02-20,230608.13209624204,77586.723107473,26040.011232398567,126981.39775637048
2024-02-21,230625.1006395783,77586.723107473,25693.633154287352,127344.74437781796
2024-02-22,229123.54542302398,77586.723107473,23631.976507147425,127904.84580840357
2024-02-23,229231.4707375149,77586.723107473,23346.170538330567,128298.57709171134
2024-02-26,230371.86269010918,77586.723107473,24220.2877473674,128564.85183526878
2024-02-27,230861.21293550357,77586.723107473,24388.54243764188,128885.9473903887
2024-02-28,231060.65800812433,77586.723107473,24434.50643478788,129039.42846586346
2024-02-29,231523.67958190967,77586.723107473,24450.19732363033,129486.75915080635
2024-03-01,231823.59620399692,77586.723107473,25378.141890997184,128858.73120552674
2024-03-04,233451.73184255324,77586.723107473,27323.10774674313,128541.90098833712
2024-03-05,232197.61101671646,77586.723107473,25953.24209831527,128657.6458109282
2024-03-06,233188.02919104218,77586.723107473,27151.349895179155,128449.95618839003
2024-03-07,234669.105130877,77586.723107473,28860.43032886635,128221.95169453765
2024-03-08,235500.5081886429,77586.723107473,28397.700239433092,129516.08484173683
2024-03-11,235777.10620120866,77586.723107473,28181.21394068189,130009.16915305378
2024-03-12,236850.27658949664,77586.723107473,30685.705879157525,128577.84760286612
2024-03-13,237601.39217309852,77586.723107473,30994.747734506032,129019.92133111949
2024-03-14,239787.27939204976,77586.723107473,32258.629766554455,129941.92651802232
2024-03-15,241508.55881664285,77586.723107473,34469.75612614129,129452.07958302856
2024-03-18,242069.8617522841,77586.723107473,34750.097130397684,129733.04151441343
2024-03-19,240162.66953805322,77586.723107473,32646.817259415286,129929.12917116494
2024-03-20,239927.47920757218,77586.723107473,32382.432957599754,129958.32314249943
2024-03-21,240487.2155485002,77586.723107473,33850.25943709328,129050.23300393391
2024-03-22,241205.84116227087,77586.723107473,34361.43335391837,129257.6847008795
2024-03-25,242239.70784527913,77586.723107473,36143.67109250312,128509.31364530302
2024-03-26,242456.16758734,77586.723107473,36489.72248521412,128379.72199465288
2024-03-27,242619.64504912298,77586.723107473,36501.33513833524,128531.58680331474
2024-03-28,242887.46797839622,77586.723107473,36524.80964822951,128775.93522269372
2024-04-01,243213.7281941322,77586.723107473,37547.636384062935,128079.36870259629
2024-04-02,242981.70714979642,77586.723107473,37450.53321883106,127944.45082349237
2024-04-03,242381.7275552142,77586.723107473,38283.08489200217,126511.91955573903
2024-04-04,241742.96452268062,77586.723107473,36381.2171464822,127775.02426872542
2024-04-05,243831.36080660822,77586.723107473,38638.299224999384,127606.33847413585
2024-04-08,244189.0123354079,77586.723107473,38863.551922888146,127738.73730504676
2024-04-09,244258.44067054405,77586.723107473,38363.279142419575,128308.43842065148
2024-04-10,242720.0320544953,77586.723107473,37367.70007760706,127765.60886941524
2024-04-11,244563.5936334799,77586.723107473,39289.10493450286,127687.76559150405
2024-04-12,242954.43101360707,77586.723107473,37293.77237484802,128073.93553128606
2024-04-15,238621.60690253566,77586.723107473,32916.63818333286,128118.2456117298
2024-04-16,238300.14866660815,77586.723107473,32753.659071022877,127959.76648811228
2024-04-17,238912.27351544157,77586.723107473,32549.100508272764,128776.44989969581
2024-04-18,239616.83356697392,77586.723107473,32448.360144615406,129581.75031488552
2024-04-19,242375.26543166046,77586.723107473,34191.597453420516,130596.94487076695
2024-04-22,242723.40007301257,77586.723107473,33187.267468817765,131949.4094967218
2024-04-23,242588.9781185789,77586.723107473,33071.62653281819,131930.62847828772
2024-04-24,242631.0605459148,77586.723107473,33032.25941165653,132012.07802678528
2024-04-25,243829.9886735297,77586.723107473,34085.54234604153,132157.72322001518
2024-04-26,244288.5882921971,77586.723107473,34104.61187255103,132597.25331217307
2024-04-29,245839.27380391804,77586.723107473,35609.844555257005,132642.70614118804
2024-04-30,243938.35262612777,77586.723107473,33369.49299800082,132982.13652065396
2024-05-01,242845.99394565902,77586.723107473,32643.889389842865,132615.38144834316
2024-05-02,244249.2066486501,77586.723107473,33990.08276447747,132672.40077669965
2024-05-03,246213.02675868676,77586.723107473,35662.43813086476,132963.865520349
2024-05-06,247059.8177568753,77586.723107473,35654.11158983561,133818.9830595667
2024-05-07,247174.4455707604,77586.723107473,35780.12669560267,133807.59576768475
2024-05-08,247543.9795601326,77586.723107473,35758.06828538305,134199.18816727656
2024-05-09,247176.88325461466,77586.723107473,35371.995782682905,134218.16436445876
2024-05-10,247490.32695597957,77586.723107473,35294.29031392012,134609.31353458646
2024-05-13,248012.89401464397,77586.723107473,34577.999174758326,135848.17173241265
2024-05-14,247760.00079709617,77586.723107473,34778.605093017686,135394.6725966055
2024-05-15,247013.54874114343,77586.723107473,34515.83551019104,134910.9901234794
2024-05-16,247359.80747528002,77586.723107473,35062.099057470914,134710.9853103361
2024-05-17,245406.98510085535,77586.723107473,33304.80230018706,134515.4596931953
2024-05-20,244370.24901292496,77586.723107473,32067.048505588435,134716.47739986354
2024-05-21,245137.79175519187,77586.723107473,32517.215644948767,135033.8530027701
2024-05-22,246343.40806019655,77586.723107473,33608.697009738535,135147.98794298503
2024-05-23,245097.46428916522,77586.723107473,32669.90449491318,134840.83668677905
2024-05-24,246016.5753701852,77586.723107473,33884.90970318124,134544.94255953096
2024-05-28,246213.8125286121,77586.723107473,34844.1197689455,133782.9696521936
2024-05-29,245898.04402396444,77586.723107473,34669.534981682315,133641.78593480913
2024-05-30,244055.27918041428,77586.723107473,34585.325005114544,131883.23106782674
2024-05-31,245365.31611526,77586.723107473,34708.50011308526,133070.09289470175
2024-06-03,244271.16482714517,77586.723107473,34296.890926742926,132387.55079292925
2024-06-04,244125.34169915668,77586.723107473,34128.08131037932,132410.53728130437
2024-06-05,242528.3809830061,77586.723107473,33232.51208339201,131709.1457921411
2024-06-06,243316.88736727613,77586.723107473,33760.488045537495,131969.67621426564
2024-06-07,243927.53659096907,77586.723107473,34060.631272748695,132280.18221074739
2024-06-10,243344.2954297416,77586.723107473,33519.077963014715,132238.4943592539
2024-06-11,244310.62989440665,77586.723107473,34548.86084523017,132175.0459417035
2024-06-12,245751.20020760305,77586.723107473,36819.76836071012,131344.70873941993
2024-06-13,245469.45298138447,77586.723107473,37349.49657203024,130533.23330188124
2024-06-14,245405.88725944818,77586.723107473,37474.29383672727,130344.87031524791
2024-06-17,242940.8458146751,77586.723107473,35219.21803121944,130134.90467598266
2024-06-18,242615.01093756768,77586.723107473,35565.45562035346,129462.83220974123
2024-06-20,243496.9018307951,77586.723107473,35049.81236111105,130860.36636221106
2024-06-21,244448.37539814285,77586.723107473,35469.23979948077,131392.41249118908
2024-06-24,245360.50771817192,77586.723107473,36057.32616791385,131716.45844278508
2024-06-25,245724.32436277112,77586.723107473,36348.00132560055,131789.59992969758
2024-06-26,246866.432776744,77586.723107473,37384.15049255011,131895.5591767209
2024-06-27,248005.38566810673,77586.723107473,38162.660611869185,132256.00194876455
2024-06-28,247790.3206038169,77586.723107473,39226.17911147664,130977.41838486725
2024-07-01,248749.52981125738,77586.723107473,39874.66963315022,131288.13707063417
2024-07-02,249761.47570126108,77586.723107473,41066.437402698444,131108.31519108964
2024-07-03,250386.73616879014,77586.723107473,41613.23298209859,131186.78007921856
2024-07-05,251356.25846072333,77586.723107473,42226.727343988605,131542.80800926173
2024-07-08,250813.81851181132,77586.723107473,41833.501467889175,131393.59393644915
2024-07-09,250519.60370267858,77586.723107473,41941.30913499859,130991.571460207
2024-07-10,249170.2886695813,77586.723107473,40528.53247249941,131055.03308960889
2024-07-11,251008.54321765597,77586.723107473,42606.50569891953,130815.31441126345
2024-07-12,251230.96598404646,77586.723107473,42459.754441551166,131184.4884350223
2024-07-15,248557.4462749177,77586.723107473,40759.64849168516,130211.07467575953
2024-07-16,247596.33526401175,77586.723107473,41498.35750830872,128511.25464823004
2024-07-17,249576.84402819106,77586.723107473,44922.74829601229,127067.37262470578
2024-07-18,249706.00042441254,77586.723107473,44875.93245045282,127243.34486648673
2024-07-19,244718.32222508418,77586.723107473,40159.82585134136,126971.77326626983
2024-07-22,243656.20930202655,77586.723107473,38364.81112567219,127704.67506888136
2024-07-23,242968.19664535928,77586.723107473,38364.8048642287,127016.66867365758
2024-07-24,239669.36880101496,77586.723107473,34862.56959868455,127220.07609485742
2024-07-25,236812.7017806843,77586.723107473,34890.855761065846,124335.12291214545
2024-07-26,238067.22045659076,77586.723107473,35479.313438058714,125001.18391105905
2024-07-29,239558.0817612236,77586.723107473,34992.03010798583,126979.32854576479
2024-07-30,237985.51212965907,77586.723107473,35240.73742094939,125158.05160123669
2024-07-31,240226.42843543133,77586.723107473,34710.04704179615,127929.65828616219
2024-08-01,238205.66075000726,77586.723107473,35441.93923985027,125176.998402684
2024-08-02,234809.56142030156,77586.723107473,37688.02389465354,119534.81441817502
2024-08-05,233728.6347564729,77586.723107473,38724.05868843105,117417.85296056885
2024-08-06,236080.22123684746,77586.723107473,37459.74587591656,121033.7522534579
2024-08-07,233718.60267521965,77586.723107473,37656.04504660738,118475.83452113927
2024-08-08,236243.43206752918,77586.723107473,36388.315256622736,122268.39370343345
2024-08-09,236380.37394071382,77586.723107473,36308.2410048045,122485.40982843633
2024-08-12,235739.56991646613,77586.723107473,35427.551140371594,122725.29566862155
2024-08-13,235004.67979727557,77586.723107473,34996.15400008729,122421.80268971529
2024-08-14,234177.52554491488,77586.723107473,34734.97990801628,121855.82252942561
2024-08-15,236847.39703209593,77586.723107473,35168.25183639245,124092.4220882305
2024-08-16,235169.80833270773,77586.723107473,33315.261887172004,124267.82333806274
2024-08-19,234477.14355139225,77586.723107473,32341.617944774684,124548.80249914457
2024-08-20,234308.5439637202,77586.723107473,32011.585991758504,124710.23486448871
2024-08-21,233041.97017956374,77586.723107473,30936.687274589087,124518.55979750166
2024-08-22,233766.5381087286,77586.723107473,31665.540259409696,124514.2747418459
2024-08-23,232004.21910289826,77586.723107473,29700.658203822444,124716.83779160283
2024-08-26,233005.15715658944,77586.723107473,30889.1564066282,124529.27764248825
2024-08-27,233253.61990552722,77586.723107473,30910.404861448333,124756.49193660589
2024-08-28,233300.89112038596,77586.723107473,31325.339812640217,124388.82820027275
2024-08-29,234243.01782534376,77586.723107473,31429.733396345633,125226.56132152514
2024-08-30,233532.68796270597,77586.723107473,30231.366905646166,125714.59794958681
2024-09-03,232253.7193488042,77586.723107473,30453.754581902293,124213.24165942892
2024-09-04,232175.25456782803,77586.723107473,30668.384087968385,123920.14737238665
2024-09-05,232786.8094043011,77586.723107473,30980.88355416956,124219.20274265856
2024-09-06,229628.33621062047,77586.723107473,28678.425221618847,123363.18788152863
2024-09-09,232231.10285078327,77586.723107473,30329.666896883515,124314.71284642676
2024-09-10,231673.18942431628,77586.723107473,30526.889925031806,123559.57639181148
2024-09-11,232367.31485920004,77586.723107473,30033.517882567132,124747.07386915991
2024-09-12,231486.4416465843,77586.723107473,29339.971138671972,124559.74740043934
2024-09-13,231154.31504612183,77586.723107473,28821.746766080614,124745.84517256822
2024-09-16,228662.27516742842,77586.723107473,27269.051888290327,123806.5001716651
2024-09-17,228655.01692701585,77586.723107473,26918.013937443146,124150.27988209971
2024-09-18,229825.8770898839,77586.723107473,28376.714287766954,123862.43969464395
2024-09-19,230205.4380658057,77586.723107473,27185.654599965783,125433.06035836693
2024-09-20,230433.13890555804,77586.723107473,27789.162327889353,125057.25347019569
2024-09-23,230754.84948297346,77586.723107473,27946.85324328777,125221.2731322127
2024-09-24,231454.1415053762,77586.723107473,28529.783176806057,125337.63522109715
2024-09-25,232894.85975632945,77586.723107473,29929.89707806881,125378.23957078764
2024-09-26,234250.16246742907,77586.723107473,31353.6695877054,125309.76977225067
2024-09-27,233961.78727025492,77586.723107473,30850.18310588319,125524.88105689874
2024-09-30,233330.71472332103,77586.723107473,30162.248289407114,125581.74332644092
2024-10-01,234722.4941814395,77586.723107473,31654.748259896878,125481.02281406964
2024-10-02,235423.54239450395,77586.723107473,32149.127928898437,125687.69135813252
2024-10-03,235199.6597357625,77586.723107473,32149.647541985847,125463.28908630367
2024-10-04,235126.7944358273,77586.723107473,31954.006869483972,125586.06445887033
2024-10-07,235027.4601244952,77586.723107473,31816.080292782746,125624.65672423947
2024-10-08,235340.28923623683,77586.723107473,32052.61614110251,125700.94998766133
2024-10-09,234926.21726017154,77586.723107473,31610.016635846696,125729.47751685185
2024-10-10,235856.59960854473,77586.723107473,32451.748494627187,125818.12800644455
2024-10-11,237041.37108192348,77586.723107473,33657.71716196358,125796.93081248691
2024-10-14,233969.71592871705,77586.723107473,30647.049897223245,125735.94292402081
2024-10-15,236304.55145385978,77586.723107473,33009.53682371555,125708.29152267124
2024-10-16,236224.7818594447,77586.723107473,32867.51977613638,125770.53897583531
2024-10-17,236017.88028537645,77586.723107473,32802.188287483994,125628.96889041946
2024-10-18,233517.5022665155,77586.723107473,30457.03022122872,125473.7489378138
2024-10-21,233455.22544458578,77586.723107473,29910.328016169835,125958.17432094296
2024-10-22,233063.1908037773,77586.723107473,30049.77036025736,125426.69733604696
2024-10-23,233179.5096456866,77586.723107473,29247.804226883338,126344.98231133027
2024-10-24,235141.56189169374,77586.723107473,31456.093882345245,126098.7449018755
2024-10-25,235884.46392598771,77586.723107473,32545.55433531897,125752.18648319575
2024-10-28,235583.3936357263,77586.723107473,31109.234369675396,126887.43615857791
2024-10-29,234603.38503248116,77586.723107473,30728.508635077975,126288.1532899302
2024-10-30,235011.81682715646,77586.723107473,30567.482326953555,126857.61139272992
2024-10-31,236001.13246155495,77586.723107473,31472.86180863192,126941.54754545004
2024-11-01,235522.06932351773,77586.723107473,29500.236442243797,128435.10977380094
2024-11-04,236939.4342183587,77586.723107473,28879.266329832608,130473.44478105311
2024-11-05,235622.15619908844,77586.723107473,28180.584176202654,129854.84891541279
2024-11-06,230377.5530974801,77586.723107473,30299.485199328396,122491.3447906787
2024-11-07,228039.77441599313,77586.723107473,29021.995304405922,121431.05600411422
2024-11-08,228862.1523530495,77586.723107473,29390.675749135902,121884.7534964406
2024-11-11,228647.6073385449,77586.723107473,29862.765847003553,121198.11838406837
2024-11-12,229061.73921013647,77586.723107473,31569.473072262015,119905.54303040146
2024-11-13,229765.44184612727,77586.723107473,32579.348758267122,119599.36998038716
2024-11-14,228898.7606893042,77586.723107473,32452.27892038459,118859.75866144663
2024-11-15,221553.24326360435,77586.723107473,28412.04575572256,115554.4744004088
2024-11-18,221266.290932187,77586.723107473,27619.962935570977,116059.60488914303
2024-11-19,220930.19420701987,77586.723107473,27009.83095449768,116333.6401450492
2024-11-20,220113.58751690364,77586.723107473,26277.291077614995,116249.57333181566
2024-11-21,218586.176370712,77586.723107473,24705.964499764843,116293.48876347416
2024-11-22,219574.7214047683,77586.723107473,25825.49958385364,116162.49871344166
2024-11-25,219035.9031498098,77586.723107473,25019.32314923883,116429.85689309798
2024-11-26,219393.53415031952,77586.723107473,24501.722894748556,117305.08814809797
2024-11-27,220394.8257922522,77586.723107473,25073.597133827046,117734.50555095216
2024-11-29,219858.25278640527,77586.723107473,23835.604961859644,118435.92471707263
2024-12-02,220215.29361811513,77586.723107473,23276.909057659563,119351.66145298257
2024-12-03,221089.6925539954,77586.723107473,23909.376134412596,119593.59331210982
2024-12-04,221504.17980263487,77586.723107473,24715.873284850153,119201.58341031172
2024-12-05,222724.77353877656,77586.723107473,25939.495957475738,119198.55447382783
2024-12-06,225699.6803661323,77586.723107473,28933.96754303982,119178.98971561948
2024-12-09,225233.25489586417,77586.723107473,28252.594292655238,119393.93749573594
2024-12-10,226583.00225243543,77586.723107473,29563.34898305952,119432.93016190291
2024-12-11,229563.18577891937,77586.723107473,31803.582270157058,120172.88040128932
2024-12-12,231505.41399935877,77586.723107473,33460.30006072961,120458.39083115617
2024-12-13,234860.14094631304,77586.723107473,37124.67673995206,120148.74109888799
2024-12-16,239239.61214963137,77586.723107473,41476.04121746775,120176.84782469063
2024-12-17,238829.88005643617,77586.723107473,41226.31159869721,120016.84535026597
2024-12-18,223669.9741362523,77586.723107473,26289.05600089056,119794.19502788875
2024-12-19,225362.13684969407,77586.723107473,29193.955779487384,118581.4579627337
2024-12-20,236354.12907111843,77586.723107473,39043.66043725645,119723.74552638899
2024-12-23,236387.6373356782,77586.723107473,39000.43696407799,119800.47726412723
2024-12-24,235203.31928334804,77586.723107473,37809.865873939125,119806.73030193592
2024-12-26,235199.85356821876,77586.723107473,37663.500491008745,119949.62996973703
2024-12-27,236137.90780372988,77586.723107473,38648.71863681404,119902.46605944284
2024-12-30,235446.72687291214,77586.723107473,37881.33650697069,119978.66725846846
2024-12-31,235706.14623324876,77586.723107473,38051.112318750005,120068.31080702576
2025-01-02,235326.43160723336,77586.723107473,37688.45105358376,120051.2574461766
2025-01-03,235602.28206902975,77586.723107473,37909.00851411489,120106.55044744187
2025-01-06,237682.20132837945,77586.723107473,39876.289574135444,120219.18864677101
2025-01-07,238212.95844756474,77586.723107473,40466.40156725061,120159.83377284114
2025-01-08,238592.18519676814,77586.723107473,40762.53518942825,120242.9268998669
2025-01-10,237582.5063547853,77586.723107473,39684.07279771799,120311.7104495943
2025-01-13,236620.4038282493,77586.723107473,38602.51192171313,120431.16879906319
2025-01-14,236397.66088016576,77586.723107473,38414.01084506663,120396.92692762613
2025-01-15,236025.6346217303,77586.723107473,38549.70797721436,119889.20353704295
2025-01-16,236616.7809642607,77586.723107473,39299.92203877657,119730.13581801113
2025-01-17,237093.11401194555,77586.723107473,39908.677370455465,119597.7135340171
2025-01-21,236879.58187545568,77586.723107473,38438.8766523652,120853.98211561749
2025-01-22,235877.7477972738,77586.723107473,37994.631730255904,120296.3929595449
2025-01-23,233927.1864419874,77586.723107473,36621.44963684294,119719.01369767147
2025-01-24,236106.78276720678,77586.723107473,37492.88251422916,121027.17714550463
2025-01-27,239169.79254403233,77586.723107473,41864.0863637944,119718.98307276494
2025-01-28,240028.8784435409,77586.723107473,41695.880346563994,120746.2749895039
2025-01-29,239515.0181013879,77586.723107473,42229.423642657,119698.8713512579
2025-01-30,238085.84054025437,77586.723107473,41566.99410955922,118932.12332322216
2025-01-31,238073.90654031537,77586.723107473,41243.26830102783,119243.91513181455
2025-02-03,235220.4198972598,77586.723107473,41341.33809846325,116292.35869132355
2025-02-04,235487.16969545616,77586.723107473,42896.13370606105,115004.31288192212
2025-02-05,235946.23548469925,77586.723107473,42907.00716684363,115452.50521038263
2025-02-06,237832.79878138064,77586.723107473,44573.21775056643,115672.85792334122
2025-02-07,237798.6903953238,77586.723107473,46312.688233566005,113899.2790542848
2025-02-10,239157.31173283176,77586.723107473,47549.181297750794,114021.40732760797
2025-02-11,238215.89839195856,77586.723107473,47599.52087582974,113029.65440865583
2025-02-12,236979.25669704983,77586.723107473,48121.27635625866,111271.25723331817
2025-02-13,238748.80328002851,77586.723107473,49357.967122083995,111804.11305047153
2025-02-14,240384.87987363408,77586.723107473,50073.00343557075,112725.15333059034
2025-02-18,241669.5807659931,77586.723107473,53649.955560955685,110432.90209756442
2025-02-19,244088.73177402792,77586.723107473,53983.86175890523,112518.1469076497
2025-02-20,244102.97629830777,77586.723107473,54511.275600394234,112004.97759044054
2025-02-21,237556.72955334606,77586.723107473,49271.37205615174,110698.63438972132
2025-02-24,234512.7139597336,77586.723107473,46186.32000190497,110739.67085035564
2025-02-25,233654.51345392503,77586.723107473,45490.12151218415,110577.66883426788
2025-02-26,233243.74184993003,77586.723107473,44682.80728303827,110974.21145941876
2025-02-27,231970.05179681792,77586.723107473,43225.96328494069,111157.36540440423
2025-02-28,234120.34324994462,77586.723107473,45083.530539101805,111450.08960336982
2025-03-03,231968.2482019345,77586.723107473,44126.67734901828,110254.84774544323
2025-03-04,232788.81543587544,77586.723107473,44577.7090434283,110624.38328497414
2025-03-05,233800.673097293,77586.723107473,44748.28058714967,111465.66940267035
2025-03-06,231833.84367722296,77586.723107473,44447.287979690824,109799.83259005914
2025-03-07,233763.53917872382,77586.723107473,45058.93777519616,111117.87829605467
2025-03-10,233485.22654981562,77586.723107473,45866.27800702606,110032.22543531656
2025-03-11,234145.32558089623,77586.723107473,45873.555473367334,110685.0470000559
2025-03-12,235170.5994919414,77586.723107473,45270.9085927672,112312.9677917012
2025-03-13,234885.94310099154,77586.723107473,47016.6403995218,110282.57959399675
2025-03-14,234810.7752237462,77586.723107473,45625.27525802073,111598.77685825247
2025-03-17,235075.92115903285,77586.723107473,45245.472865502,112243.72518605785
2025-03-18,234510.87324620353,77586.723107473,45181.26024595683,111742.8898927737
2025-03-19,234887.42198787536,77586.723107473,45331.95050275931,111968.74837764306
2025-03-20,234835.17974690022,77586.723107473,45578.23453614139,111670.22210328584
2025-03-21,233436.83878201514,77586.723107473,44445.673459073645,111404.4422154685
2025-03-24,229958.93274436484,73685.84158193343,44445.673459073645,111827.41770335776
2025-03-25,229736.32334773394,73529.34197536483,44445.673459073645,111761.30791329546
2025-03-26,232508.4130363773,76233.89621707168,44445.673459073645,111828.84336023196
2025-03-27,234121.16629742982,77856.11507960013,44445.673459073645,111819.37775875605
2025-03-28,238098.1710371644,81863.16471885215,44445.673459073645,111789.33285923861
2025-03-31,237955.03715927212,81498.22055228241,44445.673459073645,112011.14314791607
2025-04-01,238003.59791803232,81089.43551778118,44445.673459073645,112468.4889411775
2025-04-02,237407.24291015172,80199.05837961356,44445.673459073645,112762.51107146451
2025-04-03,242452.6123049626,86786.70840625302,44445.673459073645,111220.23043963592
2025-04-04,233250.49995262816,80448.53940595384,44445.673459073645,108356.28708760068
2025-04-07,231842.50662707665,78625.14552787947,44445.673459073645,108771.68764012353
2025-04-08,234501.9510803694,80844.42983739288,44445.673459073645,109211.8477839029
2025-04-09,214992.7595141466,62191.624795531156,44445.673459073645,108355.4612595418
2025-04-10,228693.75556243293,75631.37752339081,44445.673459073645,108616.70457996847
2025-04-11,226908.91929857444,73902.86875180062,44445.673459073645,108560.37708770018
2025-04-14,227276.8277749141,73095.67854507873,44445.673459073645,109735.47577076172
2025-04-15,231275.82569019415,76461.39887968777,44445.673459073645,110368.75335143274
2025-04-16,230187.771562555,75474.57483866345,44445.673459073645,110267.5232648179
2025-04-17,237499.1629054692,82716.36256543128,44445.673459073645,110337.12688096426
2025-04-21,238669.89459929673,85076.52802974172,44445.673459073645,109147.69311048137
2025-04-22,238762.6063138683,81870.00554385921,44445.673459073645,112446.92731093545
2025-04-23,237655.90417532471,79135.2451560176,44445.673459073645,114074.98556023347
2025-04-24,234433.13972924103,76320.05051885732,44445.673459073645,113667.41575131007
2025-04-25,233966.92358704226,75526.07382523012,44445.673459073645,113995.17630273849
2025-04-28,235215.1087555968,75449.45993957482,44445.673459073645,115319.97535694833
2025-04-29,236223.50123248843,75510.56079692836,44445.673459073645,116267.26697648643
2025-04-30,235137.3194055938,75277.13862674497,44445.673459073645,115414.50731977518
2025-05-01,236578.920517119,76168.68784813536,44445.673459073645,115964.55920990999
2025-05-02,235774.4346823421,76703.86710441113,44445.673459073645,114624.89411885734
2025-05-05,234939.1524736624,76274.12552542961,44445.673459073645,114219.35348915914
2025-05-06,235521.62620764587,76164.79679065337,44445.673459073645,114911.15595791885
2025-05-07,235444.37307962042,75785.54011892201,44445.673459073645,115213.15950162476
2025-05-08,236227.00065652083,76680.07751460746,44445.673459073645,115101.24968283973
2025-05-09,235762.149328563,76966.32284564804,44445.673459073645,114350.15302384133
2025-05-12,238398.79013147193,81166.00762319937,44445.673459073645,112787.10904919892
2025-05-13,235244.27257644583,82684.25394679187,44445.673459073645,108114.34517058032
2025-05-14,233868.57136850653,82943.82184548536,44445.673459073645,106479.07606394752
2025-05-15,236399.22123432823,83652.85742222937,44445.673459073645,108300.69035302522
2025-05-16,238515.6482733033,84437.24615106639,44445.673459073645,109632.72866316326
2025-05-19,236816.57815182256,84437.24615106639,42543.14240558422,109836.18959517195
2025-05-20,237144.64930115058,84437.24615106639,42768.17816428514,109939.22498579905
2025-05-21,237536.00984447543,84437.24615106639,43131.11547549092,109967.64821791812
2025-05-22,237556.91818824352,84437.24615106639,43069.128649081686,110050.54338809545
2025-05-23,236151.58425507788,84437.24615106639,41955.125262496294,109759.2128415152
2025-05-27,234532.62572398758,84437.24615106639,39685.38681577938,110409.99275714182
2025-05-28,235231.71363995015,84437.24615106639,40360.89552194765,110433.57196693611
2025-05-29,234093.98748124915,84437.24615106639,39075.70502494869,110581.03630523407
2025-05-30,234507.60094055138,84437.24615106639,39060.23788055405,111010.11690893094
2025-06-02,233681.70727584313,84437.24615106639,38229.27635804948,111015.18476672727
2025-06-03,233337.2680227477,84437.24615106639,37701.658786507556,111198.36308517377
2025-06-04,233550.99973208283,84437.24615106639,37835.49395759648,111278.25962341996
2025-06-05,235392.6711767395,84437.24615106639,39549.011539218016,111406.4134864551
2025-06-06,234771.97998590174,84437.24615106639,38093.405885819695,112241.32794901566
2025-06-09,234904.07241670624,84437.24615106639,37942.76625655801,112524.06000908185
2025-06-10,234722.73703010147,84437.24615106639,37547.0093411135,112738.48153792159
2025-06-11,235108.7422863514,84437.24615106639,38297.75306225021,112373.7430730348
2025-06-12,234871.8914477214,84437.24615106639,39435.153740903945,110999.49155575107
2025-06-13,236337.53695128276,84437.24615106639,41933.88219475071,109966.40860546567
2025-06-16,236013.95781377866,84437.24615106639,41030.530366995605,110546.18129571667
2025-06-17,235067.8936519517,84437.24615106639,40535.33675571007,110095.31074517523
2025-06-18,235236.5511058356,84437.24615106639,41126.963949606405,109672.3410051628
2025-06-20,237009.09640564478,84437.24615106639,42447.580897538806,110124.2693570396
2025-06-23,233629.08233117382,82363.90138417017,41126.33943028422,110138.84151671943
2025-06-24,234010.9343560331,81151.8776029707,42650.545031628106,110208.5117214343
2025-06-25,235134.509245274,81391.29848224972,43434.47411096201,110308.73665206227
2025-06-26,233285.17718526023,80601.37505935109,42107.995911873644,110575.80621403549
2025-06-27,232571.6091753199,81150.7315323744,40790.69904158043,110630.17860136507
2025-06-30,233167.68799533416,81548.00582886348,40941.58446221473,110678.09770425595
2025-07-01,234165.82452369668,81438.60996409226,42030.32390386751,110696.8906557369
2025-07-02,233986.51640130882,81390.82328155776,41839.29794600932,110756.39517374174
2025-07-03,232647.98469704867,81515.68907344365,40325.02586148109,110807.26976212393
2025-07-07,233159.41174399434,81243.25722841313,41100.57773620379,110815.57677937741
2025-07-08,233701.26192483597,80885.4986103375,41906.12656996853,110909.63674452994
2025-07-09,233259.56440834352,80757.55369510269,41548.46409339155,110953.54661984928
2025-07-10,233355.65130350052,81132.12208795804,41254.174566378,110969.35464916448
2025-07-11,234147.68892631587,80817.07918722811,42277.65528901899,111052.95445006876
2025-07-14,231045.06880178,80345.49774597469,39672.058926184895,111027.51212962042
2025-07-15,230583.89077563665,79245.00717987143,40121.33274074888,111217.55085501634
2025-07-16,230418.0442657799,79347.03453037725,39989.44649945875,111081.5632359439
2025-07-17,229912.6093834755,79542.96680804691,39661.783809741726,110707.85876568686
2025-07-18,225092.66846088588,79584.26240687561,34992.2698292936,110516.13622471667
2025-07-21,225441.303063788,79584.26240687561,34385.38342614658,111471.65723076579
2025-07-22,224588.83695837506,79584.26240687561,34075.02754658554,110929.54700491391
2025-07-23,224138.37766869203,79584.26240687561,34042.77571536577,110511.33954645065
2025-07-24,222546.97601870878,79584.26240687561,32867.577035626746,110095.13657620642
2025-07-25,222803.61446891935,79584.26240687561,32573.446502648294,110645.90555939544
2025-07-28,223989.55289009225,79584.26240687561,32342.20758655423,112063.08289666241
2025-07-29,225056.01007491478,79584.26240687561,33594.41460766143,111877.33306037774
2025-07-30,225299.1601938823,79584.26240687561,33374.0629183721,112340.83486863459
2025-07-31,225522.0889583124,79584.26240687561,34429.04846387508,111508.77808756172
2025-08-01,222175.4348979931,79584.26240687561,31746.78212355997,110844.39036755753
2025-08-04,222044.2669002841,79584.26240687561,31393.060457492364,111066.94403591612
2025-08-05,221867.15574560477,79584.26240687561,31259.091948536457,111023.8013901927
2025-08-06,222173.8745724064,79584.26240687561,31631.442147651338,110958.17001787946
2025-08-07,220688.39209134737,79584.26240687561,32718.40062142443,108385.72906304733
2025-08-08,221095.15856983885,79584.26240687561,34101.83514872915,107409.06101423409
2025-08-11,220934.60335946106,79584.26240687561,33009.637473070994,108340.70347951446
2025-08-12,221845.36169073312,79584.26240687561,33942.76230284502,108318.33698101249
2025-08-13,222660.17868590564,79584.26240687561,33038.45127723762,110037.46500179241
2025-08-14,222560.59385294945,79584.26240687561,32797.608970948844,110178.72247512499
2025-08-15,218217.97245485452,79584.26240687561,28325.718385687564,110307.99166229134
2025-08-18,217592.2715298141,79584.26240687561,27393.388748829137,110614.62037410936
2025-08-19,217961.55676048214,79584.26240687561,27692.18388252135,110685.11047108518
2025-08-20,216849.72815977177,79584.26240687561,26270.98732319288,110994.47842970327
2025-08-21,216149.51846542675,79584.26240687561,25342.697063453263,111222.55899509788
2025-08-22,217377.2330060281,79584.26240687561,26393.148442006554,111399.82215714594
2025-08-25,217437.3293170135,79584.26240687561,26236.77264591749,111616.2942642204
2025-08-26,217834.80757525063,79584.26240687561,26365.373976397444,111885.17119197757
2025-08-27,217245.47472861747,79584.26240687561,25611.089004231966,112050.12331750989
2025-08-28,217180.00189180288,79584.26240687561,25076.240289962734,112519.49919496453
2025-08-29,217518.2957313949,79584.26240687561,25536.10491198406,112397.92841253523
2025-09-02,216621.02884953178,79584.26240687561,24397.84560785198,112638.92083480419
2025-09-03,217768.41889822634,79584.26240687561,25845.156082531787,112339.00040881895
2025-09-04,218286.33227693324,79584.26240687561,25947.809495037538,112754.2603750201
2025-09-05,219333.4865730201,79584.26240687561,27656.18918694055,112093.03497920395
2025-09-08,218469.45072213165,79584.26240687561,26999.831158693414,111885.35715656262
2025-09-09,219928.65728980256,79584.26240687561,27795.958320597885,112548.43656232907
2025-09-10,221154.53026855388,79584.26240687561,34539.00499883294,107031.26286284532
2025-09-11,220595.08458275,79584.26240687561,32388.02948887553,108622.79268699884
2025-09-12,221982.3239043546,79584.26240687561,32995.426254226826,109402.63524325215
2025-09-15,220635.97846547083,79584.26240687561,32521.152154509327,108530.5639040859
2025-09-16,220930.34686973318,79584.26240687561,32539.848618978867,108806.2358438787
2025-09-17,223227.86025886564,79584.26240687561,34241.060744328424,109402.5371076616
2025-09-18,228794.21240117156,79584.26240687561,38512.912788957474,110697.03720533848
2025-09-19,226684.93017080263,79584.26240687561,35986.78076322423,111113.88700070279
2025-09-22,225564.97105093626,79584.26240687561,34966.598227764014,111014.11041629664
2025-09-23,226339.52641011518,79584.26240687561,35514.57150971959,111240.69249351998
2025-09-24,227399.1311957233,79584.26240687561,36177.70021489565,111637.16857395205
2025-09-25,229139.23566093156,79584.26240687561,37726.378939498914,111828.59431455703
2025-09-26,229720.4889366054,79584.26240687561,38095.45159461163,112040.77493511816
2025-09-29,229994.8830322784,79584.26240687561,38271.95354360412,112138.66708179866
2025-09-30,230239.11052098672,79584.26240687561,38544.85054968216,112109.99756442895
2025-10-01,232303.39588910667,79584.26240687561,40754.414049896644,111964.71943233442
2025-10-02,232326.11310442735,79584.26240687561,40773.947795711574,111967.90290184016
2025-10-03,232771.69070618704,79584.26240687561,41199.26380031591,111988.16449899552
2025-10-06,235148.79271471326,79584.26240687561,43667.4583734147,111897.07193442294
2025-10-07,235546.74011543288,79584.26240687561,43957.46570312756,112005.01200542971
2025-10-08,238012.83734481467,79584.26240687561,46804.5828498475,111623.99208809156
2025-10-09,238057.52011155116,79584.26240687561,46577.69004155381,111895.56766312174
2025-10-10,232117.26404786576,79584.26240687561,40856.064999446506,111676.93664154364
2025-10-13,230922.7805538047,79584.26240687561,39573.45892257639,111765.0592243527
2025-10-14,230706.97950454673,79584.26240687561,38975.17215634475,112147.54494132637
2025-10-15,231082.80049096677,79584.26240687561,39330.121235495666,112168.41684859549
2025-10-16,230224.8223349261,79584.26240687561,39309.148068218026,111331.41185983247
2025-10-17,229899.51601138653,79584.26240687561,39000.680469930754,111314.57313458016
2025-10-20,232259.74315012747,79584.26240687561,39000.680469930754,113674.8002733211
2025-10-21,232920.02039067086,79584.26240687561,39000.680469930754,114335.0775138645
2025-10-22,232662.58081201895,79584.26240687561,39000.680469930754,114077.63793521258
2025-10-23,233809.5689614782,79584.26240687561,39000.680469930754,115224.62608467182
2025-10-24,234449.9127629447,79584.26240687561,39000.680469930754,115864.96988613834
2025-10-27,234622.82096978638,79584.26240687561,39000.680469930754,116037.87809298001
2025-10-28,236012.95511163573,79584.26240687561,39000.680469930754,117428.01223482937
2025-10-29,234859.1239046451,79584.26240687561,39000.680469930754,116274.18102783873
2025-10-30,235292.94007882348,79584.26240687561,39000.680469930754,116707.99720201711
2025-10-31,235294.29354243015,79584.26240687561,39000.680469930754,116709.35066562379
2025-11-03,234603.579023776,79584.26240687561,39000.680469930754,116018.63614696963
2025-11-04,237767.0436484298,79584.26240687561,39000.680469930754,119182.10077162343
2025-11-05,237214.60540513427,79584.26240687561,39000.680469930754,118629.6625283279
2025-11-06,235825.35595350328,79584.26240687561,39000.680469930754,117240.41307669692
2025-11-07,237508.9225940128,79584.26240687561,39000.680469930754,118923.97971720644
2025-11-10,236159.21989315527,79584.26240687561,39000.680469930754,117574.2770163489
2025-11-11,236634.97483829514,79584.26240687561,39000.680469930754,118050.03196148877
2025-11-12,236749.7492472214,79584.26240687561,39000.680469930754,118164.80637041503
2025-11-13,237765.87925369304,79584.26240687561,39000.680469930754,119180.93637688668
2025-11-14,239330.91995110863,79584.26240687561,39000.680469930754,120745.97707430227
2025-11-17,238852.82485919434,79584.26240687561,39000.680469930754,120267.88198238797
2025-11-18,237308.14442793245,79584.26240687561,39000.680469930754,118723.20155112608
2025-11-19,236752.83314834943,79584.26240687561,39000.680469930754,118167.89027154306
2025-11-20,233681.36154414213,79584.26240687561,39000.680469930754,115096.41866733576
2025-11-21,233698.16499132838,79584.26240687561,39000.680469930754,115113.22211452201
2025-11-24,234003.7690574407,79584.26240687561,39000.680469930754,115418.82618063432
2025-11-25,233926.63196014182,79584.26240687561,39000.680469930754,115341.68908333546
2025-11-26,233846.9902902596,79584.26240687561,39000.680469930754,115262.04741345323
2025-11-28,233642.136241882,79584.26240687561,39000.680469930754,115057.19336507563
2025-12-01,234221.57030784583,79584.26240687561,39000.680469930754,115636.62743103947
2025-12-02,234261.3220976902,79584.26240687561,39000.680469930754,115676.37922088383
2025-12-03,234255.25305647834,79584.26240687561,39000.680469930754,115670.31017967197
2025-12-04,234566.7803115087,79584.26240687561,39000.680469930754,115981.83743470232
2025-12-05,233465.1664328744,79584.26240687561,39000.680469930754,114880.22355606803
2025-12-08,233061.6433055204,79584.26240687561,39000.680469930754,114476.70042871404
2025-12-09,232647.9057545463,79584.26240687561,39000.680469930754,114062.96287773992
2025-12-10,232024.6268368516,79584.26240687561,39000.680469930754,113439.68396004522
2025-12-11,233444.55894386058,79584.26240687561,39000.680469930754,114859.61606705422
2025-12-12,234817.22700720595,79584.26240687561,39000.680469930754,116232.28413039958
2025-12-15,235361.4559304443,79584.26240687561,39000.680469930754,116776.51305363793
2025-12-16,235959.89894771308,79584.26240687561,39000.680469930754,117374.95607090672
2025-12-17,235238.49356966408,79584.26240687561,39000.680469930754,116653.55069285771
2025-12-18,234532.26116556174,79584.26240687561,39000.680469930754,115947.31828875537
2025-12-19,234659.6423501306,79584.26240687561,39000.680469930754,116074.69947332423
2025-12-22,233854.11458752071,79584.26240687561,38172.384808159666,116097.46737248544
2025-12-23,231986.83871440846,79584.26240687561,36296.10339642526,116106.47291110759
2025-12-24,231978.74212327518,79584.26240687561,36275.77346587519,116118.70625052438
2025-12-26,231673.28472627094,79584.26240687561,35926.30916805891,116162.71315133641
2025-12-29,232921.03528999363,79584.26240687561,37170.03052823141,116166.7423548866
2025-12-30,232798.0304024577,79584.26240687561,37055.782632942195,116157.98536263988
2025-12-31,232497.28203908238,79584.26240687561,36748.04037360102,116164.97925860574
2026-01-02,234922.97731903044,79584.26240687561,39178.1287031126,116160.58620904223
2026-01-05,234938.41709738632,79584.26240687561,39156.31859678973,116197.83609372098
2026-01-06,235986.86748852744,79584.26240687561,40162.95938621811,116239.64569543372
2026-01-07,236917.61635723582,79584.26240687561,41101.99732101092,116231.35662934929
2026-01-08,236727.76169392187,79584.26240687561,40913.243201273726,116230.25608577253
2026-01-09,238075.28898806171,79584.26240687561,42234.19901173306,116256.82756945305
2026-01-12,237414.89769691136,79584.26240687561,41581.49070663075,116249.144583405
2026-01-13,242283.3873547339,79584.26240687561,46433.64925421076,116265.47569364752
2026-01-14,242967.21605232405,79584.26240687561,47054.914632023545,116328.03901342489
2026-01-15,244168.3346342526,79584.26240687561,48346.50282368041,116237.56940369657
2026-01-16,243837.15287714778,79584.26240687561,48056.78398892027,116196.10648135189
2026-01-20,243084.19403013762,79584.26240687561,47871.64223402587,115628.28938923613
2026-01-21,246385.1790556414,79584.26240687561,49539.56660437118,117261.35004439461
2026-01-22,246643.2324441946,79584.26240687561,50040.874646334676,117018.09539098432
2026-01-23,245001.5209147376,79584.26240687561,48149.19635903044,117268.06214883155
2026-01-26,243075.47214015585,79584.26240687561,45603.95703243988,117887.25270084036
2026-01-27,244848.2731181127,79584.26240687561,47619.35684506013,117644.65386617696
2026-01-28,245000.59624562552,79584.26240687561,48341.7283342029,117074.60550454701
2026-01-29,245249.8804982528,79584.26240687561,50073.060747738695,115592.5573436385
2026-01-30,244533.01814679406,79584.26240687561,49369.27707621991,115579.47866369854
2026-02-02,246162.60637874133,79584.26240687561,50170.23341458477,116408.11055728095
2026-02-03,243457.6285301575,79584.26240687561,51169.23294377141,112704.13317951048
2026-02-04,243277.14900563122,79584.26240687561,53646.067111688666,110046.81948706694
2026-02-05,238177.71901721973,79584.26240687561,51738.25632688799,106855.20028345613
2026-02-06,242779.42417889903,79584.26240687561,54527.38719676109,108667.77457526233
2026-02-09,244149.5433469317,79584.26240687561,53838.970126730856,110726.31081332522
2026-02-10,245004.802763385,79584.26240687561,53989.69696633471,111430.84339017468
2026-02-11,241165.34996186942,79584.26240687561,54448.03440021863,107133.05315477517
2026-02-12,237616.0924795519,79584.26240687561,53719.713391798316,104312.11668087798
2026-02-13,238836.91571967793,79584.26240687561,53994.46721760137,105258.18609520094
2026-02-17,237634.61351007782,79584.26240687561,51629.65257734875,106420.69852585346
2026-02-18,239543.53942915937,79584.26240687561,51594.207687389804,108365.06933489395
2026-02-19,238230.82666167407,79584.26240687561,51304.266054031905,107342.29820076656
2026-02-20,238630.9463682787,79584.26240687561,51348.51056872122,107698.17339268187
2026-02-23,238448.22010539006,79584.26240687561,51348.51056872122,107515.44712979323
2026-02-24,238744.2275546142,79584.26240687561,51348.51056872122,107811.45457901736
2026-02-25,238764.94248833414,79584.26240687561,51348.51056872122,107832.16951273731
2026-02-26,239434.4931239502,79584.26240687561,51348.51056872122,108501.72014835337
2026-02-27,239607.6128288426,79584.26240687561,51348.51056872122,108674.83985324576
2026-03-02,239671.71960893157,79584.26240687561,51348.51056872122,108738.94663333474
2026-03-03,239777.0546261873,79584.26240687561,51348.51056872122,108844.28165059048
2026-03-04,240249.86546065588,79584.26240687561,51348.51056872122,109317.09248505905
2026-03-05,239681.75558359595,79584.26240687561,51348.51056872122,108748.98260799912
2026-03-06,239433.5455167417,79584.26240687561,51348.51056872122,108500.77254114486
2026-03-09,239963.47635042318,79584.26240687561,51348.51056872122,109030.70337482635
2026-03-10,240448.20343585638,79584.26240687561,51348.51056872122,109515.43046025955
2026-03-11,239951.15710909246,79584.26240687561,51348.51056872122,109018.38413349562
2026-03-12,239954.99496058328,79584.26240687561,51348.51056872122,109022.22198498645
2026-03-13,240505.7297488849,79584.26240687561,51348.51056872122,109572.95677328808
2026-03-16,240881.89870000817,79584.26240687561,51348.51056872122,109949.12572441134
2026-03-17,240866.46923013963,79584.26240687561,51348.51056872122,109933.6962545428
2026-03-18,240056.4885990785,79584.26240687561,51348.51056872122,109123.71562348166
2026-03-19,240529.25184873026,79584.26240687561,51348.51056872122,109596.47887313343
2026-03-20,240454.89220389165,79584.26240687561,51348.51056872122,109522.11922829482
2026-03-23,237746.78259646683,76719.6699427464,51348.51056872122,109678.6020849992
2026-03-24,239879.06107895123,79005.50149343838,51348.51056872122,109525.04901679163
2026-03-25,240174.8563795546,79240.0396327679,51348.51056872122,109586.30617806548
2026-03-26,244598.60756196128,83598.74356051139,51348.51056872122,109651.35343272868
2026-03-27,246896.1131067276,86033.70868076966,51348.51056872122,109513.89385723672
2026-03-30,249133.9944728224,88062.54869701993,51348.51056872122,109722.93520708126
2026-03-31,249291.3895332371,88254.09841254167,51348.51056872122,109688.7805519742
2026-04-01,248718.41888794047,87638.55448924867,51348.51056872122,109731.35382997058
2026-04-02,249346.79066159273,88339.23615829344,51348.51056872122,109659.04393457808
2026-04-06,248220.27140143723,87197.5410740003,51348.51056872122,109674.21975871571
2026-04-07,247496.51061794301,86498.87885957956,51348.51056872122,109649.12118964223
2026-04-08,250066.3927507305,89244.85855822684,51348.51056872122,109473.02362378244
2026-04-09,251421.15376157244,91010.67773798713,51348.51056872122,109061.96545486408
2026-04-10,251377.025817642,91316.02274281927,51348.51056872122,108712.4925061015
2026-04-13,249946.83195017814,89507.36816896452,51348.51056872122,109090.9532124924
2026-04-14,250832.95983804902,90741.08867058274,51348.51056872122,108743.36059874506
2026-04-15,253558.5000781205,93299.26872663433,51348.51056872122,108910.72078276495
2026-04-16,253680.63277333975,93256.2902599976,51348.51056872122,109075.83194462094
2026-04-17,257095.1899574101,95574.3769119347,51348.51056872122,110172.30247675418
2026-04-20,255447.58987894654,95574.3769119347,49578.335372740636,110294.87759427121
2026-04-21,256882.2719772607,95574.3769119347,51445.08980164374,109862.80526368227
2026-04-22,261659.36555813067,95574.3769119347,56148.34519686643,109936.64344932954
2026-04-23,257930.6618220869,95574.3769119347,53982.27556376718,108374.00934638502
2026-04-24,261961.95491062757,95574.3769119347,58228.09424835234,108159.48375034053
2026-04-27,263342.8010201382,95574.3769119347,58127.19650829234,109641.22759991116
2026-04-28,264538.77342244703,95574.3769119347,57540.61408778955,111423.78242272278
2026-04-29,265692.861611414,95574.3769119347,59183.5008820612,110934.9838174181
2026-04-30,265973.77125548664,95574.3769119347,59959.49320374313,110439.90113980882
2026-05-01,265050.79421614204,95574.3769119347,59810.84485464613,109665.57244956121
2026-05-04,265007.0158780813,95574.3769119347,59031.23947506817,110401.39949107845
2026-05-05,265643.89320099517,95574.3769119347,61067.44119860465,109002.07509045582
2026-05-06,263416.9010472612,95574.3769119347,59846.31701259897,107996.20712272753
2026-05-07,264447.8396482258,95574.3769119347,59880.523663975066,108992.93907231605
2026-05-08,263215.4982427221,95574.3769119347,61746.03296044725,105895.08837034018
2026-05-11,257882.12967107445,95574.3769119347,60987.542846509954,101320.2099126298
2026-05-12,262445.19698231155,95574.3769119347,61333.69405367179,105537.12601670506
2026-05-13,258794.84636925417,95574.3769119347,61249.96255579637,101970.5069015231
2026-05-14,259362.03123789746,95574.3769119347,60300.92011355865,103486.73421240412
2026-05-15,258725.30048280978,95574.3769119347,58535.53086265875,104615.39270821633
2026-05-18,257497.23934384738,95574.3769119347,57101.31121731992,104821.55121459276
2026-05-19,258047.081163008,95574.3769119347,57283.07416291442,105189.63008815888
2026-05-20,258611.94254032988,95574.3769119347,57960.651799232466,105076.91382916272
2026-05-21,257915.1544552378,95574.3769119347,56812.92032827297,105527.85721503012
2026-05-22,256663.98709122417,95574.3769119347,56421.79293039441,104667.81724889507
2026-05-26,258360.0561869049,95574.3769119347,57887.27085321024,104898.40842175996
2026-05-27,260433.67680734303,95574.3769119347,59558.02076173946,105301.27913366887
2026-05-28,260731.93260790315,95574.3769119347,59813.16833967925,105344.3873562892
2026-05-29,259608.92121063243,95574.3769119347,64044.11397833261,99990.43032036512
2026-06-01,260181.46049859468,95574.3769119347,68373.95753440168,96233.1260522583
2026-06-02,262507.25764820026,95574.3769119347,68993.02087947866,97939.8598567869
2026-06-03,265956.94081947394,95574.3769119347,70522.03834992088,99860.52555761836
2026-06-04,267246.43670091545,95574.3769119347,71040.58519573021,100631.47459325055
2026-06-05,265318.23204134405,95574.3769119347,68170.58767254534,101573.267456864
2026-06-08,264231.1384334883,95574.3769119347,66164.71709370404,102492.04442784959
2026-06-09,264335.71940607764,95574.3769119347,65675.14693713607,103086.19555700687
2026-06-10,264284.39962410857,95574.3769119347,66102.50151274982,102607.52119942405
2026-06-11,266339.6613990641,95574.3769119347,68424.01890023076,102341.26558689866
2026-06-12,267632.5125895778,95574.3769119347,69676.40130203892,102381.7343756042
2026-06-15,268655.07774107624,95574.3769119347,70029.74965622369,103050.95117291785
2026-06-16,267664.7719093419,95574.3769119347,69381.70931826881,102708.6856791384
2026-06-17,261892.00004586135,95574.3769119347,64403.71138058673,101913.91175333993
2026-06-18,265708.85738531896,95574.3769119347,67986.06578947324,102148.41468391102
2026-06-22,265371.9189306258,95574.3769119347,67649.01531294268,102148.5267057484
2026-06-23,263553.56131083425,95574.3769119347,65983.53838300006,101995.64601589949
2026-06-24,262482.5679115383,95574.3769119347,65189.41493252409,101718.77606707951
2026-06-25,263731.0785818517,95574.3769119347,66423.56993032433,101733.13173959265
2026-06-26,265556.76895540534,95574.3769119347,68616.0076675273,101366.38437594334
2026-06-29,266306.50804527197,95574.3769119347,68750.93456071476,101981.19657262252
2026-06-30,268115.00831551896,95574.3769119347,70149.29473210801,102391.33667147625
2026-07-01,268813.2908521064,95574.3769119347,71077.08430029638,102161.82963987533
2026-07-02,267631.62699877564,95574.3769119347,70481.36244898266,101575.88763785828
2026-07-06,268033.2986921633,95574.3769119347,70236.12143364386,102222.80034658476
2026-07-07,267698.0332040442,95574.3769119347,70419.0535772331,101704.60271487641
2026-07-08,267211.25869531604,95574.3769119347,69559.92437557993,102076.95740780141
2026-07-09,267956.2944986026,95574.3769119347,69804.13320151018,102577.78438515775
2026-07-10,268932.11106954445,95574.3769119347,70420.68482051254,102937.04933709721
2026-07-13,268214.3273875003,95574.3769119347,69958.70984287816,102681.24063268746
2026-07-14,269469.4228188456,95574.3769119347,70264.74133890937,103630.30456800153
2026-07-15,271147.851078768,95574.3769119347,70619.25403256994,104954.22013426339
2026-07-16,269334.76206490723,95574.3769119347,69109.1301930875,104651.25495988503
2026-07-17,268137.94520420674,95574.3769119347,68769.3592559169,103794.20903635514
2026-07-20,267895.86064173956,95574.3769119347,67560.9570423949,104760.52668740996
2026-07-21,271230.4032118076,95574.3769119347,71149.60098970425,104506.42531016865
2026-07-22,269886.7720032474,95574.3769119347,68424.84974468267,105887.54534663004
2026-07-23,268801.0025846199,95574.3769119347,66690.99720103247,106535.62847165274
2026-07-24,265354.85886605503,95574.3769119347,60903.46497899364,108877.0169751267
2026-07-27,267168.338937809,95574.3769119347,60796.59114329307,110797.37088258122
2026-07-28,269153.84470729576,95574.3769119347,63327.25972307939,110252.20807228168
2026-07-29,270728.9805730323,95574.3769119347,64980.094098091824,110174.50956300576
2026-07-30,268788.2789848894,95574.3769119347,61154.22961292905,112059.67246002564
2026-07-31,272793.0831703404,95574.3769119347,64328.2200974545,112890.4861609512
2026-08-03,272677.0648927477,95574.3769119347,63603.70496210386,113498.98301870911
2026-08-04,268814.3791572361,95574.3769119347,60748.46520000673,112491.53704529465
2026-08-05,269728.00310957455,95574.3769119347,59009.16780993901,115144.45838770084
2026-08-06,269980.6684892995,95574.3769119347,58979.58021788625,115426.71135947853
2026-08-07,270621.92900488805,95574.3769119347,59511.97695591231,115535.57513704104
2026-08-10,269491.29788727965,95574.3769119347,59059.912971725455,114857.0080036195
2026-08-11,268778.5479047119,95574.3769119347,58862.22022807924,114341.95076469798
2026-08-12,268648.9852931695,95574.3769119347,58904.26976689487,114170.33861433994
2026-08-13,270147.6468490225,95574.3769119347,58466.81947370083,116106.45046338695
2026-08-14,271169.9193353285,95574.3769119347,59183.78910121648,116411.75332217733
2026-08-17,269206.7333113123,95574.3769119347,58539.14640898304,115093.20999039453
2026-08-18,271051.4216154914,95574.3769119347,58674.929880571784,116802.1148229849
2026-08-19,269800.4564831075,95574.3769119347,60582.97773898579,113643.10183218704
2026-08-20,272185.1122515525,95574.3769119347,60299.56202980294,116311.17330981488
2026-08-21,271682.1787155168,95574.3769119347,61819.035279317526,114288.76652426459
2026-08-24,270412.98838835815,95574.3769119347,60496.622056778986,114341.98941964447
2026-08-25,269850.2674278342,95574.3769119347,59921.51464428916,114354.37587161036
2026-08-26,269618.7826438835,95574.3769119347,59695.494907206856,114348.91082474194
2026-08-27,271234.1668977826,95574.3769119347,61343.94259120617,114315.84739464172
2026-08-28,271719.98243484297,95574.3769119347,61612.08071313496,114533.52480977331
2026-08-31,271319.674209764,95574.3769119347,61197.530480920104,114547.76681690919
2026-09-01,271438.99884122866,95574.3769119347,61187.1251303812,114677.49679891276
2026-09-02,272156.2550520536,95574.3769119347,61773.700161097106,114808.1779790218
2026-09-03,272162.8578741865,95574.3769119347,61515.45071899262,115073.03024325916
2026-09-04,273724.6624532258,95574.3769119347,63025.422484706854,115124.86305658426
2026-09-08,273211.15010993346,95574.3769119347,62313.04864755855,115323.72455044021
2026-09-09,272522.78931210283,95574.3769119347,61550.94225079194,115397.4701493762
2026-09-10,270632.7323304245,95574.3769119347,59541.29673464317,115517.05868384661
2026-09-11,271825.1476758304,95574.3769119347,60827.29337573936,115423.47738815635
2026-09-14,272549.07754214224,95574.3769119347,61530.977878340986,115443.72275186656
2026-09-15,272280.1050338519,95574.3769119347,61358.05266504106,115347.67545687617
2026-09-16,272365.703697796,95574.3769119347,61401.97826630273,115389.34851955855
2026-09-17,274712.78199405083,95574.3769119347,63540.845612185076,115597.55946993106
2026-09-18,275250.2022248092,95574.3769119347,63532.57799672568,116143.24731614883
2026-09-21,276096.96392242727,95574.3769119347,64322.45930685592,116200.12770363665
2026-09-22,278501.5221118238,95574.3769119347,66715.95809807279,116211.1871018163
2026-09-23,279369.26652117725,95574.3769119347,67562.89693126176,116231.9926779808
2026-09-24,280755.3412337352,95574.3769119347,68931.76964867604,116249.19467312447
2026-09-25,277501.86998211755,95574.3769119347,65643.91368283983,116283.57938734302
2026-09-28,275574.7779489702,95574.3769119347,63625.03543983493,116375.36559720058
2026-09-29,274912.15044676163,95574.3769119347,62922.20664031198,116415.56689451495
2026-09-30,274024.1453079351,95574.3769119347,62050.500882592285,116399.2675134081
2026-10-01,274578.68518252834,95574.3769119347,62598.36128376983,116405.94698682381
2026-10-02,276453.94147618883,95574.3769119347,64298.588286293205,116580.97627796093
